t,r1,r2,y1,y2,u1,u2,h1,h2,h3,h4
0,7,7,7,7,6.27535485569222,7.01752558584853,14,14,14.7903847353393,10.6541925826856
0.1,7,7,7,7,6.27535485569222,7.01752558584853,14,14,14.7903847353393,10.6541925826856
0.2,7,7,7,7,6.27535485569222,7.01752558584853,14,14,14.7903847353393,10.6541925826856
0.3,7,7,7,7,6.27535485569222,7.01752558584853,14,14,14.7903847353393,10.6541925826856
0.4,7,7,7,7,6.27535485569222,7.01752558584853,14,14,14.7903847353393,10.6541925826856
0.5,7,7,7,7,6.27535485569222,7.01752558584853,14,14,14.7903847353393,10.6541925826856
0.6,7,7,7,7,6.27535485569222,7.01752558584853,14,14,14.7903847353393,10.6541925826856
0.7,7,7,7,7,6.27535485569222,7.01752558584853,14,14,14.7903847353393,10.6541925826856
0.8,7,7,7,7,6.27535485569222,7.01752558584853,14,14,14.7903847353393,10.6541925826856
0.9,7,7,7,7,6.27535485569222,7.01752558584853,14,14,14.7903847353393,10.6541925826856
1,7,7,7,7,6.27535485569222,7.01752558584853,14,14,14.7903847353393,10.6541925826856
1.1,7,7,7,7,6.27535485569222,7.01752558584853,14,14,14.7903847353393,10.6541925826856
1.2,7,7,7,7,6.27535485569222,7.01752558584853,14,14,14.7903847353393,10.6541925826856
1.3,7,7,7,7,6.27535485569222,7.01752558584853,14,14,14.7903847353393,10.6541925826856
1.4,7,7,7,7,6.27535485569222,7.01752558584853,14,14,14.7903847353393,10.6541925826856
1.5,7,7,7,7,6.27535485569222,7.01752558584853,14,14,14.7903847353393,10.6541925826856
1.6,7,7,7,7,6.27535485569222,7.01752558584853,14,14,14.7903847353393,10.6541925826856
1.7,7,7,7,7,6.27535485569222,7.01752558584853,14,14,14.7903847353393,10.6541925826856
1.8,7,7,7,7,6.27535485569222,7.01752558584853,14,14,14.7903847353393,10.6541925826856
1.9,7,7,7,7,6.27535485569222,7.01752558584853,14,14,14.7903847353393,10.6541925826856
2,7,7,7,7,6.27535485569222,7.01752558584853,14,14,14.7903847353393,10.6541925826856
2.1,7,7,7,7,6.27535485569222,7.01752558584853,14,14,14.7903847353393,10.6541925826856
2.2,7,7,7,7,6.27535485569222,7.01752558584853,14,14,14.7903847353393,10.6541925826856
2.3,7,7,7,7,6.27535485569222,7.01752558584853,14,14,14.7903847353393,10.6541925826856
2.4,7,7,7,7,6.27535485569222,7.01752558584853,14,14,14.7903847353393,10.6541925826856
2.5,7,7,7,7,6.27535485569222,7.01752558584853,14,14,14.7903847353393,10.6541925826856
2.6,7,7,7,7,6.27535485569222,7.01752558584853,14,14,14.7903847353393,10.6541925826856
2.7,7,7,7,7,6.27535485569222,7.01752558584853,14,14,14.7903847353393,10.6541925826856
2.8,7,7,7,7,6.27535485569222,7.01752558584853,14,14,14.7903847353393,10.6541925826856
2.9,7,7,7,7,6.27535485569222,7.01752558584853,14,14,14.7903847353393,10.6541925826856
3,7,7,7,7,6.27535485569222,7.01752558584853,14,14,14.7903847353393,10.6541925826856
3.1,7,7,7,7,6.27535485569222,7.01752558584853,14,14,14.7903847353393,10.6541925826856
3.2,7,7,7,7,6.27535485569222,7.01752558584853,14,14,14.7903847353393,10.6541925826856
3.3,7,7,7,7,6.27535485569222,7.01752558584853,14,14,14.7903847353393,10.6541925826856
3.4,7,7,7,7,6.27535485569222,7.01752558584853,14,14,14.7903847353393,10.6541925826856
3.5,7,7,7,7,6.27535485569222,7.01752558584853,14,14,14.7903847353393,10.6541925826856
3.6,7,7,7,7,6.27535485569222,7.01752558584853,14,14,14.7903847353393,10.6541925826856
3.7,7,7,7,7,6.27535485569222,7.01752558584853,14,14,14.7903847353393,10.6541925826856
3.8,7,7,7,7,6.27535485569222,7.01752558584853,14,14,14.7903847353393,10.6541925826856
3.9,7,7,7,7,6.27535485569222,7.01752558584853,14,14,14.7903847353393,10.6541925826856
4,7,7,7,7,6.27535485569222,7.01752558584853,14,14,14.7903847353393,10.6541925826856
4.1,7,7,7,7,6.27535485569222,7.01752558584853,14,14,14.7903847353393,10.6541925826856
4.2,7,7,7,7,6.27535485569222,7.01752558584853,14,14,14.7903847353393,10.6541925826856
4.3,7,7,7,7,6.27535485569222,7.01752558584853,14,14,14.7903847353393,10.6541925826856
4.4,7,7,7,7,6.27535485569222,7.01752558584853,14,14,14.7903847353393,10.6541925826856
4.5,7,7,7,7,6.27535485569222,7.01752558584853,14,14,14.7903847353393,10.6541925826856
4.6,7,7,7,7,6.27535485569222,7.01752558584853,14,14,14.7903847353393,10.6541925826856
4.7,7,7,7,7,6.27535485569222,7.01752558584853,14,14,14.7903847353393,10.6541925826856
4.8,7,7,7,7,6.27535485569222,7.01752558584853,14,14,14.7903847353393,10.6541925826856
4.9,7,7,7,7,6.27535485569222,7.01752558584853,14,14,14.7903847353393,10.6541925826856
5,7,7,7,7,6.27535485569222,7.01752558584853,14,14,14.7903847353393,10.6541925826856
5.1,7,7,7,7,6.27535485569222,7.01752558584853,14,14,14.7903847353393,10.6541925826856
5.2,7,7,7,7,6.27535485569222,7.01752558584853,14,14,14.7903847353393,10.6541925826856
5.3,7,7,7,7,6.27535485569222,7.01752558584853,14,14,14.7903847353393,10.6541925826856
5.4,7,7,7,7,6.27535485569222,7.01752558584853,14,14,14.7903847353393,10.6541925826856
5.5,7,7,7,7,6.27535485569222,7.01752558584853,14,14,14.7903847353393,10.6541925826856
5.6,7,7,7,7,6.27535485569222,7.01752558584853,14,14,14.7903847353393,10.6541925826856
5.7,7,7,7,7,6.27535485569222,7.01752558584853,14,14,14.7903847353393,10.6541925826856
5.8,7,7,7,7,6.27535485569222,7.01752558584853,14,14,14.7903847353393,10.6541925826856
5.9,7,7,7,7,6.27535485569222,7.01752558584853,14,14,14.7903847353393,10.6541925826856
6,7,7,7,7,6.27535485569222,7.01752558584853,14,14,14.7903847353393,10.6541925826856
6.1,7,7,7,7,6.27535485569222,7.01752558584853,14,14,14.7903847353393,10.6541925826856
6.2,7,7,7,7,6.27535485569222,7.01752558584853,14,14,14.7903847353393,10.6541925826856
6.3,7,7,7,7,6.27535485569222,7.01752558584853,14,14,14.7903847353393,10.6541925826856
6.4,7,7,7,7,6.27535485569222,7.01752558584853,14,14,14.7903847353393,10.6541925826856
6.5,7,7,7,7,6.27535485569222,7.01752558584853,14,14,14.7903847353393,10.6541925826856
6.6,7,7,7,7,6.27535485569222,7.01752558584853,14,14,14.7903847353393,10.6541925826856
6.7,7,7,7,7,6.27535485569222,7.01752558584853,14,14,14.7903847353393,10.6541925826856
6.8,7,7,7,7,6.27535485569222,7.01752558584853,14,14,14.7903847353393,10.6541925826856
6.9,7,7,7,7,6.27535485569222,7.01752558584853,14,14,14.7903847353393,10.6541925826856
7,7,7,7,7,6.27535485569222,7.01752558584853,14,14,14.7903847353393,10.6541925826856
7.1,7,7,7,7,6.27535485569222,7.01752558584853,14,14,14.7903847353393,10.6541925826856
7.2,7,7,7,7,6.27535485569222,7.01752558584853,14,14,14.7903847353393,10.6541925826856
7.3,7,7,7,7,6.27535485569222,7.01752558584853,14,14,14.7903847353393,10.6541925826856
7.4,7,7,7,7,6.27535485569222,7.01752558584853,14,14,14.7903847353393,10.6541925826856
7.5,7,7,7,7,6.27535485569222,7.01752558584853,14,14,14.7903847353393,10.6541925826856
7.6,7,7,7,7,6.27535485569222,7.01752558584853,14,14,14.7903847353393,10.6541925826856
7.7,7,7,7,7,6.27535485569222,7.01752558584853,14,14,14.7903847353393,10.6541925826856
7.8,7,7,7,7,6.27535485569222,7.01752558584853,14,14,14.7903847353393,10.6541925826856
7.9,7,7,7,7,6.27535485569222,7.01752558584853,14,14,14.7903847353393,10.6541925826856
8,7,7,7,7,6.27535485569222,7.01752558584853,14,14,14.7903847353393,10.6541925826856
8.1,7,7,7,7,6.27535485569222,7.01752558584853,14,14,14.7903847353393,10.6541925826856
8.2,7,7,7,7,6.27535485569222,7.01752558584853,14,14,14.7903847353393,10.6541925826856
8.3,7,7,7,7,6.27535485569222,7.01752558584853,14,14,14.7903847353393,10.6541925826856
8.4,7,7,7,7,6.27535485569222,7.01752558584853,14,14,14.7903847353393,10.6541925826856
8.5,7,7,7,7,6.27535485569222,7.01752558584853,14,14,14.7903847353393,10.6541925826856
8.6,7,7,7,7,6.27535485569222,7.01752558584853,14,14,14.7903847353393,10.6541925826856
8.7,7,7,7,7,6.27535485569222,7.01752558584853,14,14,14.7903847353393,10.6541925826856
8.8,7,7,7,7,6.27535485569222,7.01752558584853,14,14,14.7903847353393,10.6541925826856
8.9,7,7,7,7,6.27535485569222,7.01752558584853,14,14,14.7903847353393,10.6541925826856
9,7,7,7,7,6.27535485569222,7.01752558584853,14,14,14.7903847353393,10.6541925826856
9.1,7,7,7,7,6.27535485569222,7.01752558584853,14,14,14.7903847353393,10.6541925826856
9.2,7,7,7,7,6.27535485569222,7.01752558584853,14,14,14.7903847353393,10.6541925826856
9.3,7,7,7,7,6.27535485569222,7.01752558584853,14,14,14.7903847353393,10.6541925826856
9.4,7,7,7,7,6.27535485569222,7.01752558584853,14,14,14.7903847353393,10.6541925826856
9.5,7,7,7,7,6.27535485569222,7.01752558584853,14,14,14.7903847353393,10.6541925826856
9.6,7,7,7,7,6.27535485569222,7.01752558584853,14,14,14.7903847353393,10.6541925826856
9.7,7,7,7,7,6.27535485569222,7.01752558584853,14,14,14.7903847353393,10.6541925826856
9.8,7,7,7,7,6.27535485569222,7.01752558584853,14,14,14.7903847353393,10.6541925826856
9.9,7,7,7,7,6.27535485569222,7.01752558584853,14,14,14.7903847353393,10.6541925826856
10,7,7,7,7,6.27535485569222,7.01752558584853,14,14,14.7903847353393,10.6541925826856
10.1,7,7,7,7,6.27535485569222,7.01752558584853,14,14,14.7903847353393,10.6541925826856
10.2,7,7,7,7,6.27535485569222,7.01752558584853,14,14,14.7903847353393,10.6541925826856
10.3,7,7,7,7,6.27535485569222,7.01752558584853,14,14,14.7903847353393,10.6541925826856
10.4,7,7,7,7,6.27535485569222,7.01752558584853,14,14,14.7903847353393,10.6541925826856
10.5,7,7,7,7,6.27535485569222,7.01752558584853,14,14,14.7903847353393,10.6541925826856
10.6,7,7,7,7,6.27535485569222,7.01752558584853,14,14,14.7903847353393,10.6541925826856
10.7,7,7,7,7,6.27535485569222,7.01752558584853,14,14,14.7903847353393,10.6541925826856
10.8,7,7,7,7,6.27535485569222,7.01752558584853,14,14,14.7903847353393,10.6541925826856
10.9,7,7,7,7,6.27535485569222,7.01752558584853,14,14,14.7903847353393,10.6541925826856
11,7,7,7,7,6.27535485569222,7.01752558584853,14,14,14.7903847353393,10.6541925826856
11.1,7,7,7,7,6.27535485569222,7.01752558584853,14,14,14.7903847353393,10.6541925826856
11.2,7,7,7,7,6.27535485569222,7.01752558584853,14,14,14.7903847353393,10.6541925826856
11.3,7,7,7,7,6.27535485569222,7.01752558584853,14,14,14.7903847353393,10.6541925826856
11.4,7,7,7,7,6.27535485569222,7.01752558584853,14,14,14.7903847353393,10.6541925826856
11.5,7,7,7,7,6.27535485569222,7.01752558584853,14,14,14.7903847353393,10.6541925826856
11.6,7,7,7,7,6.27535485569222,7.01752558584853,14,14,14.7903847353393,10.6541925826856
11.7,7,7,7,7,6.27535485569222,7.01752558584853,14,14,14.7903847353393,10.6541925826856
11.8,7,7,7,7,6.27535485569222,7.01752558584853,14,14,14.7903847353393,10.6541925826856
11.9,7,7,7,7,6.27535485569222,7.01752558584853,14,14,14.7903847353393,10.6541925826856
12,7,7,7,7,6.27535485569222,7.01752558584853,14,14,14.7903847353393,10.6541925826856
12.1,7,7,7,7,6.27535485569222,7.01752558584853,14,14,14.7903847353393,10.6541925826856
12.2,7,7,7,7,6.27535485569222,7.01752558584853,14,14,14.7903847353393,10.6541925826856
12.3,7,7,7,7,6.27535485569222,7.01752558584853,14,14,14.7903847353393,10.6541925826856
12.4,7,7,7,7,6.27535485569222,7.01752558584853,14,14,14.7903847353393,10.6541925826856
12.5,7,7,7,7,6.27535485569222,7.01752558584853,14,14,14.7903847353393,10.6541925826856
12.6,7,7,7,7,6.27535485569222,7.01752558584853,14,14,14.7903847353393,10.6541925826856
12.7,7,7,7,7,6.27535485569222,7.01752558584853,14,14,14.7903847353393,10.6541925826856
12.8,7,7,7,7,6.27535485569222,7.01752558584853,14,14,14.7903847353393,10.6541925826856
12.9,7,7,7,7,6.27535485569222,7.01752558584853,14,14,14.7903847353393,10.6541925826856
13,7,7,7,7,6.27535485569222,7.01752558584853,14,14,14.7903847353393,10.6541925826856
13.1,7,7,7,7,6.27535485569222,7.01752558584853,14,14,14.7903847353393,10.6541925826856
13.2,7,7,7,7,6.27535485569222,7.01752558584853,14,14,14.7903847353393,10.6541925826856
13.3,7,7,7,7,6.27535485569222,7.01752558584853,14,14,14.7903847353393,10.6541925826856
13.4,7,7,7,7,6.27535485569222,7.01752558584853,14,14,14.7903847353393,10.6541925826856
13.5,7,7,7,7,6.27535485569222,7.01752558584853,14,14,14.7903847353393,10.6541925826856
13.6,7,7,7,7,6.27535485569222,7.01752558584853,14,14,14.7903847353393,10.6541925826856
13.7,7,7,7,7,6.27535485569222,7.01752558584853,14,14,14.7903847353393,10.6541925826856
13.8,7,7,7,7,6.27535485569222,7.01752558584853,14,14,14.7903847353393,10.6541925826856
13.9,7,7,7,7,6.27535485569222,7.01752558584853,14,14,14.7903847353393,10.6541925826856
14,7,7,7,7,6.27535485569222,7.01752558584853,14,14,14.7903847353393,10.6541925826856
14.1,7,7,7,7,6.27535485569222,7.01752558584853,14,14,14.7903847353393,10.6541925826856
14.2,7,7,7,7,6.27535485569222,7.01752558584853,14,14,14.7903847353393,10.6541925826856
14.3,7,7,7,7,6.27535485569222,7.01752558584853,14,14,14.7903847353393,10.6541925826856
14.4,7,7,7,7,6.27535485569222,7.01752558584853,14,14,14.7903847353393,10.6541925826856
14.5,7,7,7,7,6.27535485569222,7.01752558584853,14,14,14.7903847353393,10.6541925826856
14.6,7,7,7,7,6.27535485569222,7.01752558584853,14,14,14.7903847353393,10.6541925826856
14.7,7,7,7,7,6.27535485569222,7.01752558584853,14,14,14.7903847353393,10.6541925826856
14.8,7,7,7,7,6.27535485569222,7.01752558584853,14,14,14.7903847353393,10.6541925826856
14.9,7,7,7,7,6.27535485569222,7.01752558584853,14,14,14.7903847353393,10.6541925826856
15,7,7,7,7,6.27535485569222,7.01752558584853,14,14,14.7903847353393,10.6541925826856
15.1,7,7,7,7,6.27535485569222,7.01752558584853,14,14,14.7903847353393,10.6541925826856
15.2,7,7,7,7,6.27535485569222,7.01752558584853,14,14,14.7903847353393,10.6541925826856
15.3,7,7,7,7,6.27535485569222,7.01752558584853,14,14,14.7903847353393,10.6541925826856
15.4,7,7,7,7,6.27535485569222,7.01752558584853,14,14,14.7903847353393,10.6541925826856
15.5,7,7,7,7,6.27535485569222,7.01752558584853,14,14,14.7903847353393,10.6541925826856
15.6,7,7,7,7,6.27535485569222,7.01752558584853,14,14,14.7903847353393,10.6541925826856
15.7,7,7,7,7,6.27535485569222,7.01752558584853,14,14,14.7903847353393,10.6541925826856
15.8,7,7,7,7,6.27535485569222,7.01752558584853,14,14,14.7903847353393,10.6541925826856
15.9,7,7,7,7,6.27535485569222,7.01752558584853,14,14,14.7903847353393,10.6541925826856
16,7,7,7,7,6.27535485569222,7.01752558584853,14,14,14.7903847353393,10.6541925826856
16.1,7,7,7,7,6.27535485569222,7.01752558584853,14,14,14.7903847353393,10.6541925826856
16.2,7,7,7,7,6.27535485569222,7.01752558584853,14,14,14.7903847353393,10.6541925826856
16.3,7,7,7,7,6.27535485569222,7.01752558584853,14,14,14.7903847353393,10.6541925826856
16.4,7,7,7,7,6.27535485569222,7.01752558584853,14,14,14.7903847353393,10.6541925826856
16.5,7,7,7,7,6.27535485569222,7.01752558584853,14,14,14.7903847353393,10.6541925826856
16.6,7,7,7,7,6.27535485569222,7.01752558584853,14,14,14.7903847353393,10.6541925826856
16.7,7,7,7,7,6.27535485569222,7.01752558584853,14,14,14.7903847353393,10.6541925826856
16.8,7,7,7,7,6.27535485569222,7.01752558584853,14,14,14.7903847353393,10.6541925826856
16.9,7,7,7,7,6.27535485569222,7.01752558584853,14,14,14.7903847353393,10.6541925826856
17,7,7,7,7,6.27535485569222,7.01752558584853,14,14,14.7903847353393,10.6541925826856
17.1,7,7,7,7,6.27535485569222,7.01752558584853,14,14,14.7903847353393,10.6541925826856
17.2,7,7,7,7,6.27535485569222,7.01752558584853,14,14,14.7903847353393,10.6541925826856
17.3,7,7,7,7,6.27535485569222,7.01752558584853,14,14,14.7903847353393,10.6541925826856
17.4,7,7,7,7,6.27535485569222,7.01752558584853,14,14,14.7903847353393,10.6541925826856
17.5,7,7,7,7,6.27535485569222,7.01752558584853,14,14,14.7903847353393,10.6541925826856
17.6,7,7,7,7,6.27535485569222,7.01752558584853,14,14,14.7903847353393,10.6541925826856
17.7,7,7,7,7,6.27535485569222,7.01752558584853,14,14,14.7903847353393,10.6541925826856
17.8,7,7,7,7,6.27535485569222,7.01752558584853,14,14,14.7903847353393,10.6541925826856
17.9,7,7,7,7,6.27535485569222,7.01752558584853,14,14,14.7903847353393,10.6541925826856
18,7,7,7,7,6.27535485569222,7.01752558584853,14,14,14.7903847353393,10.6541925826856
18.1,7,7,7,7,6.27535485569222,7.01752558584853,14,14,14.7903847353393,10.6541925826856
18.2,7,7,7,7,6.27535485569222,7.01752558584853,14,14,14.7903847353393,10.6541925826856
18.3,7,7,7,7,6.27535485569222,7.01752558584853,14,14,14.7903847353393,10.6541925826856
18.4,7,7,7,7,6.27535485569222,7.01752558584853,14,14,14.7903847353393,10.6541925826856
18.5,7,7,7,7,6.27535485569222,7.01752558584853,14,14,14.7903847353393,10.6541925826856
18.6,7,7,7,7,6.27535485569222,7.01752558584853,14,14,14.7903847353393,10.6541925826856
18.7,7,7,7,7,6.27535485569222,7.01752558584853,14,14,14.7903847353393,10.6541925826856
18.8,7,7,7,7,6.27535485569222,7.01752558584853,14,14,14.7903847353393,10.6541925826856
18.9,7,7,7,7,6.27535485569222,7.01752558584853,14,14,14.7903847353393,10.6541925826856
19,7,7,7,7,6.27535485569222,7.01752558584853,14,14,14.7903847353393,10.6541925826856
19.1,7,7,7,7,6.27535485569222,7.01752558584853,14,14,14.7903847353393,10.6541925826856
19.2,7,7,7,7,6.27535485569222,7.01752558584853,14,14,14.7903847353393,10.6541925826856
19.3,7,7,7,7,6.27535485569222,7.01752558584853,14,14,14.7903847353393,10.6541925826856
19.4,7,7,7,7,6.27535485569222,7.01752558584853,14,14,14.7903847353393,10.6541925826856
19.5,7,7,7,7,6.27535485569222,7.01752558584853,14,14,14.7903847353393,10.6541925826856
19.6,7,7,7,7,6.27535485569222,7.01752558584853,14,14,14.7903847353393,10.6541925826856
19.7,7,7,7,7,6.27535485569222,7.01752558584853,14,14,14.7903847353393,10.6541925826856
19.8,7,7,7,7,6.27535485569222,7.01752558584853,14,14,14.7903847353393,10.6541925826856
19.9,7,7,7,7,6.27535485569222,7.01752558584853,14,14,14.7903847353393,10.6541925826856
20,7.45196477031129,7,7,7,6.27535485547377,7.01752558585019,14,14,14.7903847353393,10.6541925826856
20.1,7.75,7,7.00003629843767,6.99999973018203,6.30022281666798,7.0173526479915,14.0000725968753,13.9999994603641,14.7903844823139,10.6542264945229
20.2,7.75,7,7.00022866118528,6.99999843481428,6.34916626713384,7.0170585304041,14.0004573223706,13.9999968696286,14.7903832440163,10.654406292862
20.3,7.75,7,7.00063199286251,6.99999601724022,6.40498210037347,7.01677655002431,14.001263985725,13.9999920344804,14.7903808675747,10.6547834953398
20.4,7.75,7,7.00126013297227,6.99999268238642,6.46191468267888,7.01653374673388,14.0025202659445,13.9999853647728,14.7903774689388,10.655371309185
20.5,7.75,7,7.00211148029056,6.99998867641628,6.51805528696974,7.01632620980434,14.0042229605811,13.9999773528326,14.7903732024236,10.65616852178
20.6,7.75,7,7.00318191430502,6.99998420364478,6.57278227645558,7.01614366632022,14.00636382861,13.9999684072896,14.7903681827038,10.6571715719776
20.7,7.75,7,7.00446448691752,6.99997942573778,6.62591437071797,7.01597602475826,14.008928973835,13.9999588514756,14.7903624888007,10.6583742437449
20.8,7.75,7,7.00595175301345,6.99997446282662,6.67741855575663,7.01581528128963,14.0119035060269,13.9999489256532,14.790356164524,10.6597698446544
20.9,7.75,7,7.00763984086244,6.99996940189736,6.72728068024134,7.01565547736969,14.0152796817249,13.9999388037947,14.7903492151884,10.6613550495615
21,7.75,7,7.00951571187983,6.99996430857027,6.77557916294424,7.01549243664077,14.0190314237597,13.9999286171405,14.7903416559991,10.6631178580304
21.1,7.75,7,7.0115766492806,6.99995922809185,6.82231322333734,7.015323158992,14.0231532985612,13.9999184561837,14.7903334561287,10.6650560135289
21.2,7.75,7,7.01381762408465,6.9999541953927,6.86750259464584,7.0151454927574,14.0276352481693,13.9999083907854,14.7903245805057,10.6671650794442
21.3,7.75,7,7.01622671507211,6.9999492326823,6.91122861139356,7.01495839794057,14.0324534301442,13.9998984653646,14.7903150172212,10.6694340475392
21.4,7.75,7,7.01880230746932,6.99994435961886,6.95348380768415,7.01476076055132,14.0376046149386,13.9998887192377,14.7903047082953,10.6718617027363
21.5,7.75,7,7.02153862985243,6.99993958948606,6.99429715437431,7.01455204378608,14.0430772597049,13.9998791789721,14.7902936093247,10.6744428725896
21.6,7.75,7,7.02442722157963,6.99993492987926,7.03372283048127,7.01433217516271,14.0488544431593,13.9998698597585,14.7902816895363,10.6771698000031
21.7,7.75,7,7.02746188832949,6.99993038672883,7.07179596616183,7.01410113712969,14.054923776659,13.9998607734577,14.7902689090684,10.6800368730595
21.8,7.75,7,7.03063805529634,6.99992596544043,7.10853716509076,7.01385891273427,14.0612761105927,13.9998519308809,14.7902552186474,10.683040026196
21.9,7.75,7,7.0339471862947,6.99992166612874,7.14400583016074,7.01360591249479,14.0678943725894,13.9998433322575,14.7902405985914,10.6861713613503
22,7.75,7,7.03739297949787,6.99991749971062,7.17814277827732,7.01334160158668,14.0747859589957,13.9998349994212,14.7902249374565,10.6894347965396
22.1,7.75,7,7.04096126852964,6.99991345888958,7.21106310786153,7.01306697736806,14.0819225370593,13.9998269177792,14.7902082598707,10.6928169781517
22.2,7.75,7,7.04464498150991,6.99990954153072,7.24281719025826,7.01278251513162,14.0892899630198,13.9998190830614,14.7901905519412,10.6963113445824
22.3,7.75,7,7.04845170582479,6.99990576203198,7.27330254962991,7.01248743198589,14.0969034116496,13.999811524064,14.7901716512899,10.6999256515232
22.4,7.75,7,7.05236366278095,6.99990210543227,7.30268044890549,7.01218317115219,14.1047273255619,13.9998042108645,14.790151648853,10.7036428900953
22.5,7.75,7,7.05637662911847,6.99989857141118,7.3309739715436,7.01187002012479,14.1127532582369,13.9997971428224,14.7901305099548,10.7074592440014
22.6,7.75,7,7.06049846432851,6.99989517492371,7.35807270039197,7.01154719670622,14.120996928657,13.9997903498474,14.7901080497843,10.7113828083886
22.7,7.75,7,7.0647136950902,6.99989190128394,7.38412181067993,7.01121600296713,14.1294273901804,13.9997838025679,14.7900843646942,10.715398707496
22.8,7.75,7,7.06901813669136,6.99988874936021,7.4091455916107,7.01087674930573,14.1380362733827,13.9997774987204,14.7900594250549,10.7195031376844
22.9,7.75,7,7.07341221519866,6.99988572456392,7.43311347752982,7.01052932572172,14.1468244303973,13.9997714491278,14.7900331293555,10.7236968978317
23,7.75,7,7.07788635325905,6.99988281774427,7.4561138700958,7.0101745429309,14.1557727065181,13.9997656354885,14.7900055314899,10.7279708005221
23.1,7.75,7,7.082439087797,6.99988003105219,7.47814009834645,7.00981247605485,14.164878175594,13.9997600621044,14.7899765643944,10.7323237368755
23.2,7.75,7,7.08706640265368,6.99987736284702,7.49921612576334,7.00944343392991,14.1741328053074,13.999754725694,14.7899462016037,10.7367520451831
23.3,7.75,7,7.09176869599497,6.99987481889419,7.51930688636288,7.00906730580124,14.1835373919899,13.9997496377884,14.7899143233528,10.7412565657177
23.4,7.75,7,7.09653024913809,6.99987237695332,7.53859603162699,7.00868552397668,14.1930604982762,13.9997447539066,14.7898811617085,10.7458216542121
23.5,7.75,7,7.10135174332407,6.99987004143584,7.55705447368993,7.00829797912855,14.2027034866481,13.9997400828717,14.7898466277408,10.7504482949648
23.6,7.75,7,7.10624308268772,6.99986783594586,7.57450749433493,7.00790363467679,14.2124861653754,13.9997356718917,14.7898103545713,10.7551472014329
23.7,7.75,7,7.11119089603038,6.9998657414154,7.59111101314674,7.00750370620809,14.2223817920608,13.9997314828308,14.7897725373451,10.7599050720533
23.8,7.75,7,7.11618239277986,6.99986373585419,7.60703746489397,7.00709941046373,14.2323647855597,13.9997274717084,14.7897334500611,10.7647088445044
23.9,7.75,7,7.12122685807047,6.99986184257183,7.6221138360248,7.00668975813893,14.2424537161409,13.9997236851437,14.7896927145105,10.769568692672
24,7.75,7,7.12631677537348,6.99986005060973,7.63642711801238,7.00627544177041,14.252633550747,13.9997201012195,14.7896504400595,10.7744771382785
24.1,7.75,7,7.13145218774795,6.99985836548256,7.6499410446389,7.00585636933146,14.2629043754959,13.9997167309651,14.789606489027,10.7794347508775
24.2,7.75,7,7.13662809856504,6.99985678090741,7.66270718872736,7.00543297389125,14.2732561971301,13.9997135618148,14.7895609065287,10.7844366640081
24.3,7.75,7,7.14184009156535,6.9998552909399,7.67477019616417,7.00500566801567,14.2836801831307,13.9997105818798,14.7895137376546,10.7894785552883
24.4,7.75,7,7.14708540927993,6.99985389344896,7.68614838649113,7.00457467080291,14.2941708185599,13.9997077868979,14.7894649694688,10.7945578828456
24.5,7.75,7,7.15236075826455,6.99985258446509,7.69687555437255,7.00414024696697,14.3047215165291,13.9997051689302,14.7894146248236,10.7996714639194
24.6,7.75,7,7.15766418860974,6.99985136358293,7.70695403745851,7.0037025503205,14.3153283772195,13.9997027271659,14.7893626604787,10.8048176299901
24.7,7.75,7,7.16299626538641,6.99985023970036,7.71631672926018,7.00326142463762,14.3259925307728,13.9997004794007,14.7893088472918,10.8099977858259
24.8,7.75,7,7.16835000585763,6.99984919560619,7.72509507637747,7.00281757582662,14.3367000117153,13.9996983912124,14.7892534629318,10.8152043056862
24.9,7.75,7,7.17372344314765,6.99984822998619,7.73329797226458,7.00237116272686,14.3474468862953,13.9996964599724,14.7891964850855,10.820435423645
25,7.75,7,7.17911715944859,6.9998473535511,7.74084324810576,7.00192200078539,14.3582343188972,13.9996947071022,14.7891376292023,10.8256927692523
25.1,7.75,7,7.18452517897575,6.99984654749391,7.74787193572078,7.0014707595828,14.3690503579515,13.9996930949878,14.7890772415012,10.8309694014692
25.2,7.75,7,7.18994784059272,6.99984582293943,7.75429945658399,7.00101725087888,14.3798956811854,13.9996916458789,14.7890150165859,10.8362667988292
25.3,7.75,7,7.19538116450678,6.999845166976,7.7602191062555,7.00056194789144,14.3907623290136,13.999690333952,14.788951190525,10.8415803163968
25.4,7.75,7,7.20082415910914,6.99984458559622,7.76558631750007,7.00010480674358,14.4016483182183,13.9996891711924,14.7888855606792,10.8469097886539
25.5,7.75,7,7.20627425059307,6.99984407278208,7.7704419316161,6.99964610480957,14.4125485011861,13.9996881455642,14.7888182093872,10.8522524771755
25.6,7.75,7,7.21172917637385,6.99984362217473,7.77483134221685,6.99918608992787,14.4234583527477,13.9996872443495,14.7887492402324,10.8576058560785
25.7,7.75,7,7.21718744344774,6.99984323816719,7.7787203740657,6.99872477597888,14.4343748868955,13.9996864763344,14.788678475016,10.8629691927457
25.8,7.75,7,7.22264698696763,6.99984291856687,7.78212000997406,6.99826234756176,14.4452939739353,13.9996858371337,14.7886058993617,10.8683405932514
25.9,7.75,7,7.22810589460986,6.99984265681515,7.78507642237388,6.99779903459902,14.4562117892197,13.9996853136303,14.7885316311016,10.8737178063298
26,7.75,7,7.23356250738537,6.99984245079616,7.78760480098348,6.99733495855922,14.4671250147707,13.9996849015923,14.7884556711009,10.8790992628186
26.1,7.75,7,7.23901522386415,6.99984229841826,7.78971614428987,6.99687026574394,14.4780304477283,13.9996845968365,14.788378016667,10.8844834603439
26.2,7.75,7,7.24446238902845,6.99984219824679,7.79141444438651,6.9964051072819,14.4889247780569,13.9996843964936,14.7882986414248,10.8898689349297
26.3,7.75,7,7.24990162980532,6.9998421528181,7.79267810791929,6.99593956577435,14.4998032596106,13.9996843056362,14.7882173824994,10.8952540618893
26.4,7.75,7,7.25533217032472,6.9998421543125,7.79356549807492,6.99547380670951,14.5106643406494,13.999684308625,14.7881344338557,10.9006373722663
26.5,7.75,7,7.26075311425402,6.99984219867243,7.7940997761204,6.9950079893126,14.521506228508,13.9996843973449,14.7880498696844,10.9060177361317
26.6,7.75,7,7.26616112659658,6.99984229121223,7.79423428279251,6.99454221644606,14.5323222531932,13.9996845824245,14.7879634050421,10.9113930804425
26.7,7.75,7,7.27155676818166,6.99984242291997,7.7940394014662,6.99407658772969,14.5431135363633,13.9996848458399,14.7878753195302,10.9167628740142
26.8,7.75,7,7.2769371221647,6.99984259621483,7.79348475005311,6.99361127253482,14.5538742443294,13.9996851924297,14.7877854193075,10.9221250915288
26.9,7.75,7,7.28230226850576,6.99984280567465,7.79261319793112,6.99314633408867,14.5646045370115,13.9996856113493,14.7876938621946,10.9274792085994
27,7.75,7,7.28764980780111,6.99984305171769,7.7914128874965,6.99268192250444,14.5752996156022,13.9996861034354,14.7876005332614,10.9328233891556
27.1,7.75,7,7.29297912775536,6.99984333118096,7.78990430299718,6.992218131248,14.5859582555107,13.9996866623619,14.7875054931724,10.9381568213954
27.2,7.75,7,7.29828992138633,6.99984364083702,7.78811152950567,6.99175501850839,14.5965798427727,13.999687281674,14.7874088192103,10.9434789195124
27.3,7.75,7,7.30357839026941,6.99984398261712,7.78600571456946,6.99129280188341,14.6071567805388,13.9996879652342,14.7873102914782,10.9487869196841
27.4,7.75,7,7.30884542438329,6.99984435166296,7.78362478218375,6.99083150465143,14.6176908487666,13.9996887033259,14.7872100808418,10.9540810128897
27.5,7.75,7,7.31409018670357,6.99984474603069,7.78098154819493,6.99037119468525,14.6281803734071,13.9996894920614,14.7871082049099,10.9593603371363
27.6,7.75,7,7.31931199072748,6.99984516371278,7.77808675140199,6.98991195397881,14.638623981455,13.9996903274256,14.7870046861579,10.9646241538444
27.7,7.75,7,7.32450963598445,6.99984560325191,7.77494398607322,6.98945389710786,14.6490192719689,13.9996912065038,14.7868995078637,10.9698713859659
27.8,7.75,7,7.32968043068912,6.99984606432475,7.77154778511677,6.98899717788918,14.6593608613782,13.9996921286495,14.7867925609609,10.9750998941925
27.9,7.75,7,7.3348238062153,6.99984654474871,7.76791332147839,6.98854184958639,14.6696476124306,13.9996930894974,14.7866838794893,10.9803090066795
28,7.75,7,7.33994106736999,6.99984704125625,7.76406317230531,6.98808792132835,14.67988213474,13.9996940825125,14.7865736022726,10.985499428167
28.1,7.75,7,7.3450314960639,6.99984755241202,7.76000607043181,6.98763544758544,14.6900629921278,13.999695104824,14.7864617358251,10.9906704499343
28.2,7.75,7,7.35009104426303,6.99984807828193,7.75572964901546,6.98718464897813,14.7001820885261,13.9996961565639,14.7863480997128,10.9958189159101
28.3,7.75,7,7.3551223348514,6.99984861561843,7.75126165945499,6.98673544887434,14.7102446697028,13.9996972312369,14.7862328909937,11.0009465594638
28.4,7.75,7,7.36012230464191,6.99984916375331,7.74659593245473,6.98628803735831,14.7202446092838,13.9996983275066,14.7861159893913,11.0060509281489
28.5,7.75,7,7.36509214884169,6.99984972064934,7.74175231988449,6.9858423607815,14.7301842976834,13.9996994412987,14.7859975018837,11.011132744926
28.6,7.75,7,7.3700294354003,6.99985028514926,7.7367266896323,6.98539860555274,14.7400588708006,13.9997005702985,14.7858773450644,11.0161900141194
28.7,7.75,7,7.37493479714642,6.99985085558929,7.73153419874544,6.98495674597788,14.7498695942928,13.9997017111786,14.7857555906715,11.0212230589652
28.8,7.75,7,7.37980879030589,6.99985143040947,7.72618697777775,6.98451677491425,14.7596175806118,13.9997028608189,14.7856323022606,11.0262321609206
28.9,7.75,7,7.38464653165909,6.99985200865641,7.72067090397134,6.9840790180687,14.7692930633182,13.9997040173128,14.7855072805813,11.0312134365529
29,7.75,7,7.3894514474438,6.99985258862045,7.71501249223089,6.98364327633853,14.7789028948876,13.9997051772409,14.7853807248478,11.0361693760164
29.1,7.75,7,7.39422351488413,6.99985316908268,7.70921895577547,6.98320957526551,14.7884470297683,13.9997063381654,14.7852526631529,11.0410998459092
29.2,7.75,7,7.39896146653763,6.99985374883309,7.70329161291833,6.98277802424089,14.7979229330753,13.9997074976662,14.7851230658739,11.0460037498699
29.3,7.75,7,7.4036618087155,6.99985432648594,7.69722715724123,6.98234884935324,14.807323617431,13.9997086529719,14.7849918093093,11.0508782337929
29.4,7.75,7,7.40832588604852,6.99985490089452,7.69103995342675,6.98192197266296,14.816651772097,13.999709801789,14.7848589837064,11.0557242259605
29.5,7.75,7,7.41295475131306,6.99985547092365,7.68473750085418,6.98149737801141,14.8259095026261,13.9997109418473,14.7847246603947,11.0605424490985
29.6,7.75,7,7.41754806234542,6.9998560355475,7.67832595065782,6.98107509579008,14.8350961246908,13.999712071095,14.7845888492525,11.0653325350213
29.7,7.75,7,7.42210712453714,6.99985659420308,7.67181822573375,6.9806550217911,14.8442142490743,13.9997131884062,14.7844516268635,11.0700954287603
29.8,7.75,7,7.4266240054693,6.99985714414649,7.66519611689493,6.98023772573328,14.8532480109386,13.999714288293,14.7843126944713,11.0748247172202
29.9,7.75,7,7.43110626732177,6.99985768597848,7.65848560871846,6.97982273042063,14.8622125346435,13.999715371957,14.7841723808824,11.0795263342868
30,7.75,7,7.43555054189263,6.99985821813878,7.65168686328699,6.9794102424109,14.8711010837853,13.9997164362776,14.7840305736071,11.0841974988871
30.1,7.75,7,7.43995719387696,6.99985873977404,7.64480387653842,6.97900027585628,14.8799143877539,13.9997174795481,14.7838873067567,11.0888384215301
30.2,7.75,7,7.44432429228489,6.99985924942627,7.6378388886075,6.9785929700548,14.8886485845698,13.9997184988525,14.7837425278594,11.0934474575772
30.3,7.75,7,7.44865454114391,6.99985974718128,7.63080298562295,6.97818814934583,14.8973090822878,13.9997194943626,14.783596358442,11.0980267118289
30.4,7.75,7,7.45294565541103,6.99986023144681,7.62369592078482,6.97778599271095,14.9058913108221,13.9997204628936,14.7834487313678,11.1025742577661
30.5,7.75,7,7.45719652838191,6.99986070108254,7.61652170036205,6.97738657970938,14.9143930567638,13.9997214021651,14.7832996245691,11.1070891188546
30.6,7.75,7,7.46141109795815,6.99986115684029,7.60929115011352,6.97698965471376,14.9228221959163,13.9997223136806,14.7831491989731,11.1115744257833
30.7,7.75,7,7.46558792889088,6.99986159752129,7.60200520241483,6.97659533567842,14.9311758577818,13.9997231950426,14.7829974170446,11.1160289482784
30.8,7.75,7,7.46972097994864,6.99986201995272,7.59466132199909,6.97620404259325,14.9394419598973,13.9997240399054,14.7828440812537,11.1204476755863
30.9,7.75,7,7.47381627186446,6.99986242601259,7.58727243174333,6.97581536445576,14.9476325437289,13.9997248520252,14.7826894213574,11.1248354620835
31,7.75,7,7.47787280767299,6.99986281460322,7.57983911306766,6.9754294026619,14.955745615346,13.9997256292064,14.7825334161266,11.1291914313921
31.1,7.75,7,7.48189051696649,6.99986318514895,7.5723655629582,6.97504616720532,14.963781033933,13.9997263702979,14.7823760770825,11.1335154657361
31.2,7.75,7,7.48587056345981,6.99986353778665,7.56485887403635,6.97466555972161,14.9717411269196,13.9997270755733,14.7822174572107,11.1378084667366
31.3,7.75,7,7.48980978295942,6.99986387035169,7.55731778350815,6.97428783609956,14.9796195659188,13.9997277407034,14.7820574625284,11.1420677671994
31.4,7.75,7,7.49370716743135,6.99986418169221,7.54974370149673,6.97391309728895,14.9874143348627,13.9997283633844,14.7818960734541,11.1462924716732
31.5,7.75,7,7.49756807346319,6.99986447422186,7.54214740286505,6.97354093360564,14.9951361469264,13.9997289484437,14.7817334805704,11.1504869579384
31.6,7.75,7,7.50138794749989,6.99986474504105,7.53452795628306,6.97317169294996,15.0027758949998,13.9997294900821,14.7815695458282,11.1546473993084
31.7,7.75,7,7.50516878782809,6.99986499470749,7.52688828850313,6.97280525644933,15.0103375756562,13.999729989415,14.7814043458782,11.1587754030546
31.8,7.75,7,7.50890949233298,6.99986522225919,7.51923317559764,6.97244169088181,15.017818984666,13.9997304445184,14.7812378573475,11.1628699986578
31.9,7.75,7,7.51261193292648,6.99986542829088,7.51156479289663,6.97208088479481,15.025223865853,13.9997308565818,14.7810701503153,11.1669326988358
32,7.75,7,7.51627259592359,6.99986561040643,7.50388562917024,6.97172309682901,15.0325451918472,13.9997312208129,14.7809011249554,11.1709605201224
32.1,7.75,7,7.5198954919952,6.99986577056607,7.49619973991861,6.97136804162097,15.0397909839904,13.9997315411321,14.7807309176614,11.1749567661325
32.2,7.75,7,7.52348140776945,6.99986590888537,7.48850892435593,6.97101567755016,15.0469628155389,13.9997318177707,14.7805595617238,11.17892205443
32.3,7.75,7,7.52702317125795,6.99986602076092,7.48081612153506,6.97066652861926,15.0540463425159,13.9997320415218,14.7803868460866,11.1828503271191
32.4,7.75,7,7.53052778170887,6.99986611008337,7.47312458269557,6.97032008940605,15.0610555634177,13.9997322201667,14.7802129957871,11.1867474080182
32.5,7.75,7,7.53399397831181,6.99986617575756,7.46543546413811,6.96997647209191,15.0679879566236,13.9997323515151,14.7800379806118,11.1906121992695
32.6,7.75,7,7.53742186654633,6.99986621759661,7.45775148490609,6.96963567194338,15.0748437330927,13.9997324351932,14.7798618122901,11.1944447493862
32.7,7.75,7,7.54081191808896,6.99986623572033,7.45007652786665,6.96929764278006,15.0816238361779,13.9997324714407,14.7796845133546,11.1982454163407
32.8,7.75,7,7.54416380812137,6.99986622961198,7.44241115927386,6.96896243363432,15.0883276162427,13.999732459224,14.7795060818206,11.2020138887992
32.9,7.75,7,7.54747342363405,6.99986619631145,7.43475734066345,6.96863037499546,15.0949468472681,13.9997323926229,14.7793264048888,11.2057466514666
33,7.75,7,7.55074635353302,6.9998661393317,7.42711873952863,6.96830102463555,15.101492707066,13.9997322786634,14.7791456554555,11.2094483863987
33.1,7.75,7,7.55398239718604,6.99986605835776,7.41949724691083,6.96797440444411,15.1079647943721,13.9997321167155,14.7789638345104,11.2131188902536
33.2,7.75,7,7.55717897328763,6.99986595137521,7.41189309492712,6.96765074611588,15.1143579465753,13.9997319027504,14.7787808744497,11.2167559397501
33.3,7.75,7,7.56033838128638,6.99986581984562,7.4043097177941,6.96732985610456,15.1206767625728,13.9997316396912,14.7785968489018,11.2203614488434
33.4,7.75,7,7.56345967759298,6.99986566296011,7.39674916223481,6.96701181656295,15.126919355186,13.9997313259202,14.7784117380009,11.2239345805279
33.5,7.75,7,7.56654457705164,6.99986548168639,7.38921121766641,6.96669651480385,15.1330891541033,13.9997309633728,14.7782255966991,11.2274767602764
33.6,7.75,7,7.56958981317638,6.9998652737418,7.38170116097478,6.9663841905597,15.1391796263528,13.9997305474836,14.7780383400935,11.2309851720874
33.7,7.75,7,7.57259993639849,6.99986504204188,7.3742166330527,6.96607451646186,15.145199872797,13.9997300840838,14.7778501019632,11.234463659676
33.8,7.75,7,7.57557186135201,6.99986478440496,7.36676203334165,6.96576772789968,15.151143722704,13.9997295688099,14.7776608026528,11.237909559482
33.9,7.75,7,7.57850674095089,6.99986450153878,7.35933854050228,6.96546373942585,15.1570134819018,13.9997290030776,14.7774704803482,11.2413238229551
34,7.75,7,7.58140612703749,6.99986419438934,7.35194566160882,6.96516244753161,15.162812254075,13.9997283887787,14.7772791834938,11.2447077454136
34.1,7.75,7,7.58427021982143,6.99986386304315,7.34458496858072,6.96486383921885,15.1685404396429,13.9997277260863,14.7770869229248,11.2480614696185
34.2,7.75,7,7.58709829762173,6.99986350700214,7.33725978789938,6.96456796214534,15.1741965952435,13.9997270140043,14.7768936845139,11.2513843485528
34.3,7.75,7,7.58988982613522,6.99986312578964,7.32997077045255,6.96427487793112,15.1797796522704,13.9997262515793,14.7766994591953,11.2546758943358
34.4,7.75,7,7.59264410343735,6.99986271884919,7.32271939057561,6.96398465491995,15.1852882068747,13.9997254376984,14.7765042336933,11.2579354736274
34.5,7.75,7,7.5953638979942,6.99986228816532,7.31550639750076,6.96369706263777,15.1907277959884,13.9997245763306,14.7763080877204,11.2611654333172
34.6,7.75,7,7.59804872264577,6.99986183340242,7.3083339212996,6.96341214057101,15.1960974452915,13.9997236668048,14.7761110131497,11.2643653277343
34.7,7.75,7,7.60070031767173,6.9998613556258,7.30119820172552,6.96312979247533,15.2014006353435,13.9997227112516,14.7759130602339,11.2675366287312
34.8,7.75,7,7.60331596342483,6.99986085305451,7.29410572419895,6.96285021134917,15.2066319268497,13.999721706109,14.775714162283,11.2706769674655
34.9,7.75,7,7.60589678807412,6.99986032655268,7.28705796409056,6.96257329902168,15.2117935761482,13.9997206531054,14.7755143539076,11.2737872877794
35,7.75,7,7.60844382225778,6.99985977673985,7.28005221232019,6.96229901013162,15.2168876445156,13.9997195534797,14.7753136663176,11.2768684518879
35.1,7.75,7,7.61095739671611,6.99985920394647,7.27309070385314,6.96202730705319,15.2219147934322,13.9997184078929,14.7751121124044,11.2799207206938
35.2,7.75,7,7.61343628307643,6.99985860736718,7.26617605869205,6.96175829278544,15.2268725661529,13.9997172147344,14.7749096649483,11.2829430059054
35.3,7.75,7,7.61588377570365,6.99985798929557,7.25930451139071,6.96149171969954,15.2317675514073,13.9997159785911,14.7747064124729,11.2859381328377
35.4,7.75,7,7.61829527455369,6.9998573466894,7.25248440292348,6.96122794260059,15.2365905491074,13.9997146933788,14.7745022417563,11.2889020936121
35.5,7.75,7,7.62067509201132,6.99985668253506,7.24571006879781,6.960966637158,15.2413501840226,13.9997133650701,14.7742972666475,11.2918385982491
35.6,7.75,7,7.62302415836873,6.99985599754375,7.23898125322327,6.9607077329846,15.2460483167375,13.9997119950875,14.7740915141793,11.2947484317926
35.7,7.75,7,7.62534027019542,6.99985529034539,7.23230302716145,6.96045139796396,15.2506805403908,13.9997105806908,14.7738849324825,11.2976296594788
35.8,7.75,7,7.62762242025169,6.99985456032807,7.22567709875008,6.96019772601321,15.2552448405034,13.9997091206561,14.7736775002381,11.3004813807325
35.9,7.75,7,7.62987319981058,6.99985380933109,7.21910025341071,6.95994652083169,15.2597463996212,13.9997076186622,14.7734692860021,11.3033058231252
36,7.75,7,7.6320930626548,6.99985303782564,7.21257404755837,6.95969773607657,15.2641861253096,13.9997060756513,14.7732603045924,11.3061033591843
36.1,7.75,7,7.6342819838144,6.9998522459102,7.20609939648383,6.95945137797779,15.2685639676288,13.9997044918204,14.7730505586873,11.3088739453699
36.2,7.75,7,7.63644062344704,6.99985143404804,7.19967395468261,6.9592074214435,15.2728812468941,13.9997028680961,14.7728400675039,11.3116181359045
36.3,7.75,7,7.63856924195433,6.99985060259265,7.19329940104678,6.95896583592615,15.2771384839087,13.9997012051853,14.7726288406823,11.3143361367327
36.4,7.75,7,7.64066606590171,6.99984975063844,7.18698194055424,6.95872674127608,15.2813321318034,13.9996995012769,14.772416838485,11.3170263767677
36.5,7.75,7,7.6427331598705,6.99984887953237,7.18071577571417,6.95849001113614,15.285466319741,13.9996977590647,14.772204113945,11.3196906381054
36.6,7.75,7,7.64477120077121,6.99984798989463,7.17450131042079,6.95825558713603,15.2895424015424,13.9996959797893,14.7719906865704,11.3223294912682
36.7,7.75,7,7.64677882546405,6.99984708108009,7.16834323694834,6.95802356542639,15.2935576509281,13.9996941621602,14.7717765265264,11.3249417228004
36.8,7.75,7,7.64875707171245,6.99984615385037,7.16223888825377,6.95779388506642,15.2975141434249,13.9996923077007,14.7715616616916,11.3275282191431
36.9,7.75,7,7.65070752132703,6.99984520938979,7.15618692016248,6.9575664139995,15.3014150426541,13.9996904187796,14.7713461326642,11.3300903472165
37,7.75,7,7.65262757785566,6.99984424627367,7.15019279016011,6.95734136538354,15.3052551557113,13.9996884925473,14.7711298804143,11.3326258083546
37.1,7.75,7,7.65452078298104,6.99984326684072,7.1442503281863,6.95711846134137,15.3090415659621,13.9996865336814,14.7709129916956,11.3351376914058
37.2,7.75,7,7.6563862158971,6.9998422707371,7.13836257804614,6.95689777233268,15.3127724317942,13.9996845414742,14.7706954472655,11.3376251686584
37.3,7.75,7,7.65822168791188,6.99984125684314,7.132534082892,6.9566794827572,15.3164433758238,13.9996825136863,14.770477198274,11.3400862945632
37.4,7.75,7,7.66003033404004,6.9998402272194,7.12675925936426,6.95646334577002,15.3200606680801,13.9996804544388,14.7702583209867,11.3425238065596
37.5,7.75,7,7.66181201072663,6.99983918201653,7.12103990754517,6.95624936661992,15.3236240214533,13.9996783640331,14.7700388145094,11.3449375594552
37.6,7.75,7,7.66356742488539,6.99983812182642,7.1153748849376,6.95603749507015,15.3271348497708,13.9996762436528,14.7698186975583,11.3473281579552
37.7,7.75,7,7.66529641650511,6.99983704671048,7.10976397611051,6.95582775949397,15.3305928330102,13.999674093421,14.7695979685108,11.3496954430213
37.8,7.75,7,7.66699925991707,6.99983595707612,7.10420816125059,6.95562013063322,15.3339985198341,13.9996719141522,14.7693766360696,11.3520396381673
37.9,7.75,7,7.66867628424265,6.99983485339981,7.09870908775808,6.95541456612045,15.3373525684853,13.9996697067996,14.769154710244,11.3543610153515
38,7.75,7,7.67032544579314,6.99983373470337,7.0932692104142,6.95521126196185,15.3406508915863,13.9996674694067,14.7689321461792,11.3566577482362
38.1,7.75,7,7.6719503552931,6.99983260315613,7.08788134760019,6.95500992908829,15.3439007105862,13.9996652063123,14.7687090286878,11.3589330123373
38.2,7.75,7,7.673551069491,6.9998314591041,7.0825483248879,6.95481053910687,15.347102138982,13.9996629182082,14.7684853612368,11.361186841139
38.3,7.75,7,7.67512536859141,6.99983030156302,7.07727384930484,6.95461329385907,15.3502507371828,13.999660603126,14.7682610952687,11.3634172495889
38.4,7.75,7,7.67667536171955,6.99982913186964,7.07205394847908,6.95441802370291,15.3533507234391,13.9996582637393,14.7680362807044,11.3656260887174
38.5,7.75,7,7.67820147140382,6.99982795048854,7.06688885668665,6.95422468929189,15.3564029428076,13.9996559009771,14.7678109289536,11.367813717103
38.6,7.75,7,7.67970232687866,6.99982675698804,7.06178153554154,6.9540334129337,15.3594046537573,13.9996535139761,14.7675850112027,11.3699788980506
38.7,7.75,7,7.68118032309626,6.99982555277726,7.05672752472294,6.95384399616517,15.3623606461925,13.9996511055545,14.7673585829611,11.3721237436947
38.8,7.75,7,7.68263443115215,6.99982433762339,7.05172952018962,6.95365652766984,15.3652688623043,13.9996486752468,14.7671316230948,11.374247321014
38.9,7.75,7,7.68406449806543,6.99982311171665,7.04678824444165,6.95347102417148,15.3681289961309,13.9996462234333,14.7669041300459,11.3763494758527
39,7.75,7,7.68547186937895,6.99982187594869,7.04190158632344,6.9532873720535,15.3709437387579,13.9996437518974,14.7666761355178,11.3784313895561
39.1,7.75,7,7.68685736914807,6.99982063090756,7.03706771949787,6.95310550938683,15.3737147382961,13.9996412618151,14.7664476592717,11.3804937813432
39.2,7.75,7,7.68822058953491,6.99981937664443,7.03228748262268,6.95292547812453,15.3764411790698,13.9996387532889,14.7662186938417,11.3825362712894
39.3,7.75,7,7.68956179213035,6.99981811355553,7.02756131870044,6.95274725226137,15.3791235842607,13.9996362271111,14.7659892466579,11.3845590765097
39.4,7.75,7,7.69088015145539,6.99981684165346,7.02289294504674,6.95257088889062,15.3817603029108,13.9996336833069,14.7657593015467,11.3865614407125
39.5,7.75,7,7.69217624329575,6.99981556136408,7.01827930732205,6.9523963659585,15.3843524865915,13.9996311227282,14.7655288725188,11.3885438614403
39.6,7.75,7,7.69345136317357,6.99981427344216,7.01371750339937,6.95222358017726,15.3869027263471,13.9996285468843,14.7652979892519,11.3905074825191
39.7,7.75,7,7.69470663364304,6.99981297863091,7.00920733228956,6.9520524165028,15.3894132672861,13.9996259572618,14.7650666776332,11.3924532956544
39.8,7.75,7,7.69594054521275,6.99981167664292,7.00475210731948,6.9518830116458,15.3918810904255,13.9996233532858,14.7648349064689,11.3943799301606
39.9,7.75,7,7.69715296117478,6.99981036767409,7.00035125281424,6.95171539391439,15.3943059223496,13.9996207353482,14.7646026742217,11.3962872459344
40,7.75,7,7.69834615502569,6.99980905281331,6.99600123373252,6.95154935641361,15.3966923100514,13.9996181056266,14.7643700312475,11.3981772703549
40.1,7.75,7,7.69951872365037,6.99980773186018,6.99170509094369,6.95138502783894,15.3990374473007,13.9996154637204,14.764136948798,11.4000487257037
40.2,7.75,7,7.70067079846523,6.99980640517726,6.98746301288975,6.95122239842561,15.4013415969305,13.9996128103545,14.7639034312191,11.4019017122689
40.3,7.75,7,7.70180452895443,6.99980507363062,6.98326991500568,6.95106128895814,15.4036090579089,13.9996101472612,14.763669525369,11.4037381529075
40.4,7.75,7,7.70291786415556,6.99980373696984,6.97913127774849,6.9509018757138,15.4058357283111,13.9996074739397,14.7634351892079,11.405556180601
40.5,7.75,7,7.70401196990784,6.999802395805,6.97504476541987,6.95074405934332,15.4080239398157,13.99960479161,14.7632004487187,11.4073568313437
40.6,7.75,7,7.70508838761261,6.99980105075904,6.97100642059676,6.9505877146898,15.4101767752252,13.9996021015181,14.7629653374575,11.4091414835646
40.7,7.75,7,7.70614661325723,6.99979970196923,6.96701757975983,6.95043288914677,15.4122932265145,13.9995994039385,14.7627298459359,11.4109096672406
40.8,7.75,7,7.70718505194404,6.99979834946193,6.96308346396178,6.95027971262314,15.4143701038881,13.9995966989239,14.7624939422586,11.412659920647
40.9,7.75,7,7.70820556198293,6.99979699391412,6.95919979137633,6.95012802658767,15.4164111239659,13.9995939878282,14.7622576664337,11.4143939113828
41,7.75,7,7.70920836296606,6.99979563560141,6.95536504305274,6.94997782781946,15.4184167259321,13.9995912712028,14.7620210240293,11.4161118234037
41.1,7.75,7,7.71019369005976,6.99979427485173,6.95157892412114,6.94982909784108,15.4203873801195,13.9995885497035,14.7617840210393,11.4178138550214
41.2,7.75,7,7.71116229888882,6.99979291210576,6.94784113199709,6.94968175829385,15.4223245977776,13.9995858242115,14.7615466742584,11.41950067866
41.3,7.75,7,7.71211393632632,6.99979154759427,6.94415218135562,6.94953583740807,15.4242278726526,13.9995830951885,14.761308979474,11.4211720494198
41.4,7.75,7,7.71304813402498,6.99979018150628,6.94051185137067,6.94939139669262,15.42609626805,13.9995803630126,14.7610709280239,11.422827524586
41.5,7.75,7,7.71396538343281,6.99978881428033,6.93692116911324,6.94924837340505,15.4279307668656,13.9995776285607,14.760832531285,11.4244675362118
41.6,7.75,7,7.71486691043725,6.99978744628773,6.9333768824582,6.94910666595215,15.4297338208745,13.9995748925755,14.7605938152391,11.4260931881183
41.7,7.75,7,7.71575141759242,6.99978607771604,6.92988172878878,6.9489663996676,15.4315028351848,13.9995721554321,14.7603547544369,11.4277032796429
41.8,7.75,7,7.7166202879619,6.99978470896557,6.92643307918195,6.9488274473988,15.4332405759238,13.9995694179311,14.7601153780469,11.4292990595363
41.9,7.75,7,7.71747375755946,6.99978334028691,6.92302992992547,6.94868979672734,15.4349475151189,13.9995666805738,14.7598756916611,11.4308807301293
42,7.75,7,7.71831055266105,6.99978197203913,6.91967653295043,6.94855355516884,15.4366211053221,13.9995639440783,14.7596356707749,11.432447107062
42.1,7.75,7,7.71913295751379,6.999780604447,6.91636645193589,6.948418529663,15.4382659150276,13.999561208894,14.7593953621057,11.4340002714195
42.2,7.75,7,7.71994104763806,6.99977923775461,6.91309938654217,6.9482847183913,15.4398820952761,13.9995584755092,14.7591547679374,11.4355402795142
42.3,7.75,7,7.72073231271624,6.99977787249686,6.90988353338274,6.9481523323584,15.4414646254325,13.9995557449937,14.7589138393468,11.4370648060095
42.4,7.75,7,7.72150974554149,6.99977650872599,6.90671023378824,6.94802111733712,15.443019491083,13.999553017452,14.7586726367365,11.4385765897836
42.5,7.75,7,7.72227283346349,6.99977514675227,6.90358066510774,6.94789112495649,15.444545666927,13.9995502935045,14.7584311507061,11.4400751445662
42.6,7.75,7,7.72302178185485,6.99977378684864,6.90049456978761,6.94776233768891,15.4460435637097,13.9995475736973,14.7581893861742,11.4415606451518
42.7,7.75,7,7.72375765942373,6.99977242914416,6.89744957329455,6.94763465796809,15.4475153188475,13.9995448582883,14.7579473649971,11.4430340654513
42.8,7.75,7,7.72447871716046,6.9997710742397,6.89445092781201,6.94750824100741,15.4489574343209,13.9995421484794,14.7577050536913,11.4444937727511
42.9,7.75,7,7.72518614116625,6.99976972220457,6.89149479438971,6.94738299116245,15.4503722823325,13.9995394444091,14.7574624762839,11.4459408492625
43,7.75,7,7.72588047626061,6.99976837324862,6.88858041360758,6.94725885535172,15.4517609525212,13.9995367464972,14.7572196442834,11.4473757850768
43.1,7.75,7,7.72656100364169,6.99976702782551,6.88570979619298,6.94713590168476,15.4531220072834,13.999534055651,14.7569765444633,11.4487978983217
43.2,7.75,7,7.72722936445282,6.99976568579709,6.88287798280754,6.94701399051139,15.4544587289056,13.9995313715942,14.7567332093921,11.4502086991526
43.3,7.75,7,7.72788372451428,6.99976434801749,6.88009146039152,6.94689327606356,15.4557674490286,13.999528696035,14.7564896044861,11.4516064659895
43.4,7.75,7,7.72852596479469,6.99976301419422,6.87734389897339,6.94677360383434,15.4570519295894,13.9995260283884,14.7562457666986,11.4529929351859
43.5,7.75,7,7.72915625634144,6.99976168454149,6.87463506013548,6.9466549588943,15.4583125126829,13.999523369083,14.7560016999905,11.454368253033
43.6,7.75,7,7.72977439861369,6.99976035943345,6.8719663816062,6.94653735321708,15.4595487972274,13.9995207188669,14.7557574012724,11.4557322184644
43.7,7.75,7,7.7303797346174,6.99975903941372,6.8693395278626,6.94642085234937,15.4607594692348,13.9995180788274,14.7555128587114,11.4570842012811
43.8,7.75,7,7.73097306403631,6.9997577244662,6.86675182061365,6.94630539163214,15.4619461280726,13.9995154489324,14.7552680882503,11.4584249341489
43.9,7.75,7,7.73155503576774,6.99975641463694,6.86420231943014,6.94619090524002,15.4631100715355,13.9995128292739,14.7550231029715,11.4597550111156
44,7.75,7,7.73212567646804,6.99975511018632,6.86169101752195,6.94607739309306,15.4642513529361,13.9995102203726,14.7547779040092,11.4610744433843
44.1,7.75,7,7.73268542214421,6.99975381112326,6.85921533455993,6.9459648327781,15.4653708442884,13.9995076222465,14.7545325000596,11.4623836271297
44.2,7.75,7,7.73323325178326,6.99975251831796,6.85677997924554,6.94585330206629,15.4664665035665,13.9995050366359,14.7542868727569,11.4636815859949
44.3,7.75,7,7.73377016781132,6.99975123156641,6.85438237576956,6.94574270867955,15.4675403356226,13.9995024631328,14.7540410416198,11.4649692493511
44.4,7.75,7,7.73429663231543,6.99974995083467,6.85201969554795,6.94563302933259,15.4685932646309,13.9994999016693,14.7537950157404,11.4662470390287
44.5,7.75,7,7.73481202178197,6.99974867680971,6.84969511111524,6.94552430979228,15.4696240435639,13.9994973536194,14.7535487842305,11.4675143513045
44.6,7.75,7,7.73531732795868,6.99974740917679,6.84740538076388,6.94541646527605,15.4706346559174,13.9994948183536,14.7533023661164,11.4687721099265
44.7,7.75,7,7.73581202066583,6.99974614853809,6.84515207479056,6.94530954760804,15.4716240413317,13.9994922970762,14.7530557521396,11.4700197981551
44.8,7.75,7,7.73629690031401,6.99974489466968,6.84293310560006,6.94520348264054,15.472593800628,13.9994897893394,14.7528089577173,11.4712581610018
44.9,7.75,7,7.73677116756558,6.99974364841102,6.84075107827831,6.94509834501963,15.4735423351312,13.999487296822,14.7525619687367,11.472486423366
45,7.75,7,7.73723627471658,6.99974240898609,6.83860108570384,6.94499400891572,15.4744725494332,13.9994848179722,14.7523148123646,11.4737059538704
45.1,7.75,7,7.73769187215217,6.99974117693204,6.83648493478909,6.94489050115591,15.4753837443043,13.9994823538641,14.7520674827819,11.4749164059397
45.2,7.75,7,7.73813726342276,6.99973995308671,6.83440478946125,6.94478788899625,15.4762745268455,13.9994799061734,14.7518199678847,11.4761170982762
45.3,7.75,7,7.7385733519447,6.99973873701089,6.8323574731673,6.94468609594409,15.4771467038894,13.9994774740218,14.7515722846397,11.4773088795512
45.4,7.75,7,7.73900043608404,6.9997375287502,6.83034276463836,6.9445850892835,15.4780008721681,13.9994750575004,14.7513244390417,11.478492021668
45.5,7.75,7,7.73941865481135,6.99973632844175,6.82836017491033,6.94448485927426,15.4788373096227,13.9994726568835,14.7510764340908,11.4796666442113
45.6,7.75,7,7.7398281605168,6.9997351361726,6.82640832000768,6.94438540416281,15.4796563210336,13.9994702723452,14.7508282729248,11.4808328797981
45.7,7.75,7,7.74022909065428,6.99973395210235,6.82448753029012,6.94428670532229,15.4804581813086,13.9994679042047,14.7505799585723,11.481990847092
45.8,7.75,7,7.74062069177258,6.99973277730779,6.82260178380161,6.9441888185647,15.4812413835452,13.9994655546156,14.750331478278,11.4831398030946
45.9,7.75,7,7.74100418096365,6.99973161078556,6.82074506296853,6.94409165624401,15.4820083619273,13.9994632215711,14.7500828540238,11.4842809090057
46,7.75,7,7.74137976755627,6.9997304525831,6.81891718140668,6.94399519581336,15.4827595351125,13.9994609051662,14.7498340900199,11.4854143543958
46.1,7.75,7,7.74174647158282,6.9997293040678,6.81712288359746,6.94389951432274,15.4834929431656,13.9994586081356,14.7495851695838,11.4865391734998
46.2,7.75,7,7.74210562817411,6.99972816400944,6.81535622000805,6.94380450698388,15.4842112563482,13.9994563280189,14.7493361166018,11.4876566484524
46.3,7.75,7,7.74245655578092,6.99972703345948,6.813620378814,6.9437102295601,15.4849131115618,13.999454066919,14.7490869196405,11.4887661016684
46.4,7.75,7,7.74280007093132,6.999725911736,6.81191241998358,6.94361661072506,15.4856001418626,13.999451823472,14.7488375934516,11.48986831481
46.5,7.75,7,7.74313558868685,6.99972479979558,6.81023442238,6.94352370622336,15.4862711773737,13.9994495995912,14.7485881282872,11.490962701701
46.6,7.75,7,7.7434640049817,6.99972369680989,6.80858352122214,6.94343143295162,15.4869280099634,13.9994473936198,14.748338540199,11.4920501251596
46.7,7.75,7,7.74378483185344,6.99972260365206,6.8069614345287,6.9433398382612,15.4875696637069,13.9994452073041,14.7480888211786,11.493130091782
46.8,7.75,7,7.74409818470655,6.99972152044497,6.80536771736887,6.94324891438714,15.4881963694131,13.9994430408899,14.7478389736817,11.4942026994366
46.9,7.75,7,7.74440455011671,6.99972044682067,6.80380112008093,6.94315861346465,15.4888091002334,13.9994408936413,14.7475890065703,11.4952684125707
47,7.75,7,7.7447041573103,6.99971938269838,6.8022607051699,6.9430689176989,15.4894083146206,13.9994387653968,14.7473389241597,11.4963274437974
47.1,7.75,7,7.74499698295203,6.9997183283309,6.80074605929193,6.9429798368225,15.4899939659041,13.9994366566618,14.7470887264001,11.497379756121
47.2,7.75,7,7.74528314256727,6.99971728381675,6.79925733682959,6.94289135604468,15.4905662851345,13.9994345676335,14.7468384157204,11.4984254499801
47.3,7.75,7,7.74556247959999,6.99971624968907,6.79779617694387,6.94280348054475,15.4911249592,13.9994324993781,14.7465879900092,11.4994643546951
47.4,7.75,7,7.74583504863415,6.999715226084,6.79636101527902,6.94271622254334,15.4916700972683,13.999430452168,14.7463374504924,11.5004965084434
47.5,7.75,7,7.74610149043018,6.99971421225063,6.79494952083179,6.94262952427493,15.4922029808604,13.9994284245013,14.746086808351,11.5015225361223
47.6,7.75,7,7.74636205445844,6.99971320805446,6.79356217904103,6.94254334896123,15.4927241089169,13.9994264161089,14.7458360682513,11.5025426749171
47.7,7.75,7,7.74661579214083,6.99971221528839,6.7922018065568,6.94245779524291,15.4932315842817,13.9994244305768,14.745585214724,11.5035559575473
47.8,7.75,7,7.74686401157549,6.9997112319923,6.79086324339907,6.94237274592637,15.493728023151,13.9994224639846,14.7453342698759,11.5045636839157
47.9,7.75,7,7.74710581576933,6.99971025999176,6.78955090462508,6.94228827570858,15.4942116315387,13.9994205199835,14.7450832193583,11.5055649355425
48,7.75,7,7.74734211280378,6.99970929790686,6.78826056139787,6.94220431033075,15.4946842256076,13.9994185958137,14.7448320784565,11.5065606142193
48.1,7.75,7,7.74757239258537,6.99970834691552,6.78699471000233,6.9421208936382,15.4951447851707,13.999416693831,14.7445808392312,11.5075501888651
48.2,7.75,7,7.74779756948671,6.99970740554759,6.78574971285978,6.94203794316993,15.4955951389734,13.9994148110952,14.7443295169688,11.5085345738407
48.3,7.75,7,7.74801662204298,6.9997064759904,6.78452961511947,6.94195555595639,15.496033244086,13.9994129519808,14.7440780954543,11.5095127136295
48.4,7.75,7,7.7482303637468,6.99970555693843,6.78333155380406,6.9418736544495,15.4964607274936,13.9994111138769,14.7438265883052,11.5104854222855
48.5,7.75,7,7.74843905461521,6.9997046480882,6.78215443512241,6.94179221684818,15.4968781092304,13.9994092961764,14.7435750000445,11.5114529522699
48.6,7.75,7,7.74864260577099,6.99970374982366,6.78099833570522,6.94171125635123,15.497285211542,13.9994074996473,14.7433233295528,11.5124151986206
48.7,7.75,7,7.74884111000395,6.99970286218955,6.77986328417836,6.94163076177802,15.4976822200079,13.9994057243791,14.7430715787012,11.5133722425753
48.8,7.75,7,7.7490342903576,6.99970198605063,6.7787512290152,6.94155075218458,15.4980685807152,13.9994039721013,14.7428197435538,11.5143237824286
48.9,7.75,7,7.7492224726366,6.99970112091249,6.77765971138495,6.94147121150147,15.4984449452732,13.999402241825,14.742567829549,11.5152701385782
49,7.75,7,7.74940591510187,6.99970026643073,6.77658768763639,6.94139211721623,15.4988118302037,13.9994005328615,14.7423158411109,11.516211564141
49.1,7.75,7,7.74958486696283,6.99969942228855,6.7755354618494,6.94131343299717,15.4991697339257,13.9993988445771,14.74206378259,11.5171483056892
49.2,7.75,7,7.74975920921038,6.99969858895811,6.77450311785957,6.94123517635966,15.4995184184208,13.9993971779162,14.7418116524173,11.5180802246482
49.3,7.75,7,7.74992857322221,6.9996977675297,6.77349131251506,6.94115739391364,15.4998571464444,13.9993955350594,14.7415594451726,11.5190069176279
49.4,7.75,7,7.75009393772777,6.99969695590289,6.77249730105731,6.94107997994009,15.5001878754555,13.9993939118058,14.7413071764371,11.519929399263
49.5,7.75,7,7.75025449760827,6.99969615627106,6.77152406634464,6.94100301723142,15.5005089952165,13.9993923125421,14.7410548341481,11.5208468050539
49.6,7.75,7,7.7504110328014,6.99969536689623,6.77056816431925,6.94092643512356,15.5008220656028,13.9993907337925,14.7408024305674,11.52175994431
49.7,7.75,7,7.75056313453084,6.99969458905788,6.76963185350861,6.9408502687064,15.5011262690617,13.9993891781158,14.7405499598612,11.5226683684944
49.8,7.75,7,7.75071139367086,6.99969382141128,6.76871224341911,6.94077446737078,15.5014227873417,13.9993876428226,14.7402974312634,11.5235726916922
49.9,7.75,7,7.75085516021118,6.99969306593395,6.76781251316013,6.94069909106563,15.5017103204224,13.9993861318679,14.7400448353915,11.5244722032092
50,7.75,7,7.75099526394567,6.99969232058567,6.76692910426613,6.94062406179214,15.5019905278913,13.9993846411713,14.7397921850001,11.5253677772705
50.1,7.75,7,7.7511315901503,6.99969158586269,6.76606231688527,6.94054939433087,15.5022631803006,13.9993831717254,14.739539478652,11.5262592770593
50.2,7.75,7,7.7512640251254,6.99969086230895,6.76521295841943,6.94047509804752,15.5025280502508,13.9993817246179,14.7392867150275,11.5271465645451
50.3,7.75,7,7.75139253789818,6.99969015025682,6.76438164973819,6.94040117257347,15.5027850757964,13.9993803005136,14.7390338940738,11.5280295897543
50.4,7.75,7,7.75151742482983,6.99968944903137,6.76356636172707,6.94032759904866,15.5030348496597,13.9993788980627,14.7387810203998,11.5289086584796
50.5,7.75,7,7.75163875803726,6.99968875862008,6.76276683067759,6.94025437161088,15.5032775160745,13.9993775172402,14.7385280953768,11.5297838344572
50.6,7.75,7,7.75175668379052,6.99968807879853,6.76198339712382,6.94018146680609,15.503513367581,13.9993761575971,14.7382751215102,11.5306552642236
50.7,7.75,7,7.75187119272881,6.99968740978471,6.76121589937913,6.94010888947868,15.5037423854576,13.9993748195694,14.7380220989573,11.5315229225707
50.8,7.75,7,7.75198239564056,6.99968675138855,6.76046266960281,6.94003664335595,15.5039647912811,13.9993735027771,14.7377690295039,11.5323869161163
50.9,7.75,7,7.75209001640181,6.99968610476634,6.75972633675915,6.93996474228939,15.5041800328036,13.9993722095327,14.7375159097251,11.5332469222873
51,7.75,7,7.75219460503863,6.99968546831372,6.75900472206761,6.93989313040465,15.5043892100773,13.9993709366274,14.7372627476932,11.5341035387564
51.1,7.75,7,7.75229585746779,6.99968484322562,6.75829809964162,6.9398218517643,15.5045917149356,13.9993696864512,14.7370095394035,11.5349564081965
51.2,7.75,7,7.75239423695548,6.99968422812358,6.75760524022502,6.93975085226305,15.504788473911,13.9993684562472,14.7367562916391,11.5358060377169
51.3,7.75,7,7.75248930294555,6.99968362475103,6.75692799492317,6.93968017950236,15.5049786058911,13.9993672495021,14.7365029986822,11.5366519127465
51.4,7.75,7,7.75258158517675,6.99968303142095,6.75626386269553,6.93960978297098,15.5051631703535,13.9993660628419,14.7362496680667,11.53749461834
51.5,7.75,7,7.75267078250324,6.99968244942903,6.75561459490626,6.93953969067261,15.5053415650065,13.9993648988581,14.735996296078,11.538333795636
51.6,7.75,7,7.75275730586344,6.99968187744037,6.75497800376586,6.93946986598864,15.5055146117269,13.9993637548807,14.7357428885103,11.5391698995875
51.7,7.75,7,7.75284102309805,6.99968131614159,6.75435491989128,6.93940032157625,15.5056820461961,13.9993626322832,14.7354894439346,11.5400027630176
51.8,7.75,7,7.75292187784666,6.99968076595903,6.75374594105574,6.9393310612988,15.5058437556933,13.9993615319181,14.7352359619766,11.5408323041926
51.9,7.75,7,7.75300009319149,6.99968022621034,6.75314958750288,6.93926206896396,15.506000186383,13.9993604524207,14.7349824458459,11.5416587652888
52,7.75,7,7.75307572484175,6.99967969685925,6.75256567764946,6.93919333963511,15.5061514496835,13.9993593937185,14.734728896581,11.542482195925
52.1,7.75,7,7.75314883763015,6.99967917784244,6.75199459187736,6.93912486072001,15.5062976752603,13.9993583556849,14.7344753153795,11.5433026574136
52.2,7.75,7,7.75321947255785,6.99967866916416,6.75143588364316,6.93905663240422,15.5064389451157,13.9993573383283,14.7342217030505,11.5441201823593
52.3,7.75,7,7.753287698398,6.99967817069164,6.75088834970656,6.93898865883706,15.506575396796,13.9993563413833,14.7339680606934,11.5449348359589
52.4,7.75,7,7.75335356365048,6.9996776824174,6.75035262612063,6.93892092702754,15.506707127301,13.9993553648348,14.7337143892931,11.5457466613872
52.5,7.75,7,7.75341685075219,6.99967720552409,6.74983090237814,6.93885344911677,15.5068337015044,13.9993544110482,14.7334606866439,11.5465553800157
52.6,7.75,7,7.75347801919626,6.99967673811383,6.74931913209359,6.93878619855183,15.5069560383925,13.9993534762277,14.7332069584904,11.5473615286245
52.7,7.75,7,7.75353693347656,6.99967628098633,6.7488186893727,6.93871918338365,15.5070738669531,13.9993525619727,14.7329532035766,11.5481649277721
52.8,7.75,7,7.75359364915973,6.99967583408084,6.74833001877605,6.93865239147805,15.5071872983195,13.9993516681617,14.7326994229384,11.548965630024
52.9,7.75,7,7.7536481676068,6.99967539756294,6.74785227352911,6.93858583379393,15.5072963352136,13.9993507951259,14.7324456168765,11.5497636182764
53,7.75,7,7.75370073179474,6.99967497045207,6.74738476225125,6.93851948021533,15.5074014635895,13.9993499409041,14.7321917885317,11.5505591787196
53.1,7.75,7,7.75375105357976,6.99967455433163,6.74692884735739,6.9384533643789,15.5075021071595,13.9993491086633,14.7319379349801,11.5513519343578
53.2,7.75,7,7.7537995745183,6.99967414719376,6.74648225346916,6.93838744089255,15.5075991490366,13.9993482943875,14.73168406148,11.5521424226408
53.3,7.75,7,7.75384600240205,6.99967375068856,6.74604683790239,6.9383217389549,15.5076920048041,13.9993475013771,14.7314301651729,11.5529302583559
53.4,7.75,7,7.753890516393,6.9996733640818,6.74562140555374,6.93825624401301,15.507781032786,13.9993467281636,14.7311762483414,11.5537156506425
53.5,7.75,7,7.75393322057181,6.99967298700062,6.74520547551337,6.93819094574255,15.5078664411436,13.9993459740012,14.7309223124249,11.5544987163846
53.6,7.75,7,7.75397410892822,6.99967261965385,6.74479956947572,6.93812584102668,15.5079482178564,13.9993452393077,14.7306683577242,11.5552794320697
53.7,7.75,7,7.75401326212543,6.9996722617653,6.74440299500664,6.93806092561524,15.5080265242509,13.9993445235306,14.7304143853753,11.5560578856036
53.8,7.75,7,7.75405069362988,6.99967191341252,6.74401519234025,6.93799620505394,15.5081013872598,13.999343826825,14.7301603958019,11.5568340775712
53.9,7.75,7,7.75408644162165,6.99967157456156,6.7436365872196,6.93793166981771,15.5081728832433,13.9993431491231,14.7299063897651,11.5576080423149
54,7.75,7,7.75412046758718,6.99967124562949,6.74326832222217,6.93786731565968,15.5082409351744,13.999342491259,14.7296523673259,11.5583797117614
54.1,7.75,7,7.75415284935351,6.99967092631076,6.74290844885632,6.93780315257529,15.508305698707,13.9993418526215,14.7293983294759,11.5591491694069
54.2,7.75,7,7.75418372376592,6.99967061596546,6.74255641699216,6.93773916464099,15.5083674475318,13.9993412319309,14.7291442778378,11.5599165830976
54.3,7.75,7,7.75421312047327,6.99967031459335,6.74221349037474,6.93767533423487,15.5084262409465,13.9993406291867,14.728890213098,11.560681979653
54.4,7.75,7,7.75424091891173,6.99967002307647,6.74187929381383,6.9376116884004,15.5084818378235,13.9993400461529,14.7286361344762,11.5614451743271
54.5,7.75,7,7.75426729623611,6.99966974049262,6.74155295726004,6.93754820736923,15.5085345924722,13.9993394809852,14.7283820438827,11.5622063932012
54.6,7.75,7,7.75429225429501,6.9996694669896,6.74123497705981,6.93748488689702,15.50858450859,13.9993389339792,14.7281279416969,11.5629656233995
54.7,7.75,7,7.75431577168033,6.99966920287149,6.74092503465397,6.93742173621218,15.5086315433607,13.999338405743,14.7278738281028,11.5637228148742
54.8,7.75,7,7.75433798950279,6.9996689473739,6.74062269053015,6.9373587364218,15.5086759790056,13.9993378947478,14.7276197045751,11.5644781514536
54.9,7.75,7,7.75435884424504,6.99966870108328,6.74032822903782,6.93729589767361,15.5087176884901,13.9993374021666,14.7273655710016,11.5652315236403
55,7.75,7,7.75437839755208,6.99966846374249,6.74004126045139,6.93723321479881,15.5087567951042,13.999336927485,14.7271114282028,11.5659830021238
55.1,7.75,7,7.75439670968823,6.99966823510117,6.73976179399357,6.93717067835846,15.5087934193765,13.9993364702023,14.7268572769973,11.5667326572286
55.2,7.75,7,7.75441384232998,6.99966801486957,6.73948930532634,6.9371082843681,15.50882768466,13.9993360297391,14.726603118136,11.5674805625283
55.3,7.75,7,7.75442979276821,6.9996678032096,6.73922354889865,6.9370460377029,15.5088595855364,13.9993356064192,14.7263489519356,11.5682266963824
55.4,7.75,7,7.7544445798884,6.99966760014472,6.73896483577347,6.9369839330796,15.5088891597768,13.9993352002894,14.7260947789114,11.5689710698874
55.5,7.75,7,7.75445815036092,6.9996674062556,6.73871418946252,6.93692197120313,15.5089163007218,13.9993348125112,14.7258405992251,11.5697135829483
55.6,7.75,7,7.75447063881145,6.99966722066991,6.73846956884931,6.93686015089641,15.5089412776229,13.9993344413398,14.7255864139423,11.5704544197543
55.7,7.75,7,7.7544820731206,6.99966704332115,6.73823085656591,6.93679846978028,15.5089641462412,13.9993340866423,14.7253322235796,11.5711936057952
55.8,7.75,7,7.75449251824617,6.99966687385311,6.73799901974747,6.9367369059774,15.5089850364923,13.9993337477062,14.7250780288659,11.5719312296042
55.9,7.75,7,7.75450193880294,6.99966671268999,6.73777378180205,6.93667547125542,15.5090038776059,13.99933342538,14.7248238300013,11.5726672156746
56,7.75,7,7.75451029940352,6.9996665602777,6.73755442155373,6.9366141826798,15.509020598807,13.9993331205554,14.724569627238,11.573401483842
56.1,7.75,7,7.75451778510208,6.99966641523985,6.73734116008375,6.93655300242181,15.5090355702042,13.9993328304797,14.7243154216846,11.5741343200261
56.2,7.75,7,7.75452426233556,6.99966627885264,6.73713428138842,6.93649195613537,15.5090485246711,13.9993325577053,14.7240612133056,11.5748654839298
56.3,7.75,7,7.75452984516035,6.99966615029695,6.73693306912695,6.93643103052476,15.5090596903207,13.9993323005939,14.7238070028547,11.5755951443121
56.4,7.75,7,7.75453456386569,6.99966602944586,6.73673760363805,6.93637022010257,15.5090691277314,13.9993320588917,14.7235527907892,11.5763233353141
56.5,7.75,7,7.75453840525023,6.99966591657177,6.73654774199136,6.93630953113301,15.5090768105005,13.9993318331435,14.7232985775126,11.5770500133604
56.6,7.75,7,7.75454138602857,6.99966581168004,6.73636366213866,6.93624896002107,15.5090827720571,13.9993316233601,14.7230443634997,11.5777751877122
56.7,7.75,7,7.75454360840618,6.99966571395983,6.736184670713,6.93618849455153,15.5090872168124,13.9993314279197,14.722790149232,11.5784990186842
56.8,7.75,7,7.75454506070513,6.99966562365214,6.73601066949252,6.93612813998599,15.5090901214103,13.9993312473043,14.7225359350823,11.5792214673467
56.9,7.75,7,7.75454567246761,6.99966554160997,6.73584246130675,6.93606790475956,15.5090913449352,13.9993310832199,14.7222817215836,11.579942384982
57,7.75,7,7.75454555949577,6.99966546684739,6.73567956930983,6.93600777073979,15.5090911189915,13.9993309336948,14.7220275091095,11.5806619629529
57.1,7.75,7,7.7545447306109,6.99966539941536,6.73552125044179,6.93594774616599,15.5090894612218,13.9993307988307,14.7217732980587,11.5813801955042
57.2,7.75,7,7.75454320675695,6.99966533924412,6.73536742740889,6.93588782906885,15.5090864135139,13.9993306784882,14.7215190888355,11.5820971020798
57.3,7.75,7,7.75454104611137,6.99966528585438,6.73521853349506,6.93582800296072,15.5090820922227,13.9993305717088,14.7212648817015,11.5828127789722
57.4,7.75,7,7.75453819336053,6.99966523998966,6.7350747355138,6.93576828073229,15.5090763867211,13.9993304799793,14.7210106773209,11.5835270964044
57.5,7.75,7,7.75453469989334,6.9996652012396,6.73493520932242,6.93570866168134,15.5090693997867,13.9993304024792,14.7207564759558,11.5842401322605
57.6,7.75,7,7.75453057381149,6.99966516967188,6.73480053130352,6.93564913947085,15.509061147623,13.9993303393438,14.7205022780904,11.584951882599
57.7,7.75,7,7.75452587915183,6.99966514468972,6.73466991578275,6.93558970938934,15.5090517583037,13.9993302893794,14.7202480837934,11.58566245736
57.8,7.75,7,7.7545205428393,6.99966512731195,6.73454407757379,6.93553038343435,15.5090410856786,13.9993302546239,14.7199938941014,11.5863716809166
57.9,7.75,7,7.75451468488867,6.99966511625348,6.73442222667971,6.93547114283388,15.5090293697773,13.999330232507,14.7197397086185,11.5870797860778
58,7.75,7,7.75450830269713,6.99966511167424,6.73430421626839,6.93541199167026,15.5090166053943,13.9993302233485,14.719485527802,11.5877867473729
58.1,7.75,7,7.75450136058556,6.99966511417448,6.73419054310354,6.93535293557661,15.5090027211711,13.999330228349,14.719231352526,11.5884924639013
58.2,7.75,7,7.75449390643189,6.99966512329846,6.73408113285129,6.93529396515972,15.5089878128638,13.9993302465969,14.7189771828479,11.5891970205614
58.3,7.75,7,7.75448596210554,6.99966513891424,6.73397530498923,6.93523508453129,15.5089719242111,13.9993302778285,14.7187230190568,11.589900441672
58.4,7.75,7,7.75447754398283,6.99966516095042,6.73387294662829,6.93517629268212,15.5089550879657,13.9993303219008,14.7184688614812,11.5906027426769
58.5,7.75,7,7.75446868735574,6.99966518905395,6.73377444460878,6.93511757748784,15.5089373747115,13.9993303781079,14.7182147101278,11.5913039901182
58.6,7.75,7,7.75445938563927,6.99966522345921,6.73367979743112,6.93505894283733,15.5089187712785,13.9993304469184,14.7179605656188,11.592004145398
58.7,7.75,7,7.75444961677872,6.9996652646561,6.73358865572681,6.93500040141689,15.5088992335574,13.9993305293122,14.717706428948,11.5927031240264
58.8,7.75,7,7.75443946738604,6.99966531151746,6.73350093613929,6.93494193146427,15.5088789347721,13.9993306230349,14.7174522991755,11.5934011253301
58.9,7.75,7,7.75442888638087,6.99966536496481,6.73341682983465,6.93488354798467,15.5088577727617,13.9993307299296,14.7171981778415,11.5940979910391
59,7.75,7,7.75441794670427,6.99966542402874,6.73333575668381,6.93482523815309,15.5088358934085,13.9993308480575,14.71694406408,11.5947938898424
59.1,7.75,7,7.75440660612654,6.99966548952637,6.73325835428814,6.93476700980275,15.5088132122531,13.9993309790527,14.7166899594039,11.5954886834631
59.2,7.75,7,7.75439492188143,6.99966556069453,6.73318387515224,6.9347088561702,15.5087898437629,13.9993311213891,14.7164358631315,11.5961825031322
59.3,7.75,7,7.75438290576991,6.99966563747416,6.73311233168689,6.93465077547539,15.5087658115398,13.9993312749483,14.7161817755256,11.5968753601497
59.4,7.75,7,7.75437055380864,6.99966572007393,6.73304420212978,6.93459276574768,15.5087411076173,13.9993314401479,14.7159276972797,11.5975672209926
59.5,7.75,7,7.75435788674979,6.99966580829551,6.7329788830984,6.93453482952075,15.5087157734996,13.999331616591,14.7156736284728,11.5982581184313
59.6,7.75,7,7.75434489462962,6.99966590249695,6.73291618529434,6.93447697505801,15.5086897892592,13.9993318049939,14.7154195701511,11.5989479902261
59.7,7.75,7,7.75433161214601,6.99966600218102,6.73285659862813,6.9344191871421,15.508663224292,13.999332004362,14.7151655218169,11.5996369245851
59.8,7.75,7,7.75431804399428,6.99966610740826,6.73280038980668,6.93436146346453,15.5086360879886,13.9993322148165,14.7149114839593,11.6003249120682
59.9,7.75,7,7.75430421628639,6.99966621786141,6.7327460351051,6.93430381486837,15.5086084325728,13.9993324357228,14.7146574564038,11.6010120016894
60,7.75,7,7.75429013753705,6.99966633350066,6.73269399984273,6.93424623505069,15.5085802750741,13.9993326670013,14.7144034394084,11.6016982017784
60.1,7.75,7,7.75427579803331,6.99966645465532,6.73264559493242,6.93418871496051,15.5085515960666,13.9993329093106,14.714149433997,11.6023834596735
60.2,7.75,7,7.75426122548165,6.99966658094572,6.73259923093471,6.93413126515699,15.5085224509633,13.9993331618914,14.7138954398195,11.6030678344604
60.3,7.75,7,7.75424642199484,6.99966671248754,6.73255528708532,6.93407388315513,15.5084928439897,13.9993334249751,14.7136414575262,11.6037513065316
60.4,7.75,7,7.75423140855196,6.99966684893984,6.73251399092463,6.93401655997923,15.5084628171039,13.9993336978797,14.7133874866807,11.6044339349486
60.5,7.75,7,7.75421617540912,6.99966699074687,6.732474959671,6.93395930761439,15.5084323508182,13.9993339814937,14.7131335287952,11.605115639577
60.6,7.75,7,7.75420076070392,6.99966713711815,6.7324381830853,6.93390211175744,15.5084015214078,13.9993342742363,14.712879582289,11.6057965567171
60.7,7.75,7,7.75418513958194,6.99966728888762,6.73240382861554,6.93384498521554,15.5083702791639,13.9993345777752,14.7126256497033,11.606476539684
60.8,7.75,7,7.75416935302907,6.99966744515542,6.73237143148574,6.9337879169233,15.5083387060581,13.9993348903108,14.712371729097,11.6071557422502
60.9,7.75,7,7.75415339818114,6.99966760615183,6.73234136551243,6.93373090663352,15.5083067963623,13.9993352123037,14.7121178214318,11.6078341236759
61,7.75,7,7.75413728234897,6.99966777187509,6.73231332052554,6.93367395762137,15.5082745646979,13.9993355437502,14.7118639271258,11.6085116809189
61.1,7.75,7,7.7541210075377,6.99966794248623,6.73228716131872,6.93361707410284,15.5082420150754,13.9993358849725,14.7116100470877,11.6091883825709
61.2,7.75,7,7.75410459063754,6.9996681176316,6.73226321564524,6.93356024602626,15.5082091812751,13.9993362352632,14.7113561806578,11.6098642898116
61.3,7.75,7,7.75408803966202,6.99966829723892,6.73224151827702,6.93350347162987,15.508176079324,13.9993365944778,14.7111023279984,11.6105394130479
61.4,7.75,7,7.7540713650875,6.99966848123067,6.73222109575109,6.93344676034788,15.508142730175,13.9993369624613,14.710848489346,11.6112137595045
61.5,7.75,7,7.75405457320402,6.99966866956128,6.73220223587869,6.93339010810004,15.508109146408,13.9993373391226,14.7105946649183,11.6118873356098
61.6,7.75,7,7.75403767286952,6.9996688619877,6.73218593471203,6.93333349943129,15.508075345739,13.9993377239754,14.710340854163,11.612560186199
61.7,7.75,7,7.75402065754306,6.99966905913164,6.73217132633362,6.93327695494482,15.5080413150861,13.9993381182633,14.7100870597568,11.6132321923446
61.8,7.75,7,7.75400354952571,6.99966926036256,6.7321577552353,6.93322047085232,15.5080070990514,13.9993385207251,14.7098332799816,11.6139034617001
61.9,7.75,7,7.75398635262425,6.99966946558501,6.73214645124015,6.93316403174096,15.5079727052485,13.99933893117,14.7095795147341,11.6145740133819
62,7.75,7,7.75396906872092,6.99966967506993,6.73213668892311,6.93310765051934,15.5079381374418,13.9993393501399,14.7093257655182,11.6152437913522
62.1,7.75,7,7.75395170713605,6.99966988864181,6.73212843978307,6.93305132446393,15.5079034142721,13.9993397772836,14.7090720321251,11.6159128234513
62.2,7.75,7,7.75393427759659,6.99967010600079,6.73212180684686,6.93299504719216,15.5078685551932,13.9993402120016,14.7088183137386,11.6165811618012
62.3,7.75,7,7.75391677998603,6.99967032752768,6.73211660420831,6.93293882759267,15.5078335599721,13.9993406550554,14.708564612377,11.6172487306496
62.4,7.75,7,7.75389922509841,6.99967055282162,6.73211293743436,6.93288265749745,15.5077984501968,13.9993411056432,14.708310926787,11.6179156008934
62.5,7.75,7,7.75388162076218,6.99967078167942,6.73211060366107,6.93282653567731,15.5077632415244,13.9993415633588,14.7080572565082,11.6185818058731
62.6,7.75,7,7.75386396491934,6.9996710146961,6.73210963022171,6.9327704725236,15.5077279298387,13.9993420293922,14.7078036046143,11.6192472285263
62.7,7.75,7,7.75384626783096,6.99967125137989,6.73211017153122,6.9327144577314,15.5076925356619,13.9993425027598,14.7075499693486,11.6199119577873
62.8,7.75,7,7.75382853589077,6.99967149155782,6.73211212120086,6.9326584895596,15.5076570717815,13.9993429831156,14.7072963503304,11.6205760218358
62.9,7.75,7,7.75381077476655,6.99967173528382,6.73211495263643,6.93260257502844,15.5076215495331,13.9993434705676,14.70704274831,11.621239403286
63,7.75,7,7.75379298855794,6.9996719825144,6.73211887683307,6.93254671118686,15.5075859771159,13.9993439650288,14.7067891634733,11.6219021066294
63.1,7.75,7,7.75377518124535,6.99967223293188,6.73212438360092,6.93249088702036,15.5075503624907,13.9993444658638,14.7065355945276,11.6225641918749
63.2,7.75,7,7.75375735577109,6.99967248727942,6.73213111067488,6.93243512022987,15.5075147115422,13.9993449745588,14.7062820458403,11.6232255051216
63.3,7.75,7,7.75373952078359,6.99967274466113,6.7321386803223,6.93237939907461,15.5074790415672,13.9993454893223,14.7060285132381,11.6238862167603
63.4,7.75,7,7.75372167731995,6.99967300566496,6.732147726225,6.93232372739655,15.5074433546399,13.9993460113299,14.705775000231,11.6245462066646
63.5,7.75,7,7.75370383225861,6.99967326966003,6.73215759036119,6.93226810131543,15.5074076645172,13.9993465393201,14.7055215039074,11.6252055933119
63.6,7.75,7,7.75368598902672,6.99967353719512,6.73216865206415,6.9322125269345,15.5073719780534,13.9993470743902,14.7052680277859,11.6258642608794
63.7,7.75,7,7.7536681510874,6.99967380763138,6.73218070662626,6.93215699506962,15.5073363021748,13.9993476152628,14.7050145686506,11.6265223337118
63.8,7.75,7,7.75365032296973,6.99967408105451,6.732193539683,6.93210150997059,15.5073006459395,13.999348162109,14.7047611274515,11.6271797878763
63.9,7.75,7,7.75363250981959,6.99967435789081,6.73220751445063,6.93204607586319,15.5072650196392,13.9993487157816,14.7045077072498,11.6278365291814
64,7.75,7,7.75361471265878,6.99967463762937,6.73222263726703,6.93199068346174,15.5072294253176,13.9993492752587,14.7042543053398,11.6284926590197
64.1,7.75,7,7.7535969375886,6.99967492029195,6.73223833148198,6.93193533997839,15.5071938751772,13.9993498405839,14.7040009224449,11.6291481636169
64.2,7.75,7,7.753579187707,6.99967520583415,6.73225465442386,6.93188004427858,15.507158375414,13.9993504116683,14.7037475587273,11.6298030465758
64.3,7.75,7,7.75356146272828,6.99967549418017,6.73227235407154,6.93182478686072,15.5071229254566,13.9993509883603,14.7034942139465,11.6304573224647
64.4,7.75,7,7.75354376794764,6.99967578532455,6.73229098634352,6.93176957297685,15.5070875358953,13.9993515706491,14.7032408886392,11.6311109836219
64.5,7.75,7,7.75352611046934,6.99967607918672,6.73230947463354,6.93171441356925,15.5070522209387,13.9993521583734,14.7029875829969,11.6317640350054
64.6,7.75,7,7.7535084916109,6.99967637598117,6.7323291376908,6.93165929842573,15.5070169832218,13.9993527519623,14.7027342987714,11.6324164287054
64.7,7.75,7,7.75349090871116,6.99967667535737,6.73235018611085,6.93160421871401,15.5069818174223,13.9993533507147,14.702481033794,11.6330682386442
64.8,7.75,7,7.75347337210668,6.99967697738111,6.7323712990527,6.93154919105254,15.5069467442134,13.9993539547622,14.7022277894423,11.6337194344819
64.9,7.75,7,7.75345587892591,6.99967728192411,6.73239333919237,6.93149420357071,15.5069117578518,13.9993545638482,14.7019745649356,11.6343700447437
65,7.75,7,7.75343843602077,6.99967758911383,6.73241613373483,6.93143926127344,15.5068768720415,13.9993551782277,14.701721361895,11.6350200305274
65.1,7.75,7,7.75342104173191,6.99967789865381,6.73243939842845,6.93138436178334,15.5068420834638,13.9993557973076,14.7014681784481,11.6356694537181
65.2,7.75,7,7.75340370461466,6.99967821085015,6.73246350914506,6.9313295076529,15.5068074092293,13.9993564217003,14.7012150176226,11.6363182348294
65.3,7.75,7,7.75338641949664,6.99967852526282,6.73248805080069,6.93127469493101,15.5067728389933,13.9993570505256,14.7009618762442,11.636966471338
65.4,7.75,7,7.7533691947086,6.99967884213279,6.7325132085737,6.93121992707428,15.5067383894172,13.9993576842656,14.7007087569261,11.6376140970351
65.5,7.75,7,7.75335203024241,6.99967916135817,6.73253911845495,6.93116520092001,15.5067040604848,13.9993583227163,14.7004556592432,11.6382611303919
65.6,7.75,7,7.75333492792525,6.99967948281894,6.73256537333365,6.93111051904486,15.5066698558505,13.9993589656379,14.7002025827565,11.6389075910884
65.7,7.75,7,7.75331788942648,6.99967980647774,6.73259202478614,6.93105588057461,15.506635778853,13.9993596129555,14.6999495276115,11.6395534814146
65.8,7.75,7,7.75330091491688,6.99968013232944,6.73261961524609,6.93100127977282,15.5066018298338,13.9993602646589,14.6996964940885,11.6401987988613
65.9,7.75,7,7.75328400746592,6.99968046030539,6.73264768524111,6.93094672088534,15.5065680149318,13.9993609206108,14.6994434822062,11.6408435501698
66,7.75,7,7.75326717168711,6.99968079034333,6.73267548983751,6.93089221154413,15.5065343433742,13.9993615806867,14.6991904921529,11.6414877382462
66.1,7.75,7,7.75325040694293,6.99968112246215,6.73270386351263,6.93083774325492,15.5065008138859,13.9993622449243,14.6989375243512,11.6421313561711
66.2,7.75,7,7.75323371815381,6.99968145683481,6.73273371466431,6.93078331031217,15.5064674363076,13.9993629136696,14.698684580959,11.6427743535205
66.3,7.75,7,7.75321710201757,6.99968179303284,6.73276315498486,6.93072892490286,15.5064342040351,13.9993635860657,14.6984316585621,11.6434168268056
66.4,7.75,7,7.75320056004941,6.99968213110811,6.73279276595953,6.93067458215334,15.5064011200988,13.9993642622162,14.6981787580144,11.6440587583299
66.5,7.75,7,7.75318409832289,6.9996824712679,6.7328235420291,6.93062027629569,15.5063681966458,13.9993649425358,14.6979258819198,11.6447000871392
66.6,7.75,7,7.7531677147553,6.99968281323299,6.73285426238482,6.93056601523157,15.5063354295106,13.999365626466,14.6976730281037,11.645340875332
66.7,7.75,7,7.75315140969042,6.99968315701736,6.73288544483822,6.93051179396098,15.5063028193808,13.9993663140347,14.6974201970369,11.6459811151038
66.8,7.75,7,7.75313518942697,6.99968350268082,6.73291698330036,6.9304576159056,15.5062703788539,13.9993670053616,14.6971673901861,11.6466207772486
66.9,7.75,7,7.75311904689638,6.99968384999853,6.73294872562576,6.93040347775178,15.5062380937928,13.9993676999971,14.6969146052524,11.6472599215466
67,7.75,7,7.75310299296605,6.9996841991704,6.73298096844816,6.93034938194091,15.5062059859321,13.9993683983408,14.6966618454197,11.6478984777047
67.1,7.75,7,7.7530870242524,6.99968455003425,6.7330133959065,6.93029532862152,15.5061740485048,13.9993691000685,14.6964091092806,11.6485364846225
67.2,7.75,7,7.75307113841044,6.99968490249489,6.73304601166699,6.93024131590196,15.5061422768209,13.9993698049898,14.6961563960841,11.6491739642964
67.3,7.75,7,7.75305533841607,6.99968525660191,6.73307920047694,6.93018734136365,15.5061106768321,13.9993705132038,14.6959037069505,11.6498108947427
67.4,7.75,7,7.75303962406845,6.99968561226351,6.73311258719752,6.93013340754799,15.5060792481369,13.999371224527,14.6956510413536,11.6504472934697
67.5,7.75,7,7.75302399913823,6.99968596945665,6.73314575022319,6.93007951941278,15.5060479982765,13.9993719389133,14.695398399816,11.6510831542427
67.6,7.75,7,7.75300846282095,6.99968632818075,6.73317924768263,6.93002567120373,15.5060169256419,13.9993726563615,14.6951457826381,11.6517184734479
67.7,7.75,7,7.75299302129449,6.99968668853618,6.7332135285434,6.92997186144036,15.505986042589,13.9993733770724,14.6948931919067,11.6523532087621
67.8,7.75,7,7.75297766254758,6.99968705019051,6.73324762816844,6.9299180923589,15.5059553250952,13.999374100381,14.6946406233535,11.6529874605464
67.9,7.75,7,7.75296240315216,6.99968741340795,6.73328199388972,6.92986436742375,15.5059248063043,13.9993748268159,14.6943880818959,11.6536211249997
68,7.75,7,7.75294722678863,6.99968777790206,6.7333166529596,6.92981067838979,15.5058944535773,13.9993755558041,14.6941355631498,11.6542543009199
68.1,7.75,7,7.75293215079362,6.9996881438669,6.73335133621415,6.92975703524631,15.5058643015872,13.9993762877338,14.6938830715243,11.6548868987735
68.2,7.75,7,7.75291716097129,6.99968851108616,6.73338632776193,6.92970342864934,15.5058343219426,13.9993770221723,14.693630603494,11.6555189969187
68.3,7.75,7,7.75290226701415,6.99968887964387,6.73342144021306,6.92964986433489,15.5058045340283,13.9993777592877,14.6933781615126,11.6561505480695
68.4,7.75,7,7.75288747002512,6.99968924950787,6.73345655741647,6.92959634351052,15.5057749400502,13.9993784990157,14.6931257457989,11.6567815521618
68.5,7.75,7,7.75287276494629,6.99968962060822,6.73349203800815,6.92954286047364,15.5057455298926,13.9993792412164,14.6928733554011,11.6574120320818
68.6,7.75,7,7.75285815049486,6.9996899928826,6.73352771227794,6.92948941591792,15.5057163009897,13.9993799857652,14.6926209898498,11.6580420015686
68.7,7.75,7,7.75284363120557,6.99969036631627,6.73356309891161,6.92943601588497,15.5056872624111,13.9993807326325,14.6923686499446,11.6586714491052
68.8,7.75,7,7.75282920593113,6.99969074089717,6.73359857037591,6.92938265637968,15.5056584118623,13.9993814817943,14.6921163358325,11.6593003743745
68.9,7.75,7,7.75281487066646,6.99969111661645,6.7336349243684,6.92932932841774,15.5056297413329,13.9993822332329,14.6918640473285,11.6599287825518
69,7.75,7,7.75280064142255,6.99969149352268,6.73367090091174,6.92927604994848,15.5056012828451,13.9993829870454,14.6916117876196,11.6605566171452
69.1,7.75,7,7.75278650694757,6.99969187144233,6.73370632186889,6.92922281750021,15.5055730138951,13.9993837428847,14.6913595535279,11.6611839457538
69.2,7.75,7,7.75277245816921,6.99969225036438,6.733742564378,6.92916961483773,15.5055449163384,13.9993845007288,14.6911073440845,11.6618107868541
69.3,7.75,7,7.75275851059398,6.99969263037285,6.73377893734104,6.92911645467242,15.505517021188,13.9993852607457,14.6908551629922,11.6624370731382
69.4,7.75,7,7.75274465801566,6.99969301133271,6.73381490217399,6.92906333900981,15.5054893160313,13.9993860226654,14.6906030080753,11.663062851979
69.5,7.75,7,7.75273090123806,6.99969339329737,6.73385136423642,6.92901026008871,15.5054618024761,13.9993867865947,14.6903508806635,11.6636880986684
69.6,7.75,7,7.75271723546235,6.99969377614759,6.73388770209618,6.92895722130622,15.5054344709247,13.9993875522952,14.690098778868,11.6643128543041
69.7,7.75,7,7.75270367556056,6.99969416001479,6.73392409478399,6.92890422740096,15.5054073511211,13.9993883200296,14.6898467072668,11.6649370344901
69.8,7.75,7,7.75269020081563,6.9996945446834,6.73396059289073,6.92885126902091,15.5053804016313,13.9993890893668,14.6895946601591,11.66556075063
69.9,7.75,7,7.75267682827097,6.99969493027131,6.73399697434406,6.92879835541937,15.5053536565419,13.9993898605426,14.6893426423551,11.6661839155991
70,7.75,7,7.75266355231628,6.99969531672341,6.73403350647163,6.92874548182144,15.5053271046326,13.9993906334468,14.6890906527152,11.6668065535154
70.1,7.75,7,7.75265036599558,6.999695703952,6.73407011201687,6.92869264594771,15.5053007319912,13.999391407904,14.6888386893049,11.6674287036792
70.2,7.75,7,7.75263727420756,6.99969609195688,6.734106482219,6.92863985265951,15.5052745484151,13.9993921839138,14.6885867533821,11.6680503463866
70.3,7.75,7,7.75262427590319,6.99969648072594,6.7341428521845,6.92858709945691,15.5052485518064,13.9993929614519,14.6883348450848,11.6686714813863
70.4,7.75,7,7.75261137313017,6.99969687029693,6.73417982026754,6.92853438196108,15.5052227462603,13.9993937405939,14.688082965897,11.6692920829527
70.5,7.75,7,7.75259857012995,6.99969726060969,6.73421637296786,6.92848171105236,15.5051971402599,13.9993945212194,14.6878311161648,11.6699121508282
70.6,7.75,7,7.75258586242603,6.99969765159616,6.73425231934733,6.92842908657501,15.5051717248521,13.9993953031923,14.6875792945446,11.6705317129391
70.7,7.75,7,7.75257324284641,6.99969804326641,6.73428884026683,6.92837649504845,15.5051464856928,13.9993960865328,14.6873275004187,11.6711507798517
70.8,7.75,7,7.75256071371525,6.99969843560879,6.73432577732005,6.92832393896977,15.5051214274305,13.9993968712176,14.6870757345224,11.6717693415071
70.9,7.75,7,7.75254828394467,6.9996988285761,6.73436178471269,6.9282714342294,15.5050965678893,13.9993976571522,14.686823998271,11.6723873793577
71,7.75,7,7.75253594622279,6.99969922218527,6.73439814351493,6.92821896642897,15.5050718924456,13.9993984443705,14.6865722911374,11.6730049020465
71.1,7.75,7,7.75252369868961,6.99969961639861,6.73443474478209,6.92816653585125,15.5050473973792,13.9993992327972,14.686320612657,11.6736219208919
71.2,7.75,7,7.75251154476927,6.99970001118125,6.73447096960928,6.9281141495952,15.5050230895385,13.9994000223625,14.6860689634074,11.6742384300997
71.3,7.75,7,7.75249948513511,6.99970040655583,6.73450739219335,6.92806180304083,15.5049989702702,13.9994008131117,14.6858173445687,11.6748544104651
71.4,7.75,7,7.75248751236411,6.99970080243798,6.7345436431359,6.92800949632732,15.5049750247282,13.999401604876,14.6855657535512,11.6754699104237
71.5,7.75,7,7.75247563850793,6.99970119888874,6.73457984839854,6.92795723384852,15.5049512770159,13.9994023977775,14.6853141947006,11.6760848575769
71.6,7.75,7,7.75246385071266,6.99970159582399,6.73461609802926,6.92790500928039,15.5049277014253,13.999403191648,14.6850626641993,11.6766993198348
71.7,7.75,7,7.75245215061938,6.99970199322279,6.73465213805503,6.92785282575573,15.5049043012388,13.9994039864456,14.6848111625204,11.6773132921817
71.8,7.75,7,7.75244053980528,6.99970239108757,6.73468811359882,6.92780068288383,15.5048810796106,13.9994047821751,14.6845596906387,11.6779267601258
71.9,7.75,7,7.75242902311719,6.99970278944892,6.73472438691197,6.92774857987156,15.5048580462344,13.9994055788978,14.6843082509499,11.6785396849389
72,7.75,7,7.75241759595838,6.9997031882283,6.73476030546987,6.92769652059767,15.5048351919168,13.9994063764566,14.6840568413755,11.6791521061424
72.1,7.75,7,7.75240625812637,6.99970358740583,6.73479579638803,6.9276445058203,15.5048125162527,13.9994071748117,14.683805462044,11.6797640242682
72.2,7.75,7,7.75239500270055,6.99970398697689,6.73483155777821,6.92759252645418,15.5047900054011,13.9994079739538,14.6835541117446,11.6803754597789
72.3,7.75,7,7.75238383251584,6.99970438693563,6.73486749763318,6.9275405848193,15.5047676650317,13.9994087738713,14.6833027916311,11.6809863961168
72.4,7.75,7,7.75237275935854,6.99970478728001,6.73490296250547,6.92748869234393,15.5047455187171,13.99940957456,14.683051505343,11.6815967778643
72.5,7.75,7,7.75236176390955,6.99970518795168,6.73493859338739,6.92743683468449,15.5047235278191,13.9994103759034,14.6828002471679,11.682206699357
72.6,7.75,7,7.75235086224794,6.99970558898409,6.73497407540592,6.92738502236045,15.5047017244959,13.9994111779682,14.6825490227938,11.6828160710359
72.7,7.75,7,7.75234003970225,6.99970599030662,6.73500940545508,6.92733324875116,15.5046800794045,13.9994119806132,14.682297827205,11.6834249768245
72.8,7.75,7,7.75232930877893,6.99970639196478,6.73504480933031,6.92728151808151,15.5046586175579,13.9994127839296,14.6820466656527,11.6840333335847
72.9,7.75,7,7.75231865958527,6.9997067938932,6.73507998509521,6.92722982854096,15.5046373191705,13.9994135877864,14.6817955343879,11.6846412049822
73,7.75,7,7.75230809135522,6.99970719608168,6.73511500616454,6.92717817937115,15.5046161827104,13.9994143921634,14.6815444335331,11.6852485909502
73.1,7.75,7,7.7522976058052,6.99970759854504,6.73515027279954,6.92712656819936,15.5045952116104,13.9994151970901,14.6812933646444,11.6858554677767
73.2,7.75,7,7.75228720318415,6.99970800124629,6.73518530786686,6.92707499956592,15.5045744063683,13.9994160024926,14.6810423274796,11.6864618429701
73.3,7.75,7,7.75227688961041,6.99970840417248,6.73521977264746,6.92702347971533,15.5045537792208,13.999416808345,14.6807913243042,11.687067684162
73.4,7.75,7,7.7522666552552,6.9997088073242,6.73525445698828,6.92697199728689,15.5045333105104,13.9994176146484,14.6805403528021,11.6876730279498
73.5,7.75,7,7.75225650028339,6.99970921070211,6.73528959506655,6.92692055064312,15.5045130005668,13.9994184214042,14.6802894137477,11.6882778637734
73.6,7.75,7,7.75224642630887,6.99970961423176,6.73532386179544,6.92686915229404,15.5044928526177,13.9994192284635,14.6800385061435,11.6888822130939
73.7,7.75,7,7.75223643083908,6.99971001792325,6.73535778936939,6.92681779669637,15.5044728616782,13.9994200358465,14.6797876301324,11.6894860742401
73.8,7.75,7,7.75222651447568,6.99971042182427,6.73539255021988,6.92676647442767,15.5044530289514,13.9994208436485,14.6795367881598,11.690089408376
73.9,7.75,7,7.75221667731925,6.99971082585454,6.73542673380418,6.92671519793908,15.5044333546385,13.9994216517091,14.6792859784446,11.6906922491006
74,7.75,7,7.7522069201298,6.99971123002169,6.73546070709427,6.92666396482972,15.5044138402596,13.9994224600434,14.6790352022885,11.6912945777104
74.1,7.75,7,7.75219723669558,6.99971163432547,6.73549491133394,6.92661276840747,15.5043944733912,13.9994232686509,14.6787844581183,11.6918964189915
74.2,7.75,7,7.7521876359699,6.9997120387401,6.73552874059431,6.92656161890452,15.5043752719398,13.9994240774802,14.6785337492357,11.6924977268459
74.3,7.75,7,7.75217810535403,6.99971244325576,6.73556260636734,6.9265105064671,15.5043562107081,13.9994248865115,14.6782830712007,11.6930985692964
74.4,7.75,7,7.75216865782756,6.99971284786913,6.73559629807974,6.92645944019094,15.5043373156551,13.9994256957383,14.6780324298175,11.6936988617969
74.5,7.75,7,7.75215928123193,6.9997132525538,6.73562979451961,6.92640841405002,15.5043185624639,13.9994265051076,14.6777818200315,11.694298682349
74.6,7.75,7,7.75214997746736,6.99971365731574,6.73566339041343,6.92635742691449,15.5042999549347,13.9994273146315,14.6775312435784,11.6948980061349
74.7,7.75,7,7.75214074831814,6.99971406213333,6.73569679438119,6.92630648257874,15.5042814966363,13.9994281242667,14.6772807011885,11.6954968252209
74.8,7.75,7,7.75213159755462,6.99971446699023,6.73572981547451,6.92625558512945,15.5042631951092,13.9994289339805,14.6770301947288,11.6960951147622
74.9,7.75,7,7.75212251767009,6.99971487189386,6.73576297587089,6.92620472637439,15.5042450353402,13.9994297437877,14.6767797220417,11.6966929072745
75,7.75,7,7.75211350748656,6.99971527683731,6.73579634849821,6.92615390539415,15.5042270149731,13.9994305536746,14.6765292831071,11.6972902048314
75.1,7.75,7,7.75210457018213,6.99971568177299,6.73582901485129,6.92610313203562,15.5042091403643,13.999431363546,14.6762788782157,11.6978870077991
75.2,7.75,7,7.75209570389694,6.99971608670567,6.73586131873153,6.92605240273045,15.5041914077939,13.9994321734113,14.6760285075096,11.6984833151087
75.3,7.75,7,7.75208690018214,6.99971649167315,6.73589438789026,6.92600170353757,15.5041738003643,13.9994329833463,14.6757781692924,11.6990791499443
75.4,7.75,7,7.75207817481392,6.99971689661655,6.73592705486056,6.9259510537988,15.5041563496278,13.9994337932331,14.6755278697434,11.6996744285866
75.5,7.75,7,7.75206951874078,6.99971730151354,6.73595898734835,6.92590045133615,15.5041390374816,13.9994346030271,14.6752776041381,11.7002692221614
75.6,7.75,7,7.75206092537946,6.99971770641045,6.73599149367132,6.92584988178009,15.5041218507589,13.9994354128209,14.6750273720231,11.7008635352535
75.7,7.75,7,7.75205240341599,6.9997181112607,6.73602372266646,6.92579935775938,15.504104806832,13.9994362225214,14.6747771766987,11.7014573251579
75.8,7.75,7,7.75204394952657,6.99971851605872,6.73605573922406,6.92574887715959,15.5040878990531,13.9994370321174,14.6745270170504,11.7020506097386
75.9,7.75,7,7.75203555868683,6.99971892081007,6.73608780587548,6.92569843511,15.5040711173737,13.9994378416201,14.6742768913449,11.7026434145953
76,7.75,7,7.75202723819737,6.99971932548609,6.73611957786953,6.92564803938538,15.5040544763947,13.9994386509722,14.6740268033195,11.7032356900993
76.1,7.75,7,7.7520189812318,6.99971973009557,6.73615134774409,6.92559768373911,15.5040379624636,13.9994394601911,14.6737767503148,11.7038274747725
76.2,7.75,7,7.75201078471379,6.99972013463022,6.7361830122183,6.92554736743215,15.5040215694276,13.9994402692604,14.6735267308372,11.7044187915813
76.3,7.75,7,7.75200265990099,6.99972053905956,6.73621436838657,6.9254970997476,15.504005319802,13.9994410781191,14.6732767512895,11.7050095539363
76.4,7.75,7,7.75199459746192,6.99972094340039,6.7362457895964,6.92544687211132,15.5039891949238,13.9994418868008,14.6730268076946,11.7055998181771
76.5,7.75,7,7.7519865947176,6.99972134764794,6.73627724905087,6.92539668338184,15.5039731894352,13.9994426952959,14.6727768989005,11.7061896021236
76.6,7.75,7,7.75197865527862,6.9997217517694,6.73630820824497,6.92534654065699,15.5039573105572,13.9994435035388,14.6725270262989,11.7067788899708
76.7,7.75,7,7.75197077763604,6.99972215576813,6.73633891750227,6.92529644134499,15.5039415552721,13.9994443115363,14.6722771900295,11.7073676809631
76.8,7.75,7,7.75196295419701,6.99972255967304,6.73637000178837,6.92524637572088,15.503925908394,13.9994451193461,14.6720273873614,11.7079560122933
76.9,7.75,7,7.75195520033145,6.99972296342213,6.73640081556713,6.92519635983523,15.5039104006629,13.9994459268443,14.6717776267195,11.7085437731435
77,7.75,7,7.75194750133914,6.99972336703816,6.73643134086783,6.92514638418628,15.5038950026783,13.9994467340763,14.6715278995289,11.7091310819506
77.1,7.75,7,7.75193986593533,6.99972377050761,6.73646201512587,6.92509645180531,15.5038797318707,13.9994475410152,14.6712782127583,11.709717845131
77.2,7.75,7,7.75193228487396,6.99972417383119,6.73649241020898,6.92504656000982,15.5038645697479,13.9994483476624,14.6710285600469,11.7103041514907
77.3,7.75,7,7.75192476794585,6.99972457698201,6.73652272426742,6.92499671464624,15.5038495358917,13.999449153964,14.6707789486871,11.7108899045687
77.4,7.75,7,7.75191730352152,6.9997249799851,6.73655300161803,6.92494690747702,15.503834607043,13.9994499599702,14.6705293717344,11.7114751989696
77.5,7.75,7,7.7519098945107,6.99972538281804,6.73658299427279,6.92489714291559,15.5038197890214,13.9994507656361,14.670279830936,11.7120600137266
77.6,7.75,7,7.75190254753504,6.99972578545979,6.73661293227905,6.92484742452111,15.5038050950701,13.9994515709196,14.6700303318739,11.7126442761874
77.7,7.75,7,7.75189525366755,6.99972618793642,6.73664302749431,6.92479774452459,15.5037905073351,13.9994523758728,14.6697808695856,11.7132280533218
77.8,7.75,7,7.7518880157266,6.9997265902141,6.73667268678153,6.92474811003276,15.5037760314532,13.9994531804282,14.6695314449965,11.7138113364546
77.9,7.75,7,7.75188083284643,6.99972699229104,6.73670199488292,6.92469852017997,15.5037616656929,13.9994539845821,14.6692820582388,11.714394125409
78,7.75,7,7.7518737003989,6.99972739419952,6.73673175123035,6.92464896574238,15.5037474007978,13.999454788399,14.6690327086404,11.7149764283625
78.1,7.75,7,7.75186662054203,6.99972779591217,6.73676150656202,6.92459945223813,15.5037332410841,13.9994555918243,14.6687833970594,11.7155582371993
78.2,7.75,7,7.75185959735489,6.99972819737765,6.73679022433816,6.92454999117068,15.5037191947098,13.9994563947553,14.6685341242035,11.716139547619
78.3,7.75,7,7.75185262838595,6.99972859863287,6.73681919185537,6.92450057137886,15.5037052567719,13.9994571972657,14.6682848923735,11.7167203280635
78.4,7.75,7,7.75184570648269,6.99972899970731,6.73684869485652,6.92445118546176,15.5036914129654,13.9994579994146,14.6680356975635,11.7173006311428
78.5,7.75,7,7.75183883970468,6.99972940052581,6.73687742031875,6.92440185022098,15.5036776794094,13.9994588010516,14.6677865427398,11.7178804244685
78.6,7.75,7,7.75183202087426,6.99972980113686,6.73690630236628,6.92435255326737,15.5036640417485,13.9994596022737,14.667537425567,11.718459736873
78.7,7.75,7,7.75182525446768,6.99973020150747,6.73693511257921,6.92430330048296,15.5036505089354,13.9994604030149,14.6672883494596,11.7190385274244
78.8,7.75,7,7.75181853537397,6.99973060165027,6.73696367369637,6.9242540893485,15.5036370707479,13.9994612033005,14.6670393103835,11.7196168495847
78.9,7.75,7,7.75181186895093,6.99973100154003,6.73699228746999,6.9242049226674,15.5036237379019,13.9994620030801,14.6667903141279,11.7201946311292
79,7.75,7,7.75180524797393,6.99973140119854,6.73702066688538,6.92415579682545,15.5036104959479,13.9994628023971,14.6665413544999,11.7207719527385
79.1,7.75,7,7.75179867668865,6.99973180060087,6.73704893661814,6.9241067150461,15.5035973533773,13.9994636012017,14.6662924359422,11.721348760005
79.2,7.75,7,7.75179215319141,6.99973219975423,6.73707728367539,6.92405767479736,15.5035843063828,13.9994643995085,14.6660435580282,11.7219250595613
79.3,7.75,7,7.75178567676494,6.99973259864738,6.73710532827412,6.92400867865854,15.5035713535299,13.9994651972948,14.6657947195303,11.7225008696444
79.4,7.75,7,7.75177924666214,6.99973299727966,6.73713314015487,6.92395972591454,15.5035584933243,13.9994659945593,14.6655459205765,11.7230761901576
79.5,7.75,7,7.75177286054063,6.99973339566983,6.73716128456602,6.92391081087406,15.5035457210813,13.9994667913397,14.6652971615071,11.7236510169332
79.6,7.75,7,7.7517665193202,6.99973379379743,6.73718932359863,6.92386193794245,15.5035330386404,13.9994675875949,14.6650484422571,11.724225353771
79.7,7.75,7,7.751760225339,6.99973419162796,6.73721652452301,6.92381311490998,15.503520450678,13.9994683832559,14.664799763048,11.7247992018156
79.8,7.75,7,7.75175397588525,6.9997345891883,6.73724375342524,6.92376433364081,15.5035079517705,13.9994691783766,14.6645511249174,11.7253725475511
79.9,7.75,7,7.75174777029505,6.99973498649138,6.73727184415671,6.92371558822729,15.5034955405901,13.9994699729828,14.6643025307696,11.7259453550276
80,7.75,7,7.75174160822318,6.99973538350072,6.73729904103424,6.9236668909886,15.5034832164464,13.9994707670014,14.6640539747573,11.726517702314
80.1,7.75,7,7.75173548881394,6.99973578022722,6.73732595085284,6.92361823734152,15.5034709776279,13.9994715604544,14.6638054587359,11.7270895666856
80.2,7.75,7,7.75172941185224,6.99973617668181,6.73735347655978,6.92356962137964,15.5034588237045,13.9994723533636,14.6635569863384,11.7276609033635
80.3,7.75,7,7.75172337758161,6.99973657283725,6.73738048905804,6.92352105155074,15.5034467551632,13.9994731456745,14.6633085543438,11.7282317563353
80.4,7.75,7,7.75171738368885,6.9997369687127,6.73740752368135,6.92347252234928,15.5034347673777,13.9994739374254,14.6630601629668,11.7288021230152
80.5,7.75,7,7.75171143279984,6.99973736428138,6.73743445356654,6.92342403780947,15.5034228655997,13.9994747285628,14.6628118150292,11.7293719719007
80.6,7.75,7,7.75170552042758,6.99973775956846,6.73746118805654,6.92337559438221,15.5034110408552,13.9994755191369,14.6625635061537,11.7299413570168
80.7,7.75,7,7.75169965019982,6.99973815454527,6.73748799155387,6.9233271945829,15.5033993003996,13.9994763090905,14.66231524176,11.7305102150348
80.8,7.75,7,7.75169382031909,6.999738549215,6.73751458317149,6.92327883888895,15.5033876406382,13.99947709843,14.6620670195017,11.7310785763707
80.9,7.75,7,7.75168802865607,6.99973894358872,6.7375409933803,6.92323052530029,15.5033760573121,13.9994778871774,14.6618188378037,11.7316464611397
81,7.75,7,7.75168227487132,6.99973933766868,6.73756761245695,6.92318225137947,15.5033645497426,13.9994786753374,14.6615706984538,11.7322138488204
81.1,7.75,7,7.75167655883261,6.99973973144594,6.73759408757521,6.92313401973219,15.5033531176652,13.9994794628919,14.6613226004657,11.7327807536652
81.2,7.75,7,7.75167088230772,6.99974012489579,6.73761999467822,6.92308583548565,15.5033417646154,13.9994802497916,14.6610745446514,11.7333471690865
81.3,7.75,7,7.75166524311914,6.99974051803714,6.73764591298338,6.9230376930128,15.5033304862383,13.9994810360743,14.660826531586,11.7339130883588
81.4,7.75,7,7.75165964179729,6.99974091086423,6.73767227874067,6.92298959069426,15.5033192835946,13.9994818217285,14.6605785644246,11.7344784754975
81.5,7.75,7,7.75165407500435,6.9997413033906,6.73769818737117,6.92294153086327,15.5033081500087,13.9994826067812,14.6603306359635,11.7350434180147
81.6,7.75,7,7.75164854760819,6.99974169557283,6.73772404961811,6.92289351706459,15.5032970952164,13.9994833911457,14.6600827543953,11.7356078220817
81.7,7.75,7,7.75164305251045,6.99974208746864,6.73774995251123,6.92284554096656,15.5032861050209,13.9994841749373,14.6598349121977,11.7361717753989
81.8,7.75,7,7.75163759637186,6.99974247901049,6.73777559005982,6.92279761278607,15.5032751927437,13.999484958021,14.6595871167428,11.7367351962745
81.9,7.75,7,7.75163217247049,6.99974287025681,6.73780130052593,6.92274972293913,15.503264344941,13.9994857405136,14.6593393618979,11.7372981552663
82,7.75,7,7.75162678441666,6.99974326116746,6.73782687998328,6.92270187749009,15.5032535688333,13.9994865223349,14.6590916518708,11.7378606068438
82.1,7.75,7,7.75162143214469,6.99974365173679,6.73785222341902,6.92265407749786,15.5032428642894,13.9994873034736,14.658843986752,11.7384225520512
82.2,7.75,7,7.75161611243743,6.99974404199263,6.73787771445207,6.92260631721757,15.5032322248749,13.9994880839853,14.6585963648692,11.738984010315
82.3,7.75,7,7.75161082475958,6.99974443193438,6.73790319288013,6.92255859737284,15.5032216495192,13.9994888638688,14.6583487853399,11.7395449935826
82.4,7.75,7,7.75160557137898,6.99974482153226,6.73792817878182,6.92251092407636,15.503211142758,13.9994896430645,14.6581012494244,11.7401054907269
82.5,7.75,7,7.75160035049613,6.99974521080119,6.73795306195888,6.92246329325596,15.5032007009923,13.9994904216024,14.657853757261,11.7406655006418
82.6,7.75,7,7.75159515858153,6.99974559977559,6.73797865267876,6.92241569619657,15.5031903171631,13.9994911995512,14.6576063087379,11.7412250237463
82.7,7.75,7,7.75159000323005,6.99974598836672,6.73800366271385,6.9223681506537,15.5031800064601,13.9994919767334,14.6573589085146,11.7417840140375
82.8,7.75,7,7.75158488077419,6.99974637660732,6.73802796668529,6.92232065298523,15.5031697615484,13.9994927532146,14.6571115514554,11.742342530415
82.9,7.75,7,7.7515797844523,6.99974676456868,6.73805295706694,6.92227318683506,15.5031595689046,13.9994935291374,14.6568642357864,11.7429005896276
83,7.75,7,7.75157472089943,6.99974715217264,6.73807790173721,6.92222576570827,15.5031494417989,13.9994943043453,14.6566169678864,11.7434581255064
83.1,7.75,7,7.75156968864671,6.99974753942971,6.73810230758505,6.92217839074911,15.5031393772934,13.9994950788594,14.6563697435689,11.7440151869986
83.2,7.75,7,7.75156468557228,6.9997479263592,6.73812708263884,6.92213105464636,15.5031293711446,13.9994958527184,14.6561225653412,11.7445717456972
83.3,7.75,7,7.75155971121012,6.99974831296187,6.73815161064697,6.92208376045144,15.5031194224202,13.9994966259237,14.6558754296458,11.745127843615
83.4,7.75,7,7.75155476950032,6.99974869918724,6.73817606691177,6.92203651338277,15.5031095390006,13.9994973983745,14.6556283442703,11.7456833976336
83.5,7.75,7,7.75154985346913,6.9997490851116,6.73820053188478,6.92198930346706,15.5030997069383,13.9994981702232,14.6553812994262,11.7462385148035
83.6,7.75,7,7.75154496867949,6.99974947066524,6.738224769648,6.92194214047442,15.503089937359,13.9994989413305,14.6551343031938,11.746793110428
83.7,7.75,7,7.75154011226326,6.99974985587669,6.73824906496046,6.92189501926847,15.5030802245265,13.9994997117534,14.6548873533657,11.7473472090796
83.8,7.75,7,7.75153528214187,6.99975024076694,6.73827335054353,6.92184793754819,15.5030705642837,13.9995004815339,14.654640446775,11.7479008463547
83.9,7.75,7,7.75153048028345,6.99975062530875,6.73829731759391,6.92180090023169,15.5030609605669,13.9995012506175,14.6543935853913,11.7484540036315
84,7.75,7,7.75152570547885,6.99975100951179,6.73832121229923,6.92175390473975,15.5030514109577,13.9995020190236,14.6541467693432,11.7490066803294
84.1,7.75,7,7.75152095664599,6.9997513933822,6.73834563827458,6.92170694700667,15.503041913292,13.9995027867644,14.653900001267,11.7495588483625
84.2,7.75,7,7.75151623706078,6.99975177687859,6.73836957498799,6.92166003749374,15.5030324741216,13.9995035537572,14.6536532810548,11.7501105136984
84.3,7.75,7,7.75151154579848,6.99975216000933,6.73839285659072,6.92161317600766,15.503023091597,13.9995043200187,14.6534066066986,11.7506616995944
84.4,7.75,7,7.75150687748047,6.99975254283315,6.73841667444177,6.92156634892577,15.5030137549609,13.9995050856663,14.6531599770502,11.7512124159378
84.5,7.75,7,7.75150223303015,6.99975292533499,6.73844085034039,6.92151955898692,15.5030044660603,13.99950585067,14.6529133932107,11.7517626532213
84.6,7.75,7,7.7514976183963,6.99975330744064,6.73846404957384,6.92147282235542,15.5029952367926,13.9995066148813,14.6526668577691,11.7523123901584
84.7,7.75,7,7.75149302752191,6.9997536892173,6.73848758176099,6.92142612375129,15.5029860550438,13.9995073784346,14.6524203691075,11.7528616411598
84.8,7.75,7,7.75148846035954,6.99975407066247,6.73851131687752,6.92137946413724,15.5029769207191,13.9995081413249,14.652173926914,11.7534104114372
84.9,7.75,7,7.7514839190348,6.99975445174825,6.73853465277865,6.92133285011301,15.5029678380696,13.9995089034965,14.6519275316484,11.7539586995516
85,7.75,7,7.7514794021519,6.99975483248385,6.73855817021003,6.92128627737224,15.5029588043038,13.9995096649677,14.6516811854764,11.7545064831507
85.1,7.75,7,7.75147490842754,6.99975521288781,6.73858149861172,6.92123974566135,15.5029498168551,13.9995104257756,14.6514348838199,11.7550538117479
85.2,7.75,7,7.75147044060077,6.99975559291443,6.73860477164587,6.92119325973048,15.5029408812015,13.9995111858289,14.6511886338481,11.7556006133439
85.3,7.75,7,7.75146599478936,6.99975597261533,6.73862808365802,6.92114681281725,15.5029319895787,13.9995119452307,14.6509424290911,11.7561469551261
85.4,7.75,7,7.75146157201327,6.999756351975,6.73865118194181,6.9211004081455,15.5029231440265,13.99951270395,14.6506962703347,11.7566928312619
85.5,7.75,7,7.75145717220735,6.99975673098847,6.7386742205308,6.92105404545266,15.5029143444147,13.9995134619769,14.6504501592671,11.7572382256635
85.6,7.75,7,7.75145279526212,6.999757109648,6.73869756276034,6.92100772367094,15.5029055905242,13.999514219296,14.6502040991995,11.7577831054567
85.7,7.75,7,7.75144844173589,6.99975748795037,6.73872055633614,6.92096144672837,15.5028968834718,13.9995149759007,14.6499580869183,11.7583275066058
85.8,7.75,7,7.7514441116076,6.99975786589299,6.73874313873549,6.92091521526204,15.5028882232152,13.999515731786,14.6497121225397,11.7588714296327
85.9,7.75,7,7.75143980107492,6.99975824352082,6.73876601390968,6.92086902002267,15.5028796021498,13.9995164870416,14.6494662040059,11.7594148943376
86,7.75,7,7.75143551112283,6.99975862081632,6.73878907904109,6.92082286367182,15.5028710222457,13.9995172416326,14.6492203332986,11.759957882702
86.1,7.75,7,7.75143124606987,6.99975899771687,6.73881169762337,6.92077675719929,15.5028624921397,13.9995179954337,14.6489745156376,11.7605003464974
86.2,7.75,7,7.75142699950171,6.99975937431137,6.73883451041169,6.92073068642783,15.5028539990034,13.9995187486227,14.6487287423924,11.7610423707415
86.3,7.75,7,7.75142277590855,6.99975975052813,6.73885720432191,6.92068466167621,15.5028455518171,13.9995195010563,14.6484830219982,11.7615838746255
86.4,7.75,7,7.75141857179571,6.99976012642146,6.73887977802849,6.92063867643282,15.5028371435914,13.9995202528429,14.6482373468869,11.7621249341504
86.5,7.75,7,7.75141438927684,6.99976050194743,6.73890246574982,6.92059273470116,15.5028287785537,13.9995210038949,14.6479917248547,11.7626654736442
86.6,7.75,7,7.75141022679191,6.99976087713501,6.73892496085335,6.92054683467921,15.5028204535838,13.99952175427,14.6477461500901,11.7632055524342
86.7,7.75,7,7.75140608385066,6.99976125198769,6.73894734173628,6.92050097553071,15.5028121677013,13.9995225039754,14.6475006227033,11.7637451705515
86.8,7.75,7,7.75140195962417,6.99976162650737,6.7389700175682,6.92045515480511,15.5028039192483,13.9995232530147,14.6472551450249,11.7642843055216
86.9,7.75,7,7.75139785558944,6.99976200067562,6.73899250012138,6.92040937739403,15.5027957111789,13.9995240013512,14.6470097169332,11.7648229615213
87,7.75,7,7.75139377373827,6.99976237446086,6.73901446771173,6.92036364886493,15.5027875474765,13.9995247489217,14.6467643412254,11.7653611141148
87.1,7.75,7,7.75138970956309,6.999762747921,6.73903671377389,6.92031795794509,15.5027794191262,13.999525495842,14.6465190144795,11.7658987953707
87.2,7.75,7,7.75138566241769,6.99976312105885,6.73905945872461,6.92027230311407,15.5027713248354,13.9995262421177,14.6462737377901,11.7664359955576
87.3,7.75,7,7.75138163633826,6.99976349383099,6.73908137893481,6.92022669682652,15.5027632726765,13.999526987662,14.6460285095864,11.766972735169
87.4,7.75,7,7.75137762911287,6.99976386626068,6.73910302662108,6.92018113329541,15.5027552582257,13.9995277325214,14.6457833299971,11.7675090126362
87.5,7.75,7,7.75137363761073,6.99976423837132,6.73912557759664,6.92013560333169,15.5027472752215,13.9995284767426,14.6455382029857,11.7680447881818
87.6,7.75,7,7.75136966561418,6.99976461012772,6.73914759668198,6.92009011900279,15.5027393312284,13.9995292202554,14.6452931250692,11.7685801006724
87.7,7.75,7,7.75136571233476,6.99976498153027,6.73916948080124,6.92004467813588,15.5027314246695,13.9995299630605,14.6450480988331,11.7691149259671
87.8,7.75,7,7.75136177489849,6.9997653526188,6.73919165459033,6.91999927364244,15.502723549797,13.9995307052376,14.644803121164,11.7696492934679
87.9,7.75,7,7.75135785716278,6.99976572333264,6.73921352157381,6.91995391612147,15.5027157143256,13.9995314466653,14.6445581975877,11.770183154638
88,7.75,7,7.75135395489337,6.99976609373912,6.73923549304813,6.91990859523024,15.5027079097867,13.9995321874782,14.6443133207752,11.7707165782488
88.1,7.75,7,7.75135007171417,6.99976646376965,6.73925736349467,6.91986332041953,15.5027001434283,13.9995329275393,14.6440684999379,11.7712494804282
88.2,7.75,7,7.7513462047527,6.99976683347909,6.73927910636052,6.91981808521976,15.5026924095054,13.9995336669582,14.6438237268253,11.7717819395262
88.3,7.75,7,7.75134235361534,6.99976720286278,6.73930102382404,6.9197728885948,15.5026847072307,13.9995344057256,14.6435790042279,11.7723139300203
88.4,7.75,7,7.75133851960765,6.99976757190086,6.73932281864557,6.919727734599,15.5026770392153,13.9995351438017,14.6433343334714,11.7728454419929
88.5,7.75,7,7.75133470384533,6.99976794057316,6.73934431092821,6.91968262669103,15.5026694076907,13.9995358811463,14.64308971669,11.7733764578366
88.6,7.75,7,7.75133090321361,6.99976830892301,6.73936602387138,6.91963755682417,15.5026618064272,13.999536617846,14.6428451508061,11.7739070057466
88.7,7.75,7,7.75132711725068,6.99976867695495,6.73938801991773,6.9195925241449,15.5026542345014,13.9995373539099,14.642600635709,11.7744370879064
88.8,7.75,7,7.75132334924961,6.99976904462949,6.73940938022525,6.91954753845194,15.5026466984992,13.999538089259,14.6423561717632,11.7749667051698
88.9,7.75,7,7.75131959773213,6.9997694119621,6.73943046448029,6.91950259596349,15.5026391954643,13.9995388239242,14.6421117590926,11.7754958566659
89,7.75,7,7.75131585757272,6.99976977901827,6.73945240157788,6.91945768265709,15.5026317151454,13.9995395580365,14.6418673950275,11.7760245644406
89.1,7.75,7,7.75131213576757,6.99977014568844,6.7394740006895,6.91941281836228,15.5026242715351,13.9995402913769,14.6416230891259,11.7765527470683
89.2,7.75,7,7.75130843091654,6.99977051201166,6.73949495839845,6.91936799997542,15.5026168618331,13.9995410240233,14.6413788335043,11.777080478228
89.3,7.75,7,7.75130473804071,6.99977087804402,6.73951657573881,6.91932321369865,15.5026094760814,13.999541756088,14.6411346280772,11.7776077559687
89.4,7.75,7,7.75130106131905,6.99977124372429,6.73953799219441,6.9192784716913,15.5026021226381,13.9995424874486,14.6408904770427,11.7781345465824
89.5,7.75,7,7.75129739995092,6.9997716090641,6.73955928652514,6.91923377215475,15.5025947999018,13.9995432181282,14.6406463793076,11.7786608611519
89.6,7.75,7,7.75129375194786,6.99977197409546,6.73958071006905,6.91918910985683,15.5025875038957,13.9995439481909,14.6404023316401,11.7791867290239
89.7,7.75,7,7.75129012000281,6.99977233876825,6.73960192707577,6.91914449280585,15.5025802400056,13.9995446775365,14.6401583400329,11.7797120993398
89.8,7.75,7,7.75128650163513,6.99977270312421,6.73962322958614,6.91909991435375,15.5025730032703,13.9995454062484,14.6399143999622,11.780237012759
89.9,7.75,7,7.75128289655941,6.99977306717241,6.73964450544015,6.91905537402458,15.5025657931188,13.9995461343448,14.6396705094054,11.7807614887546
90,7.75,7,7.75127930783147,6.99977343084698,6.73966556666375,6.91901088100315,15.5025586156629,13.999546861694,14.6394266779764,11.7812854445357
90.1,7.75,7,7.7512757321897,6.99977379420509,6.73968678470521,6.91896642630691,15.5025514643794,13.9995475884102,14.6391828991538,11.7818089378766
90.2,7.75,7,7.75127216923861,6.99977415725543,6.73970812178928,6.91892200910837,15.5025443384772,13.9995483145109,14.6389391714654,11.7823319830722
90.3,7.75,7,7.7512686212964,6.99977451996494,6.73972904051437,6.91887763639991,15.5025372425928,13.9995490399299,14.6386954968546,11.782854566051
90.4,7.75,7,7.75126508727973,6.99977488234506,6.7397498010093,6.9188333054356,15.5025301745595,13.9995497646901,14.6384518754397,11.7833766863056
90.5,7.75,7,7.75126156382249,6.99977524444594,6.73977102263235,6.91878900675916,15.502523127645,13.9995504888919,14.6382083034063,11.7838983762833
90.6,7.75,7,7.75125805595981,6.99977560617246,6.73979206706919,6.91874475563069,15.5025161119196,13.9995512123449,14.6379647923416,11.7844195389162
90.7,7.75,7,7.75125456072199,6.99977596759647,6.73981290759784,6.91870054329514,15.502509121444,13.9995519351929,14.6377213303355,11.7849402787063
90.8,7.75,7,7.75125107859201,6.99977632868143,6.73983399219304,6.91865637200768,15.502502157184,13.9995526573629,14.637477926844,11.7854605140674
90.9,7.75,7,7.75124760896892,6.9997766894622,6.73985487679738,6.91861223980084,15.5024952179378,13.9995533789244,14.6372345731288,11.7859803228453
91,7.75,7,7.75124415323483,6.99977704989031,6.73987578178168,6.91856815163857,15.5024883064697,13.9995540997806,14.6369912791427,11.7864996204103
91.1,7.75,7,7.75124070886322,6.99977741002635,6.73989672986955,6.91852409986685,15.5024814177264,13.9995548200527,14.6367480350199,11.7870184923753
91.2,7.75,7,7.7512372771912,6.99977776984694,6.739917476363,6.91848008874666,15.5024745543824,13.9995555396939,14.6365048431894,11.7875369199093
91.3,7.75,7,7.75123385904362,6.99977812931502,6.7399382716156,6.91843612168337,15.5024677180872,13.99955625863,14.6362617120083,11.7880548326792
91.4,7.75,7,7.75123045177752,6.99977848848652,6.73995930666808,6.91839219070745,15.502460903555,13.999556976973,14.6360186335078,11.7885722990496
91.5,7.75,7,7.75122705779322,6.99977884732869,6.73997998908723,6.91834830308318,15.5024541155864,13.9995576946574,14.6357756092814,11.789089308635
91.6,7.75,7,7.75122367664068,6.99977920584609,6.74000041224222,6.91830445780409,15.5024473532814,13.9995584116922,14.6355326394378,11.7896058615072
91.7,7.75,7,7.75122030501266,6.99977956407967,6.74002137941537,6.91826064557352,15.5024406100253,13.9995591281593,14.6352897229029,11.7901219654272
91.8,7.75,7,7.75121694475887,6.99977992200445,6.74004242079927,6.91821687204437,15.5024338895177,13.9995598440089,14.6350468608315,11.7906376134073
91.9,7.75,7,7.75121359983468,6.99978027957062,6.74006250583336,6.91817314892483,15.5024271996694,13.9995605591412,14.6348040546462,11.7911527980776
92,7.75,7,7.75121026573737,6.99978063682182,6.74008295280055,6.91812946391523,15.5024205314747,13.9995612736436,14.6345613065921,11.7916674980233
92.1,7.75,7,7.75120694032197,6.99978099380003,6.74010400777992,6.9180858104678,15.5024138806439,13.9995619876001,14.6343186113059,11.7921817583391
92.2,7.75,7,7.7512036291837,6.99978135042644,6.74012436928893,6.91804220538146,15.5024072583674,13.9995627008529,14.6340759733604,11.7926955464794
92.3,7.75,7,7.75120032789392,6.99978170676501,6.74014498286635,6.91799863568961,15.5024006557878,13.99956341353,14.6338333886165,11.7932088949196
92.4,7.75,7,7.75119703830961,6.99978206277656,6.74016560736103,6.91795510768823,15.5023940766192,13.9995641255531,14.6335908625159,11.7937217609123
92.5,7.75,7,7.7511937597428,6.99978241848904,6.74018606798522,6.91791161876141,15.5023875194856,13.9995648369781,14.6333483889632,11.7942341963238
92.6,7.75,7,7.75119049248604,6.99978277387316,6.74020667362787,6.91786817112756,15.5023809849721,13.9995655477463,14.6331059757955,11.7947461372978
92.7,7.75,7,7.75118723585955,6.99978312896503,6.74022712244929,6.91782476176672,15.5023744717191,13.9995662579301,14.6328636144378,11.7952576561015
92.8,7.75,7,7.75118399051423,6.99978348373548,6.740247553028,6.91778139376343,15.5023679810285,13.999566967471,14.6326213114629,11.7957686999906
92.9,7.75,7,7.75118075541326,6.99978383820084,6.74026814558186,6.91773806415904,15.5023615108265,13.9995676764017,14.6323790655079,11.7962792807873
93,7.75,7,7.75117753157049,6.99978419235461,6.74028851610413,6.91769477580533,15.502355063141,13.9995683847092,14.6321368750636,11.7967894131861
93.1,7.75,7,7.75117431862896,6.99978454620054,6.74030873905545,6.91765152789172,15.5023486372579,13.9995690924011,14.6318947402327,11.7972990973269
93.2,7.75,7,7.75117111446568,6.99978489976153,6.74032938503974,6.91760831461726,15.5023422289314,13.9995697995231,14.6316526614111,11.7978083294503
93.3,7.75,7,7.75116792062179,6.99978525302065,6.74034999862262,6.91756514053426,15.5023358412436,13.9995705060413,14.6314106384372,11.798317113477
93.4,7.75,7,7.75116473972911,6.99978560594727,6.74036984761642,6.91752201337221,15.5023294794582,13.9995712118945,14.6311686715514,11.798825450963
93.5,7.75,7,7.75116156872078,6.99978595857032,6.74038982947176,6.91747892489488,15.5023231374416,13.9995719171406,14.6309267625818,11.7993333257487
93.6,7.75,7,7.75115840505884,6.99978631090907,6.74041074824638,6.91743586859788,15.5023168101177,13.9995726218181,14.6306849144689,11.7998407132672
93.7,7.75,7,7.75115525376465,6.99978666293183,6.74043084061832,6.91739285755551,15.5023105075293,13.9995733258637,14.6304431195504,11.800347681155
93.8,7.75,7,7.75115211292332,6.99978701465094,6.74045074249156,6.91734988700471,15.5023042258466,13.9995740293019,14.6302013807207,11.8008542055881
93.9,7.75,7,7.75114897991171,6.99978736608279,6.74047133674625,6.91730695042141,15.5022979598234,13.9995747321656,14.6299597021022,11.8013602524614
94,7.75,7,7.75114585813668,6.99978771720116,6.7404914922365,6.91726405697058,15.5022917162734,13.9995754344023,14.6297180799454,11.8018658561883
94.1,7.75,7,7.75114274543676,6.99978806803224,6.74051175430879,6.91722120054215,15.5022854908735,13.9995761360645,14.6294765138024,11.8023710196978
94.2,7.75,7,7.75113964296483,6.9997884185483,6.74053198888283,6.91717838549217,15.5022792859297,13.9995768370966,14.6292350081793,11.8028757093629
94.3,7.75,7,7.75113654984072,6.99978876878192,6.74055210287876,6.91713560806979,15.5022730996814,13.9995775375638,14.6289935562539,11.8033799799794
94.4,7.75,7,7.75113346631987,6.99978911870354,6.74057237023903,6.91709287083812,15.5022669326397,13.9995782374071,14.6287521662151,11.8038837680589
94.5,7.75,7,7.75113039270183,6.99978946832349,6.74059249980485,6.91705017394756,15.5022607854037,13.999578936647,14.6285108339319,11.8043871079355
94.6,7.75,7,7.75112732848571,6.99978981765383,6.74061252280465,6.91700751570774,15.5022546569714,13.9995796353077,14.6282695575243,11.8048900152408
94.7,7.75,7,7.75112427252176,6.99979016669997,6.74063283582774,6.91696489348249,15.5022485450435,13.9995803333999,14.6280283393987,11.8053924712585
94.8,7.75,7,7.75112122584665,6.99979051545499,6.74065307251326,6.9169223100546,15.5022424516933,13.99958103091,14.6277871781328,11.8058944892745
94.9,7.75,7,7.75111819009527,6.9997908638972,6.74067280969244,6.91687977043471,15.5022363801905,13.9995817277944,14.6275460747435,11.8063960639166
95,7.75,7,7.75111516317327,6.9997912120469,6.7406926452495,6.91683726903035,15.5022303263465,13.9995824240938,14.6273050303868,11.806897185631
95.1,7.75,7,7.75111214394003,6.99979155990696,6.74071300077446,6.91679480343103,15.5022242878801,13.9995831198139,14.627064048249,11.8073978299997
95.2,7.75,7,7.75110913430024,6.99979190748504,6.74073296160122,6.91675237718627,15.5022182686005,13.9995838149701,14.6268231193805,11.8078980693767
95.3,7.75,7,7.75110613416761,6.99979225474874,6.74075296110691,6.91670999250955,15.5022122683352,13.9995845094975,14.6265822541536,11.8083978245554
95.4,7.75,7,7.75110314178307,6.99979260174946,6.74077306200778,6.91666764230916,15.5022062835661,13.9995852034989,14.6263414429554,11.8088971695563
95.5,7.75,7,7.75110015951781,6.99979294843059,6.74079297567545,6.91662533558808,15.5022003190356,13.9995858968612,14.6261006950415,11.8093960362951
95.6,7.75,7,7.7510971848978,6.99979329484647,6.74081303078025,6.91658306353889,15.5021943697956,13.9995865896929,14.6258600023792,11.8098944856373
95.7,7.75,7,7.75109421949915,6.99979364095987,6.74083302206504,6.9165408321833,15.5021884389983,13.9995872819197,14.6256193710462,11.8103924735546
95.8,7.75,7,7.7510912634853,6.99979398677199,6.74085285028324,6.91649864189662,15.5021825269706,13.999587973544,14.6253788001872,11.8108900080082
95.9,7.75,7,7.75108831510502,6.99979433230913,6.74087289827868,6.91645648733769,15.50217663021,13.9995886646183,14.6251382879092,11.8113871031754
96,7.75,7,7.7510853747434,6.99979467757124,6.74089299393485,6.91641436939724,15.5021707494868,13.9995893551425,14.6248978329519,11.8118837700982
96.1,7.75,7,7.75108244432141,6.99979502253162,6.74091265853649,6.91637229403361,15.5021648886428,13.9995900450632,14.6246574369244,11.812379999348
96.2,7.75,7,7.7510795223199,6.99979536720749,6.74093229236737,6.91633025703035,15.5021590446398,13.999590734415,14.624417099936,11.8128757899695
96.3,7.75,7,7.75107660573299,6.99979571163256,6.74095270582912,6.91628824995863,15.502153211466,13.9995914232651,14.6241768222226,11.8133711387914
96.4,7.75,7,7.75107370000539,6.99979605572864,6.7409725933022,6.91624628973189,15.5021474000108,13.9995921114573,14.6239366090115,11.8138660124531
96.5,7.75,7,7.75107080457398,6.99979639952307,6.74099184593589,6.91620437323999,15.502141609148,13.9995927990461,14.6236964538293,11.8143604603047
96.6,7.75,7,7.75106791393116,6.99979674308671,6.74101185657102,6.91616248421746,15.5021358278623,13.9995934861734,14.6234563541662,11.8148544974174
96.7,7.75,7,7.75106503199731,6.99979708634711,6.74103186841078,6.91612063615242,15.5021300639946,13.9995941726942,14.6232163189199,11.8153480619522
96.8,7.75,7,7.75106215956978,6.99979742931595,6.74105141017773,6.91607882978683,15.5021243191396,13.9995948586319,14.6229763416503,11.8158412037231
96.9,7.75,7,7.75105929379353,6.99979777201327,6.74107139001864,6.91603705806907,15.5021185875871,13.9995955440265,14.6227364263879,11.8163338915625
97,7.75,7,7.75105643624669,6.9997981144379,6.74109117390499,6.91599532425303,15.5021128724934,13.9995962288758,14.6224965679242,11.816826166472
97.1,7.75,7,7.7510535874712,6.99979845655237,6.74111095747492,6.91595363252238,15.5021071749424,13.9995969131047,14.6222567763115,11.8173179559457
97.2,7.75,7,7.75105074551169,6.99979879841956,6.74113080125478,6.91591197409219,15.5021014910234,13.9995975968391,14.6220170387383,11.8178093538157
97.3,7.75,7,7.75104791257801,6.99979913997985,6.7411504797847,6.91587035818274,15.502095825156,13.9995982799597,14.6217773662929,11.818300281641
97.4,7.75,7,7.75104508706657,6.99979948126378,6.74117027984768,6.91582877931156,15.5020901741331,13.9995989625276,14.6215377551781,11.818790767127
97.5,7.75,7,7.751042268721,6.99979982228668,6.74119012192722,6.91578723580717,15.502084537442,13.9995996445734,14.6212982015278,11.8192808393982
97.6,7.75,7,7.75103945893599,6.99980016302518,6.74120969899634,6.91574573235797,15.502078917872,13.9996003260504,14.62105870785,11.819770482397
97.7,7.75,7,7.75103665674644,6.9998005034903,6.74122926323404,6.91570426629423,15.5020733134929,13.9996010069806,14.6208192742432,11.8202596956685
97.8,7.75,7,7.75103386036039,6.99980084369048,6.74124942249807,6.91566283359892,15.5020677207208,13.999601687381,14.6205799046557,11.8207484502301
97.9,7.75,7,7.75103107337439,6.99980118358921,6.7412691371631,6.91562144426297,15.5020621467488,13.9996023671784,14.6203405978151,11.8212367596147
98,7.75,7,7.75102829601026,6.99980152319115,6.74128825806573,6.91558009839495,15.5020565920205,13.9996030463823,14.6201013515211,11.8217246410406
98.1,7.75,7,7.75102552363911,6.99980186255432,6.74130797939234,6.9155387824004,15.5020510472782,13.9996037251086,14.6198621641318,11.8222121033769
98.2,7.75,7,7.75102275712845,6.99980220166492,6.74132809766841,6.91549749917031,15.5020455142569,13.9996044033298,14.6196230370312,11.8226991384678
98.3,7.75,7,7.75102000175587,6.99980254045144,6.74134728700754,6.91545626484778,15.5020400035117,13.9996050809029,14.6193839740866,11.8231857243302
98.4,7.75,7,7.75101725220386,6.99980287898447,6.74136687942595,6.9154150634576,15.5020345044077,13.9996057579689,14.6191449721177,11.823671880225
98.5,7.75,7,7.75101450906249,6.99980321725654,6.74138671258353,6.91537389683031,15.502029018125,13.9996064345131,14.6189060314961,11.8241576051332
98.6,7.75,7,7.75101177440783,6.99980355524496,6.7414062018262,6.91533277088192,15.5020235488157,13.9996071104899,14.6186671520325,11.824642903228
98.7,7.75,7,7.75100904647532,6.99980389295935,6.74142592822662,6.91529168158119,15.5020180929506,13.9996077859187,14.6184283372783,11.8251277490015
98.8,7.75,7,7.7510063258251,6.99980423041458,6.74144550839971,6.91525062871443,15.5020126516502,13.9996084608292,14.6181895803812,11.8256121924223
98.9,7.75,7,7.75100361304124,6.9998045675736,6.7414650902138,6.91520961673259,15.5020072260825,13.9996091351472,14.6179508914609,11.8260961637796
99,7.75,7,7.75100090670374,6.99980490448119,6.74148475518704,6.91516863909784,15.5020018134075,13.9996098089624,14.6177122612159,11.8265797284098
99.1,7.75,7,7.75099820784856,6.99980524112195,6.74150425087061,6.91512769915562,15.5019964156971,13.9996104822439,14.6174736909548,11.8270628789793
99.2,7.75,7,7.75099551613744,6.99980557749206,6.74152374001577,6.91508679669729,15.5019910322749,13.9996111549841,14.6172351833246,11.8275455977077
99.3,7.75,7,7.75099283058894,6.99980591359316,6.74154357860099,6.91504592985369,15.5019856611779,13.9996118271863,14.6169967415993,11.8280278620261
99.4,7.75,7,7.75099015313637,6.99980624941516,6.74156310993753,6.91500510313639,15.5019803062727,13.9996124988303,14.6167583619767,11.828509701247
99.5,7.75,7,7.75098748394529,6.99980658495629,6.74158227999372,6.91496431707237,15.5019749678906,13.9996131699126,14.6165200445416,11.8289911159699
99.6,7.75,7,7.75098482008427,6.99980692025865,6.74160179213957,6.91492356254905,15.5019696401685,13.9996138405173,14.6162817864746,11.8294721241763
99.7,7.75,7,7.75098216227149,6.99980725530568,6.74162152780643,6.91488284244607,15.501964324543,13.9996145106114,14.6160435906921,11.8299527073069
99.8,7.75,7,7.75097951338304,6.99980759004732,6.74164086869352,6.91484216664226,15.5019590267661,13.9996151800946,14.6158054631436,11.8304328279535
99.9,7.75,7,7.75097686992312,6.99980792455474,6.74166044645272,6.91480152231249,15.5019537398462,13.9996158491095,14.6155673934144,11.8309125558516
100,7.75,7,7.75097423408949,6.9998082587735,6.74167994768164,6.91476091852376,15.501948468179,13.999616517547,14.6153293915198,11.8313918251601
100.1,7.75,7,7.75097160487727,6.99980859274209,6.74169937091291,6.91472034994705,15.5019432097545,13.9996171854842,14.6150914484835,11.8318706975723
100.2,7.75,7,7.7509689823688,6.99980892643271,6.74171895141695,6.91467981938357,15.5019379647376,13.9996178528654,14.6148535734737,11.8323491115535
100.3,7.75,7,7.75096636690098,6.99980925986323,6.7417383769768,6.91463932582092,15.501932733802,13.9996185197265,14.6146157593007,11.8328271174922
100.4,7.75,7,7.75096375814905,6.99980959303743,6.74175772911185,6.91459886837366,15.5019275162981,13.9996191860749,14.6143780060453,11.8333047154886
100.5,7.75,7,7.75096115487076,6.99980992596102,6.74177742188765,6.91455844433976,15.5019223097415,13.999619851922,14.6141403166672,11.8337818853776
100.6,7.75,7,7.75095855892121,6.99981025861225,6.74179694924093,6.91451805913253,15.5019171178424,13.9996205172245,14.6139026915254,11.8342586273883
100.7,7.75,7,7.7509559716143,6.99981059096969,6.7418160086158,6.91447771717308,15.5019119432286,13.9996211819394,14.6136651329587,11.8347349279673
100.8,7.75,7,7.7509533895965,6.99981092308332,6.74183539338785,6.91443740781532,15.501906779193,13.9996218461666,14.6134276370513,11.8352108116494
100.9,7.75,7,7.75095081223273,6.99981125495681,6.74185530460467,6.91439712963473,15.5019016244655,13.9996225099136,14.6131902051358,11.8356862699324
101,7.75,7,7.75094824413682,6.99981158654399,6.741874417926,6.91435689524402,15.5018964882736,13.999623173088,14.6129528351821,11.836161321388
101.1,7.75,7,7.75094568318885,6.999811917869,6.7418933053968,6.91431669863432,15.5018913663777,13.999623835738,14.6127155272897,11.8366359644483
101.2,7.75,7,7.75094312558213,6.99981224895983,6.74191314389377,6.91427653045972,15.5018862511643,13.9996244979197,14.6124782868257,11.8371101610605
101.3,7.75,7,7.75094057610907,6.99981257977799,6.74193246929677,6.91423640290296,15.5018811522181,13.999625159556,14.6122411084215,11.8375839521038
101.4,7.75,7,7.75093803358861,6.99981291032525,6.74195170736477,6.91419631376487,15.5018760671772,13.9996258206505,14.6120039962102,11.8380573101448
101.5,7.75,7,7.75093549601512,6.99981324063893,6.74197126293516,6.91415625595711,15.5018709920302,13.9996264812779,14.6117669452956,11.8385302668301
101.6,7.75,7,7.7509329662934,6.99981357066381,6.74199054608289,6.91411623997311,15.5018659325868,13.9996271413276,14.6115299634888,11.8390027740973
101.7,7.75,7,7.75093044187463,6.99981390045843,6.74200996969177,6.91407625569858,15.5018608837493,13.9996278009169,14.6112930406516,11.8394748975581
101.8,7.75,7,7.75092792472167,6.9998142299649,6.74202932425597,6.91403631225187,15.5018558494433,13.9996284599298,14.6110561892642,11.8399465578313
101.9,7.75,7,7.75092541377303,6.99981455922864,6.74204858379104,6.91399640338291,15.5018508275461,13.9996291184573,14.61081939785,11.8404178303409
102,7.75,7,7.75092290826986,6.99981488824715,6.7420680532798,6.91395652805214,15.5018458165397,13.9996297764943,14.6105826703907,11.8408886892351
102.1,7.75,7,7.75092040951965,6.99981521699967,6.74208742518797,6.91391669061078,15.5018408190393,13.9996304339993,14.6103460090697,11.8413591223762
102.2,7.75,7,7.75091791824727,6.99981554547416,6.74210653091797,6.91387689354102,15.5018358364945,13.9996310909483,14.6101094153376,11.841829121982
102.3,7.75,7,7.75091543217325,6.99981587370655,6.74212589477231,6.91383712938827,15.5018308643465,13.9996317474131,14.6098728858081,11.8422987091135
102.4,7.75,7,7.75091295107801,6.99981620170022,6.74214556347427,6.91379739747263,15.501825902156,13.9996324034004,14.6096364202807,11.8427678858103
102.5,7.75,7,7.75091047834,6.99981652941596,6.74216461824063,6.91375770755114,15.50182095668,13.9996330588319,14.6094000191582,11.8432366533209
102.6,7.75,7,7.75090801255936,6.99981685686973,6.74218343540086,6.91371805565718,15.5018160251187,13.9996337137395,14.6091636825336,11.8437050107625
102.7,7.75,7,7.75090554923438,6.99981718412281,6.74220314633544,6.91367842796667,15.5018110984688,13.9996343682456,14.6089274069337,11.8441729774723
102.8,7.75,7,7.75090309399786,6.99981751107637,6.74222252429828,6.91363884406153,15.5018061879957,13.9996350221527,14.6086912048033,11.8446404793503
102.9,7.75,7,7.75090064678837,6.9998178377622,6.74224130030264,6.91359930069578,15.5018012935767,13.9996356755244,14.6084550652455,11.8451075872933
103,7.75,7,7.75089820289165,6.99981816423222,6.74226077060291,6.91355978461247,15.5017964057833,13.9996363284644,14.608218988958,11.8455742936157
103.1,7.75,7,7.75089576590255,6.99981849043357,6.74228005761684,6.91352030730159,15.5017915318051,13.9996369808671,14.6079829803148,11.8460405744131
103.2,7.75,7,7.75089333539259,6.99981881637303,6.74229925589592,6.91348086738239,15.5017866707852,13.9996376327461,14.607747038762,11.8465064338876
103.3,7.75,7,7.75089091000546,6.99981914208011,6.74231860546963,6.91344145959477,15.5017818200109,13.9996382841602,14.6075111593745,11.8469719030377
103.4,7.75,7,7.75088849168122,6.99981946750998,6.74233777468435,6.91340209179845,15.5017769833624,13.99963893502,14.6072753504112,11.8474369321405
103.5,7.75,7,7.75088607871949,6.99981979270052,6.74235705825318,6.91336275729961,15.501772157439,13.999639585401,14.6070396053462,11.8479015619837
103.6,7.75,7,7.75088367137346,6.99982011765427,6.74237633505875,6.9133234562968,15.5017673427469,13.9996402353085,14.6068039223308,11.8483658052941
103.7,7.75,7,7.75088127130981,6.99982044232056,6.74239542523101,6.91328419678366,15.5017625426196,13.9996408846411,14.6065683128816,11.8488295919422
103.8,7.75,7,7.75087887638522,6.99982076674727,6.74241470169938,6.91324497029157,15.5017577527704,13.9996415334945,14.6063327686611,11.8492929735312
103.9,7.75,7,7.75087648661105,6.99982109093911,6.74243411483646,6.91320577638505,15.5017529732221,13.9996421818782,14.6060972880242,11.8497559612429
104,7.75,7,7.75087410413751,6.99982141486548,6.74245312794552,6.91316662184903,15.501748208275,13.999642829731,14.6058618732971,11.8502185432427
104.1,7.75,7,7.75087172795359,6.99982173853792,6.74247201203307,6.91312750381667,15.5017434559072,13.9996434770758,14.6056265245667,11.8506807190083
104.2,7.75,7,7.75086935538788,6.99982206199929,6.74249138336889,6.9130884134142,15.5017387107758,13.9996441239986,14.6053912374065,11.8511425146168
104.3,7.75,7,7.75086698996135,6.99982238517291,6.74251059457115,6.91304936444779,15.5017339799227,13.9996447703458,14.6051560252186,11.8516038507534
104.4,7.75,7,7.75086463050639,6.99982270811044,6.74252962803634,6.91301034969471,15.5017292610128,13.9996454162209,14.6049208741806,11.852064813143
104.5,7.75,7,7.75086227630957,6.99982303079072,6.74254892614244,6.91297137012674,15.5017245526191,13.9996460615814,14.6046857950327,11.8525253355606
104.6,7.75,7,7.75085992812167,6.99982335323287,6.74256804242296,6.91293242508206,15.5017198562433,13.9996467064657,14.6044507778133,11.8529854811149
104.7,7.75,7,7.75085758605855,6.99982367540466,6.7425872059205,6.91289351807577,15.5017151721171,13.9996473508093,14.6042158339068,11.853445180652
104.8,7.75,7,7.75085524903999,6.99982399735091,6.74260642899534,6.91285464271158,15.50171049808,13.9996479947018,14.6039809515281,11.8539045066296
104.9,7.75,7,7.75085291818692,6.99982431905117,6.74262546801232,6.91281580299277,15.5017058363738,13.9996486381023,14.6037461335765,11.8543634429797
105,7.75,7,7.75085059343273,6.99982464047705,6.74264458460602,6.91277700174482,15.5017011868655,13.9996492809541,14.6035113908581,11.8548219244664
105.1,7.75,7,7.75084827317872,6.99982496167685,6.74266395484134,6.91273823132743,15.5016965463574,13.9996499233537,14.6032767124174,11.8552800176084
105.2,7.75,7,7.75084595977689,6.99982528261753,6.74268298692474,6.91269949911865,15.5016919195538,13.9996505652351,14.6030421006709,11.8557377105457
105.3,7.75,7,7.75084365283422,6.9998256033036,6.74270178374084,6.91266080400795,15.5016873056684,13.9996512066072,14.6028075556961,11.856195003324
105.4,7.75,7,7.75084134924939,6.99982592377438,6.7427211532665,6.91262213674161,15.5016826984988,13.9996518475488,14.6025730760871,11.856651902606
105.5,7.75,7,7.75083905092434,6.99982624400479,6.74274060197726,6.91258350311751,15.5016781018487,13.9996524880096,14.602338663209,11.8571084026044
105.6,7.75,7,7.75083676178429,6.99982656394429,6.74275910505121,6.91254491496656,15.5016735235686,13.9996531278886,14.6021043193608,11.8575644937357
105.7,7.75,7,7.75083447699179,6.99982688364416,6.74277800872047,6.91250635888238,15.5016689539836,13.9996537672883,14.6018700460163,11.8580201638234
105.8,7.75,7,7.75083219524795,6.99982720313569,6.74279752550687,6.91246782946071,15.5016643904959,13.9996544062714,14.6016358371299,11.8584754489929
105.9,7.75,7,7.75082992177356,6.99982752234351,6.74281636109521,6.91242934327687,15.5016598435471,13.999655044687,14.6014016987674,11.8589303182331
106,7.75,7,7.7508276525278,6.99982784133006,6.74283547691669,6.91239088709923,15.5016553050556,13.9996556826601,14.6011676248651,11.8593848051894
106.1,7.75,7,7.75082538905378,6.99982816005799,6.74285461206876,6.912352467399,15.5016507781076,13.999656320116,14.6009336229048,11.8598388673492
106.2,7.75,7,7.7508231312903,6.99982847854932,6.74287360359305,6.91231408180172,15.5016462625806,13.9996569570986,14.6006996850213,11.8602925524513
106.3,7.75,7,7.75082087883369,6.99982879678464,6.74289275528813,6.91227573165823,15.5016417576674,13.9996575935693,14.6004658202747,11.8607458070521
106.4,7.75,7,7.75081863196568,6.99982911478798,6.74291176306352,6.91223741495583,15.5016372639314,13.999658229576,14.6002320185682,11.8611986922574
106.5,7.75,7,7.75081639081198,6.99982943253548,6.7429307726855,6.91219913439531,15.501632781624,13.999658865071,14.5999982883958,11.8616511586379
106.6,7.75,7,7.75081415450263,6.9998297500445,6.74294995644744,6.91216088672627,15.5016283090053,13.999659500089,14.5997646270416,11.8621032223902
106.7,7.75,7,7.75081192431224,6.99983006730464,6.74296892990098,6.91212267517326,15.5016238486245,13.9996601346093,14.599531033068,11.8625548939618
106.8,7.75,7,7.75080969993371,6.99983038431942,6.74298777305669,6.91208449886574,15.5016193998674,13.9996607686388,14.5992975065476,11.8630061734646
106.9,7.75,7,7.75080747927159,6.99983070111172,6.74300706139129,6.912046351928,15.5016149585432,13.9996614022234,14.599064047909,11.8634570573578
107,7.75,7,7.75080526402543,6.99983101766311,6.74302632079721,6.91200823912776,15.5016105280509,13.9996620353262,14.5988306569081,11.863907549367
107.1,7.75,7,7.75080305687404,6.99983133394273,6.74304482046361,6.91197016816069,15.5016061137481,13.9996626678855,14.5985973337841,11.864357651232
107.2,7.75,7,7.75080085460324,6.99983164998012,6.74306348978573,6.91193213059254,15.5016017092065,13.9996632999602,14.5983640812695,11.8648073450234
107.3,7.75,7,7.75079865454979,6.99983196579989,6.743083096298,6.91189411941706,15.5015973090996,13.9996639315998,14.5981309015818,11.8652566164014
107.4,7.75,7,7.75079646248116,6.99983228135948,6.74310187970897,6.91185614870719,15.5015929249623,13.999664562719,14.5978977861172,11.8657055213018
107.5,7.75,7,7.75079427624954,6.99983259667311,6.74312050377094,6.91181821339989,15.5015885524991,13.9996651933462,14.5976647388026,11.866154035785
107.6,7.75,7,7.7507920929959,6.99983291176334,6.74313982394752,6.91178030638015,15.5015841859918,13.9996658235267,14.5974317634934,11.8666021358308
107.7,7.75,7,7.75078991655593,6.99983322659617,6.74315871402935,6.91174243759946,15.5015798331119,13.9996664531923,14.5971988566353,11.8670498462373
107.8,7.75,7,7.7507877447648,6.99983354120022,6.74317772935986,6.91170460046422,15.5015754895296,13.9996670824004,14.5969660167676,11.8674971742912
107.9,7.75,7,7.75078557861503,6.99983385554799,6.74319672394195,6.91166679950903,15.5015711572301,13.999667711096,14.5967332501625,11.8679440855837
108,7.75,7,7.75078341771094,6.99983416966825,6.74321561070668,6.91162903107028,15.5015668354219,13.9996683393365,14.5965005476283,11.8683906333964
108.1,7.75,7,7.75078126184674,6.99983448353509,6.74323466464167,6.91159129751943,15.5015625236935,13.9996689670702,14.5962679200369,11.8688367559918
108.2,7.75,7,7.75077911162969,6.99983479715793,6.74325358826364,6.9115535988876,15.5015582232594,13.9996695943159,14.5960353612332,11.869282490017
108.3,7.75,7,7.7507769667769,6.99983511054484,6.74327241742906,6.911515933863,15.5015539335538,13.9996702210897,14.5958028694301,11.869727846196
108.4,7.75,7,7.75077482601766,6.99983542370295,6.7432915525448,6.91147829958684,15.5015496520353,13.9996708474059,14.595570447499,11.8701728078058
108.5,7.75,7,7.75077269059279,6.99983573662292,6.74331061472367,6.9114406991055,15.5015453811856,13.9996714732458,14.5953380936895,11.8706173866766
108.6,7.75,7,7.75077056211673,6.99983604928364,6.74332918182252,6.91140313731789,15.5015411242335,13.9996720985673,14.5951058091341,11.8710615785462
108.7,7.75,7,7.75076843844777,6.99983636170471,6.74334787134916,6.91136560861082,15.5015368768955,13.9996727234094,14.594873595729,11.8715053715952
108.8,7.75,7,7.7507663182771,6.9998366738949,6.74336708379486,6.91132810989012,15.5015326365542,13.9996733477898,14.594641455901,11.8719487518138
108.9,7.75,7,7.75076420423276,6.9998369858492,6.743385907128,6.91129064605575,15.5015284084655,13.9996739716984,14.5944093801482,11.872391775926
109,7.75,7,7.75076209550082,6.99983729754753,6.74340478594435,6.91125321785663,15.5015241910016,13.9996745950951,14.5941773798481,11.8728343798643
109.1,7.75,7,7.75075999111241,6.99983760902846,6.74342376928904,6.91121581964333,15.5015199822248,13.9996752180569,14.5939454444336,11.8732766230188
109.2,7.75,7,7.7507578928077,6.99983792024642,6.74344257693501,6.91117845908357,15.5015157856154,13.9996758404928,14.5937135839401,11.8737184513387
109.3,7.75,7,7.75075579870731,6.99983823124648,6.74346153690691,6.9111411283336,15.5015115974146,13.999676462493,14.5934817892728,11.8741599149264
109.4,7.75,7,7.75075371013334,6.99983854199372,6.74348043686354,6.91110383324796,15.5015074202667,13.9996770839874,14.5932500681953,11.874600972301
109.5,7.75,7,7.75075162724142,6.99983885249242,6.7434991847521,6.91106657363708,15.5015032544828,13.9996777049848,14.5930184184337,11.8750416371066
109.6,7.75,7,7.75074954848257,6.99983916276473,6.74351816534993,6.91102934460653,15.5014990969651,13.9996783255295,14.5927868383002,11.8754819181708
109.7,7.75,7,7.75074747440215,6.99983947280856,6.74353719547935,6.9109921472796,15.5014949488043,13.9996789456171,14.5925553262537,11.8759218252617
109.8,7.75,7,7.75074540686663,6.99983978259817,6.74355579723573,6.91095498745799,15.5014908137333,13.9996795651963,14.592323884123,11.876361350587
109.9,7.75,7,7.75074334435573,6.99984009215079,6.74357438241347,6.91091786080688,15.5014866887115,13.9996801843016,14.5920925119879,11.8768004931191
110,7.75,7,7.75074128393644,6.99984040149784,6.74359376200257,6.9108807591535,15.5014825678729,13.9996808029957,14.591861210649,11.8772392466257
110.1,7.75,7,7.75073923081321,6.9998407105677,6.7436126064505,6.91084369865588,15.5014784616264,13.9996814211354,14.5916299850455,11.8776775892508
110.2,7.75,7,7.75073718477765,6.99984101938106,6.74363083202324,6.91080667679987,15.5014743695553,13.9996820387621,14.5913988280989,11.878115560581
110.3,7.75,7,7.75073514048243,6.99984132800668,6.74364983477294,6.91076967748577,15.5014702809649,13.9996826560134,14.5911677367331,11.8785531734739
110.4,7.75,7,7.75073310157171,6.99984163637526,6.74366882496681,6.91073271402996,15.5014662031434,13.9996832727505,14.5909367219112,11.8789903717803
110.5,7.75,7,7.75073106905466,6.99984194449743,6.74368735988137,6.91069578699806,15.5014621381093,13.9996838889949,14.5907057750573,11.879427204087
110.6,7.75,7,7.75072903998614,6.99984225239241,6.74370634504492,6.91065888947271,15.5014580799723,13.9996845047848,14.5904749018044,11.8798636378089
110.7,7.75,7,7.75072701626352,6.99984256005574,6.74372513340736,6.91062202507681,15.501454032527,13.9996851201115,14.5902440955114,11.8802997115184
110.8,7.75,7,7.75072499789428,6.99984286745842,6.74374393261112,6.91058519685261,15.5014499957886,13.9996857349168,14.5900133675763,11.8807353640023
110.9,7.75,7,7.75072298366149,6.99984317465185,6.74376279503351,6.91054839739488,15.501445967323,13.9996863493037,14.5897827033149,11.8811706746733
111,7.75,7,7.75072097529316,6.99984348158215,6.74378149735423,6.91051163521182,15.5014419505863,13.9996869631643,14.5895521162304,11.8816055725803
111.1,7.75,7,7.750718971324,6.99984378828018,6.74380033162517,6.91047490463124,15.501437942648,13.9996875765604,14.5893216007963,11.8820400871458
111.2,7.75,7,7.75071697178609,6.99984409475605,6.74381920970208,6.91043820464848,15.5014339435722,13.9996881895121,14.5890911529548,11.882474241004
111.3,7.75,7,7.7507149779817,6.99984440098783,6.743837825226,6.91040153971936,15.5014299559634,13.9996888019757,14.5888607755563,11.8829080205968
111.4,7.75,7,7.75071298895141,6.99984470698638,6.74385643713067,6.91036490710658,15.5014259779028,13.9996894139728,14.5886304686709,11.8833414254063
111.5,7.75,7,7.7507110027979,6.99984501276008,6.74387565498843,6.91032830276653,15.5014220055958,13.9996900255202,14.5884002375468,11.8837744263635
111.6,7.75,7,7.75070902319311,6.99984531827461,6.74389442007126,6.91029173639964,15.5014180463862,13.9996906365492,14.5881700793253,11.8842070428121
111.7,7.75,7,7.75070705046019,6.99984562353144,6.74391260400839,6.91025520838835,15.5014141009204,13.9996912470629,14.5879399920374,11.8846392862989
111.8,7.75,7,7.75070508005588,6.99984592858742,6.74393140539411,6.91021870521476,15.5014101601118,13.9996918571748,14.5877099736537,11.8850711643328
111.9,7.75,7,7.75070311291422,6.99984623342807,6.74395059421291,6.91018222994304,15.5014062258284,13.9996924668561,14.5874800257519,11.8855026699927
112,7.75,7,7.75070115419145,6.99984653798208,6.74396885161914,6.91014579860966,15.5014023083829,13.9996930759642,14.5872501534266,11.8859337814749
112.1,7.75,7,7.75069919857184,6.99984684232239,6.7439875348666,6.91010939473155,15.5013983971437,13.9996936846448,14.587020351759,11.886364520943
112.2,7.75,7,7.7506972468452,6.9998471464366,6.7440064495752,6.91007302091265,15.5013944936904,13.9996942928732,14.5867906221529,11.8867948823746
112.3,7.75,7,7.75069530099872,6.99984745030513,6.74402502930506,6.9100366825055,15.5013906019974,13.9996949006103,14.586560963467,11.8872248742258
112.4,7.75,7,7.75069335922278,6.99984775393593,6.74404385367389,6.91000037565402,15.5013867184456,13.9996955078719,14.586331380759,11.8876544689743
112.5,7.75,7,7.75069142234943,6.99984805734236,6.74406253141511,6.9099641003513,15.5013828446989,13.9996961146847,14.5861018650202,11.8880837154893
112.6,7.75,7,7.75068949062057,6.99984836048963,6.74408121885402,6.90992786061319,15.5013789812411,13.9996967209793,14.5858724290174,11.8885125475934
112.7,7.75,7,7.75068756297796,6.99984866341974,6.74409999070857,6.90989165029636,15.5013751259559,13.9996973268395,14.5856430608941,11.8889410273232
112.8,7.75,7,7.75068564045597,6.99984896611621,6.74411859509996,6.90985547283737,15.5013712809119,13.9996979322324,14.5854137625676,11.8893691461568
112.9,7.75,7,7.75068372265064,6.99984926857448,6.74413720306584,6.90981932802717,15.5013674453013,13.999698537149,14.5851845377202,11.8897968851655
113,7.75,7,7.75068180844638,6.99984957080095,6.7441561593802,6.90978321332737,15.5013636168928,13.9996991416019,14.5849553889,11.8902242308086
113.1,7.75,7,7.75067989998517,6.99984987278119,6.74417480732581,6.90974713381359,15.5013597999703,13.9996997455624,14.584726312209,11.8906512060266
113.2,7.75,7,7.75067799741925,6.99985017451343,6.74419310247961,6.90971108991657,15.5013559948385,13.9997003490269,14.5844973077039,11.891077811339
113.3,7.75,7,7.75067609793561,6.99985047603828,6.74421174942811,6.90967507270427,15.5013521958712,13.9997009520766,14.584268371972,11.8915040626134
113.4,7.75,7,7.75067420226349,6.99985077733793,6.74423061200878,6.90963908523814,15.501348404527,13.9997015546759,14.5840395088528,11.8919299412426
113.5,7.75,7,7.75067231297353,6.99985107836839,6.7442490874422,6.90960313637968,15.5013446259471,13.9997021567368,14.5838107243014,11.8923554194351
113.6,7.75,7,7.75067042704124,6.99985137919193,6.74426780560285,6.90956721459542,15.5013408540825,13.9997027583839,14.5835820072029,11.8927805526224
113.7,7.75,7,7.7506685462906,6.99985167976152,6.74428644621463,6.90953132780849,15.5013370925812,13.999703359523,14.5833533681149,11.8932052886603
113.8,7.75,7,7.75066667009817,6.99985198010781,6.74430501495617,6.90949547179183,15.5013333401963,13.9997039602156,14.5831247976584,11.8936296759602
113.9,7.75,7,7.75066479820448,6.99985228020994,6.74432374176905,6.9094596482598,15.501329596409,13.9997045604199,14.5828963053941,11.8940536658717
114,7.75,7,7.75066293124669,6.99985258008052,6.7443423144456,6.90942385696767,15.5013258624934,13.999705160161,14.5826678834154,11.8944773001945
114.1,7.75,7,7.75066106890322,6.99985287972316,6.74436081821285,6.90938809699535,15.5013221378064,13.9997057594463,14.5824395317775,11.8949005789705
114.2,7.75,7,7.7506592098414,6.99985317914456,6.74437967066424,6.90935236540295,15.5013184196828,13.9997063582891,14.5822112538944,11.8953234842318
114.3,7.75,7,7.75065735603251,6.99985347831978,6.74439834795734,6.90931666807034,15.501314712065,13.9997069566396,14.5819830508302,11.895746012991
114.4,7.75,7,7.75065550857816,6.99985377723332,6.74441656621565,6.90928100843884,15.5013110171563,13.9997075544666,14.5817549238194,11.896168160656
114.5,7.75,7,7.75065366430672,6.99985407593103,6.74443512153806,6.90924537643599,15.5013073286134,13.9997081518621,14.5815268689603,11.8965899449387
114.6,7.75,7,7.75065182263366,6.99985437441592,6.74445419459593,6.90920977075897,15.5013036452673,13.9997087488318,14.5812988877448,11.8970113584134
114.7,7.75,7,7.75064998825268,6.99985467264057,6.74447246238891,6.90917420418327,15.5012999765054,13.9997093452811,14.5810709778351,11.8974324176884
114.8,7.75,7,7.75064815898283,6.99985497062965,6.74449051770201,6.90913867048784,15.5012963179657,13.9997099412593,14.5808431393056,11.897853121077
114.9,7.75,7,7.75064633089956,6.99985526841148,6.74450953600701,6.90910316013923,15.5012926617991,13.999710536823,14.5806153787305,11.89827343265
115,7.75,7,7.75064450901632,6.99985556594717,6.7445280267287,6.90906768557483,15.5012890180326,13.9997111318943,14.580387688882,11.8986933938772
115.1,7.75,7,7.75064269200199,6.99985586323757,6.74454644402131,6.90903224445314,15.501285384004,13.9997117264751,14.5801600755308,11.8991129752567
115.2,7.75,7,7.75064087802478,6.99985616032019,6.74456517459883,6.90899682982172,15.5012817560496,13.9997123206404,14.5799325319897,11.8995322093474
115.3,7.75,7,7.75063906981227,6.99985645713948,6.744583632606,6.90896145197827,15.5012781396245,13.999712914279,14.579705068188,11.8999510495117
115.4,7.75,7,7.75063726508578,6.99985675375172,6.74460223708615,6.90892610128651,15.5012745301716,13.9997135075034,14.5794776719026,11.9003695554957
115.5,7.75,7,7.75063546547461,6.99985705010321,6.74462077067362,6.90889078600005,15.5012709309492,13.9997141002064,14.5792503573583,11.9007876584095
115.6,7.75,7,7.7506336702553,6.99985734623515,6.74463921227887,6.90885550065961,15.5012673405106,13.9997146924703,14.5790231112867,11.9012054243876
115.7,7.75,7,7.75063187857356,6.99985764214545,6.74465786883206,6.9088202440263,15.5012637571471,13.9997152842909,14.5787959384668,11.9016228294855
115.8,7.75,7,7.75063009176788,6.99985793781123,6.74467642186004,6.90878502069702,15.5012601835358,13.9997158756225,14.5785688420337,11.9020398599845
115.9,7.75,7,7.75062831041298,6.99985823322552,6.74469471401514,6.90874983234502,15.501256620826,13.999716466451,14.5783418221947,11.9024565160547
116,7.75,7,7.75062653237229,6.99985852842067,6.74471327280616,6.90871467203571,15.5012530647446,13.9997170568413,14.5781148757167,11.9028728124667
116.1,7.75,7,7.75062475750455,6.99985882339901,6.74473212906865,6.90867953928101,15.5012495150091,13.999717646798,14.5778880023321,11.9032887510314
116.2,7.75,7,7.75062298918666,6.99985911812121,6.74475036475821,6.90864444380598,15.5012459783733,13.9997182362424,14.5776612024619,11.9037043332665
116.3,7.75,7,7.75062122596635,6.99985941260368,6.74476837369748,6.90860938146635,15.5012424519327,13.9997188252074,14.577434476173,11.9041195581768
116.4,7.75,7,7.75061946343479,6.99985970690657,6.74478729138354,6.90857433864032,15.5012389268696,13.9997194138131,14.5772078194035,11.9045344423942
116.5,7.75,7,7.75061770707555,6.99986000093133,6.74480584978648,6.90853933466986,15.5012354141511,13.9997200018627,14.5769812468765,11.904948919234
116.6,7.75,7,7.75061595693413,6.99986029471093,6.74482381997823,6.90850436625182,15.5012319138683,13.9997205894219,14.5767547450489,11.9053630557386
116.7,7.75,7,7.75061420836574,6.99986058829384,6.74484249354528,6.90846942056059,15.5012284167315,13.9997211765877,14.5765283156835,11.9057768397659
116.8,7.75,7,7.75061246487214,6.99986088163054,6.74486097387397,6.90843450857239,15.5012249297443,13.9997217632611,14.5763019627601,11.9061902555892
116.9,7.75,7,7.75061072604932,6.99986117472481,6.74487937280396,6.90839962920357,15.5012214520986,13.9997223494496,14.5760756866314,11.9066033018265
117,7.75,7,7.75060899066637,6.99986146760697,6.74489792052743,6.90836477726799,15.5012179813327,13.9997229352139,14.5758494806957,11.9070160100676
117.1,7.75,7,7.75060726050368,6.9998617602314,6.74491628738214,6.90832996041811,15.5012145210074,13.9997235204628,14.5756233552791,11.9074283324079
117.2,7.75,7,7.75060553397313,6.99986205263693,6.74493477333846,6.90829517199553,15.5012110679463,13.9997241052739,14.575397301968,11.9078403088574
117.3,7.75,7,7.7506038114834,6.99986234482142,6.74495324852382,6.90826041290234,15.5012076229668,13.9997246896428,14.5751713197705,11.9082519451338
117.4,7.75,7,7.75060209431249,6.99986263674159,6.74497154009265,6.90822568969614,15.501204188625,13.9997252734832,14.5749454203956,11.9086631864698
117.5,7.75,7,7.75060038057631,6.99986292844062,6.74499002331348,6.90819099477504,15.5012007611526,13.9997258568812,14.5747195950164,11.9090740744516
117.6,7.75,7,7.75059867037751,6.99986321992208,6.74500863806244,6.90815632794168,15.501197340755,13.9997264398442,14.5744938417333,11.9094846188799
117.7,7.75,7,7.75059696581193,6.99986351115591,6.74502684823571,6.90812169579886,15.5011939316239,13.9997270223118,14.5742681631063,11.9098948098776
117.8,7.75,7,7.75059526583509,6.99986380215389,6.74504493637682,6.90808709536459,15.5011905316702,13.9997276043078,14.5740425591963,11.910304646828
117.9,7.75,7,7.75059356792621,6.99986409295606,6.745063517247,6.90805251827764,15.5011871358524,13.9997281859121,14.5738170253731,11.910714150225
118,7.75,7,7.75059187527251,6.99986438349167,6.74508192986929,6.90801797711994,15.501183750545,13.9997287669833,14.5735915757263,11.91112325616
118.1,7.75,7,7.75059018707102,6.99986467380558,6.74510017152706,6.9079834659698,15.501180374142,13.9997293476112,14.5733661957248,11.911532033933
118.2,7.75,7,7.75058850233034,6.99986496388193,6.7451186750004,6.9079489847294,15.5011770046607,13.9997299277639,14.5731408964321,11.9119404305414
118.3,7.75,7,7.75058682210722,6.99986525373395,6.74513699556674,6.90791453385303,15.5011736442144,13.9997305074679,14.5729156675968,11.9123484962992
118.4,7.75,7,7.75058514617561,6.99986554333519,6.74515536754649,6.90788011561209,15.5011702923512,13.9997310866704,14.5726905210528,11.9127561754206
118.5,7.75,7,7.75058347380484,6.99986583272547,6.74517379675619,6.90784572472962,15.5011669476097,13.9997316654509,14.5724654439813,11.91316352864
118.6,7.75,7,7.7505818060493,6.99986612188497,6.74519204024294,6.90781136499513,15.5011636120986,13.9997322437699,14.5722404395955,11.9135705421843
118.7,7.75,7,7.75058014259223,6.9998664107861,6.74521036841891,6.90777703863377,15.5011602851845,13.9997328215722,14.5720155206278,11.9139771562825
118.8,7.75,7,7.75057848208903,6.99986669947746,6.74522894507255,6.90774273843935,15.5011569641781,13.9997333989549,14.5717906735115,11.9143834343927
118.9,7.75,7,7.75057682686968,6.99986698792465,6.74524717913503,6.90770847184761,15.5011536537394,13.9997339758493,14.5715659014996,11.9147893638026
119,7.75,7,7.75057517651107,6.99986727613239,6.74526518359779,6.90767423764788,15.5011503530221,13.9997345522648,14.5713412046444,11.9151949444684
119.1,7.75,7,7.75057352793312,6.99986756413976,6.74528377165945,6.90764002662908,15.5011470558662,13.9997351282795,14.5711165812941,11.9156001819718
119.2,7.75,7,7.75057188310256,6.99986785192076,6.74530242547873,6.90760584475724,15.5011437662051,13.9997357038415,14.5708920329518,11.9160050715631
119.3,7.75,7,7.75057024591303,6.99986813942329,6.7453201262768,6.90757170392208,15.5011404918261,13.9997362788466,14.5706675628583,11.9164096021342
119.4,7.75,7,7.75056861132796,6.99986842670399,6.74533824823304,6.90753758979424,15.5011372226559,13.999736853408,14.5704431712544,11.9168137687238
119.5,7.75,7,7.75056697834944,6.99986871378937,6.7453569715304,6.90750349799473,15.5011339566989,13.9997374275787,14.5702188519669,11.9172175998083
119.6,7.75,7,7.75056535207338,6.99986900060352,6.74537500838395,6.90746944485583,15.5011307041468,13.999738001207,14.5699946123705,11.9176210661593
119.7,7.75,7,7.75056372848446,6.99986928721149,6.74539333782652,6.90743541696331,15.5011274569689,13.999738574423,14.5697704445414,11.9180242016017
119.8,7.75,7,7.75056210909639,6.99986957357316,6.7454116774186,6.90740142091631,15.5011242181928,13.9997391471463,14.5695463578615,11.9184269645415
119.9,7.75,7,7.7505604939575,6.99986985971074,6.74542987863328,6.90736745456509,15.501120987915,13.9997397194215,14.5693223430456,11.9188293986135
120,7.75,7,7.75055888247014,6.99987014560752,6.74544823780044,6.90733351853942,15.5011177649403,13.999740291215,14.5690984097146,11.9192314593705
120.1,7.75,7,7.75055727517018,6.99987043128408,6.74546645151345,6.90729961169318,15.5011145503404,13.9997408625682,14.5688745469793,11.9196331981372
120.2,7.75,7,7.75055567201325,6.99987071671624,6.74548467133408,6.90726573635126,15.5011113440265,13.9997414334325,14.5686507649537,11.9200345688205
120.3,7.75,7,7.75055407216574,6.99987100192383,6.74550306189855,6.9072318890869,15.5011081443315,13.9997420038477,14.5684270594068,11.9204355907497
120.4,7.75,7,7.75055247696559,6.99987128689444,6.74552123924896,6.90719807342782,15.5011049539312,13.9997425737889,14.5682034292139,11.9208362708428
120.5,7.75,7,7.75055088608903,6.99987157163167,6.74553928936235,6.90716428844655,15.5011017721781,13.9997431432633,14.5679798744231,11.9212366091369
120.6,7.75,7,7.75054929742057,6.99987185615848,6.74555779266541,6.90713052820086,15.5010985948411,13.999743712317,14.5677563954844,11.9216366022427
120.7,7.75,7,7.75054771274012,6.99987214045543,6.74557625625275,6.90709679768003,15.5010954254802,13.9997442809109,14.5675329920935,11.9220362536753
120.8,7.75,7,7.75054613471989,6.99987242449162,6.74559395121751,6.90706310454962,15.5010922694398,13.9997448489832,14.567309664482,11.9224355652879
120.9,7.75,7,7.75054456000893,6.9998727082962,6.74561183928165,6.90702944012145,15.5010891200179,13.9997454165924,14.5670864163174,11.9228345179732
121,7.75,7,7.75054298597119,6.9998729918967,6.74563064995825,6.90699579709818,15.5010859719424,13.9997459837934,14.5668632485972,11.923233105477
121.1,7.75,7,7.75054141858164,6.99987327524688,6.7456486285657,6.9069621903724,15.5010828371633,13.9997465504938,14.5666401524806,11.923631373808
121.2,7.75,7,7.7505398555404,6.99987355836094,6.74566646674617,6.90692861455074,15.5010797110808,13.9997471167219,14.5664171328592,11.9240292992495
121.3,7.75,7,7.7505382939603,6.99987384126421,6.74568499103092,6.90689506212099,15.5010765879206,13.9997476825284,14.566194192801,11.9244268659055
121.4,7.75,7,7.75053673779099,6.99987412391882,6.7457030816804,6.9068615436481,15.501073475582,13.9997482478376,14.5659713294585,11.9248240907518
121.5,7.75,7,7.75053518481725,6.9998744063564,6.74572130443217,6.90682805215941,15.5010703696345,13.9997488127128,14.5657485401888,11.925220984261
121.6,7.75,7,7.75053363600494,6.99987468854655,6.74573950037237,6.90679459231618,15.5010672720099,13.9997493770931,14.5655258329633,11.9256175119427
121.7,7.75,7,7.7505320910733,6.99987497052013,6.74575759038306,6.90676116057453,15.5010641821466,13.9997499410403,14.565303196458,11.9260137250377
121.8,7.75,7,7.75053054966045,6.99987525224884,6.74577584890289,6.90672775908544,15.5010610993209,13.9997505044977,14.5650806439657,11.9264095640596
121.9,7.75,7,7.7505290124619,6.99987553374475,6.74579397318394,6.90669438785022,15.5010580249238,13.9997510674895,14.5648581673092,11.9268050669008
122,7.75,7,7.75052747924627,6.999875815014,6.74581200446279,6.9066610458516,15.5010549584925,13.999751630028,14.5646357650623,11.927200240252
122.1,7.75,7,7.75052594867901,6.99987609606395,6.74583034664389,6.90662773003539,15.501051897358,13.9997521921279,14.5644134404255,11.9275950691383
122.2,7.75,7,7.75052442208686,6.99987637688438,6.74584860853753,6.90659444369876,15.5010488441737,13.9997527537688,14.5641911914254,11.9279895640789
122.3,7.75,7,7.75052290105919,6.99987665745438,6.74586636928931,6.90656119164546,15.5010458021184,13.9997533149088,14.5639690192444,11.9283837217293
122.4,7.75,7,7.75052138337958,6.99987693779254,6.74588426637056,6.90652796818437,15.5010427667592,13.9997538755851,14.5637469265908,11.9287775286219
122.5,7.75,7,7.75051986770569,6.9998772179113,6.74590267808773,6.90649476974704,15.5010397354114,13.9997544358226,14.5635249146272,11.929170978987
122.6,7.75,7,7.75051835691012,6.9998774978004,6.74592069724853,6.90646160232229,15.5010367138202,13.9997549956008,14.5633029741829,11.9295641165857
122.7,7.75,7,7.75051684986918,6.99987777744461,6.74593877822458,6.9064284654363,15.5010336997384,13.9997555548892,14.5630811167562,11.9299568900002
122.8,7.75,7,7.7505153459264,6.99987805687739,6.74595695779743,6.90639535465553,15.5010306918528,13.9997561137548,14.562859331686,11.9303493463546
122.9,7.75,7,7.75051384654861,6.99987833605771,6.74597496320451,6.90636227653689,15.5010276930972,13.9997566721154,14.5626376289766,11.9307414432816
123,7.75,7,7.7505123500678,6.99987861502769,6.74599312315761,6.90632922404149,15.5010247001356,13.9997572300554,14.562415999127,11.9311332217369
123.1,7.75,7,7.75051085771767,6.99987889375092,6.74601121731447,6.90629620286665,15.5010217154353,13.9997577875018,14.5621944513432,11.9315246428141
123.2,7.75,7,7.75050936961056,6.99987917223566,6.74602916145795,6.90626321238737,15.5010187392211,13.9997583444713,14.561972981718,11.9319157243495
123.3,7.75,7,7.75050788426027,6.99987945050172,6.74604734266353,6.90623024806206,15.5010157685205,13.9997589010034,14.5617515890481,11.9323064708348
123.4,7.75,7,7.75050640228679,6.99987972854632,6.74606556678858,6.90619731123448,15.5010128045736,13.9997594570926,14.5615302716024,11.9326968909026
123.5,7.75,7,7.7505049255195,6.99988000634394,6.74608335690108,6.90616440757292,15.501009851039,13.9997600126879,14.5613090313295,11.9330869781422
123.6,7.75,7,7.75050345239802,6.99988028391218,6.74610113664278,6.90613153262422,15.501006904796,13.9997605678244,14.5610878682858,11.9334767314306
123.7,7.75,7,7.75050198000722,6.99988056128054,6.7461197174644,6.9060986784091,15.5010039600144,13.9997611225611,14.560866783962,11.9338661422032
123.8,7.75,7,7.75050051348785,6.99988083838077,6.74613774518231,6.90606586054264,15.5010010269757,13.9997616767615,14.5606457824257,11.934255197871
123.9,7.75,7,7.75049905270704,6.99988111523171,6.74615516286379,6.90603307694428,15.5009981054141,13.9997622304634,14.560424856551,11.9346439298525
124,7.75,7,7.75049759236593,6.99988139190206,6.74617336991388,6.90600031165869,15.5009951847319,13.9997627838041,14.5602040028531,11.9350323490153
124.1,7.75,7,7.75049613605489,6.9998816683204,6.74619154214931,6.90596757788988,15.5009922721098,13.9997633366408,14.5599832339245,11.9354204044778
124.2,7.75,7,7.75049468479174,6.99988194450075,6.74620926720576,6.90593487604813,15.5009893695835,13.9997638890015,14.559762539264,11.9358081431362
124.3,7.75,7,7.75049323558949,6.99988222045953,6.74622744728057,6.9059021992948,15.500986471179,13.9997644409191,14.5595419260739,11.9361955317251
124.4,7.75,7,7.75049179049639,6.99988249619255,6.74624542299455,6.90586955161215,15.5009835809928,13.9997649923851,14.5593213865127,11.9365826063993
124.5,7.75,7,7.75049034924853,6.99988277167352,6.74626341322362,6.90583693507008,15.5009806984971,13.999765543347,14.5591009326328,11.936969315522
124.6,7.75,7,7.75048891095698,6.99988304695065,6.74628146356134,6.90580434343267,15.500977821914,13.9997660939013,14.5588805487725,11.9373557262015
124.7,7.75,7,7.75048747712156,6.99988332196954,6.74629935188576,6.90577178457702,15.5009749542431,13.9997666439391,14.5586602502937,11.9377417742671
124.8,7.75,7,7.75048604631231,6.99988359676405,6.74631737614821,6.90573925270834,15.5009720926246,13.9997671935281,14.558440029965,11.9381274900299
124.9,7.75,7,7.75048461869797,6.99988387134172,6.7463354398962,6.90570674738182,15.5009692373959,13.9997677426834,14.5582198838981,11.93851289077
125,7.75,7,7.75048319552605,6.999884145681,6.74635323746553,6.905674272857,15.5009663910521,13.999768291362,14.5579998151325,11.9388979650501
125.1,7.75,7,7.75048177581437,6.99988441979295,6.74637103476259,6.905641826329,15.5009635516287,13.9997688395859,14.5577798237159,11.9392827122753
125.2,7.75,7,7.750480357602,6.99988469368413,6.74638944263536,6.9056094037018,15.500960715204,13.9997693873683,14.5575599161138,11.9396671036688
125.3,7.75,7,7.75047894462088,6.99988496732345,6.7464073834043,6.90557701452265,15.5009578892418,13.9997699346469,14.5573400876894,11.9400511628443
125.4,7.75,7,7.75047753718717,6.99988524071087,6.74642475040816,6.90554465933901,15.5009550743743,13.9997704814217,14.5571203369865,11.9404348967718
125.5,7.75,7,7.75047613078017,6.99988551390337,6.74644274664283,6.90551232469764,15.5009522615603,13.9997710278067,14.556900661687,11.9408183117297
125.6,7.75,7,7.75047472640792,6.99988578688538,6.74646111499905,6.90548001385867,15.5009494528158,13.9997715737708,14.5566810634911,11.941201401864
125.7,7.75,7,7.75047332914002,6.99988605958421,6.74647854400452,6.90544774272437,15.50094665828,13.9997721191684,14.5564615486251,11.9415841458592
125.8,7.75,7,7.75047193360409,6.99988633207713,6.74649641675912,6.9054154943929,15.5009438672082,13.9997726641543,14.5562421104014,11.9419665676999
125.9,7.75,7,7.7504705407372,6.99988660434712,6.74651450622816,6.90538327213672,15.5009410814744,13.9997732086942,14.5560227514508,11.9423486576129
126,7.75,7,7.75046915243808,6.99988687637811,6.74653226495689,6.90535108083603,15.5009383048762,13.9997737527562,14.5558034695223,11.9427304272384
126.1,7.75,7,7.75046776686437,6.99988714817505,6.74655027067953,6.90531891674657,15.5009355337287,13.9997742963501,14.5555842711825,11.943111847834
126.2,7.75,7,7.75046638499194,6.99988741975351,6.74656812487488,6.905286780093,15.5009327699839,13.999774839507,14.5553651454753,11.9434929667667
126.3,7.75,7,7.75046500685912,6.99988769107649,6.7465859918137,6.90525467446512,15.5009300137182,13.999775382153,14.5551461074505,11.9438737214507
126.4,7.75,7,7.75046363159812,6.99988796218803,6.74660394002158,6.90522259410888,15.5009272631962,13.9997759243761,14.5549271430447,11.9442541705318
126.5,7.75,7,7.75046226023054,6.99988823307033,6.74662171831748,6.90519054251827,15.5009245204611,13.9997764661407,14.554708254807,11.944634304678
126.6,7.75,7,7.75046089229106,6.99988850371726,6.74663950609775,6.90515851944268,15.5009217845821,13.9997770074345,14.5544894474448,11.9450141042922
126.7,7.75,7,7.7504595266089,6.99988877413871,6.7466576363665,6.90512652185212,15.5009190532178,13.9997775482774,14.5542707223622,11.9453935629897
126.8,7.75,7,7.75045816542256,6.99988904431814,6.7466754530145,6.90509455527378,15.5009163308451,13.9997780886363,14.5540520759065,11.9457726984858
126.9,7.75,7,7.7504568088502,6.99988931425414,6.74669292159773,6.9050626200394,15.5009136177004,13.9997786285083,14.5538335081126,11.9461515112127
127,7.75,7,7.75045545413299,6.99988958398739,6.74671074795931,6.90503070737479,15.500910908266,13.9997791679748,14.5536150151263,11.9465300151497
127.1,7.75,7,7.75045410202594,6.99988985349791,6.746728777846,6.90499882050739,15.5009082040519,13.9997797069958,14.5533966016531,11.9469081919108
127.2,7.75,7,7.7504527548996,6.99989012274552,6.74674642437294,6.90496696744629,15.5009055097992,13.999780245491,14.5531782731561,11.9472860215039
127.3,7.75,7,7.75045140997738,6.99989039178853,6.74676431606391,6.90493513771365,15.5009028199548,13.9997807835771,14.5529600186087,11.9476635475357
127.4,7.75,7,7.75045006888489,6.99989066058334,6.74678212523247,6.90490333832046,15.5009001377698,13.9997813211667,14.5527418483695,11.9480407291468
127.5,7.75,7,7.75044873118345,6.99989092915695,6.74679986549358,6.90487156591387,15.5008974623669,13.9997818583139,14.5525237533708,11.9484176038233
127.6,7.75,7,7.75044739642874,6.99989119749193,6.74681776080354,6.90483982134326,15.5008947928575,13.9997823949839,14.552305742876,11.9487941335029
127.7,7.75,7,7.75044606541513,6.99989146559899,6.74683549958021,6.90480810499291,15.5008921308303,13.999782931198,14.5520878087562,11.9491703527976
127.8,7.75,7,7.75044473780912,6.99989173348185,6.74685317090115,6.90477641590724,15.5008894756182,13.9997834669637,14.5518699510467,11.9495462616881
127.9,7.75,7,7.75044341221273,6.99989200114734,6.74687119574764,6.90474475093957,15.5008868244255,13.9997840022947,14.5516521734724,11.9499218441073
128,7.75,7,7.75044209067946,6.99989226856757,6.74688903227639,6.90471311636767,15.5008841813589,13.9997845371351,14.5514344779214,11.9502970946516
128.1,7.75,7,7.75044077415854,6.99989253573237,6.74690641588569,6.90468151482773,15.5008815483171,13.9997850714647,14.5512168641414,11.9506720156985
128.2,7.75,7,7.75043945956806,6.99989280268534,6.74692414543431,6.90464993670287,15.5008789191361,13.9997856053707,14.5509993285948,11.9510466194108
128.3,7.75,7,7.75043814637832,6.99989306942865,6.74694238067477,6.90461838083255,15.5008762927566,13.9997861388573,14.5507818728714,11.9514208992906
128.4,7.75,7,7.75043683931886,6.9998933359147,6.74695980058972,6.9045868601214,15.5008736786377,13.9997866718294,14.5505644944493,11.9517948702625
128.5,7.75,7,7.75043553613359,6.99989360216899,6.74697701907428,6.9045553681327,15.5008710722672,13.999787204338,14.5503471933831,11.9521685305185
128.6,7.75,7,7.75043423281938,6.99989386821858,6.74699520961423,6.90452389516344,15.5008684656388,13.9997877364372,14.5501299772604,11.952541846182
128.7,7.75,7,7.75043293456355,6.99989413402634,6.74701285536557,6.90449245395257,15.5008658691271,13.9997882680527,14.5499128371052,11.9529148587109
128.8,7.75,7,7.75043163988418,6.99989439959116,6.74703043928866,6.90446104194367,15.5008632797684,13.9997887991823,14.5496957803088,11.9532875373431
128.9,7.75,7,7.75043034708616,6.99989466495268,6.74704832967231,6.90442965237612,15.5008606941723,13.9997893299054,14.5494787984804,11.953659914909
129,7.75,7,7.75042905876483,6.99989493005272,6.7470659448056,6.90439829533281,15.5008581175297,13.9997898601054,14.549261903444,11.9540319464875
129.1,7.75,7,7.75042777280795,6.99989519494838,6.74708371002645,6.9043669616707,15.5008555456159,13.9997903898968,14.5490450815578,11.9544036856219
129.2,7.75,7,7.75042649061323,6.99989545958823,6.74710140055229,6.90433565869648,15.5008529812265,13.9997909191765,14.5488283474797,11.9547750750371
129.3,7.75,7,7.75042521168431,6.99989572401139,6.74711899986118,6.90430438184495,15.5008504233686,13.9997914480228,14.5486116874066,11.9551461702183
129.4,7.75,7,7.75042393508648,6.99989598821587,6.7471368169907,6.90427312961912,15.500847870173,13.9997919764317,14.5483951065435,11.9555169498495
129.5,7.75,7,7.75042266217997,6.99989625217625,6.74715452233971,6.90424190681675,15.5008453243599,13.9997925043525,14.548178608992,11.955887399179
129.6,7.75,7,7.75042139343587,6.99989651589049,6.7471719702193,6.9042107144618,15.5008427868717,13.999793031781,14.5479621934016,11.9562575245146
129.7,7.75,7,7.75042012679131,6.99989677938872,6.74718969138186,6.90417954602771,15.5008402535826,13.9997935587774,14.5477458570014,11.9566273355444
129.8,7.75,7,7.75041886217193,6.99989704267256,6.74720770041966,6.90414840121865,15.5008377243439,13.9997940853451,14.547529599477,11.9569968338861
129.9,7.75,7,7.75041760294589,6.99989730570273,6.74722508042253,6.90411728972823,15.5008352058918,13.9997946114055,14.5473134212537,11.957366021278
130,7.75,7,7.75041634759777,6.99989756849634,6.74724224305363,6.90408620723082,15.5008326951955,13.9997951369927,14.5470973223783,11.9577348966136
130.1,7.75,7,7.75041509177049,6.99989783111371,6.74726032777958,6.9040551402737,15.500830183541,13.9997956622274,14.5468812983797,11.9581034741681
130.2,7.75,7,7.75041384089249,6.99989809345324,6.74727802444799,6.90402410804822,15.500827681785,13.9997961869065,14.5466653657277,11.9584716939145
130.3,7.75,7,7.75041259503167,6.99989835555251,6.7472951455747,6.90399310716892,15.5008251900633,13.999796711105,14.5464495086163,11.9588396190322
130.4,7.75,7,7.75041134958019,6.99989861745664,6.74731297754954,6.90396212514768,15.5008226991604,13.9997972349133,14.5462337300195,11.9592072340425
130.5,7.75,7,7.75041010800892,6.99989887911843,6.74733060454181,6.90393117259814,15.5008202160178,13.9997977582369,14.5460180331475,11.9595745297767
130.6,7.75,7,7.75040886988961,6.99989914053917,6.74734815610703,6.90390024861522,15.5008177397792,13.9997982810783,14.5458024194705,11.9599415005356
130.7,7.75,7,7.75040763409533,6.99989940175152,6.74736585244195,6.90386934813152,15.5008152681907,13.999798803503,14.5455868808064,11.9603081779621
130.8,7.75,7,7.75040640227962,6.99989966270723,6.7473833659076,6.90383847858286,15.5008128045592,13.9997993254145,14.5453714293076,11.9606745161631
130.9,7.75,7,7.75040517293036,6.99989992344801,6.74740100195393,6.9038076333679,15.5008103458607,13.999799846896,14.5451560548498,11.9610405540274
131,7.75,7,7.75040394655404,6.99990018396776,6.74741862183542,6.90377681395512,15.5008078931081,13.9998003679355,14.5449407575887,11.9614062917898
131.1,7.75,7,7.75040272416792,6.99990044422795,6.7474360598275,6.90374602572731,15.5008054483358,13.9998008884559,14.5447255486431,11.9617716872395
131.2,7.75,7,7.75040150404824,6.99990070426945,6.74745369365213,6.90371526178468,15.5008030080965,13.9998014085389,14.5445104192344,11.962136773678
131.3,7.75,7,7.75040028636919,6.99990096409529,6.74747145250483,6.90368452215032,15.5008005727384,13.9998019281906,14.5442953672992,11.9625015597254
131.4,7.75,7,7.75039907318453,6.99990122367565,6.74748880109729,6.90365381327192,15.5007981463691,13.9998024473513,14.5440803955174,11.9628660371574
131.5,7.75,7,7.75039786340887,6.99990148302276,6.74750603373874,6.90362313204948,15.5007957268177,13.9998029660455,14.5438655039297,11.9632302052669
131.6,7.75,7,7.75039665461905,6.99990174217516,6.74752376351595,6.90359247054316,15.5007933092381,13.9998034843503,14.5436506879958,11.9635940799529
131.7,7.75,7,7.75039544979664,6.99990200106511,6.74754131560549,6.90356184036571,15.5007908995933,13.9998040021302,14.5434359616803,11.9639576100369
131.8,7.75,7,7.75039424835453,6.99990225973415,6.7475587027916,6.90353123662047,15.5007884967091,13.9998045194683,14.5432213106102,11.964320851253
131.9,7.75,7,7.7503930491302,6.9999025181695,6.74757634773978,6.90350065836699,15.5007860982604,13.999805036339,14.5430067454946,11.9646837614595
132,7.75,7,7.75039185337379,6.99990277638095,6.74759380785595,6.90347010695635,15.5007837067476,13.9998055527619,14.54279225645,11.9650463804731
132.1,7.75,7,7.75039066062349,6.99990303434563,6.74761132267528,6.903439583639,15.500781321247,13.9998060686913,14.5425778550631,11.9654086635124
132.2,7.75,7,7.7503894703915,6.9999032921011,6.74762889148492,6.9034090840744,15.500778940783,13.9998065842022,14.5423635281419,11.9657706615033
132.3,7.75,7,7.75038828370391,6.99990354962587,6.74764627256913,6.90337861207955,15.5007765674078,13.9998070992517,14.5421492797333,11.9661323601181
132.4,7.75,7,7.75038709997905,6.99990380689678,6.74766374379228,6.90334816870962,15.5007741999581,13.9998076137936,14.5419351221137,11.9664937120373
132.5,7.75,7,7.7503859181464,6.99990406395962,6.74768145781448,6.90331774781804,15.5007718362928,13.9998081279192,14.5417210414221,11.9668547700608
132.6,7.75,7,7.75038474048575,6.99990432078021,6.74769882408183,6.90328735665587,15.5007694809715,13.9998086415604,14.5415070410733,11.9672155234985
132.7,7.75,7,7.75038356653827,6.99990457736368,6.74771596593399,6.90325699390911,15.5007671330765,13.9998091547274,14.5412931210997,11.9675759722221
132.8,7.75,7,7.75038239323195,6.99990483374935,6.74773370166595,6.90322665039683,15.5007647864639,13.9998096674987,14.5410792796757,11.9679361208692
132.9,7.75,7,7.75038122260405,6.99990508991025,6.74775148872583,6.90319633227086,15.5007624452081,13.9998101798205,14.540865518386,11.9682959655897
133,7.75,7,7.75038005850482,6.9999053457925,6.74776831488596,6.90316605142994,15.5007601170096,13.999810691585,14.5406518414162,11.9686554942707
133.1,7.75,7,7.75037889574191,6.99990560145811,6.74778558250016,6.90313579276903,15.5007577914838,13.9998112029162,14.5404382475105,11.9690147074999
133.2,7.75,7,7.75037773355857,6.99990585693001,6.74780343864404,6.90310555281089,15.5007554671171,13.99981171386,14.5402247307595,11.9693736275137
133.3,7.75,7,7.75037657694044,6.99990611213099,6.74782060264543,6.90307534764412,15.5007531538809,13.999812224262,14.5400112996594,11.9697322268665
133.4,7.75,7,7.75037542188613,6.99990636712988,6.74783807130003,6.90304516371001,15.5007508437723,13.9998127342598,14.5397979445574,11.9700905390474
133.5,7.75,7,7.75037426989373,6.99990662188278,6.74785554016681,6.90301500771803,15.5007485397875,13.9998132437656,14.5395846765504,11.9704485237117
133.6,7.75,7,7.75037312107951,6.99990687641357,6.74787287565235,6.90298487769542,15.500746242159,13.9998137528271,14.5393714852409,11.9708062207783
133.7,7.75,7,7.75037197471787,6.99990713070698,6.74789036628451,6.90295477369693,15.5007439494357,13.999814261414,14.5391583803296,11.9711635932918
133.8,7.75,7,7.75037083152038,6.99990738478195,6.74790770956061,6.90292469528794,15.5007416630408,13.9998147695639,14.5389453506748,11.9715206843981
133.9,7.75,7,7.7503696913008,6.99990763861282,6.7479250628927,6.90289464444328,15.5007393826016,13.9998152772256,14.5387324077243,11.9718774511308
134,7.75,7,7.75036855327554,6.99990789222253,6.74794258305214,6.90286461764349,15.5007371065511,13.9998157844451,14.5385195456961,11.9722339150069
134.1,7.75,7,7.75036741881843,6.99990814559707,6.74795988675808,6.90283461865086,15.5007348376369,13.9998162911941,14.5383067639281,11.9725900801435
134.2,7.75,7,7.75036628758546,6.99990839874029,6.74797706609376,6.90280464647872,15.5007325751709,13.9998167974806,14.5380940624495,11.9729459465093
134.3,7.75,7,7.7503651574401,6.99990865167533,6.74799470636012,6.90277469512121,15.5007303148802,13.9998173033507,14.5378814417228,11.9733015108442
134.4,7.75,7,7.750364030239,6.99990890438195,6.74801229558722,6.90274476978802,15.500728060478,13.9998178087639,14.5376689014023,11.9736567764924
134.5,7.75,7,7.75036290864498,6.99990915682937,6.74802910710854,6.90271487811287,15.50072581729,13.9998183136587,14.5374564417076,11.974011745399
134.6,7.75,7,7.75036178916207,6.99990940904619,6.74804613541515,6.90268501111247,15.5007235783241,13.9998188180924,14.5372440672217,11.9743663977123
134.7,7.75,7,7.75036066923442,6.99990966106267,6.748064070847,6.90265516136927,15.5007213384688,13.9998193221253,14.5370317774311,11.9747207335032
134.8,7.75,7,7.75035955496984,6.99990991283026,6.7480811651323,6.902625344422,15.5007191099397,13.9998198256605,14.5368195637585,11.9750747906136
134.9,7.75,7,7.75035844391814,6.9999101643628,6.74809813822765,6.90259555452915,15.5007168878363,13.9998203287256,14.5366074319704,11.9754285457355
135,7.75,7,7.75035733321833,6.99991041568804,6.74811578675858,6.90256578394292,15.5007146664367,13.9998208313761,14.5363953840208,11.9757819894348
135.1,7.75,7,7.75035622687835,6.99991066676488,6.74813299803215,6.9025360436888,15.5007124537567,13.9998213335298,14.5361834180928,11.9761351324742
135.2,7.75,7,7.75035512264916,6.99991091762829,6.74815034825471,6.90250632649125,15.5007102452983,13.9998218352566,14.5359715302979,11.9764879876289
135.3,7.75,7,7.75035402147289,6.99991116824442,6.7481676653305,6.90247663710601,15.5007080429458,13.9998223364888,14.5357597301819,11.97684052078
135.4,7.75,7,7.7503529231615,6.9999114186474,6.74818487836597,6.90244697211188,15.500705846323,13.9998228372948,14.535548004552,11.9771927809663
135.5,7.75,7,7.75035182721737,6.9999116688055,6.74820226111671,6.90241733343268,15.5007036544347,13.999823337611,14.5353363688269,11.9775447111476
135.6,7.75,7,7.75035073442548,6.99991191873431,6.74821950559374,6.90238772109814,15.500701468851,13.9998238374686,14.5351248129049,11.977896349741
135.7,7.75,7,7.75034964457784,6.99991216843835,6.74823665854409,6.90235813430879,15.5006992891557,13.9998243368767,14.5349133358883,11.9782477002284
135.8,7.75,7,7.75034855628744,6.9999124179251,6.74825412731419,6.9023285698388,15.5006971125749,13.9998248358502,14.5347019411967,11.9785987491473
135.9,7.75,7,7.75034747095644,6.99991266718375,6.74827150826323,6.90229903121847,15.5006949419129,13.9998253343675,14.5344906267173,11.9789495059021
136,7.75,7,7.75034639015329,6.99991291619362,6.74828838203331,6.90226952316843,15.5006927803066,13.9998258323872,14.5342793936349,11.9792999679134
136.1,7.75,7,7.75034531157583,6.9999131649723,6.74830540632212,6.90224003987425,15.5006906231517,13.9998263299446,14.5340682454827,11.9796501205586
136.2,7.75,7,7.75034423390052,6.99991341353576,6.74832293659088,6.90221057746158,15.500688467801,13.9998268270715,14.5338571818666,11.9799999645143
136.3,7.75,7,7.75034316015675,6.9999136618696,6.74834007094105,6.90218114277777,15.5006863203135,13.9998273237392,14.5336461945447,11.9803495330183
136.4,7.75,7,7.75034208899336,6.99991390996249,6.74835727361967,6.90215173433658,15.5006841779867,13.999827819925,14.5334352945176,11.9806987850316
136.5,7.75,7,7.75034101998524,6.99991415784388,6.74837456881892,6.90212234871737,15.5006820399705,13.9998283156878,14.5332244716299,11.9810477576293
136.6,7.75,7,7.75033995440027,6.99991440547654,6.74839169156437,6.90209299156031,15.5006799088005,13.9998288109531,14.5330137352959,11.9813964179984
136.7,7.75,7,7.75033889072054,6.99991465290061,6.74840897114086,6.90206365648564,15.5006777814411,13.9998293058012,14.5328030760802,11.9817447995107
136.8,7.75,7,7.75033783011014,6.9999149000776,6.7484261791012,6.9020343490497,15.5006756602203,13.9998298001552,14.5325925043957,11.9820928657333
136.9,7.75,7,7.75033677266054,6.99991514702011,6.74844323931786,6.90200506829065,15.5006735453211,13.9998302940402,14.5323820146295,11.9824406375307
137,7.75,7,7.75033571692047,6.99991539374593,6.74846054107364,6.90197580993823,15.5006714338409,13.9998307874919,14.5321716062331,11.9827881159668
137.1,7.75,7,7.75033466357651,6.99991564025176,6.74847787906629,6.90194657554202,15.500669327153,13.9998312805035,14.5319612773572,11.9831353087092
137.2,7.75,7,7.75033361442849,6.99991588651232,6.74849477755545,6.90191737065512,15.500667228857,13.9998317730246,14.531751029995,11.9834822105107
137.3,7.75,7,7.75033256787424,6.99991613254573,6.74851167217413,6.90188819070356,15.5006651357485,13.9998322650915,14.5315408641852,11.9838288201613
137.4,7.75,7,7.75033152100297,6.99991637837962,6.74852937454532,6.90185902785176,15.5006630420059,13.9998327567592,14.5313307821648,11.9841751273619
137.5,7.75,7,7.75033047894879,6.99991662394883,6.74854650578669,6.90182989734257,15.5006609578976,13.9998332478977,14.5311207867625,11.98452112692
137.6,7.75,7,7.75032944159919,6.99991686927107,6.74856303642898,6.90180079738696,15.5006588831984,13.9998337385421,14.5309108711952,11.9848668435357
137.7,7.75,7,7.75032840369149,6.99991711441526,6.74858036879497,6.90177171215269,15.500656807383,13.9998342288305,14.5307010316968,11.9852122863476
137.8,7.75,7,7.75032736879907,6.99991735930725,6.7485976437473,6.90174265479131,15.5006547375981,13.9998347186145,14.5304912821139,11.9855574092238
137.9,7.75,7,7.75032633793132,6.99991760396514,6.74861448016975,6.90171362555797,15.5006526758626,13.9998352079303,14.5302816102511,11.9859022571794
138,7.75,7,7.75032530805838,6.9999178484023,6.74863177652185,6.90168461765507,15.5006506161168,13.9998356968046,14.5300720247873,11.9862467967889
138.1,7.75,7,7.75032428136158,6.99991809261536,6.74864886103533,6.90165563540602,15.5006485627232,13.9998361852307,14.529862516895,11.9865910619386
138.2,7.75,7,7.75032325736634,6.99991833658015,6.74866596405803,6.90162668005326,15.5006465147327,13.9998366731603,14.5296530987723,11.986935009006
138.3,7.75,7,7.75032223543225,6.99991858034267,6.7486831241706,6.90159774634495,15.5006444708645,13.9998371606853,14.5294437544451,11.9872786947747
138.4,7.75,7,7.75032121687594,6.99991882384736,6.74870012060886,6.90156884160284,15.5006424337519,13.9998376476947,14.5292345006625,11.9876220610977
138.5,7.75,7,7.75032020030528,6.99991906713147,6.74871725725631,6.90153995995586,15.5006404006106,13.9998381342629,14.5290253285836,11.9879651385962
138.6,7.75,7,7.75031918599217,6.99991931020035,6.74873442916702,6.90151110142769,15.5006383719843,13.9998386204007,14.528816234732,11.9883079402095
138.7,7.75,7,7.75031817514218,6.99991955303275,6.74875133152306,6.90148227011122,15.5006363502844,13.9998391060655,14.5286072222209,11.9886504562902
138.8,7.75,7,7.75031716674942,6.99991979564003,6.74876823728114,6.90145346313218,15.5006343334988,13.9998395912801,14.5283982910808,11.9889926861749
138.9,7.75,7,7.75031615879346,6.99992003802679,6.74878575838181,6.90142467632536,15.5006323175869,13.9998400760536,14.528189448882,11.9893346016309
139,7.75,7,7.75031515508987,6.99992028016538,6.74880279814077,6.90139591918816,15.5006303101797,13.9998405603308,14.5279806891562,11.9896762293568
139.1,7.75,7,7.7503141559179,6.99992052205451,6.74881927217237,6.90136719234218,15.5006283118358,13.999841044109,14.5277720111322,11.9900175726807
139.2,7.75,7,7.75031315677235,6.99992076375146,6.74883638752748,6.90133848238725,15.5006263135447,13.9998415275029,14.5275634122845,11.990358636802
139.3,7.75,7,7.75031215874341,6.99992100523957,6.74885385944864,6.90130979279853,15.5006243174868,13.9998420104791,14.5273548943807,11.9906994167965
139.4,7.75,7,7.75031116681633,6.99992124644467,6.74887038452364,6.90128113932329,15.5006223336327,13.9998424928893,14.5271464646624,11.9910398920274
139.5,7.75,7,7.75031017557065,6.9999214874487,6.74888737180927,6.90125250470441,15.5006203511413,13.9998429748974,14.5269381147292,11.9913800875265
139.6,7.75,7,7.75030918607092,6.99992172823001,6.74890456090401,6.90122389280254,15.5006183721418,13.99984345646,14.5267298485204,11.99171999077
139.7,7.75,7,7.75030820014333,6.99992196877616,6.74892142401644,6.9011953080926,15.5006164002867,13.9998439375523,14.5265216626145,11.9920596157309
139.8,7.75,7,7.75030721590832,6.9999222090891,6.74893853674607,6.90116674689531,15.5006144318166,13.9998444181782,14.5263135650215,11.9923989330433
139.9,7.75,7,7.75030623447297,6.99992244918696,6.74895549326703,6.90113820967859,15.5006124689459,13.9998448983739,14.5261055430705,11.9927379883698
140,7.75,7,7.75030525569763,6.99992268903019,6.7489724659766,6.90110969962009,15.5006105113953,13.9998453780604,14.5258976137368,11.993076722637
140.1,7.75,7,7.75030427888072,6.99992292866537,6.74898951698894,6.90108121134231,15.5006085577614,13.9998458573307,14.5256897610931,11.9934151911713
140.2,7.75,7,7.7503033050266,6.99992316807341,6.74900639594321,6.90105274836961,15.5006066100532,13.9998463361468,14.5254819883067,11.9937533841326
140.3,7.75,7,7.75030233360566,6.99992340724657,6.74902329074678,6.90102431037784,15.5006046672113,13.9998468144931,14.525274301056,11.9940912816244
140.4,7.75,7,7.7503013634359,6.99992364619824,6.74904052223574,6.90099589398738,15.5006027268718,13.9998472923965,14.5250666993627,11.9944288828815
140.5,7.75,7,7.75030039681917,6.99992388490998,6.74905743515803,6.9009675050834,15.5006007936383,13.99984776982,14.5248591800448,11.9947662013851
140.6,7.75,7,7.75029943383826,6.99992412338082,6.74907400531185,6.90093914389488,15.5005988676765,13.9998482467616,14.5246517431202,11.9951032374879
140.7,7.75,7,7.75029847177691,6.99992436165171,6.74909093954515,6.90091080178506,15.5005969435538,13.9998487233034,14.524444384419,11.9954400035116
140.8,7.75,7,7.7502975114198,6.99992459970044,6.7491080651419,6.90088248213689,15.5005950228396,13.9998491994009,14.5242371094332,11.9957764814816
140.9,7.75,7,7.75029655498307,6.99992483749059,6.74912481176518,6.90085419223747,15.5005931099661,13.9998496749812,14.5240299228092,11.9961126576979
141,7.75,7,7.7502955998658,6.99992507507689,6.74914180625653,6.90082592247233,15.5005911997316,13.9998501501538,14.5238228141542,11.996448566062
141.1,7.75,7,7.75029464756501,6.99992531241894,6.74915871352062,6.90079767912749,15.50058929513,13.9998506248379,14.5236157931195,11.9967841749657
141.2,7.75,7,7.75029369775906,6.99992554954047,6.74917555525047,6.90076945953837,15.5005873955181,13.9998510990809,14.5234088514317,11.9971195129747
141.3,7.75,7,7.75029274988474,6.99992578642727,6.74919254923498,6.90074126386876,15.5005854997695,13.9998515728545,14.5232019975896,11.9974545506831
141.4,7.75,7,7.75029180484821,6.99992602308844,6.74920938461553,6.90071309301737,15.5005836096964,13.9998520461769,14.5229952235966,11.997789316733
141.5,7.75,7,7.75029086230355,6.99992625952786,6.74922615438305,6.90068494599153,15.5005817246071,13.9998525190557,14.5227885294723,11.9981238110512
141.6,7.75,7,7.75028992080031,6.99992649575252,6.74924328284537,6.9006568194631,15.5005798416006,13.999852991505,14.5225819191381,11.998458019216
141.7,7.75,7,7.75028898246139,6.99992673173162,6.7492602099204,6.90062872005372,15.5005779649228,13.9998534634632,14.5223753953524,11.998791934051
141.8,7.75,7,7.75028804812245,6.99992696746038,6.74927669087874,6.90060064973022,15.5005760962449,13.9998539349208,14.5221689561751,11.9991255633045
141.9,7.75,7,7.75028711475855,6.9999272029803,6.74929352707788,6.90057259923647,15.5005742295171,13.9998544059606,14.5219625986599,11.9994589146594
142,7.75,7,7.75028618190261,6.99992743829272,6.74931085678432,6.90054456757158,15.5005723638052,13.9998548765854,14.5217563244474,11.9997919824266
142.1,7.75,7,7.75028525430733,6.99992767334999,6.74932736150432,6.90051656773943,15.5005705086147,13.9998553467,14.5215501309254,12.0001247800989
142.2,7.75,7,7.7502843296402,6.99992790817851,6.7493436765291,6.9004885930837,15.5005686592804,13.999855816357,14.5213440181333,12.0004573057542
142.3,7.75,7,7.75028340383628,6.99992814280406,6.74936097289225,6.90046063374994,15.5005668076726,13.9998562856081,14.5211379944919,12.0007895274649
142.4,7.75,7,7.75028248225285,6.99992837719141,6.74937770738821,6.90043270281073,15.5005649645057,13.9998567543828,14.5209320494306,12.0011214862714
142.5,7.75,7,7.75028156325165,6.99992861133755,6.7493943923253,6.90040479743878,15.5005631265033,13.9998572226751,14.5207261918784,12.0014531507553
142.6,7.75,7,7.75028064527545,6.9999288452842,6.74941137683235,6.90037691111606,15.5005612905509,13.9998576905684,14.5205204119036,12.0017845534799
142.7,7.75,7,7.75027973079752,6.99992907897087,6.74942808406074,6.90034905367098,15.500559461595,13.9998581579417,14.5203147229024,12.0021156516803
142.8,7.75,7,7.75027881783451,6.99992931245536,6.74944494522615,6.90032121640828,15.500557635669,13.9998586249107,14.5201091103037,12.0024464931605
142.9,7.75,7,7.75027790762458,6.99992954568853,6.74946172822307,6.90029340585693,15.5005558152492,13.9998590913771,14.519903588599,12.0027770304385
143,7.75,7,7.75027699983112,6.99992977870762,6.74947842114987,6.90026561818349,15.5005539996622,13.9998595574152,14.5196981439881,12.0031073100811
143.1,7.75,7,7.7502760934567,6.99993001151071,6.74949533510633,6.90023785166716,15.5005521869134,13.9998600230214,14.5194927819444,12.0034373130492
143.2,7.75,7,7.75027518987965,6.99993024406997,6.74951212922465,6.9002101112719,15.5005503797593,13.9998604881399,14.5192875075034,12.0037670239867
143.3,7.75,7,7.75027428950102,6.99993047638826,6.74952866983178,6.90018239749693,15.500548579002,13.9998609527765,14.5190823176058,12.0040964538856
143.4,7.75,7,7.75027339030192,6.99993070849363,6.74954549077798,6.90015470413441,15.5005467806038,13.9998614169873,14.5188772101377,12.0044256083535
143.5,7.75,7,7.75027249227491,6.999930940387,6.74956259000373,6.90012703108134,15.5005449845498,13.999861880774,14.518672184754,12.0047544888529
143.6,7.75,7,7.75027159877959,6.99993117202923,6.74957905211532,6.90009938799891,15.5005431975592,13.9998623440585,14.5184672418742,12.0050830973085
143.7,7.75,7,7.7502707082362,6.99993140343817,6.74959530689769,6.9000717703762,15.5005414164724,13.9998628068763,14.5182623815297,12.0054114325094
143.8,7.75,7,7.75026981632609,6.99993163467431,6.74961249731633,6.90004416490833,15.5005396326522,13.9998632693486,14.518057598998,12.0057395066393
143.9,7.75,7,7.75026892846707,6.99993186563324,6.74962927096734,6.90001659069548,15.5005378569341,13.9998637312665,14.5178529120025,12.0060672657753
144,7.75,7,7.75026804471934,6.99993209635702,6.74964548250186,6.899989044258,15.5005360894387,13.999864192714,14.5176483028853,12.0063947691841
144.1,7.75,7,7.75026716049587,6.99993232688753,6.7496624126088,6.89996151336915,15.5005343209917,13.9998646537751,14.5174437758664,12.0067219989831
144.2,7.75,7,7.75026627927561,6.99993255717993,6.74967912614474,6.89993400839885,15.5005325585512,13.9998651143599,14.517239333156,12.0070489512533
144.3,7.75,7,7.75026540058136,6.99993278723314,6.74969577075926,6.89990652852674,15.5005308011627,13.9998655744663,14.5170349774408,12.0073756169927
144.4,7.75,7,7.75026452338753,6.99993301708211,6.74971255629782,6.89987906883787,15.5005290467751,13.9998660341642,14.5168306990949,12.0077020275137
144.5,7.75,7,7.75026364923774,6.99993324667611,6.74972915736267,6.89985163654585,15.5005272984755,13.9998664933522,14.5166265118465,12.0080281390355
144.6,7.75,7,7.75026277668462,6.99993347605973,6.74974588486617,6.89982422512112,15.5005255533692,13.9998669521195,14.5164224040605,12.008353989104
144.7,7.75,7,7.75026190630214,6.99993370522293,6.7497625910113,6.89979683649033,15.5005238126043,13.9998674104459,14.5162183771927,12.0086795737081
144.8,7.75,7,7.7502610389226,6.99993393413207,6.74977911749784,6.89976947506896,15.5005220778452,13.9998678682641,14.5160144412488,12.0090048608819
144.9,7.75,7,7.75026017293189,6.99993416282571,6.74979584436863,6.89974213452768,15.5005203458638,13.9998683256514,14.5158105878733,12.0093298770882
145,7.75,7,7.75025930856874,6.99993439130636,6.74981268989172,6.8997148150959,15.5005186171375,13.9998687826127,14.5156068149091,12.0096546299415
145.1,7.75,7,7.75025844785484,6.9999346195445,6.74982911983334,6.89968752308716,15.5005168957097,13.999869239089,14.5154031250705,12.0099791126178
145.2,7.75,7,7.75025758966306,6.99993484755288,6.74984544044422,6.89966025528071,15.5005151793261,13.9998696951058,14.5151995183827,12.0103033243274
145.3,7.75,7,7.75025673164073,6.99993507536851,6.74986226283343,6.89963300408618,15.5005134632815,13.999870150737,14.5149959905974,12.0106272771936
145.4,7.75,7,7.75025587664272,6.99993530292686,6.74987889832095,6.89960578034981,15.5005117532854,13.9998706058537,14.514792554988,12.0109509305608
145.5,7.75,7,7.7502550242131,6.99993553026606,6.74989537549361,6.8995785799795,15.5005100484262,13.9998710605321,14.5145891979419,12.0112743289628
145.6,7.75,7,7.75025417308614,6.99993575737656,6.74991210654534,6.89955140137325,15.5005083461723,13.9998715147531,14.5143859293524,12.0115974391792
145.7,7.75,7,7.75025332464068,6.99993598426464,6.74992865118059,6.89952424660388,15.5005066492814,13.9998719685293,14.5141827401492,12.0119202924231
145.8,7.75,7,7.75025247824696,6.9999362109112,6.74994525424293,6.89949711607808,15.5005049564939,13.9998724218224,14.5139796411933,12.0122428529717
145.9,7.75,7,7.75025163359857,6.99993643735139,6.74996190826726,6.89947000624557,15.5005032671971,13.9998728747028,14.5137766193996,12.0125651635424
146,7.75,7,7.75025079169218,6.99993666356218,6.74997837290953,6.89944292092444,15.5005015833844,13.9998733271244,14.5135736796004,12.0128872095533
146.1,7.75,7,7.7502499517573,6.99993688952506,6.74999493362475,6.89941586020301,15.5004999035146,13.9998737790501,14.5133708330904,12.0132089538941
146.2,7.75,7,7.75024911293144,6.9999371152828,6.75001173154599,6.89938881883521,15.5004982258629,13.9998742305656,14.5131680662268,12.0135304404719
146.3,7.75,7,7.75024827745662,6.99993734080156,6.75002817688888,6.899361803913,15.5004965549132,13.9998746816031,14.5129653824801,12.0138516603157
146.4,7.75,7,7.75024744483729,6.99993756608695,6.75004440354663,6.89933481401603,15.5004948896746,13.9998751321739,14.5127627818676,12.0141726132198
146.5,7.75,7,7.75024661200409,6.99993779117851,6.75006123471159,6.89930783998384,15.5004932240082,13.999875582357,14.5125602624478,12.0144933029989
146.6,7.75,7,7.75024578107173,6.99993801604832,6.75007810273027,6.89928088816891,15.5004915621435,13.9998760320966,14.5123578258432,12.0148137265893
146.7,7.75,7,7.75024495584228,6.99993824064092,6.7500940024845,6.89925397043914,15.5004899116846,13.9998764812818,14.5121554771448,12.0151338712736
146.8,7.75,7,7.75024413099739,6.99993846502366,6.75011036465974,6.89922707102878,15.5004882619948,13.9998769300473,14.5119532134791,12.0154537418657
146.9,7.75,7,7.75024330598613,6.99993868921581,6.75012730232708,6.89920018726657,15.5004866119723,13.9998773784316,14.5117510294647,12.0157733555171
147,7.75,7,7.75024248569662,6.99993891313907,6.75014354262027,6.8991733349965,15.5004849713932,13.9998778262781,14.5115489345377,12.0160926865327
147.1,7.75,7,7.75024166613381,6.99993913686591,6.75016010011866,6.89914650054351,15.5004833322676,13.9998782737318,14.5113469174844,12.0164117676958
147.2,7.75,7,7.75024084879503,6.99993936034888,6.75017664799196,6.89911969071639,15.5004816975901,13.9998787206978,14.51114499091,12.0167305601352
147.3,7.75,7,7.7502400338365,6.9999395836134,6.7501930679593,6.89909290367903,15.500480067673,13.9998791672268,14.5109431435705,12.0170491004085
147.4,7.75,7,7.75023922045267,6.99993980664582,6.75020964048456,6.89906613902824,15.5004784409053,13.9998796132916,14.510741384903,12.0173673578104
147.5,7.75,7,7.75023840947867,6.99994002946325,6.75022606405922,6.89903939691687,15.5004768189573,13.9998800589265,14.5105397039055,12.0176853686382
147.6,7.75,7,7.75023760061049,6.99994025203891,6.75024250206609,6.89901267899143,15.500475201221,13.9998805040778,14.5103381130978,12.0180030928468
147.7,7.75,7,7.75023679312366,6.99994047439865,6.75025910314371,6.89898598170531,15.5004735862473,13.9998809487973,14.5101366051897,12.0183205534035
147.8,7.75,7,7.7502359884116,6.99994069652694,6.75027548484508,6.89895930900088,15.5004719768232,13.9998813930539,14.5099351800669,12.0186377522151
147.9,7.75,7,7.75023518610942,6.99994091842789,6.75029174547262,6.89893265983021,15.5004703722188,13.9998818368558,14.5097338377438,12.0189546891892
148,7.75,7,7.75023438406104,6.99994114012488,6.75030847509482,6.89890602812648,15.5004687681221,13.9998822802498,14.5095325786882,12.0192713611784
148.1,7.75,7,7.75023358419933,6.99994136159686,6.75032514240501,6.89887941931924,15.5004671683987,13.9998827231937,14.509331402528,12.0195877713913
148.2,7.75,7,7.75023278917721,6.99994158281322,6.75034102331168,6.89885284100819,15.5004655783544,13.9998831656264,14.5091303094676,12.0199039218481
148.3,7.75,7,7.75023199535171,6.99994180380222,6.75035714550251,6.89882628388267,15.5004639907034,13.9998836076044,14.5089293049511,12.0202197922853
148.4,7.75,7,7.7502312002848,6.99994202459676,6.75037415893208,6.89879974054183,15.5004624005696,13.9998840491935,14.5087283868145,12.0205353876961
148.5,7.75,7,7.75023041016441,6.99994224514585,6.75039032252637,6.8987732270307,15.5004608203288,13.9998844902917,14.5085275470854,12.0208507391952
148.6,7.75,7,7.75022962239504,6.99994246546318,6.75040638498531,6.89874673724579,15.5004592447901,13.9998849309264,14.5083267923034,12.0211658240131
148.7,7.75,7,7.75022883418125,6.99994268557893,6.75042311200898,6.89872026333349,15.5004576683625,13.9998853711579,14.5081261231258,12.0214806378445
148.8,7.75,7,7.75022804955252,6.9999429054488,6.75043939853361,6.89869381665784,15.500456099105,13.9998858108976,14.5079255389494,12.0217951865333
148.9,7.75,7,7.75022726623578,6.99994312511099,6.75045583125976,6.89866738969973,15.5004545324716,13.999886250222,14.5077250346503,12.0221094844662
149,7.75,7,7.75022648515854,6.99994334452853,6.75047222467909,6.89864098728608,15.5004529703171,13.9998866890571,14.5075246211903,12.0224234982284
149.1,7.75,7,7.75022570620399,6.99994356373845,6.75048851631064,6.89861460611827,15.500451412408,13.9998871274769,14.5073242837766,12.0227372745719
149.2,7.75,7,7.7502249287628,6.99994378270609,6.75050497914807,6.89858824789024,15.5004498575256,13.9998875654122,14.5071240396498,12.0230507590133
149.3,7.75,7,7.7502241537052,6.99994400145023,6.75052129992508,6.89856191270461,15.5004483074104,13.9998880029005,14.5069238769386,12.0233639899476
149.4,7.75,7,7.75022338082844,6.99994421997384,6.75053753100666,6.89853559991897,15.5004467616569,13.9998884399477,14.506723795368,12.0236769683146
149.5,7.75,7,7.75022260870373,6.9999444382846,6.75055408311794,6.89850930615528,15.5004452174075,13.9998888765692,14.506523798489,12.0239896819668
149.6,7.75,7,7.75022183880153,6.9999446563711,6.75057054000923,6.89848303516304,15.5004436776031,13.9998893127422,14.5063238841142,12.0243021393584
149.7,7.75,7,7.75022107267354,6.99994487421295,6.75058648402157,6.89845679158896,15.5004421453471,13.9998897484259,14.5061240533967,12.0246143385508
149.8,7.75,7,7.75022030792761,6.99994509182688,6.75060259332465,6.89843056945981,15.5004406158552,13.9998901836538,14.5059243106672,12.0249262641511
149.9,7.75,7,7.75021954329497,6.99994530923238,6.75061919984787,6.89840436472943,15.5004390865899,13.9998906184648,14.5057246538357,12.0252379218479
150,7.75,7,7.75021878189851,6.99994552641068,6.75063540742333,6.89837818491999,15.500437563797,13.9998910528214,14.5055250759712,12.0255493363384
150.1,7.75,7,7.7502180222222,6.99994574335472,6.75065169027982,6.89835202770012,15.5004360444444,13.9998914867094,14.5053255871599,12.0258604751079
150.2,7.75,7,7.75021726401276,6.99994596008968,6.75066805965848,6.89832589050139,15.5004345280255,13.9998919201794,14.5051261781545,12.0261713669939
150.3,7.75,7,7.75021650839529,6.99994617658241,6.75068425870533,6.89829977820098,15.5004330167906,13.9998923531648,14.5049268574083,12.0264819870013
150.4,7.75,7,7.75021575395557,6.99994639287079,6.75070061712596,6.89827368496234,15.5004315079111,13.9998927857416,14.5047276158832,12.0267923622017
150.5,7.75,7,7.75021500180876,6.99994660891468,6.75071689828794,6.89824761621544,15.5004300036175,13.9998932178294,14.5045284649785,12.0271024585256
150.6,7.75,7,7.75021425203656,6.99994682473076,6.75073303437029,6.89822157073811,15.5004285040731,13.9998936494615,14.5043293973989,12.0274122989481
150.7,7.75,7,7.7502135032045,6.99994704033486,6.75074941675747,6.89819554446736,15.500427006409,13.9998940806697,14.5041304133419,12.0277218818374
150.8,7.75,7,7.75021275605974,6.99994725572311,6.75076582878701,6.89816953914729,15.5004255121195,13.9998945114462,14.503931510896,12.0280312140388
150.9,7.75,7,7.75021201237927,6.99994747087058,6.75078179612913,6.89814356022996,15.5004240247585,13.9998949417412,14.5037326920437,12.0283402912893
151,7.75,7,7.75021127051836,6.9999476857959,6.75079776653068,6.89811760301852,15.5004225410367,13.9998953715918,14.5035339568097,12.0286491122986
151.1,7.75,7,7.75021052756411,6.99994790052496,6.75081455147882,6.89809165978323,15.5004210551282,13.9998958010499,14.503335308185,12.028957665507
151.2,7.75,7,7.75020978868445,6.99994811499576,6.75083074734098,6.89806574552948,15.5004195773689,13.9998962299915,14.5031367475519,12.0292659516116
151.3,7.75,7,7.75020905374504,6.99994832922473,6.75084635276186,6.89803985864546,15.5004181074901,13.9998966584495,14.5029382687317,12.0295739897765
151.4,7.75,7,7.75020831750919,6.99994854328085,6.750862772499,6.89801398340597,15.5004166350184,13.9998970865617,14.50273986778,12.0298817876335
151.5,7.75,7,7.75020758356944,6.99994875708776,6.75087911198254,6.89798813296072,15.5004151671389,13.9998975141755,14.5025415594751,12.0301893033441
151.6,7.75,7,7.75020685290505,6.99994897066721,6.75089502221719,6.89796230740582,15.5004137058101,13.9998979413344,14.5023433301656,12.0304965799269
151.7,7.75,7,7.75020612245028,6.99994918402991,6.7509113975057,6.89793649995765,15.5004122449006,13.9998983680598,14.5021451898762,12.030803584188
151.8,7.75,7,7.750205394501,6.99994939717297,6.75092755362355,6.89791071526511,15.500410789002,13.9998987943459,14.5019471289884,12.031110347892
151.9,7.75,7,7.75020466842194,6.99994961007477,6.75094373262032,6.89788495385908,15.5004093368439,13.9998992201495,14.5017491594776,12.031416834142
152,7.75,7,7.75020394375626,6.99994982277858,6.75095996582294,6.89785921132365,15.5004078875125,13.9998996455572,14.5015512655435,12.0317230910324
152.1,7.75,7,7.75020322168049,6.99995003522833,6.75097603399114,6.89783349448742,15.500406443361,13.9999000704567,14.5013534649262,12.0320290657852
152.2,7.75,7,7.75020250083516,6.99995024746431,6.7509922469457,6.89780779743833,15.5004050016703,13.9999004949286,14.5011557473131,12.0323347888936
152.3,7.75,7,7.75020178157063,6.99995045948957,6.75100849106489,6.8977821205963,15.5004035631413,13.9999009189791,14.5009581097936,12.0326402697788
152.4,7.75,7,7.7502010650615,6.99995067128331,6.75102446252458,6.89775646791123,15.500402130123,13.9999013425666,14.5007605554693,12.0329455003101
152.5,7.75,7,7.75020035027748,6.99995088285722,6.7510404414097,6.89773083643825,15.500400700555,13.9999017657144,14.500563084359,12.0332504797578
152.6,7.75,7,7.75019963514784,6.99995109421427,6.75105704052072,6.89770522193084,15.5003992702957,13.9999021884285,14.5003657050041,12.0335551806291
152.7,7.75,7,7.75019892358232,6.99995130532994,6.75107314415782,6.89767963391783,15.5003978471646,13.9999026106599,14.5001684091515,12.0338596317604
152.8,7.75,7,7.75019821580211,6.99995151620174,6.75108869076366,6.89765407302168,15.5003964316042,13.9999030324035,14.4999711968052,12.0341638335952
152.9,7.75,7,7.75019750731131,6.99995172688714,6.75110489106772,6.89762852588684,15.5003950146226,13.9999034537743,14.4997740652996,12.0344677903838
153,7.75,7,7.75019679928975,6.99995193736846,6.75112143210711,6.89760299622009,15.5003935985795,13.9999038747369,14.4995770164268,12.0347714980174
153.1,7.75,7,7.75019609664474,6.99995214757043,6.75113701924482,6.89757749959691,15.5003921932895,13.9999042951409,14.499380058316,12.0350749366692
153.2,7.75,7,7.75019539390661,6.99995235757924,6.75115308756182,6.89755201845365,15.5003907878132,13.9999047151585,14.4991831809683,12.0353781318224
153.3,7.75,7,7.75019469225819,6.99995256736886,6.75116934258366,6.89752655717811,15.5003893845164,13.9999051347377,14.4989863896325,12.0356810689941
153.4,7.75,7,7.75019399346007,6.99995277693033,6.75118527685875,6.89750111989077,15.5003879869201,13.9999055538607,14.4987896797237,12.0359837638169
153.5,7.75,7,7.75019329559917,6.99995298626294,6.75120146359233,6.89747570294251,15.5003865911983,13.9999059725259,14.4985930605851,12.0362861867583
153.6,7.75,7,7.75019259989524,6.99995319538685,6.75121748960243,6.8974503070517,15.5003851997905,13.9999063907737,14.4983965180714,12.0365883816487
153.7,7.75,7,7.75019190606084,6.99995340426075,6.75123353558418,6.89742493499745,15.5003838121217,13.9999068085215,14.4982000707441,12.0368902928186
153.8,7.75,7,7.750191213532,6.99995361293303,6.75124965701988,6.89739958176665,15.500382427064,13.9999072258661,14.4980037011378,12.0371919723746
153.9,7.75,7,7.75019052329503,6.9999538213835,6.75126560449106,6.897374250893,15.5003810465901,13.999907642767,14.4978074130008,12.0374934102035
154,7.75,7,7.75018983475843,6.99995402960312,6.75128157456083,6.89734894195426,15.5003796695169,13.9999080592062,14.4976112129013,12.0377945863906
154.1,7.75,7,7.75018914675831,6.99995423760866,6.75129787548369,6.89732365133447,15.5003782935166,13.9999084752173,14.497415099368,12.0380955045559
154.2,7.75,7,7.75018846163496,6.99995444537975,6.75131385312549,6.89729838520172,15.5003769232699,13.9999088907595,14.49721906983,12.0383961747513
154.3,7.75,7,7.75018777943439,6.99995465291587,6.75132949378321,6.89727314367881,15.5003755588688,13.9999093058317,14.497023124292,12.0386965972563
154.4,7.75,7,7.75018709747212,6.99995486025805,6.75134550504867,6.89724791825023,15.5003741949442,13.9999097205161,14.4968272583716,12.0389967829319
154.5,7.75,7,7.75018641656967,6.99995506738212,6.75136169537351,6.89722271244803,15.5003728331393,13.9999101347642,14.4966314782561,12.0392967143533
154.6,7.75,7,7.7501857388216,6.9999552742556,6.75137751160671,6.89719753293992,15.5003714776432,13.9999105485112,14.4964357875777,12.0395963828888
154.7,7.75,7,7.75018506174689,6.99995548092925,6.75139357858901,6.89717237082176,15.5003701234938,13.9999109618585,14.49624017694,12.0398958144658
154.8,7.75,7,7.75018438676744,6.99995568736627,6.75140955379709,6.89714723180446,15.5003687735349,13.9999113747325,14.4960446549537,12.0401949850676
154.9,7.75,7,7.75018371362701,6.9999558935868,6.75142546716006,6.89712211376296,15.500367427254,13.9999117871736,14.4958492144505,12.0404939159731
155,7.75,7,7.75018304169365,6.99995609958019,6.7514415300924,6.8970970163194,15.5003660833873,13.9999121991604,14.495653862863,12.0407925848574
155.1,7.75,7,7.75018237194871,6.99995630535362,6.7514574325723,6.89707194079465,15.5003647438974,13.9999126107072,14.4954585925743,12.0410910153925
155.2,7.75,7,7.75018170403325,6.99995651091114,6.75147327156195,6.89704688615771,15.5003634080665,13.9999130218223,14.4952634035922,12.041389207458
155.3,7.75,7,7.75018103645562,6.99995671626008,6.7514894746209,6.89702184892005,15.5003620729112,13.9999134325202,14.4950682999435,12.0416871480612
155.4,7.75,7,7.75018037140183,6.99995692136692,6.75150546320541,6.89699683600535,15.5003607428037,13.9999138427338,14.4948732852517,12.0419848287634
155.5,7.75,7,7.75017970961691,6.99995712623211,6.75152101303559,6.89697184881707,15.5003594192338,13.9999142524642,14.4946783558179,12.042282261403
155.6,7.75,7,7.75017904810921,6.99995733089497,6.75153692770582,6.89694687838499,15.5003580962184,13.9999146617899,14.4944835094243,12.042579450051
155.7,7.75,7,7.75017838648096,6.99995753535606,6.75155332342744,6.89692192388324,15.5003567729619,13.9999150707121,14.4942887477257,12.0428763897269
155.8,7.75,7,7.75017772949674,6.99995773956762,6.75156888479189,6.89689699838952,15.5003554589935,13.9999154791352,14.4940940680903,12.0431730927009
155.9,7.75,7,7.75017707474618,6.99995794355696,6.7515842687571,6.89687209502441,15.5003541494924,13.9999158871139,14.4938994705461,12.0434695569426
156,7.75,7,7.75017641812013,6.99995814734899,6.75160064341164,6.89684720379928,15.5003528362403,13.999916294698,14.4937049641813,12.0437657523676
156.1,7.75,7,7.75017576513511,6.99995835090983,6.75161643912519,6.89682233814365,15.5003515302702,13.9999167018197,14.49351053701,12.0440617193011
156.2,7.75,7,7.75017511399856,6.99995855423506,6.75163219807985,6.89679749491593,15.5003502279971,13.9999171084701,14.4933161993715,12.0443574261297
156.3,7.75,7,7.75017446330244,6.99995875736649,6.75164824732676,6.89677266802851,15.5003489266049,13.999917514733,14.4931219405021,12.0446529032747
156.4,7.75,7,7.75017381536124,6.9999589602465,6.75166402214777,6.89674786658127,15.5003476307225,13.999917920493,14.4929277734957,12.0449481148518
156.5,7.75,7,7.75017316833735,6.99995916292841,6.75167995267523,6.89672308273263,15.5003463366747,13.9999183258568,14.4927336848169,12.0452430989298
156.6,7.75,7,7.75017252334945,6.99995936536748,6.75169580173157,6.89669832222271,15.5003450466989,13.999918730735,14.4925396878431,12.0455378177859
156.7,7.75,7,7.75017188016601,6.99995956759851,6.75171156211463,6.8966735818185,15.500343760332,13.999919135197,14.4923457691625,12.0458323104964
156.8,7.75,7,7.75017123774221,6.99995976961991,6.75172754692776,6.89664885960386,15.5003424754844,13.9999195392398,14.4921519343917,12.0461265600027
156.9,7.75,7,7.75017059747551,6.99995997140172,6.75174340390405,6.89662416068266,15.500341194951,13.9999199428034,14.4919581894354,12.0464205506751
157,7.75,7,7.75016995971586,6.99996017295148,6.7517590117265,6.89659948512706,15.5003399194317,13.999920345903,14.4917645294912,12.0467142970284
157.1,7.75,7,7.75016932246722,6.99996037429511,6.75177490720229,6.89657482697706,15.5003386449344,13.9999207485902,14.4915709532136,12.0470078014015
157.2,7.75,7,7.75016868578895,6.99996057543282,6.75179107121782,6.89655018632385,15.5003373715779,13.9999211508656,14.4913774602387,12.0473010651336
157.3,7.75,7,7.75016805303171,6.99996077632563,6.75180659028539,6.89652557279464,15.5003361060634,13.9999215526513,14.4911840509733,12.047594090306
157.4,7.75,7,7.75016742254988,6.99996097699219,6.75182191258163,6.8965009816897,15.5003348450998,13.9999219539844,14.4909907254368,12.0478868756095
157.5,7.75,7,7.75016679008157,6.99996117749096,6.75183817910516,6.89647640004463,15.5003335801631,13.9999223549819,14.4907974794347,12.0481794295245
157.6,7.75,7,7.75016616098502,6.99996137772141,6.75185401003636,6.89645184629176,15.50033232197,13.9999227554428,14.4906043295695,12.0484717092525
157.7,7.75,7,7.75016553536954,6.99996157772338,6.75186928790044,6.89642731747038,15.5003310707391,13.9999231554468,14.4904112586717,12.0487637646413
157.8,7.75,7,7.75016490863171,6.99996177753775,6.75188529215701,6.8964028013478,15.5003298172634,13.9999235550755,14.4902182715234,12.0490555779809
157.9,7.75,7,7.75016428428509,6.99996197712204,6.75190106825438,6.89637830814507,15.5003285685702,13.9999239542441,14.4900253692119,12.0493471495439
158,7.75,7,7.75016366178847,6.99996217647304,6.75191678231521,6.89635383705201,15.5003273235769,13.9999243529461,14.4898325556584,12.0496384678344
158.1,7.75,7,7.75016304020934,6.99996237562746,6.75193263348468,6.89632938333168,15.5003260804187,13.9999247512549,14.489639819954,12.0499295635506
158.2,7.75,7,7.75016242100111,6.99996257453282,6.75194829881213,6.89630495397349,15.5003248420022,13.9999251490656,14.4894471771535,12.0502203950697
158.3,7.75,7,7.75016180276553,6.99996277323596,6.75196409466061,6.89628054252912,15.5003236055311,13.9999255464719,14.4892546143202,12.0505109984457
158.4,7.75,7,7.75016118612523,6.99996297172311,6.75197986401833,6.8962561512982,15.5003223722505,13.9999259434462,14.4890621342634,12.0508013664138
158.5,7.75,7,7.75016057178272,6.99996316996587,6.75199545627632,6.89623178389511,15.5003211435654,13.9999263399317,14.4888697455464,12.0510914753664
158.6,7.75,7,7.75015995819472,6.99996336800014,6.75201125368509,6.89620743445517,15.5003199163894,13.9999267360003,14.4886774404882,12.0513813461125
158.7,7.75,7,7.75015934565851,6.99996356582781,6.75202716334813,6.89618310340297,15.500318691317,13.9999271316556,14.4884852168927,12.0516709854077
158.8,7.75,7,7.75015873617129,6.99996376341983,6.75204265232299,6.89615879693469,15.5003174723426,13.9999275268397,14.4882930774449,12.0519603876181
158.9,7.75,7,7.75015812856309,6.99996396078946,6.75205803897031,6.89613451170635,15.5003162571262,13.9999279215789,14.4881010221583,12.0522495518772
159,7.75,7,7.75015752053141,6.99996415797203,6.75207393212668,6.89611024041987,15.5003150410628,13.9999283159441,14.4879090472093,12.0525384872024
159.1,7.75,7,7.75015691486375,6.99996435490675,6.75208962921981,6.89608599331865,15.5003138297275,13.9999287098135,14.4877171648016,12.0528271616514
159.2,7.75,7,7.75015631117097,6.9999645516278,6.75210517497324,6.8960617669367,15.5003126223419,13.9999291032556,14.4875253624834,12.0531156104957
159.3,7.75,7,7.75015570813449,6.99996474812924,6.75212097072294,6.89603755915718,15.500311416269,13.9999294962585,14.4873336490351,12.0534038078491
159.4,7.75,7,7.75015510721358,6.99996494441354,6.75213657867304,6.89601337263344,15.5003102144272,13.9999298888271,14.4871420164852,12.0536917778698
159.5,7.75,7,7.75015450766076,6.99996514046577,6.7521522490345,6.89598920707127,15.5003090153215,13.9999302809315,14.4869504746544,12.0539794922983
159.6,7.75,7,7.75015390930291,6.9999653363181,6.75216796740002,6.89596505959236,15.5003078186058,13.9999306726362,14.4867590109066,12.0542669869653
159.7,7.75,7,7.75015331310908,6.99996553194631,6.7521834949306,6.89594093399568,15.5003066262182,13.9999310638926,14.48656763079,12.0545542472642
159.8,7.75,7,7.75015271817552,6.99996572733688,6.75219912477128,6.8959168295663,15.500305436351,13.9999314546738,14.4863763442803,12.0548412444592
159.9,7.75,7,7.75015212379678,6.99996592252903,6.75221498616497,6.89589274183021,15.5003042475936,13.9999318450581,14.4861851383129,12.0551280150212
160,7.75,7,7.75015153218653,6.99996611748942,6.75223049034954,6.89586867774085,15.5003030643731,13.9999322349788,14.4859940163349,12.0554145514446
160.1,7.75,7,7.7501509428113,6.99996631222413,6.75224578197278,6.89584463576872,15.5003018856226,13.9999326244483,14.4858029783524,12.0557008534525
160.2,7.75,7,7.75015035259953,6.99996650677286,6.75226168892013,6.89582060676639,15.5003007051991,13.9999330135457,14.4856120223543,12.055986924139
160.3,7.75,7,7.75014976374902,6.99996670110679,6.75227761805559,6.8957965972998,15.500299527498,13.9999334022136,14.4854211499675,12.0562727611315
160.4,7.75,7,7.75014918001246,6.99996689516923,6.75229257193499,6.89577261917429,15.5002983600249,13.9999337903385,14.4852303671203,12.0565583514168
160.5,7.75,7,7.75014859596237,6.99996708903257,6.7523080097019,6.89574865605402,15.5002971919247,13.9999341780651,14.4850396693035,12.0568437029773
160.6,7.75,7,7.75014801122848,6.99996728271222,6.75232400955148,6.89572470599842,15.500296022457,13.9999345654244,14.4848490518318,12.057128828824
160.7,7.75,7,7.75014743061393,6.99996747612935,6.75233930711592,6.8957007846066,15.5002948612279,13.9999349522587,14.4846585249087,12.0574137049611
160.8,7.75,7,7.75014685011808,6.99996766935941,6.75235493477389,6.89567687810725,15.5002937002362,13.9999353387188,14.4844680759482,12.0576983631969
160.9,7.75,7,7.75014627125459,6.99996786235213,6.7523705429171,6.89565299340321,15.5002925425092,13.9999357247043,14.4842777188492,12.0579827662824
161,7.75,7,7.75014569419421,6.99996805513386,6.75238602896746,6.89562912875984,15.5002913883884,13.9999361102677,14.4840874417495,12.058266947728
161.1,7.75,7,7.7501451180877,6.99996824769299,6.75240166504324,6.89560528341176,15.5002902361754,13.999936495386,14.4838972535852,12.0585508820537
161.2,7.75,7,7.75014454385344,6.99996844004432,6.75241715074631,6.8955814579981,15.5002890877069,13.9999368800886,14.4837071437712,12.0588345998083
161.3,7.75,7,7.75014397109181,6.99996863216064,6.75243265553239,6.89555765385684,15.5002879421836,13.9999372643213,14.4835171256637,12.0591180636698
161.4,7.75,7,7.75014339913902,6.99996882407022,6.75244831964346,6.89553386746548,15.500286798278,13.9999376481404,14.4833271905598,12.0594012974807
161.5,7.75,7,7.7501428293971,6.99996901575605,6.75246376163138,6.89551010290273,15.5002856587942,13.9999380315121,14.4831373389305,12.0596843014133
161.6,7.75,7,7.75014226147931,6.99996920722255,6.75247908612811,6.89548635905762,15.5002845229586,13.9999384144451,14.4829475707792,12.05996707532
161.7,7.75,7,7.75014169321108,6.99996939849333,6.7524948878569,6.89546262980492,15.5002833864222,13.9999387969867,14.482757886573,12.0602496161513
161.8,7.75,7,7.75014112660094,6.99996958954654,6.75251061591472,6.89543892079407,15.5002822532019,13.9999391790931,14.4825682859248,12.0605319270097
161.9,7.75,7,7.75014056429086,6.99996978035175,6.75252554912516,6.89541523958833,15.5002811285817,13.9999395607035,14.4823787690223,12.0608140099764
162,7.75,7,7.7501400024918,6.99996997093722,6.75254074877831,6.89539157652448,15.5002800049836,13.9999399418744,14.4821893420937,12.0610958446292
162.1,7.75,7,7.75013943890748,6.9999701613382,6.7525568232287,6.89536792432941,15.500278877815,13.9999403226764,14.4820000012935,12.0613774397602
162.2,7.75,7,7.75013887976658,6.99997035150098,6.75257203942244,6.89534429943972,15.5002777595332,13.999940703002,14.4818107394764,12.0616588209363
162.3,7.75,7,7.75013832233424,6.99997054143952,6.75258717521104,6.89532069537959,15.5002766446685,13.999941082879,14.4816215638472,12.0619399660142
162.4,7.75,7,7.75013776390691,6.99997073118626,6.75260296434239,6.89529710429521,15.5002755278138,13.9999414623725,14.4814324736892,12.0622208747414
162.5,7.75,7,7.75013720851077,6.99997092069386,6.75261830998256,6.89527353779072,15.5002744170215,13.9999418413877,14.481243469694,12.0625015490882
162.6,7.75,7,7.75013665385189,6.99997111000338,6.75263380934361,6.89524998814956,15.5002733077038,13.9999422200068,14.4810545455616,12.0627820045077
162.7,7.75,7,7.75013610085468,6.99997129907537,6.75264926327353,6.89522646025417,15.5002722017094,13.9999425981507,14.4808657134938,12.0630622085303
162.8,7.75,7,7.75013554945359,6.99997148794799,6.75266461905975,6.89520295100249,15.5002710989072,13.999942975896,14.4806769577506,12.0633422045252
162.9,7.75,7,7.75013499894552,6.99997167658747,6.75268014536897,6.89517946162753,15.500269997891,13.9999433531749,14.4804882959287,12.0636219438048
163,7.75,7,7.75013445028288,6.9999718650122,6.75269552710297,6.89515599257057,15.5002689005658,13.9999437300244,14.4802997157414,12.0639014611376
163.1,7.75,7,7.750133903254,6.99997205322462,6.75271082119943,6.89513254322003,15.500267806508,13.9999441064492,14.4801112171893,12.0641807565239
163.2,7.75,7,7.75013335639669,6.99997224123278,6.75272644169067,6.89510911006212,15.5002667127934,13.9999444824656,14.4799228038851,12.0644598189631
163.3,7.75,7,7.75013281124398,6.99997242902457,6.75274195957284,6.89508569705426,15.500265622488,13.9999448580491,14.4797344736168,12.0647386560978
163.4,7.75,7,7.75013226933341,6.99997261657995,6.75275695908868,6.89506230877643,15.5002645386668,13.9999452331599,14.4795462274821,12.0650172665261
163.5,7.75,7,7.75013172818175,6.99997280391512,6.75277213911302,6.89503893906891,15.5002634563635,13.9999456078302,14.4793580705546,12.0652956343843
163.6,7.75,7,7.7501311865973,6.9999729910527,6.7527878073541,6.89501558382146,15.5002623731946,13.9999459821054,14.4791699990193,12.0655737692223
163.7,7.75,7,7.75013064775194,6.9999731779695,6.75280307383944,6.89499225108235,15.5002612955039,13.999946355939,14.4789820074781,12.065851688812
163.8,7.75,7,7.75013011000904,6.99997336466302,6.75281842285485,6.8949689378104,15.5002602200181,13.999946729326,14.4787941048381,12.0661293676424
163.9,7.75,7,7.75012957324501,6.99997355115388,6.75283385235885,6.8949456421601,15.50025914649,13.9999471023078,14.4786062830138,12.0664068277977
164,7.75,7,7.75012903848121,6.99997373741328,6.75284911392602,6.89492236836931,15.5002580769624,13.9999474748266,14.4784185492688,12.0666840506785
164.1,7.75,7,7.75012850437312,6.99997392347648,6.75286453754866,6.89489911105081,15.5002570087462,13.999947846953,14.4782308951858,12.0669610581144
164.2,7.75,7,7.75012797200542,6.99997410930234,6.75287987832363,6.89487587552234,15.5002559440108,13.9999482186047,14.4780433329471,12.0672378182821
164.3,7.75,7,7.75012744145297,6.9999742949111,6.75289507694893,6.89485266036051,15.5002548829059,13.9999485898222,14.4778558536644,12.0675143555446
164.4,7.75,7,7.75012691128653,6.9999744803167,6.75291052680918,6.89482946165887,15.5002538225731,13.9999489606334,14.4776684583154,12.0677906661649
164.5,7.75,7,7.75012638230912,6.99997466551463,6.75292599969126,6.89480628134691,15.5002527646182,13.9999493310293,14.4774811449694,12.0680667562862
164.6,7.75,7,7.75012585627949,6.99997485048039,6.75294102289415,6.89478312478701,15.500251712559,13.9999497009608,14.4772939155577,12.0683426224794
164.7,7.75,7,7.75012533150943,6.99997503523314,6.75295605639412,6.89475998715759,15.5002506630189,13.9999500704663,14.4771067700948,12.0686182633797
164.8,7.75,7,7.75012480508144,6.99997521979726,6.7529719112318,6.89473686080597,15.5002496101629,13.9999504395945,14.4769197122976,12.0688936665412
164.9,7.75,7,7.7501242822231,6.99997540411377,6.75298715897898,6.89471376060774,15.5002485644462,13.9999508082275,14.4767327420131,12.0691688373316
165,7.75,7,7.75012376274765,6.99997558819765,6.7530018270499,6.89469068503458,15.5002475254953,13.9999511763953,14.4765458538314,12.0694437903483
165.1,7.75,7,7.75012324143658,6.99997577211774,6.75301732214923,6.89466761845589,15.5002464828732,13.9999515442355,14.4763590437123,12.069718531905
165.2,7.75,7,7.75012272193144,6.99997595579621,6.75303271380019,6.89464457406388,15.5002454438629,13.9999519115924,14.47617232709,12.0699930240525
165.3,7.75,7,7.75012220516004,6.99997613925775,6.75304768600231,6.89462155178788,15.5002444103201,13.9999522785155,14.4759856890936,12.0702673077526
165.4,7.75,7,7.75012168802995,6.99997632251097,6.75306312847532,6.89459854483979,15.5002433760599,13.9999526450219,14.4757991409398,12.0705413503347
165.5,7.75,7,7.75012117293548,6.99997650555292,6.75307834448917,6.89457555817946,15.500242345871,13.9999530111058,14.4756126723952,12.0708151815844
165.6,7.75,7,7.75012065911682,6.99997668836511,6.75309358800012,6.89455259172084,15.5002413182336,13.9999533767302,14.4754262949523,12.0710887702596
165.7,7.75,7,7.75012014625289,6.99997687098732,6.75310888287006,6.89452964176293,15.5002402925058,13.9999537419746,14.4752399933328,12.0713621571252
165.8,7.75,7,7.75011963541458,6.99997705336395,6.75312401153071,6.89450671469422,15.5002392708292,13.9999541067279,14.4750537859345,12.0716352942006
165.9,7.75,7,7.750119125267,6.99997723553766,6.7531392897462,6.8944838045877,15.500238250534,13.9999544710753,14.4748676611373,12.071908211521
166,7.75,7,7.75011861622216,6.99997741750914,6.75315459505119,6.89446091220161,15.5002372324443,13.9999548350183,14.4746816166842,12.0721809156624
166.1,7.75,7,7.75011810943146,6.99997759925819,6.75316962475974,6.89443804136206,15.5002362188629,13.9999551985164,14.4744956556029,12.0724533997818
166.2,7.75,7,7.75011760382572,6.99997778079503,6.75318467323748,6.89441518916125,15.5002352076514,13.9999555615901,14.4743097787227,12.0727256608993
166.3,7.75,7,7.75011709733478,6.99997796212689,6.75320033266926,6.894392350938,15.5002341946696,13.9999559242538,14.4741239929625,12.0729976789566
166.4,7.75,7,7.7501165939239,6.99997814322641,6.75321548957891,6.89436953664158,15.5002331878478,13.9999562864528,14.4739382908484,12.0732694776259
166.5,7.75,7,7.75011609375582,6.9999783240918,6.75323009870744,6.89434674672714,15.5002321875116,13.9999566481836,14.4737526723746,12.0735410572633
166.6,7.75,7,7.7501155923392,6.99997850478058,6.75324537408264,6.89432396787728,15.5002311846784,13.9999570095612,14.4735671347902,12.0738124212815
166.7,7.75,7,7.75011509094944,6.9999786852741,6.75326097399222,6.89430120404511,15.5002301818989,13.9999573705482,14.4733816798788,12.0740835662904
166.8,7.75,7,7.75011459442213,6.99997886549655,6.75327561328766,6.89427847062117,15.5002291888443,13.9999577309931,14.4731963165254,12.074354473359
166.9,7.75,7,7.75011409723319,6.99997904553766,6.75329075312545,6.89425574977207,15.5002281944664,13.9999580910753,14.4730110332847,12.0746251679654
167,7.75,7,7.75011360068082,6.99997922536741,6.75330606427376,6.89423304636648,15.5002272013616,13.9999584507348,14.4728258366591,12.0748956342941
167.1,7.75,7,7.75011310646138,6.99997940497999,6.75332106028707,6.89421036420876,15.5002262129228,13.99995880996,14.4726407209553,12.0751658891046
167.2,7.75,7,7.75011261263449,6.99997958437266,6.75333631171476,6.89418769965466,15.500225225269,13.9999591687453,14.4724556967112,12.075435903044
167.3,7.75,7,7.75011212051549,6.99997976356665,6.75335139799021,6.89416505368356,15.500224241031,13.9999595271333,14.4722707485819,12.075705717949
167.4,7.75,7,7.75011162969372,6.99997994252022,6.75336650823381,6.89414242866738,15.5002232593874,13.9999598850404,14.4720858962915,12.0759752816999
167.5,7.75,7,7.75011113971929,6.9999801212823,6.75338169111871,6.89411981996759,15.5002222794386,13.9999602425646,14.4719011212473,12.0762446430276
167.6,7.75,7,7.75011065156071,6.99998029983194,6.75339669828215,6.89409723110322,15.5002213031214,13.9999605996639,14.471716427691,12.0765137918196
167.7,7.75,7,7.75011016456822,6.99998047815923,6.75341173508112,6.89407466153553,15.5002203291364,13.9999609563185,14.4715318229822,12.076782708354
167.8,7.75,7,7.75010967761418,6.99998065628405,6.75342709677336,6.89405210750325,15.5002193552284,13.9999613125681,14.4713473041397,12.0770513996424
167.9,7.75,7,7.7501091930601,6.99998083418404,6.75344213061325,6.89402957539628,15.5002183861202,13.9999616683681,14.4711628692795,12.0773198729641
168,7.75,7,7.7501087109138,6.99998101185918,6.75345683364858,6.89400706522804,15.5002174218276,13.9999620237184,14.4709785183966,12.0775881285299
168.1,7.75,7,7.75010822851428,6.99998118935031,6.75347191395579,6.89398456859106,15.5002164570286,13.9999623787006,14.4707942469804,12.0778561759105
168.2,7.75,7,7.75010774672705,6.9999813666317,6.75348716079272,6.8939620891633,15.5002154934541,13.9999627332634,14.4706100618168,12.0781239983277
168.3,7.75,7,7.75010726754594,6.99998154367484,6.75350203881525,6.89393963307458,15.5002145350919,13.9999630873497,14.4704259654217,12.0783915912201
168.4,7.75,7,7.75010678857163,6.99998172052622,6.75351717056277,6.89391719200754,15.5002135771433,13.9999634410524,14.4702419496184,12.0786589739628
168.5,7.75,7,7.75010631118735,6.99998189715287,6.75353220605334,6.89389477121951,15.5002126223747,13.9999637943057,14.4700580217764,12.0789261287686
168.6,7.75,7,7.75010583516693,6.99998207357122,6.75354718362192,6.89387236900428,15.5002116703339,13.9999641471424,14.4698741760133,12.0791930709669
168.7,7.75,7,7.75010535984381,6.99998224977434,6.75356230809054,6.89384998455941,15.5002107196876,13.9999644995487,14.4696904185192,12.0794597840228
168.8,7.75,7,7.75010488624851,6.99998242576716,6.75357727039925,6.89382761955235,15.500209772497,13.9999648515343,14.4695067422222,12.0797262874649
168.9,7.75,7,7.7501044140084,6.99998260155398,6.75359217153742,6.89380527291267,15.5002088280168,13.999965203108,14.4693231471212,12.0799925811303
169,7.75,7,7.75010394159913,6.99998277714259,6.75360744223591,6.89378294100926,15.5002078831983,13.9999655542852,14.4691396372767,12.0802586532716
169.1,7.75,7,7.75010347126728,6.99998295249711,6.75362248528092,6.89376063103564,15.5002069425346,13.9999659049942,14.4689562171363,12.0805244945914
169.2,7.75,7,7.75010300367924,6.99998312762276,6.75363709740162,6.89373834391471,15.5002060073585,13.9999662552455,14.4687728812651,12.0807901199917
169.3,7.75,7,7.75010253586123,6.99998330255668,6.7536520841724,6.89371607090244,15.5002050717225,13.9999666051134,14.4685896282429,12.0810555306386
169.4,7.75,7,7.75010206749016,6.99998347729873,6.75366753919025,6.89369381136172,15.5002041349803,13.9999669545975,14.4684064597107,12.0813207221759
169.5,7.75,7,7.75010160333348,6.99998365180092,6.75368215069969,6.89367157842196,15.500203206667,13.9999673036018,14.4682233730702,12.081585705826
169.6,7.75,7,7.75010114090163,6.9999838260915,6.7536965975834,6.89364936497746,15.5002022818033,13.999967652183,14.468040368341,12.0818504794545
169.7,7.75,7,7.75010067605597,6.99998400019499,6.75371204448501,6.89362716092215,15.5002013521119,13.99996800039,14.4678574551273,12.082115014714
169.8,7.75,7,7.75010021446113,6.99998417407809,6.75372689530874,6.89360498005863,15.5002004289223,13.9999683481562,14.4676746202202,12.0823793510019
169.9,7.75,7,7.75009975417435,6.99998434773572,6.75374172261882,6.89358281889744,15.5001995083487,13.9999686954714,14.4674918752156,12.0826434568582
170,7.75,7,7.75009929392306,6.9999845212091,6.75375683073191,6.89356067177416,15.5001985878461,13.9999690424182,14.4673092087031,12.0829073606956
170.1,7.75,7,7.75009883589684,6.99998469444405,6.7537716675773,6.89353854715227,15.5001976717937,13.9999693888881,14.4671266332204,12.083171032428
170.2,7.75,7,7.75009837835671,6.99998486748895,6.75378666199512,6.89351643789661,15.5001967567134,13.9999697349779,14.466944136557,12.0834345020621
170.3,7.75,7,7.75009792234894,6.99998504030391,6.7538015717266,6.89349434910876,15.5001958446979,13.9999700806078,14.4667617306961,12.0836977399504
170.4,7.75,7,7.7500974677081,6.99998521292071,6.75381639436155,6.8934722780482,15.5001949354162,13.9999704258414,14.4665794028818,12.0839607788659
170.5,7.75,7,7.75009701335341,6.99998538533841,6.75383144494296,6.89345022262756,15.5001940267068,13.9999707706768,14.4663971587754,12.084223603477
170.6,7.75,7,7.75009656070416,6.9999855575253,6.75384635968003,6.89342818807104,15.5001931214083,13.9999711150506,14.4662150050654,12.0844861981349
170.7,7.75,7,7.75009611006867,6.99998572949312,6.75386102993932,6.89340617410015,15.5001922201373,13.9999714589862,14.4660329352552,12.0847485799485
170.8,7.75,7,7.75009565946019,6.9999859012657,6.75387599534828,6.89338417494617,15.5001913189204,13.9999718025314,14.4658509488163,12.0850107486481
170.9,7.75,7,7.75009520900509,6.99998607284253,6.75389121934749,6.89336219089619,15.5001904180102,13.9999721456851,14.4656690453762,12.0852727054762
171,7.75,7,7.75009476204421,6.9999862441848,6.75390579074599,6.89334023154146,15.5001895240884,13.9999724883696,14.4654872253234,12.0855344526459
171.1,7.75,7,7.75009431686475,6.99998641531198,6.75392017637132,6.89331829199022,15.5001886337295,13.999972830624,14.4653054886685,12.0857959887541
171.2,7.75,7,7.75009386924582,6.99998658628039,6.75393551477109,6.89329635956432,15.5001877384916,13.9999731725608,14.4651238318394,12.0860573192459
171.3,7.75,7,7.75009342453976,6.99998675699391,6.753950398616,6.89327445219571,15.5001868490795,13.9999735139878,14.4649422699863,12.0863184105854
171.4,7.75,7,7.75009298285498,6.99998692748954,6.75396473897507,6.89325256730301,15.50018596571,13.9999738549791,14.4647607867607,12.0865793046711
171.5,7.75,7,7.75009253957681,6.9999870978074,6.75397981357238,6.89323069264423,15.5001850791536,13.9999741956148,14.4645793874356,12.0868399840781
171.6,7.75,7,7.75009209827029,6.99998726790724,6.75399464835795,6.89320883836772,15.5001841965406,13.9999745358145,14.4643980719319,12.0871004524118
171.7,7.75,7,7.75009165832144,6.99998743778415,6.75400942830019,6.89318700361395,15.5001833166429,13.9999748755683,14.4642168453659,12.0873606963273
171.8,7.75,7,7.75009121888246,6.99998760747583,6.75402434150409,6.89316518384289,15.5001824377649,13.9999752149517,14.4640356957192,12.0876207457051
171.9,7.75,7,7.75009078133327,6.99998777692902,6.7540390676658,6.89314338582082,15.5001815626665,13.999975553858,14.4638546391319,12.0878805610821
172,7.75,7,7.75009034431073,6.99998794619195,6.75405392858795,6.89312160318565,15.5001806886215,13.9999758923839,14.4636736615755,12.0881401769301
172.1,7.75,7,7.75008990847542,6.9999881152475,6.75406875789272,6.89309983854263,15.5001798169508,13.999976230495,14.4634927671945,12.0883995835273
172.2,7.75,7,7.75008947443651,6.99998828407263,6.75408341290951,6.89307809483937,15.500178948873,13.9999765681453,14.4633119629271,12.0886587640772
172.3,7.75,7,7.75008904069509,6.99998845270037,6.7540982779926,6.89305636658977,15.5001780813902,13.9999769054007,14.4631312419241,12.0889177347124
172.4,7.75,7,7.7500886076027,6.99998862113189,6.7541132488532,6.89303465440475,15.5001772152054,13.9999772422638,14.4629506019918,12.0891765014535
172.5,7.75,7,7.75008817713716,6.99998878933869,6.75412779407481,6.89301296437651,15.5001763542743,13.9999775786774,14.4627700457402,12.0894350596799
172.6,7.75,7,7.75008774808464,6.99998895733459,6.75414224428881,6.89299129303567,15.5001754961693,13.9999779146692,14.4625895731738,12.0896934084532
172.7,7.75,7,7.75008731817933,6.99998912515308,6.75415720577148,6.89296963333047,15.5001746363587,13.9999782503062,14.4624091809742,12.0899515542368
172.8,7.75,7,7.75008689018178,6.9999892927375,6.75417196201686,6.89294799503492,15.5001737803636,13.999978585475,14.4622288800387,12.0902094723075
172.9,7.75,7,7.7500864637253,6.99998946011777,6.75418657422566,6.89292637516321,15.5001729274506,13.9999789202355,14.4620486593253,12.0904671902727
173,7.75,7,7.75008603747278,6.99998962729168,6.75420143248438,6.8929047712036,15.5001720749456,13.9999792545834,14.4618685263268,12.0907246882758
173.1,7.75,7,7.75008561293115,6.99998979425776,6.75421610170889,6.89288318627488,15.5001712258623,13.9999795885155,14.4616884743362,12.0909819846918
173.2,7.75,7,7.75008518926916,6.99998996100552,6.75423083752025,6.89286161949828,15.5001703785383,13.999979922011,14.4615085119438,12.0912390574104
173.3,7.75,7,7.7500847664134,6.99999012756364,6.75424561839654,6.8928400685705,15.5001695328268,13.9999802551273,14.4613286271973,12.0914959364752
173.4,7.75,7,7.75008434530786,6.99999029390707,6.75426020713599,6.89281853725603,15.5001686906157,13.9999805878141,14.4611488262786,12.0917526074279
173.5,7.75,7,7.7500839249527,6.99999046002755,6.75427490465384,6.89279702416958,15.5001678499054,13.9999809200551,14.4609691176492,12.0920090483987
173.6,7.75,7,7.75008350476429,6.9999906259602,6.75428982796171,6.8927755255044,15.5001670095286,13.9999812519204,14.4607894890656,12.0922652896321
173.7,7.75,7,7.75008308693442,6.99999079167237,6.75430438956908,6.89275404809202,15.5001661738688,13.9999815833447,14.4606099438937,12.0925213248748
173.8,7.75,7,7.75008267089052,6.9999909571706,6.75431874507242,6.89273259029126,15.500165341781,13.9999819143412,14.4604304821307,12.092777153783
173.9,7.75,7,7.75008225355548,6.99999112249463,6.75433372684446,6.89271114296174,15.500164507111,13.9999822449893,14.4602511017338,12.0930327788182
174,7.75,7,7.75008183721446,6.99999128761482,6.75434871590236,6.89268971289414,15.5001636744289,13.9999825752296,14.4600718043083,12.0932881982182
174.1,7.75,7,7.75008142557093,6.99999145247368,6.75436272303654,6.89266831180581,15.5001628511419,13.9999829049474,14.4598925965338,12.0935433989105
174.2,7.75,7,7.75008101309718,6.99999161714815,6.75437723595084,6.89264692286252,15.5001620261944,13.9999832342963,14.459713472321,12.0937983911994
174.3,7.75,7,7.75008059958765,6.99999178164964,6.75439229712281,6.89262554479466,15.5001611991753,13.9999835632993,14.4595344277757,12.0940531847314
174.4,7.75,7,7.75008018977016,6.99999194589945,6.75440665136836,6.89260419295689,15.5001603795403,13.9999838917989,14.459355473708,12.0943077571457
174.5,7.75,7,7.75007977962739,6.99999210997514,6.75442134887124,6.89258285349536,15.5001595592548,13.9999842199503,14.4591765963576,12.0945621390855
174.6,7.75,7,7.75007937070428,6.99999227382452,6.75443601686913,6.89256153340613,15.5001587414086,13.999984547649,14.458997810702,12.0948162950136
174.7,7.75,7,7.75007896316635,6.9999924374742,6.75445056887153,6.89254023102481,15.5001579263327,13.9999848749484,14.4588191044572,12.0950702556743
174.8,7.75,7,7.75007855614592,6.99999260091492,6.7544652683676,6.8925189453028,15.5001571122918,13.9999852018298,14.4586404859019,12.0953239999628
174.9,7.75,7,7.7500781506164,6.99999276415878,6.75447981619412,6.89249767728213,15.5001563012328,13.9999855283176,14.458461945057,12.0955775535938
175,7.75,7,7.75007774609987,6.9999929271789,6.75449438797369,6.89247642801058,15.5001554921997,13.9999858543578,14.4582834959032,12.0958308817795
175.1,7.75,7,7.75007734199194,6.99999309000528,6.75450911529333,6.89245519402956,15.5001546839839,13.9999861800106,14.458105128456,12.0960840087897
175.2,7.75,7,7.7500769396962,6.9999932526196,6.75452361787039,6.89243397951885,15.5001538793924,13.9999865052392,14.4579268437747,12.0963369334473
175.3,7.75,7,7.75007653880333,6.99999341502655,6.75453800677275,6.89241278330284,15.5001530776067,13.9999868300531,14.4577486418542,12.0965896555546
175.4,7.75,7,7.75007613712102,6.99999357725002,6.75455288126312,6.89239159920025,15.500152274242,13.9999871545,14.4575705231566,12.0968421721467
175.5,7.75,7,7.75007573673327,6.9999937392673,6.75456767059664,6.89237043308077,15.5001514734665,13.9999874785346,14.4573924872885,12.0970944862451
175.6,7.75,7,7.75007534027,6.99999390104818,6.75458165684917,6.89234929246863,15.50015068054,13.9999878020964,14.4572145344201,12.0973465999801
175.7,7.75,7,7.75007494379771,6.99999406262137,6.75459593529765,6.89232816732847,15.5001498875954,13.9999881252427,14.4570366714733,12.0975984929622
175.8,7.75,7,7.75007454517713,6.99999422402389,6.75461107150419,6.89230705060541,15.5001490903543,13.9999884480478,14.4568588929681,12.097850176881
175.9,7.75,7,7.75007415065019,6.99999438519921,6.75462534126065,6.89228595903257,15.5001483013004,13.9999887703984,14.456681192717,12.0981016727266
176,7.75,7,7.75007375734769,6.99999454616202,6.75463955195899,6.89226488575429,15.5001475146954,13.999989092324,14.4565035784816,12.0983529590372
176.1,7.75,7,7.75007336267536,6.99999470694666,6.75465440438228,6.89224382300296,15.5001467253507,13.9999894138933,14.4563260481705,12.0986040387438
176.2,7.75,7,7.75007297063998,6.99999486750309,6.75466881052847,6.89222278254286,15.50014594128,13.9999897350062,14.4561486037758,12.0988549107878
176.3,7.75,7,7.75007257892687,6.99999502787467,6.75468337813009,6.89220175649576,15.5001451578537,13.9999900557493,14.4559712379155,12.0991055912607
176.4,7.75,7,7.75007218846805,6.9999951880203,6.75469789416854,6.89218074978977,15.5001443769361,13.9999903760406,14.4557939638473,12.0993560488074
176.5,7.75,7,7.75007179922731,6.99999534797767,6.7547123167947,6.89215975954195,15.5001435984546,13.9999906959553,14.4556167654233,12.0996063229598
176.6,7.75,7,7.75007141043842,6.99999550771678,6.75472690755535,6.89213878644288,15.5001428208768,13.9999910154336,14.455439659449,12.099856372215
176.7,7.75,7,7.75007102311594,6.99999566725301,6.75474135219531,6.89211783138303,15.5001420462319,13.999991334506,14.4552626342882,12.1001062260179
176.8,7.75,7,7.75007063703522,6.99999582658895,6.75475571143691,6.8920968937137,15.5001412740704,13.9999916531779,14.4550856899338,12.1003558843299
176.9,7.75,7,7.75007025070687,6.99999598573323,6.75477040254524,6.89207596979933,15.5001405014137,13.9999919714665,14.454908830005,12.1006053371528
177,7.75,7,7.75006986572237,6.9999961446729,6.75478498362706,6.89205506379604,15.5001397314447,13.9999922893458,14.4547320523036,12.1008545914348
177.1,7.75,7,7.75006948360868,6.9999963033868,6.75479904250812,6.89203418033906,15.5001389672174,13.9999926067736,14.454555358504,12.1011036446536
177.2,7.75,7,7.75006910178585,6.99999646189556,6.75481329454422,6.89201331271131,15.5001382035717,13.9999929237911,14.4543787524063,12.1013524854183
177.3,7.75,7,7.75006871915873,6.9999966202198,6.75482802699069,6.89199245717468,15.5001374383175,13.9999932404396,14.454202230465,12.1016011215037
177.4,7.75,7,7.75006833891662,6.99999677833352,6.75484235505761,6.89197162206589,15.5001366778332,13.999993556667,14.4540257882683,12.1018495666489
177.5,7.75,7,7.75006795933178,6.99999693623896,6.75485677314676,6.89195080374406,15.5001359186636,13.9999938724779,14.4538494333954,12.1020978010938
177.6,7.75,7,7.75006758038257,6.99999709395201,6.75487126562216,6.89193000098196,15.5001351607651,13.999994187904,14.4536731590636,12.1023458413908
177.7,7.75,7,7.75006720301202,6.99999725144834,6.75488559277948,6.8919092174782,15.500134406024,13.9999945028967,14.4534969712244,12.1025936741673
177.8,7.75,7,7.75006682592235,6.99999740876031,6.75490008477168,6.89188844821811,15.5001336518447,13.9999948175206,14.4533208622235,12.1028413168873
177.9,7.75,7,7.75006645018227,6.99999756584649,6.75491448834255,6.8918676984211,15.5001329003645,13.999995131693,14.4531448448404,12.1030887398527
178,7.75,7,7.75006607585893,6.99999772272995,6.75492875291293,6.89184696650783,15.5001321517179,13.9999954454599,14.4529689087265,12.1033359682473
178.1,7.75,7,7.75006570152155,6.99999787942295,6.75494327376873,6.8918262486881,15.5001314030431,13.9999957588459,14.4527930556329,12.1035829967059
178.2,7.75,7,7.75006532802574,6.99999803592025,6.75495781096476,6.89180554706947,15.5001306560515,13.9999960718405,14.4526172836426,12.1038298307713
178.3,7.75,7,7.750064957115,6.99999819219783,6.75497189364393,6.89178486693359,15.50012991423,13.9999963843957,14.4524415946072,12.1040764677223
178.4,7.75,7,7.75006458705686,6.9999983482754,6.75498599411969,6.89176420333258,15.5001291741137,13.9999966965508,14.4522659885335,12.1043229061241
178.5,7.75,7,7.7500642149289,6.99999850417614,6.75500092267976,6.89174354866894,15.5001284298578,13.9999970083523,14.4520904698136,12.1045691329413
178.6,7.75,7,7.75006384603429,6.99999865984376,6.75501522606307,6.89172291777488,15.5001276920686,13.9999973196875,14.4519150367547,12.1048151572233
178.7,7.75,7,7.75006348011262,6.99999881529171,6.75502896109337,6.89170230912815,15.5001269602252,13.9999976305834,14.4517396848082,12.1050609897981
178.8,7.75,7,7.75006311195837,6.99999897058846,6.75504353593931,6.89168170718294,15.5001262239167,13.9999979411769,14.4515644099033,12.105306635824
178.9,7.75,7,7.75006274528486,6.99999912565558,6.75505798376386,6.89166112521323,15.5001254905697,13.9999982513112,14.4513892278953,12.1055520608806
179,7.75,7,7.75006238095039,6.99999928051971,6.75507202241037,6.89164056297099,15.5001247619008,13.9999985610394,14.4512141229219,12.1057973038549
179.1,7.75,7,7.75006201584484,6.99999943518819,6.75508653659575,6.8916200136517,15.5001240316897,13.9999988703764,14.4510391072262,12.1060423328134
179.2,7.75,7,7.75006165244838,6.99999958965738,6.7551008170453,6.89159948251262,15.5001233048968,13.9999991793148,14.4508641701178,12.1062871756995
179.3,7.75,7,7.75006128990155,6.9999997439123,6.75511512981113,6.89157896892861,15.5001225798031,13.9999994878246,14.4506893224306,12.1065318060335
179.4,7.75,7,7.75006092798591,6.9999998979887,6.75512949109416,6.89155846981383,15.5001218559718,13.9999997959774,14.4505145496476,12.1067762583861
179.5,7.75,7,7.75006056769228,7.00000005183244,6.75514368513909,6.89153799116245,15.5001211353846,14.0000001036649,14.4503398705467,12.1070204890713
179.6,7.75,7,7.7500602077024,7.00000020548769,6.75515803365571,6.89151752705122,15.5001204154048,14.0000004109754,14.4501652723771,12.1072645274242
179.7,7.75,7,7.75005984847921,7.00000035895282,6.75517240517754,6.89149707853009,15.5001196969584,14.0000007179056,14.4499907535747,12.1075083777254
179.8,7.75,7,7.75005949115615,7.00000051220837,6.75518649829822,6.89147664931706,15.5001189823123,14.0000010244167,14.449816317049,12.107752034228
179.9,7.75,7,7.75005913461699,7.00000066526334,6.7552006218814,6.8914562364964,15.500118269234,14.0000013305267,14.4496419644316,12.1079954921939
180,7.75,7,7.75005877682322,7.00000081812908,6.75521534681407,6.89143583512085,15.5001175536464,14.0000016362582,14.4494677009132,12.1082387376194
180.1,7.75,7,7.75005842177213,7.00000097077527,6.75522956229892,6.89141545547647,15.5001168435443,14.0000019415505,14.4492935199166,12.1084817899011
180.2,7.75,7,7.75005806956623,7.00000112320085,6.7552432397615,6.89139509784664,15.5001161391325,14.0000022464017,14.4491194214292,12.1087246493111
180.3,7.75,7,7.75005771571561,7.0000012754632,6.75525759614995,6.89137474894715,15.5001154314312,14.0000025509264,14.4489454026588,12.1089673185211
180.4,7.75,7,7.75005736159598,7.00000142754276,6.75527226047938,6.89135441299044,15.500114723192,14.0000028550855,14.4487714653561,12.1092097947783
180.5,7.75,7,7.75005701197612,7.00000157936377,6.75528595779083,6.89133410517185,15.5001140239522,14.0000031587275,14.4485976190311,12.1094520600981
180.6,7.75,7,7.75005666127153,7.00000173101868,6.75530017535128,6.89131380741577,15.5001133225431,14.0000034620374,14.4484238509662,12.1096941396067
180.7,7.75,7,7.75005631089637,7.00000188247403,6.7553145485159,6.89129352503685,15.5001126217927,14.0000037649481,14.4482501688228,12.109936016652
180.8,7.75,7,7.75005596248127,7.00000203372665,6.75532861249142,6.89127326155192,15.5001119249625,14.0000040674533,14.4480765658862,12.1101777086987
180.9,7.75,7,7.7500556140652,7.00000218477249,6.75534293491444,6.89125301330369,15.5001112281304,14.000004369545,14.4479030537353,12.1104191868338
181,7.75,7,7.75005526704971,7.00000233563155,6.75535708795086,6.89123278164146,15.5001105340994,14.0000046712631,14.447729616628,12.1106604895568
181.1,7.75,7,7.75005492090605,7.0000024862669,6.75537126884567,6.89121256821669,15.5001098418121,14.0000049725338,14.4475562734453,12.1109015721071
181.2,7.75,7,7.75005457529417,7.00000263672281,6.7553855197132,6.89119236908023,15.5001091505883,14.0000052734456,14.447383006461,12.1111424760205
181.3,7.75,7,7.75005423116087,7.00000278697924,6.75539959321901,6.8911721876145,15.5001084623217,14.0000055739585,14.4472098197779,12.1113831926421
181.4,7.75,7,7.75005388780189,7.00000293702594,6.75541370364646,6.89115202315055,15.5001077756038,14.0000058740519,14.4470367214399,12.1116237025999
181.5,7.75,7,7.75005354413675,7.00000308688535,6.75542813284751,6.89113187185512,15.5001070882735,14.0000061737707,14.4468637070041,12.1118640154965
181.6,7.75,7,7.75005320253672,7.00000323653326,6.75544222973627,6.89111174028997,15.5001064050734,14.0000064730665,14.4466907753032,12.1121041363751
181.7,7.75,7,7.75005286297024,7.00000338597011,6.75545600235497,6.89109162835614,15.5001057259405,14.0000067719402,14.4465179263247,12.1123440653822
181.8,7.75,7,7.75005252279387,7.00000353523633,6.75547015900907,6.89107152774322,15.5001050455877,14.0000070704727,14.446345155499,12.1125838109454
181.9,7.75,7,7.75005218292354,7.00000368430505,6.75548446941577,6.89105144227436,15.5001043658471,14.0000073686101,14.446172470112,12.1128233569985
182,7.75,7,7.75005184526482,7.00000383315158,6.75549841663708,6.89103137760637,15.5001036905296,14.0000076663032,14.4459998715318,12.1130627022343
182.1,7.75,7,7.75005150747509,7.0000039818181,6.75551262062308,6.89101132590837,15.5001030149502,14.0000079636362,14.4458273529205,12.1133018606477
182.2,7.75,7,7.75005117092299,7.00000413027545,6.75552672389946,6.89099129208322,15.500102341846,14.0000082605509,14.4456549203045,12.1135408195594
182.3,7.75,7,7.75005083538902,7.00000427853641,6.7555407733781,6.89097127474519,15.500101670778,14.0000085570728,14.4454825691717,12.113779589448
182.4,7.75,7,7.75005050019474,7.00000442659772,6.75555496706906,6.89095127276282,15.5001010003895,14.0000088531954,14.4453103043863,12.1140181585073
182.5,7.75,7,7.75005016640192,7.00000457446195,6.7555689970026,6.89093128808788,15.5001003328038,14.0000091489239,14.4451381195247,12.1142565428083
182.6,7.75,7,7.75004983362376,7.00000472213354,6.75558296824862,6.89091131960952,15.5000996672475,14.0000094442671,14.4449660145787,12.1144947421498
182.7,7.75,7,7.75004950031596,7.00000486962024,6.75559731368589,6.89089136364024,15.5000990006319,14.0000097392405,14.4447939939003,12.1147327451498
182.8,7.75,7,7.75004916876558,7.00000501688648,6.75561142005868,6.89087142740583,15.5000983375312,14.000010033773,14.4446220617557,12.1149705441385
182.9,7.75,7,7.7500488395855,7.00000516393927,6.75562510282047,6.89085151162596,15.500097679171,14.0000103278785,14.4444502120017,12.115208154091
183,7.75,7,7.75004850980368,7.00000531081448,6.75563917021485,6.89083160766416,15.5000970196074,14.000010621629,14.4442784437225,12.1154455745688
183.1,7.75,7,7.75004817917606,7.00000545751131,6.75565369268319,6.89081171508432,15.5000963583521,14.0000109150226,14.4441067585243,12.1156828017683
183.2,7.75,7,7.75004785246609,7.00000560398145,6.75566736268418,6.8907918470483,15.5000957049322,14.0000112079629,14.4439351538806,12.1159198460113
183.3,7.75,7,7.75004752710375,7.00000575025409,6.75568088126859,6.89077199622114,15.5000950542075,14.0000115005082,14.4437636298052,12.1161567050627
183.4,7.75,7,7.75004719893276,7.00000589635392,6.75569540914129,6.89075215239544,15.5000943978655,14.0000117927078,14.4435921962823,12.116393352207
183.5,7.75,7,7.75004687375605,7.00000604224728,6.75570932371521,6.89073232975743,15.5000937475121,14.0000120844946,14.4434208390751,12.1166298257677
183.6,7.75,7,7.75004654948502,7.0000061879293,6.75572322842395,6.89071252444403,15.50009309897,14.0000123758586,14.4432495708678,12.1168660946977
183.7,7.75,7,7.75004622497248,7.0000063334399,6.75573740421419,6.89069273120731,15.500092449945,14.0000126668798,14.4430783797707,12.1171021855332
183.8,7.75,7,7.75004590230588,7.00000647872879,6.75575131216058,6.89067295794974,15.5000918046118,14.0000129574576,14.4429072775944,12.1173380730812
183.9,7.75,7,7.75004557981348,7.00000662383919,6.75576537961474,6.89065319812232,15.500091159627,14.0000132476784,14.4427362536189,12.1175737806703
184,7.75,7,7.75004525850068,7.00000676873621,6.75577935922103,6.89063345631117,15.5000905170014,14.0000135374724,14.4425653182768,12.1178092853366
184.1,7.75,7,7.75004493824124,7.00000691344825,6.75579325345708,6.89061373017902,15.5000898764825,14.0000138268965,14.4423944596445,12.1180446145396
184.2,7.75,7,7.75004461792758,7.00000705797511,6.75580737913834,6.89059401749906,15.5000892358552,14.0000141159502,14.4422236834044,12.1182797543356
184.3,7.75,7,7.75004429900134,7.00000720228422,6.75582136113806,6.89057432356735,15.5000885980027,14.0000144045684,14.4420529967714,12.1185146896171
184.4,7.75,7,7.75004398173589,7.00000734639041,6.7558351035149,6.89055464784868,15.5000879634718,14.0000146927808,14.4418823918208,12.1187494389783
184.5,7.75,7,7.75004366414451,7.00000749031576,6.75584914868467,6.89053498470886,15.500087328289,14.0000149806315,14.4417118687914,12.118984000201
184.6,7.75,7,7.75004334642109,7.00000763405895,6.75586344226489,6.89051533463285,15.5000866928422,14.0000152681179,14.4415414273095,12.1192183744536
184.7,7.75,7,7.75004303189567,7.00000777758142,6.7558770757461,6.89049570717367,15.5000860637913,14.0000155551628,14.4413710677419,12.11945256406
184.8,7.75,7,7.75004271878702,7.00000792090344,6.75589053485278,6.89047609724455,15.500085437574,14.0000158418069,14.4412007900928,12.1196865675267
184.9,7.75,7,7.75004240290544,7.00000806407916,6.75590495520824,6.89045649241025,15.5000848058109,14.0000161281583,14.4410305914588,12.1199203878138
185,7.75,7,7.75004208963365,7.00000820701715,6.75591890188534,6.89043691023971,15.5000841792673,14.0000164140343,14.440860485344,12.1201539991052
185.1,7.75,7,7.75004177904398,7.00000834975109,6.75593231515116,6.8904173484146,15.500083558088,14.0000166995022,14.4406904564406,12.1203874365761
185.2,7.75,7,7.75004146651548,7.0000084923207,6.75594647049596,6.89039779468278,15.500082933031,14.0000169846414,14.4405205104385,12.1206206831686
185.3,7.75,7,7.75004115567503,7.00000863468764,6.75596037428877,6.89037825918126,15.5000823113501,14.0000172693753,14.4403506461058,12.1208537451229
185.4,7.75,7,7.75004084583105,7.00000877684581,6.75597423070439,6.89035874095349,15.5000816916621,14.0000175536916,14.4401808696753,12.1210866077596
185.5,7.75,7,7.7500405362199,7.00000891883227,6.75598821550486,6.89033923574424,15.5000810724398,14.0000178376645,14.440011168531,12.1213192992424
185.6,7.75,7,7.75004022814124,7.00000906059644,6.75600201414715,6.89031974987754,15.5000804562825,14.0000181211929,14.4398415586643,12.1215517845089
185.7,7.75,7,7.75003992027558,7.00000920218458,6.7560159509407,6.89030027730153,15.5000798405512,14.0000184043692,14.4396720261649,12.121784094132
185.8,7.75,7,7.75003961330916,7.00000934357755,6.7560298509744,6.89028082079969,15.5000792266183,14.0000186871551,14.4395025761093,12.1220162173295
185.9,7.75,7,7.75003930778134,7.00000948475756,6.75604357974747,6.89026138276172,15.5000786155627,14.0000189695151,14.4393332137358,12.1222481428445
186,7.75,7,7.75003900221991,7.00000962575468,6.75605752361966,6.89024195800993,15.5000780044398,14.0000192515094,14.4391639331133,12.1224798829414
186.1,7.75,7,7.75003869702788,7.00000976656923,6.75607156669207,6.89022254733429,15.5000773940558,14.0000195331385,14.4389947320824,12.1227114430109
186.2,7.75,7,7.75003839416701,7.00000990717339,6.75608517930389,6.89020315673393,15.500076788334,14.0000198143468,14.4388256131454,12.1229428192972
186.3,7.75,7,7.75003809237874,7.00001004758152,6.75609870450965,6.89018378261201,15.5000761847575,14.000020095163,14.4386565763002,12.1231740107938
186.4,7.75,7,7.75003778942528,7.00001018782528,6.75611274574552,6.89016441812602,15.5000755788506,14.0000203756506,14.4384876187746,12.1234050218652
186.5,7.75,7,7.75003748806737,7.00001032785221,6.75612657253016,6.89014507268996,15.5000749761347,14.0000206557044,14.4383187500309,12.123635833772
186.6,7.75,7,7.75003718793074,7.00001046768789,6.75614026287768,6.89012574367816,15.5000743758615,14.0000209353758,14.4381499605699,12.1238664677783
186.7,7.75,7,7.75003688768286,7.00001060733381,6.75615419523774,6.89010642828259,15.5000737753657,14.0000212146676,14.4379812565149,12.1240969089815
186.8,7.75,7,7.75003658885647,7.00001074678463,6.75616793745246,6.89008712999322,15.5000731777129,14.0000214935693,14.4378126324991,12.1243271710209
186.9,7.75,7,7.75003629055906,7.00001088603431,6.75618175058539,6.89006784744182,15.5000725811181,14.0000217720686,14.437644095786,12.12455723685
187,7.75,7,7.75003599279407,7.00001102510771,6.75619560583984,6.89004857882026,15.5000719855881,14.0000220502154,14.437475635259,12.1247871316429
187.1,7.75,7,7.750035696483,7.00001116397939,6.75620926778126,6.89002932784699,15.500071392966,14.0000223279588,14.4373072576457,12.1250168412187
187.2,7.75,7,7.75003540055438,7.00001130264629,6.75622304516221,6.89001009257471,15.5000708011088,14.0000226052926,14.4371389698038,12.1252463493304
187.3,7.75,7,7.75003510452267,7.00001144113912,6.75623704243983,6.88999086977801,15.5000702090453,14.0000228822782,14.4369707604639,12.1254756810035
187.4,7.75,7,7.75003481056202,7.00001157942604,6.75625067363917,6.88997166617998,15.500069621124,14.0000231588521,14.4368026328689,12.1257048310572
187.5,7.75,7,7.75003451805983,7.00001171751407,6.75626410549101,6.88995248002544,15.5000690361197,14.0000234350281,14.43663458701,12.1259337990846
187.6,7.75,7,7.75003422393114,7.00001185544287,6.75627817465078,6.88993330217629,15.5000684478623,14.0000237108857,14.4364666208419,12.1261625869903
187.7,7.75,7,7.75003393055186,7.00001199318201,6.75629223594283,6.88991413965782,15.5000678611037,14.000023986364,14.4362987359295,12.1263911935541
187.8,7.75,7,7.75003364157689,7.00001213067374,6.75630530894115,6.88989500407903,15.5000672831538,14.0000242613475,14.4361309396074,12.1266196058234
187.9,7.75,7,7.75003335138238,7.00001226799882,6.75631890999175,6.88987587816402,15.5000667027648,14.0000245359976,14.4359632243112,12.1268478357476
188,7.75,7,7.75003305991797,7.0000124051647,6.75633304504803,6.88985676126671,15.5000661198359,14.0000248103294,14.4357955869792,12.127075890248
188.1,7.75,7,7.75003277184327,7.00001254209346,6.75634646877916,6.88983766849824,15.5000655436865,14.0000250841869,14.43562803888,12.1273037485251
188.2,7.75,7,7.75003248311474,7.00001267886385,6.75636024917006,6.88981858593105,15.5000649662295,14.0000253577277,14.4354605652779,12.1275314399292
188.3,7.75,7,7.75003219532116,7.00001281542264,6.75637398994595,6.8897995206568,15.5000643906423,14.0000256308453,14.4352931820208,12.1277589306796
188.4,7.75,7,7.75003190860775,7.00001295179615,6.75638762107636,6.88978047105349,15.5000638172155,14.0000259035923,14.4351258765696,12.1279862490061
188.5,7.75,7,7.75003162210584,7.00001308797756,6.75640139714225,6.88976143585485,15.5000632442117,14.0000261759551,14.4349586564516,12.1282133774721
188.6,7.75,7,7.75003133682439,7.00001322397604,6.75641502034225,6.88974241643672,15.5000626736488,14.0000264479521,14.4347915124145,12.1284403377214
188.7,7.75,7,7.75003105222033,7.00001335976578,6.7564286725536,6.88972341357354,15.5000621044407,14.0000267195316,14.4346244588762,12.1286670973198
188.8,7.75,7,7.75003076774629,7.00001349537776,6.75644247645669,6.88970442390159,15.5000615354926,14.0000269907555,14.4344574847214,12.1288936806196
188.9,7.75,7,7.75003048480303,7.00001363079253,6.75645605309987,6.8896854516731,15.5000609696061,14.0000272615851,14.4342905915763,12.1291200854055
189,7.75,7,7.750030202958,7.00001376601507,6.75646952008823,6.88966649564634,15.500060405916,14.0000275320301,14.4341237794298,12.1293463114333
189.1,7.75,7,7.75002992000186,7.00001390106953,6.75648348110794,6.88964754958627,15.5000598400037,14.0000278021391,14.4339570487352,12.129572355812
189.2,7.75,7,7.75002963809413,7.00001403593232,6.75649734534132,6.88962861958333,15.5000592761883,14.0000280718646,14.4337903990998,12.1297982215031
189.3,7.75,7,7.75002935984884,7.00001417057225,6.75651040048323,6.88960971320294,15.5000587196977,14.0000283411445,14.4336238312379,12.1300239094295
189.4,7.75,7,7.75002908119793,7.00001430502264,6.75652377004817,6.88959081977378,15.5000581623959,14.0000286100453,14.4334573509821,12.1302494031163
189.5,7.75,7,7.75002880016092,7.00001443931785,6.75653798176262,6.88957193278183,15.5000576003218,14.0000288786357,14.4332909530041,12.130474712689
189.6,7.75,7,7.75002852297645,7.00001457339981,6.75655131903858,6.88955306909479,15.5000570459529,14.0000291467996,14.4331246315746,12.1306998566086
189.7,7.75,7,7.75002824664502,7.00001470728443,6.75656461917427,6.88953422147177,15.50005649329,14.0000294145689,14.4329583949068,12.1309248141255
189.8,7.75,7,7.75002796869318,7.00001484100743,6.75657854900849,6.88951538230237,15.5000559373864,14.0000296820149,14.4327922395877,12.1311495906506
189.9,7.75,7,7.75002769309798,7.00001497451653,6.75659202996053,6.88949656344576,15.500055386196,14.0000299490331,14.432626168863,12.1313741827803
190,7.75,7,7.75002741752323,7.00001510785672,6.75660568021995,6.88947775689677,15.5000548350465,14.0000302157134,14.4324601744175,12.1315986068354
190.1,7.75,7,7.75002714291618,7.00001524098629,6.75661927288519,6.88945896760272,15.5000542858324,14.0000304819726,14.4322942702785,12.131822832913
190.2,7.75,7,7.75002686925261,7.00001537394148,6.75663277701175,6.889440192882,15.5000537385052,14.000030747883,14.4321284402041,12.1320468968719
190.3,7.75,7,7.75002659573128,7.00001550669656,6.75664644685508,6.88942143297498,15.5000531914626,14.0000310133931,14.4319626999818,12.1322707633815
190.4,7.75,7,7.75002632340781,7.0000156392636,6.75665996912519,6.88940268914657,15.5000526468156,14.0000312785272,14.4317970387608,12.1324944573907
190.5,7.75,7,7.75002605204411,7.00001577164537,6.75667340838982,6.88938396070991,15.5000521040882,14.0000315432907,14.4316314565282,12.1327179788254
190.6,7.75,7,7.75002578012812,7.00001590385121,6.75668718507109,6.88936524391974,15.5000515602562,14.0000318077024,14.4314659568668,12.132941318566
190.7,7.75,7,7.75002550930699,7.00001603586723,6.75670084426089,6.88934654312323,15.500051018614,14.0000320717345,14.4313005376206,12.1331644829659
190.8,7.75,7,7.75002524109346,7.00001616767097,6.7567139780736,6.88932786301699,15.5000504821869,14.0000323353419,14.4311352012129,12.1333874682143
190.9,7.75,7,7.75002497282525,7.00001629928855,6.75672731702048,6.88930919630428,15.5000499456505,14.0000325985771,14.4309699495434,12.1336102678592
191,7.75,7,7.75002470349846,7.00001643073722,6.75674112878019,6.88929053969498,15.5000494069969,14.0000328614744,14.4308047799845,12.1338328868699
191.1,7.75,7,7.75002443630477,7.00001656198872,6.75675453369825,6.88927190171317,15.5000488726095,14.0000331239774,14.4306396889441,12.1340553361315
191.2,7.75,7,7.75002416944475,7.00001669304992,6.75676803633856,6.88925327820833,15.5000483388895,14.0000333860998,14.430474682609,12.1342776006012
191.3,7.75,7,7.75002390298074,7.00001682393211,6.75678160717791,6.88923466848639,15.5000478059615,14.0000336478642,14.4303097555582,12.1344996923073
191.4,7.75,7,7.75002363779381,7.00001695461525,6.75679501550964,6.88921607578796,15.5000472755876,14.0000339092305,14.4301449123869,12.13472160214
191.5,7.75,7,7.75002337261749,7.00001708512875,6.75680859152815,6.88919749540802,15.500046745235,14.0000341702575,14.4299801462836,12.1349433439267
191.6,7.75,7,7.75002310851577,7.00001721543156,6.75682207354676,6.88917893248089,15.5000462170315,14.0000344308631,14.4298154704581,12.1351648899726
191.7,7.75,7,7.75002284554552,7.00001734554871,6.75683541990212,6.88916038530594,15.500045691091,14.0000346910974,14.429650873261,12.1353862658387
191.8,7.75,7,7.75002258227057,7.0000174754911,6.75684902768572,6.88914185017711,15.5000451645411,14.0000349509822,14.4294863571808,12.1356074649175
191.9,7.75,7,7.750022319597,7.00001760525264,6.75686264504919,6.88912332937407,15.500044639194,14.0000352105053,14.4293219203387,12.1358284922379
192,7.75,7,7.75002205925489,7.00001773480989,6.75687580318871,6.88910482810493,15.5000441185098,14.0000354696198,14.4291575644876,12.1360493456804
192.1,7.75,7,7.75002179946687,7.0000178641831,6.75688898685433,6.88908634129405,15.5000435989337,14.0000357283662,14.4289932896287,12.136270023744
192.2,7.75,7,7.7500215373066,7.00001799339459,6.75690300528166,6.88906786138272,15.5000430746132,14.0000359867892,14.4288291007635,12.136490513038
192.3,7.75,7,7.75002127816225,7.00001812239022,6.75691638034872,6.88904940322916,15.5000425563245,14.0000362447804,14.4286649947158,12.1367108254907
192.4,7.75,7,7.75002102168512,7.00001825118201,6.75692919890582,6.88903096525301,15.5000420433702,14.000036502364,14.4285009678352,12.1369309688183
192.5,7.75,7,7.75002076267936,7.0000183798379,6.75694287011122,6.88901253198557,15.5000415253587,14.0000367596758,14.4283370160729,12.137150947164
192.6,7.75,7,7.75002050494735,7.00001850827955,6.75695639033914,6.88899411681733,15.5000410098947,14.0000370165591,14.4281731555062,12.1373707293143
192.7,7.75,7,7.75002024926291,7.00001863653469,6.75696951209323,6.88897571931058,15.5000404985258,14.0000372730694,14.4280093694963,12.1375903520946
192.8,7.75,7,7.75001999250635,7.00001876461012,6.75698311467885,6.88895733263738,15.5000399850127,14.0000375292202,14.4278456711447,12.1378097844617
192.9,7.75,7,7.75001973723419,7.00001889250098,6.75699647624567,6.88893896233978,15.5000394744684,14.000037785002,14.4276820494439,12.1380290526471
193,7.75,7,7.75001948250418,7.00001902019601,6.75700987511633,6.88892060731777,15.5000389650084,14.000038040392,14.4275185144572,12.1382481341869
193.1,7.75,7,7.75001922818643,7.00001914772541,6.75702331837929,6.88890226512108,15.5000384563729,14.0000382954508,14.4273550530826,12.1384670573468
193.2,7.75,7,7.7500189751848,7.00001927504086,6.75703659603452,6.88888394108065,15.5000379503696,14.0000385500817,14.4271916827576,12.1386857854787
193.3,7.75,7,7.75001872221618,7.00001940218369,6.75705003192778,6.88886562959869,15.5000374444324,14.0000388043674,14.4270283912709,12.1389043438562
193.4,7.75,7,7.75001846977916,7.00001952915128,6.75706348671402,6.8888473318763,15.5000369395583,14.0000390583026,14.4268651772585,12.1391227359782
193.5,7.75,7,7.75001821899278,7.00001965592496,6.75707666040306,6.88882905153632,15.5000364379856,14.0000393118499,14.4267020434813,12.1393409570321
193.6,7.75,7,7.7500179686887,7.00001978251282,6.75708987656437,6.88881078561859,15.5000359373774,14.0000395650256,14.426538992336,12.1395590009205
193.7,7.75,7,7.75001771688089,7.00001990892997,6.75710368412302,6.88879252899556,15.5000354337618,14.0000398178599,14.4263760272691,12.1397768585603
193.8,7.75,7,7.75001746758249,7.00002003514318,6.75711697540958,6.88877429222074,15.500034935165,14.0000400702864,14.4262131426569,12.1399945458083
193.9,7.75,7,7.75001722083412,7.00002016115211,6.75712973890419,6.88875607540145,15.5000344416682,14.0000403223042,14.4260503384817,12.1402120628551
194,7.75,7,7.75001697214544,7.00002028701388,6.75714319410399,6.88873786528297,15.5000339442909,14.0000405740278,14.4258876119463,12.1404294117158
194.1,7.75,7,7.75001672299627,7.00002041270804,6.75715694025277,6.88871966634866,15.5000334459925,14.0000408254161,14.4257249647503,12.1406465902053
194.2,7.75,7,7.75001647809223,7.00002053815947,6.75716971326364,6.88870149359053,15.5000329561845,14.0000410763189,14.4255624069022,12.14086358131
194.3,7.75,7,7.75001623178258,7.00002066346244,6.75718302653369,6.88868332871114,15.5000324635652,14.0000413269249,14.4253999245964,12.1410804095438
194.4,7.75,7,7.7500159855998,7.00002078858066,6.75719647938223,6.88866517744513,15.5000319711996,14.0000415771613,14.4252375265355,12.1412970578092
194.5,7.75,7,7.75001574110597,7.00002091351308,6.75720962928907,6.88864704304277,15.5000314822119,14.0000418270262,14.42507520509,12.141513543944
194.6,7.75,7,7.75001549632567,7.0000210382551,6.75722304072873,6.88862892182146,15.5000309926513,14.0000420765102,14.4249129727192,12.1417298396676
194.7,7.75,7,7.75001525273144,7.00002116282473,6.75723627857883,6.88861081547053,15.5000305054629,14.0000423256495,14.4247508134788,12.1419459804638
194.8,7.75,7,7.75001500970311,7.00002128719029,6.75724954832742,6.88859272501711,15.5000300194062,14.0000425743806,14.4245887452126,12.1421619278344
194.9,7.75,7,7.75001476698452,7.00002141139101,6.75726288536162,6.88857464710678,15.500029533969,14.000042822782,14.4244267512446,12.1423777172069
195,7.75,7,7.75001452550575,7.00002153540785,6.75727604348768,6.88855658500281,15.5000290510115,14.0000430708157,14.4242648354962,12.1425933411751
195.1,7.75,7,7.75001428451143,7.00002165923077,6.75728924604105,6.88853853789592,15.5000285690229,14.0000433184615,14.424103006586,12.1428087808308
195.2,7.75,7,7.75001404297477,7.00002178288409,6.75730276107092,6.88852050194011,15.5000280859495,14.0000435657682,14.4239412587027,12.1430240477227
195.3,7.75,7,7.75001380326919,7.00002190634194,6.75731593941808,6.88850248382801,15.5000276065384,14.0000438126839,14.4237795913908,12.1432391450977
195.4,7.75,7,7.75001356532257,7.00002202960523,6.75732880035219,6.88848448334546,15.5000271306451,14.0000440592105,14.4236180046325,12.143454073041
195.5,7.75,7,7.75001332650506,7.00002215271379,6.7573420521584,6.88846649226999,15.5000266530101,14.0000443054276,14.423456493855,12.1436688389655
195.6,7.75,7,7.75001308778846,7.00002227564,6.75735544468352,6.88844851457098,15.5000261755769,14.00004455128,14.4232950667483,12.1438834275583
195.7,7.75,7,7.75001285099728,7.00002239836271,6.75736847996918,6.88843055548386,15.5000257019946,14.0000447967254,14.4231337235512,12.1440978400982
195.8,7.75,7,7.75001261382935,7.00002252091993,6.75738177510141,6.88841260758269,15.5000252276587,14.0000450418399,14.4229724588063,12.1443120861675
195.9,7.75,7,7.75001237765459,7.0000226432861,6.75739496507876,6.88839467549683,15.5000247553092,14.0000452865722,14.4228112771686,12.14452615727
196,7.75,7,7.7500121422448,7.00002276547065,6.75740810555836,6.88837675808055,15.5000242844896,14.0000455309413,14.4226501755096,12.1447400599371
196.1,7.75,7,7.75001190692463,7.00002288747371,6.75742138752197,6.88835885395178,15.5000238138493,14.0000457749474,14.4224891573528,12.1449537862179
196.2,7.75,7,7.75001167277488,7.00002300929543,6.75743450421844,6.88834096529507,15.5000233455498,14.0000460185909,14.4223282169781,12.1451673492959
196.3,7.75,7,7.75001143939418,7.00002313094046,6.75744756484828,6.88832309095829,15.5000228787884,14.0000462618809,14.4221673543726,12.1453807489351
196.4,7.75,7,7.75001120523067,7.00002325241546,6.75746100273322,6.88830522730518,15.5000224104613,14.0000465048309,14.4220065746417,12.1455939730602
196.5,7.75,7,7.75001097258907,7.00002337368897,6.75747419326211,6.88828738129094,15.5000219451781,14.0000467473779,14.4218458802735,12.1458070186517
196.6,7.75,7,7.75001074205388,7.00002349476566,6.7574869662581,6.88826955376623,15.5000214841078,14.0000469895313,14.4216852660646,12.1460198973268
196.7,7.75,7,7.75001051064127,7.00002361568148,6.75750013401188,6.88825173606926,15.5000210212825,14.000047231363,14.421524731082,12.1462326084387
196.8,7.75,7,7.75001027818977,7.00002373643497,6.7575137432917,6.8882339279759,15.5000205563795,14.0000474728699,14.4213642768816,12.1464451486758
196.9,7.75,7,7.75001004945342,7.00002385697747,6.75752649131699,6.88821614266354,15.5000200989068,14.0000477139549,14.4212039010362,12.1466575275829
197,7.75,7,7.75000982178071,7.00002397733912,6.75753910153323,6.88819837256523,15.5000196435614,14.0000479546782,14.4210436035553,12.1468697428273
197.1,7.75,7,7.75000959100712,7.00002409754522,6.75755273022571,6.88818060738755,15.5000191820142,14.0000481950904,14.4208833946823,12.1470817692233
197.2,7.75,7,7.75000936306561,7.00002421756091,6.75756572830366,6.88816286170674,15.5000187261312,14.0000484351218,14.4207232593439,12.1472936439248
197.3,7.75,7,7.7500091357258,7.00002433738235,6.75757873053115,6.88814513126644,15.5000182714516,14.0000486747647,14.4205632111398,12.1475053364885
197.4,7.75,7,7.75000890795854,7.00002445704755,6.75759199387723,6.88812741122902,15.5000178159171,14.0000489140951,14.4204032378492,12.1477168717016
197.5,7.75,7,7.7500086817644,7.00002457651029,6.75760499303682,6.88810970899785,15.5000173635288,14.0000491530206,14.4202433504492,12.1479282285058
197.6,7.75,7,7.7500084555181,7.00002469580875,6.75761815368889,6.88809201851159,15.5000169110362,14.0000493916175,14.420083539784,12.1481394246997
197.7,7.75,7,7.75000823020516,7.00002481491289,6.75763122336142,6.88807434394192,15.5000164604103,14.0000496298258,14.4199238146704,12.1483504428495
197.8,7.75,7,7.75000800572,7.00002493384755,6.75764420951604,6.88805668328078,15.50001601144,14.0000498676951,14.4197641641247,12.1485613059284
197.9,7.75,7,7.75000778094451,7.00002505261178,6.7576574292168,6.88803903432263,15.500015561889,14.0000501052236,14.4196045945345,12.1487719996743
198,7.75,7,7.75000755731512,7.00002517117775,6.75767050026625,6.88802140199531,15.5000151146302,14.0000503423555,14.419445111307,12.1489825142294
198.1,7.75,7,7.7500073351018,7.00002528955744,6.75768333533861,6.88800378598324,15.5000146702036,14.0000505791149,14.4192857074636,12.149192864518
198.2,7.75,7,7.7500071123027,7.00002540777314,6.75769648096659,6.88798618060718,15.5000142246054,14.0000508155463,14.4191263832386,12.1494030483328
198.3,7.75,7,7.75000688917986,7.00002552582274,6.75770986458527,6.88796858655199,15.5000137783597,14.0000510516455,14.4189671382626,12.149613066788
198.4,7.75,7,7.7500066690515,7.00002564366789,6.75772258074063,6.8879510133301,15.500013338103,14.0000512873358,14.4188079728785,12.1498229222997
198.5,7.75,7,7.75000645006687,7.00002576132968,6.75773513428482,6.8879334556569,15.5000129001337,14.0000515226594,14.4186488870861,12.1500326132873
198.6,7.75,7,7.75000622806152,7.0000258788602,6.75774865745964,6.8879159013054,15.500012456123,14.0000517577204,14.418489878662,12.1502421406805
198.7,7.75,7,7.75000600847301,7.00002599617264,6.75776168765992,6.88789836759467,15.500012016946,14.0000519923453,14.4183309593729,12.1504514851007
198.8,7.75,7,7.7500057913128,7.00002611329716,6.75777419498043,6.88788085237215,15.5000115826256,14.0000522265943,14.4181721150854,12.150660676026
198.9,7.75,7,7.75000557195811,7.00002623027341,6.75778745219326,6.88786334337648,15.5000111439162,14.0000524605468,14.4180133518323,12.1508696968234
199,7.75,7,7.75000535410401,7.0000263470645,6.75780044601228,6.88784585078288,15.500010708208,14.000052694129,14.4178546672823,12.1510785557997
199.1,7.75,7,7.75000513697873,7.00002646366377,6.75781340016297,6.88782837349956,15.5000102739575,14.0000529273275,14.417696068681,12.1512872373515
199.2,7.75,7,7.75000491989979,7.00002658010637,6.75782647693434,6.88781090760595,15.5000098397996,14.0000531602127,14.4175375432387,12.1514957674528
199.3,7.75,7,7.75000470408816,7.00002669634674,6.75783937017394,6.88779345886829,15.5000094081763,14.0000533926935,14.4173791058355,12.151704116523
199.4,7.75,7,7.75000448826752,7.00002681242684,6.7578524042406,6.88777602166453,15.500008976535,14.0000536248537,14.4172207436236,12.1519123100897
199.5,7.75,7,7.75000427314433,7.00002692832668,6.75786539637432,6.88775859887402,15.5000085462887,14.0000538566534,14.4170624622601,12.1521203372023
199.6,7.75,7,7.75000405920306,7.00002704403327,6.75787822045997,6.88774119241717,15.5000081184061,14.0000540880665,14.4169042652879,12.1523281910961
199.7,7.75,7,7.75000384498661,7.00002715957384,6.75789126476991,6.88772379736712,15.5000076899732,14.0000543191477,14.4167461477279,12.1525358808372
199.8,7.75,7,7.75000363094761,7.00002727494778,6.75790440158887,6.88770641468712,15.5000072618952,14.0000545498956,14.4165881074778,12.1527434112763
199.9,7.75,7,7.75000341903388,7.00002739012802,6.75791710323402,6.88768905029193,15.5000068380678,14.000054780256,14.4164301469105,12.1529507793961
200,7.75,7,7.75000320794135,7.00002750512942,6.75792972532551,6.88767170045543,15.5000064158827,14.0000550102588,14.4162722660194,12.1531579841258
200.1,7.75,7,7.75000299545487,7.00002761998193,6.75794286819042,6.8876543585144,15.5000059909097,14.0000552399639,14.4161144625902,12.1533650281076
200.2,7.75,7,7.75000278435348,7.00002773463709,6.75795578733246,6.88763703361269,15.500005568707,14.0000554692742,14.4159567446017,12.1535718975611
200.3,7.75,7,7.75000257423497,7.00002784911637,6.75796857790451,6.88761972338581,15.5000051484699,14.0000556982327,14.4157991041452,12.1537786085012
200.4,7.75,7,7.750002363787,7.00002796342466,6.75798160634275,6.88760242481068,15.500004727574,14.0000559268493,14.4156415459601,12.1539851500916
200.5,7.75,7,7.75000215455355,7.00002807755303,6.75799444362803,6.88758514167105,15.5000043091071,14.0000561551061,14.4154840660299,12.1541915320999
200.6,7.75,7,7.75000194559577,7.00002819149967,6.75800735629017,6.88756787218721,15.5000038911915,14.0000563829993,14.4153266702641,12.1543977416454
200.7,7.75,7,7.7500017369784,7.00002830528555,6.75802030810964,6.88755061498027,15.5000034739568,14.0000566105711,14.4151693484704,12.1546037997998
200.8,7.75,7,7.75000152960282,7.00002841888526,6.75803306554537,6.88753337371392,15.5000030592056,14.0000568377705,14.4150121078322,12.1548096927546
200.9,7.75,7,7.75000132234183,7.00002853230056,6.75804594524305,6.88751614596753,15.5000026446837,14.0000570646011,14.4148549535916,12.1550154088589
201,7.75,7,7.75000111479219,7.00002864555776,6.75805903880141,6.88749892902634,15.5000022295844,14.0000572911155,14.4146978755381,12.1552209687608
201.1,7.75,7,7.75000090911313,7.00002875862584,6.75807176199696,6.88748172951599,15.5000018182263,14.0000575172517,14.4145408767632,12.1554263681994
201.2,7.75,7,7.75000070465114,7.00002887151233,6.75808429287033,6.88746454556509,15.5000014093023,14.0000577430247,14.4143839572537,12.1556316067081
201.3,7.75,7,7.75000049831201,7.00002898425671,6.75809747215896,6.88744736803408,15.500000996624,14.0000579685134,14.4142271149852,12.1558366856997
201.4,7.75,7,7.75000029256508,7.00002909682781,6.7581106281695,6.88743020419153,15.5000005851302,14.0000581936556,14.4140703514685,12.1560416044378
201.5,7.75,7,7.75000009101737,7.00002920916809,6.75812278979022,6.88741306552168,15.5000001820347,14.0000584183362,14.4139136745926,12.1562463502248
201.6,7.75,7,7.7499998879503,7.00002932136136,6.75813550207289,6.88739593435186,15.4999997759006,14.0000586427227,14.4137570754551,12.1564509361134
201.7,7.75,7,7.74999968346333,7.00002943341126,6.75814873368201,6.88737881062191,15.4999993669267,14.0000588668225,14.4136005518288,12.1566553668278
201.8,7.75,7,7.74999948215298,7.0000295452412,6.75816124978612,6.88736170920061,15.499998964306,14.0000590904824,14.4134441153069,12.1568596230521
201.9,7.75,7,7.74999927994599,7.00002965692974,6.75817413537654,6.88734461614171,15.499998559892,14.0000593138595,14.413287750615,12.1570637322686
202,7.75,7,7.74999907847202,7.00002976842514,6.75818697267579,6.88732753848778,15.499998156944,14.0000595368503,14.4131314735411,12.1572676639443
202.1,7.75,7,7.74999887785777,7.00002987975117,6.7581997061219,6.88731047478363,15.4999977557155,14.0000597595023,14.4129752721661,12.1574714425408
202.2,7.75,7,7.74999867724127,7.00002999090403,6.75821258189927,6.88729342355012,15.4999973544825,14.0000599818081,14.4128191529741,12.1576750541934
202.3,7.75,7,7.74999847765357,7.00003010188989,6.75822530369504,6.88727638643944,15.4999969553071,14.0000602037798,14.4126631075083,12.1578785171128
202.4,7.75,7,7.7499982784964,7.00003021268468,6.7582380597224,6.8872593639682,15.4999965569928,14.0000604253694,14.4125071504591,12.1580818010488
202.5,7.75,7,7.7499980792767,7.00003032331952,6.7582509635132,6.8872423528915,15.4999961585534,14.000060646639,14.412351269741,12.1582849301716
202.6,7.75,7,7.7499978813897,7.00003043377411,6.75826363760832,6.88722535751078,15.4999957627794,14.0000608675482,14.4121954675095,12.1584879014795
202.7,7.75,7,7.74999768437905,7.00003054405372,6.75827620624573,6.8872083765169,15.4999953687581,14.0000610881074,14.4120397437491,12.1586907146851
202.8,7.75,7,7.74999748601904,7.00003065418277,6.75828927742038,6.88719140362307,15.4999949720381,14.0000613083655,14.4118840989018,12.1588933669615
202.9,7.75,7,7.7499972885449,7.00003076413677,6.75830224002619,6.88717444514119,15.4999945770898,14.0000615282735,14.4117285325805,12.1590958612286
203,7.75,7,7.74999709454877,7.00003087388323,6.75831438870049,6.88715750868454,15.4999941890975,14.0000617477665,14.4115730462712,12.1592981969469
203.1,7.75,7,7.74999689984439,7.00003098346145,6.75832687251838,6.88714058290606,15.4999937996888,14.0000619669229,14.4114176439365,12.1595003623995
203.2,7.75,7,7.74999670260192,7.00003109290141,6.75834018327842,6.8871236619214,15.4999934052038,14.0000621858028,14.4112623212163,12.1597023648303
203.3,7.75,7,7.74999650904798,7.00003120214402,6.75835261179713,6.88710676265738,15.499993018096,14.000062404288,14.4111070726254,12.15990422108
203.4,7.75,7,7.74999631605595,7.00003131120689,6.7583650256221,6.88708987748409,15.4999926321119,14.0000626224138,14.4109519067273,12.1601059111235
203.5,7.75,7,7.74999612128106,7.00003142012642,6.75837805670525,6.88707299900699,15.4999922425621,14.0000628402528,14.410796818878,12.1603074422822
203.6,7.75,7,7.74999592866387,7.00003152884872,6.75839063646062,6.88705613912671,15.4999918573277,14.0000630576974,14.4106418134935,12.1605088093617
203.7,7.75,7,7.749995735852,7.00003163741851,6.75840339243355,6.88703928983634,15.499991471704,14.000063274837,14.4104868820075,12.1607100275533
203.8,7.75,7,7.74999554379402,7.00003174579797,6.75841608693067,6.88702245578877,15.499991087588,14.0000634915959,14.4103320373712,12.1609110717716
203.9,7.75,7,7.74999535248528,7.00003185401756,6.75842869684852,6.88700563478113,15.4999907049706,14.0000637080351,14.4101772650916,12.1611119712509
204,7.75,7,7.74999516110228,7.00003196205723,6.75844147001626,6.88698882658268,15.4999903222046,14.0000639241145,14.410022579264,12.1613126970182
204.1,7.75,7,7.74999497072713,7.00003206992564,6.75845409423117,6.88697203277052,15.4999899414543,14.0000641398513,14.4098679699017,12.1615132702194
204.2,7.75,7,7.74999478110787,7.00003217762575,6.75846663796388,6.88695525261872,15.4999895622157,14.0000643552515,14.409713436988,12.1617136907477
204.3,7.75,7,7.74999459071313,7.00003228516769,6.75847952471811,6.88693848228272,15.4999891814263,14.0000645703354,14.4095589840357,12.1619139502559
204.4,7.75,7,7.74999440124387,7.00003239253658,6.75849228645512,6.88692172629437,15.4999888024877,14.0000647850732,14.4094046089523,12.1621140545872
204.5,7.75,7,7.74999421419536,7.00003249970903,6.75850451981086,6.88690498938207,15.4999884283907,14.0000649994181,14.4092503148551,12.1623139989608
204.6,7.75,7,7.74999402683492,7.000032606716,6.75851697050869,6.88688826375505,15.4999880536698,14.000065213432,14.4090961018062,12.1625137808624
204.7,7.75,7,7.74999383824404,7.00003271357157,6.75852988615726,6.88687154652964,15.4999876764881,14.0000654271431,14.4089419680853,12.1627134029971
204.8,7.75,7,7.74999365160741,7.00003282024546,6.75854239264423,6.8868548463686,15.4999873032148,14.0000656404909,14.4087879109216,12.1629128739058
204.9,7.75,7,7.74999346506666,7.00003292674882,6.75855500473155,6.88683815868562,15.4999869301333,14.0000658534976,14.4086339351091,12.1631121824078
205,7.75,7,7.74999327875662,7.00003303308868,6.7585676787347,6.88682148325049,15.4999865575132,14.0000660661774,14.4084800365852,12.1633113368399
205.1,7.75,7,7.74999309350675,7.00003313924892,6.75858019320538,6.88680482291184,15.4999861870135,14.0000662784978,14.4083262186029,12.1635103315605
205.2,7.75,7,7.74999290807912,7.00003324525463,6.75859287726931,6.88678817334292,15.4999858161582,14.0000664905093,14.4081724758861,12.1637091760581
205.3,7.75,7,7.7499927235192,7.00003335107009,6.75860546372963,6.88677153924459,15.4999854470384,14.0000667021402,14.4080188199463,12.1639078484455
205.4,7.75,7,7.74999253989271,7.00003345671708,6.75861791702811,6.88675491918216,15.4999850797854,14.0000669134342,14.4078652399868,12.1641063703927
205.5,7.75,7,7.74999235574868,7.00003356220692,6.75863063696739,6.88673830938787,15.4999847114974,14.0000671244138,14.4077117385181,12.164304735669
205.6,7.75,7,7.74999217204228,7.00003366753263,6.75864335963498,6.88672171230862,15.4999843440846,14.0000673350653,14.407558313718,12.1645029488632
205.7,7.75,7,7.74999199049123,7.00003377267136,6.75865561848231,6.88670513308469,15.4999839809825,14.0000675453427,14.4074049672288,12.1647010083683
205.8,7.75,7,7.74999180927275,7.00003387764388,6.75866791078742,6.88668856651141,15.4999836185455,14.0000677552878,14.4072516990475,12.1648989126202
205.9,7.75,7,7.74999162545815,7.00003398247205,6.75868104444488,6.88667200505668,15.4999832509163,14.0000679649441,14.40709851471,12.1650966480572
206,7.75,7,7.74999144452603,7.0000340871032,6.75869351645134,6.88665546366055,15.4999828890521,14.0000681742064,14.4069454096551,12.1652942288342
206.1,7.75,7,7.7499912660291,7.0000341915482,6.75870544427254,6.88663894063113,15.4999825320582,14.0000683830964,14.4067923811281,12.1654916600992
206.2,7.75,7,7.74999108477921,7.00003429587424,6.75871823759687,6.88662242057083,15.4999821695584,14.0000685917485,14.4066394251425,12.1656889451011
206.3,7.75,7,7.74999090468098,7.00003440000371,6.75873085560781,6.88660591701749,15.499981809362,14.0000688000074,14.4064865578305,12.1658860555466
206.4,7.75,7,7.74999072641139,7.00003450396461,6.75874308624695,6.88658942933038,15.4999814528228,14.0000690079292,14.4063337619765,12.1660830262348
206.5,7.75,7,7.74999054684837,7.00003460776392,6.75875580301433,6.88657295065473,15.4999810936967,14.0000692155278,14.4061810513747,12.1662798271182
206.6,7.75,7,7.74999036861748,7.00003471139508,6.75876827146013,6.88655648680579,15.499980737235,14.0000694227902,14.4060284148236,12.16647648284
206.7,7.75,7,7.74999019070513,7.00003481485059,6.75878078233833,6.88654003626183,15.4999803814103,14.0000696297012,14.4058758615541,12.1666729743262
206.8,7.75,7,7.74999001305488,7.00003491815483,6.75879333299901,6.88652359715158,15.4999800261098,14.0000698363097,14.4057233801074,12.1668693242484
206.9,7.75,7,7.74998983649633,7.00003502126647,6.75880572069517,6.88650717414163,15.4999796729927,14.0000700425329,14.405570985982,12.1670655028692
207,7.75,7,7.74998965977644,7.00003512422268,6.75881827003348,6.8864907620041,15.4999793195529,14.0000702484454,14.4054186680931,12.1672615310145
207.1,7.75,7,7.74998948342499,7.00003522702024,6.75883083411033,6.88647436204894,15.49997896685,14.0000704540405,14.4052664251181,12.16745741186
207.2,7.75,7,7.74998930854896,7.00003532964132,6.75884311448324,6.88645797781438,15.4999786170979,14.0000706592826,14.4051142596505,12.1676531413913
207.3,7.75,7,7.74998913392481,7.00003543209348,6.75885544962443,6.88644160626628,15.4999782678496,14.000070864187,14.4049621747949,12.1678487124741
207.4,7.75,7,7.74998895763309,7.00003553439498,6.75886836585732,6.8864252421841,15.4999779152662,14.00007106879,14.404810172302,12.1680441200135
207.5,7.75,7,7.74998878369145,7.00003563650989,6.75888075907766,6.88640889633105,15.4999775673829,14.0000712730198,14.4046582475132,12.1682393769364
207.6,7.75,7,7.74998861207724,7.00003573843859,6.75889263517137,6.88639256863444,15.4999772241545,14.0000714768772,14.4045064004073,12.1684344833544
207.7,7.75,7,7.74998843829855,7.00003584023782,6.75890521582438,6.88637624586621,15.4999768765971,14.0000716804756,14.4043546282112,12.1686294406991
207.8,7.75,7,7.74998826394247,7.00003594188629,6.75891807003897,6.88635993279096,15.4999765278849,14.0000718837726,14.4042029325599,12.168824247294
207.9,7.75,7,7.74998809365407,7.00003604331001,6.75892994525544,6.88634364419099,15.4999761873081,14.00007208662,14.4040513238417,12.1690188871018
208,7.75,7,7.74998792171108,7.00003614460421,6.7589423810085,6.88632736156195,15.4999758434222,14.0000722892084,14.4038997873491,12.1692133838308
208.1,7.75,7,7.74998774976754,7.00003624573047,6.75895493999599,6.88631109103923,15.4999754995351,14.0000724914609,14.4037483326936,12.1694077202467
208.2,7.75,7,7.7499875793084,7.00003634668861,6.75896720444595,6.88629483565526,15.4999751586168,14.0000726933772,14.4035969517742,12.1696019136575
208.3,7.75,7,7.74998740836488,7.00003644747604,6.7589797297751,6.88627859159362,15.4999748167298,14.0000728949521,14.4034456567949,12.1697959384783
208.4,7.75,7,7.74998723845383,7.00003654810638,6.75899207921394,6.88626236095789,15.4999744769077,14.0000730962128,14.4032944327484,12.1699898255404
208.5,7.75,7,7.74998706888721,7.00003664855399,6.75900446471419,6.88624614419746,15.4999741377744,14.000073297108,14.4031432959961,12.1701835423257
208.6,7.75,7,7.74998689947496,7.00003674885289,6.7590169147804,6.88622993847404,15.4999737989499,14.0000734977058,14.4029922310227,12.170377119067
208.7,7.75,7,7.74998673113377,7.00003684898513,6.75902918446719,6.8862137469461,15.4999734622675,14.0000736979703,14.4028412415406,12.1705705494298
208.8,7.75,7,7.74998656306015,7.00003694894133,6.7590415062803,6.88619756865679,15.4999731261203,14.0000738978827,14.4026903366342,12.1707638150512
208.9,7.75,7,7.74998639428481,7.000037048747,6.75905413408454,6.88618139979538,15.4999727885696,14.000074097494,14.4025395092467,12.1709569289062
209,7.75,7,7.74998622717813,7.00003714837485,6.75906642090731,6.88616524715156,15.4999724543563,14.0000742967497,14.4023887596053,12.171149892806
209.1,7.75,7,7.74998606162652,7.00003724782628,6.75907839746649,6.88614911039332,15.499972123253,14.0000744956526,14.4022380876888,12.1713427067772
209.2,7.75,7,7.74998589501095,7.00003734714035,6.75909077178607,6.88613298137862,15.4999717900219,14.0000746942807,14.4020874889659,12.17153537733
209.3,7.75,7,7.74998572836375,7.00003744628907,6.759103273532,6.88611686422521,15.4999714567275,14.0000748925781,14.4019369714389,12.1717278899276
209.4,7.75,7,7.74998556343211,7.0000375452544,6.75911542426949,6.88610076378838,15.4999711268642,14.0000750905088,14.4017865342719,12.1719202478866
209.5,7.75,7,7.74998539794398,7.00003764407056,6.75912783796004,6.88608467298052,15.499970795888,14.0000752881411,14.4016361733729,12.1721124571778
209.6,7.75,7,7.74998523328092,7.00003774271519,6.75914014204069,6.88606859622397,15.4999704665618,14.0000754854304,14.4014858920502,12.1723045127238
209.7,7.75,7,7.7499850691959,7.00003784119481,6.75915240107695,6.88605253254699,15.4999701383918,14.0000756823896,14.4013356885214,12.1724964178537
209.8,7.75,7,7.74998490502661,7.00003793951249,6.75916479881197,6.88603648038129,15.4999698100532,14.000075879025,14.4011855650037,12.172688167751
209.9,7.75,7,7.74998474186448,7.00003803766609,6.7591770298396,6.88602044210144,15.499969483729,14.0000760753322,14.4010355165006,12.1728797731872
210,7.75,7,7.74998457929322,7.00003813566044,6.75918920753772,6.88600441651326,15.4999691585864,14.0000762713209,14.4008855429957,12.1730712338942
210.1,7.75,7,7.74998441575372,7.00003823350157,6.75920176554346,6.88598840001208,15.4999688315074,14.0000764670031,14.4007356502639,12.173262537355
210.2,7.75,7,7.74998425357891,7.00003833116151,6.75921406786135,6.88597239936062,15.4999685071578,14.000076662323,14.4005858390817,12.1734536842958
210.3,7.75,7,7.74998409331496,7.00003842864279,6.7592259590314,6.88595641548702,15.4999681866299,14.0000768572856,14.400436105188,12.1736446835498
210.4,7.75,7,7.74998393196619,7.00003852598139,6.75923825520179,6.88594043970439,15.4999678639324,14.0000770519628,14.4002864476441,12.1738355342811
210.5,7.75,7,7.74998376945667,7.00003862317521,6.7592509789767,6.88592447201041,15.4999675389133,14.0000772463504,14.4001368679447,12.174026233619
210.6,7.75,7,7.74998361052672,7.00003872017522,6.75926283286364,6.88590852558309,15.4999672210534,14.0000774403504,14.3999873637801,12.1742167904355
210.7,7.75,7,7.74998345244243,7.00003881701249,6.75927456291257,6.88589259262102,15.4999669048849,14.000077634025,14.3998379351571,12.1744072023029
210.8,7.75,7,7.74998329103859,7.00003891371332,6.75928732052526,6.88587666275918,15.4999665820772,14.0000778274266,14.399688592471,12.1745974454676
210.9,7.75,7,7.74998313237135,7.00003901024091,6.75929943010658,6.88586075096712,15.4999662647427,14.0000780204818,14.3995393199958,12.1747875558565
211,7.75,7,7.749982974072,7.00003910659317,6.75931155818406,6.8858448525802,15.499965948144,14.0000782131863,14.3993901320744,12.1749775037673
211.1,7.75,7,7.74998281522426,7.00003920280571,6.75932393717253,6.88582896316547,15.4999656304485,14.0000784056114,14.3992410162872,12.1751673123606
211.2,7.75,7,7.74998265775187,7.00003929883639,6.75933605583727,6.88581308967815,15.4999653155037,14.0000785976728,14.3990919827192,12.1753569640753
211.3,7.75,7,7.74998250006234,7.00003939471867,6.75934833801221,6.88579722646364,15.4999650001247,14.0000787894373,14.3989430237849,12.1755464721337
211.4,7.75,7,7.74998234313529,7.00003949042698,6.75936052608724,6.88578137736247,15.4999646862706,14.000078980854,14.3987941466878,12.1757358236746
211.5,7.75,7,7.74998218687295,7.00003958598267,6.75937263260266,6.88576554063404,15.4999643737459,14.0000791719653,14.3986453414383,12.1759250378789
211.6,7.75,7,7.74998203014797,7.00003968138447,6.75938497477969,6.88574971407868,15.4999640602959,14.0000793627689,14.3984966150348,12.176114100365
211.7,7.75,7,7.74998187440397,7.00003977660873,6.75939716332856,6.88573390233988,15.4999637488079,14.0000795532175,14.398347971122,12.1763030055551
211.8,7.75,7,7.74998171989712,7.00003987166477,6.75940911974059,6.88571810526687,15.4999634397942,14.0000797433295,14.3981994036835,12.1764917653097
211.9,7.75,7,7.74998156461081,7.00003996657508,6.75942139456716,6.88570231713646,15.4999631292216,14.0000799331502,14.3980509129485,12.1766803774313
212,7.75,7,7.74998140887605,7.0000400613367,6.75943389672111,6.88568653883562,15.4999628177521,14.0000801226734,14.397902498556,12.1768688429962
212.1,7.75,7,7.74998125599809,7.00004015591155,6.7594457241639,6.88567077983364,15.4999625119962,14.0000803118231,14.3977541608242,12.1770571644974
212.2,7.75,7,7.74998110405571,7.00004025032153,6.75945740109078,6.88565503464555,15.4999622081114,14.0000805006431,14.3976058997498,12.1772453402695
212.3,7.75,7,7.7499809489064,7.00004034461684,6.75947005592306,6.88563929122481,15.4999618978128,14.0000806892337,14.3974577137755,12.1774333695878
212.4,7.75,7,7.74998079605897,7.00004043871493,6.75948219830581,6.88562356673407,15.4999615921179,14.0000808774299,14.3973096129149,12.1776212384442
212.5,7.75,7,7.74998064544634,7.00004053264253,6.75949382876312,6.88560785910484,15.4999612908927,14.0000810652851,14.3971615842777,12.17780897148
212.6,7.75,7,7.74998049244801,7.00004062643949,6.7595062168813,6.8855921560688,15.499960984896,14.000081252879,14.3970136341678,12.1779965525266
212.7,7.75,7,7.74998034083082,7.00004072006987,6.75951832965304,6.88557646787941,15.4999606816616,14.0000814401397,14.3968657592345,12.178183991495
212.8,7.75,7,7.74998018974168,7.00004081352709,6.75953041068127,6.88556079327897,15.4999603794834,14.0000816270542,14.3967179676179,12.1783712721837
212.9,7.75,7,7.7499800385724,7.00004090684389,6.75954260845019,6.88554512866691,15.4999600771448,14.0000818136878,14.3965702464813,12.1785584185737
213,7.75,7,7.74997988847937,7.00004099997975,6.75955462546962,6.88552947932163,15.4999597769587,14.0000819999595,14.3964226095185,12.1787454057337
213.1,7.75,7,7.74997973821603,7.00004109297241,6.75956678603909,6.88551383998416,15.4999594764321,14.0000821859448,14.3962750450055,12.178932254922
213.2,7.75,7,7.74997958851031,7.00004118580133,6.75957889946098,6.88549821361782,15.4999591770206,14.0000823716027,14.3961275590982,12.1791189551771
213.3,7.75,7,7.74997943980119,7.00004127845781,6.75959084820654,6.88548260174583,15.4999588796024,14.0000825569156,14.3959801537042,12.1793055033631
213.4,7.75,7,7.74997929063898,7.00004137096644,6.7596030223731,6.88546699964495,15.499958581278,14.0000827419329,14.3958328247917,12.1794919059039
213.5,7.75,7,7.74997914152488,7.00004146332567,6.75961528223501,6.88545140844699,15.4999582830498,14.0000829266513,14.3956855703324,12.1796781671863
213.6,7.75,7,7.74997899439396,7.00004155550915,6.75962710230079,6.88543583398939,15.4999579887879,14.0000831110183,14.3955383925561,12.1798642848259
213.7,7.75,7,7.74997884789605,7.00004164753229,6.7596388508888,6.88542027241507,15.4999576957921,14.0000832950646,14.3953912914534,12.1800502576896
213.8,7.75,7,7.74997869983535,7.00004173942343,6.75965112496007,6.88540471721588,15.4999573996707,14.0000834788469,14.3952442653584,12.1802360870095
213.9,7.75,7,7.74997855302124,7.00004183113776,6.75966316596628,6.8853891773396,15.4999571060425,14.0000836622755,14.3950973207764,12.1804217631134
214,7.75,7,7.74997840700981,7.00004192269304,6.75967508651126,6.88537365060099,15.4999568140196,14.0000838453861,14.3949504513746,12.180607297675
214.1,7.75,7,7.74997826051943,7.00004201409714,6.75968724065497,6.88535813382915,15.4999565210389,14.0000840281943,14.394803660543,12.1807926831895
214.2,7.75,7,7.74997811509568,7.00004210533798,6.7596992027246,6.8853426310378,15.4999562301914,14.000084210676,14.3946569455781,12.1809779262672
214.3,7.75,7,7.7499779697631,7.00004219641759,6.75971124473317,6.88532714009991,15.4999559395262,14.0000843928352,14.3945103110581,12.1811630174486
214.4,7.75,7,7.74997782463723,7.0000422873531,6.75972332290175,6.88531166001114,15.4999556492745,14.0000845747062,14.3943637477568,12.1813479743461
214.5,7.75,7,7.74997768060137,7.00004237811953,6.7597352057041,6.88529619437404,15.4999553612027,14.0000847562391,14.3942172632242,12.1815327835918
214.6,7.75,7,7.74997753648292,7.00004246872299,6.75974721772542,6.88528074036732,15.4999550729658,14.000084937446,14.394070861131,12.1817174372816
214.7,7.75,7,7.74997739195041,7.00004255918544,6.75975943742141,6.88526529572858,15.4999547839008,14.0000851183709,14.3939245323589,12.1819019523905
214.8,7.75,7,7.74997724914987,7.00004264947679,6.75977128254654,6.88524986699496,15.4999544982997,14.0000852989536,14.39377827983,12.1820863254485
214.9,7.75,7,7.74997710738613,7.00004273960503,6.75978294261613,6.88523445217683,15.4999542147723,14.0000854792101,14.3936321035279,12.1822705559315
215,7.75,7,7.74997696355487,7.00004282960941,6.75979526225448,6.8852190421302,15.4999539271097,14.0000856592188,14.3934860014675,12.182454644817
215.1,7.75,7,7.74997682022105,7.00004291945803,6.75980754294761,6.88520364437455,15.4999536404421,14.0000858389161,14.3933399750955,12.182638591803
215.2,7.75,7,7.74997668094435,7.00004300909402,6.75981882340652,6.88518827025616,15.4999533618887,14.000086018188,14.3931940327548,12.1828223845465
215.3,7.75,7,7.74997653991134,7.00004309860344,6.75983067743649,6.88517290174112,15.4999530798227,14.0000861972069,14.3930481643614,12.1830060367716
215.4,7.75,7,7.74997639736872,7.00004318798636,6.7598430356933,6.88515753932532,15.4999527947374,14.0000863759727,14.392902368496,12.1831895514417
215.5,7.75,7,7.74997625785338,7.00004327716802,6.75985467446264,6.8851421976365,15.4999525157068,14.000086554336,14.3927566569559,12.1833729106446
215.6,7.75,7,7.74997611726022,7.00004336622544,6.75986669467811,6.88512686276241,15.4999522345204,14.0000867324509,14.3926110144039,12.1835561394814
215.7,7.75,7,7.74997597725524,7.00004345511077,6.75987865987889,6.88511154155228,15.4999519545105,14.0000869102215,14.3924654555065,12.1837392120564
215.8,7.75,7,7.74997583795076,7.00004354384319,6.75989052617346,6.88509623284588,15.4999516759015,14.0000870876864,14.3923199699621,12.183922147863
215.9,7.75,7,7.7499756984957,7.00004363242229,6.75990253213496,6.88508093494666,15.4999513969914,14.0000872648446,14.3921745629058,12.184104936583
216,7.75,7,7.7499755599338,7.00004372085136,6.75991438306335,6.88506564973521,15.4999511198676,14.0000874417027,14.3920292267068,12.1842875935291
216.1,7.75,7,7.74997542161916,7.00004380910857,6.75992627358252,6.88505037748454,15.4999508432383,14.0000876182171,14.3918839761838,12.1844700904762
216.2,7.75,7,7.74997528311039,7.00004389722445,6.75993830784532,6.88503511508699,15.4999505662208,14.0000877944489,14.3917387984442,12.1846524512113
216.3,7.75,7,7.7499751457955,7.00004398517811,6.75995011004162,6.88501986687432,15.499950291591,14.0000879703562,14.3915936961244,12.1848346721502
216.4,7.75,7,7.74997500919388,7.00004407297513,6.75996181113177,6.88500463146873,15.4999500183878,14.0000881459503,14.3914486692059,12.1850167529648
216.5,7.75,7,7.74997487106401,7.00004416064017,6.75997402330686,6.88498940253365,15.499949742128,14.0000883212803,14.3913037181174,12.1851986908843
216.6,7.75,7,7.74997473371717,7.00004424814781,6.75998611497297,6.88497418660322,15.4999494674343,14.0000884962956,14.3911588424812,12.1853804888022
216.7,7.75,7,7.74997459971972,7.00004433546469,6.75999738807982,6.8849589913069,15.4999491994394,14.0000886709294,14.3910140444975,12.1855621450415
216.8,7.75,7,7.74997446477702,7.00004442263537,6.76000901738184,6.8849438046998,15.499948929554,14.0000888452707,14.3908693263351,12.185743651722
216.9,7.75,7,7.749974327206,7.00004450968572,6.76002145789234,6.88492862149041,15.499948654412,14.0000890193714,14.3907246845847,12.1859250137392
217,7.75,7,7.74997419321426,7.0000445965556,6.7600330085265,6.8849134586381,15.4999483864285,14.0000891931112,14.3905801140391,12.1861062465303
217.1,7.75,7,7.7499740595504,7.00004468326467,6.76004456739852,6.88489830812146,15.4999481191008,14.0000893665293,14.3904356235186,12.1862873307933
217.2,7.75,7,7.7499739240039,7.0000447698494,6.76005673067988,6.88488316281035,15.4999478480078,14.0000895396988,14.3902912072616,12.1864682752995
217.3,7.75,7,7.74997379047434,7.00004485625486,6.76006844032812,6.88486803460299,15.4999475809487,14.0000897125097,14.3901468707482,12.1866490735123
217.4,7.75,7,7.74997365658907,7.00004494252517,6.76008033321683,6.88485291548562,15.4999473131781,14.0000898850503,14.390002605251,12.1868297395466
217.5,7.75,7,7.74997352331054,7.00004502862631,6.76009216072959,6.88483780988143,15.4999470466211,14.0000900572526,14.3898584225973,12.1870102524088
217.6,7.75,7,7.74997339063694,7.00004511458329,6.76010390776484,6.88482271597182,15.4999467812739,14.0000902291666,14.3897143100663,12.1871906357764
217.7,7.75,7,7.74997325773862,7.00004520038137,6.76011581551946,6.88480763314602,15.4999465154772,14.0000904007627,14.3895702800403,12.1873708660106
217.8,7.75,7,7.74997312571399,7.00004528602595,6.76012757299844,6.88479256324127,15.499946251428,14.0000905720519,14.3894263234329,12.1875509610358
217.9,7.75,7,7.74997299429693,7.00004537152014,6.76013925262905,6.88477750549178,15.4999459885939,14.0000907430403,14.3892824402245,12.1877309207156
218,7.75,7,7.74997286193922,7.00004545687492,6.76015128092187,6.88476245596263,15.4999457238784,14.0000909137498,14.3891386338333,12.1879107373829
218.1,7.75,7,7.74997273039438,7.0000455420744,6.76016317660184,6.88474741936511,15.4999454607888,14.0000910841488,14.3889949022451,12.1880904164433
218.2,7.75,7,7.74997260113826,7.0000456270946,6.76017454105068,6.88473240043526,15.4999452022765,14.0000912541892,14.3888512492035,12.1882699524031
218.3,7.75,7,7.74997247137504,7.00004571197058,6.76018613524767,6.88471739095807,15.4999449427501,14.0000914239412,14.388707673044,12.1884493458642
218.4,7.75,7,7.74997234026839,7.00004579671357,6.7601981862669,6.88470238842292,15.4999446805368,14.0000915934271,14.388564172915,12.1886285977138
218.5,7.75,7,7.74997221098945,7.00004588129151,6.7602098259298,6.88468740159069,15.4999444219789,14.000091762583,14.3884207468423,12.1888077145707
218.6,7.75,7,7.74997208162918,7.00004596571943,6.76022157922301,6.88467242549997,15.4999441632584,14.0000919314389,14.3882773982706,12.1889866884083
218.7,7.75,7,7.74997195238776,7.00004605000049,6.76023338804638,6.88465746032782,15.4999439047755,14.000092100001,14.3881341244496,12.189165524561
218.8,7.75,7,7.74997182404936,7.00004613412204,6.76024504045364,6.88464250858477,15.4999436480987,14.0000922682441,14.3879909273442,12.1893442201979
218.9,7.75,7,7.74997169539621,7.00004621810524,6.76025686428877,6.88462756626571,15.4999433907924,14.0000924362105,14.3878478032261,12.189522781149
219,7.75,7,7.74997156746691,7.00004630191963,6.76026858709992,6.88461263769167,15.4999431349338,14.0000926038393,14.387704761737,12.1897011906955
219.1,7.75,7,7.74997144032754,7.00004638558345,6.76028017928212,6.8845977216719,15.4999428806551,14.0000927711669,14.3875617931511,12.189879466873
219.2,7.75,7,7.74997131251322,7.00004646910863,6.76029204336836,6.88458281437052,15.4999426250264,14.0000929382173,14.3874188999204,12.1900576039055
219.3,7.75,7,7.74997118502732,7.00004655248727,6.76030390323282,6.88456791839771,15.4999423700546,14.0000931049745,14.3872760802922,12.1902356060044
219.4,7.75,7,7.7499710595758,7.00004663569711,6.76031529477523,6.88455303883045,15.4999421191516,14.0000932713942,14.3871333357912,12.1904134719994
219.5,7.75,7,7.74997093428998,7.00004671875946,6.76032672788404,6.88453817033389,15.49994186858,14.0000934375189,14.3869906664123,12.1905912002662
219.6,7.75,7,7.74997080624071,7.00004680169603,6.76033900883577,6.88452330539364,15.4999416124814,14.0000936033921,14.3868480781469,12.1907687772165
219.7,7.75,7,7.74997068099988,7.00004688445495,6.76035060973447,6.8845084590766,15.4999413619998,14.0000937689099,14.3867055651727,12.1909462187022
219.8,7.75,7,7.7499705580143,7.00004696704622,6.76036167921738,6.88449362953462,15.4999411160286,14.0000939340924,14.3865631256006,12.1911235277524
219.9,7.75,7,7.74997043210249,7.00004704953625,6.76037362706082,6.88447880143666,15.499940864205,14.0000940990725,14.3864207555373,12.1913007068266
220,7.75,7,7.74997030728138,7.00004713184851,6.76038537488479,6.88446398849523,15.4999406145628,14.000094263697,14.3862784710304,12.1914777302957
220.1,7.75,7,7.74997018412096,7.00004721401064,6.76039674680306,6.8844491898528,15.4999403682419,14.0000944280213,14.38613625447,12.1916546309827
220.2,7.75,7,7.74997005950293,7.00004729603043,6.76040861013386,6.88443439862709,15.4999401190059,14.0000945920609,14.3859941201846,12.1918313799061
220.3,7.75,7,7.74996993611636,7.00004737789924,6.76042021781102,6.88441962089582,15.4999398722327,14.0000947557985,14.3858520568858,12.192008000236
220.4,7.75,7,7.74996981288408,7.00004745961321,6.76043187316662,6.88440485475974,15.4999396257682,14.0000949192264,14.3857100729472,12.1921844757622
220.5,7.75,7,7.74996968981076,7.00004754119131,6.76044356362947,6.88439009884785,15.4999393796215,14.0000950823826,14.3855681585483,12.192360824494
220.6,7.75,7,7.74996956766709,7.00004762259874,6.76045509390654,6.88437535725758,15.4999391353342,14.0000952451975,14.3854263272399,12.1925370224818
220.7,7.75,7,7.7499694452197,7.00004770386874,6.76046678927685,6.88436062507147,15.4999388904394,14.0000954077375,14.3852845690879,12.1927130867993
220.8,7.75,7,7.74996932302893,7.00004778499746,6.76047849517947,6.88434590370529,15.4999386460579,14.0000955699949,14.3851428828201,12.1928890203447
220.9,7.75,7,7.74996920219122,7.00004786596788,6.76048991484453,6.88433119662146,15.4999384043824,14.0000957319358,14.3850012708522,12.1930648197862
221,7.75,7,7.74996908142593,7.00004794678742,6.76050140183153,6.88431650068779,15.4999381628519,14.0000958935748,14.3848597369269,12.1932404772141
221.1,7.75,7,7.7499689588898,7.0000480274768,6.76051345925232,6.88430181066305,15.4999379177796,14.0000960549536,14.3847182811925,12.1934159907536
221.2,7.75,7,7.74996883859709,7.00004810799767,6.76052498698984,6.88428713747189,15.4999376771942,14.0000962159953,14.3845768999345,12.1935913709085
221.3,7.75,7,7.74996872046047,7.00004818835116,6.76053600866701,6.88427248085784,15.4999374409209,14.0000963767023,14.3844355931292,12.193766617713
221.4,7.75,7,7.74996859998602,7.00004826859356,6.76054774781097,6.88425782761758,15.499937199972,14.0000965371871,14.3842943580506,12.1939417320793
221.5,7.75,7,7.74996847887072,7.0000483487027,6.76055974274124,6.88424318280605,15.4999369577414,14.0000966974054,14.3841531962603,12.194116712789
221.6,7.75,7,7.74996836170085,7.00004842860618,6.7605707530519,6.88422856099085,15.4999367234017,14.0000968572124,14.3840121184159,12.1942915447723
221.7,7.75,7,7.74996824267796,7.00004850839945,6.76058234441166,6.88421394347134,15.4999364853559,14.0000970167989,14.3838711090895,12.1944662507917
221.8,7.75,7,7.74996812358123,7.0000485880425,6.7605940423483,6.88419933676978,15.4999362471625,14.000097176085,14.3837301786644,12.1946408137174
221.9,7.75,7,7.74996800580931,7.00004866753531,6.76060545587665,6.88418474372028,15.4999360116186,14.0000973350706,14.3835893189039,12.1948152498255
222,7.75,7,7.74996788742166,7.00004874687865,6.76061712668485,6.88417016034138,15.4999357748433,14.0000974937573,14.3834485409595,12.1949895372189
222.1,7.75,7,7.74996776995438,7.00004882608058,6.76062862078818,6.88415558915416,15.4999355399088,14.0000976521612,14.3833078315395,12.1951637014381
222.2,7.75,7,7.74996765266984,7.00004890512165,6.76064015521588,6.88414103008853,15.4999353053397,14.0000978102433,14.3831672052453,12.1953377154632
222.3,7.75,7,7.74996753543184,7.0000489840308,6.76065175144753,6.88412648075663,15.4999350708637,14.0000979680616,14.3830266477778,12.1955116051027
222.4,7.75,7,7.749967419146,7.00004906279115,6.76066316588807,6.88411194422421,15.499934838292,14.0000981255823,14.3828861626232,12.1956853649441
222.5,7.75,7,7.74996730296316,7.00004914139441,6.76067464032358,6.88409741938168,15.4999346059263,14.0000982827888,14.3827457592278,12.195858977225
222.6,7.75,7,7.74996718597368,7.00004921986656,6.76068641407169,6.88408290249256,15.4999343719474,14.0000984397331,14.3826054294289,12.1960324559286
222.7,7.75,7,7.74996707054147,7.00004929817919,6.76069784259667,6.88406840041559,15.4999341410829,14.0000985963584,14.382465174091,12.1962058017265
222.8,7.75,7,7.74996695651051,7.00004937633419,6.76070896827248,6.88405391269853,15.499933913021,14.0000987526684,14.3823249931909,12.1963790145886
222.9,7.75,7,7.74996684127084,7.00004945436974,6.7607204986311,6.88403943127346,15.4999336825417,14.0000989087395,14.3821848822746,12.1965521002204
223,7.75,7,7.74996672591926,7.00004953225781,6.76073214286649,6.88402496040955,15.4999334518385,14.0000990645156,14.382044849571,12.1967250448701
223.1,7.75,7,7.74996661212715,7.000049609983,6.76074344258109,6.88401050461469,15.4999332242543,14.000099219966,14.381904893247,12.1968978534428
223.2,7.75,7,7.74996649764621,7.0000496875762,6.7607550083659,6.88399605708529,15.4999329952924,14.0000993751524,14.3817650105221,12.1970705289609
223.3,7.75,7,7.74996638387629,7.00004976501774,6.76076646006318,6.88398162209121,15.4999327677526,14.0000995300355,14.3816252034191,12.1972430691338
223.4,7.75,7,7.74996627054497,7.00004984231178,6.76077787130302,6.88396719878041,15.4999325410899,14.0000996846236,14.3814854714293,12.1974154747025
223.5,7.75,7,7.7499661570095,7.00004991946382,6.76078941838811,6.88395278545152,15.499932314019,14.0000998389276,14.3813458155318,12.1975877433902
223.6,7.75,7,7.74996604436617,7.00004999646962,6.76080079737997,6.88393838463349,15.4999320887323,14.0000999929392,14.3812062314481,12.1977598839531
223.7,7.75,7,7.74996593218351,7.00005007333417,6.76081212587715,6.88392399508939,15.499931864367,14.0001001466683,14.3810667191595,12.1979318960934
223.8,7.75,7,7.74996581889595,7.0000501500633,6.76082383771055,6.88390961323088,15.4999316377919,14.0001003001266,14.3809272850196,12.198103767052
223.9,7.75,7,7.74996570687124,7.00005022663178,6.76083528547336,6.88389524569212,15.4999314137425,14.0001004532636,14.3807879282007,12.1982755005564
224,7.75,7,7.74996559661033,7.00005030304034,6.76084632875252,6.88388089343406,15.4999311932207,14.0001006060807,14.3806486453579,12.1984471031324
224.1,7.75,7,7.74996548510571,7.00005037932496,6.76085778737037,6.88386654774511,15.4999309702114,14.0001007586499,14.3805094355554,12.1986185737728
224.2,7.75,7,7.74996537236958,7.00005045548287,6.76086965930437,6.8838522088536,15.4999307447392,14.0001009109657,14.3803703002195,12.1987899100034
224.3,7.75,7,7.74996526312498,7.00005053146468,6.76088065285519,6.88383788992497,15.49993052625,14.0001010629294,14.3802312371697,12.1989611201123
224.4,7.75,7,7.74996515455478,7.00005060730241,6.76089153687033,6.88382358292107,15.4999303091096,14.0001012146048,14.380092246411,12.1991322015783
224.5,7.75,7,7.74996504249923,7.00005068302364,6.76090345742323,6.88380927741885,15.4999300849985,14.0001013660473,14.3799533383971,12.1993031319877
224.6,7.75,7,7.74996493313202,7.00005075858895,6.76091471242398,6.88379498878209,15.499929866264,14.0001015171779,14.3798144969209,12.199473946012
224.7,7.75,7,7.74996482394897,7.00005083399871,6.76092600056814,6.8837807119266,15.4999296478979,14.0001016679974,14.3796757369039,12.1996446147855
224.8,7.75,7,7.74996471414309,7.00005090928571,6.76093752917197,6.88376644281902,15.4999294282862,14.0001018185714,14.379537045842,12.1998151599575
224.9,7.75,7,7.74996460556778,7.00005098441173,6.76094880149573,6.88375218800846,15.4999292111356,14.0001019688235,14.3793984329073,12.1999855669282
225,7.75,7,7.74996449665447,7.00005105940605,6.76096023936732,6.88373794218041,15.4999289933089,14.0001021188121,14.3792598920413,12.2001558451371
225.1,7.75,7,7.74996438838613,7.00005113424699,6.76097158001569,6.88372370891297,15.4999287767723,14.000102268494,14.3791214288853,12.2003259854992
225.2,7.75,7,7.74996428066391,7.00005120895263,6.76098284115168,6.88370948668155,15.4999285613278,14.0001024179053,14.3789830344585,12.2004960039859
225.3,7.75,7,7.7499641723527,7.0000512835218,6.76099434006648,6.88369527328049,15.4999283447054,14.0001025670436,14.378844716273,12.2006658862515
225.4,7.75,7,7.74996406491122,7.00005135793434,6.76100568035626,6.88368107313793,15.4999281298224,14.0001027158687,14.3787064763013,12.2008356301964
225.5,7.75,7,7.74996395857474,7.00005143219718,6.76101679252177,6.88366688622215,15.4999279171495,14.0001028643944,14.3785683094739,12.2010052451229
225.6,7.75,7,7.74996385131222,7.00005150633302,6.76102823103729,6.88365270676716,15.4999277026244,14.000103012666,14.3784302160141,12.2011747288419
225.7,7.75,7,7.74996374352448,7.00005158033804,6.76103988597467,6.8836385358642,15.499927487049,14.0001031606761,14.3782921955727,12.2013440824064
225.8,7.75,7,7.74996363850269,7.00005165417443,6.7610508590549,6.88362438293686,15.4999272770054,14.0001033083489,14.3781542484423,12.2015133083726
225.9,7.75,7,7.74996353425432,7.00005172786487,6.76106169401556,6.88361024229749,15.4999270685086,14.0001034557297,14.3780163746182,12.2016824049926
226,7.75,7,7.74996342665713,7.00005180145795,6.76107351503932,6.88359610205779,15.4999268533143,14.0001036029159,14.377878573177,12.2018513701986
226.1,7.75,7,7.7499633213022,7.00005187487479,6.76108480395889,6.88358197930135,15.4999266426044,14.0001037497496,14.3777408524188,12.2020201944631
226.2,7.75,7,7.74996321803122,7.000051948139,6.76109559229678,6.88356787197491,15.4999264360624,14.000103896278,14.3776032007163,12.2021888983137
226.3,7.75,7,7.74996311222953,7.00005202129087,6.76110714600633,6.88355376780631,15.4999262244591,14.0001040425817,14.3774656245759,12.2023574660713
226.4,7.75,7,7.74996300773782,7.00005209429485,6.76111841230153,6.88353967715974,15.4999260154756,14.0001041885897,14.3773281197252,12.2025259088749
226.5,7.75,7,7.74996290362117,7.00005216714504,6.76112965496951,6.88352559858684,15.4999258072423,14.0001043342901,14.3771906950727,12.2026942101831
226.6,7.75,7,7.74996279934081,7.00005223987144,6.76114100837802,6.88351152879424,15.4999255986816,14.0001044797429,14.3770533378415,12.2028623921613
226.7,7.75,7,7.74996269599803,7.00005231243838,6.76115218395273,6.88349747263068,15.4999253919961,14.0001046248768,14.3769160605124,12.2030304338259
226.8,7.75,7,7.7499625923669,7.00005238487955,6.76116350583303,6.88348342514474,15.4999251847338,14.0001047697591,14.3767788525018,12.203198352819
226.9,7.75,7,7.74996248919824,7.00005245717429,6.7611747753019,6.88346938937462,15.4999249783965,14.0001049143486,14.3766417203818,12.2033661382898
227,7.75,7,7.74996238689115,7.00005252931746,6.76118588360298,6.8834553665053,15.4999247737823,14.0001050586349,14.3765046645235,12.2035337900189
227.1,7.75,7,7.74996228399847,7.00005260133136,6.7611972225761,6.88344135197824,15.4999245679969,14.0001052026627,14.3763676818093,12.2037013122503
227.2,7.75,7,7.74996218106927,7.00005267321344,6.7612086403041,6.88342734709002,15.4999243621385,14.0001053464269,14.3762307702973,12.2038687089723
227.3,7.75,7,7.74996208002661,7.00005274493809,6.76121961368993,6.88341335760643,15.4999241600532,14.0001054898762,14.3760939320668,12.204035978343
227.4,7.75,7,7.74996197947361,7.00005281652127,6.7612305238727,6.88339937953789,15.4999239589472,14.0001056330425,14.3759571671064,12.2042031191696
227.5,7.75,7,7.74996187723203,7.00005288798987,6.76124196420362,6.88338540651172,15.4999237544641,14.0001057759797,14.3758204742747,12.2043701315329
227.6,7.75,7,7.74996177614952,7.00005295930226,6.7612531620485,6.88337144734088,15.499923552299,14.0001059186045,14.3756838586553,12.204537009161
227.7,7.75,7,7.74996167573104,7.00005303047304,6.76126424775851,6.8833574999513,15.4999233514621,14.0001060609461,14.3755473154323,12.2047037601404
227.8,7.75,7,7.74996157473296,7.00005310151251,6.76127556267154,6.88334356108011,15.4999231494659,14.000106203025,14.3754108467147,12.2048703796905
227.9,7.75,7,7.74996147469595,7.00005317240596,6.76128668466145,6.88332963491825,15.4999229493919,14.0001063448119,14.375274451042,12.2050368718544
228,7.75,7,7.74996137461429,7.00005324315878,6.76129789123597,6.88331571904427,15.4999227492286,14.0001064863176,14.3751381317194,12.2052032299758
228.1,7.75,7,7.74996127464729,7.00005331378449,6.7613091309312,6.88330181278294,15.4999225492946,14.000106627569,14.3750018804922,12.2053694687483
228.2,7.75,7,7.74996117566187,7.00005338425886,6.76132017435122,6.88328791967098,15.4999223513237,14.0001067685177,14.3748657051923,12.2055355752916
228.3,7.75,7,7.7499610764466,7.0000534545917,6.76133135405929,6.88327403654623,15.4999221528932,14.0001069091834,14.3747296080018,12.2057015447455
228.4,7.75,7,7.74996097673491,7.00005352480094,6.76134273510285,6.88326016155047,15.4999219534698,14.0001070496019,14.3745935808905,12.2058673910019
228.5,7.75,7,7.74996087866062,7.00005359485736,6.76135373743003,6.88324630113955,15.4999217573212,14.0001071897147,14.3744576266002,12.2060331112722
228.6,7.75,7,7.74996078148622,7.00005366476946,6.76136456218491,6.88323245320378,15.4999215629724,14.0001073295389,14.3743217451127,12.2061987049767
228.7,7.75,7,7.74996068209686,7.00005373457622,6.76137605769062,6.88321860859241,15.4999213641937,14.0001074691524,14.3741859344959,12.2063641727067
228.8,7.75,7,7.74996058315488,7.00005380424495,6.76138749833084,6.88320477508259,15.4999211663098,14.0001076084899,14.374050196126,12.2065295145519
228.9,7.75,7,7.749960488173,7.0000538737199,6.761397933124,6.88319096387188,15.499920976346,14.0001077474398,14.3739145387026,12.2066947185961
229,7.75,7,7.74996039124205,7.0000539430886,6.76140896466364,6.88317715659326,15.4999207824841,14.0001078861772,14.3737789511246,12.2068597988916
229.1,7.75,7,7.74996029275505,7.00005401234787,6.76142048492022,6.88316335427504,15.4999205855101,14.0001080246957,14.3736434327348,12.2070247570014
229.2,7.75,7,7.74996019719159,7.00005408142512,6.76143128188533,6.8831495713053,15.4999203943832,14.0001081628502,14.3735079954278,12.2071895763377
229.3,7.75,7,7.74996010040827,7.00005415039548,6.76144247238263,6.88313579378878,15.4999202008165,14.000108300791,14.3733726239299,12.2073542798127
229.4,7.75,7,7.74996000411811,7.00005421921481,6.76145360105747,6.8831220284412,15.4999200082362,14.0001084384296,14.3732373317514,12.2075188455044
229.5,7.75,7,7.7499599084084,7.00005428789819,6.76146463592237,6.88310827432464,15.4999198168168,14.0001085757964,14.3731021101741,12.2076832887525
229.6,7.75,7,7.74995981244618,7.00005435644809,6.76147580771991,6.883094529581,15.4999196248924,14.0001087128962,14.3729669630415,12.207847602162
229.7,7.75,7,7.74995971728141,7.00005442486514,6.76148682348349,6.88308079627908,15.4999194345628,14.0001088497303,14.3728318835498,12.2080117985962
229.8,7.75,7,7.74995962222619,7.00005449313011,6.76149788431614,6.88306707446128,15.4999192444524,14.0001089862602,14.3726968865216,12.2081758517076
229.9,7.75,7,7.74995952688847,7.00005456127229,6.76150908477399,6.88305336117133,15.4999190537769,14.0001091225446,14.3725619584169,12.2083397847498
230,7.75,7,7.74995943264804,7.00005462927049,6.76152005084554,6.88303966075585,15.4999188652961,14.000109258541,14.3724271022983,12.2085035937203
230.1,7.75,7,7.7499593389996,7.00005469713057,6.76153092029713,6.8830259717673,15.4999186779992,14.0001093942611,14.3722923181456,12.2086672782529
230.2,7.75,7,7.74995924368633,7.00005476487746,6.76154230940681,6.88301228782112,15.4999184873727,14.0001095297549,14.3721576063723,12.2088308356255
230.3,7.75,7,7.74995914909596,7.0000548324848,6.76155356590848,6.88299861567449,15.4999182981919,14.0001096649696,14.3720229666132,12.2089942687182
230.4,7.75,7,7.74995905776637,7.00005489991869,6.76156399941746,6.88298496294687,15.4999181155327,14.0001097998374,14.3718884017143,12.2091575749817
230.5,7.75,7,7.74995896530062,7.00005496722821,6.76157481046981,6.88297131715943,15.4999179306012,14.0001099344564,14.3717539121649,12.2093207496113
230.6,7.75,7,7.74995887016078,7.00005503443545,6.76158641648493,6.88295767358408,15.4999177403216,14.0001100688709,14.3716194954651,12.2094837955977
230.7,7.75,7,7.74995877852986,7.00005510147926,6.7615971251411,6.88294404918959,15.4999175570597,14.0001102029585,14.3714851467058,12.209646727158
230.8,7.75,7,7.74995868703344,7.00005516838166,6.76160786541346,6.88293043556146,15.4999173740669,14.0001103367633,14.371350874878,12.2098095257027
230.9,7.75,7,7.74995859359924,7.0000552351785,6.76161919684551,6.8829168258743,15.4999171871985,14.000110470357,14.3712166732295,12.2099722010804
231,7.75,7,7.74995850208293,7.00005530181446,6.76163007246289,6.88290323198782,15.4999170041659,14.0001106036289,14.3710825481849,12.2101347457753
231.1,7.75,7,7.74995841008832,7.00005536833278,6.7616411384387,6.88288964587642,15.4999168201766,14.0001107366656,14.3709484909356,12.2102971728798
231.2,7.75,7,7.74995831860061,7.00005543470297,6.76165213510799,6.88287607178785,15.4999166372012,14.0001108694059,14.3708145121772,12.210459464881
231.3,7.75,7,7.74995822760934,7.00005550094513,6.76166305552686,6.88286250820905,15.4999164552187,14.0001110018903,14.3706806009294,12.2106216407932
231.4,7.75,7,7.74995813628976,7.00005556704931,6.76167413406096,6.88284895422523,15.4999162725795,14.0001111340986,14.3705467678929,12.2107836814548
231.5,7.75,7,7.74995804574952,7.00005563301785,6.76168506104002,6.88283541189015,15.499916091499,14.0001112660357,14.370413004886,12.2109456020587
231.6,7.75,7,7.74995795570804,7.00005569885403,6.76169591289818,6.88282188039737,15.4999159114161,14.0001113977081,14.3702793118874,12.2111074024408
231.7,7.75,7,7.74995786460214,7.00005576456969,6.7617071190801,6.88280835572945,15.4999157292043,14.0001115291394,14.370145692202,12.2112690755344
231.8,7.75,7,7.74995777423707,7.00005583014791,6.76171818497772,6.8827948427727,15.4999155484741,14.0001116602958,14.3700121439043,12.2114306263696
231.9,7.75,7,7.74995768606802,7.0000558955645,6.76172871693241,6.8827813462511,15.499915372136,14.000111791129,14.3698786712894,12.2115920489473
232,7.75,7,7.74995759724039,7.00005596085779,6.76173949121384,6.88276785758235,15.4999151944808,14.0001119217156,14.3697452711079,12.2117533463109
232.1,7.75,7,7.74995750699849,7.00005602603652,6.76175071392441,6.88275437460206,15.499915013997,14.000112052073,14.36961194332,12.2119145178987
232.2,7.75,7,7.74995741849526,7.00005609106719,6.76176152319418,6.8827409061353,15.4999148369905,14.0001121821344,14.3694786867042,12.212075568757
232.3,7.75,7,7.74995732977628,7.00005615596813,6.76177245425443,6.88272744689556,15.4999146595526,14.0001123119363,14.3693455034311,12.212236493426
232.4,7.75,7,7.74995724110277,7.0000562207392,6.76178343435267,6.88271399742089,15.4999144822055,14.0001124414784,14.3692123919866,12.2123972948086
232.5,7.75,7,7.74995715321736,7.00005628537068,6.76179426127258,6.88270055992768,15.4999143064347,14.0001125707414,14.369079353129,12.2125579723412
232.6,7.75,7,7.74995706491657,7.00005634988038,6.76180526146384,6.88268713067577,15.4999141298331,14.0001126997608,14.3689463845915,12.212718528872
232.7,7.75,7,7.74995697724166,7.00005641424247,6.76181615719804,6.8826737136817,15.4999139544833,14.0001128284849,14.3688134942126,12.2128789519763
232.8,7.75,7,7.74995689025138,7.00005647847194,6.76182692494214,6.88266030794905,15.4999137805028,14.0001129569439,14.3686806733326,12.2130392566147
232.9,7.75,7,7.74995680246824,7.00005654258134,6.76183796988921,6.88264690957907,15.4999136049365,14.0001130851627,14.3685479243315,12.2131994374148
233,7.75,7,7.74995671494335,7.00005660656185,6.76184900356126,6.882633521342,15.4999134298867,14.0001132131237,14.3684152455344,12.2133594982644
233.1,7.75,7,7.74995662937107,7.00005667039177,6.76185956448979,6.88262014825511,15.4999132587421,14.0001133407835,14.3682826383466,12.213519438366
233.2,7.75,7,7.7499565438365,7.00005673409292,6.76187017524895,6.88260678485234,15.499913087673,14.0001134681858,14.3681501027616,12.2136792560371
233.3,7.75,7,7.74995645541188,7.00005679768722,6.76188164023292,6.88259342363071,15.4999129108238,14.0001135953744,14.3680176451472,12.2138389377754
233.4,7.75,7,7.74995636976375,7.00005686112288,6.76189240664798,6.88258007982014,15.4999127395275,14.0001137222458,14.3678852585599,12.2139985006999
233.5,7.75,7,7.74995628622772,7.00005692440943,6.76190265482798,6.8825667513788,15.4999125724554,14.0001138488189,14.367752941926,12.2141579460929
233.6,7.75,7,7.74995619962907,7.00005698761238,6.76191379409231,6.8825534230421,15.4999123992581,14.0001139752248,14.3676206914842,12.2143172756902
233.7,7.75,7,7.74995611410336,7.00005705065665,6.76192470851507,6.8825401087113,15.4999122282067,14.0001141013133,14.3674885230365,12.2144764663744
233.8,7.75,7,7.74995603010662,7.00005711356893,6.76193525871074,6.88252680730842,15.4999120602132,14.0001142271379,14.3673564187887,12.2146355489771
233.9,7.75,7,7.74995594452914,7.00005717635834,6.76194630557845,6.88251351192157,15.4999118890583,14.0001143527167,14.3672243934398,12.2147944956499
234,7.75,7,7.74995586011926,7.00005723901392,6.76195708942377,6.88250022888105,15.4999117202385,14.0001144780278,14.3670924357076,12.2149533281974
234.1,7.75,7,7.74995577574141,7.00005730153521,6.76196792629182,6.88248695594692,15.4999115514828,14.0001146030704,14.3669605531106,12.2151120328308
234.2,7.75,7,7.74995569145333,7.00005736393631,6.76197879352153,6.88247369218328,15.4999113829067,14.0001147278726,14.366828737417,12.2152706236757
234.3,7.75,7,7.7499556079769,7.00005742618836,6.76198950345957,6.88246044119741,15.4999112159538,14.0001148523767,14.3666970002763,12.2154290816296
234.4,7.75,7,7.74995552409147,7.00005748832096,6.76200038197517,6.88244719833263,15.4999110481829,14.0001149766419,14.3665653328932,12.2155874205986
234.5,7.75,7,7.74995544038756,7.00005755032962,6.76201126675801,6.88243396510819,15.4999108807751,14.0001151006592,14.3664337340526,12.2157456432424
234.6,7.75,7,7.74995535795195,7.00005761219812,6.76202186282926,6.88242074491783,15.4999107159039,14.0001152243962,14.3663022059881,12.215903746814
234.7,7.75,7,7.74995527544581,7.0000576739341,6.7620325390085,6.88240753451179,15.4999105508916,14.0001153478682,14.3661707530039,12.2160617228392
234.8,7.75,7,7.74995519110874,7.00005773555996,6.7620437746174,6.88239432868819,15.4999103822175,14.0001154711199,14.3660393737687,12.2162195720306
234.9,7.75,7,7.7499551089459,7.00005779703536,6.76205447392989,6.88238113849261,15.4999102178918,14.0001155940707,14.3659080654677,12.2163773028907
235,7.75,7,7.74995502880406,7.00005785836213,6.76206467861733,6.88236796348137,15.4999100576081,14.0001157167243,14.3657768280764,12.2165349153775
235.1,7.75,7,7.74995494618724,7.00005791959609,6.76207561371571,6.88235479047443,15.4999098923745,14.0001158391922,14.3656456589333,12.2166924099397
235.2,7.75,7,7.74995486290663,7.00005798071408,6.76208678590668,6.88234162483544,15.4999097258133,14.0001159614282,14.3655145595524,12.2168497857226
235.3,7.75,7,7.74995478348445,7.00005804164587,6.76209696915919,6.88232848088294,15.4999095669689,14.0001160832917,14.3653835406659,12.2170070287584
235.4,7.75,7,7.74995470204849,7.00005810248627,6.76210775363908,6.88231533975773,15.499909404097,14.0001162049725,14.3652525863923,12.2171641606117
235.5,7.75,7,7.74995462050451,7.00005816319431,6.76211862773231,6.88230220834908,15.499909241009,14.0001163263886,14.3651217077182,12.217321164496
235.6,7.75,7,7.7499545401599,7.00005822376989,6.76212922783054,6.88228908928209,15.4999090803198,14.0001164475398,14.3649908963439,12.2174780556996
235.7,7.75,7,7.74995445911088,7.00005828421687,6.76214008148573,6.88227597846152,15.4999089182218,14.0001165684337,14.3648601623674,12.2176348154715
235.8,7.75,7,7.74995437890228,7.00005834453828,6.76215075768123,6.88226287875192,15.4999087578046,14.0001166890766,14.3647294941795,12.2177914648974
235.9,7.75,7,7.74995429875706,7.00005840472034,6.76216147854553,6.88224978963783,15.4999085975141,14.0001168094407,14.3645989046497,12.2179479815928
236,7.75,7,7.74995421858457,7.00005846478717,6.76217225840226,6.88223670912688,15.4999084371691,14.0001169295743,14.3644683807082,12.2181043875933
236.1,7.75,7,7.74995413928082,7.00005852472295,6.76218285510305,6.88222364020211,15.4999082785616,14.0001170494459,14.3643379256072,12.2182606782808
236.2,7.75,7,7.74995405995304,7.00005858452081,6.76219351981655,6.88221058159776,15.4999081199061,14.0001171690416,14.3642075490563,12.2184168365285
236.3,7.75,7,7.74995397975245,7.0000586442065,6.76220447697006,6.8821975296832,15.4999079595049,14.000117288413,14.3640772419354,12.2185728769923
236.4,7.75,7,7.74995390103403,7.00005870375085,6.76221508470374,6.88218449136309,15.4999078020681,14.0001174075017,14.3639470056905,12.2187287994472
236.5,7.75,7,7.74995382359862,7.00005876315622,6.7622253972427,6.88217146606267,15.4999076471972,14.0001175263124,14.363816840297,12.2188846038084
236.6,7.75,7,7.74995374484413,7.00005882245984,6.76223612140718,6.8821584457829,15.4999074896883,14.0001176449197,14.3636867414066,12.219040295062
236.7,7.75,7,7.74995366593512,7.0000588816339,6.7622469456471,6.88214543494798,15.4999073318702,14.0001177632678,14.363556717396,12.2191958602398
236.8,7.75,7,7.74995358846745,7.00005894066515,6.76225743208501,6.88213243774443,15.4999071769349,14.0001178813303,14.3634267655273,12.2193513054666
236.9,7.75,7,7.74995351021263,7.00005899958169,6.76226818770996,6.88211944760815,15.4999070204253,14.0001179991634,14.3632968842501,12.2195066313667
237,7.75,7,7.74995343259312,7.000059058366,6.76227882473773,6.88210646870152,15.4999068651862,14.000118116732,14.3631670743881,12.2196618379128
237.1,7.75,7,7.74995335530681,7.00005911702044,6.76228942601149,6.88209350024746,15.4999067106136,14.0001182340409,14.3630373366105,12.2198169237649
237.2,7.75,7,7.74995327773487,7.00005917555239,6.76230016020096,6.88208054045539,15.4999065554697,14.0001183511048,14.3629076707494,12.2199718886943
237.3,7.75,7,7.74995320097443,7.00005923395574,6.76231072495347,6.88206759197887,15.4999064019489,14.0001184679115,14.3627780732199,12.2201267397738
237.4,7.75,7,7.74995312457861,7.00005929223567,6.76232124212844,6.88205465353761,15.4999062491572,14.0001185844713,14.3626485440022,12.2202814766779
237.5,7.75,7,7.74995304697641,7.00005935039815,6.76233214563464,6.88204172154785,15.4999060939528,14.0001187007963,14.3625190899358,12.2204360865632
237.6,7.75,7,7.74995297057449,7.00005940841997,6.76234277662918,6.88202880256748,15.499905941149,14.0001188168399,14.3623897087229,12.2205905755454
237.7,7.75,7,7.7499528958236,7.00005946630041,6.76235301005841,6.88201589755296,15.4999057916472,14.0001189326008,14.3622603978874,12.2207449482398
237.8,7.75,7,7.74995281970469,7.00005952407541,6.76236366924269,6.88200299776847,15.4999056394094,14.0001190481508,14.3621311565043,12.2208992034834
237.9,7.75,7,7.74995274232025,7.00005958174153,6.76237472709809,6.88199010368095,15.4999054846405,14.0001191634831,14.3620019859265,12.2210533391607
238,7.75,7,7.74995266837311,7.00005963924905,6.76238489819929,6.88197722843157,15.4999053367462,14.0001192784981,14.3618728841088,12.221207363051
238.1,7.75,7,7.74995259492959,7.00005969663054,6.76239498359179,6.88196436370781,15.4999051898592,14.0001193932611,14.3617438514926,12.2213612717821
238.2,7.75,7,7.74995251793815,7.00005975391623,6.76240609592851,6.881951499148,15.4999050358763,14.0001195078325,14.3616148971981,12.2215150464706
238.3,7.75,7,7.74995244358769,7.0000598110624,6.7624165343108,6.88193865040259,15.4999048871754,14.0001196221248,14.3614860060061,12.221668718249
238.4,7.75,7,7.7499523692734,7.00005986807282,6.76242702075547,6.88192581199507,15.4999047385468,14.0001197361456,14.3613571928241,12.2218222599096
238.5,7.75,7,7.7499522942952,7.00005992497715,6.76243773696968,6.88191298028704,15.4999045885904,14.0001198499543,14.3612284451632,12.2219756917
238.6,7.75,7,7.74995222044024,7.00005998174089,6.7624482011069,6.88190016145622,15.4999044408805,14.0001199634818,14.3610997712884,12.2221290015292
238.7,7.75,7,7.74995214615817,7.00006003838968,6.76245883283895,6.88188735047326,15.4999042923163,14.0001200767794,14.3609711665916,12.2222821957148
238.8,7.75,7,7.74995207244139,7.00006009490513,6.76246936421082,6.88187455071073,15.4999041448828,14.0001201898103,14.360842635236,12.2224352682857
238.9,7.75,7,7.74995199918382,7.00006015130234,6.76247981819218,6.88186176081682,15.4999039983676,14.0001203026047,14.3607141692352,12.2225882324935
239,7.75,7,7.74995192524403,7.00006020758063,6.76249051206123,6.88184897857107,15.4999038504881,14.0001204151613,14.3605857765192,12.2227410741492
239.1,7.75,7,7.74995185210095,7.00006026372257,6.7625010422787,6.88183620824297,15.4999037042019,14.0001205274451,14.3604574575088,12.2228937939674
239.2,7.75,7,7.74995177996391,7.00006031973306,6.7625113485378,6.88182344988167,15.4999035599278,14.0001206394661,14.3603292080429,12.2230463991147
239.3,7.75,7,7.74995170678782,7.000060375635,6.76252198914301,6.88181069767945,15.4999034135756,14.00012075127,14.360201028339,12.2231988874094
239.4,7.75,7,7.74995163304416,7.00006043142369,6.76253283502613,6.88179795293396,15.4999032660883,14.0001208628474,14.3600729180611,12.2233512598934
239.5,7.75,7,7.74995156200893,7.00006048706158,6.76254299199526,6.88178522502056,15.4999031240179,14.0001209741232,14.3599448774771,12.2235035191748
239.6,7.75,7,7.74995149161753,7.00006054257218,6.76255302351475,6.88177250804678,15.4999029832351,14.0001210851444,14.3598169065814,12.2236556634245
239.7,7.75,7,7.74995141776741,7.00006059800268,6.76256404913206,6.88175979026482,15.4999028355348,14.0001211960054,14.3596890050408,12.2238076894902
239.8,7.75,7,7.74995134613925,7.00006065327726,6.76257452281254,6.88174708874344,15.4999026922785,14.0001213065545,14.3595611795205,12.2239595915817
239.9,7.75,7,7.74995127647433,7.00006070841677,6.76258450761317,6.88173440138639,15.4999025529487,14.0001214168335,14.359433419639,12.2241113867215
240,7.75,7,7.74995120416694,7.00006076346213,6.76259526542962,6.88172171592144,15.4999024083339,14.0001215269243,14.3593057320426,12.2242630597343
240.1,7.75,7,7.74995113313266,7.00006081837772,6.76260572364688,6.88170904284974,15.4999022662653,14.0001216367554,14.3591781116432,12.224414622681
240.2,7.75,7,7.74995106235462,7.00006087315878,6.76261616652299,6.88169638051245,15.4999021247092,14.0001217463176,14.359050567991,12.2245660588841
240.3,7.75,7,7.74995099136006,7.0000609278324,6.7626267140177,6.88168372591213,15.4999019827201,14.0001218556648,14.3589230884578,12.2247173888532
240.4,7.75,7,7.74995092120145,7.0000609823674,6.76263708670876,6.88167108351639,15.4999018424029,14.0001219647348,14.3587956843197,12.2248685949605
240.5,7.75,7,7.74995085066735,7.00006103679379,6.76264760848171,6.88165844863495,15.4999017013347,14.0001220735876,14.3586683461187,12.2250196917815
240.6,7.75,7,7.7499507805328,7.00006109109104,6.76265807252493,6.88164582437417,15.4999015610656,14.0001221821821,14.3585410807612,12.2251706686703
240.7,7.75,7,7.7499507111603,7.0000611452569,6.76266837902687,6.88163321162892,15.4999014223206,14.0001222905138,14.3584138872053,12.2253215277352
240.8,7.75,7,7.74995064110207,7.00006119931174,6.76267892149222,6.8816206059733,15.4999012822041,14.0001223986235,14.3582867631969,12.2254722714253
240.9,7.75,7,7.74995057095478,7.00006125325201,6.76268953564323,6.88160800886553,15.4999011419096,14.000122506504,14.3581597068872,12.2256229033867
241,7.75,7,7.74995050262971,7.00006130705281,6.76269970097044,6.88159542600436,15.4999010052594,14.0001226141056,14.358032720203,12.2257734222431
241.1,7.75,7,7.74995043468284,7.00006136073063,6.76270981154667,6.88158285326632,15.4999008693657,14.0001227214613,14.3579058031319,12.2259238267437
241.2,7.75,7,7.7499503649525,7.00006141431117,6.76272045688234,6.88157028439832,15.499900729905,14.0001228286223,14.3577789550227,12.2260741160334
241.3,7.75,7,7.74995029632992,7.00006146775533,6.76273085022707,6.88155772812918,15.4999005926598,14.0001229355107,14.3576521796178,12.2262242866507
241.4,7.75,7,7.74995022826247,7.00006152107525,6.76274113995939,6.88154518243944,15.4999004565249,14.0001230421505,14.357525473529,12.2263743437229
241.5,7.75,7,7.74995015954946,7.00006157428305,6.76275165436722,6.88153264402064,15.4999003190989,14.0001231485661,14.3573988376749,12.2265242846891
241.6,7.75,7,7.74995009172234,7.00006162736195,6.76276197506284,6.88152011719728,15.4999001834447,14.0001232547239,14.3572722717468,12.2266741115146
241.7,7.75,7,7.74995002374928,7.00006168032017,6.76277238505583,6.8815075992972,15.4999000474986,14.0001233606403,14.3571457778584,12.2268238198327
241.8,7.75,7,7.74994995582861,7.00006173316792,6.76278282508224,6.88149508993641,15.4998999116572,14.0001234663358,14.3570193487071,12.2269734218729
241.9,7.75,7,7.74994988881222,7.00006178588198,6.76279306798569,6.88148259258246,15.4998997776244,14.000123571764,14.3568929923266,12.2271229052731
242,7.75,7,7.74994982145401,7.00006183847522,6.76280345433915,6.8814701037816,15.499899642908,14.0001236769504,14.3567667095189,12.2272722676342
242.1,7.75,7,7.74994975354791,7.00006189096186,6.76281403553597,6.88145762203979,15.4998995070958,14.0001237819237,14.3566404933101,12.2274215202612
242.2,7.75,7,7.74994968721602,7.00006194331357,6.762824233922,6.88144515373755,15.499899374432,14.0001238866271,14.3565143462574,12.2275706609528
242.3,7.75,7,7.7499496216779,7.00006199553933,6.76283426241299,6.8814326966434,15.4998992433558,14.0001239910787,14.3563882683418,12.2277196890759
242.4,7.75,7,7.74994955380799,7.00006204767781,6.76284497285088,6.88142024159804,15.499899107616,14.0001240953556,14.3562622576942,12.2278686048779
242.5,7.75,7,7.74994948637331,7.00006209969536,6.76285561073559,6.88140779667032,15.4998989727466,14.0001241993907,14.3561363157066,12.2280174086626
242.6,7.75,7,7.74994942282237,7.00006215153824,6.76286524041729,6.88139537281611,15.4998988456447,14.0001243030765,14.3560104510738,12.2281660894151
242.7,7.75,7,7.74994935716643,7.0000622032942,6.7628754887341,6.88138295144176,15.4998987143329,14.0001244065884,14.3558846521126,12.2283146608191
242.8,7.75,7,7.74994928994912,7.0000622549569,6.76288620728666,6.88137053411426,15.4998985798982,14.0001245099138,14.3557589189719,12.2284631231737
242.9,7.75,7,7.74994922556443,7.00006230645747,6.76289620405837,6.88135813482431,15.4998984511289,14.0001246129149,14.3556332629742,12.2286114620508
243,7.75,7,7.74994915985553,7.00006235786764,6.762906603979,6.88134573983757,15.4998983197111,14.0001247157353,14.3555076695902,12.2287596974339
243.1,7.75,7,7.74994909458024,7.00006240914705,6.76291693518017,6.88133335573379,15.4998981891605,14.0001248182941,14.3553821509826,12.2289078111186
243.2,7.75,7,7.74994902979337,7.0000624603073,6.76292717779971,6.88132098173664,15.4998980595867,14.0001249206146,14.355256699947,12.2290558149718
243.3,7.75,7,7.7499489646851,7.00006251135322,6.76293755454138,6.8813086158729,15.4998979293702,14.0001250227064,14.3551313191167,12.2292037040028
243.4,7.75,7,7.749948900307,7.00006256228301,6.76294777428789,6.88129626036589,15.499897800614,14.000125124566,14.3550060024944,12.2293514890038
243.5,7.75,7,7.74994883593348,7.0000626130803,6.76295804468352,6.88128391503926,15.499897671867,14.0001252261606,14.3548807648009,12.2294991453675
243.6,7.75,7,7.74994877121983,7.00006266377261,6.7629684504836,6.88127157709883,15.4998975424397,14.0001253275452,14.3547555920007,12.2296466957035
243.7,7.75,7,7.74994870753696,7.00006271433871,6.76297861961747,6.88125925089348,15.4998974150739,14.0001254286774,14.3546304875255,12.2297941357243
243.8,7.75,7,7.74994864435452,7.00006276478473,6.76298869673461,6.88124693490491,15.499897288709,14.0001255295695,14.3545054513539,12.229941465027
243.9,7.75,7,7.7499485794009,7.00006281513585,6.76299930209502,6.88123462270224,15.4998971588018,14.0001256302717,14.3543804838837,12.2300886809322
244,7.75,7,7.74994851514064,7.00006286536478,6.76300976259219,6.88122232126653,15.4998970302813,14.0001257307296,14.3542555847636,12.2302357863179
244.1,7.75,7,7.74994845408126,7.00006291543742,6.76301939584052,6.8812100381855,15.4998969081625,14.0001258308748,14.3541307574108,12.2303827779782
244.2,7.75,7,7.74994839172715,7.00006296540662,6.76302942824401,6.88119776049884,15.4998967834543,14.0001259308132,14.3540060007749,12.2305296535547
244.3,7.75,7,7.74994832668536,7.00006301529102,6.76304023887424,6.88118548401851,15.4998966533707,14.000126030582,14.3538813132065,12.2306764145023
244.4,7.75,7,7.74994826510973,7.00006306502855,6.76305014480149,6.88117322570231,15.4998965302195,14.0001261300571,14.353756690105,12.230823073975
244.5,7.75,7,7.74994820350411,7.00006311464381,6.76306010613108,6.88116097674188,15.4998964070082,14.0001262292876,14.3536321405539,12.2309696140772
244.6,7.75,7,7.74994813993756,7.00006316417146,6.76307064498368,6.88114873065015,15.4998962798751,14.0001263283429,14.3535076569436,12.2311160454347
244.7,7.75,7,7.74994807821965,7.00006321355629,6.76308072594957,6.88113649921848,15.4998961564393,14.0001264271126,14.3533832465169,12.2312623598453
244.8,7.75,7,7.74994801592831,7.00006326284054,6.76309100447116,6.88112427440474,15.4998960318566,14.0001265256811,14.3532589004549,12.2314085694322
244.9,7.75,7,7.74994795407763,7.00006331199685,6.76310120971706,6.88111206032685,15.4998959081553,14.0001266239937,14.3531346283416,12.2315546596479
245,7.75,7,7.74994789264056,7.00006336104107,6.7631113430497,6.88109985571143,15.4998957852811,14.0001267220821,14.353010420868,12.2317006455929
245.1,7.75,7,7.74994783080499,7.0000634099674,6.76312163181349,6.88108765940331,15.49989566161,14.0001268199348,14.3528862871208,12.2318465118641
245.2,7.75,7,7.74994776968276,7.00006345877541,6.76313176777554,6.88107547363605,15.4998955393655,14.0001269175508,14.3527622198048,12.2319922713355
245.3,7.75,7,7.74994770897864,7.00006350746856,6.76314183142326,6.88106329756193,15.4998954179573,14.0001270149371,14.3526382188976,12.232137923817
245.4,7.75,7,7.74994764711589,7.00006355605954,6.76315225506504,6.88105112708775,15.4998952942318,14.0001271121191,14.3525142875776,12.2322834627737
245.5,7.75,7,7.749947585951,7.00006360453041,6.76316253067259,6.88103896727114,15.499895171902,14.0001272090608,14.3523904240144,12.2324288929132
245.6,7.75,7,7.74994752691767,7.00006365285708,6.76317226974866,6.88102682280794,15.4998950538353,14.0001273057142,14.3522666329773,12.2325742078982
245.7,7.75,7,7.749947467105,7.00006370108039,6.76318226387899,6.88101468479508,15.49989493421,14.0001274021608,14.3521429097919,12.2327194126588
245.8,7.75,7,7.74994740583752,7.00006374920692,6.76319269778814,6.88100255139286,15.499894811675,14.0001274984138,14.352019255161,12.23286450549
245.9,7.75,7,7.74994734624655,7.00006379720209,6.76320271626914,6.88099043146208,15.4998946924931,14.0001275944042,14.3518956685605,12.2330094901555
246,7.75,7,7.74994728633567,7.00006384508697,6.76321286481141,6.88097831943241,15.4998945726713,14.0001276901739,14.3517721509814,12.233154363275
246.1,7.75,7,7.74994722642463,7.00006389285865,6.76322305579227,6.88096621616502,15.4998944528493,14.0001277857173,14.3516487020508,12.2332991257933
246.2,7.75,7,7.74994716721666,7.00006394050979,6.76323309693694,6.88095412361805,15.4998943344333,14.0001278810196,14.3515253214195,12.2334437789637
246.3,7.75,7,7.74994710751892,7.00006398805551,6.76324331319628,6.88094203826966,15.4998942150378,14.000127976111,14.3514020081726,12.2335883232146
246.4,7.75,7,7.74994704838162,7.00006403547387,6.76325342154376,6.8809299638945,15.4998940967632,14.0001280709477,14.3512787684461,12.2337327496851
246.5,7.75,7,7.74994698985082,7.00006408277698,6.76326340463121,6.88091789964881,15.4998939797016,14.000128165554,14.3511555946162,12.2338770707316
246.6,7.75,7,7.74994693043749,7.00006412997802,6.76327367024367,6.88090584157563,15.499893860875,14.000128259956,14.3510324889808,12.2340212813406
246.7,7.75,7,7.7499468712402,7.00006417706721,6.76328391742329,6.8808937926026,15.4998937424804,14.0001283541344,14.3509094499484,12.2341653851228
246.8,7.75,7,7.74994681394169,7.00006422402344,6.76329368750674,6.88088175769007,15.4998936278834,14.0001284480469,14.3507864788056,12.234309381599
246.9,7.75,7,7.74994675658053,7.00006427086903,6.76330351582117,6.88086973123993,15.4998935131611,14.0001285417381,14.3506635755452,12.23445326903
247,7.75,7,7.74994669623216,7.00006431762632,6.76331420462842,6.88085770575623,15.4998933924643,14.0001286352526,14.3505407468348,12.2345970340872
247.1,7.75,7,7.74994663865822,7.00006436424299,6.76332417623896,6.88084569666109,15.4998932773164,14.000128728486,14.3504179847558,12.2347406948071
247.2,7.75,7,7.74994658307913,7.00006441072851,6.7633336431716,6.88083370168749,15.4998931661583,14.000128821457,14.3502952889873,12.2348842510343
247.3,7.75,7,7.74994652434445,7.0000644571464,6.76334400944886,6.88082170575029,15.4998930486889,14.0001289142928,14.3501726564392,12.2350277030437
247.4,7.75,7,7.74994646666217,7.0000645034263,6.76335413460078,6.8808097226142,15.4998929333243,14.0001290068526,14.3500501010085,12.2351710324743
247.5,7.75,7,7.74994641041957,7.00006454959047,6.76336390308136,6.88079775131406,15.4998928208391,14.0001290991809,14.3499276064293,12.2353142657828
247.6,7.75,7,7.74994635250266,7.00006459565079,6.76337417343268,6.88078578479545,15.4998927050053,14.0001291913016,14.3498051871096,12.2354573770959
247.7,7.75,7,7.74994629571581,7.00006464159378,6.7633841733656,6.88077382963221,15.4998925914316,14.0001292831876,14.3496828318554,12.2356003869477
247.8,7.75,7,7.74994623886845,7.00006468742213,6.76339423174688,6.88076188327443,15.4998924777369,14.0001293748443,14.3495605473517,12.2357432835987
247.9,7.75,7,7.7499461820662,7.00006473314567,6.76340431567156,6.88074994516724,15.4998923641324,14.0001294662913,14.3494383268749,12.2358860779432
248,7.75,7,7.74994612598877,7.00006477874076,6.76341424529684,6.88073801849344,15.4998922519775,14.0001295574815,14.3493161802581,12.2360287549366
248.1,7.75,7,7.74994606942355,7.00006482423376,6.76342434700576,6.88072609881582,15.4998921388471,14.0001296484675,14.3491940998076,12.2361713258092
248.2,7.75,7,7.74994601299102,7.00006486961956,6.76343445065393,6.88071418775503,15.499892025982,14.0001297392391,14.3490720843692,12.2363137930155
248.3,7.75,7,7.74994595776886,7.00006491488268,6.76344426316531,6.88070228864212,15.4998919155377,14.0001298297654,14.348950135995,12.2364561543107
248.4,7.75,7,7.7499459023594,7.00006496003129,6.76345416877893,6.88069039809384,15.4998918047188,14.0001299200626,14.348828259472,12.2365984008263
248.5,7.75,7,7.74994584508978,7.00006500508879,6.76346462248306,6.88067851099762,15.4998916901796,14.0001300101776,14.348706452129,12.2367405353403
248.6,7.75,7,7.7499457899519,7.00006505001315,6.76347453332576,6.88066663848593,15.4998915799038,14.0001301000263,14.3485847119921,12.2368825647051
248.7,7.75,7,7.74994573672553,7.000065094807,6.76348396131582,6.88065477992468,15.4998914734511,14.000130189614,14.3484630390363,12.2370244888038
248.8,7.75,7,7.74994568091286,7.00006513952561,6.76349413268292,6.88064292215619,15.4998913618257,14.0001302790512,14.3483414306788,12.2371663076704
248.9,7.75,7,7.74994562447974,7.00006518414349,6.76350451186749,6.88063107104013,15.4998912489595,14.000130368287,14.3482198889403,12.237308019932
249,7.75,7,7.74994557176912,7.00006522859682,6.7635139184399,6.88061924010269,15.4998911435382,14.0001304571936,14.3480984228639,12.2374496152317
249.1,7.75,7,7.74994551694755,7.00006527297529,6.76352393637584,6.88060741087116,15.4998910338951,14.0001305459506,14.3479770179493,12.2375911113343
249.2,7.75,7,7.74994546201213,7.00006531723873,6.76353402666981,6.88059559041519,15.4998909240243,14.0001306344775,14.347855685095,12.237732492787
249.3,7.75,7,7.74994540817481,7.00006536138684,6.76354385363912,6.88058378114075,15.4998908163496,14.0001307227737,14.3477344160029,12.2378737739345
249.4,7.75,7,7.74994535357483,7.0000654054262,6.76355393031654,6.88057197888226,15.4998907071497,14.0001308108524,14.3476132197407,12.2380149387138
249.5,7.75,7,7.74994529975839,7.00006544935545,6.76356382882927,6.88056018678563,15.4998905995168,14.0001308987109,14.3474920863139,12.2381560044591
249.6,7.75,7,7.749945245916,7.0000654931658,6.7635737764208,6.88054840395211,15.499890491832,14.0001309863316,14.3473710269246,12.2382969526952
249.7,7.75,7,7.74994519199689,7.000065536877,6.76358378013924,6.88053662873866,15.4998903839938,14.000131073754,14.3472500297147,12.2384378022356
249.8,7.75,7,7.74994513888843,7.00006558047418,6.76359359937352,6.880524864054,15.4998902777769,14.0001311609484,14.3471290977011,12.2385785491483
249.9,7.75,7,7.74994508565583,7.00006562395217,6.76360349476869,6.88051310847406,15.4998901713117,14.0001312479043,14.347008240766,12.238719176962
250,7.75,7,7.74994503151187,7.00006566733591,6.76361367553998,6.88050135849973,15.4998900630237,14.0001313346718,14.3468874489809,12.2388597007366
250.1,7.75,7,7.74994497880093,7.00006571059573,6.76362350273024,6.88048962106234,15.4998899576019,14.0001314211915,14.3467667243122,12.2390001195499
250.2,7.75,7,7.74994492727991,7.00006575373449,6.76363304259694,6.88047789546253,15.4998898545598,14.000131507469,14.3466460667347,12.2391404332637
250.3,7.75,7,7.74994487435396,7.00006579678848,6.76364300104071,6.88046617376576,15.4998897487079,14.000131593577,14.346525472027,12.23928064622
250.4,7.75,7,7.74994482125821,7.00006583973021,6.76365304551587,6.88045446055516,15.4998896425164,14.0001316794604,14.3464049486424,12.2394207462253
250.5,7.75,7,7.74994476951233,7.0000658825482,6.76366275911542,6.88044275971656,15.4998895390247,14.0001317650964,14.3462844930389,12.2395607403211
250.6,7.75,7,7.74994471690554,7.00006592526827,6.76367274500984,6.88043106488887,15.4998894338111,14.0001318505365,14.3461641047972,12.2397006271906
250.7,7.75,7,7.74994466488558,7.00006596787451,6.76368260775918,6.8804193801641,15.4998893297712,14.000131935749,14.3460437836441,12.2398404086356
250.8,7.75,7,7.74994461311785,7.00006601036803,6.76369243955917,6.88040770480315,15.4998892262357,14.0001320207361,14.345923531317,12.2399800816542
250.9,7.75,7,7.74994456101033,7.00006605275754,6.76370240126484,6.88039603696262,15.4998891220207,14.0001321055151,14.3458033466052,12.2401196476596
251,7.75,7,7.74994450965819,7.00006609503536,6.76371219222205,6.8803843793957,15.4998890193164,14.0001321900707,14.3456832265809,12.2402591123186
251.1,7.75,7,7.74994445859895,7.00006613720685,6.76372193858779,6.88037273077821,15.4998889171979,14.0001322744137,14.3455631712236,12.2403984752801
251.2,7.75,7,7.74994440625732,7.00006617927843,6.76373207423918,6.88036108752197,15.4998888125146,14.0001323585569,14.3454431877684,12.2405377237409
251.3,7.75,7,7.7499443550812,7.00006622122817,6.76374192887552,6.88034945615148,15.4998887101624,14.0001324424563,14.3453232725954,12.2406768656991
251.4,7.75,7,7.74994430546772,7.0000662630543,6.76375139309536,6.88033783758744,15.4998886109354,14.0001325261086,14.3452034240372,12.2408159041904
251.5,7.75,7,7.7499442543865,7.00006630479271,6.76376129354902,6.88032622307039,15.499888508773,14.0001326095854,14.3450836411853,12.2409548379096
251.6,7.75,7,7.74994420203227,7.00006634643924,6.76377157768667,6.88031461331298,15.4998884040645,14.0001326928785,14.3449639253173,12.2410936650678
251.7,7.75,7,7.74994415308516,7.00006638794389,6.7637809668114,6.88030302142172,15.4998883061703,14.0001327758878,14.3448442745253,12.2412323929996
251.8,7.75,7,7.74994410447901,7.00006642933992,6.76379029838295,6.88029143877544,15.499888208958,14.0001328586798,14.3447246898194,12.2413710173474
251.9,7.75,7,7.74994405232037,7.00006647065997,6.76380063906809,6.8802798551829,15.4998881046407,14.0001329413199,14.3446051785213,12.2415095230823
252,7.75,7,7.74994400276215,7.00006651185544,6.76381030201488,6.88026828652175,15.4998880055243,14.0001330237109,14.3444857272974,12.2416479368384
252.1,7.75,7,7.74994395312106,7.00006655293542,6.76382002685757,6.88025672682999,15.4998879062421,14.0001331058708,14.3443663496904,12.2417862349309
252.2,7.75,7,7.74994390279728,7.00006659392466,6.76382997121368,6.88024517297943,15.4998878055946,14.0001331878493,14.3442470343872,12.2419244346157
252.3,7.75,7,7.74994385351584,7.00006663479258,6.76383966783635,6.88023363076545,15.4998877070317,14.0001332695852,14.3441277884129,12.2420625264921
252.4,7.75,7,7.74994380374111,7.00006667556181,6.76384953410188,6.88022209539833,15.4998876074822,14.0001333511236,14.3440086085103,12.2422005143078
252.5,7.75,7,7.74994375447884,7.00006671621663,6.76385929684898,6.88021057009238,15.4998875089577,14.0001334324333,14.3438894974704,12.2423383946527
252.6,7.75,7,7.74994370561144,7.00006675676951,6.76386898438986,6.88019905363222,15.4998874112229,14.000133513539,14.3437704482669,12.2424761784722
252.7,7.75,7,7.74994365599256,7.00006679722052,6.7638789139113,6.88018754377605,15.4998873119851,14.000133594441,14.3436514691548,12.2426138518261
252.8,7.75,7,7.74994360712444,7.00006683755427,6.76388867471855,6.88017604468149,15.4998872142489,14.0001336751085,14.3435325591422,12.2427514176935
252.9,7.75,7,7.74994355918702,7.000066877774,6.76389821586899,6.88016455644652,15.499887118374,14.000133755548,14.343413714923,12.242888881459
253,7.75,7,7.74994351012148,7.0000669179028,6.76390809940843,6.88015307322277,15.499887020243,14.0001338358056,14.343294936708,12.2430262409469
253.1,7.75,7,7.74994346047083,7.00006695793508,6.76391817685168,6.88014159651633,15.4998869209417,14.0001339158702,14.3431762241765,12.2431634971987
253.2,7.75,7,7.74994341349482,7.00006699783357,6.76392755840255,6.88013013565187,15.4998868269896,14.0001339956671,14.3430575775718,12.2433006528646
253.3,7.75,7,7.74994336705612,7.00006703762259,6.76393682742078,6.88011868453018,15.4998867341122,14.0001340752452,14.3429389968885,12.2434377060356
253.4,7.75,7,7.74994331707194,7.0000670773482,6.76394709844513,6.88010723152975,15.4998866341439,14.0001341546964,14.3428204823325,12.2435746526893
253.5,7.75,7,7.74994326931746,7.00006711693693,6.76395679752788,6.880095793758,15.4998865386349,14.0001342338739,14.3427020390375,12.2437114901511
253.6,7.75,7,7.74994322342672,7.00006715640737,6.76396601976112,6.88008436902628,15.4998864468534,14.0001343128147,14.3425836578263,12.243848232452
253.7,7.75,7,7.74994317480573,7.00006719580119,6.76397602258083,6.88007294506646,15.4998863496115,14.0001343916024,14.3424653454267,12.2439848649264
253.8,7.75,7,7.74994312744541,7.00006723508219,6.76398571351835,6.88006153254194,15.4998862548908,14.0001344701644,14.3423470960782,12.2441214002568
253.9,7.75,7,7.74994308024699,7.00006727424733,6.76399539751602,6.88005012955531,15.499886160494,14.0001345484947,14.3422289197498,12.2442578219434
254,7.75,7,7.74994303280131,7.00006731332056,6.76400517990691,6.88003873340729,15.4998860656026,14.0001346266411,14.3421108041342,12.2443941488306
254.1,7.75,7,7.74994298611617,7.0000673522748,6.76401479062249,6.88002734822091,15.4998859722323,14.0001347045496,14.3419927593035,12.2445303661965
254.2,7.75,7,7.74994293899048,7.00006739113679,6.76402455320767,6.88001596952821,15.499885877981,14.0001347822736,14.3418747768876,12.2446664860142
254.3,7.75,7,7.74994289222472,7.00006742988638,6.76403425268741,6.88000460049872,15.4998857844494,14.0001348597728,14.3417568640488,12.2448024979144
254.4,7.75,7,7.74994284614657,7.00006746852353,6.76404379835385,6.87999324177659,15.4998856922931,14.0001349370471,14.3416390184706,12.2449384058463
254.5,7.75,7,7.74994279930569,7.00006750706704,6.7640535853038,6.87998188904206,15.4998855986114,14.0001350141341,14.3415212386982,12.2450742107852
254.6,7.75,7,7.74994275234621,7.00006754551239,6.76406343674295,6.87997054391251,15.4998855046924,14.0001350910248,14.3414035229808,12.2452099160832
254.7,7.75,7,7.74994270716774,7.00006758383534,6.76407283493079,6.87995921202329,15.4998854143355,14.0001351676707,14.3412858730935,12.2453455207641
254.8,7.75,7,7.7499426622786,7.0000676220529,6.76408218697698,6.87994788911581,15.4998853245572,14.0001352441058,14.3411682890239,12.245481023521
254.9,7.75,7,7.74994261553345,7.00006766018982,6.76409207833475,6.87993656904373,15.4998852310669,14.0001353203796,14.3410507705706,12.2456164227414
255,7.75,7,7.74994256987043,7.00006769820894,6.76410170811109,6.87992526049381,15.4998851397409,14.0001353964179,14.3409333202334,12.2457517172821
255.1,7.75,7,7.74994252467492,7.00006773612053,6.76411124297334,6.87991396145392,15.4998850493498,14.0001354722411,14.3408159359431,12.2458869098349
255.2,7.75,7,7.74994247879264,7.00006777393801,6.76412099785141,6.87990266860879,15.4998849575853,14.000135547876,14.3406986175329,12.2460219996398
255.3,7.75,7,7.74994243374294,7.00006781164308,6.764130558278,6.87989138638018,15.4998848674859,14.0001356232862,14.3405813657412,12.2461569869899
255.4,7.75,7,7.74994238847043,7.00006784924623,6.76414021276812,6.87988011188145,15.4998847769409,14.0001356984925,14.3404641815871,12.2462918693809
255.5,7.75,7,7.7499423432094,7.00006788675471,6.76414989415245,6.87986884498813,15.4998846864188,14.0001357735094,14.3403470586816,12.2464266569609
255.6,7.75,7,7.74994229879776,7.00006792414652,6.76415937761693,6.87985758909644,15.4998845975955,14.000135848293,14.3402300051872,12.2465613379048
255.7,7.75,7,7.74994225395733,7.00006796143692,6.76416901177038,6.87984634050162,15.4998845079147,14.0001359228738,14.3401130206489,12.246695911791
255.8,7.75,7,7.74994220853972,7.00006799863688,6.76417883412432,6.87983509804061,15.4998844170794,14.0001359972738,14.3399960990992,12.2468303877546
255.9,7.75,7,7.74994216465552,7.00006803571887,6.76418826961484,6.87982386802342,15.499884329311,14.0001360714377,14.3398792429106,12.246964764102
256,7.75,7,7.74994212148083,7.00006807269233,6.76419754306152,6.87981264809525,15.4998842429617,14.0001361453847,14.3397624520638,12.2470990401476
256.1,7.75,7,7.74994207587939,7.00006810959569,6.76420750965384,6.87980142908683,15.4998841517588,14.0001362191914,14.3396457247605,12.2472332158324
256.2,7.75,7,7.7499420307619,7.00006814639298,6.76421737569733,6.87979021953822,15.4998840615238,14.000136292786,14.339529062955,12.2473672908473
256.3,7.75,7,7.74994198939941,7.00006818303651,6.76422625152115,6.87977902963389,15.4998839787988,14.000136366073,14.3394124736058,12.2475012574989
256.4,7.75,7,7.7499419458355,7.00006821960996,6.76423575800454,6.87976784109363,15.499883891671,14.0001364392199,14.3392959462558,12.247635126501
256.5,7.75,7,7.74994190074557,7.00006825610472,6.76424571102198,6.87975665592255,15.4998838014911,14.0001365122094,14.3391794815631,12.2477688974943
256.6,7.75,7,7.74994185838461,7.00006829245773,6.76425495360308,6.87974548745033,15.4998837167692,14.0001365849155,14.3390630892429,12.2479025594483
256.7,7.75,7,7.74994181463291,7.0000683287353,6.76426460419687,6.879734322355,15.4998836292658,14.0001366574706,14.3389467565523,12.2480361282626
256.8,7.75,7,7.7499417712805,7.00006836490111,6.76427417908265,6.87972316703487,15.499883542561,14.0001367298022,14.3388304940128,12.2481695894117
256.9,7.75,7,7.74994172834461,7.00006840096387,6.76428367073184,6.87971202082429,15.4998834566892,14.0001368019277,14.3387142958411,12.2483029518606
257,7.75,7,7.74994168504195,7.00006843693022,6.76429329361283,6.87970088167371,15.4998833700839,14.0001368738604,14.3385981635566,12.2484362125913
257.1,7.75,7,7.74994164242245,7.0000684727961,6.76430275863985,6.87968975194824,15.4998832848449,14.0001369455922,14.3384820920628,12.2485693804448
257.2,7.75,7,7.74994159972612,7.00006850854865,6.76431227983952,6.87967863121651,15.4998831994522,14.0001370170973,14.3383660955018,12.2487024330214
257.3,7.75,7,7.74994155665393,7.00006854421266,6.76432193219083,6.87966751690155,15.4998831133079,14.0001370884253,14.3382501598721,12.2488353916139
257.4,7.75,7,7.74994151456746,7.00006857976727,6.76433134562692,6.87965641332848,15.4998830291349,14.0001371595345,14.3381342887872,12.2489682519546
257.5,7.75,7,7.74994147291106,7.00006861521888,6.76434067175177,6.87964531890732,15.4998829458221,14.0001372304378,14.3380184822257,12.2491010136057
257.6,7.75,7,7.74994142939869,7.00006865059291,6.7643505347065,6.87963422716246,15.4998828587974,14.0001373011858,14.3379027405688,12.2492336739247
257.7,7.75,7,7.74994138657219,7.00006868586111,6.76436024039012,6.87962314529958,15.4998827731444,14.0001373717222,14.3377870634805,12.2493662357976
257.8,7.75,7,7.74994134690721,7.00006872098954,6.76436911473111,6.87961208085666,15.4998826938144,14.0001374419791,14.3376714548721,12.2494986955371
257.9,7.75,7,7.74994130581166,7.00006875603406,6.7643784100745,6.87960102043503,15.4998826116233,14.0001375120681,14.3375559123072,12.249631052711
258,7.75,7,7.74994126203819,7.00006879101021,6.76438846644061,6.87958996036813,15.4998825240764,14.0001375820204,14.3374404349179,12.249763307546
258.1,7.75,7,7.74994122170776,7.00006882585513,6.76439761088553,6.87957891758492,15.4998824434155,14.0001376517103,14.3373250184142,12.2498954722665
258.2,7.75,7,7.74994118120335,7.00006886059613,6.76440683489121,6.87956788288292,15.4998823624067,14.0001377211923,14.3372096719023,12.2500275296478
258.3,7.75,7,7.74994113873783,7.00006889526617,6.7644166224131,6.87955685014143,15.4998822774757,14.0001377905323,14.3370943870484,12.2501594908504
258.4,7.75,7,7.74994109807311,7.00006892981066,6.76442595007273,6.87954583105883,15.4998821961462,14.0001378596213,14.3369791717873,12.2502913472226
258.5,7.75,7,7.74994105675937,7.00006896427071,6.76443548255144,6.87953481757189,15.4998821135187,14.0001379285414,14.3368640173509,12.2504231099707
258.6,7.75,7,7.74994101584395,7.00006899862165,6.76444493774122,6.87952381370722,15.4998820316879,14.0001379972433,14.3367489322526,12.2505547670759
258.7,7.75,7,7.74994097527779,7.00006903287578,6.76445432545156,6.87951281837597,15.4998819505556,14.0001380657516,14.3366339087593,12.2506863303551
258.8,7.75,7,7.74994093426671,7.00006906703078,6.76446386582532,6.87950183023594,15.4998818685334,14.0001381340616,14.3365189544364,12.2508177875597
258.9,7.75,7,7.74994089392325,7.00006910108382,6.76447325217472,6.87949085166952,15.4998817878465,14.0001382021676,14.33640406284,12.2509491495934
259,7.75,7,7.7499408539373,7.00006913503851,6.76448256908334,6.87947988178712,15.4998817078746,14.000138270077,14.3362892339476,12.2510804162416
259.1,7.75,7,7.74994081271967,7.00006916890837,6.76449225165554,6.87946891642571,15.4998816254393,14.0001383378167,14.3361744708021,12.2512115814413
259.2,7.75,7,7.74994077217776,7.00006920267444,6.76450177836383,6.87945796081115,15.4998815443555,14.0001384053489,14.3360597716718,12.251342649623
259.3,7.75,7,7.74994073372328,7.00006923631303,6.76451076606273,6.87944701959795,15.4998814674466,14.0001384726261,14.3359451417227,12.251473614246
259.4,7.75,7,7.74994069439032,7.00006926986676,6.76452002167313,6.87943608360032,15.4998813887806,14.0001385397335,14.3358305750239,12.2516044816714
259.5,7.75,7,7.74994065358385,7.0000693033404,6.76452970816239,6.87942515128604,15.4998813071677,14.0001386066808,14.3357160729458,12.2517352493033
259.6,7.75,7,7.74994061441101,7.0000693366986,6.76453897732199,6.87941423152761,15.499881228822,14.0001386733972,14.3356016355983,12.2518659198639
259.7,7.75,7,7.7499405748355,7.00006936996466,6.76454838490841,6.87940331850506,15.499881149671,14.0001387399293,14.3354872628998,12.2519964916472
259.8,7.75,7,7.74994053523433,7.00006940313339,6.76455782822732,6.8793924133716,15.4998810704687,14.0001388062668,14.3353729555118,12.2521269640328
259.9,7.75,7,7.74994049627228,7.00006943619934,6.76456712514208,6.87938151785653,15.4998809925446,14.0001388723987,14.3352587120866,12.2522573397183
260,7.75,7,7.74994045676505,7.00006946917553,6.76457659900788,6.87937062861789,15.4998809135301,14.0001389383511,14.3351445329384,12.2523876171786
260.1,7.75,7,7.74994041777595,7.00006950204319,6.76458596147875,6.87935974924054,15.4998808355519,14.0001390040864,14.3350304226229,12.2525177905055
260.2,7.75,7,7.7499403793346,7.00006953481196,6.76459520149807,6.87934887899833,15.4998807586692,14.0001390696239,14.3349163745045,12.2526478698487
260.3,7.75,7,7.7499403399412,7.00006956749562,6.76460472937772,6.87933801388019,15.4998806798824,14.0001391349912,14.3348023907918,12.2527778505144
260.4,7.75,7,7.74994030074174,7.00006960008349,6.76461423156264,6.87932715696894,15.4998806014835,14.000139200167,14.3346884699798,12.2529077358764
260.5,7.75,7,7.74994026340717,7.00006963255493,6.76462325235759,6.87931631317026,15.4998805268143,14.0001392651099,14.3345746132394,12.2530375257267
260.6,7.75,7,7.7499402259068,7.0000696649325,6.76463234618363,6.87930547673535,15.4998804518136,14.000139329865,14.3344608209423,12.2531672176767
260.7,7.75,7,7.74994018538824,7.0000696972401,6.76464229409294,6.87929464022606,15.4998803707765,14.0001393944802,14.3343470988455,12.2532968004227
260.8,7.75,7,7.74994014764088,7.00006972942341,6.76465151234927,6.87928381922654,15.4998802952818,14.0001394588468,14.3342334393398,12.2534262908511
260.9,7.75,7,7.74994011178939,7.00006976149246,6.76466023983082,6.8792730112359,15.4998802235788,14.0001395229849,14.3341198424084,12.2535556882203
261,7.75,7,7.74994007270739,7.00006979350912,6.76466987481974,6.87926220133217,15.4998801454148,14.0001395870182,14.3340063055883,12.2536849915914
261.1,7.75,7,7.7499400346816,7.00006982540694,6.76467925220478,6.87925140320582,15.4998800693632,14.0001396508139,14.333892840963,12.2538141866417
261.2,7.75,7,7.7499399980007,7.00006985720385,6.76468828703628,6.87924061594383,15.4998799960014,14.0001397144077,14.3337794342494,12.2539432952934
261.3,7.75,7,7.74993995961824,7.00006988891591,6.76469781619729,6.87922983238041,15.4998799192365,14.0001397778318,14.3336660980171,12.2540722957724
261.4,7.75,7,7.74993992232459,7.00006992052566,6.7647070738498,6.87921905931153,15.4998798446492,14.0001398410513,14.3335528227068,12.2542012051364
261.5,7.75,7,7.74993988489902,7.00006995203905,6.76471639544393,6.87920829390745,15.499879769798,14.0001399040781,14.3334396137132,12.254330014146
261.6,7.75,7,7.74993984749165,7.00006998346229,6.76472573768972,6.87919753594931,15.4998796949833,14.0001399669246,14.3333264657198,12.2544587310111
261.7,7.75,7,7.74993981074435,7.0000700147762,6.76473492871183,6.87918678825026,15.4998796214887,14.0001400295524,14.3332133868541,12.2545873440814
261.8,7.75,7,7.7499397734494,7.00007004600435,6.76474429533655,6.87917604655787,15.4998795468988,14.0001400920087,14.3331003704694,12.2547158623262
261.9,7.75,7,7.74993973625717,7.00007007714102,6.7647536595074,6.87916531259255,15.4998794725143,14.000140154282,14.332987415474,12.2548442880241
262,7.75,7,7.74993970023656,7.0000701081714,6.76476273015588,6.8791545896276,15.4998794004731,14.0001402163428,14.3328745237429,12.2549726193612
262.1,7.75,7,7.74993966393059,7.00007013910448,6.76477190708768,6.87914387413335,15.4998793278612,14.000140278209,14.3327617004672,12.2551008472123
262.2,7.75,7,7.74993962575739,7.00007016996393,6.76478162044889,6.87913316112818,15.4998792515148,14.0001403399279,14.3326489417849,12.2552289759899
262.3,7.75,7,7.74993958969252,7.00007020070651,6.76479078442372,6.87912246180276,15.499879179385,14.000140401413,14.332536246494,12.2553570111897
262.4,7.75,7,7.74993955544771,7.00007023133559,6.76479947762733,6.87911177532959,15.4998791108954,14.0001404626712,14.3324236145703,12.2554849526206
262.5,7.75,7,7.74993951852371,7.00007026190593,6.76480892718485,6.87910108857279,15.4998790370474,14.0001405238119,14.3323110435193,12.2556127999451
262.6,7.75,7,7.74993948104248,7.0000702923899,6.76481855478459,6.87909040787993,15.499878962085,14.0001405847798,14.3321985358057,12.2557405514343
262.7,7.75,7,7.74993944716844,7.00007032272946,6.76482722659771,6.8790797460264,15.4998788943369,14.0001406454589,14.3320860988884,12.2558681997278
262.8,7.75,7,7.74993941110366,7.00007035300966,6.76483651991132,6.87906908488487,15.4998788222073,14.0001407060193,14.3319737196106,12.2559957593328
262.9,7.75,7,7.7499393749398,7.00007038319116,6.76484586804839,6.87905843171596,15.4998787498796,14.0001407663823,14.3318614087192,12.2561232160466
263,7.75,7,7.74993933978989,7.00007041327342,6.76485496376526,6.87904778869691,15.4998786795798,14.0001408265468,14.3317491579729,12.2562505833137
263.1,7.75,7,7.74993930384078,7.00007044326532,6.7648643052151,6.87903715162879,15.4998786076816,14.0001408865306,14.3316369754498,12.2563778473717
263.2,7.75,7,7.74993926863498,7.00007047316176,6.76487346783655,6.87902652388667,15.49987853727,14.0001409463235,14.3315248526792,12.2565050223949
263.3,7.75,7,7.74993923333519,7.00007050295832,6.76488268399951,6.87901590424055,15.4998784666704,14.0001410059166,14.3314127992849,12.2566320932055
263.4,7.75,7,7.7499391979267,7.00007053267076,6.76489195336716,6.87900529135785,15.4998783958534,14.0001410653415,14.3313008045811,12.2567590758627
263.5,7.75,7,7.74993916328885,7.00007056228514,6.76490103695066,6.87899468808005,15.4998783265777,14.0001411245703,14.3311888713524,12.2568859670273
263.6,7.75,7,7.74993912844614,7.00007059179811,6.76491020495755,6.87898409282358,15.4998782568923,14.0001411835962,14.3310770095714,12.2570127508921
263.7,7.75,7,7.74993909267324,7.00007062123335,6.76491965109018,6.87897350224176,15.4998781853465,14.0001412424667,14.3309652086473,12.2571394427062
263.8,7.75,7,7.74993905830272,7.00007065056095,6.76492873950826,6.87896292327649,15.4998781166054,14.0001413011219,14.3308534710025,12.2572660410143
263.9,7.75,7,7.7499390250469,7.00007067978429,6.76493754866984,6.87895235510194,15.4998780500938,14.0001413595686,14.3307417966121,12.2573925456258
264,7.75,7,7.74993899031783,7.00007070893869,6.76494678336002,6.87894178984437,15.4998779806357,14.0001414178774,14.3306301813977,12.2575189603048
264.1,7.75,7,7.74993895542347,7.00007073799714,6.764956089805,6.87893123224999,15.4998779108469,14.0001414759943,14.3305186338255,12.2576452736177
264.2,7.75,7,7.74993892180634,7.00007076694947,6.76496507248766,6.87892068592018,15.4998778436127,14.0001415338989,14.3304071496525,12.2577714932741
264.3,7.75,7,7.74993888727222,7.0000707958198,6.76497433055735,6.87891014466701,15.4998777745444,14.0001415916396,14.3302957294823,12.2578976163961
264.4,7.75,7,7.74993885329581,7.00007082459327,6.76498346089164,6.87889961254274,15.4998777065916,14.0001416491865,14.3301843720552,12.2580236462547
264.5,7.75,7,7.74993881950824,7.00007085327026,6.76499256516931,6.87888908881572,15.4998776390165,14.0001417065405,14.3300730800599,12.2581495785322
264.6,7.75,7,7.74993878534621,7.00007088186033,6.76500179625988,6.87887857161985,15.4998775706924,14.0001417637207,14.3299618513548,12.2582754159472
264.7,7.75,7,7.74993875190095,7.00007091035451,6.76501085531471,6.87886806378703,15.4998775038019,14.000141820709,14.3298506836236,12.2584011629942
264.8,7.75,7,7.74993871869423,7.0000709387583,6.76501987282194,6.87885756394865,15.4998774373885,14.0001418775166,14.3297395768457,12.2585268192974
264.9,7.75,7,7.74993868414755,7.00007096707884,6.76502928252376,6.87884706850537,15.4998773682951,14.0001419341577,14.3296285385649,12.2586523721909
265,7.75,7,7.74993865075143,7.00007099529485,6.76503840264271,6.87883658398348,15.4998773015029,14.0001419905897,14.3295175639948,12.2587778311393
265.1,7.75,7,7.74993861884675,7.00007102340385,6.76504713970279,6.87882611124162,15.4998772376935,14.0001420468077,14.3294066522077,12.2589031978739
265.2,7.75,7,7.7499385853922,7.00007105144168,6.76505632352504,6.8788156414973,15.4998771707844,14.0001421028834,14.3292958023167,12.2590284709601
265.3,7.75,7,7.74993855067639,7.00007107940343,6.76506587571868,6.87880517571531,15.4998771013528,14.0001421588069,14.3291850155232,12.2591536489077
265.4,7.75,7,7.74993851935463,7.00007110723888,6.76507452474192,6.87879472695822,15.4998770387093,14.0001422144778,14.3290742900555,12.2592787386609
265.5,7.75,7,7.7499384882263,7.00007113498224,6.76508314481721,6.87878428627713,15.4998769764526,14.0001422699645,14.3289636274301,12.2594037350596
265.6,7.75,7,7.74993845356357,7.00007116266779,6.76509275564216,6.87877384371447,15.4998769071271,14.0001423253356,14.3288530333011,12.2595286263083
265.7,7.75,7,7.74993842147482,7.00007119024257,6.76510168538473,6.8787634153266,15.4998768429496,14.0001423804851,14.3287424962834,12.259653434983
265.8,7.75,7,7.74993838920527,7.00007121772116,6.76511069040551,6.87875299465875,15.4998767784105,14.0001424354423,14.3286320281142,12.2597781411384
265.9,7.75,7,7.74993835625013,7.00007124512317,6.76511990479755,6.87874257910959,15.4998767125003,14.0001424902463,14.3285216191018,12.2599027587542
266,7.75,7,7.74993832427513,7.00007127242166,6.76512887592385,6.87873217410923,15.4998766485503,14.0001425448433,14.3284112749464,12.2600272809225
266.1,7.75,7,7.74993829175719,7.00007129963684,6.76513801873547,6.87872177506993,15.4998765835144,14.0001425992737,14.3283009936288,12.2601517092823
266.2,7.75,7,7.749938259718,7.00007132675502,6.76514705484353,6.878711385087,15.499876519436,14.00014265351,14.3281907766867,12.2602760425233
266.3,7.75,7,7.74993822802543,7.00007135378646,6.76515601798195,6.87870100305089,15.4998764560509,14.0001427075729,14.3280806180046,12.2604002896337
266.4,7.75,7,7.74993819552947,7.00007138073219,6.76516522517201,6.8786906266937,15.4998763910589,14.0001427614644,14.3279705260761,12.2605244369921
266.5,7.75,7,7.74993816375759,7.00007140757819,6.7651742585448,6.87868026009979,15.4998763275152,14.0001428151564,14.3278604986444,12.2606484893859
266.6,7.75,7,7.74993813285786,7.0000714343264,6.76518307668286,6.87866990338909,15.4998762657157,14.0001428686528,14.3277505331951,12.2607724507142
266.7,7.75,7,7.74993810075804,7.00007146100012,6.76519224528853,6.87865955067359,15.4998762015161,14.0001429220002,14.3276406299325,12.2608963188065
266.8,7.75,7,7.74993806807351,7.00007148759285,6.7652015962028,6.87864920366976,15.499876136147,14.0001429751857,14.3275307885515,12.261020094713
266.9,7.75,7,7.74993803804674,7.00007151406759,6.76521024431544,6.87863887164919,15.4998760760935,14.0001430281352,14.327421009272,12.2611437811174
267,7.75,7,7.74993800846706,7.00007154044947,6.76521879303599,6.87862854830417,15.4998760169341,14.0001430808989,14.3273112920892,12.261267376032
267.1,7.75,7,7.74993797527195,7.00007156678369,6.76522835154381,6.87861822212827,15.4998759505439,14.0001431335674,14.3272016376933,12.261390874742
267.2,7.75,7,7.74993794433432,7.00007159299843,6.76523731793987,6.87860791031205,15.4998758886686,14.0001431859969,14.3270920498063,12.2615142771682
267.3,7.75,7,7.74993791517585,7.00007161911053,6.76524581981764,6.87859761053249,15.4998758303517,14.0001432382211,14.3269825203953,12.2616375947839
267.4,7.75,7,7.74993788321671,7.00007164516249,6.76525510977506,6.87858731052992,15.4998757664334,14.000143290325,14.3268730562178,12.2617608134325
267.5,7.75,7,7.74993785252282,7.00007167111655,6.76526407570381,6.87857702119675,15.4998757050456,14.0001433422331,14.3267636513787,12.261883945588
267.6,7.75,7,7.74993782191478,7.00007169697352,6.76527304272819,6.8785667402355,15.4998756438296,14.000143393947,14.3266543148609,12.2620069769384
267.7,7.75,7,7.74993779104428,7.00007172275239,6.76528210205123,6.87855646538505,15.4998755820886,14.0001434455048,14.3265450360248,12.2621299229069
267.8,7.75,7,7.74993776087747,7.00007174843033,6.76529099291174,6.87854620040827,15.4998755217549,14.0001434968607,14.3264358233614,12.262252771882
267.9,7.75,7,7.74993773022087,7.00007177403126,6.76530003843357,6.87853594102689,15.4998754604417,14.0001435480625,14.326326669534,12.2623755336269
268,7.75,7,7.74993769990146,7.00007179953556,6.76530901541525,6.87852569047012,15.4998753998029,14.0001435990711,14.3262175818883,12.2624981981021
268.1,7.75,7,7.74993767021294,7.00007182494481,6.76531784239921,6.87851544916364,15.4998753404259,14.0001436498896,14.3261085569773,12.2626207706956
268.2,7.75,7,7.74993763970122,7.00007185027658,6.76532691600623,6.87850521287187,15.4998752794024,14.0001437005532,14.3259995940749,12.2627432511769
268.3,7.75,7,7.74993760905799,7.00007187552542,6.76533604678135,6.87849498336933,15.499875218116,14.0001437510508,14.3258906915301,12.2628656426454
268.4,7.75,7,7.74993758017099,7.00007190066769,6.76534471992345,6.87848476623092,15.499875160342,14.0001438013354,14.3257818509703,12.2629879444694
268.5,7.75,7,7.74993755150055,7.00007192572095,6.76535335567319,6.87847455706181,15.4998751030011,14.0001438514419,14.3256730723833,12.2631101552869
268.6,7.75,7,7.74993752091766,7.00007195070912,6.76536253522369,6.87846434981198,15.4998750418353,14.0001439014182,14.3255643559739,12.263232272877
268.7,7.75,7,7.74993749140961,7.0000719755965,6.76537144351645,6.87845415316115,15.4998749828192,14.000143951193,14.3254557031088,12.2633542980044
268.8,7.75,7,7.74993746229665,7.00007200039207,6.76538026575149,6.87844396506504,15.4998749245933,14.0001440007841,14.3253471129183,12.2634762313608
268.9,7.75,7,7.74993743247342,7.00007202511004,6.76538930321205,6.87843378223388,15.4998748649468,14.0001440502201,14.3252385842617,12.2635980736406
269,7.75,7,7.74993740344516,7.00007204973106,6.76539814552315,6.87842360915657,15.4998748068903,14.0001440994621,14.3251301188133,12.2637198238005
269.1,7.75,7,7.74993737413459,7.0000720742674,6.76540708670615,6.87841344276201,15.4998747482692,14.0001441485348,14.3250217166029,12.2638414808425
269.2,7.75,7,7.74993734480993,7.00007209872374,6.76541605159006,6.87840328315871,15.4998746896199,14.0001441974475,14.3249133721042,12.2639630531577
269.3,7.75,7,7.74993731629593,7.00007212307939,6.76542481779929,6.87839313367014,15.4998746325919,14.0001442461588,14.324805093542,12.2640845294657
269.4,7.75,7,7.74993728728381,7.00007214735146,6.76543374200004,6.87838299037415,15.4998745745676,14.0001442947029,14.3246968793361,12.2642059109213
269.5,7.75,7,7.74993725768129,7.00007217154803,6.76544284761193,6.87837285241099,15.4998745153626,14.0001443430961,14.3245887244619,12.2643272048416
269.6,7.75,7,7.74993722958736,7.00007219564233,6.76545156234185,6.87836272602408,15.4998744591747,14.0001443912847,14.3244806311108,12.2644484099718
269.7,7.75,7,7.74993720213417,7.00007221964429,6.76546012303484,6.8783526087339,15.4998744042683,14.0001444392886,14.3243725992638,12.2645695255756
269.8,7.75,7,7.74993717217495,7.00007224359205,6.76546938806579,6.87834249136012,15.4998743443499,14.0001444871841,14.3242646271986,12.2646905513194
269.9,7.75,7,7.74993714276499,7.00007226744764,6.76547852416498,6.87833238290338,15.49987428553,14.0001445348953,14.3241567173612,12.2648114864572
270,7.75,7,7.74993711699808,7.00007229116866,6.76548668853226,6.87832229281699,15.4998742339962,14.0001445823373,14.3240488751059,12.2649323260289
270.1,7.75,7,7.74993708894847,7.00007231483521,6.76549549560447,6.87831220310189,15.4998741778969,14.0001446296704,14.3239410911458,12.265053078219
270.2,7.75,7,7.74993705942447,7.00007233843664,6.76550472504938,6.87830211619259,15.4998741188489,14.0001446768733,14.3238333665921,12.2651737421734
270.3,7.75,7,7.74993703254289,7.00007236191504,6.76551325573937,6.87829204479649,15.4998740650858,14.0001447238301,14.3237257096532,12.2652943097035
270.4,7.75,7,7.74993700421793,7.00007238533202,6.76552219928052,6.87828197595452,15.4998740084359,14.000144770664,14.3236181092741,12.2654147932517
270.5,7.75,7,7.74993697627599,7.00007240865459,6.76553106003326,6.87827191593239,15.499873952552,14.0001448173092,14.3235105744342,12.2655351814054
270.6,7.75,7,7.74993694869308,7.00007243188924,6.76553984299763,6.8782618641324,15.4998738973862,14.0001448637785,14.3234031006642,12.265655480707
270.7,7.75,7,7.74993692071485,7.00007245504389,6.76554875422218,6.87825181846106,15.4998738414297,14.0001449100878,14.3232956884739,12.2657756897507
270.8,7.75,7,7.7499368933867,7.00007247811202,6.76555750700647,6.87824178144526,15.4998737867734,14.000144956224,14.3231883340215,12.265895815134
270.9,7.75,7,7.74993686591836,7.00007250108582,6.76556632106267,6.87823175227662,15.4998737318367,14.0001450021716,14.3230810496,12.2660158382317
271,7.75,7,7.74993683805349,7.00007252398558,6.76557526216392,6.87822172873311,15.499873676107,14.0001450479712,14.3229738225677,12.2661357772818
271.1,7.75,7,7.74993681114467,7.00007254679145,6.76558396212443,6.87821171506369,15.4998736222893,14.0001450935829,14.3228666562657,12.2662556286836
271.2,7.75,7,7.7499367846106,7.00007256951013,6.76559257956818,6.87820170960587,15.4998735692212,14.0001451390203,14.3227595506729,12.2663753919657
271.3,7.75,7,7.74993675615126,7.00007259216726,6.76560174242156,6.87819170584074,15.4998735123025,14.0001451843345,14.3226525061534,12.2664950645178
271.4,7.75,7,7.74993672838617,7.00007261473364,6.76561073544935,6.87818171119941,15.4998734567723,14.0001452294673,14.3225455223875,12.266614649242
271.5,7.75,7,7.74993670375801,7.00007263717573,6.76561889318877,6.87817173315507,15.499873407516,14.0001452743515,14.3224386037039,12.2667341421129
271.6,7.75,7,7.74993667757933,7.00007265955178,6.76562749398702,6.8781617579062,15.4998733551587,14.0001453191036,14.3223317464397,12.2668535441931
271.7,7.75,7,7.74993664874959,7.00007268187453,6.76563683816143,6.87815178229306,15.4998732974992,14.0001453637491,14.3222249504344,12.2669728547384
271.8,7.75,7,7.74993662335373,7.00007270408047,6.76564526331121,6.87814182319996,15.4998732467075,14.0001454081609,14.3221182117039,12.2670920851578
271.9,7.75,7,7.74993659765438,7.00007272619972,6.76565379251883,6.87813187103052,15.4998731953088,14.0001454523994,14.3220115393162,12.2672112188707
272,7.75,7,7.74993657001037,7.0000727482631,6.76566287088392,6.87812192005383,15.4998731400207,14.0001454965262,14.3219049243429,12.2673302673782
272.1,7.75,7,7.74993654413465,7.00007277021702,6.76567148749674,6.87811198185491,15.4998730882693,14.000145540434,14.3217983752874,12.2674492217688
272.2,7.75,7,7.74993651754831,7.00007279210142,6.7656803162469,6.87810204834516,15.4998730350966,14.0001455842028,14.3216918834848,12.2675680923824
272.3,7.75,7,7.74993649133497,7.00007281389391,6.76568906364729,6.87809212349244,15.4998729826699,14.0001456277878,14.3215854564334,12.26768686936
272.4,7.75,7,7.74993646541982,7.00007283560391,6.76569774808684,6.878082206346,15.4998729308396,14.0001456712078,14.3214790878638,12.2678055617643
272.5,7.75,7,7.74993643903032,7.00007285723192,6.76570658233715,6.8780722954216,15.4998728780606,14.0001457144638,14.3213727839282,12.267924159993
272.6,7.75,7,7.74993641327722,7.00007287877304,6.76571526135759,6.87806239322425,15.4998728265544,14.0001457575461,14.3212665389885,12.2680426732745
272.7,7.75,7,7.74993638783534,7.00007290023103,6.76572387386732,6.8780524988219,15.4998727756707,14.0001458004621,14.3211603530226,12.2681611013713
272.8,7.75,7,7.74993636110389,7.00007292162022,6.76573285770195,6.87804260798695,15.4998727222078,14.0001458432404,14.3210542289323,12.2682794386398
272.9,7.75,7,7.74993633506439,7.00007294291952,6.76574167158872,6.8780327262534,15.4998726701288,14.000145885839,14.3209481657348,12.2683976883547
273,7.75,7,7.74993631103608,7.00007296410928,6.7657499564378,6.87802285779595,15.4998726220722,14.0001459282186,14.3208421669711,12.268515846634
273.1,7.75,7,7.74993628606872,7.00007298522984,6.76575851599243,6.87801299360495,15.4998725721374,14.0001459704597,14.3207362275706,12.2686339181412
273.2,7.75,7,7.74993625962496,7.0000730062856,6.76576749728735,6.87800313229924,15.4998725192499,14.0001460125712,14.3206303488441,12.2687519005166
273.3,7.75,7,7.7499362347858,7.00007302724079,6.76577605942688,6.87799328274285,15.4998724695716,14.0001460544816,14.3205245314692,12.268869795641
273.4,7.75,7,7.74993620947637,7.00007304812039,6.76578476843934,6.87798343889445,15.4998724189527,14.0001460962408,14.320418774404,12.2689876031461
273.5,7.75,7,7.74993618413034,7.00007306891744,6.76579350637395,6.87797360217381,15.4998723682607,14.0001461378349,14.3203130792331,12.2691053211727
273.6,7.75,7,7.74993615937445,7.00007308962788,6.76580210141381,6.87796377410541,15.4998723187489,14.0001461792558,14.3202074437231,12.2692229535532
273.7,7.75,7,7.7499361340317,7.00007311026324,6.76581087522885,6.87795395149546,15.4998722680634,14.0001462205265,14.3201018692874,12.2693404971973
273.8,7.75,7,7.74993610918122,7.00007313080719,6.76581953413325,6.87794413778256,15.4998722183624,14.0001462616144,14.3199963590367,12.2694579486374
273.9,7.75,7,7.74993608483357,7.00007315126731,6.76582807346199,6.87793433232855,15.4998721696671,14.0001463025346,14.3198909072642,12.2695753161521
274,7.75,7,7.7499360594788,7.00007317165797,6.76583690599173,6.87792453107183,15.4998721189576,14.0001463433159,14.3197855160846,12.2696925953336
274.1,7.75,7,7.74993603431035,7.00007319196758,6.76584570546284,6.87791473724865,15.4998720686207,14.0001463839352,14.3196801840802,12.2698097893524
274.2,7.75,7,7.74993601098709,7.00007321217599,6.76585401930087,6.87790495571175,15.4998720219742,14.000146424352,14.3195749123106,12.2699268982331
274.3,7.75,7,7.74993598739086,7.00007323230597,6.76586242596961,6.87789518053238,15.4998719747817,14.0001464646119,14.319469701757,12.2700439186482
274.4,7.75,7,7.74993596079704,7.00007325238307,6.76587167040465,6.87788540441423,15.4998719215941,14.0001465047661,14.3193645565086,12.2701608422391
274.5,7.75,7,7.74993593696831,7.00007327235059,6.76588017752085,6.87787564303664,15.4998718739366,14.0001465447012,14.319259470098,12.2702776836442
274.6,7.75,7,7.74993591494923,7.00007329221947,6.76588820808279,6.87786589367091,15.4998718298985,14.0001465844389,14.319154442509,12.270394442038
274.7,7.75,7,7.7499358896379,7.00007331205011,6.76589715421585,6.87785614154511,15.4998717792758,14.0001466241002,14.3190494718572,12.270511115476
274.8,7.75,7,7.74993586540404,7.00007333177927,6.76590582607949,6.87784640032801,15.4998717308081,14.0001466635585,14.3189445685235,12.2706276930671
274.9,7.75,7,7.74993584243142,7.00007335142138,6.76591416979645,6.87783666909673,15.4998716848628,14.0001467028428,14.3188397200932,12.2707441928671
275,7.75,7,7.7499358177471,7.00007337099587,6.76592300006439,6.87782694063192,15.4998716354942,14.0001467419917,14.3187349374093,12.2708605965876
275.1,7.75,7,7.74993579412302,7.00007339048201,6.76593155778463,6.87781722190246,15.499871588246,14.000146780964,14.3186302124373,12.2709769183538
275.2,7.75,7,7.74993577031055,7.00007340988846,6.76594018499575,6.87780750983426,15.4998715406211,14.0001468197769,14.3185255493828,12.271093151006
275.3,7.75,7,7.74993574650229,7.00007342921841,6.76594882789384,6.87779780450698,15.4998714930046,14.0001468584368,14.3184209442232,12.2712093005292
275.4,7.75,7,7.74993572330496,7.00007344845642,6.76595732271499,6.87778810840991,15.4998714466099,14.0001468969128,14.3183164035074,12.2713253581089
275.5,7.75,7,7.7499356995137,7.00007346762368,6.76596599666341,6.8777784174463,15.4998713990274,14.0001469352474,14.3182119215686,12.2714413308042
275.6,7.75,7,7.74993567580879,7.00007348671391,6.76597466369917,6.87776873343499,15.4998713516176,14.0001469734278,14.318107497379,12.2715572207424
275.7,7.75,7,7.74993565325039,7.00007350571289,6.76598303485911,6.8777590595956,15.4998713065008,14.0001470114258,14.3180031326428,12.2716730264802
275.8,7.75,7,7.74993563032202,7.00007352463063,6.76599152565074,6.87774939224151,15.499871260644,14.0001470492613,14.3178988328794,12.2717887387455
275.9,7.75,7,7.74993560553534,7.00007354349055,6.7660005409037,6.87773972655689,15.4998712110707,14.0001470869811,14.3177945931866,12.2719043632307
276,7.75,7,7.7499355828472,7.00007356224847,6.76600900027896,6.87773007376629,15.4998711656944,14.0001471244969,14.3176904130613,12.2720199043194
276.1,7.75,7,7.74993556190035,7.00007358090856,6.7660170012472,6.87772043284609,15.4998711238007,14.0001471618171,14.31758629248,12.2721353617466
276.2,7.75,7,7.74993553819461,7.00007359952505,6.76602577154781,6.87771079068193,15.4998710763892,14.0001471990501,14.3174822290443,12.2722507348413
276.3,7.75,7,7.74993551400961,7.00007361806843,6.76603468964543,6.87770115410317,15.4998710280192,14.0001472361369,14.3173782255999,12.2723660216524
276.4,7.75,7,7.74993549333073,7.00007363648572,6.76604266924206,6.8776915351683,15.4998709866615,14.0001472729714,14.3172742881405,12.2724812172979
276.5,7.75,7,7.74993547039377,7.0000736548579,6.76605128046938,6.877681916061,15.4998709407875,14.0001473097158,14.3171704047971,12.2725963334897
276.6,7.75,7,7.74993544738759,7.00007367314642,6.76605992872055,6.87767230424258,15.4998708947752,14.0001473462928,14.317066586111,12.2727113571965
276.7,7.75,7,7.74993542532325,7.00007369135052,6.76606833566874,6.87766270165252,15.4998708506465,14.000147382701,14.3169628239456,12.2728263010057
276.8,7.75,7,7.74993540243876,7.00007370948092,6.76607698425029,6.87765310409016,15.4998708048775,14.0001474189618,14.3168591254422,12.2729411531266
276.9,7.75,7,7.74993538026932,7.00007372752947,6.76608545337387,6.87764351511568,15.4998707605386,14.0001474550589,14.3167554835476,12.2730559250729
277,7.75,7,7.749935357953,7.00007374549541,6.76609398054374,6.87763393321158,15.499870715906,14.0001474909908,14.3166519064122,12.2731706044469
277.1,7.75,7,7.74993533550856,7.00007376339104,6.76610255793831,6.87762435732298,15.4998706710171,14.0001475267821,14.3165483844681,12.2732852049513
277.2,7.75,7,7.74993531380726,7.00007378120298,6.76611094844074,6.87761479024911,15.4998706276145,14.000147562406,14.3164449204503,12.2733997235091
277.3,7.75,7,7.74993529183516,7.00007379893051,6.76611943138758,6.87760523018931,15.4998705836703,14.000147597861,14.3163415238198,12.2735141457298
277.4,7.75,7,7.74993526892781,7.00007381659498,6.76612818520085,6.87759567402342,15.4998705378556,14.00014763319,14.3162381839907,12.2736284861278
277.5,7.75,7,7.74993524740542,7.00007383416672,6.7661365771875,6.87758612867152,15.4998704948108,14.0001476683334,14.3161349036017,12.2737427431004
277.6,7.75,7,7.74993522693512,7.0000738516496,6.76614469816163,6.8775765931795,15.4998704538702,14.0001477032992,14.3160316826286,12.2738569164055
277.7,7.75,7,7.7499352049358,7.00007386907803,6.76615325160901,6.87756705973137,15.4998704098716,14.0001477381561,14.3159285171473,12.2739710092875
277.8,7.75,7,7.74993518279018,7.0000738864255,6.76616186231327,6.87755753324056,15.4998703655804,14.000147772851,14.315825415581,12.2740850110541
277.9,7.75,7,7.74993516186237,7.00007390368287,6.76617015653674,6.87754801703686,15.4998703237247,14.0001478073657,14.3157223730881,12.2741989298794
278,7.75,7,7.74993513997428,7.00007392087296,6.76617872921887,6.87753850508092,15.4998702799486,14.0001478417459,14.3156193911826,12.2743127616399
278.1,7.75,7,7.74993511862862,7.00007393798153,6.76618716953041,6.8775290014106,15.4998702372572,14.0001478759631,14.3155164677317,12.2744265107771
278.2,7.75,7,7.749935097421,7.00007395500871,6.76619558875454,6.87751950527643,15.499870194842,14.0001479100174,14.3154136062569,12.274540171944
278.3,7.75,7,7.74993507581819,7.00007397196442,6.76620413161577,6.87751001481465,15.4998701516364,14.0001479439288,14.3153108037992,12.274653748886
278.4,7.75,7,7.74993505490611,7.00007398883866,6.76621250117168,6.87750053291819,15.4998701098122,14.0001479776773,14.3152080586036,12.2747672451211
278.5,7.75,7,7.74993503419058,7.00007400563713,6.76622083227222,6.87749105817362,15.4998700683812,14.0001480112743,14.31510537065,12.2748806602505
278.6,7.75,7,7.74993501209092,7.00007402236784,6.76622955842742,6.87748158696542,15.4998700241818,14.0001480447357,14.3150027477094,12.2749939818203
278.7,7.75,7,7.74993499114096,7.00007403900957,6.76623798636717,6.87747212585049,15.4998699822819,14.0001480780191,14.3149001839845,12.2751072204185
278.8,7.75,7,7.74993497162342,7.00007405555951,6.76624603879531,6.87746267560331,15.4998699432468,14.000148111119,14.3147976792146,12.2752203767026
278.9,7.75,7,7.74993495048642,7.00007407205344,6.76625454855286,6.87745322741896,15.4998699009728,14.0001481441069,14.3146952325384,12.2753334491193
279,7.75,7,7.74993492811399,7.00007408848563,6.76626341106018,6.8774437825202,15.499869856228,14.0001481769713,14.3145928450815,12.2754464364534
279.1,7.75,7,7.74993490913468,7.00007410480574,6.76627136233177,6.87743435391736,15.4998698182694,14.0001482096115,14.3144905152053,12.2755593453054
279.2,7.75,7,7.74993489021186,7.00007412104917,6.76627931367333,6.87742493231772,15.4998697804237,14.0001482420983,14.3143882448693,12.2756721698629
279.3,7.75,7,7.74993486778933,7.00007413725107,6.76628823689522,6.87741550805126,15.4998697355787,14.0001482745021,14.3142860382022,12.2757849010434
279.4,7.75,7,7.74993484792485,7.00007415335499,6.76629647580387,6.87740609729328,15.4998696958497,14.00014830671,14.3141838856323,12.2758975579912
279.5,7.75,7,7.74993482779561,7.00007416938021,6.76630480353353,6.87739669314525,15.4998696555912,14.0001483387604,14.3140817972096,12.2760101239175
279.6,7.75,7,7.74993480698997,7.00007418534189,6.76631333029997,6.87738729349189,15.4998696139799,14.0001483706838,14.3139797647525,12.2761226100504
279.7,7.75,7,7.74993478711548,7.00007420121615,6.76632161837806,6.8773779034304,15.499869574231,14.0001484024323,14.313877792742,12.276235011555
279.8,7.75,7,7.74993476666039,7.00007421702136,6.76633008017341,6.8773685185438,15.4998695333208,14.0001484340427,14.3137758802774,12.276347328347
279.9,7.75,7,7.74993474666394,7.00007423274527,6.7663384320496,6.87735914184104,15.4998694933279,14.0001484654905,14.3136740277678,12.2764595608307
280,7.75,7,7.74993472697737,7.00007424839631,6.76634671323631,6.87734977229256,15.4998694539547,14.0001484967926,14.3135722299506,12.2765717163323
280.1,7.75,7,7.7499347064481,7.00007426397665,6.76635524051963,6.87734040760106,15.4998694128962,14.0001485279533,14.3134704954775,12.2766837816011
280.2,7.75,7,7.74993468662992,7.00007427947301,6.76636358883975,6.87733105180951,15.4998693732598,14.000148558946,14.313368820978,12.2767957628547
280.3,7.75,7,7.74993466763729,7.00007429488642,6.76637172645422,6.87732170503718,15.4998693352746,14.0001485897728,14.3132672046606,12.2769076627555
280.4,7.75,7,7.74993464738484,7.00007431024035,6.76638022264125,6.87731236135734,15.4998692947697,14.0001486204807,14.3131656467225,12.2770194791373
280.5,7.75,7,7.7499346265611,7.00007432552742,6.76638888933116,6.87730302269872,15.4998692531222,14.0001486510548,14.313064146875,12.2771312130669
280.6,7.75,7,7.7499346083903,7.00007434071087,6.76639684637154,6.87729369827754,15.4998692167806,14.0001486814217,14.3129627053158,12.277242867254
280.7,7.75,7,7.74993459058788,7.00007435581669,6.76640471736228,6.877284381576,15.4998691811758,14.0001487116334,14.3128613220409,12.2773544396332
280.8,7.75,7,7.74993456911236,7.00007437088936,6.76641360579515,6.87727506119383,15.4998691382247,14.0001487417787,14.3127599981685,12.2774659249454
280.9,7.75,7,7.74993454993642,7.00007438585814,6.76642188178901,6.87726575444192,15.4998690998728,14.0001487717163,14.3126587361374,12.27757732527
281,7.75,7,7.74993453246556,7.0000744007386,6.76642970587089,6.87725645882703,15.4998690649311,14.0001488014772,14.3125575289876,12.2776886498902
281.1,7.75,7,7.74993451213616,7.00007441557409,6.76643832544587,6.87724716210245,15.4998690242723,14.0001488311482,14.3124563834595,12.2777998851532
281.2,7.75,7,7.74993449308864,7.00007443032522,6.7664466087453,6.87723787539169,15.4998689861773,14.0001488606504,14.3123552935766,12.2779110432995
281.3,7.75,7,7.74993447406437,7.00007444499623,6.76645490127677,6.87722859602232,15.4998689481287,14.0001488899925,14.3122542673843,12.2780221118842
281.4,7.75,7,7.74993445477348,7.00007445960187,6.76646327990591,6.87721932212828,15.499868909547,14.0001489192037,14.3121532957994,12.2781331034438
281.5,7.75,7,7.74993443614258,7.0000744741229,6.76647149335791,6.87721005715268,15.4998688722852,14.0001489482458,14.3120523858483,12.2782440089775
281.6,7.75,7,7.74993441698398,7.0000744885808,6.76647986426115,6.8772007969795,15.499868833968,14.0001489771616,14.3119515311634,12.2783548363714
281.7,7.75,7,7.74993439815212,7.00007450295663,6.76648816113029,6.87719154489519,15.4998687963042,14.0001490059133,14.3118507392068,12.2784655759551
281.8,7.75,7,7.74993437990695,7.00007451725305,6.76649631189296,6.87718230113337,15.4998687598139,14.0001490345061,14.3117500055458,12.2785762342222
281.9,7.75,7,7.74993436078997,7.00007453148676,6.76650471463012,6.87717306152449,15.4998687215799,14.0001490629735,14.3116493301095,12.2786868099603
282,7.75,7,7.74993434154056,7.00007454565135,6.76651316709383,6.87716382799853,15.4998686830811,14.0001490913027,14.3115487113462,12.2787973060525
282.1,7.75,7,7.74993432403437,7.00007455972378,6.76652115758154,6.87715460607233,15.4998686480687,14.0001491194476,14.3114481507413,12.2789077221632
282.2,7.75,7,7.74993430668338,7.00007457372212,6.76652911955046,6.87714539121376,15.4998686133668,14.0001491474442,14.3113476482836,12.2790180568767
282.3,7.75,7,7.74993428737518,7.00007458766971,6.76653762974434,6.87713617746078,15.4998685747504,14.0001491753394,14.3112472045385,12.2791283074877
282.4,7.75,7,7.74993426914763,7.00007460153171,6.76654585891997,6.87712697351516,15.4998685382953,14.0001492030634,14.3111468198545,12.2792384763251
282.5,7.75,7,7.74993425125361,7.00007461531641,6.76655401103584,6.87711777726738,15.4998685025072,14.0001492306328,14.3110464944365,12.279348562445
282.6,7.75,7,7.74993423263853,7.00007462903832,6.76656237345981,6.8771085854803,15.4998684652771,14.0001492580766,14.3109462262835,12.2794585677076
282.7,7.75,7,7.74993421479213,7.00007464267751,6.76657054007038,6.87709940268483,15.4998684295843,14.000149285355,14.3108460178936,12.2795684900121
282.8,7.75,7,7.74993419661626,7.00007465624757,6.76657881039415,6.87709022565033,15.4998683932325,14.0001493124951,14.3107458684147,12.2796783295699
282.9,7.75,7,7.74993417841176,7.00007466975097,6.76658710117065,6.87708105469604,15.4998683568235,14.0001493395019,14.3106457731253,12.2797880932895
283,7.75,7,7.74993416099084,7.0000746831684,6.76659519255243,6.87707189307191,15.4998683219817,14.0001493663368,14.3105457402528,12.2798977704358
283.1,7.75,7,7.74993414301503,7.0000746965183,6.76660344928056,6.87706273666614,15.4998682860301,14.0001493930366,14.3104457672249,12.2800073634068
283.2,7.75,7,7.74993412444718,7.00007470980626,6.76661188048936,6.87705358489928,15.4998682488944,14.0001494196125,14.3103458498901,12.2801168779983
283.3,7.75,7,7.74993410737454,7.00007472300619,6.76661991682541,6.87704444395133,15.4998682147491,14.0001494460124,14.3102459902638,12.2802263133358
283.4,7.75,7,7.74993409088488,7.00007473612853,6.76662780727108,6.87703531121676,15.4998681817698,14.0001494722571,14.3101461883284,12.2803356686329
283.5,7.75,7,7.74993407182112,7.00007474921115,6.76663641323365,6.87702617750339,15.4998681436422,14.0001494984223,14.3100464424401,12.2804449433101
283.6,7.75,7,7.74993405338426,7.00007476221429,6.76664486151886,6.87701705226408,15.4998681067685,14.0001495244286,14.3099467554675,12.2805541363293
283.7,7.75,7,7.74993403849001,7.00007477510018,6.76665235702385,6.87700794425387,15.49986807698,14.0001495502004,14.3098471313018,12.2806632449691
283.8,7.75,7,7.74993402124261,7.00007478794579,6.76666050729133,6.8769988357279,15.4998680424852,14.0001495758916,14.3097475617586,12.2807722752586
283.9,7.75,7,7.74993400258457,7.00007480073864,6.76666905533911,6.87698972954346,15.4998680051691,14.0001496014773,14.3096480483453,12.2808812259857
284,7.75,7,7.74993398649431,7.00007481342533,6.7666769166212,6.87698063781753,15.4998679729886,14.0001496268507,14.3095485978762,12.2809900913327
284.1,7.75,7,7.74993396891809,7.0000748260635,6.76668519556392,6.8769715479125,15.4998679378362,14.000149652127,14.3094492008706,12.2810988808166
284.2,7.75,7,7.74993395172152,7.00007483862283,6.7666933845473,6.87696246600267,15.499867903443,14.0001496772457,14.3093498648774,12.2812075856589
284.3,7.75,7,7.74993393483687,7.00007485110815,6.76670150128168,6.87695339152235,15.4998678696737,14.0001497022163,14.3092505866259,12.2813162103821
284.4,7.75,7,7.74993391754036,7.0000748635282,6.76670974322348,6.87694432236125,15.4998678350807,14.0001497270564,14.3091513657242,12.2814247548921
284.5,7.75,7,7.74993390087076,7.00007487587456,6.7667178261661,6.87693526117448,15.4998678017415,14.0001497517491,14.3090521994722,12.2815332239261
284.6,7.75,7,7.74993388401077,7.00007488814369,6.76672597552312,6.87692620682534,15.4998677680215,14.0001497762874,14.3089530984385,12.2816416020572
284.7,7.75,7,7.74993386674431,7.00007490035193,6.76673424772762,6.87691715741129,15.4998677334886,14.0001498007039,14.308854051273,12.2817499049028
284.8,7.75,7,7.74993385041519,7.00007491248034,6.76674227658346,6.87690811711138,15.4998677008304,14.0001498249607,14.308755061053,12.2818581294416
284.9,7.75,7,7.74993383441625,7.00007492453591,6.76675022779476,6.87689908418991,15.4998676688325,14.0001498490718,14.3086561277581,12.2819662751698
285,7.75,7,7.74993381643386,7.0000749365445,6.7667587329822,6.87689005208599,15.4998676328677,14.000149873089,14.3085572517356,12.282074339505
285.1,7.75,7,7.74993379916559,7.00007494847596,6.76676705564935,6.87688102845691,15.4998675983312,14.0001498969519,14.3084584326816,12.2821823253727
285.2,7.75,7,7.74993378502022,7.00007496029738,6.76677453921764,6.8768720206985,15.4998675700404,14.0001499205948,14.3083596752693,12.2822902285249
285.3,7.75,7,7.74993376921551,7.00007497206878,6.76678248808781,6.87686301463568,15.499867538431,14.0001499441376,14.3082609747683,12.282398051163
285.4,7.75,7,7.74993375079921,7.00007498380045,6.76679116227016,6.87685400760398,15.4998675015984,14.0001499676009,14.3081623316484,12.2825057917859
285.5,7.75,7,7.74993373581752,7.00007499542835,6.76679891042899,6.8768450164291,15.499867471635,14.0001499908567,14.3080637422236,12.2826134610855
285.6,7.75,7,7.74993372041306,7.00007500698544,6.76680678745099,6.87683603112127,15.4998674408261,14.0001500139709,14.3079652154701,12.2827210430962
285.7,7.75,7,7.74993370309249,7.00007501850006,6.76681519893907,6.87682704635901,15.499867406185,14.0001500370001,14.3078667419878,12.2828285495047
285.8,7.75,7,7.7499336875187,7.00007502991995,6.76682314686051,6.87681807359711,15.4998673750374,14.0001500598399,14.3077683307318,12.2829359712916
285.9,7.75,7,7.74993367118267,7.00007504128387,6.76683131428302,6.87680910471754,15.4998673423653,14.0001500825677,14.3076699731846,12.283043317979
286,7.75,7,7.7499336552065,7.00007505257129,6.76683939624548,6.87680014365699,15.499867310413,14.0001501051426,14.3075716758941,12.2831505815541
286.1,7.75,7,7.74993363948699,7.00007506378937,6.76684741984015,6.87679118956383,15.499867278974,14.0001501275787,14.3074734339327,12.2832577687715
286.2,7.75,7,7.74993362327589,7.00007507494082,6.76685559030813,6.87678224084962,15.4998672465518,14.0001501498816,14.3073752521569,12.2833648722475
286.3,7.75,7,7.74993360768035,7.00007508601901,6.76686360435232,6.87677330011972,15.4998672153607,14.000150172038,14.3072771256815,12.2834718997851
286.4,7.75,7,7.74993359235996,7.00007509702788,6.76687155486363,6.87676436639923,15.4998671847199,14.0001501940558,14.3071790544849,12.2835788511249
286.5,7.75,7,7.74993357570301,7.00007510798248,6.76687988234737,6.87675543540047,15.499867151406,14.000150215965,14.3070810413253,12.2836857209969
286.6,7.75,7,7.74993355976563,7.00007511885988,6.76688802541809,6.87674651295317,15.4998671195313,14.0001502377198,14.3069830859147,12.2837925117151
286.7,7.75,7,7.74993354577256,7.00007512964388,6.76689565011921,6.87673760277409,15.4998670915451,14.0001502592878,14.306885190259,12.2838992216597
286.8,7.75,7,7.74993353079112,7.00007514037282,6.76690355611364,6.87672869602449,15.4998670615822,14.0001502807456,14.3067873501534,12.2840058539714
286.9,7.75,7,7.74993351434192,7.00007515105072,6.76691187448236,6.8767197914735,15.4998670286838,14.0001503021014,14.3066895668247,12.2841124065398
287,7.75,7,7.74993349947825,7.00007516164162,6.76691977193703,6.87671089795955,15.4998669989565,14.0001503232832,14.306591841451,12.2842188805699
287.1,7.75,7,7.74993348408743,7.0000751721718,6.76692782477959,6.87670200924345,15.4998669681749,14.0001503443436,14.3064941721438,12.2843252767514
287.2,7.75,7,7.74993346865971,7.0000751826329,6.76693589963284,6.87669312699061,15.4998669373194,14.0001503652658,14.306396561298,12.2844315922573
287.3,7.75,7,7.74993345378368,7.00007519302188,6.76694383516756,6.87668425254036,15.4998669075674,14.0001503860438,14.3062990059077,12.2845378317983
287.4,7.75,7,7.74993343828912,7.00007520334926,6.76695195128541,6.87667538282089,15.4998668765782,14.0001504066985,14.3062015083543,12.2846439910418
287.5,7.75,7,7.7499334232727,7.00007521360051,6.76695994894142,6.87666652116091,15.4998668465454,14.000150427201,14.3061040704447,12.2847500685315
287.6,7.75,7,7.74993340872403,7.00007522378156,6.76696782995578,6.8766576669852,15.4998668174481,14.0001504475631,14.3060066873344,12.2848560709587
287.7,7.75,7,7.74993339312356,7.00007523390732,6.76697600951095,6.87664881618485,15.4998667862471,14.0001504678146,14.3059093610412,12.2849619941719
287.8,7.75,7,7.74993337771225,7.00007524396533,6.76698414854471,6.87663997214802,15.4998667554245,14.0001504879307,14.3058120902341,12.2850678411683
287.9,7.75,7,7.7499333641366,7.00007525393587,6.76699179774592,6.87663113967584,15.4998667282732,14.0001505078717,14.3057148758674,12.2851736121707
288,7.75,7,7.74993335018973,7.00007526384223,6.76699955982209,6.87662231264264,15.4998667003795,14.0001505276845,14.3056177194577,12.2852793030903
288.1,7.75,7,7.74993333327923,7.00007527371083,6.76700814292529,6.87661348394251,15.4998666665585,14.0001505474217,14.3055206235868,12.2853849080216
288.2,7.75,7,7.74993331913753,7.00007528348311,6.76701598109756,6.87660466931568,15.4998666382751,14.0001505669662,14.3054235828427,12.2854904397
288.3,7.75,7,7.7499333067282,7.0000752931709,6.76702335722593,6.8765958658031,15.4998666134564,14.0001505863418,14.3053265972106,12.2855958972168
288.4,7.75,7,7.74993329097444,7.00007530283343,6.76703165689064,6.87658705877227,15.4998665819489,14.0001506056669,14.3052296653321,12.2857012777967
288.5,7.75,7,7.74993327633199,7.00007531240987,6.76703966544295,6.87657826191454,15.499866552664,14.0001506248197,14.3051327960096,12.2858065734662
288.6,7.75,7,7.74993326287498,7.000075321912,6.76704736051948,6.8765694742445,15.49986652575,14.000150643824,14.3050359785676,12.2859117989816
288.7,7.75,7,7.74993324770852,7.00007533136187,6.767055534142,6.87656068853848,15.499866495417,14.0001506627237,14.3049392222462,12.2860169390206
288.8,7.75,7,7.74993323358283,7.00007534073611,6.76706343422141,6.87655191189652,15.4998664671657,14.0001506814722,14.3048425204172,12.2861220052346
288.9,7.75,7,7.74993321922289,7.00007535004559,6.76707140938719,6.87654314102998,15.4998664384458,14.0001507000912,14.3047458762031,12.2862269921909
289,7.75,7,7.74993320486261,7.00007535929105,6.76707939520367,6.87653437628575,15.4998664097252,14.0001507185821,14.3046492867564,12.2863319040355
289.1,7.75,7,7.74993319107516,7.00007536846009,6.76708723615058,6.87652561986752,15.4998663821503,14.0001507369202,14.3045527571825,12.2864367343189
289.2,7.75,7,7.74993317665726,7.00007537757198,6.76709525974953,6.87651686780985,15.4998663533145,14.000150755144,14.3044562827215,12.2865414884866
289.3,7.75,7,7.74993316231913,7.00007538661984,6.76710327191175,6.87650812202882,15.4998663246383,14.0001507732397,14.3043598624085,12.2866461685361
289.4,7.75,7,7.7499331491122,7.00007539559,6.76711098587074,6.87649938569381,15.4998662982244,14.00015079118,14.3042634977857,12.2867507733431
289.5,7.75,7,7.74993313546029,7.0000754044937,6.76711883295963,6.8764906549527,15.4998662709206,14.0001508089874,14.304167194629,12.2868552935764
289.6,7.75,7,7.7499331199706,7.00007541335352,6.76712719225089,6.87648192518457,15.4998662399412,14.000150826707,14.3040709471442,12.286959735916
289.7,7.75,7,7.7499331065794,7.00007542212475,6.76713498920133,6.87647320762726,15.4998662131588,14.0001508442495,14.303974755452,12.2870641038373
289.8,7.75,7,7.74993309485958,7.00007543081232,6.76714234036712,6.87646450105853,15.4998661897192,14.0001508616246,14.3038786195298,12.2871683970021
289.9,7.75,7,7.74993308031066,7.00007543946998,6.76715047383817,6.87645579238546,15.4998661606213,14.00015087894,14.3037825370804,12.2872726144396
290,7.75,7,7.74993306537144,7.00007544806648,6.76715872442226,6.87644708891474,15.4998661307429,14.000150896133,14.3036865112691,12.2873767540858
290.1,7.75,7,7.74993305384706,7.00007545655333,6.76716605421319,6.87643840201559,15.4998661076941,14.0001509131067,14.3035905467516,12.2874808131003
290.2,7.75,7,7.74993304000619,7.00007546500791,6.76717402575242,6.87642971415386,15.4998660800124,14.0001509300158,14.3034946328778,12.2875848007939
290.3,7.75,7,7.74993302613705,7.00007547339244,6.76718201626646,6.87642103300053,15.4998660522741,14.0001509467849,14.3033987799393,12.2876887052344
290.4,7.75,7,7.74993301314613,7.00007548170593,6.7671897767876,6.87641236024888,15.4998660262923,14.0001509634119,14.3033029799444,12.2877925381931
290.5,7.75,7,7.74993299932533,7.00007548996058,6.76719777472136,6.87640369172353,15.4998659986507,14.0001509799212,14.3032072391581,12.2878962895714
290.6,7.75,7,7.74993298619994,7.00007549814578,6.76720559259574,6.87639503113256,15.4998659723999,14.0001509962916,14.3031115518298,12.2879999686442
290.7,7.75,7,7.74993297288552,7.00007550626381,6.7672134730544,6.87638637670789,15.499865945771,14.0001510125276,14.3030159247513,12.2881035653567
290.8,7.75,7,7.74993295943269,7.00007551432395,6.76722140069998,6.87637772764457,15.4998659188654,14.0001510286479,14.3029203494074,12.2882070913935
290.9,7.75,7,7.74993294670336,7.00007552231297,6.76722914076508,6.87636908673943,15.4998658934067,14.0001510446259,14.302824828855,12.2883105433994
291,7.75,7,7.74993293365003,7.00007553023385,6.76723698057537,6.87636045187037,15.4998658673001,14.0001510604677,14.3027293708919,12.2884139098104
291.1,7.75,7,7.74993291966526,7.0000755381043,6.76724508422477,6.87635182026202,15.4998658393305,14.0001510762086,14.3026339661537,12.2885172028541
291.2,7.75,7,7.74993290705751,7.00007554589541,6.76725282195181,6.87634319876656,15.499865814115,14.0001510917908,14.3025386170709,12.2886204213633
291.3,7.75,7,7.74993289544817,7.00007555361156,6.7672602970702,6.87633458630004,15.4998657908963,14.0001511072231,14.3024433236202,12.2887235650451
291.4,7.75,7,7.74993288226303,7.00007556128629,6.76726821159441,6.87632597510159,15.4998657645261,14.0001511225726,14.3023480820403,12.2888266366757
291.5,7.75,7,7.74993286896119,7.0000755688936,6.76727616866813,6.87631737025605,15.4998657379224,14.0001511377872,14.302252900662,12.2889296262825
291.6,7.75,7,7.74993285682702,7.00007557642509,6.76728381669417,6.87630877483157,15.499865713654,14.0001511528502,14.3021577741442,12.2890325423375
291.7,7.75,7,7.74993284369855,7.0000755839027,6.7672917462264,6.87630018291727,15.4998656873971,14.0001511678054,14.3020627047989,12.2891353797344
291.8,7.75,7,7.74993283110708,7.00007559131243,6.76729953870687,6.87629159855762,15.4998656622142,14.0001511826249,14.3019676897327,12.2892381438369
291.9,7.75,7,7.74993281861196,7.0000755986545,6.76730731513559,6.87628302096433,15.4998656372239,14.000151197309,14.3018727331835,12.2893408285051
292,7.75,7,7.74993280571093,7.00007560593884,6.76731521194361,6.87627444829683,15.4998656114219,14.0001512118777,14.3017778314863,12.2894434382814
292.1,7.75,7,7.74993279348354,7.00007561315469,6.76732293418922,6.87626588349418,15.4998655869671,14.0001512263094,14.3016829833954,12.2895459758719
292.2,7.75,7,7.74993278140847,7.00007562030762,6.76733062420699,6.87625732510617,15.4998655628169,14.0001512406152,14.3015881892534,12.289648440354
292.3,7.75,7,7.74993276793709,7.00007562740751,6.76733870589891,6.87624876947218,15.4998655358742,14.000151254815,14.3014934558975,12.289750821048
292.4,7.75,7,7.74993275561349,7.00007563443187,6.76734648377373,6.87624022322872,15.499865511227,14.0001512688637,14.301398777757,12.2898531278782
292.5,7.75,7,7.7499327446719,7.00007564137816,6.76735389385612,6.87623168703894,15.4998654893438,14.0001512827563,14.3013041548027,12.2899553611222
292.6,7.75,7,7.74993273205024,7.00007564828208,6.76736177186516,6.87622315207622,15.4998654641005,14.0001512965642,14.3012095862018,12.290057519118
292.7,7.75,7,7.74993271822927,7.00007565513707,6.76736998671128,6.87621461982643,15.4998654364585,14.0001513102741,14.3011150730054,12.2901596009049
292.8,7.75,7,7.74993270780915,7.00007566189271,6.7673772823399,6.87620610324027,15.4998654156183,14.0001513237854,14.3010206137037,12.290261612779
292.9,7.75,7,7.74993269731598,7.00007566858583,6.76738460743318,6.87619759266769,15.499865394632,14.0001513371717,14.3009262106362,12.2903635484007
293,7.75,7,7.74993268336991,7.00007567525171,6.76739288506269,6.87618907877215,15.4998653667398,14.0001513505034,14.3008318665543,12.2904654009624
293.1,7.75,7,7.74993267197357,7.00007568183123,6.76740047525097,6.87618057779697,15.4998653439471,14.0001513636625,14.3007375735539,12.2905671867068
293.2,7.75,7,7.7499326602383,7.00007568834768,6.7674081679455,6.87617208244117,15.4998653204766,14.0001513766954,14.3006433401261,12.2906688915073
293.3,7.75,7,7.74993264784472,7.00007569481236,6.76741604916043,6.87616359104153,15.4998652956894,14.0001513896247,14.3005491594802,12.290770524285
293.4,7.75,7,7.74993263634263,7.00007570120397,6.76742369636141,6.87615510838911,15.4998652726853,14.0001514024079,14.3004550349882,12.2908720819235
293.5,7.75,7,7.74993262423096,7.00007570753948,6.76743151929728,6.87614663021184,15.4998652484619,14.000151415079,14.3003609667462,12.2909735629381
293.6,7.75,7,7.74993261256754,7.00007571380763,6.76743922906561,6.87613815945953,15.4998652251351,14.0001514276153,14.3002669541615,12.2910749691255
293.7,7.75,7,7.74993260118549,7.00007572001537,6.76744687046097,6.87612969516069,15.499865202371,14.0001514400307,14.3001729927603,12.2911763064004
293.8,7.75,7,7.74993258893057,7.00007572616608,6.76745475996883,6.87612123498645,15.4998651778611,14.0001514523322,14.3000790912797,12.2912775619197
293.9,7.75,7,7.74993257738356,7.00007573224675,6.76746246532348,6.87611278296474,15.4998651547671,14.0001514644935,14.2999852453841,12.2913787430182
294,7.75,7,7.74993256662398,7.00007573825779,6.76746996459675,6.8761043391951,15.499865133248,14.0001514765156,14.2998914539342,12.2914798513304
294.1,7.75,7,7.74993255455362,7.00007574422286,6.76747783056641,6.87609589771296,15.4998651091072,14.0001514884457,14.2997977171201,12.2915808846935
294.2,7.75,7,7.74993254193488,7.00007575013367,6.76748585503357,6.87608746066106,15.4998650838698,14.0001515002673,14.2997040346691,12.2916818441979
294.3,7.75,7,7.74993253197288,7.00007575595372,6.76749316305796,6.87607903719808,15.4998650639458,14.0001515119074,14.2996104067581,12.2917827325729
294.4,7.75,7,7.74993252230868,7.00007576170984,6.76750039855782,6.87607062059468,15.4998650446174,14.0001515234197,14.2995168333845,12.2918835476759
294.5,7.75,7,7.74993250892264,7.00007576744601,6.76750865903061,6.87606219954974,15.4998650178453,14.000151534892,14.2994233160387,12.2919842838267
294.6,7.75,7,7.74993249788865,7.00007577309199,6.76751628658855,6.87605379152559,15.4998649957773,14.000151546184,14.2993298560073,12.2920849448967
294.7,7.75,7,7.74993248849293,7.00007577866254,6.76752347509244,6.87604539382808,15.4998649769859,14.0001515573251,14.2992364473248,12.2921855382908
294.8,7.75,7,7.74993247618998,7.00007578420187,6.76753146642252,6.876036994228,15.49986495238,14.0001515684037,14.2991430966747,12.2922860508509
294.9,7.75,7,7.74993246519421,7.00007578966889,6.76753910913416,6.8760286040813,15.4998649303884,14.0001515793378,14.2990497980455,12.2923864945678
295,7.75,7,7.74993245416862,7.00007579507091,6.76754676930233,6.87602022036182,15.4998649083372,14.0001515901418,14.2989565586024,12.29248685859
295.1,7.75,7,7.74993244288034,7.00007580041907,6.76755450926504,6.87601184156237,15.4998648857607,14.0001516008381,14.2988633706975,12.2925871530198
295.2,7.75,7,7.74993243221765,7.00007580569709,6.76756208739846,6.87600347084014,15.4998648644353,14.0001516113942,14.2987702400166,12.292687371045
295.3,7.75,7,7.74993242099752,7.00007581092446,6.76756982576682,6.87599510421822,15.499864841995,14.0001516218489,14.2986771610904,12.292787518957
295.4,7.75,7,7.74993241010262,7.00007581608297,6.76757748454858,6.87598674503877,15.4998648202052,14.0001516321659,14.2985841414368,12.2928875874819
295.5,7.75,7,7.74993239975904,7.00007582117592,6.76758500118066,6.87597839336495,15.4998647995181,14.0001516423518,14.2984911757791,12.2929875839441
295.6,7.75,7,7.74993238850356,7.00007582621938,6.76759277514446,6.87597004507819,15.4998647770071,14.0001516524388,14.2983982646268,12.2930875063365
295.7,7.75,7,7.74993237712345,7.0000758312061,6.76760059127756,6.87596170226256,15.4998647542469,14.0001516624122,14.2983054065262,12.2931873573566
295.8,7.75,7,7.74993236748194,7.00007583611351,6.76760794112481,6.87595337037871,15.4998647349639,14.000151672227,14.2982126028278,12.2932871369242
295.9,7.75,7,7.74993235794238,7.00007584096025,6.76761527143758,6.87594504475635,15.4998647158848,14.0001516819205,14.2981198535214,12.2933868435705
296,7.75,7,7.74993234640935,7.00007584576917,6.76762315433352,6.87593671951463,15.4998646928187,14.0001516915383,14.2980271594886,12.2934864742095
296.1,7.75,7,7.74993233597215,7.0000758505059,6.76763074636881,6.87592840340161,15.4998646719443,14.0001517010118,14.2979345201741,12.2935860324469
296.2,7.75,7,7.74993232581468,7.0000758551785,6.76763827046944,6.87592009421486,15.4998646516294,14.000151710357,14.2978419367332,12.2936855160071
296.3,7.75,7,7.74993231493452,7.00007585980139,6.76764599983809,6.87591178879251,15.499864629869,14.0001517196028,14.2977494064164,12.2937849276768
296.4,7.75,7,7.74993230480491,7.00007586435443,6.76765353275742,6.87590349168655,15.4998646096098,14.0001517287089,14.2976569324346,12.2938842645287
296.5,7.75,7,7.74993229430744,7.00007586885213,6.76766117425659,6.87589519952758,15.4998645886149,14.0001517377043,14.2975645131617,12.2939835277366
296.6,7.75,7,7.74993228377479,7.00007587329511,6.76766883290575,6.87588691282675,15.4998645675496,14.0001517465902,14.2974721446181,12.2940827229585
296.7,7.75,7,7.74993227400706,7.00007587766545,6.76767629146865,6.8758786347603,15.4998645480141,14.0001517553309,14.2973798349812,12.2941818399996
296.8,7.75,7,7.74993226363652,7.00007588198247,6.76768392277548,6.87587036104976,15.499864527273,14.0001517639649,14.2972875808181,12.2942808822241
296.9,7.75,7,7.74993225268078,7.00007588624965,6.76769172149795,6.87586209137667,15.4998645053616,14.0001517724993,14.2971953787756,12.2943798541578
297,7.75,7,7.74993224321504,7.00007589044152,6.76769912137968,6.87585383186025,15.4998644864301,14.000151780883,14.2971032307013,12.2944787552561
297.1,7.75,7,7.7499322342823,7.00007589456901,6.76770638364229,6.87584557976778,15.4998644685646,14.000151789138,14.2970111365785,12.294577584683
297.2,7.75,7,7.7499322227155,7.00007589866976,6.7677143725817,6.87583732589463,15.499864445431,14.0001517973395,14.2969190948444,12.2946763416381
297.3,7.75,7,7.74993221186237,7.00007590270241,6.76772217476092,6.8758290801394,15.4998644237247,14.0001518054048,14.2968271087225,12.2947750249104
297.4,7.75,7,7.74993220445929,7.0000759066332,6.76772904353736,6.87582085058565,15.4998644089186,14.0001518132664,14.2967351807856,12.2948736336009
297.5,7.75,7,7.74993219464037,7.00007591053642,6.76773657913873,6.87581261972033,15.4998643892807,14.0001518210728,14.2966433038771,12.2949721719019
297.6,7.75,7,7.74993218348363,7.00007591439792,6.76774448752542,6.87580439081842,15.4998643669673,14.0001518287958,14.2965514798447,12.2950706383558
297.7,7.75,7,7.74993217482828,7.00007591816826,6.76775172141695,6.87579617543271,15.4998643496566,14.0001518363365,14.2964597142271,12.2951690291184
297.8,7.75,7,7.7499321646517,7.00007592190174,6.76775937774678,6.87578796121238,15.4998643293034,14.0001518438035,14.296367998996,12.2952673512317
297.9,7.75,7,7.74993215486067,7.00007592557011,6.76776693685837,6.87577975427506,15.4998643097213,14.0001518511402,14.2962763403878,12.295365598146
298,7.75,7,7.74993214534187,7.00007592917705,6.76777442934071,6.8757715540568,15.4998642906837,14.0001518583541,14.2961847362123,12.295463772703
298.1,7.75,7,7.74993213540334,7.00007593273174,6.76778204389812,6.87576335845321,15.4998642708067,14.0001518654635,14.2960931852834,12.295561875869
298.2,7.75,7,7.74993212607571,7.00007593622435,6.76778949891961,6.8757551702195,15.4998642521514,14.0001518724487,14.2960016859271,12.2956599108434
298.3,7.75,7,7.74993211651681,7.00007593965488,6.76779702553241,6.8757469879317,15.4998642330336,14.0001518793098,14.2959102471214,12.295757864909
298.4,7.75,7,7.74993210654928,7.00007594303623,6.76780467070717,6.87573880997675,15.4998642130986,14.0001518860725,14.2958188587297,12.2958557514325
298.5,7.75,7,7.74993209750828,7.00007594635031,6.76781207033824,6.8757306404691,15.4998641950166,14.0001518927006,14.2957275235769,12.2959535678973
298.6,7.75,7,7.74993208876053,7.00007594960436,6.76781939726451,6.87572247759916,15.4998641775211,14.0001518992087,14.2956362416435,12.2960513137677
298.7,7.75,7,7.74993207797914,7.00007595282448,6.76782728671519,6.87571431476528,15.4998641559583,14.000151905649,14.2955450132599,12.2961489864858
298.8,7.75,7,7.74993206794009,7.00007595597955,6.76783498081869,6.87570615985162,15.4998641358802,14.0001519119591,14.2954538381384,12.2962465890067
298.9,7.75,7,7.74993206101749,7.00007595903746,6.76784183213604,6.87569802016621,15.499864122035,14.0001519180749,14.2953627212265,12.2963441169534
299,7.75,7,7.7499320523345,7.00007596205956,6.76784917116328,6.87568988118455,15.499864104669,14.0001519241191,14.2952716568815,12.2964415733711
299.1,7.75,7,7.74993204108873,7.00007596505391,6.7678572170486,6.87568174072836,15.4998640821775,14.0001519301078,14.2951806461275,12.2965389561812
299.2,7.75,7,7.74993203328531,7.00007596795608,6.76786433000716,6.87567361555234,15.4998640665706,14.0001519359122,14.2950896855644,12.2966362754426
299.3,7.75,7,7.74993202494704,7.00007597080187,6.76787159691294,6.87566549527419,15.4998640498941,14.0001519416037,14.2949987840315,12.2967335157744
299.4,7.75,7,7.74993201473006,7.0000759736169,6.76787938328111,6.87565737499824,15.4998640294601,14.0001519472338,14.2949079317716,12.2968306889258
299.5,7.75,7,7.74993200624627,7.00007597635043,6.76788670433558,6.87564926603509,15.4998640124925,14.0001519527009,14.2948171380815,12.2969277858902
299.6,7.75,7,7.74993199695576,7.00007597904014,6.76789425229197,6.87564116023348,15.4998639939115,14.0001519580803,14.2947263946291,12.2970248154186
299.7,7.75,7,7.74993198802068,7.00007598166691,6.76790171062817,6.87563306152238,15.4998639760414,14.0001519633338,14.2946357070807,12.2971217710774
299.8,7.75,7,7.74993197930759,7.00007598423623,6.76790911525473,6.87562496911634,15.4998639586152,14.0001519684725,14.2945450717257,12.2972186576902
299.9,7.75,7,7.74993197009444,7.00007598675248,6.76791666373402,6.87561688135473,15.4998639401889,14.000151973505,14.2944544922454,12.29731546973
300,7.75,7,7.74993196148345,7.00007598920761,6.76792405460287,6.87560880092439,15.4998639229669,14.0001519784152,14.2943639644508,12.2974122137872
300.1,7.75,7,7.74993195311884,7.00007599160573,6.76793138495687,6.87560072680704,15.4998639062377,14.0001519832115,14.294273488321,12.2975088895813
300.2,7.75,7,7.74993194337851,7.00007599396255,6.7679390979127,6.87559265465908,15.499863886757,14.0001519879251,14.2941830664704,12.297605492176
300.3,7.75,7,7.74993193439316,7.00007599625362,6.76794661184439,6.87558459059094,15.4998638687863,14.0001519925072,14.2940926992258,12.2977020231189
300.4,7.75,7,7.74993192729292,7.00007599846553,6.76795361829694,6.87557653789341,15.4998638545858,14.0001519969311,14.2940023872257,12.2977984826252
300.5,7.75,7,7.74993191916245,7.00007600063495,6.76796091264289,6.87556848788033,15.4998638383249,14.0001520012699,14.2939121270562,12.2978948725566
300.6,7.75,7,7.74993190958129,7.00007600276552,6.76796860978316,6.87556043947542,15.4998638191626,14.000152005531,14.2938219198627,12.2979911910299
300.7,7.75,7,7.74993190157374,7.00007600482131,6.76797588431001,6.87555240147706,15.4998638031475,14.0001520096426,14.2937317672574,12.2980874387131
300.8,7.75,7,7.74993189298975,7.0000760068295,6.76798332279784,6.87554436746762,15.4998637859795,14.000152013659,14.2936416666172,12.2981836171202
300.9,7.75,7,7.7499318843763,7.00007600878071,6.7679907762882,6.87553633934103,15.4998637687526,14.0001520175614,14.2935516210367,12.298279722682
301,7.75,7,7.74993187628362,7.00007601067258,6.76799809409389,6.87552831826754,15.4998637525672,14.0001520213452,14.2934616268476,12.2983757607751
301.1,7.75,7,7.74993186754797,7.00007601251502,6.76800559427139,6.87552030127573,15.4998637350959,14.00015202503,14.2933716872709,12.2984717260926
301.2,7.75,7,7.74993185928472,7.00007601429477,6.7680129723991,6.87551229161481,15.4998637185694,14.0001520285895,14.2932818029512,12.2985676188294
301.3,7.75,7,7.74993185146118,7.00007601601645,6.76802023686915,6.87550428875128,15.4998637029224,14.0001520320329,14.2931919698359,12.2986634443306
301.4,7.75,7,7.74993184254861,7.00007601769548,6.76802780521396,6.87549628853177,15.4998636850972,14.000152035391,14.2931021898451,12.2987591986743
301.5,7.75,7,7.74993183383563,7.00007601931857,6.76803532547988,6.87548829449509,15.4998636676713,14.0001520386371,14.2930124617326,12.29885488471
301.6,7.75,7,7.74993182695605,7.00007602086638,6.76804235175169,6.87548031139184,15.4998636539121,14.0001520417328,14.2929227863538,12.2989505028301
301.7,7.75,7,7.74993181961331,7.00007602236296,6.76804951116334,6.8754723328851,15.4998636392266,14.0001520447259,14.2928331656884,12.2990460483319
301.8,7.75,7,7.74993180935074,7.00007602383495,6.76805747446728,6.87546435210068,15.4998636187015,14.0001520476699,14.292743600972,12.2991415173494
301.9,7.75,7,7.74993180186766,7.00007602522237,6.76806468527639,6.87545638481032,15.4998636037353,14.0001520504447,14.2926540877581,12.2992369210075
302,7.75,7,7.74993179604588,7.00007602653796,6.76807144881565,6.87544842782226,15.4998635920918,14.0001520530759,14.2925646260333,12.2993322583145
302.1,7.75,7,7.74993178683451,7.00007602783995,6.76807914375928,6.87544046663491,15.499863573669,14.0001520556799,14.2924752149128,12.2994275258117
302.2,7.75,7,7.74993177877737,7.00007602906933,6.76808653058104,6.87543251499971,15.4998635575547,14.0001520581387,14.2923858617498,12.2995227180078
302.3,7.75,7,7.74993177183536,7.00007603023592,6.76809361883794,6.87542457182375,15.4998635436707,14.0001520604718,14.2922965574715,12.2996178468403
302.4,7.75,7,7.74993176319517,7.00007603136369,6.76810117742165,6.87541662992107,15.4998635263903,14.0001520627274,14.2922073098456,12.299712899512
302.5,7.75,7,7.74993175558285,7.00007603242728,6.76810846150462,6.87540869648746,15.4998635111657,14.0001520648546,14.2921181135263,12.2998078855896
302.6,7.75,7,7.74993174769797,7.00007603343929,6.76811582630717,6.87540076804473,15.4998634953959,14.0001520668786,14.2920289706615,12.2999028010692
302.7,7.75,7,7.74993173981506,7.00007603439849,6.76812319665497,6.87539284518084,15.4998634796301,14.000152068797,14.291939879458,12.2999976485831
302.8,7.75,7,7.74993173247472,7.00007603529492,6.76813042539225,6.87538492984603,15.4998634649494,14.0001520705898,14.291850843716,12.3000924236496
302.9,7.75,7,7.74993172447443,7.00007603614631,6.7681378403019,6.87537701818556,15.4998634489489,14.0001520722926,14.2917618595058,12.3001871303517
303,7.75,7,7.74993171655441,7.00007603694521,6.76814523918711,6.87536911221178,15.4998634331088,14.0001520738904,14.2916729259244,12.3002817705758
303.1,7.75,7,7.74993170975468,7.00007603767809,6.76815233832191,6.87536121507976,15.4998634195094,14.0001520753562,14.2915840447375,12.3003763429757
303.2,7.75,7,7.74993170244707,7.00007603835856,6.76815958269976,6.87535332266577,15.4998634048941,14.0001520767171,14.2914952207821,12.300470839721
303.3,7.75,7,7.74993169332807,7.00007603900695,6.76816732750727,6.8753454306674,15.4998633866561,14.0001520780139,14.2914064486432,12.300565266748
303.4,7.75,7,7.74993168631448,7.00007603957862,6.76817450353493,6.87533755028521,15.499863372629,14.0001520791572,14.2913177286142,12.3006596272916
303.5,7.75,7,7.74993168090853,7.00007604007927,6.76818124663429,6.87532968009604,15.4998633618171,14.0001520801585,14.2912290606742,12.3007539209408
303.6,7.75,7,7.74993167261009,7.00007604056222,6.76818878499992,6.8753218070285,15.4998633452202,14.0001520811244,14.29114044263,12.3008481464547
303.7,7.75,7,7.74993166401859,7.00007604099456,6.7681964093896,6.87531393886343,15.4998633280372,14.0001520819891,14.2910518779083,12.300942301746
303.8,7.75,7,7.74993165875729,7.00007604133181,6.76820313107854,6.87530608630327,15.4998633175146,14.0001520826636,14.2909633699559,12.301036385647
303.9,7.75,7,7.74993165112753,7.00007604164821,6.76821050461588,6.87529823207189,15.4998633022551,14.0001520832964,14.2908749092653,12.3011304054045
304,7.75,7,7.74993164351863,7.00007604190665,6.76821787884711,6.87529038405812,15.4998632870373,14.0001520838133,14.2907865058425,12.301224350118
304.1,7.75,7,7.74993163673031,7.00007604210599,6.76822503456911,6.87528254370119,15.4998632734606,14.000152084212,14.2906981518746,12.3013182307823
304.2,7.75,7,7.74993162911044,7.00007604225952,6.76823242336667,6.87527470687417,15.4998632582209,14.000152084519,14.2906098528148,12.301412038753
304.3,7.75,7,7.7499316221726,7.00007604235473,6.76823963152663,6.87526687740153,15.4998632443452,14.0001520847095,14.2905216040967,12.3015057814227
304.4,7.75,7,7.74993161501125,7.00007604239637,6.76824690683459,6.87525905329578,15.4998632300225,14.0001520847927,14.2904334112722,12.3015994507091
304.5,7.75,7,7.74993160770773,7.00007604239113,6.76825422623495,6.87525123397835,15.4998632154155,14.0001520847823,14.2903452668079,12.3016930565681
304.6,7.75,7,7.74993160111439,7.00007604232606,6.76826135739093,6.87524342223551,15.4998632022288,14.0001520846521,14.2902571740252,12.3017865954539
304.7,7.75,7,7.74993159415175,7.00007604220718,6.76826859564287,6.87523561566158,15.4998631883035,14.0001520844144,14.2901691392068,12.301880058176
304.8,7.75,7,7.74993158626854,7.00007604204902,6.7682760905569,6.87522781179978,15.4998631725371,14.000152084098,14.2900811541243,12.3019734550108
304.9,7.75,7,7.74993157976119,7.00007604182337,6.76828321546539,6.87522001743748,15.4998631595224,14.0001520836467,14.2899932210095,12.3020667851697
305,7.75,7,7.74993157420487,7.00007604153513,6.76829008631281,6.87521223135942,15.4998631484097,14.0001520830703,14.2899053398403,12.3021600483097
305.1,7.75,7,7.74993156703245,7.00007604121702,6.76829740348218,6.87520444585764,15.4998631340649,14.000152082434,14.2898175070227,12.3022532467844
305.2,7.75,7,7.74993155978073,7.00007604084352,6.76830474829784,6.87519666619247,15.4998631195615,14.000152081687,14.2897297307536,12.3023463713179
305.3,7.75,7,7.74993155365304,7.00007604040676,6.76831179163486,6.87518889517815,15.4998631073061,14.0001520808135,14.2896420052856,12.3024394305433
305.4,7.75,7,7.74993154650378,7.00007603992814,6.76831911949883,6.87518112701579,15.4998630930076,14.0001520798563,14.2895543336195,12.30253241859
305.5,7.75,7,7.74993153989317,7.00007603939355,6.76832630558422,6.87517336577379,15.4998630797863,14.0001520787871,14.28946671221,12.3026253415386
305.6,7.75,7,7.74993153334373,7.00007603880365,6.76833348071085,6.87516561060771,15.4998630666875,14.0001520776073,14.2893791458997,12.3027181926513
305.7,7.75,7,7.74993152638487,7.00007603816805,6.76834077287927,6.87515785971747,15.4998630527697,14.0001520763361,14.2892916304251,12.302810977077
305.8,7.75,7,7.74993152008899,7.00007603747544,6.76834788923666,6.8751501160757,15.499863040178,14.0001520749509,14.2892041649969,12.3029036968488
305.9,7.75,7,7.74993151390045,7.00007603673131,6.76835498153022,6.87514237818884,15.4998630278009,14.0001520734626,14.289116750478,12.3029963503485
306,7.75,7,7.74993150632475,7.00007603594736,6.76836245825979,6.87513464236725,15.4998630126495,14.0001520718947,14.2890293922318,12.3030889292314
306.1,7.75,7,7.74993149989502,7.00007603509959,6.7683696274119,6.87512691532788,15.49986299979,14.0001520701992,14.2889420855309,12.3031814420079
306.2,7.75,7,7.74993149480292,7.00007603418593,6.76837643664582,6.87511919761297,15.4998629896058,14.0001520683719,14.2888548303474,12.3032738889093
306.3,7.75,7,7.74993148797657,7.00007603324202,6.76838372442566,6.87511148037482,15.4998629759531,14.000152066484,14.2887676258793,12.3033662681738
306.4,7.75,7,7.74993147999466,7.00007603226042,6.76839133285813,6.8751037653671,15.4998629599893,14.0001520645208,14.2886804731055,12.303458579077
306.5,7.75,7,7.74993147542748,7.0000760311907,6.76839801416771,6.87509606547425,15.499862950855,14.0001520623814,14.2885933706388,12.3035508276455
306.6,7.75,7,7.74993147066279,7.00007603007127,6.76840475467883,6.87508837067747,15.4998629413256,14.0001520601425,14.2885063211395,12.3036430071144
306.7,7.75,7,7.74993146250105,7.00007602893698,6.7684124279382,6.87508067201304,15.4998629250021,14.000152057874,14.2884193261285,12.3037351125835
306.8,7.75,7,7.7499314568861,7.00007602772673,6.76841941072231,6.87507298574876,15.4998629137722,14.0001520554535,14.2883323792202,12.3038271578424
306.9,7.75,7,7.74993145086494,7.00007602646716,6.768426509824,6.87506530421617,15.4998629017299,14.0001520529343,14.28824548748,12.3039191310071
307,7.75,7,7.74993144421016,7.00007602516629,6.76843378675856,6.87505762617557,15.4998628884203,14.0001520503326,14.2881586453842,12.3040110390688
307.1,7.75,7,7.74993143841378,7.00007602380494,6.76844083443946,6.87504995613429,15.4998628768276,14.0001520476099,14.2880718553078,12.3041028803304
307.2,7.75,7,7.74993143198516,7.00007602239912,6.76844805985572,6.87504228994358,15.4998628639703,14.0001520447982,14.2879851182239,12.3041946521771
307.3,7.75,7,7.74993142600136,7.0000760209381,6.7684551688223,6.87503463051684,15.4998628520027,14.0001520418762,14.2878984326615,12.3042863575286
307.4,7.75,7,7.74993142027627,7.0000760194277,6.76846221176254,6.87502697692209,15.4998628405525,14.0001520388554,14.2878117948701,12.3043780011007
307.5,7.75,7,7.74993141365486,7.00007601787255,6.76846950480007,6.87501932679758,15.4998628273097,14.0001520357451,14.2877252136065,12.3044695704835
307.6,7.75,7,7.74993140774516,7.00007601625949,6.76847660845053,6.87501168417801,15.4998628154903,14.000152032519,14.2876386837133,12.3045610738692
307.7,7.75,7,7.74993140259079,7.00007601458862,6.76848351072815,6.87500404912702,15.4998628051816,14.0001520291772,14.2875522046325,12.3046525120403
307.8,7.75,7,7.74993139608098,7.00007601288375,6.7684907878382,6.87499641564308,15.499862792162,14.0001520257675,14.287465776547,12.3047438828363
307.9,7.75,7,7.7499313890527,7.00007601113567,6.76849821125335,6.87498878608456,15.4998627781054,14.0001520222713,14.2873793992003,12.3048351873775
308,7.75,7,7.74993138469107,7.0000760093082,6.76850491148151,6.87498116955053,15.4998627693821,14.0001520186164,14.2872930727494,12.3049264284071
308.1,7.75,7,7.74993138056234,7.00007600742896,6.76851155287413,6.87497355909882,15.4998627611247,14.0001520148579,14.2872067971936,12.305017603706
308.2,7.75,7,7.74993137266968,7.00007600554158,6.7685192266496,6.87496594352202,15.4998627453394,14.0001520110832,14.2871205743415,12.3051087072748
308.3,7.75,7,7.74993136718895,7.00007600357585,6.76852624689642,6.87495834045982,15.4998627343779,14.0001520071517,14.2870344044576,12.3051997444693
308.4,7.75,7,7.74993136328477,7.00007600154615,6.76853284117589,6.87495074699098,15.4998627265695,14.0001520030923,14.2869482824897,12.3052907210809
308.5,7.75,7,7.74993135643135,7.00007599949751,6.76854024553437,6.87494315090821,15.4998627128627,14.000151998995,14.2868622150288,12.3053816244345
308.6,7.75,7,7.74993135091673,7.00007599738713,6.76854728884131,6.87493556380069,15.4998627018335,14.0001519947743,14.2867761960708,12.3054724662612
308.7,7.75,7,7.74993134532595,7.00007599522502,6.76855435790573,6.87492798230649,15.4998626906519,14.00015199045,14.2866902319616,12.3055632370691
308.8,7.75,7,7.74993133948234,7.00007599301932,6.76856150036447,6.87492040524681,15.4998626789647,14.0001519860386,14.2866043163643,12.3056539449104
308.9,7.75,7,7.74993133423651,7.00007599075615,6.76856848439555,6.87491283552134,15.499862668473,14.0001519815123,14.2865184537495,12.3057445848042
309,7.75,7,7.74993132840936,7.00007598845336,6.76857563143558,6.87490526927274,15.4998626568187,14.0001519769067,14.2864326394732,12.3058351616873
309.1,7.75,7,7.74993132291249,7.00007598609351,6.76858269327959,6.87489770989803,15.499862645825,14.000151972187,14.2863468810544,12.3059256667006
309.2,7.75,7,7.74993131793781,7.00007598368018,6.76858961698725,6.87489015730757,15.4998626358756,14.0001519673604,14.286261172508,12.3060161077722
309.3,7.75,7,7.74993131201726,7.0000759812291,6.76859680338477,6.87488260742128,15.4998626240345,14.0001519624582,14.286175514851,12.3061064822566
309.4,7.75,7,7.74993130598622,7.00007597873213,6.76860402428474,6.87487506247621,15.4998626119724,14.0001519574643,14.286089906725,12.3061967926929
309.5,7.75,7,7.74993130169518,7.00007597616719,6.76861077461725,6.87486752787833,15.4998626033904,14.0001519523344,14.2860043493533,12.306287039221
309.6,7.75,7,7.74993129745858,7.00007597355346,6.76861751449738,6.87485999881837,15.4998625949172,14.0001519471069,14.2859188427272,12.3063772203198
309.7,7.75,7,7.74993129119845,7.00007597091343,6.76862481125324,6.87485246949122,15.4998625823969,14.0001519418269,14.2858333880005,12.3064673326084
309.8,7.75,7,7.74993128605607,7.00007596821284,6.76863180722818,6.8748449487115,15.4998625721121,14.0001519364257,14.2857479838272,12.3065573807291
309.9,7.75,7,7.74993128114517,7.0000759654599,6.76863874450682,6.87483743416053,15.4998625622903,14.0001519309198,14.2856626321907,12.306647361329
310,7.75,7,7.74993127551655,7.00007596266864,6.76864588189641,6.87482992277081,15.4998625510331,14.0001519253373,14.2855773297013,12.3067372779217
310.1,7.75,7,7.74993127062625,7.00007595981899,6.76865282222377,6.87482241909792,15.4998625412525,14.000151919638,14.2854920801764,12.3068271269457
310.2,7.75,7,7.74993126533594,7.00007595692608,6.76865987601663,6.87481491965095,15.4998625306719,14.0001519138522,14.2854068813197,12.3069169103307
310.3,7.75,7,7.74993126000967,7.00007595398894,6.76866694360323,6.87480742511717,15.4998625200193,14.0001519079779,14.2853217298291,12.3070066326812
310.4,7.75,7,7.74993125543576,7.00007595099109,6.76867381043539,6.87479993859922,15.4998625108715,14.0001519019822,14.2852366337865,12.3070962843336
310.5,7.75,7,7.74993125021742,7.00007594795233,6.76868085744383,6.874792455671,15.4998625004348,14.0001518959047,14.2851515890245,12.3071858693886
310.6,7.75,7,7.74993124442688,7.00007594487438,6.7686880646754,6.87478497625892,15.4998624888538,14.0001518897488,14.2850665929129,12.3072753913145
310.7,7.75,7,7.74993124012702,7.00007594173229,6.76869486911668,6.87477750642352,15.499862480254,14.0001518834646,14.2849816471401,12.3073648498526
310.8,7.75,7,7.74993123631566,7.00007593853752,6.76870154432165,6.87477004330387,15.4998624726313,14.000151877075,14.2848967516908,12.3074542441184
310.9,7.75,7,7.7499312298161,7.00007593532749,6.76870895734025,6.87476257768244,15.4998624596322,14.000151870655,14.2848119050832,12.3075435731124
311,7.75,7,7.74993122412392,7.00007593205936,6.76871615420312,6.87475511989854,15.4998624482478,14.0001518641187,14.2847271108321,12.3076328355486
311.1,7.75,7,7.74993122179445,7.00007592870289,6.76872243743075,6.87474767738614,15.4998624435889,14.0001518574058,14.284642370336,12.3077220319996
311.2,7.75,7,7.74993121699204,7.00007592533011,6.76872939954489,6.87474023284528,15.4998624339841,14.0001518506602,14.2845576773869,12.3078111650925
311.3,7.75,7,7.74993121093149,7.00007592192528,6.76873670907474,6.87473278996488,15.499862421863,14.0001518438506,14.2844730341199,12.307900233218
311.4,7.75,7,7.74993120731161,7.00007591844246,6.76874335663679,6.87472535975509,15.4998624146232,14.0001518368849,14.2843884449179,12.307989234168
311.5,7.75,7,7.74993120214056,7.00007591493318,6.76875043138123,6.87471793012274,15.4998624042811,14.0001518298664,14.2843039030798,12.3080781728923
311.6,7.75,7,7.74993119736764,7.0000759113707,6.76875740156389,6.87471050715828,15.4998623947353,14.0001518227414,14.2842194136493,12.3081670447267
311.7,7.75,7,7.7499311928326,7.00007590775805,6.76876431080804,6.87470309027385,15.4998623856652,14.0001518155161,14.2841349753996,12.3082558511172
311.8,7.75,7,7.74993118787618,7.00007590410448,6.76877133891758,6.87469567739011,15.4998623757524,14.000151808209,14.2840505864546,12.308344593881
311.9,7.75,7,7.74993118351984,7.00007590039917,6.76877820697228,6.87468827133856,15.4998623670397,14.0001518007983,14.2839662460526,12.3084332749509
312,7.75,7,7.74993117889798,7.00007589664502,6.76878515182251,6.87468087044288,15.499862357796,14.00015179329,14.283881961717,12.3085218839038
312.1,7.75,7,7.74993117387101,7.000075892852,6.76879221086472,6.87467347335389,15.499862347742,14.000151785704,14.2837977244422,12.3086104321731
312.2,7.75,7,7.74993116976539,7.00007588900272,6.76879902217731,6.87466608412593,15.4998623395308,14.0001517780054,14.2837135368132,12.3086989176816
312.3,7.75,7,7.74993116592156,7.00007588510475,6.76880576578381,6.87465870087492,15.4998623318431,14.0001517702095,14.2836293988118,12.3087873398629
312.4,7.75,7,7.74993115999965,7.00007588118435,6.76881308044117,6.87465131695961,15.4998623199993,14.0001517623687,14.2835453107516,12.3088756961799
312.5,7.75,7,7.74993115488527,7.0000758772087,6.7688201784134,6.8746439406273,15.4998623097705,14.0001517544174,14.2834612728136,12.308963989072
312.6,7.75,7,7.74993115282458,7.0000758731489,6.76882644679759,6.87463657868257,15.4998623056492,14.0001517462978,14.2833772887968,12.3090522157613
312.7,7.75,7,7.74993114893869,7.00007586906496,6.76883321706031,6.87462921667828,15.4998622978774,14.0001517381299,14.2832933536518,12.3091403782403
312.8,7.75,7,7.74993114254585,7.00007586496368,6.76884067536172,6.87462185277971,15.4998622850917,14.0001517299274,14.2832094684299,12.3092284745536
312.9,7.75,7,7.74993113960808,7.00007586078039,6.76884719392071,6.87461450365956,15.4998622792162,14.0001517215608,14.2831256300041,12.3093165141997
313,7.75,7,7.74993113602839,7.00007585655367,6.76885389176417,6.87460715854399,15.4998622720568,14.0001517131073,14.2830418470373,12.3094044823515
313.1,7.75,7,7.74993113062581,7.00007585230585,6.76886109054715,6.87459981303896,15.4998622612516,14.0001517046117,14.2829581097886,12.3094923903924
313.2,7.75,7,7.74993112692473,7.00007584798906,6.76886782878173,6.87459247811312,15.4998622538495,14.0001516959781,14.2828744269931,12.3095802304177
313.3,7.75,7,7.74993112238945,7.00007584363876,6.76887479812331,6.87458514576462,15.4998622447789,14.0001516872775,14.2827907913372,12.3096680094575
313.4,7.75,7,7.74993111821143,7.00007583923733,6.768881673635,6.87457781987262,15.4998622364229,14.0001516784747,14.2827072074099,12.3097557227621
313.5,7.75,7,7.74993111422567,7.00007583478906,6.7688885001523,6.87457049969002,15.4998622284513,14.0001516695781,14.2826236725925,12.3098433735417
313.6,7.75,7,7.7499311097377,7.00007583029949,6.76889546742111,6.87456318351108,15.4998622194754,14.000151660599,14.2825401895118,12.309930957821
313.7,7.75,7,7.74993110584383,7.00007582575948,6.76890227589659,6.87455587408799,15.4998622116877,14.000151651519,14.2824567546162,12.3100184811584
313.8,7.75,7,7.74993110217279,7.00007582117328,6.76890902690907,6.87454857035876,15.4998622043456,14.0001516423466,14.2823733678859,12.3101059432529
313.9,7.75,7,7.74993109709254,7.00007581655722,6.76891616613167,6.87454126792737,15.4998621941851,14.0001516331144,14.2822900317927,12.310193339467
314,7.75,7,7.74993109280844,7.00007581188557,6.76892309158207,6.87453397317262,15.4998621856169,14.0001516237711,14.2822067472008,12.310280670745
314.1,7.75,7,7.74993109035552,7.00007580714715,6.76892952064625,6.87452668898571,15.499862180711,14.0001516142943,14.2821235135448,12.3103679387779
314.2,7.75,7,7.74993108683587,7.00007580237732,6.76893624421125,6.87451940681778,15.4998621736717,14.0001516047546,14.2820403281269,12.3104551443553
314.3,7.75,7,7.7499310818888,7.00007579757923,6.76894336078874,6.87451212575102,15.4998621637776,14.0001515951585,14.281957192014,12.3105422858019
314.4,7.75,7,7.74993107850858,7.00007579271722,6.76895005310604,6.8745048545314,15.4998621570172,14.0001515854344,14.2818741071888,12.3106293633637
314.5,7.75,7,7.74993107450798,7.00007578781905,6.76895691800708,6.87449758657911,15.499862149016,14.0001515756381,14.2817910704003,12.3107163791853
314.6,7.75,7,7.74993107049109,7.00007578287461,6.76896379081017,6.87449032400249,15.4998621409822,14.0001515657492,14.281708085338,12.3108033291423
314.7,7.75,7,7.74993106696931,7.00007577788194,6.76897053161236,6.87448306781584,15.4998621339386,14.0001515557639,14.2816251477754,12.310890219101
314.8,7.75,7,7.74993106278543,7.0000757728507,6.76897745655379,6.8744758151303,15.4998621255709,14.0001515457014,14.28154226165,12.3109770430035
314.9,7.75,7,7.74993105907422,7.0000757677684,6.76898425582016,6.87446856914107,15.4998621181484,14.0001515355368,14.2814594265828,12.3110638023934
315,7.75,7,7.74993105577968,7.00007576263872,6.76899094445593,6.8744613293383,15.4998621115594,14.0001515252774,14.2813766392417,12.3111505014738
315.1,7.75,7,7.74993105136426,7.0000757574775,6.76899794229088,6.87445409152672,15.4998621027285,14.000151514955,14.2812939014489,12.3112371365292
315.2,7.75,7,7.74993104716442,7.00007575227067,6.76900488439925,6.87444685939478,15.4998620943288,14.0001515045413,14.2812112120408,12.3113237102841
315.3,7.75,7,7.74993104480087,7.00007574699924,6.76901132838488,6.87443963764327,15.4998620896017,14.0001514939985,14.2811285717806,12.3114102232753
315.4,7.75,7,7.74993104188667,7.0000757416882,6.76901792597493,6.8744324197121,15.4998620837733,14.0001514833764,14.2810459830421,12.3114966703085
315.5,7.75,7,7.74993103610375,7.00007573636385,6.76902530995231,6.87442519899393,15.4998620722075,14.0001514727277,14.2809634458722,12.3115830492103
315.6,7.75,7,7.749931033116,7.00007573096519,6.76903193391408,6.8744179912668,15.499862066232,14.0001514619304,14.2808809566993,12.3116693697427
315.7,7.75,7,7.74993103172272,7.00007572550591,6.76903812562098,6.87441079310405,15.4998620634454,14.0001514510118,14.280798515512,12.311755630831
315.8,7.75,7,7.74993102689987,7.0000757200434,6.76904525650539,6.87440359012821,15.4998620537997,14.0001514400868,14.2807161218462,12.3118418284579
315.9,7.75,7,7.74993102328078,7.00007571451986,6.76905206210192,6.87439639618256,15.4998620465616,14.0001514290397,14.2806337817378,12.3119279592437
316,7.75,7,7.74993102071033,7.00007570894383,6.7690585842636,6.87438921002828,15.4998620414207,14.0001514178877,14.280551487577,12.3120140327163
316.1,7.75,7,7.74993101645956,7.0000757033406,6.76906556833068,6.87438202455311,15.4998620329191,14.0001514066812,14.2804692457915,12.3121000382295
316.2,7.75,7,7.74993101322846,7.00007569768333,6.76907227697189,6.8743748470184,15.4998620264569,14.0001513953667,14.2803870521938,12.312185983594
316.3,7.75,7,7.74993100969188,7.00007569198595,6.76907907199689,6.8743676737775,15.4998620193838,14.0001513839719,14.2803049080637,12.3122718659839
316.4,7.75,7,7.74993100616463,7.0000756862457,6.76908586739513,6.87436050563753,15.4998620123293,14.0001513724914,14.2802228125441,12.3123576867917
316.5,7.75,7,7.74993100315523,7.00007568045456,6.76909252448606,6.87435334432225,15.4998620063105,14.0001513609091,14.2801407682668,12.3124434431674
316.6,7.75,7,7.74993099946142,7.00007567462899,6.76909937126197,6.87434618607023,15.4998619989228,14.000151349258,14.2800587720551,12.3125291380453
316.7,7.75,7,7.74993099585355,7.00007566876104,6.76910619736411,6.87433903298935,15.4998619917071,14.0001513375221,14.279976823066,12.3126147732166
316.8,7.75,7,7.74993099335847,7.00007566283726,6.7691127225847,6.87433188822893,15.4998619867169,14.0001513256745,14.2798949234274,12.3127003469472
316.9,7.75,7,7.74993099030072,7.00007565687367,6.76911940448256,6.87432474736932,15.4998619806014,14.0001513137473,14.2798130765904,12.3127858533465
317,7.75,7,7.74993098546261,7.00007565088809,6.76912657517986,6.87431760646584,15.4998619709252,14.0001513017762,14.2797312780396,12.3128712970249
317.1,7.75,7,7.74993098274181,7.00007564483614,6.76913317067871,6.87431047666061,15.4998619654836,14.0001512896723,14.2796495280401,12.3129566812478
317.2,7.75,7,7.7499309815692,7.00007563872434,6.76913934631978,6.87430335632746,15.4998619631384,14.0001512774487,14.2795678265728,12.3130420055316
317.3,7.75,7,7.7499309774456,7.00007563260555,6.76914633017223,6.87429623241674,15.4998619548912,14.0001512652111,14.2794861715501,12.3131272683913
317.4,7.75,7,7.74993097313251,7.00007562644536,6.76915336858178,6.87428911318125,15.499861946265,14.0001512528907,14.2794045666059,12.31321246779
317.5,7.75,7,7.74993097206939,7.00007562020278,6.76915952273718,6.87428200867498,15.4998619441388,14.0001512404056,14.2793230141055,12.3132976039206
317.6,7.75,7,7.74993096859047,7.00007561394941,6.76916633882053,6.87427490185944,15.4998619371809,14.0001512278988,14.2792415056038,12.313382682255
317.7,7.75,7,7.74993096518766,7.00007560764865,6.76917313709909,6.87426780084893,15.4998619303753,14.0001512152973,14.2791600507928,12.3134676928613
317.8,7.75,7,7.74993096255193,7.00007560129931,6.76917972850989,6.87426070682122,15.4998619251039,14.0001512025986,14.2790786420661,12.3135526459958
317.9,7.75,7,7.74993095908886,7.00007559491543,6.76918654854789,6.87425361571781,15.4998619181777,14.0001511898309,14.2789972841306,12.3136375342656
318,7.75,7,7.74993095629895,7.00007558848309,6.769193187389,6.87424653145281,15.4998619125979,14.0001511769662,14.2789159734875,12.3137223634831
318.1,7.75,7,7.74993095325648,7.000075582009,6.76919989796176,6.87423945184571,15.499861906513,14.000151164018,14.2788347145666,12.3138071272239
318.2,7.75,7,7.74993095007288,7.00007557549766,6.76920664947709,6.87423237652429,15.4998619001458,14.0001511509953,14.2787535007427,12.3138918339625
318.3,7.75,7,7.7499309475907,7.00007556893652,6.76921321210433,6.87422530825751,15.4998618951814,14.000151137873,14.2786723355479,12.3139764800344
318.4,7.75,7,7.74993094469948,7.00007556233399,6.76921988922028,6.87421824438808,15.499861889399,14.000151124668,14.2785912238981,12.3140610582389
318.5,7.75,7,7.74993094090378,7.00007555570192,6.76922681567968,6.87421118275573,15.4998618818076,14.0001511114038,14.2785101586125,12.314145577187
318.6,7.75,7,7.74993093848765,7.00007554901271,6.76923336805971,6.87420413008549,15.4998618769753,14.0001510980254,14.2784291417342,12.3142300364201
318.7,7.75,7,7.74993093697959,7.00007554227176,6.76923967505611,6.87419708502943,15.4998618739592,14.0001510845435,14.278348173243,12.3143144355457
318.8,7.75,7,7.74993093381978,7.00007553551106,6.76924643527137,6.87419003993068,15.4998618676396,14.0001510710221,14.2782672497141,12.3143987765354
318.9,7.75,7,7.74993093062387,7.0000755287055,6.76925320804599,6.87418300022902,15.4998618612477,14.000151057411,14.2781863791753,12.3144830507851
319,7.75,7,7.74993092851289,7.00007552184759,6.76925968703364,6.87417596849067,15.4998618570258,14.0001510436952,14.27810555556,12.3145672669782
319.1,7.75,7,7.74993092535798,7.00007551495846,6.76926645354062,6.87416893901519,15.499861850716,14.0001510299169,14.2780247824531,12.3146514186615
319.2,7.75,7,7.74993092274842,7.00007550802363,6.76927307349724,6.87416191590929,15.4998618454968,14.0001510160473,14.2779440557614,12.3147355124618
319.3,7.75,7,7.74993092016959,7.00007550104444,6.76927968763784,6.87415489825803,15.4998618403392,14.0001510020889,14.2778633808261,12.3148195412045
319.4,7.75,7,7.74993091718301,7.00007549402995,6.76928641540576,6.8741478843162,15.499861834366,14.0001509880599,14.2777827528868,12.3149035104876
319.5,7.75,7,7.74993091485338,7.00007548696847,6.76929296611922,6.87414087707931,15.4998618297068,14.0001509739369,14.2777021715592,12.3149874217882
319.6,7.75,7,7.74993091259021,7.00007547986562,6.7692995010212,6.87413387499838,15.4998618251804,14.0001509597312,14.2776216381563,12.3150712729276
319.7,7.75,7,7.74993090895512,7.00007547273434,6.76930641294853,6.87412687438857,15.4998618179102,14.0001509454687,14.2775411567171,12.3151550575245
319.8,7.75,7,7.74993090646894,7.00007546554945,6.76931301353907,6.87411988202768,15.4998618129379,14.0001509310989,14.2774607232826,12.3152387828877
319.9,7.75,7,7.74993090528022,7.00007545830935,6.7693192622261,6.87411289833549,15.4998618105604,14.0001509166187,14.2773803378266,12.3153224492022
320,7.75,7,7.7499309023077,7.00007545104965,6.76932600009433,6.87410591444386,15.4998618046154,14.0001509020993,14.2772999995792,12.3154060546145
320.1,7.75,7,7.74993089822905,7.00007544376196,6.76933304217696,6.87409893237849,15.4998617964581,14.0001508875239,14.2772197094499,12.3154895986213
320.2,7.75,7,7.74993089758335,7.00007543639594,6.76933914930075,6.87409196495157,15.4998617951667,14.0001508727919,14.2771394661676,12.3155730870084
320.3,7.75,7,7.74993089661913,7.00007542899169,6.76934534567429,6.87408500176597,15.4998617932383,14.0001508579834,14.2770592726569,12.3156565126709
320.4,7.75,7,7.7499308923205,7.0000754215831,6.76935245459443,6.87407803426446,15.499861784641,14.0001508431662,14.2769791293523,12.3157398723059
320.5,7.75,7,7.74993089056957,7.00007541410775,6.76935887009068,6.87407107870207,15.4998617811391,14.0001508282155,14.2768990312373,12.3158231776303
320.6,7.75,7,7.74993088834998,7.00007540659503,6.76936541582777,6.87406412707247,15.4998617767,14.0001508131901,14.2768189840853,12.3159064186467
320.7,7.75,7,7.74993088552634,7.00007539905021,6.76937212854979,6.87405717853557,15.4998617710527,14.0001507981004,14.2767389835165,12.3159896007355
320.8,7.75,7,7.74993088353263,7.00007539145581,6.76937861685457,6.87405023733359,15.4998617670653,14.0001507829116,14.2766590310183,12.3160727233667
320.9,7.75,7,7.74993088088864,7.00007538382723,6.76938528487606,6.87404329942323,15.4998617617773,14.0001507676545,14.2765791283254,12.3161557830219
321,7.75,7,7.74993087869102,7.00007537615395,6.76939183313166,6.87403636770045,15.499861757382,14.0001507523079,14.2764992732076,12.3162387835184
321.1,7.75,7,7.74993087673367,7.00007536844092,6.76939831773259,6.87402944125692,15.4998617534673,14.0001507368818,14.276419462571,12.3163217285535
321.2,7.75,7,7.74993087386143,7.00007536069402,6.76940505438336,6.87402251769748,15.4998617477229,14.000150721388,14.2763397051346,12.3164046061673
321.3,7.75,7,7.7499308717097,7.00007535289964,6.76941159636991,6.87401560108155,15.4998617434194,14.0001507057993,14.2762599950546,12.3164874251941
321.4,7.75,7,7.74993087028549,7.00007534505778,6.76941794176714,6.87400869142326,15.499861740571,14.0001506901156,14.2761803322852,12.3165701857121
321.5,7.75,7,7.74993086746569,7.0000753371924,6.76942467014022,6.87400178268489,15.4998617349314,14.0001506743848,14.2761007170021,12.3166528855628
321.6,7.75,7,7.74993086416249,7.00007532929341,6.76943153245067,6.87399487744195,15.499861728325,14.0001506585868,14.2760211489646,12.3167355259013
321.7,7.75,7,7.74993086354023,7.00007532132488,6.76943766487358,6.87398798473198,15.4998617270805,14.0001506426498,14.2759416283114,12.3168181094797
321.8,7.75,7,7.74993086308995,7.00007531331528,6.76944375229767,6.87398109739881,15.4998617261799,14.0001506266306,14.2758621550435,12.3169006340031
321.9,7.75,7,7.74993085883852,7.00007530530799,6.76945087939812,6.87397420432451,15.499861717677,14.000150610616,14.2757827312371,12.316983093238
322,7.75,7,7.74993085706433,7.00007529723242,6.76945733222748,6.87396732334791,15.4998617141287,14.0001505944648,14.2757033562602,12.3170654937655
322.1,7.75,7,7.74993085680841,7.00007528910295,6.76946337238469,6.8739604512981,15.4998617136168,14.0001505782059,14.2756240258919,12.3171478399889
322.2,7.75,7,7.74993085356618,7.00007528096538,6.76947022979492,6.87395357599405,15.4998617071324,14.0001505619308,14.2755447466011,12.3172301197026
322.3,7.75,7,7.74993085169894,7.00007527277521,6.76947671363554,6.87394670925857,15.4998617033979,14.0001505455504,14.275465512428,12.3173123443731
322.4,7.75,7,7.74993084971397,7.00007526454482,6.76948323160147,6.87393984740913,15.4998616994279,14.0001505290896,14.2753863289615,12.3173945056678
322.5,7.75,7,7.7499308474904,7.00007525627986,6.76948981646927,6.87393298956967,15.4998616949808,14.0001505125597,14.2753071910521,12.3174766099154
322.6,7.75,7,7.74993084584147,7.00007524796837,6.76949624635759,6.87392613840623,15.4998616916829,14.0001504959367,14.2752281020791,12.3175586536634
322.7,7.75,7,7.74993084359158,7.00007523962693,6.76950284201677,6.87391929016453,15.4998616871832,14.0001504792539,14.2751490581499,12.3176406406985
322.8,7.75,7,7.74993084168183,7.00007523123881,6.76950934681536,6.87391244829613,15.4998616833637,14.0001504624776,14.2750700667369,12.3177225625872
322.9,7.75,7,7.74993084026952,7.00007522280763,6.76951571754006,6.87390561257301,15.499861680539,14.0001504456153,14.2749911212736,12.3178044276741
323,7.75,7,7.74993083788178,7.00007521434895,6.76952235630993,6.8738987789432,15.4998616757636,14.0001504286979,14.2749122232144,12.3178862328062
323.1,7.75,7,7.74993083540234,7.00007520585383,6.7695290218117,6.87389194979582,15.4998616708047,14.0001504117077,14.2748333712931,12.3179679803878
323.2,7.75,7,7.74993083466862,7.00007519730058,6.76953521248854,6.87388513048339,15.4998616693372,14.0001503946012,14.2747545666138,12.3180496707483
323.3,7.75,7,7.74993083394587,7.00007518870893,6.76954140188211,6.87387831605688,15.4998616678917,14.0001503774179,14.2746758091695,12.318131302315
323.4,7.75,7,7.74993083117408,7.00007518010114,6.76954815237936,6.87387150078261,15.4998616623482,14.0001503602023,14.2745971003452,12.3182128714837
323.5,7.75,7,7.7499308295468,7.00007517144272,6.76955459210125,6.87386469355863,15.4998616590936,14.0001503428854,14.2745184381114,12.3182943837325
323.6,7.75,7,7.74993082810669,7.00007516274237,6.7695609824667,6.87385789193043,15.4998616562134,14.0001503254847,14.2744398251637,12.3183758348428
323.7,7.75,7,7.74993082595864,7.00007515401347,6.76956756767492,6.87385109294089,15.4998616519173,14.0001503080269,14.274361257574,12.3184572288908
323.8,7.75,7,7.74993082454096,7.00007514523628,6.76957395522668,6.87384430113459,15.4998616490819,14.0001502904726,14.2742827396658,12.3185385618388
323.9,7.75,7,7.74993082269555,7.00007513642627,6.76958046114361,6.87383751291346,15.4998616453911,14.0001502728525,14.2742042685717,12.318619836201
324,7.75,7,7.7499308208176,7.00007512758118,6.76958697744617,6.87383072912755,15.4998616416352,14.0001502551624,14.274125841603,12.3187010556959
324.1,7.75,7,7.74993081968386,7.00007511868585,6.76959329234517,6.87382395280635,15.4998616393677,14.0001502373717,14.2740474667068,12.3187822111786
324.2,7.75,7,7.74993081786854,7.00007510976036,6.769599794881,6.87381717939187,15.4998616357371,14.0001502195207,14.2739691391002,12.3188633072952
324.3,7.75,7,7.74993081549856,7.00007510080488,6.76960645032684,6.87381040904185,15.4998616309971,14.0001502016098,14.2738908568019,12.318944346637
324.4,7.75,7,7.74993081462412,7.000075091795,6.76961269904822,6.87380364775993,15.4998616292482,14.00015018359,14.2738126213505,12.3190253291937
324.5,7.75,7,7.74993081419758,7.00007508274264,6.76961882701612,6.87379689255594,15.4998616283952,14.0001501654853,14.2737344327319,12.3191062540326
324.6,7.75,7,7.74993081103291,7.00007507368508,6.7696257039084,6.87379013419922,15.4998616220658,14.0001501473702,14.2736562895452,12.3191871199745
324.7,7.75,7,7.74993080877454,7.00007506457806,6.76963233495997,6.87378338346595,15.4998616175491,14.0001501291561,14.273578195537,12.3192679257387
324.8,7.75,7,7.74993080979499,7.00007505539447,6.76963807250072,6.87377664715831,15.49986161959,14.0001501107889,14.2735001510708,12.3193486730737
324.9,7.75,7,7.74993080828942,7.00007504620439,6.76964450098411,6.87376990817381,15.4998616165788,14.0001500924088,14.2734221508074,12.3194293632733
325,7.75,7,7.74993080561066,7.00007503699064,6.7696512511671,6.87376317061253,15.4998616112213,14.0001500739813,14.2733441971196,12.319509994654
325.1,7.75,7,7.74993080531567,7.0000750277103,6.76965735214266,6.87375644495974,15.4998616106313,14.0001500554206,14.2732662933522,12.3195905663576
325.2,7.75,7,7.74993080344347,7.00007501841268,6.76966388501047,6.87374971935548,15.4998616068869,14.0001500368254,14.273188434007,12.3196710815678
325.3,7.75,7,7.74993080198681,7.00007500907208,6.76967030589267,6.87374299988795,15.4998616039736,14.0001500181442,14.2731106230533,12.3197515372138
325.4,7.75,7,7.7499308007375,7.00007499969122,6.76967667158933,6.87373628592374,15.499861601475,14.0001499993824,14.2730328601143,12.3198319335866
325.5,7.75,7,7.74993079906968,7.00007499027918,6.76968315286758,6.87372957542457,15.4998615981394,14.0001499805584,14.2729551427227,12.3199122731793
325.6,7.75,7,7.74993079799486,7.0000749808245,6.76968947358632,6.87372287127827,15.4998615959897,14.000149961649,14.2728774709186,12.3199925568864
325.7,7.75,7,7.74993079662501,7.00007497133243,6.7696958763261,6.87371617158568,15.49986159325,14.0001499426649,14.2727998509077,12.3200727762255
325.8,7.75,7,7.74993079485771,7.00007496181042,6.76970238880731,6.87370947523978,15.4998615897154,14.0001499236208,14.272722274729,12.320152940968
325.9,7.75,7,7.74993079401062,7.00007495224174,6.76970865137929,6.87370278623858,15.4998615880212,14.0001499044835,14.2726447447421,12.3202330494204
326,7.75,7,7.74993079339774,7.00007494263421,6.76971485129537,6.87369610262297,15.4998615867955,14.0001498852684,14.2725672609298,12.3203131009861
326.1,7.75,7,7.74993079066651,7.00007493301431,6.76972163076415,6.87368941771316,15.499861581333,14.0001498660286,14.2724898235896,12.3203930931461
326.2,7.75,7,7.74993078881934,7.00007492334752,6.76972817017951,6.87368274014004,15.4998615776387,14.000149846695,14.2724124334022,12.320473027836
326.3,7.75,7,7.74993078995325,7.00007491360817,6.76973389713514,6.87367607613786,15.4998615799065,14.0001498272163,14.2723350928642,12.3205529039153
326.4,7.75,7,7.74993078920771,7.00007490385471,6.76974013835425,6.87366941141282,15.4998615784154,14.0001498077094,14.272257797752,12.3206327221445
326.5,7.75,7,7.74993078601638,7.00007489409283,6.76974704845363,6.87366274444849,15.4998615720328,14.0001497881857,14.2721805490423,12.3207124808095
326.6,7.75,7,7.74993078629169,7.00007488425762,6.7697530133465,6.87365609183507,15.4998615725834,14.0001497685152,14.272103344087,12.3207921886343
326.7,7.75,7,7.74993078583075,7.0000748743907,6.76975918054519,6.87364944238048,15.4998615716615,14.0001497487814,14.2720261906785,12.3208718321445
326.8,7.75,7,7.74993078360807,7.00007486451067,6.76976582974995,6.87364279225166,15.4998615672161,14.0001497290213,14.2719490799203,12.3209514213929
326.9,7.75,7,7.74993078304909,7.00007485457279,6.7697720260466,6.87363615199651,15.4998615660982,14.0001497091456,14.2718720194615,12.3210309501056
327,7.75,7,7.74993078163719,7.00007484461035,6.76977845626862,6.87362951381922,15.4998615632744,14.0001496892207,14.2717950032439,12.3211104234561
327.1,7.75,7,7.74993078058887,7.00007483460687,6.76978478840294,6.87362288154619,15.4998615611777,14.0001496692137,14.2717180347803,12.3211898382439
327.2,7.75,7,7.74993077970665,7.00007482456592,6.76979107630783,6.87361625444513,15.4998615594133,14.0001496491318,14.2716411124224,12.3212691963347
327.3,7.75,7,7.74993077832462,7.00007481449378,6.76979750178554,6.87360963078813,15.4998615566492,14.0001496289876,14.2715642378592,12.321348495047
327.4,7.75,7,7.74993077753247,7.00007480438045,6.7698037672883,6.87360301337898,15.4998615550649,14.0001496087609,14.2714874081186,12.3214277390608
327.5,7.75,7,7.74993077694335,7.00007479423035,6.76980997840836,6.87359640111162,15.4998615538867,14.0001495884607,14.271410623182,12.3215069280557
327.6,7.75,7,7.74993077491563,7.00007478406036,6.76981658332332,6.8735897895408,15.4998615498313,14.0001495681207,14.271333885381,12.3215860576618
327.7,7.75,7,7.7499307737295,7.00007477384365,6.76982295959027,6.87358318530343,15.499861547459,14.0001495476873,14.2712571960438,12.3216651283566
327.8,7.75,7,7.74993077432425,7.00007476357086,6.76982885074839,6.87357659091292,15.4998615486485,14.0001495271417,14.2711805535572,12.3217441430055
327.9,7.75,7,7.74993077381958,7.00007475327626,6.76983504301776,6.87356999794499,15.4998615476392,14.0001495065525,14.2711039558663,12.321823101501
328,7.75,7,7.74993077191538,7.00007474296253,6.76984161832831,6.87356340564371,15.4998615438308,14.0001494859251,14.2710274039625,12.3219020023599
328.1,7.75,7,7.74993077157497,7.00007473259439,6.76984776777872,6.87355682269224,15.4998615431499,14.0001494651888,14.2709509001394,12.3219808455009
328.2,7.75,7,7.74993077057404,7.00007472219996,6.76985409847781,6.87355024236198,15.4998615411481,14.0001494443999,14.270874440619,12.3220596335384
328.3,7.75,7,7.74993076957418,7.00007471176861,6.76986042989117,6.87354366696421,15.4998615391484,14.0001494235372,14.2707980295864,12.3221383619479
328.4,7.75,7,7.74993076904751,7.0000747012986,6.76986663303044,6.87353709736794,15.499861538095,14.0001494025972,14.2707216623551,12.3222170369398
328.5,7.75,7,7.74993076784349,7.00007469079956,6.7698730220539,6.87353053075216,15.499861535687,14.0001493815991,14.2706453434628,12.3222956518907
328.6,7.75,7,7.74993076711669,7.00007468025942,6.76987928174011,6.87352397027945,15.4998615342334,14.0001493605188,14.2705690716397,12.3223742094384
328.7,7.75,7,7.74993076678713,7.00007466968116,6.76988543385966,6.87351741544824,15.4998615335743,14.0001493393623,14.2704928442039,12.322452712818
328.8,7.75,7,7.74993076530871,7.00007465908105,6.76989190049043,6.87351086202364,15.4998615306174,14.0001493181621,14.2704166628808,12.3225311584999
328.9,7.75,7,7.7499307640659,7.00007464844425,6.76989830366191,6.87350431384285,15.4998615281318,14.0001492968885,14.2703405265861,12.3226095491031
329,7.75,7,7.74993076466598,7.00007463775208,6.76990420461075,6.87349777555745,15.499861529332,14.0001492755042,14.2702644359978,12.3226878852873
329.1,7.75,7,7.74993076463103,7.00007462703064,6.76991027980866,6.8734912403741,15.4998615292621,14.0001492540613,14.2701883938186,12.3227661614681
329.2,7.75,7,7.74993076178392,7.00007461630539,6.7699171235436,6.87348470198233,15.4998615235678,14.0001492326108,14.2701123990583,12.3228443768729
329.3,7.75,7,7.74993076175124,7.0000746055147,6.76992319978144,6.8734781761447,15.4998615235025,14.0001492110294,14.2700364489312,12.3229225401108
329.4,7.75,7,7.74993076324907,7.00007459467317,6.76992885899945,6.87347165919777,15.4998615264981,14.0001491893463,14.2699605434276,12.3230006500246
329.5,7.75,7,7.74993076128118,7.00007458383755,6.76993546507559,6.87346513688271,15.4998615225624,14.0001491676751,14.2698846824542,12.3230787021431
329.6,7.75,7,7.74993076057139,7.0000745729507,6.76994172855152,6.87345862316161,15.4998615211428,14.0001491459014,14.2698088708588,12.3231566948837
329.7,7.75,7,7.74993076084637,7.00007456202047,6.76994772392251,6.87345211661683,15.4998615216927,14.0001491240409,14.2697331023566,12.3232346357128
329.8,7.75,7,7.74993075946375,7.00007455107296,6.76995417258726,6.87344561024065,15.4998615189275,14.0001491021459,14.2696573821655,12.3233125158167
329.9,7.75,7,7.74993075909604,7.00007454008027,6.76996034492904,6.87343911133432,15.4998615181921,14.0001490801605,14.2695817071351,12.3233903415296
330,7.75,7,7.7499307583937,7.00007452905736,6.76996660934419,6.87343261610043,15.4998615167874,14.0001490581147,14.2695060777801,12.3234681109915
330.1,7.75,7,7.74993075771178,7.00007451800028,6.76997286889716,6.87342612554693,15.4998615154236,14.0001490360006,14.2694304940655,12.3235458245856
330.2,7.75,7,7.74993075752692,7.00007450690248,6.76997899348361,6.87341964119374,15.4998615150538,14.000149013805,14.269354957587,12.3236234808103
330.3,7.75,7,7.74993075663684,7.00007449577948,6.76998531125747,6.87341315935811,15.4998615132737,14.000148991559,14.2692794658453,12.323701081632
330.4,7.75,7,7.74993075584211,7.00007448462285,6.76999160364936,6.87340668224274,15.4998615116842,14.0001489692457,14.269204018055,12.3237786287609
330.5,7.75,7,7.74993075615606,7.00007447341933,6.76999759406001,6.87340021298251,15.4998615123121,14.0001489468387,14.2691286166466,12.3238561201685
330.6,7.75,7,7.74993075585645,7.00007446218685,6.77000375265197,6.87339374688946,15.4998615117129,14.0001489243737,14.2690532638407,12.3239335515683
330.7,7.75,7,7.74993075381197,7.00007445094103,6.77001038819237,6.87338728036169,15.4998615076239,14.0001489018821,14.2689779559351,12.3240109264608
330.8,7.75,7,7.74993075390025,7.00007443963776,6.77001644213332,6.87338082448089,15.4998615078005,14.0001488792755,14.2689026931687,12.3240882481349
330.9,7.75,7,7.74993075548018,7.00007442828438,6.77002208948131,6.87337437741595,15.4998615109604,14.0001488565688,14.2688274755241,12.3241655160348
331,7.75,7,7.74993075405417,7.00007441693336,6.77002855796624,6.87336792613928,15.4998615081083,14.0001488338667,14.2687523010195,12.3242427284549
331.1,7.75,7,7.74993075254706,7.00007440554881,6.77003504919256,6.87336147937423,15.4998615050941,14.0001488110976,14.2686771734461,12.3243198834682
331.2,7.75,7,7.74993075421261,7.00007439409286,6.77004067493544,6.8733550465412,15.4998615084252,14.0001487881857,14.2686020942113,12.3243969823643
331.3,7.75,7,7.74993075341837,7.00007438263487,6.77004697266246,6.87334861082225,15.4998615068367,14.0001487652697,14.2685270558503,12.324474029088
331.4,7.75,7,7.74993075276006,7.00007437113861,6.77005323388356,6.87334218056405,15.4998615055201,14.0001487422772,14.2684520677197,12.324551014618
331.5,7.75,7,7.74993075281821,7.00007435960294,6.77005930002114,6.87333575667609,15.4998615056364,14.0001487192059,14.2683771224414,12.3246279485081
331.6,7.75,7,7.74993075205749,7.00007434804237,6.7700655902319,6.87332933518552,15.499861504115,14.0001486960847,14.2683022240424,12.3247048244436
331.7,7.75,7,7.74993075196433,7.00007433644194,6.7700716987019,6.87332292007333,15.4998615039287,14.0001486728839,14.2682273699762,12.3247816469127
331.8,7.75,7,7.74993075159345,7.00007432480993,6.77007788350223,6.87331650898836,15.4998615031869,14.0001486496199,14.2681525636668,12.3248584108821
331.9,7.75,7,7.74993075108595,7.00007431314899,6.77008410604218,6.87331010174767,15.4998615021719,14.000148626298,14.268077799323,12.3249351235566
332,7.75,7,7.7499307512744,7.00007430144704,6.77009013906671,6.87330370109736,15.4998615025488,14.0001486028941,14.268003080638,12.3250117812116
332.1,7.75,7,7.74993075101806,7.00007428971438,6.77009629400745,6.87329730415563,15.4998615020361,14.0001485794288,14.2679284113052,12.3250883783099
332.2,7.75,7,7.74993074987715,7.00007427796055,6.77010269084066,6.87329090903989,15.4998614997543,14.0001485559211,14.2678537851026,12.3251649220425
332.3,7.75,7,7.74993075012303,7.00007426615849,6.77010870952742,6.87328452241493,15.4998615002461,14.000148532317,14.2677792038961,12.3252414122386
332.4,7.75,7,7.7499307512371,7.00007425431414,6.77011449162467,6.87327814279895,15.4998615024742,14.0001485086283,14.2677046676671,12.3253178484562
332.5,7.75,7,7.74993075066711,7.00007424245881,6.77012073381648,6.87327176258453,15.4998615013342,14.0001484849176,14.2676301731607,12.3253942323212
332.6,7.75,7,7.74993075010858,7.00007423056769,6.77012697330971,6.8732653873948,15.4998615002172,14.0001484611354,14.2675557282058,12.325470555876
332.7,7.75,7,7.74993075059901,7.00007421863361,6.77013292681792,6.8732590195523,15.499861501198,14.0001484372672,14.2674813264964,12.3255468277645
332.8,7.75,7,7.74993075002673,7.00007420667761,6.77013917080857,6.87325265344405,15.4998615000535,14.0001484133552,14.2674069721041,12.3256230411018
332.9,7.75,7,7.74993075001018,7.00007419468466,6.77014526343348,6.8732462932269,15.4998615000204,14.0001483893693,14.2673326604838,12.3256992029193
333,7.75,7,7.74993074999727,7.00007418265694,6.77015135542808,6.87323993790353,15.4998614999945,14.0001483653139,14.2672583973777,12.3257753057382
333.1,7.75,7,7.74993074958206,7.0000741706028,6.77015755756203,6.8732335857956,15.4998614991641,14.0001483412056,14.2671841776228,12.3258513554763
333.2,7.75,7,7.74993074982109,7.00007415851031,6.77016358140078,6.87322723991245,15.4998614996422,14.0001483170206,14.26711000119,12.3259273531529
333.3,7.75,7,7.74993075008865,7.00007414638541,6.77016959775902,6.87322089863944,15.4998615001773,14.0001482927708,14.2670358697765,12.3260032961414
333.4,7.75,7,7.74993074900396,7.00007413424175,6.77017598356974,6.87321455832546,15.4998614980079,14.0001482684835,14.2669617862414,12.32607917971
333.5,7.75,7,7.74993074907456,7.00007412205328,6.77018205428354,6.8732082257923,15.4998614981491,14.0001482441066,14.2668877473209,12.3261550101457
333.6,7.75,7,7.74993075040539,7.00007410981887,6.77018778123561,6.87320190133588,15.4998615008108,14.0001482196377,14.26681375299,12.3262307875879
333.7,7.75,7,7.74993074990617,7.0000740975741,6.77019400801501,6.87319557606824,15.4998614998123,14.0001481951482,14.2667398025123,12.3263065100984
333.8,7.75,7,7.74993074835452,7.00007408530962,6.77020052233446,6.8731892522909,15.499861496709,14.0001481706192,14.266665896731,12.3263821773813
333.9,7.75,7,7.74993075025711,7.0000740729752,6.77020609392257,6.87318294273847,15.4998615005142,14.0001481459504,14.2665920344839,12.3264577950075
334,7.75,7,7.7499307517225,7.00007406061277,6.77021178509119,6.87317663662738,15.499861503445,14.0001481212255,14.266518218908,12.3265333556012
334.1,7.75,7,7.74993074992123,7.00007404825482,6.77021836822062,6.87317032583577,15.4998614998425,14.0001480965096,14.2664444494883,12.3266088571963
334.2,7.75,7,7.74993075067131,7.00007403583811,6.77022425505516,6.87316402657396,15.4998615013426,14.0001480716762,14.2663707224331,12.3266843097595
334.3,7.75,7,7.74993075089363,7.00007402339435,6.77023028615301,6.87315773052288,15.4998615017873,14.0001480467887,14.2662970423535,12.3267597048771
334.4,7.75,7,7.74993075054515,7.00007401092642,6.77023647323824,6.87315143722203,15.4998615010903,14.0001480218528,14.2662234058944,12.3268350465903
334.5,7.75,7,7.74993075100137,7.00007399841828,6.77024244081017,6.87314515066398,15.4998615020027,14.0001479968366,14.2661498137604,12.3269103353227
334.6,7.75,7,7.74993075079264,7.00007398588496,6.77024859005967,6.87313886689604,15.4998615015853,14.0001479717699,14.266076268339,12.3269855668419
334.7,7.75,7,7.7499307510354,7.00007397331586,6.77025461619342,6.87313258881255,15.4998615020708,14.0001479466317,14.2660027667525,12.3270607456742
334.8,7.75,7,7.74993075149167,7.00007396071516,6.77026058415822,6.87312631552559,15.4998615029833,14.0001479214303,14.2659293069232,12.3271358741288
334.9,7.75,7,7.74993075104072,7.00007394809049,6.7702667999059,6.87312004457593,15.4998615020814,14.000147896181,14.2658558962096,12.3272109422758
335,7.75,7,7.74993075131137,7.00007393542701,6.77027281876368,6.87311378009314,15.4998615026227,14.000147870854,14.2657825294789,12.3272859578425
335.1,7.75,7,7.74993075228474,7.00007392272497,6.77027864588241,6.87310752202011,15.4998615045695,14.0001478454499,14.2657092067083,12.3273609208512
335.2,7.75,7,7.74993075182562,7.00007391000852,6.77028486412356,6.87310126428367,15.4998615036512,14.000147820017,14.2656359280664,12.3274358291445
335.3,7.75,7,7.74993075092201,7.00007389726665,6.77029120377075,6.87309500967787,15.499861501844,14.0001477945333,14.2655626933273,12.3275106839168
335.4,7.75,7,7.74993075271673,7.00007388446368,6.7702968068693,6.87308876717687,15.4998615054335,14.0001477689274,14.2654895026131,12.3275854879253
335.5,7.75,7,7.74993075462527,7.00007387162897,6.77030237893862,6.8730825294095,15.4998615092505,14.0001477432579,14.2654163559267,12.3276602387995
335.6,7.75,7,7.74993075269908,7.00007385880571,6.77030899786611,6.87307628534405,15.4998615053982,14.0001477176114,14.265343255564,12.3277349301418
335.7,7.75,7,7.74993075331938,7.0000738459226,6.77031492166125,6.87307005303674,15.4998615066388,14.0001476918452,14.2652702001163,12.3278095695415
335.8,7.75,7,7.74993075540203,7.00007383299436,6.77032044626851,6.8730638290476,15.4998615108041,14.0001476659887,14.2651971861138,12.3278841602056
335.9,7.75,7,7.74993075446489,7.00007382006748,6.77032679522618,6.87305760122606,15.4998615089298,14.000147640135,14.2651242198779,12.3279586903831
336,7.75,7,7.74993075494232,7.00007380709578,6.77033275801721,6.87305138162853,15.4998615098846,14.0001476141916,14.2650512955251,12.3280331712751
336.1,7.75,7,7.74993075526379,7.00007379409376,6.7703387633593,6.87304516626483,15.4998615105276,14.0001475881875,14.2649784179503,12.3281075955367
336.2,7.75,7,7.74993075536415,7.00007378106498,6.77034482902426,6.87303895453993,15.4998615107283,14.00014756213,14.2649055830702,12.3281819680508
336.3,7.75,7,7.74993075601928,7.00007376799906,6.77035074319802,6.87303274890638,15.4998615120386,14.0001475359981,14.2648327932927,12.3282562866363
336.4,7.75,7,7.74993075606074,7.00007375491119,6.77035682484012,6.87302654575061,15.4998615121215,14.0001475098224,14.2647600458121,12.3283305536159
336.5,7.75,7,7.749930756448,7.00007374178633,6.77036281200522,6.87302034842371,15.499861512896,14.0001474835727,14.2646873467895,12.3284047624517
336.6,7.75,7,7.74993075731493,7.00007372862697,6.77036866815117,6.87301415672613,15.4998615146299,14.0001474572539,14.2646146904172,12.3284789202858
336.7,7.75,7,7.74993075718002,7.00007371544898,6.7703747976918,6.87300796657372,15.49986151436,14.000147430898,14.2645420781136,12.3285530240553
336.8,7.75,7,7.74993075697565,7.00007370224263,6.77038094609621,6.87300178050692,15.4998615139513,14.0001474044853,14.2644695087009,12.3286270760503
336.9,7.75,7,7.74993075852576,7.00007368898662,6.77038661543916,6.87299560382572,15.4998615170515,14.0001473779732,14.2643969831725,12.3287010767635
337,7.75,7,7.74993076004625,7.0000736757012,6.77039229274503,6.87298943144071,15.4998615200925,14.0001473514024,14.2643245015229,12.328775024571
337.1,7.75,7,7.74993075949554,7.00007366240851,6.77039853531938,6.87298325768618,15.4998615189911,14.000147324817,14.2642520653297,12.3288489157053
337.2,7.75,7,7.7499307601196,7.00007364907353,6.77040445705441,6.87297709155765,15.4998615202392,14.0001472981471,14.2641796719817,12.3289227563115
337.3,7.75,7,7.74993076088932,7.00007363570578,6.77041033886323,6.87297093044838,15.4998615217786,14.0001472714116,14.2641073247769,12.328996541483
337.4,7.75,7,7.74993076096439,7.00007362231774,6.77041641014191,6.87296477152502,15.4998615219288,14.0001472446355,14.2640350193441,12.3290702757212
337.5,7.75,7,7.74993076176494,7.00007360889019,6.7704222831852,6.87295861930901,15.4998615235299,14.0001472177804,14.2639627604194,12.3291439546441
337.6,7.75,7,7.74993076211323,7.00007359543875,6.77042827950314,6.87295247010707,15.4998615242265,14.0001471908775,14.2638905446572,12.3292175812067
337.7,7.75,7,7.74993076243546,7.00007358196009,6.77043428274876,6.87294632492071,15.4998615248709,14.0001471639202,14.2638183699195,12.3292911583846
337.8,7.75,7,7.74993076349693,7.00007356844034,6.77044008395712,6.87294018670696,15.4998615269939,14.0001471368807,14.2637462439856,12.3293646775362
337.9,7.75,7,7.74993076384282,7.00007355489958,6.77044608028538,6.87293405078895,15.4998615276856,14.0001471097992,14.2636741615677,12.3294381436954
338,7.75,7,7.74993076365496,7.00007354133674,6.77045222209783,6.87292791754445,15.4998615273099,14.0001470826735,14.2636021212618,12.3295115587293
338.1,7.75,7,7.74993076497049,7.00007352772782,6.77045795326413,6.87292179292154,15.499861529941,14.0001470554556,14.2635301244661,12.3295849228431
338.2,7.75,7,7.74993076669605,7.00007351408527,6.77046357224864,6.87291567380003,15.4998615333921,14.0001470281705,14.2634581711683,12.3296582350567
338.3,7.75,7,7.74993076563662,7.00007350044622,6.77046995123994,6.87290955093586,15.4998615312732,14.0001470008924,14.2633862600467,12.3297314940281
338.4,7.75,7,7.7499307655864,7.0000734867651,6.77047605444054,6.87290343553924,15.4998615311728,14.0001469735302,14.2633143950255,12.3298046985477
338.5,7.75,7,7.7499307687333,7.00007347301751,6.7704812845793,6.87289733379504,15.4998615374666,14.000146946035,14.2632425755656,12.32987785129
338.6,7.75,7,7.74993076930399,7.00007345927195,6.7704872177075,6.87289122878519,15.499861538608,14.0001469185439,14.2631707971183,12.3299509524145
338.7,7.75,7,7.74993076879048,7.00007344550984,6.77049344649995,6.87288512501895,15.499861537581,14.0001468910197,14.2630990622474,12.3300240002273
338.8,7.75,7,7.74993077060641,7.00007343169094,6.77049903905738,6.87287903247134,15.4998615412128,14.0001468633819,14.2630273733738,12.330096994977
338.9,7.75,7,7.74993077082196,7.00007341786275,6.77050506818197,6.872872939495,15.4998615416439,14.0001468357255,14.2629557260808,12.3301699383587
339,7.75,7,7.74993077147395,7.00007340400023,6.7705109778213,6.87286685219704,15.4998615429479,14.0001468080005,14.2628841233779,12.3302428286472
339.1,7.75,7,7.74993077230551,7.0000733901061,6.7705168380829,6.87286076988022,15.499861544611,14.0001467802122,14.26281256563,12.3303156651816
339.2,7.75,7,7.74993077272469,7.00007337618907,6.77052281057152,6.87285469056082,15.4998615454494,14.0001467523781,14.2627410498714,12.3303884509843
339.3,7.75,7,7.74993077373252,7.00007336223733,6.77052862200726,6.87284861716602,15.499861547465,14.0001467244747,14.2626695768397,12.330461186104
339.4,7.75,7,7.74993077441916,7.00007334825795,6.77053452070589,6.87284254759902,15.4998615488383,14.0001466965159,14.2625981515548,12.3305338636978
339.5,7.75,7,7.74993077471905,7.00007333425631,6.77054052461934,6.87283648097636,15.4998615494381,14.0001466685126,14.2625267670153,12.3306064921086
339.6,7.75,7,7.74993077594093,7.0000733202162,6.77054627644786,6.87283042124297,15.4998615518819,14.0001466404324,14.2624554253693,12.3306790699778
339.7,7.75,7,7.74993077737219,7.00007330614575,6.77055197071527,6.87282436636421,15.4998615547444,14.0001466122915,14.2623841266012,12.330751596679
339.8,7.75,7,7.74993077664787,7.00007329207162,6.77055825301085,6.87281830962273,15.4998615532957,14.0001465841432,14.2623128709926,12.3308240697091
339.9,7.75,7,7.74993077688764,7.00007327795776,6.77056427168441,6.87281226002467,15.4998615537753,14.0001465559155,14.262241659654,12.3308964906219
340,7.75,7,7.74993078003816,7.00007326378129,6.7705694953045,6.87280622325445,15.4998615600763,14.0001465275626,14.2621704939338,12.3309688596078
340.1,7.75,7,7.74993078125778,7.00007324959938,6.77057524559512,6.87280018515853,15.4998615625156,14.0001464991988,14.2620993703541,12.3310411763842
340.2,7.75,7,7.74993078009682,7.00007323541657,6.77058164529413,6.87279414454351,15.4998615601936,14.0001464708331,14.2620282898205,12.3311134394644
340.3,7.75,7,7.74993078241202,7.00007322116784,6.77058709560629,6.87278811791036,15.499861564824,14.0001464423357,14.2619572503094,12.3311856566716
340.4,7.75,7,7.74993078390801,7.00007320689776,6.77059276903009,6.87278209364415,15.499861567816,14.0001464137955,14.2618862582313,12.3312578163957
340.5,7.75,7,7.74993078370264,7.00007319262123,6.77059890644432,6.87277606848184,15.4998615674053,14.0001463852425,14.2618153060567,12.3313299268406
340.6,7.75,7,7.74993078512596,7.00007317829639,6.77060459871827,6.87277005256001,15.4998615702519,14.0001463565928,14.2617444002498,12.3314019833546
340.7,7.75,7,7.74993078568033,7.00007316395476,6.77061052771527,6.87276403826654,15.4998615713607,14.0001463279095,14.2616735358826,12.3314739895411
340.8,7.75,7,7.74993078660785,7.00007314958065,6.77061635432031,6.87275802939604,15.4998615732157,14.0001462991613,14.2616027155098,12.3315459435011
340.9,7.75,7,7.74993078767783,7.00007313517724,6.77062214150435,6.87275202521106,15.4998615753557,14.0001462703545,14.2615319383372,12.3316178459833
341,7.75,7,7.74993078825376,7.00007312075122,6.77062806300873,6.87274602398104,15.4998615765075,14.0001462415024,14.2614612052283,12.3316896953813
341.1,7.75,7,7.74993078941811,7.00007310629194,6.77063382335573,6.87274002854957,15.4998615788362,14.0001462125839,14.2613905137335,12.3317614956285
341.2,7.75,7,7.74993079076833,7.00007309180399,6.77063953242409,6.8727340377662,15.4998615815367,14.000146183608,14.2613198638354,12.3318332463852
341.3,7.75,7,7.74993079065353,7.00007307730474,6.77064564084738,6.87272804713933,15.4998615813071,14.0001461546095,14.2612492577293,12.331904943522
341.4,7.75,7,7.749930791429,7.00007306276643,6.77065150562915,6.87272206355539,15.499861582858,14.0001461255329,14.2611786971375,12.3319765871641
341.5,7.75,7,7.74993079393746,7.00007304818116,6.77065689674505,6.87271608916811,15.4998615878749,14.0001460963623,14.2611081795472,12.3320481810975
341.6,7.75,7,7.74993079531656,7.00007303358234,6.77066259558214,6.87271011566709,15.4998615906331,14.0001460671647,14.2610377034754,12.3321197244672
341.7,7.75,7,7.74993079532749,7.00007301897214,6.77066866731404,6.87270414246139,15.499861590655,14.0001460379443,14.2609672698415,12.332191215967
341.8,7.75,7,7.74993079690178,7.00007300431576,6.77067431162722,6.87269817816247,15.4998615938036,14.0001460086315,14.2608968811947,12.3322626552679
341.9,7.75,7,7.74993079777808,7.00007298964152,6.77068014588914,6.8726922159041,15.4998615955562,14.000145979283,14.2608265333233,12.3323340453201
342,7.75,7,7.74993079867594,7.00007297493843,6.77068597359568,6.87268625819109,15.4998615973519,14.0001459498769,14.2607562308164,12.3324053813276
342.1,7.75,7,7.74993080002769,7.0000729602048,6.77069167679228,6.87268030575584,15.4998616000554,14.0001459204096,14.2606859686176,12.3324766697248
342.2,7.75,7,7.74993080068968,7.00007294545047,6.77069756759448,6.87267435583309,15.4998616013794,14.0001458909009,14.2606157517576,12.3325479034765
342.3,7.75,7,7.74993080183654,7.00007293066345,6.77070332536127,6.8726684115707,15.4998616036731,14.0001458613269,14.2605455782006,12.3326190861012
342.4,7.75,7,7.74993080336375,7.00007291584628,6.77070897865729,6.8726624724623,15.4998616067275,14.0001458316926,14.2604754458467,12.3326902200139
342.5,7.75,7,7.74993080371693,7.0000729010156,6.77071495176201,6.87265653423541,15.4998616074339,14.0001458020312,14.2604053563266,12.3327613018526
342.6,7.75,7,7.74993080432872,7.00007288615583,6.77072085359477,6.87265060087524,15.4998616086574,14.0001457723117,14.2603353086317,12.3328323341478
342.7,7.75,7,7.74993080679265,7.00007287124858,6.7707262491303,6.8726446769846,15.4998616135853,14.0001457424972,14.2602653033613,12.3329033176636
342.8,7.75,7,7.7499308085393,7.00007285632115,6.77073183972035,6.87263875552844,15.4998616170786,14.0001457126423,14.2601953434876,12.33297424651
342.9,7.75,7,7.74993080753451,7.00007284139783,6.77073818067928,6.87263283051878,15.499861615069,14.0001456827957,14.2601254271252,12.3330451210693
343,7.75,7,7.74993080936591,7.00007282641662,6.77074374669468,6.87262691768395,15.4998616187318,14.0001456528332,14.2600555521889,12.3331159489766
343.1,7.75,7,7.7499308126658,7.00007281139305,6.77074891112287,6.87262101312198,15.4998616253316,14.0001456227861,14.2599857186708,12.3331867289922
343.2,7.75,7,7.74993081246667,7.00007279638333,6.77075503000152,6.87261510268836,15.4998616249333,14.0001455927667,14.2599159268007,12.3332574562798
343.3,7.75,7,7.74993081358352,7.00007278133059,6.77076078883385,6.87260920048687,15.499861627167,14.0001455626612,14.259846180363,12.3333281307857
343.4,7.75,7,7.74993081562303,7.00007276624245,6.77076629507044,6.87260330489287,15.4998616312461,14.0001455324849,14.2597764742642,12.333398758212
343.5,7.75,7,7.74993081603128,7.00007275114537,6.77077224581279,6.87259740902967,15.4998616320626,14.0001455022907,14.2597068126384,12.3334693313061
343.6,7.75,7,7.74993081745211,7.00007273601079,6.77077791935927,6.87259152021646,15.4998616349042,14.0001454720216,14.2596371932558,12.3335398551627
343.7,7.75,7,7.74993081851187,7.00007272085441,6.77078369068876,6.87258563452002,15.4998616370237,14.0001454417088,14.2595676159636,12.3336103287085
343.8,7.75,7,7.7499308196059,7.00007270567138,6.77078945186067,6.87257975313379,15.4998616392118,14.0001454113428,14.2594980814408,12.3336807515129
343.9,7.75,7,7.74993082117896,7.00007269045627,6.77079508143915,6.87257387739291,15.4998616423579,14.0001453809125,14.2594285903735,12.3337511231816
344,7.75,7,7.74993082202861,7.0000726752239,6.77080090769522,6.87256800368086,15.4998616440572,14.0001453504478,14.2593591408668,12.3338214448676
344.1,7.75,7,7.74993082298579,7.00007265996535,6.7708067038051,6.87256213429463,15.4998616459716,14.0001453199307,14.2592897321902,12.3338917182126
344.2,7.75,7,7.74993082504998,7.00007264466769,6.77081219686172,6.87255627234731,15.4998616501,14.0001452893354,14.2592203670213,12.3339619409709
344.3,7.75,7,7.74993082645247,7.00007262935032,6.77081786966426,6.87255041290603,15.4998616529049,14.0001452587006,14.2591510464986,12.334032110176
344.4,7.75,7,7.74993082614889,7.00007261402692,6.77082400735922,6.8725445526991,15.4998616522978,14.0001452280538,14.2590817676494,12.3341022284023
344.5,7.75,7,7.7499308279961,7.00007259865369,6.77082955706912,6.8725387027459,15.4998616559922,14.0001451973074,14.2590125306883,12.3341722989568
344.6,7.75,7,7.74993083128035,7.00007258323875,6.7708347136263,6.87253286100867,15.4998616625607,14.0001451664775,14.2589433356,12.3342423212111
344.7,7.75,7,7.74993083150631,7.00007256783425,6.77084070422361,6.87252701448221,15.4998616630126,14.0001451356685,14.2588741805072,12.3343122932604
344.8,7.75,7,7.74993083176329,7.00007255240283,6.77084668542842,6.87252117235964,15.4998616635266,14.0001451048057,14.2588050693131,12.3343822133357
344.9,7.75,7,7.74993083511744,7.00007253690945,6.77085182021315,6.87251534343984,15.4998616702349,14.0001450738189,14.2587360025848,12.3344520835998
345,7.75,7,7.74993083597025,7.00007252142156,6.77085763701311,6.87250951111098,15.4998616719405,14.0001450428431,14.2586669737567,12.3345219066835
345.1,7.75,7,7.74993083702226,7.00007250590316,6.7708633984208,6.87250368395845,15.4998616740445,14.0001450118063,14.2585979918338,12.3345916744221
345.2,7.75,7,7.74993083874209,7.00007249035328,6.77086897665677,6.87249786261713,15.4998616774842,14.0001449807066,14.2585290496841,12.3346613957014
345.3,7.75,7,7.74993083965464,7.00007247478662,6.77087477431268,6.87249204321465,15.4998616793093,14.0001449495732,14.2584601507182,12.3347310651363
345.4,7.75,7,7.74993084123151,7.00007245918756,6.77088038969649,6.87248622977957,15.499861682463,14.0001449183751,14.2583912932329,12.3348006861083
345.5,7.75,7,7.74993084250825,7.00007244356556,6.77088608602012,6.87248041980901,15.4998616850165,14.0001448871311,14.2583224797574,12.3348702547482
345.6,7.75,7,7.74993084365542,7.00007242792173,6.77089181682968,6.8724746132948,15.4998616873108,14.0001448558435,14.2582537052614,12.3349397771728
345.7,7.75,7,7.74993084549549,7.00007241224451,6.77089735751007,6.87246881295558,15.499861690991,14.000144824489,14.2581849735541,12.3350092496447
345.8,7.75,7,7.74993084685779,7.00007239654566,6.770903027563,6.87246301570796,15.4998616937156,14.0001447930913,14.2581162872448,12.3350786680135
345.9,7.75,7,7.74993084735831,7.00007238083275,6.77090893193333,6.87245721993112,15.4998616947166,14.0001447616655,14.2580476409832,12.3351480382602
346,7.75,7,7.74993084925534,7.00007236507922,6.77091445409537,6.87245143223129,15.4998616985107,14.0001447301584,14.2579790364697,12.3352173604646
346.1,7.75,7,7.74993085198281,7.00007234929152,6.77091974856694,6.87244565099172,15.4998617039656,14.000144698583,14.2579104736871,12.3352866341362
346.2,7.75,7,7.74993085299637,7.00007233350036,6.77092550998569,6.87243986865309,15.4998617059927,14.0001446670007,14.2578419495491,12.3353558605869
346.3,7.75,7,7.74993085407219,7.00007231768115,6.77093125329002,6.87243409102548,15.4998617081444,14.0001446353623,14.2577734716617,12.3354250324808
346.4,7.75,7,7.74993085616313,7.00007230182695,6.77093671851009,6.87242832019104,15.4998617123263,14.0001446036539,14.2577050335518,12.3354941583492
346.5,7.75,7,7.74993085717525,7.00007228595889,6.77094247714594,6.8724225506152,15.4998617143505,14.0001445719178,14.2576366396873,12.3355632310005
346.6,7.75,7,7.74993085875607,7.00007227006124,6.77094807955918,6.8724167865148,15.4998617175121,14.0001445401225,14.2575682851602,12.3356322577544
346.7,7.75,7,7.7499308603159,7.00007225413715,6.77095368656463,6.87241102680027,15.4998617206318,14.0001445082743,14.2574999760238,12.3357012309365
346.8,7.75,7,7.74993086148162,7.00007223819412,6.7709594001519,6.87240526987011,15.4998617229632,14.0001444763882,14.2574317067991,12.3357701566774
346.9,7.75,7,7.74993086330126,7.00007222222012,6.77096493420403,6.8723995187398,15.4998617266025,14.0001444444402,14.2573634777652,12.335839035622
347,7.75,7,7.74993086511357,7.00007220622152,6.77097046917601,6.8723937717205,15.4998617302271,14.000144412443,14.2572952909419,12.3359078647902
347.1,7.75,7,7.74993086559662,7.00007219021228,6.77097636587644,6.87238802521943,15.4998617311932,14.0001443804246,14.2572271481468,12.3359766408327
347.2,7.75,7,7.74993086724377,7.00007217416571,6.77098194371779,6.8723822860879,15.4998617344875,14.0001443483314,14.2571590467396,12.3360453691688
347.3,7.75,7,7.74993087011597,7.00007215808117,6.77098718605359,6.87237655449672,15.4998617402319,14.0001443161623,14.2570909866969,12.336114049892
347.4,7.75,7,7.74993087111423,7.00007214199424,6.77099293886886,6.87237082153873,15.4998617422285,14.0001442839885,14.2570229673163,12.3361826809864
347.5,7.75,7,7.749930871117,7.00007212589454,6.77099896233188,6.87236508979464,15.499861742234,14.0001442517891,14.256954989378,12.3362512623518
347.6,7.75,7,7.74993087459748,7.00007210973202,6.77100403534976,6.8723593719167,15.499861749195,14.000144219464,14.2568870518215,12.3363197993656
347.7,7.75,7,7.74993087752353,7.00007209355051,6.7710092585335,6.87235365672803,15.4998617550471,14.000144187101,14.2568191579483,12.3363882844384
347.8,7.75,7,7.74993087725462,7.00007207738075,6.77101535273708,6.87234793656704,15.4998617545092,14.0001441547615,14.2567513064234,12.3364567167214
347.9,7.75,7,7.74993087954265,7.00007206115915,6.77102074784573,6.87234222757182,15.4998617590853,14.0001441223183,14.2566834945413,12.3365251047053
348,7.75,7,7.74993088124614,7.00007204491928,6.77102630132746,6.87233652113199,15.4998617624923,14.0001440898386,14.2566157258761,12.3365934413016
348.1,7.75,7,7.74993088241485,7.00007202866204,6.77103199966043,6.87233081714975,15.4998617648297,14.0001440573241,14.2565479979826,12.3366617294436
348.2,7.75,7,7.74993088436529,7.00007201237252,6.77103748344366,6.87232511938094,15.4998617687306,14.000144024745,14.2564803108822,12.3367299703279
348.3,7.75,7,7.74993088563857,7.00007199606561,6.77104315084405,6.87231942395117,15.4998617712771,14.0001439921312,14.256412667513,12.3367981591668
348.4,7.75,7,7.74993088737103,7.00007197973044,6.77104869174629,6.87231373376634,15.4998617747421,14.0001439594609,14.2563450644549,12.3368663010383
348.5,7.75,7,7.74993088929165,7.00007196337076,6.77105418016085,6.87230804793911,15.4998617785833,14.0001439267415,14.2562775005427,12.3369343970717
348.6,7.75,7,7.74993089031686,7.00007194699544,6.77105991170112,6.87230236397165,15.4998617806337,14.0001438939909,14.2562099818529,12.3370024391383
348.7,7.75,7,7.74993089206661,7.00007193058868,6.77106544426468,6.87229668605082,15.4998617841332,14.0001438611774,14.2561425039579,12.3370704339434
348.8,7.75,7,7.74993089449637,7.00007191415103,6.77107078999837,6.87229101404682,15.4998617889927,14.0001438283021,14.256075066836,12.3371383814812
348.9,7.75,7,7.74993089545911,7.00007189770677,6.77107653500049,6.87228534185174,15.4998617909182,14.0001437954135,14.2560076706491,12.3372062795945
349,7.75,7,7.74993089601913,7.00007188124399,6.77108238872615,6.87227967247943,15.4998617920383,14.000143762488,14.2559403151855,12.3372741295215
349.1,7.75,7,7.74993089929708,7.0000718647273,6.77108749927804,6.872274014839,15.4998617985942,14.0001437294546,14.255873000552,12.3373419340201
349.2,7.75,7,7.74993090263258,7.00007184818689,6.77109259288911,6.87226836134334,15.4998618052652,14.0001436963738,14.2558057267532,12.3374096906448
349.3,7.75,7,7.7499309021025,7.00007183166585,6.77109874043294,6.87226270104459,15.499861804205,14.0001436633317,14.2557384962615,12.3374773928926
349.4,7.75,7,7.74993090419105,7.00007181509192,6.77110417187465,6.87225705223155,15.4998618083821,14.0001436301838,14.2556713070031,12.3375450491776
349.5,7.75,7,7.74993090768755,7.00007179848042,6.77110921778466,6.87225141117851,15.4998618153751,14.0001435969608,14.2556041561819,12.3376126616744
349.6,7.75,7,7.74993090813351,7.00007178187846,6.77111509506766,6.87224576576939,15.499861816267,14.0001435637569,14.2555370499515,12.3376802190707
349.7,7.75,7,7.74993091003607,7.00007176523823,6.7711205735139,6.87224012829392,15.4998618200721,14.0001435304765,14.2554699825318,12.3377477323048
349.8,7.75,7,7.74993091174677,7.00007174857608,6.77112610298738,6.87223449446532,15.4998618234935,14.0001434971522,14.2554029581847,12.3378151948719
349.9,7.75,7,7.74993091325628,7.0000717318939,6.77113168612365,6.8722288639512,15.4998618265126,14.0001434637878,14.2553359737777,12.3378826104456
350,7.75,7,7.74993091530301,7.00007171518248,6.77113712129159,6.87222323900759,15.499861830606,14.000143430365,14.2552690308613,12.3379499778981
350.1,7.75,7,7.74993091672584,7.00007169845604,6.77114272551137,6.87221761614609,15.4998618334517,14.0001433969121,14.2552021276236,12.3380172982931
350.2,7.75,7,7.74993091850222,7.00007168170082,6.77114823178543,6.87221199862864,15.4998618370044,14.0001433634016,14.2551352689482,12.3380845668206
350.3,7.75,7,7.74993092074291,7.00007166491838,6.77115361003311,6.87220638628279,15.4998618414858,14.0001433298368,14.2550684498241,12.3381517894617
350.4,7.75,7,7.74993092195766,7.00007164812491,6.77115926701672,6.87220077498871,15.4998618439153,14.0001432962498,14.2550016715957,12.3382189632793
350.5,7.75,7,7.74993092312771,7.00007163130992,6.77116493490523,6.87219516743756,15.4998618462554,14.0001432626198,14.2549349331691,12.338286090467
350.6,7.75,7,7.74993092606321,7.00007161445244,6.77117011951397,6.87218956887752,15.4998618521264,14.0001432289049,14.2548682354353,12.338353171658
350.7,7.75,7,7.74993092893049,7.0000715975733,6.77117532139988,6.87218397407823,15.499861857861,14.0001431951466,14.2548015783908,12.338420205178
350.8,7.75,7,7.74993092970688,7.00007158069449,6.77118109265794,6.87217837743921,15.4998618594138,14.000143161389,14.2547349637699,12.3384871871454
350.9,7.75,7,7.74993093169085,7.00007156378038,6.77118653294773,6.87217278806522,15.4998618633817,14.0001431275608,14.2546683884738,12.3385541242317
351,7.75,7,7.74993093378093,7.0000715468414,6.77119194282211,6.8721672031834,15.4998618675619,14.0001430936828,14.2546018563016,12.3386210109902
351.1,7.75,7,7.74993093519222,7.00007152988908,6.77119753669529,6.8721616200955,15.4998618703844,14.0001430597782,14.2545353625264,12.3386878522344
351.2,7.75,7,7.74993093732635,7.00007151290478,6.77120293176638,6.87215604328965,15.4998618746527,14.0001430258096,14.2544689122114,12.3387546433463
351.3,7.75,7,7.74993093898591,7.00007149590418,6.77120845502805,6.87215046898731,15.4998618779718,14.0001429918084,14.2544025016182,12.3388213876025
351.4,7.75,7,7.74993094062925,7.00007147888297,6.77121398140668,6.87214489834006,15.4998618812585,14.0001429577659,14.2543361291514,12.3388880872978
351.5,7.75,7,7.74993094300696,7.00007146182864,6.77121930573756,6.87213933420874,15.4998618860139,14.0001429236573,14.2542698022397,12.3389547344554
351.6,7.75,7,7.74993094463844,7.00007144476102,6.77122483238374,6.87213377183294,15.4998618892769,14.000142889522,14.2542035153476,12.3390213341884
351.7,7.75,7,7.74993094575957,7.00007142767798,6.77123049698297,6.87212821179274,15.4998618915191,14.000142855356,14.2541372675283,12.3390878878285
351.8,7.75,7,7.7499309483941,7.00007141055595,6.77123574702475,6.87212265998182,15.4998618967882,14.0001428211119,14.2540710600492,12.3391543957686
351.9,7.75,7,7.74993095140266,7.00007139340787,6.77124089353602,6.87211711314916,15.4998619028053,14.0001427868157,14.2540048928999,12.3392208569811
352,7.75,7,7.74993095158159,7.00007137627075,6.77124681110672,6.87211156203722,15.4998619031632,14.0001427525415,14.2539387648363,12.3392872699769
352.1,7.75,7,7.74993095287576,7.00007135909773,6.77125242269209,6.87210601828812,15.4998619057515,14.0001427181955,14.2538726799106,12.3393536336704
352.2,7.75,7,7.74993095728663,7.0000713418669,6.77125718196259,6.87210048748116,15.4998619145733,14.0001426837338,14.2538066368056,12.3394199514521
352.3,7.75,7,7.74993095907319,7.0000713246454,6.77126265625724,6.87209495287177,15.4998619181464,14.0001426492908,14.2537406316869,12.3394862225166
352.4,7.75,7,7.74993095986772,7.00007130741331,6.77126839988491,6.87208941937706,15.4998619197354,14.0001426148266,14.2536746672672,12.3395524452128
352.5,7.75,7,7.74993096293902,7.00007129013277,6.77127352044365,6.8720838964738,15.499861925878,14.0001425802655,14.2536087451516,12.3396186206894
352.6,7.75,7,7.74993096438887,7.00007127284984,6.77127908220978,6.8720783727099,15.4998619287777,14.0001425456997,14.2535428618886,12.3396847493898
352.7,7.75,7,7.74993096629862,7.00007125553981,6.77128451691953,6.87207285422941,15.4998619325972,14.0001425110796,14.2534770196371,12.3397508307234
352.8,7.75,7,7.74993096836209,7.00007123820566,6.77128990810762,6.87206734025568,15.4998619367242,14.0001424764113,14.2534112194021,12.3398168632481
352.9,7.75,7,7.74993097002171,7.00007122085553,6.77129540810127,6.87206182887091,15.4998619400434,14.0001424417111,14.2533454578057,12.3398828503943
353,7.75,7,7.7499309722676,7.00007120347753,6.77130074655741,6.87205632302737,15.4998619445352,14.0001424069551,14.2532797361842,12.3399487915266
353.1,7.75,7,7.74993097416853,7.00007118608015,6.77130617753062,6.87205082045199,15.4998619483371,14.0001423721603,14.253214058499,12.3400146811849
353.2,7.75,7,7.74993097569564,7.000071168667,6.77131170912041,6.87204532046901,15.4998619513913,14.000142337334,14.2531484186245,12.340080526484
353.3,7.75,7,7.74993097814862,7.00007115122235,6.77131698645173,6.872039826973,15.4998619562972,14.0001423024447,14.253082818512,12.3401463263579
353.4,7.75,7,7.7499309807881,7.00007113375462,6.77132221135568,6.87203433785336,15.4998619615762,14.0001422675092,14.2530172581473,12.3402120801514
353.5,7.75,7,7.74993098123694,7.00007111629064,6.77132803273565,6.87202884635609,15.4998619624739,14.0001422325813,14.2529517377969,12.3402777853743
353.6,7.75,7,7.74993098273265,7.00007109879299,6.77133356674012,6.87202336185573,15.4998619654653,14.000142197586,14.2528862589358,12.3403434433023
353.7,7.75,7,7.74993098707016,7.00007108124118,6.77133832335205,6.87201788950382,15.4998619741403,14.0001421624824,14.2528208219101,12.3404090551957
353.8,7.75,7,7.74993098942731,7.00007106369137,6.77134361905862,6.87201241527612,15.4998619788546,14.0001421273827,14.2527554239098,12.3404746198911
353.9,7.75,7,7.74993098947223,7.00007104614691,6.77134954441068,6.87200693830658,15.4998619789445,14.0001420922938,14.252690065773,12.3405401361171
354,7.75,7,7.74993099300439,7.00007102854289,6.77135451628974,6.87200147499143,15.4998619860088,14.0001420570858,14.2526247460299,12.3406056109319
354.1,7.75,7,7.74993099563626,7.00007101092636,6.77135973221803,6.87199601331734,15.4998619912725,14.0001420218527,14.252559469854,12.3406710342924
354.2,7.75,7,7.74993099662991,7.00007099330901,6.77136539387758,6.87199055057088,15.4998619932598,14.000141986618,14.2524942309472,12.3407364128464
354.3,7.75,7,7.7499309992191,7.0000709756514,6.7713706182797,6.87198509649456,15.4998619984382,14.0001419513028,14.2524290347065,12.3408017433116
354.4,7.75,7,7.74993100092528,7.00007095798371,6.77137608218146,6.87197964364102,15.4998620018506,14.0001419159674,14.2523638772141,12.3408670279656
354.5,7.75,7,7.74993100301653,7.00007094029071,6.77138143934263,6.87197419579086,15.4998620060331,14.0001418805814,14.252298760179,12.3409322660003
354.6,7.75,7,7.74993100522845,7.00007092257547,6.77138676192908,6.87196875218457,15.4998620104569,14.0001418451509,14.2522336835514,12.34099745724
354.7,7.75,7,7.74993100695448,7.0000709048448,6.77139221551359,6.87196331110549,15.499862013909,14.0001418096896,14.2521686474749,12.3410626009686
354.8,7.75,7,7.74993100926945,7.0000708870876,6.77139750675596,6.87195787542692,15.4998620185389,14.0001417741752,14.2521036499678,12.3411277004849
354.9,7.75,7,7.74993101175505,7.00007086930864,6.77140274984365,6.87195244395376,15.4998620235101,14.0001417386173,14.2520386910142,12.3411927554305
355,7.75,7,7.74993101275766,7.00007085152549,6.77140839608687,6.87194701219409,15.4998620255153,14.000141703051,14.2519737729421,12.3412577615907
355.1,7.75,7,7.74993101468903,7.00007083371023,6.77141378705326,6.87194158714619,15.4998620293781,14.0001416674205,14.2519088970089,12.3413227197388
355.2,7.75,7,7.7499310183134,7.0000708158555,6.77141871421418,6.87193617074965,15.4998620366268,14.000141631711,14.2518440607346,12.3413876334641
355.3,7.75,7,7.74993102078047,7.00007079799427,6.77142395570331,6.87193075475549,15.4998620415609,14.0001415959885,14.2517792628757,12.3414525015919
355.4,7.75,7,7.7499310219133,7.00007078012814,6.77142955977701,6.87192533874054,15.4998620438266,14.0001415602563,14.2517145042834,12.3415173229809
355.5,7.75,7,7.74993102461098,7.00007076222289,6.77143473491031,6.87191993123698,15.499862049222,14.0001415244458,14.2516497877117,12.3415820971196
355.6,7.75,7,7.74993102657507,7.00007074430692,6.7714401087225,6.87191452525021,15.4998620531501,14.0001414886138,14.251585108601,12.3416468271829
355.7,7.75,7,7.74993102858352,7.00007072636896,6.77144546863268,6.87190912347091,15.499862057167,14.0001414527379,14.2515204718601,12.3417115082102
355.8,7.75,7,7.74993103102841,7.00007070840731,6.77145070782943,6.8719037265019,15.4998620620568,14.0001414168146,14.2514558721456,12.3417761467603
355.9,7.75,7,7.74993103277321,7.00007069043214,6.77145613632953,6.8718983316237,15.4998620655464,14.0001413808643,14.2513913148823,12.341840735514
356,7.75,7,7.74993103501278,7.0000706724313,6.77146142806131,6.87189294198451,15.4998620700256,14.0001413448626,14.2513267973846,12.3419052786908
356.1,7.75,7,7.74993103761759,7.0000706544071,6.77146661844554,6.87188755706195,15.4998620752352,14.0001413088142,14.25126231807,12.3419697780116
356.2,7.75,7,7.74993103902524,7.00007063637649,6.77147213392006,6.87188217254779,15.4998620780505,14.000141272753,14.2511978784767,12.3420342302662
356.3,7.75,7,7.74993104071671,7.00007061832319,6.77147757023524,6.87187679257463,15.4998620814334,14.0001412366464,14.251133477668,12.3420986379111
356.4,7.75,7,7.74993104426997,7.00007060022906,6.77148249659368,6.87187142170051,15.4998620885399,14.0001412004581,14.2510691162533,12.3421630017032
356.5,7.75,7,7.74993104702807,7.00007058212277,6.77148763817173,6.87186605263047,15.4998620940561,14.0001411642455,14.2510047971735,12.342227315804
356.6,7.75,7,7.74993104709718,7.00007056402702,6.77149351204726,6.871860679732,15.4998620941944,14.000141128054,14.2509405180267,12.3422915812568
356.7,7.75,7,7.74993105002604,7.00007054587973,6.77149860356503,6.87185531867935,15.4998621000521,14.0001410917595,14.2508762772645,12.3423558049706
356.8,7.75,7,7.74993105436258,7.00007052769739,6.77150330910964,6.87184996533037,15.4998621087252,14.0001410553948,14.2508120748814,12.3424199856228
356.9,7.75,7,7.74993105516895,7.00007050953574,6.77150897661185,6.87184460565154,15.4998621103379,14.0001410190715,14.2507479113852,12.3424841180873
357,7.75,7,7.74993105735179,7.00007049133781,6.77151426649649,6.87183925390779,15.4998621147036,14.0001409826756,14.2506837896158,12.3425482036109
357.1,7.75,7,7.74993106039635,7.00007047311146,6.77151931945896,6.8718339082432,15.4998621207927,14.0001409462229,14.2506197055432,12.3426122463846
357.2,7.75,7,7.74993106183867,7.00007045488307,6.77152480797383,6.87182856193497,15.4998621236773,14.0001409097661,14.2505556623376,12.3426762404859
357.3,7.75,7,7.74993106429302,7.00007043662376,6.77153001844085,6.87182322230142,15.499862128586,14.0001408732475,14.2504916585797,12.3427401899713
357.4,7.75,7,7.74993106636178,7.00007041834976,6.77153533241694,6.87181788528617,15.4998621327236,14.0001408366995,14.2504276935406,12.3428040944033
357.5,7.75,7,7.7499310684807,7.00007040005554,6.77154063088337,6.87181255225525,15.4998621369614,14.0001408001111,14.2503637685125,12.3428679527012
357.6,7.75,7,7.74993107106254,7.00007038173649,6.77154580115704,6.87180722437507,15.4998621421251,14.000140763473,14.2502998833904,12.3429317653749
357.7,7.75,7,7.74993107290471,7.00007036340695,6.77155117158516,6.87180189808483,15.4998621458094,14.0001407268139,14.2502360368143,12.3429955328953
357.8,7.75,7,7.74993107486859,7.00007034505752,6.77155650704995,6.8717965757753,15.4998621497372,14.000140690115,14.2501722281059,12.3430592568462
357.9,7.75,7,7.74993107793958,7.00007032667566,6.77156153841328,6.87179126053171,15.4998621558792,14.0001406533513,14.2501084601395,12.3431229348289
358,7.75,7,7.74993108030262,7.00007030828189,6.77156676114008,6.87178594719594,15.4998621606052,14.0001406165638,14.2500447331104,12.3431865649561
358.1,7.75,7,7.74993108100096,7.00007028988821,6.77157243651293,6.87178063281607,15.4998621620019,14.0001405797764,14.2499810446964,12.3432501490333
358.2,7.75,7,7.74993108386992,7.00007027145111,6.77157751752833,6.8717753283474,15.4998621677398,14.0001405429022,14.2499173950891,12.3433136903804
358.3,7.75,7,7.74993108812261,7.00007025297952,6.77158221899126,6.87177003154394,15.4998621762452,14.000140505959,14.2498537842753,12.3433771882965
358.4,7.75,7,7.74993108926649,7.00007023452527,6.77158776737375,6.87176472942326,15.499862178533,14.0001404690505,14.2497902104809,12.3434406406962
358.5,7.75,7,7.7499310905565,7.00007021604957,6.77159327393472,6.87175943164797,15.499862181113,14.0001404320991,14.2497266776799,12.3435040460075
358.6,7.75,7,7.74993109486923,7.00007019751994,6.77159795340888,6.87175414640516,15.4998621897385,14.0001403950399,14.2496631857098,12.3435674070769
358.7,7.75,7,7.74993109664605,7.00007017900211,6.77160332347674,6.8717488573043,15.4998621932921,14.0001403580042,14.2495997289562,12.3436307252584
358.8,7.75,7,7.74993109867757,7.00007016046052,6.77160862194594,6.87174357309311,15.4998621973551,14.000140320921,14.249536315668,12.3436939936336
358.9,7.75,7,7.74993110133478,7.00007014189413,6.77161374784508,6.87173829420827,15.4998622026696,14.0001402837883,14.2494729393657,12.3437572200124
359,7.75,7,7.74993110319861,7.00007012331772,6.77161908841729,6.87173301686327,15.4998622063972,14.0001402466354,14.2494096027744,12.3438203999597
359.1,7.75,7,7.74993110572523,7.0000701047153,6.77162424619611,6.87172774511779,15.4998622114505,14.0001402094306,14.2493463049305,12.3438835359344
359.2,7.75,7,7.74993110793128,7.00007008609722,6.77162948953208,6.87172247633336,15.4998622158626,14.0001401721944,14.2492830475735,12.3439466250383
359.3,7.75,7,7.74993111001667,7.00007006746331,6.7716347640521,6.8717172106641,15.4998622200333,14.0001401349266,14.2492198263633,12.3440096724563
359.4,7.75,7,7.74993111279363,7.00007004880255,6.77163984784006,6.87171195079742,15.4998622255873,14.0001400976051,14.2491566451852,12.3440726744764
359.5,7.75,7,7.74993111506182,7.00007003012779,6.77164506848081,6.87170669346787,15.4998622301236,14.0001400602556,14.2490935056943,12.3441356280996
359.6,7.75,7,7.74993111649317,7.00007001144495,6.77165051574858,6.87170143730278,15.4998622329863,14.0001400228899,14.2490304033285,12.3441985382771
359.7,7.75,7,7.74993111933254,7.00006999272789,6.77165557674956,6.87169618885124,15.4998622386651,14.0001399854558,14.2489673396339,12.3442614053077
359.8,7.75,7,7.74993112296606,7.00006997398361,6.77166041905352,6.87169094636054,15.4998622459321,14.0001399479672,14.2489043145952,12.344324228652
359.9,7.75,7,7.74993112485757,7.00006995524224,6.77166573513386,6.87168570231829,15.4998622497151,14.0001399104845,14.2488413252916,12.3443870093374
360,7.75,7,7.74993112686462,7.00006993647933,6.77167101753734,6.87168046272506,15.4998622537292,14.0001398729587,14.2487783790874,12.3444497406242
360.1,7.75,7,7.74993112985443,7.00006991768815,6.77167602984651,6.87167522942481,15.4998622597089,14.0001398353763,14.2487154694069,12.3445124308725
360.2,7.75,7,7.74993113175121,7.00006989889002,6.77168133847513,6.87166999695412,15.4998622635024,14.00013979778,14.2486526010318,12.3445750726883
360.3,7.75,7,7.74993113423157,7.00006988006841,6.77168648598472,6.87166476959784,15.4998622684631,14.0001397601368,14.2485897687721,12.3446376735827
360.4,7.75,7,7.74993113666805,7.00006986122753,6.77169164334094,6.87165954616609,15.4998622733361,14.0001397224551,14.248526978911,12.3447002257748
360.5,7.75,7,7.74993113872061,7.00006984237393,6.77169690365559,6.87165432514245,15.4998622774412,14.0001396847479,14.2484642257317,12.3447627355208
360.6,7.75,7,7.74993114142849,7.00006982349561,6.77170198319444,6.87164910954201,15.499862282857,14.0001396469912,14.2484015097781,12.3448252031613
360.7,7.75,7,7.74993114409466,7.00006980459944,6.77170707211551,6.87164389759454,15.4998622881893,14.0001396091989,14.2483388333358,12.3448876254409
360.8,7.75,7,7.74993114545702,7.00006978569933,6.77171251489976,6.87163868578661,15.499862290914,14.0001395713987,14.2482761973106,12.344950000167
360.9,7.75,7,7.74993114799405,7.00006976676821,6.7717176350596,6.87163348098666,15.4998622959881,14.0001395335364,14.248213599618,12.3450123320221
361,7.75,7,7.7499311517223,7.00006974780592,6.77172242807353,6.87162828323917,15.4998623034446,14.0001394956118,14.2481510402365,12.3450746210542
361.1,7.75,7,7.74993115353445,7.00006972884803,6.77172774222207,6.87162308361838,15.4998623070689,14.0001394576961,14.2480885184976,12.3451368651756
361.2,7.75,7,7.74993115441053,7.00006970988311,6.7717333099244,6.87161788498727,15.4998623088211,14.0001394197662,14.248026035122,12.3451990644711
361.3,7.75,7,7.74993115878927,7.00006969086135,6.77173791952095,6.87161269991136,15.4998623175785,14.0001393817227,14.2479635891436,12.3452612241442
361.4,7.75,7,7.74993116249729,7.00006967182851,6.77174271009967,6.87160751681478,15.4998623249946,14.000139343657,14.2479011839853,12.3453233364381
361.5,7.75,7,7.74993116308511,7.00006965281331,6.77174835042911,6.87160232851751,15.4998623261702,14.0001393056266,14.2478388176123,12.3453854014364
361.6,7.75,7,7.7499311662368,7.00006963375216,6.77175328892794,6.87159715106182,15.4998623324736,14.0001392675043,14.2477764882747,12.345447426387
361.7,7.75,7,7.74993116874876,7.0000696146802,6.77175839998735,6.87159197556421,15.4998623374975,14.0001392293604,14.247714198628,12.3455094053065
361.8,7.75,7,7.74993117076405,7.00006959559659,6.7717636446328,6.8715868022754,15.4998623415281,14.0001391911932,14.2476519470287,12.3455713402169
361.9,7.75,7,7.74993117353968,7.00006957648736,6.77176867974539,6.87158163472528,15.4998623470794,14.0001391529747,14.2475897329081,12.3456332329348
362,7.75,7,7.74993117562776,7.00006955736743,6.77177390039309,6.87157646910751,15.4998623512555,14.0001391147349,14.2475275596611,12.3456950782506
362.1,7.75,7,7.74993117818455,7.00006953822548,6.7717789911287,6.87157130835059,15.4998623563691,14.000139076451,14.2474654234208,12.3457568816619
362.2,7.75,7,7.7499311809055,7.00006951906514,6.77178403510417,6.87156615155027,15.499862361811,14.0001390381303,14.2474033238181,12.3458186433181
362.3,7.75,7,7.74993118274515,7.00006949989609,6.77178931745122,6.8715609961938,15.4998623654903,14.0001389997922,14.2473412657831,12.3458803566264
362.4,7.75,7,7.74993118531396,7.0000694807018,6.77179439872893,6.87155584651243,15.4998623706279,14.0001389614036,14.2472792455255,12.3459420274132
362.5,7.75,7,7.74993118854158,7.00006946148313,6.77179929813867,6.871550702303,15.4998623770832,14.0001389229663,14.2472172630252,12.3460036556447
362.6,7.75,7,7.7499311902693,7.00006944226449,6.77180460496007,6.87154555742347,15.4998623805386,14.000138884529,14.2471553184372,12.3460652391635
362.7,7.75,7,7.74993119163829,7.00006942303307,6.77181000768179,6.87154041510873,15.4998623832766,14.0001388460661,14.2470934115634,12.3461267792548
362.8,7.75,7,7.74993119574633,7.00006940375376,6.77181466063687,6.87153528420123,15.4998623914927,14.0001388075075,14.2470315424964,12.3461882786744
362.9,7.75,7,7.74993119985693,7.0000693844576,6.77181931084677,6.87153015689708,15.4998623997139,14.0001387689152,14.2469697112431,12.3462497349018
363,7.75,7,7.74993120007317,7.00006936518762,6.77182502196266,6.87152502233053,15.4998624001463,14.0001387303752,14.246907920412,12.3463111413767
363.1,7.75,7,7.74993120298227,7.00006934587038,6.77182999590633,6.87151989903574,15.4998624059645,14.0001386917408,14.2468461673683,12.3463725071843
363.2,7.75,7,7.74993120724594,7.00006932652205,6.77183459813053,6.87151478298681,15.4998624144919,14.0001386530441,14.2467844499159,12.3464338336067
363.3,7.75,7,7.74993120843031,7.00006930719026,6.771840038679,6.87150966210606,15.4998624168606,14.0001386143805,14.2467227740238,12.3464951097543
363.4,7.75,7,7.74993121111514,7.00006928782565,6.77184506765263,6.87150454891599,15.4998624222303,14.0001385756513,14.2466611340383,12.346556346307
363.5,7.75,7,7.74993121357384,7.00006926844619,6.77185015617378,6.87149943884264,15.4998624271477,14.0001385368924,14.246599533648,12.346617537473
363.6,7.75,7,7.74993121585309,7.00006924905238,6.77185529162168,6.87149433180072,15.4998624317062,14.0001384981048,14.2465379705609,12.3466786859189
363.7,7.75,7,7.74993121865362,7.00006922963598,6.77186028265422,6.87148922986405,15.4998624373072,14.000138459272,14.2464764455774,12.3467397913848
363.8,7.75,7,7.7499312208216,7.0000692102105,6.7718654443017,6.87148412965203,15.4998624416432,14.000138420421,14.2464149577558,12.3468008538901
363.9,7.75,7,7.74993122335287,7.00006919076305,6.77187050449632,6.87147903435988,15.4998624467057,14.0001383815261,14.2463535108447,12.3468618700861
364,7.75,7,7.74993122633456,7.00006917129454,6.77187543968514,6.87147394382816,15.4998624526691,14.0001383425891,14.2462921005536,12.3469228449531
364.1,7.75,7,7.74993122826789,7.00006915182145,6.77188065894147,6.87146885390274,15.4998624565358,14.0001383036429,14.2462307281547,12.3469837756682
364.2,7.75,7,7.74993123018314,7.00006913233257,6.77188588105871,6.87146376742498,15.4998624603663,14.0001382646651,14.2461693926332,12.3470446643445
364.3,7.75,7,7.74993123387638,7.00006911280722,6.77189061569365,6.87145868959181,15.4998624677528,14.0001382256144,14.2461080947863,12.3471055117359
364.4,7.75,7,7.74993123746418,7.00006909326678,6.77189537698064,6.87145361503142,15.4998624749284,14.0001381865336,14.2460468346119,12.3471663161177
364.5,7.75,7,7.74993123894325,7.00006907373319,6.77190071168477,6.87144853820642,15.4998624778865,14.0001381474664,14.2459856139689,12.3472270735359
364.6,7.75,7,7.74993124166456,7.00006905417002,6.77190570523102,6.87144346834059,15.4998624833291,14.00013810834,14.2459244293574,12.3472877910706
364.7,7.75,7,7.74993124445379,7.00006903458879,6.77191067794469,6.87143840248332,15.4998624889076,14.0001380691776,14.2458632849847,12.3473484628582
364.8,7.75,7,7.74993124658202,7.00006901499994,6.77191582909419,6.87143333808091,15.499862493164,14.0001380299999,14.2458021758474,12.3474090939307
364.9,7.75,7,7.74993124943203,7.00006899538555,6.77192078088472,6.87142827957976,15.4998624988641,14.0001379907711,14.2457411072582,12.3474696795235
365,7.75,7,7.74993125178677,7.0000689757612,6.77192586578567,6.87142322312431,15.4998625035735,14.0001379515224,14.2456800751641,12.3475302231357
365.1,7.75,7,7.74993125414445,7.00006895612159,6.77193094782976,6.87141817006045,15.4998625082889,14.0001379122432,14.2456190787799,12.3475907261268
365.2,7.75,7,7.74993125721793,7.0000689364561,6.77193583206164,6.87141312299675,15.4998625144359,14.0001378729122,14.2455581241891,12.3476511822419
365.3,7.75,7,7.74993125952379,7.00006891678356,6.77194092370027,6.87140807725516,15.4998625190476,14.0001378335671,14.2454972066729,12.3477115954902
365.4,7.75,7,7.74993126134456,7.00006889710119,6.77194614566251,6.87140303355774,15.4998625226891,14.0001377942024,14.2454363253536,12.3477719671372
365.5,7.75,7,7.74993126469029,7.00006887738574,6.7719509491645,6.8713979977447,15.4998625293806,14.0001377547715,14.2453754813778,12.3478322977385
365.6,7.75,7,7.74993126837535,7.00006885765069,6.77195565785857,6.87139296643346,15.4998625367507,14.0001377153014,14.2453146747366,12.3478925862197
365.7,7.75,7,7.74993126918776,7.00006883793296,6.77196114863453,6.87138793035297,15.4998625383755,14.0001376758659,14.2452539042613,12.3479528309574
365.8,7.75,7,7.74993127122385,7.00006881818443,6.77196630300555,6.87138290157582,15.4998625424477,14.0001376363689,14.2451931740878,12.3480130310342
365.9,7.75,7,7.7499312762969,7.0000687983854,6.77197062608065,6.87137788508512,15.4998625525938,14.0001375967708,14.2451324822366,12.3480731903779
366,7.75,7,7.74993127869907,7.00006877860194,6.77197567620069,6.87137286430073,15.4998625573981,14.0001375572039,14.2450718255146,12.3481333073649
366.1,7.75,7,7.74993128020388,7.00006875881278,6.77198096905004,6.87136784454679,15.4998625604078,14.0001375176256,14.245011206745,12.34819338043
366.2,7.75,7,7.74993128393383,7.00006873898221,6.7719856521727,6.87136283481163,15.4998625678677,14.0001374779644,14.2449506268188,12.3482534114463
366.3,7.75,7,7.7499312860228,7.00006871915516,6.77199078110898,6.87135782382387,15.4998625720456,14.0001374383103,14.24489008314,12.3483133998074
366.4,7.75,7,7.74993128859699,7.00006869930696,6.77199577535083,6.87135281777976,15.499862577194,14.0001373986139,14.2448295771195,12.348373345878
366.5,7.75,7,7.74993129130046,7.00006867944106,6.77200073196958,6.87134781581012,15.4998625826009,14.0001373588821,14.2447691103079,12.3484332475789
366.6,7.75,7,7.74993129361034,7.00006865956493,6.77200579390936,6.87134281607259,15.4998625872207,14.0001373191299,14.2447086789938,12.3484931086471
366.7,7.75,7,7.74993129650554,7.00006863966675,6.77201069383367,6.87133782153242,15.4998625930111,14.0001372793335,14.2446482850215,12.3485529278997
366.8,7.75,7,7.74993129903368,7.0000686197561,6.77201569153841,6.87133282975858,15.4998625980674,14.0001372395122,14.2445879314135,12.3486127010397
366.9,7.75,7,7.74993130120262,7.00006859983513,6.77202078519422,6.87132784026936,15.4998626024052,14.0001371996703,14.2445276128396,12.3486724341266
367,7.75,7,7.74993130430279,7.00006857988851,6.77202562241878,6.87132285691131,15.4998626086056,14.000137159777,14.2444673310684,12.3487321263508
367.1,7.75,7,7.74993130756794,7.00006855992495,6.77203041238374,6.8713178774975,15.4998626151359,14.0001371198499,14.2444070860875,12.3487917770283
367.2,7.75,7,7.74993130860903,7.00006853997145,6.77203580724463,6.87131289523809,15.4998626172181,14.0001370799429,14.2443468781485,12.3488513836801
367.3,7.75,7,7.74993131078183,7.0000685199893,6.77204089080631,6.87130791987039,15.4998626215637,14.0001370399786,14.2442867090311,12.3489109473895
367.4,7.75,7,7.7499313157283,7.00006849996014,6.77204521486866,6.87130295602708,15.4998626314566,14.0001369999203,14.2442265782147,12.3489704702672
367.5,7.75,7,7.74993131864634,7.00006847993931,6.77205009046281,6.87129798980404,15.4998626372927,14.0001369598786,14.2441664834841,12.3490299504063
367.6,7.75,7,7.74993131932299,7.00006845992894,6.77205557567075,6.87129302066648,15.499862638646,14.0001369198579,14.2441064256136,12.3490893867407
367.7,7.75,7,7.749931323499,7.00006843986441,6.77206010340574,6.87128806489243,15.499862646998,14.0001368797288,14.2440464036203,12.3491487856795
367.8,7.75,7,7.7499313266949,7.00006841979486,6.77206489624568,6.87128311009102,15.4998626533898,14.0001368395897,14.2439864215776,12.3492081384924
367.9,7.75,7,7.74993132831787,7.00006839972913,6.77207011633281,6.87127815408116,15.4998626566357,14.0001367994583,14.2439264742903,12.3492674505216
368,7.75,7,7.74993133150448,7.00006837962994,6.7720749071494,6.87127320622588,15.499862663009,14.0001367592599,14.2438665662002,12.3493267196374
368.1,7.75,7,7.74993133379548,7.00006835952638,6.772079940221,6.87126825922645,15.499862667591,14.0001367190528,14.2438066942859,12.3493859470009
368.2,7.75,7,7.74993133648515,7.00006833940344,6.77208486216121,6.87126331686466,15.4998626729703,14.0001366788069,14.2437468595162,12.3494451327156
368.3,7.75,7,7.74993133927501,7.00006831926429,6.77208975440604,6.87125837834455,15.49986267855,14.0001366385286,14.2436870624837,12.3495042758445
368.4,7.75,7,7.74993134158892,7.00006829911568,6.77209477426082,6.87125344197742,15.4998626831778,14.0001365982314,14.24362730271,12.3495633764053
368.5,7.75,7,7.74993134449371,7.00006827894619,6.77209963058526,6.87124851065766,15.4998626889874,14.0001365578924,14.2435675786302,12.3496224371577
368.6,7.75,7,7.74993134755524,7.00006825876075,6.77210444189566,6.87124358314523,15.4998626951105,14.0001365175215,14.2435078902293,12.3496814577252
368.7,7.75,7,7.74993134912203,7.00006823857708,6.77210965884788,6.87123865497561,15.4998626982441,14.0001364771542,14.2434482401161,12.3497404336458
368.8,7.75,7,7.74993135164862,7.00006821836728,6.77211461136364,6.87123373317678,15.4998627032972,14.0001364367346,14.2433886285965,12.3497993668432
368.9,7.75,7,7.74993135583387,7.00006819812422,6.77211910878334,6.87122881956276,15.4998627116677,14.0001363962484,14.2433290537768,12.3498582601088
369,7.75,7,7.74993135883529,7.0000681778806,6.77212392713334,6.87122390591311,15.4998627176706,14.0001363557612,14.2432695144478,12.3499171121968
369.1,7.75,7,7.74993136053841,7.00006815763744,6.77212909760552,6.87121899197494,15.4998627210768,14.0001363152749,14.2432100113965,12.34997592212
369.2,7.75,7,7.74993136380919,7.00006813736116,6.7721338376485,6.87121408619469,15.4998627276184,14.0001362747223,14.2431505475354,12.350034689238
369.3,7.75,7,7.74993136631211,7.00006811708013,6.77213878512601,6.87120918145707,15.4998627326242,14.0001362341603,14.2430911180346,12.3500934168592
369.4,7.75,7,7.74993136888392,7.00006809678291,6.77214371128287,6.87120428063242,15.4998627377678,14.0001361935658,14.2430317280469,12.3501520999458
369.5,7.75,7,7.74993137187599,7.0000680764677,6.77214852055098,6.8711993841996,15.499862743752,14.0001361529354,14.2429723720161,12.3502107450997
369.6,7.75,7,7.74993137415919,7.0000680561451,6.77215352079659,6.87119448947677,15.4998627483184,14.0001361122902,14.2429130556714,12.3502693448232
369.7,7.75,7,7.74993137694864,7.00006803580263,6.77215838050771,6.87118959962507,15.4998627538973,14.0001360716053,14.2428537757848,12.3503279038859
369.8,7.75,7,7.74993138008951,7.0000680154425,6.77216314201805,6.87118471409656,15.499862760179,14.000136030885,14.24279453123,12.3503864234224
369.9,7.75,7,7.74993138201157,7.00006799508198,6.77216823388349,6.87117982854888,15.4998627640231,14.000135990164,14.2427353234558,12.3504449003593
370,7.75,7,7.74993138424429,7.0000679747041,6.7721732386325,6.87117494726154,15.4998627684886,14.0001359494082,14.2426761515933,12.3505033370926
370.1,7.75,7,7.74993138834313,7.0000679542909,6.77217773157545,6.87117007475971,15.4998627766863,14.0001359085818,14.2426170165992,12.350561733984
370.2,7.75,7,7.74993139158317,7.00006793387257,6.77218245645302,6.87116520344734,15.4998627831663,14.0001358677451,14.2425579203409,12.3506200864263
370.3,7.75,7,7.74993139219253,7.00006791346991,6.77218789707307,6.87116032810138,15.4998627843851,14.0001358269398,14.2424988610145,12.350678394828
370.4,7.75,7,7.74993139568643,7.000067893021,6.77219254795061,6.87115546431624,15.4998627913729,14.000135786042,14.2424398372019,12.3507366658752
370.5,7.75,7,7.74993140052795,7.00006787254328,6.77219682863416,6.87115060770816,15.4998628010559,14.0001357450866,14.2423808488997,12.3507948981628
370.6,7.75,7,7.74993140180977,7.0000678520921,6.77220207870117,6.8711457443519,15.4998628036195,14.0001357041842,14.2423218968523,12.350853086338
370.7,7.75,7,7.7499314045305,7.0000678316101,6.77220693346378,6.87114088869023,15.499862809061,14.0001356632202,14.2422629830669,12.3509112327531
370.8,7.75,7,7.74993140805273,7.00006781110569,6.7722115671269,6.87113603861502,15.4998628161055,14.0001356222114,14.2422041044564,12.3509693403047
370.9,7.75,7,7.74993141000379,7.00006779060492,6.77221662723558,6.87113118757707,15.4998628200076,14.0001355812098,14.2421452633397,12.3510274042032
371,7.75,7,7.7499314129676,7.0000677700788,6.77222140846238,6.8711263428777,15.4998628259352,14.0001355401576,14.2420864590053,12.3510854276379
371.1,7.75,7,7.74993141552262,7.00006774954394,6.77222629893751,6.87112150034806,15.4998628310452,14.0001354990879,14.2420276902327,12.3511434106796
371.2,7.75,7,7.74993141814522,7.00006772899428,6.77223116849766,6.87111666151596,15.4998628362904,14.0001354579886,14.2419689588338,12.3512013517359
371.3,7.75,7,7.749931421216,7.00006770842583,6.77223591328931,6.87111182739259,15.499862842432,14.0001354168517,14.241910264023,12.3512592520487
371.4,7.75,7,7.74993142353223,7.00006768785259,6.77224086169815,6.87110699446397,15.4998628470645,14.0001353757052,14.2418516049102,12.3513171115185
371.5,7.75,7,7.74993142598584,7.00006766726471,6.77224577027675,6.87110216521422,15.4998628519717,14.0001353345294,14.2417929808664,12.3513749316807
371.6,7.75,7,7.7499314295479,7.00006764665009,6.77225037372652,6.87109734269558,15.4998628590958,14.0001352933002,14.2417343949164,12.3514327100366
371.7,7.75,7,7.74993143235708,7.00006762603009,6.77225518020355,6.87109252154142,15.4998628647142,14.0001352520602,14.2416758464422,12.351490445574
371.8,7.75,7,7.7499314335449,7.00006760541523,6.77226042690361,6.87108769911074,15.4998628670898,14.0001352108305,14.2416173336967,12.3515481394638
371.9,7.75,7,7.74993143692446,7.00006758476226,6.77226507288564,6.87108288629312,15.4998628738489,14.0001351695245,14.2415588568508,12.3516057950341
372,7.75,7,7.74993144163523,7.00006756408097,6.77226935306105,6.87107808063291,15.4998628832705,14.0001351281619,14.241500415893,12.3516634115118
372.1,7.75,7,7.74993144318806,7.00006754342286,6.77227449301056,6.87107326917089,15.4998628863761,14.0001350868457,14.2414420091499,12.3517209866474
372.2,7.75,7,7.74993144500444,7.00006752274773,6.77227955843809,6.87106846203922,15.4998628900089,14.0001350454955,14.2413836406308,12.3517785190973
372.3,7.75,7,7.74993144976964,7.00006750202548,6.77228381635845,6.871063666821,15.4998628995393,14.000135004051,14.2413253095454,12.351836012231
372.4,7.75,7,7.74993145197254,7.00006748132025,6.77228877153115,6.871058867369,15.4998629039451,14.0001349626405,14.2412670112962,12.3518934661395
372.5,7.75,7,7.7499314544739,7.00006746059708,6.77229364252591,6.87105407250182,15.4998629089478,14.0001349211942,14.2412087529453,12.3519508755379
372.6,7.75,7,7.74993145756656,7.00006743985465,6.77229834976375,6.87104928254927,15.4998629151331,14.0001348797093,14.2411505290994,12.3520082467573
372.7,7.75,7,7.74993145988147,7.0000674191078,6.77230326684052,6.87104449378962,15.4998629197629,14.0001348382156,14.2410923417144,12.3520655763479
372.8,7.75,7,7.74993146285884,7.00006739834034,6.77230800061053,6.87103971029956,15.4998629257177,14.0001347966807,14.2410341904704,12.3521228660032
372.9,7.75,7,7.74993146549658,7.00006737756329,6.77231282456023,6.87103492931878,15.4998629309932,14.0001347551266,14.2409760764155,12.3521801136313
373,7.75,7,7.74993146802397,7.00006735677542,6.7723176763467,6.871030151153,15.4998629360479,14.0001347135508,14.2409179958322,12.3522373236197
373.1,7.75,7,7.74993147124284,7.00006733596625,6.77232233680686,6.87102537845535,15.4998629424857,14.0001346719325,14.2408599526459,12.3522944923121
373.2,7.75,7,7.74993147392332,7.00006731514946,6.77232714161989,6.87102060779482,15.4998629478466,14.0001346302989,14.2408019476796,12.3523516176606
373.3,7.75,7,7.74993147579353,7.00006729432954,6.77233216526212,6.87101583803536,15.4998629515871,14.0001345886591,14.2407439770798,12.3524087037417
373.4,7.75,7,7.74993147908454,7.00006727348073,6.77233679858144,6.87101107567008,15.4998629581691,14.0001345469615,14.2406860422493,12.3524657510453
373.5,7.75,7,7.7499314831344,7.00006725261058,6.77234122228261,6.87100631880939,15.4998629662688,14.0001345052212,14.2406281431746,12.3525227589836
373.6,7.75,7,7.74993148541543,7.00006723174872,6.77234612656563,6.87100155998682,15.4998629708309,14.0001344634974,14.240570277097,12.3525797283246
373.7,7.75,7,7.74993148786717,7.00006721087069,6.77235098147317,6.87099680539675,15.4998629757343,14.0001344217414,14.2405124511242,12.3526366529008
373.8,7.75,7,7.74993149127025,7.00006718997002,6.77235557435701,6.87099205664645,15.4998629825405,14.00013437994,14.2404546586352,12.3526935408543
373.9,7.75,7,7.74993149356752,7.00006716906827,6.77236046643496,6.87098730833772,15.499862987135,14.0001343381365,14.2403969046509,12.3527503846745
374,7.75,7,7.74993149646463,7.00006714814806,6.77236519245988,6.87098256483006,15.4998629929293,14.0001342962961,14.2403391837722,12.3528071919847
374.1,7.75,7,7.74993149929623,7.00006712721467,6.77236993361331,6.87097782482665,15.4998629985925,14.0001342544293,14.2402815024396,12.3528639549697
374.2,7.75,7,7.74993150175555,7.0000671062737,6.77237477404011,6.87097308690294,15.4998630035111,14.0001342125474,14.2402238547688,12.3529206799399
374.3,7.75,7,7.74993150487281,7.00006708531321,6.77237943244853,6.87096835406811,15.4998630097456,14.0001341706264,14.2401662415279,12.352977366991
374.4,7.75,7,7.74993150791503,7.00006706434067,6.77238410875657,6.87096362446447,15.4998630158301,14.0001341286813,14.2401086652167,12.3530340126579
374.5,7.75,7,7.74993150968073,7.00006704336968,6.77238913093117,6.87095889467595,15.4998630193615,14.0001340867394,14.2400511259503,12.3530906157123
374.6,7.75,7,7.74993151263294,7.00006702237292,6.77239382671213,6.87095417157737,15.4998630252659,14.0001340447458,14.239993622136,12.353147180212
374.7,7.75,7,7.74993151674344,7.00006700135075,6.77239820380076,6.87094945508588,15.4998630334869,14.0001340027015,14.2399361537542,12.35320370616
374.8,7.75,7,7.74993151889689,7.00006698033871,6.7724031126796,6.87094473625761,15.4998630377938,14.0001339606774,14.2398787201702,12.3532601914017
374.9,7.75,7,7.74993152017564,7.00006695932434,6.77240825783092,6.87094001824061,15.4998630403513,14.0001339186487,14.2398213220486,12.3533166361985
375,7.75,7,7.74993152498303,7.00006693825807,6.77241243726515,6.87093531350976,15.4998630499661,14.0001338765161,14.2397639585109,12.3533730455957
375.1,7.75,7,7.74993152900389,7.00006691718762,6.77241682870874,6.87093061008534,15.4998630580078,14.0001338343752,14.2397066330626,12.3534294117075
375.2,7.75,7,7.74993152998173,7.00006689613948,6.77242204832864,6.87092590128735,15.4998630599635,14.000133792279,14.2396493430796,12.3534857353939
375.3,7.75,7,7.74993153353132,7.0000668750504,6.77242656344121,6.87092120304183,15.4998630670626,14.0001337501008,14.2395920876457,12.3535420228586
375.4,7.75,7,7.74993153638704,7.00006685395675,6.7724312653716,6.8709165062077,15.4998630727741,14.0001337079135,14.2395348686089,12.3535982690352
375.5,7.75,7,7.74993153878584,7.00006683285621,6.77243608950289,6.87091181137227,15.4998630775717,14.0001336657124,14.2394776850264,12.3536544752022
375.6,7.75,7,7.74993154192464,7.00006681173561,6.7724407091657,6.87090712184847,15.4998630838493,14.0001336234712,14.2394205358251,12.3537106436668
375.7,7.75,7,7.74993154436681,7.00006679060997,6.77244551626008,6.87090243388949,15.4998630887336,14.0001335812199,14.2393634247712,12.3537667689083
375.8,7.75,7,7.74993154728858,7.00006676946744,6.77245018999828,6.87089775045564,15.4998630945772,14.0001335389349,14.2393063476386,12.3538228567346
375.9,7.75,7,7.74993155035148,7.00006674831176,6.77245482274472,6.87089307061091,15.499863100703,14.0001334966235,14.2392493047456,12.3538789064846
376,7.75,7,7.74993155254886,7.00006672715305,6.77245968901812,6.87088839184795,15.4998631050977,14.0001334543061,14.2391923000035,12.353934912874
376.1,7.75,7,7.74993155548125,7.00006670597429,6.77246435212303,6.87088371843124,15.4998631109625,14.0001334119486,14.2391353301955,12.3539908809733
376.2,7.75,7,7.74993155905226,7.00006668477661,6.77246883836878,6.87087905008366,15.4998631181045,14.0001333695532,14.239078395303,12.3540468107211
376.3,7.75,7,7.74993156109172,7.00006666358457,6.77247374016465,6.87087438062969,15.4998631221834,14.0001333271691,14.239021495474,12.3541026999592
376.4,7.75,7,7.74993156281807,7.00006664238445,6.77247872490731,6.87086971352628,15.4998631256361,14.0001332847689,14.2389646305236,12.354158550023
376.5,7.75,7,7.74993156730571,7.00006662114143,6.7724829533199,6.87086505754778,15.4998631346114,14.0001332422829,14.2389078005314,12.3542143636632
376.6,7.75,7,7.74993157174172,7.00006659988739,6.77248719327973,6.87086040467278,15.4998631434834,14.0001331997748,14.2388510055062,12.3542701382844
376.7,7.75,7,7.74993157225618,7.00006657866532,6.77249250102245,6.87085574411643,15.4998631445124,14.0001331573306,14.2387942481573,12.3543258673091
376.8,7.75,7,7.74993157553932,7.00006655740048,6.77249705043057,6.8708510946689,15.4998631510786,14.000133114801,14.2387375253835,12.3543815603641
376.9,7.75,7,7.74993158012421,7.00006653611005,6.77250124207403,6.87084645199167,15.4998631602484,14.0001330722201,14.2386808355197,12.3544372179588
377,7.75,7,7.74993158160255,7.00006651484211,6.77250627892459,6.87084180404908,15.4998631632051,14.0001330296842,14.2386241843377,12.3544928296094
377.1,7.75,7,7.74993158462656,7.0000664935458,6.77251089139913,6.8708371635958,15.4998631692531,14.0001329870916,14.2385675663288,12.3545484057442
377.2,7.75,7,7.7499315873913,7.00006647224055,6.77251557198028,6.87083252577868,15.4998631747826,14.0001329444811,14.2385109846644,12.3546039411755
377.3,7.75,7,7.74993158999969,7.00006645092572,6.7725202926812,6.87082789074641,15.4998631799994,14.0001329018514,14.238454437791,12.3546594377346
377.4,7.75,7,7.74993159311456,7.0000664295938,6.7725248725459,6.87082326040262,15.4998631862291,14.0001328591876,14.2383979258583,12.3547148958718
377.5,7.75,7,7.74993159558938,7.00006640825785,6.77252962456839,6.87081863145982,15.4998631911788,14.0001328165157,14.2383414486792,12.3547703147455
377.6,7.75,7,7.74993159843867,7.00006638690552,6.77253427159429,6.87081400706569,15.4998631968773,14.000132773811,14.2382850090018,12.35482569224
377.7,7.75,7,7.74993160172553,7.00006636553731,6.77253879665905,6.87080938706161,15.4998632034511,14.0001327310746,14.2382286031833,12.3548810324728
377.8,7.75,7,7.74993160394279,7.00006634416993,6.77254361111209,6.87080476726044,15.4998632078856,14.0001326883399,14.2381722324255,12.3549363327249
377.9,7.75,7,7.74993160617003,7.00006632279148,6.77254842030303,6.87080015065326,15.4998632123401,14.000132645583,14.2381158957885,12.3549915950425
378,7.75,7,7.74993161018887,7.00006630138156,6.77255273782283,6.87079554238623,15.4998632203777,14.0001326027631,14.2380595939832,12.3550468202832
378.1,7.75,7,7.74993161406603,7.00006627996212,6.77255709142344,6.87079093694561,15.4998632281321,14.0001325599242,14.2380033270094,12.3551020066723
378.2,7.75,7,7.74993161581798,7.00006625855503,6.77256202243015,6.87078632885549,15.499863231636,14.0001325171101,14.2379470968208,12.3551571502175
378.3,7.75,7,7.74993161884817,7.00006623712297,6.77256660203296,6.87078172746676,15.4998632376963,14.0001324742459,14.2378908995952,12.355212258309
378.4,7.75,7,7.74993162190905,7.00006621567867,6.77257117045039,6.87077712964129,15.4998632438181,14.0001324313573,14.2378347398639,12.3552673247692
378.5,7.75,7,7.74993162432811,7.00006619423143,6.77257591165499,6.87077253297791,15.4998632486562,14.0001323884629,14.237778612418,12.3553223547718
378.6,7.75,7,7.74993162746908,7.00006617276408,6.7725804529515,6.87076794187421,15.4998632549382,14.0001323455282,14.2377225227506,12.3553773434784
378.7,7.75,7,7.74993163009518,7.00006615129203,6.77258513228018,6.87076335240449,15.4998632601904,14.0001323025841,14.2376664665643,12.3554322945288
378.8,7.75,7,7.74993163274462,7.00006612980923,6.77258980272195,6.87075876609542,15.4998632654892,14.0001322596185,14.2376104437761,12.3554872085173
378.9,7.75,7,7.74993163609247,7.00006610830651,6.77259427962227,6.87075418532426,15.4998632721849,14.000132216613,14.2375544592727,12.355542080647
379,7.75,7,7.74993163865241,7.00006608680201,6.77259896901814,6.87074960548271,15.4998632773048,14.000132173604,14.2374985090687,12.3555969139802
379.1,7.75,7,7.74993164075394,7.00006606529227,6.77260378101685,6.87074502743474,15.4998632815079,14.0001321305845,14.2374425923515,12.355651709728
379.2,7.75,7,7.74993164439307,7.00006604375438,6.77260817065948,6.8707404569678,15.4998632887861,14.0001320875088,14.2373867101562,12.3557064685872
379.3,7.75,7,7.74993164833772,7.00006602220232,6.77261247428047,6.87073589056717,15.4998632966754,14.0001320444046,14.2373308624756,12.3557611894367
379.4,7.75,7,7.74993164936788,7.00006600067294,6.7726175709755,6.87073131894824,15.4998632987358,14.0001320013459,14.2372750482138,12.3558158705315
379.5,7.75,7,7.74993165173206,7.00006597911685,6.77262230064013,6.8707267546131,15.4998633034641,14.0001319582337,14.2372192715511,12.3558705111564
379.6,7.75,7,7.74993165705375,7.00006595751647,6.77262622027541,6.87072220195627,15.4998633141075,14.0001319150329,14.2371635299514,12.3559251156273
379.7,7.75,7,7.74993165965907,7.0000659359369,6.77263087896109,6.87071764455441,15.4998633193181,14.0001318718738,14.2371078207944,12.355979681627
379.8,7.75,7,7.74993166146371,7.00006591435559,6.77263575352214,6.87071308813827,15.4998633229274,14.0001318287112,14.2370521469798,12.3560342077124
379.9,7.75,7,7.74993166544244,7.00006589273876,6.7726400318589,6.87070854121581,15.4998633308849,14.0001317854775,14.2369965087786,12.3560886963309
380,7.75,7,7.74993166776184,7.00006587113046,6.77264476058229,6.870703992684,15.4998633355237,14.0001317422609,14.2369409043478,12.3561431459994
380.1,7.75,7,7.74993167059314,7.00006584950586,6.77264934691086,6.87069944880438,15.4998633411863,14.0001316990117,14.2368853344454,12.3561975578844
380.2,7.75,7,7.74993167353023,7.000065827869,6.77265390155232,6.87069490860405,15.4998633470605,14.000131655738,14.2368298010816,12.3562519293919
380.3,7.75,7,7.7499316760853,7.00006580622663,6.77265855797101,6.8706903703241,15.4998633521706,14.0001316124533,14.2367743002822,12.3563062644807
380.4,7.75,7,7.74993167922576,7.00006578456713,6.77266305190132,6.87068583693255,15.4998633584515,14.0001315691343,14.2367188343163,12.3563605615354
380.5,7.75,7,7.74993168197825,7.00006576290089,6.77266764888207,6.87068130585599,15.4998633639565,14.0001315258018,14.2366634053795,12.3564148172348
380.6,7.75,7,7.74993168438739,7.00006574122883,6.77267233708541,6.87067677679508,15.4998633687748,14.0001314824577,14.2366080088603,12.3564690367319
380.7,7.75,7,7.7499316877342,7.00006571953597,6.77267676668435,6.87067225355036,15.4998633754684,14.0001314390719,14.2365526463589,12.3565232194417
380.8,7.75,7,7.74993169122543,7.00006569783133,6.77268115422119,6.87066773385818,15.4998633824509,14.0001313956627,14.2364973178641,12.3565773646514
380.9,7.75,7,7.74993169246032,7.00006567614206,6.77268615504605,6.87066321089366,15.4998633849206,14.0001313522841,14.2364420236138,12.3566314698919
381,7.75,7,7.74993169491343,7.00006565442824,6.77269082049177,6.87065869475226,15.4998633898269,14.0001313088565,14.2363867656374,12.3566855361264
381.1,7.75,7,7.74993170007244,7.00006563267339,6.77269474454286,6.87065418955935,15.4998634001449,14.0001312653468,14.2363315426729,12.3567395661289
381.2,7.75,7,7.74993170315596,7.00006561093223,6.77269923257252,6.87064968152325,15.4998634063119,14.0001312218645,14.236276353031,12.3567935573675
381.3,7.75,7,7.74993170407089,7.00006558920563,6.77270430993662,6.87064517044396,15.4998634081418,14.0001311784113,14.2362211974263,12.3568475089725
381.4,7.75,7,7.74993170849801,7.0000655674294,6.77270842590681,6.87064067246962,15.499863416996,14.0001311348588,14.2361660753005,12.3569014268019
381.5,7.75,7,7.74993171186598,7.00006554565446,6.77271282814354,6.87063617484959,15.499863423732,14.0001310913089,14.2361109897551,12.3569553032212
381.6,7.75,7,7.74993171372804,7.00006552388714,6.77271763893578,6.87063167592063,15.4998634274561,14.0001310477743,14.2360559365769,12.3570091424818
381.7,7.75,7,7.74993171712264,7.00006550209198,6.77272202853876,6.87062718467847,15.4998634342453,14.000131004184,14.2360009193572,12.3570629434212
381.8,7.75,7,7.74993171961009,7.00006548029731,6.77272666313096,6.87062269395945,15.4998634392202,14.0001309605946,14.2359459358656,12.357116706262
381.9,7.75,7,7.74993172251105,7.00006545848809,6.77273118216113,6.87061820755935,15.4998634450221,14.0001309169762,14.235890986428,12.3571704318674
382,7.75,7,7.74993172549263,7.0000654366678,6.77273567640422,6.87061372463359,15.4998634509853,14.0001308733356,14.2358360721853,12.3572241186769
382.1,7.75,7,7.74993172800951,7.00006541484292,6.7727402948073,6.87060924353344,15.499863456019,14.0001308296858,14.2357811921279,12.3572777673092
382.2,7.75,7,7.74993173112025,7.00006539300184,6.77274474848761,6.87060476716688,15.4998634622405,14.0001307860037,14.235726345059,12.3573313800673
382.3,7.75,7,7.74993173437476,7.00006537114968,6.77274916030845,6.87060029424874,15.4998634687495,14.0001307422994,14.235671530965,12.3573849565569
382.4,7.75,7,7.74993173612397,7.00006534930435,6.77275398021467,6.87059582033676,15.4998634722479,14.0001306986087,14.2356167526787,12.357438492138
382.5,7.75,7,7.74993173886538,7.00006532743772,6.77275852646585,6.87059135250528,15.4998634777308,14.0001306548754,14.2355620096862,12.357491989686
382.6,7.75,7,7.74993174323172,7.00006530554304,6.77276262643736,6.87058689243137,15.4998634864634,14.0001306110861,14.2355073006103,12.3575454513103
382.7,7.75,7,7.74993174638872,7.00006528365279,6.77276705393495,6.87058243192405,15.4998634927774,14.0001305673056,14.2354526242793,12.3575988756971
382.8,7.75,7,7.74993174828489,7.00006526176736,6.77277182295204,6.87057797090296,15.4998634965698,14.0001305235347,14.2353979814198,12.3576522620034
382.9,7.75,7,7.74993175175249,7.00006523985385,6.77277616008027,6.87057351772333,15.499863503505,14.0001304797077,14.2353433750612,12.3577056095047
383,7.75,7,7.74993175441885,7.00006521794057,6.77278071342011,6.87056906515548,15.4998635088377,14.0001304358811,14.2352888001736,12.3577589215671
383.1,7.75,7,7.74993175717994,7.0000651960159,6.77278523795357,6.87056461624439,15.4998635143599,14.0001303920318,14.2352342620855,12.3578121931478
383.2,7.75,7,7.749931760346,7.00006517407796,6.77278964944758,6.87056017134951,15.499863520692,14.0001303481559,14.2351797550939,12.3578654308253
383.3,7.75,7,7.74993176279553,7.00006515213781,6.77279425356982,6.87055572781996,15.4998635255911,14.0001303042756,14.2351252851528,12.35791862701
383.4,7.75,7,7.74993176576396,7.00006513018251,6.77279871335983,6.8705512888404,15.4998635315279,14.000130260365,14.2350708485887,12.3579717868953
383.5,7.75,7,7.7499317690709,7.00006510821432,6.77280307811636,6.87054685382911,15.4998635381418,14.0001302164286,14.2350164446749,12.3580249111212
383.6,7.75,7,7.74993177113842,7.00006508625078,6.77280777847561,6.87054241841113,15.4998635422768,14.0001301725016,14.234962074774,12.3580779967384
383.7,7.75,7,7.74993177354464,7.00006506427425,6.7728123836963,6.87053798701238,15.4998635470893,14.0001301285485,14.2349077380812,12.3581310460936
383.8,7.75,7,7.74993177782215,7.00006504226704,6.7728164753003,6.87053356411772,15.4998635556443,14.0001300845341,14.2348534358449,12.3581840592303
383.9,7.75,7,7.74993178117806,7.00006502026059,6.77282081562842,6.87052914184781,15.4998635623561,14.0001300405212,14.2347991689986,12.3582370325534
384,7.75,7,7.74993178196343,7.00006499827393,6.77282585491414,6.87052471538232,15.4998635639269,14.0001299965479,14.2347449362637,12.3582899659575
384.1,7.75,7,7.749931785659,7.00006497624537,6.77283009709881,6.87052030023125,15.499863571318,14.0001299524907,14.2346907363433,12.3583428659269
384.2,7.75,7,7.74993179064255,7.0000649541933,6.77283398501733,6.87051589176791,15.4998635812851,14.0001299083866,14.2346365692359,12.3583957309737
384.3,7.75,7,7.7499317920381,7.00006493217273,6.77283884966882,6.87051147617339,15.4998635840762,14.0001298643455,14.2345824358847,12.3584485555724
384.4,7.75,7,7.74993179493646,7.00006491012568,6.77284330122356,6.87050706808236,15.4998635898729,14.0001298202514,14.234528337568,12.3585013430143
384.5,7.75,7,7.74993179857652,7.00006488806139,6.77284754763579,6.87050266511657,15.499863597153,14.0001297761228,14.2344742720291,12.3585540950867
384.6,7.75,7,7.74993180067804,7.0000648660053,6.7728522112449,6.87049826091732,15.4998636013561,14.0001297320106,14.2344202408404,12.3586068079643
384.7,7.75,7,7.74993180379391,7.00006484392856,6.77285659515373,6.87049386275522,15.4998636075878,14.0001296878571,14.2343662439032,12.3586594841152
384.8,7.75,7,7.74993180647875,7.00006482184798,6.77286109406043,6.8704894663579,15.4998636129575,14.000129643696,14.2343122795828,12.3587121240102
384.9,7.75,7,7.74993180924974,7.00006479975715,6.77286556659683,6.87048507340593,15.4998636184995,14.0001295995143,14.2342583501257,12.3587647256625
385,7.75,7,7.7499318124551,7.0000647776525,6.77286991780957,6.87048068476663,15.4998636249102,14.000129555305,14.2342044541667,12.3588172908996
385.1,7.75,7,7.74993181489201,7.00006475554782,6.77287447608764,6.87047629696528,15.499863629784,14.0001295110956,14.2341505912252,12.358869819147
385.2,7.75,7,7.74993181748307,7.00006473343283,6.77287898962172,6.87047191257902,15.4998636349661,14.0001294668657,14.2340967607188,12.3589223119005
385.3,7.75,7,7.74993182118485,7.00006471129589,6.77288319701779,6.87046753462281,15.4998636423697,14.0001294225918,14.2340429657818,12.3589747666044
385.4,7.75,7,7.74993182408969,7.00006468915899,6.77288761914526,6.8704631575356,15.4998636481794,14.000129378318,14.2339892051017,12.3590271829489
385.5,7.75,7,7.74993182541804,7.00006466703132,6.77289246891009,6.87045877897996,15.4998636508361,14.0001293340626,14.2339354774371,12.359079561585
385.6,7.75,7,7.74993182896017,7.00006464486992,6.77289671160646,6.87045440977826,15.4998636579203,14.0001292897398,14.2338817829393,12.3591319058451
385.7,7.75,7,7.74993183378145,7.0000646226854,6.77290060237318,6.87045004726384,15.4998636675629,14.0001292453708,14.2338281215991,12.3591842148838
385.8,7.75,7,7.74993183539663,7.00006460052901,6.77290536574322,6.87044567850111,15.4998636707933,14.000129201058,14.2337744918407,12.3592364863027
385.9,7.75,7,7.74993183739469,7.00006457835908,6.77291002164403,6.87044131409216,15.4998636747894,14.0001291567182,14.2337208976768,12.3592887190113
386,7.75,7,7.74993184226785,7.00006455614775,6.77291388983988,6.87043696102235,15.4998636845357,14.0001291122955,14.2336673377833,12.3593409167659
386.1,7.75,7,7.74993184455332,7.00006453395787,6.77291846189971,6.87043260337435,15.4998636891066,14.0001290679157,14.2336138084666,12.35939307859
386.2,7.75,7,7.74993184718247,7.00006451175472,6.7729229370975,6.87042825005656,15.4998636943649,14.0001290235094,14.2335603157233,12.3594452006129
386.3,7.75,7,7.74993185036914,7.00006448953705,6.77292725742522,6.87042390127293,15.4998637007383,14.0001289790741,14.2335068551278,12.359497287892
386.4,7.75,7,7.74993185279492,7.00006446731948,6.77293178267626,6.87041955338081,15.4998637055898,14.000128934639,14.2334534279633,12.3595493378106
386.5,7.75,7,7.74993185588376,7.00006444508585,6.77293612411351,6.8704152104619,15.4998637117675,14.0001288901717,14.2334000344642,12.3596013514299
386.6,7.75,7,7.74993185861486,7.00006442284763,6.77294056035617,6.87041086964572,15.4998637172297,14.0001288456953,14.2333466750784,12.3596533273243
386.7,7.75,7,7.74993186124693,7.00006440060273,6.77294502104542,6.87040653138044,15.4998637224939,14.0001288012055,14.2332933466474,12.3597052691997
386.8,7.75,7,7.74993186457131,7.00006437834119,6.7729492898212,6.87040219828243,15.4998637291426,14.0001287566824,14.2332400531054,12.3597571734795
386.9,7.75,7,7.74993186732862,7.00006435607731,6.77295371046634,6.87039786676914,15.4998637346572,14.0001287121546,14.2331867945554,12.3598090388967
387,7.75,7,7.74993186930347,7.00006433381435,6.77295834204326,6.87039353593132,15.4998637386069,14.0001286676287,14.2331335677775,12.3598608687863
387.1,7.75,7,7.74993187271283,7.00006431152689,6.77296257924259,6.870389212207,15.4998637454257,14.0001286230538,14.2330803740426,12.3599126638048
387.2,7.75,7,7.74993187684634,7.00006428922302,6.77296661597911,6.87038489356892,15.4998637536927,14.000128578446,14.2330272133388,12.3599644233162
387.3,7.75,7,7.74993187918516,7.00006426693194,6.77297114007906,6.87038057259564,15.4998637583703,14.0001285338639,14.2329740830648,12.3600161478529
387.4,7.75,7,7.74993188175131,7.00006424462907,6.77297559898054,6.87037625567852,15.4998637635026,14.0001284892581,14.2329209900612,12.3600678317945
387.5,7.75,7,7.74993188523798,7.00006422230823,6.77297980400113,6.87037194418898,15.499863770476,14.0001284446165,14.2328679277115,12.3601194830293
387.6,7.75,7,7.74993188760713,7.00006419999124,6.77298431106182,6.87036763278934,15.4998637752143,14.0001283999825,14.2328149012095,12.3601710940001
387.7,7.75,7,7.74993189059337,7.00006417765985,6.77298864710061,6.87036332591914,15.4998637811867,14.0001283553197,14.2327619050116,12.3602226723779
387.8,7.75,7,7.74993189349333,7.00006415532044,6.77299300357329,6.87035902216915,15.4998637869867,14.0001283106409,14.2327089456513,12.3602742103717
387.9,7.75,7,7.74993189603375,7.0000641329776,6.77299745557644,6.87035472021239,15.4998637920675,14.0001282659552,14.232656017139,12.3603257142882
388,7.75,7,7.74993189923562,7.00006411061956,6.77300172431609,6.87035042304733,15.4998637984712,14.0001282212391,14.2326031204306,12.3603771840278
388.1,7.75,7,7.7499319023298,7.0000640882544,6.77300601952146,6.87034612872382,15.4998638046596,14.0001281765088,14.2325502581931,12.3604286159706
388.2,7.75,7,7.74993190417618,7.00006406589522,6.77301065247532,6.8703418339385,15.4998638083524,14.0001281317904,14.2324974298623,12.3604800096891
388.3,7.75,7,7.7499319072218,7.00006404351458,6.77301495526213,6.87033754556334,15.4998638144436,14.0001280870292,14.2324446342781,12.3605313687126
388.4,7.75,7,7.74993191139336,7.00006402111334,6.77301894789424,6.87033326338719,15.4998638227867,14.0001280422267,14.2323918714225,12.3605826929988
388.5,7.75,7,7.74993191356779,7.00006399872707,6.77302348296994,6.87032897844862,15.4998638271356,14.0001279974541,14.2323391406947,12.3606339803317
388.6,7.75,7,7.74993191493039,7.0000639763422,6.77302823686648,6.87032469418317,15.4998638298608,14.0001279526844,14.2322864427061,12.3606852311407
388.7,7.75,7,7.74993191984831,7.00006395390948,6.77303201747925,6.87032042297161,15.4998638396966,14.000127907819,14.2322337766591,12.3607364503276
388.8,7.75,7,7.74993192386411,7.00006393147858,6.77303604131559,6.87031615242633,15.4998638477282,14.0001278629572,14.2321811461077,12.360787629908
388.9,7.75,7,7.74993192491602,7.00006390907363,6.773040871477,6.87031187638318,15.499863849832,14.0001278181473,14.2321285479391,12.3608387713875
389,7.75,7,7.74993192854816,7.00006388663189,6.77304499450761,6.87030761063439,15.4998638570963,14.0001277732638,14.2320759819585,12.3608898800942
389.1,7.75,7,7.74993193143302,7.00006386419082,6.77304931867369,6.87030334579455,15.499863862866,14.0001277283816,14.2320234493089,12.3609409517186
389.2,7.75,7,7.74993193390193,7.00006384174675,6.77305375354573,6.87029908277757,15.4998638678039,14.0001276834935,14.2319709496551,12.3609919869381
389.3,7.75,7,7.74993193709122,7.00006381928719,6.77305798905578,6.87029482468679,15.4998638741824,14.0001276385744,14.2319184814981,12.3610429884412
389.4,7.75,7,7.74993193957581,7.00006379682738,6.77306241387234,6.87029056782802,15.4998638791516,14.0001275936548,14.2318660488984,12.3610939504891
389.5,7.75,7,7.74993194255181,7.00006377435482,6.77306670186029,6.87028631520096,15.4998638851036,14.0001275487096,14.2318136473488,12.3611448791083
389.6,7.75,7,7.74993194564659,7.00006375187356,6.7730709546609,6.8702820658252,15.4998638912932,14.0001275037471,14.2317612777561,12.3611957729713
389.7,7.75,7,7.7499319478929,7.00006372939387,6.77307543605955,6.87027781721632,15.4998638957858,14.0001274587877,14.2317089431313,12.3612466279073
389.8,7.75,7,7.74993195088093,7.00006370689841,6.77307971218376,6.87027357366235,15.4998639017619,14.0001274137968,14.2316566407709,12.3612974483371
389.9,7.75,7,7.7499319544881,7.00006368438857,6.77308381649917,6.87026933481169,15.4998639089762,14.0001273687771,14.2316043706577,12.3613482341717
390,7.75,7,7.74993195653294,7.00006366188907,6.7730883444966,6.87026509445588,15.4998639130659,14.0001273237781,14.2315521329333,12.3613989832517
390.1,7.75,7,7.74993195831157,7.00006363938529,6.77309294236813,6.87026085627492,15.4998639166231,14.0001272787706,14.2314999274247,12.3614496969653
390.2,7.75,7,7.74993196287445,7.00006361684268,6.77309677737273,6.8702566289737,15.4998639257489,14.0001272336854,14.2314477541999,12.3615003780556
390.3,7.75,7,7.74993196733206,7.00006359429398,6.77310063830262,6.87025240431265,15.4998639346641,14.000127188588,14.2313956132697,12.3615510238528
390.4,7.75,7,7.74993196784212,7.00006357178214,6.77310557380189,6.870248171587,15.4998639356842,14.0001271435643,14.2313435074122,12.3616016277944
390.5,7.75,7,7.74993197119784,7.000063549231,6.77310972972156,6.87024394985187,15.4998639423957,14.000127098462,14.2312914331458,12.3616521999405
390.6,7.75,7,7.74993197580282,7.00006352665894,6.77311354195894,6.87023973444531,15.4998639516056,14.0001270533179,14.2312393892725,12.3617027401299
390.7,7.75,7,7.74993197727515,7.00006350411438,6.77311820622112,6.87023551337721,15.4998639545503,14.0001270082288,14.231187381357,12.3617532382684
390.8,7.75,7,7.74993198033934,7.00006348154501,6.77312243324916,6.87023129963357,15.4998639606787,14.00012696309,14.2311354040511,12.3618037045408
390.9,7.75,7,7.74993198311189,7.00006345897159,6.77312673697613,6.87022708808895,15.4998639662238,14.0001269179432,14.2310834600617,12.3618541342687
391,7.75,7,7.74993198575223,7.00006343639256,6.77313107395023,6.87022287911485,15.4998639715045,14.0001268727851,14.2310315484789,12.3619045285957
391.1,7.75,7,7.74993198888501,7.00006341380093,6.77313527368997,6.87021867445493,15.49986397777,14.0001268276019,14.2309796688935,12.3619548885479
391.2,7.75,7,7.74993199137112,7.00006339120954,6.77313964711025,6.87021447090231,15.4998639827422,14.0001267824191,14.2309278217672,12.3620052125785
391.3,7.75,7,7.74993199424389,7.00006336860631,6.77314391195583,6.87021027157352,15.4998639884878,14.0001267372126,14.2308760089713,12.3620554996094
391.4,7.75,7,7.74993199754213,7.00006334599148,6.77314805790579,6.87020607630028,15.4998639950843,14.000126691983,14.2308242274429,12.3621057530144
391.5,7.75,7,7.74993199975037,7.00006332338199,6.77315249855305,6.87020188086353,15.4998639995007,14.000126646764,14.2307724783155,12.3621559701689
391.6,7.75,7,7.74993200199772,7.00006330076528,6.77315692574228,6.87019768840377,15.4998640039954,14.0001266015306,14.2307207607197,12.3622061530646
391.7,7.75,7,7.74993200605106,7.0000632781212,6.7731608570836,6.8701935040167,15.4998640121021,14.0001265562424,14.2306690752875,12.3622563026477
391.8,7.75,7,7.74993200992711,7.00006325547225,6.77316483398169,6.87018932204623,15.4998640198542,14.0001265109445,14.2306174220205,12.3623064170938
391.9,7.75,7,7.74993201166251,7.00006323284027,6.77316939222153,6.87018513707667,15.499864023325,14.0001264656805,14.2305658029413,12.3623564924003
392,7.75,7,7.74993201471312,7.00006321018699,6.77317358876014,6.8701809585928,15.4998640294262,14.000126420374,14.2305142139758,12.3624065361862
392.1,7.75,7,7.74993201775782,7.0000631875264,6.77317778381726,6.87017678326077,15.4998640355156,14.0001263750528,14.2304626599037,12.3624565420446
392.2,7.75,7,7.74993202018096,7.00006316486663,6.77318214593364,6.87017260883857,15.4998640403619,14.0001263297333,14.2304111353744,12.3625065152279
392.3,7.75,7,7.74993202332695,7.00006314219128,6.77318630759897,6.87016843966917,15.4998640466539,14.0001262843826,14.230359645999,12.3625564508839
392.4,7.75,7,7.74993202593928,7.00006311951555,6.77319061221823,6.87016427176238,15.4998640518786,14.0001262390311,14.2303081872995,12.3626063527251
392.5,7.75,7,7.74993202859628,7.00006309683281,6.77319490186831,6.87016010681418,15.4998640571926,14.0001261936656,14.2302567597951,12.3626562207253
392.6,7.75,7,7.74993203193507,7.00006307413507,6.77319900227877,6.87015594698848,15.4998640638701,14.0001261482701,14.2302053673145,12.3627060513195
392.7,7.75,7,7.74993203446648,7.00006305143991,6.77320332026935,6.87015178773588,15.499864068933,14.0001261028798,14.2301540065271,12.3627558467573
392.8,7.75,7,7.74993203656723,7.00006302874325,6.77320775305753,6.87014763006223,15.4998640731345,14.0001260574865,14.2301026766819,12.3628056082066
392.9,7.75,7,7.74993204021898,7.00006300602247,6.77321175959982,6.8701434797028,15.499864080438,14.0001260120449,14.2300513787113,12.3628553364866
393,7.75,7,7.74993204414302,7.00006298329206,6.77321568896337,6.87013933301015,15.499864088286,14.0001259665841,14.2300001126098,12.3629050304298
393.1,7.75,7,7.7499320451116,7.00006296058885,6.77322042236269,6.87013518068619,15.4998640902232,14.0001259211777,14.2299488773511,12.36295468818
393.2,7.75,7,7.74993204752606,7.00006293786213,6.77322475791967,6.87013103566189,15.4998640950521,14.0001258757243,14.2298976771261,12.3630043092524
393.3,7.75,7,7.74993205281856,7.00006291509631,6.77322830493717,6.87012690174926,15.4998641056371,14.0001258301926,14.2298465089379,12.363053898224
393.4,7.75,7,7.74993205535003,7.00006289235573,6.77323260299378,6.87012276267536,15.4998641107001,14.0001257847115,14.2297953706754,12.3631034521923
393.5,7.75,7,7.74993205717908,7.0000628696165,6.77323708984511,6.87011862457743,15.4998641143582,14.000125739233,14.2297442652841,12.363152969865
393.6,7.75,7,7.74993206113149,7.00006284684667,6.77324099411831,6.87011449548964,15.499864122263,14.0001256936933,14.229693192502,12.3632024541364
393.7,7.75,7,7.74993206340705,7.00006282408957,6.77324535331885,6.87011036446697,15.4998641268141,14.0001256481791,14.2296421511436,12.3632519027945
393.8,7.75,7,7.74993206622222,7.00006280132007,6.77324956236708,6.8701062378473,15.4998641324444,14.0001256026401,14.2295911414025,12.3633013176773
393.9,7.75,7,7.74993206912036,7.00006277854288,6.77325374569658,6.87010211454457,15.4998641382407,14.0001255570858,14.2295401656696,12.3633506957783
394,7.75,7,7.74993207164898,7.000062755764,6.7732580272044,6.87009799289005,15.499864143298,14.000125511528,14.2294892197716,12.3634000412083
394.1,7.75,7,7.74993207476381,7.00006273297208,6.77326214575465,6.87009387584587,15.4998641495276,14.0001254659442,14.2294383063268,12.3634493520159
394.2,7.75,7,7.74993207747059,7.00006271017815,6.77326637262962,6.87008976070957,15.4998641549412,14.0001254203563,14.2293874268075,12.3634986256954
394.3,7.75,7,7.7499320798508,7.00006268738206,6.77327068594016,6.87008564735414,15.4998641597016,14.0001253747641,14.2293365772489,12.3635478666222
394.4,7.75,7,7.74993208317587,7.00006266456916,6.77327473847231,6.87008153953579,15.4998641663517,14.0001253291383,14.229285759096,12.3635970744078
394.5,7.75,7,7.74993208662546,7.00006264174877,6.77327875416561,6.87007743491387,15.4998641732509,14.0001252834975,14.2292349723391,12.3636462483113
394.6,7.75,7,7.74993208778731,7.0000626189482,6.77328339151105,6.87007332662915,15.4998641755746,14.0001252378964,14.2291842172029,12.3636953858713
394.7,7.75,7,7.74993209025517,7.00006259612631,6.77328766925593,6.87006922513143,15.4998641805103,14.0001251922526,14.2291334959171,12.363744487992
394.8,7.75,7,7.74993209536124,7.00006257326842,6.77329122390151,6.87006513404838,15.4998641907225,14.0001251465368,14.2290828065923,12.3637935579521
394.9,7.75,7,7.74993209834548,7.00006255042871,6.77329535497825,6.87006103969428,15.499864196691,14.0001251008574,14.2290321480021,12.3638425926964
395,7.75,7,7.74993209923551,7.00006252760675,6.77330005488516,6.87005694220707,15.499864198471,14.0001250552135,14.2289815208045,12.3638915915431
395.1,7.75,7,7.749932103651,7.00006250473895,6.7733037895489,6.87005285759485,15.499864207302,14.0001250094779,14.2289309248088,12.3639405598837
395.2,7.75,7,7.74993210692879,7.00006248187772,6.77330783173313,6.87004877276249,15.4998642138576,14.0001249637554,14.2288803622636,12.3639894909926
395.3,7.75,7,7.74993210876904,7.00006245902713,6.77331226359327,6.87004468655219,15.4998642175381,14.0001249180543,14.2288298298249,12.3640383882157
395.4,7.75,7,7.74993211211126,7.00006243615335,6.77331628242951,6.87004060760279,15.4998642242225,14.0001248723067,14.2287793303314,12.3640872511975
395.5,7.75,7,7.74993211453556,7.00006241328413,6.77332054896808,6.87003652887408,15.4998642290711,14.0001248265683,14.2287288622455,12.3641360793757
395.6,7.75,7,7.74993211738909,7.00006239040425,6.77332469547713,6.8700324541868,15.4998642347782,14.0001247808085,14.2286784253396,12.3641848742427
395.7,7.75,7,7.74993212030434,7.00006236751761,6.77332882213223,6.87002838263739,15.4998642406087,14.0001247350352,14.2286280212175,12.3642336337318
395.8,7.75,7,7.74993212276708,7.00006234463033,6.77333306943976,6.87002431262727,15.4998642455342,14.0001246892607,14.2285776484208,12.3642823589503
395.9,7.75,7,7.74993212582738,7.00006232173069,6.77333715082747,6.87002024707163,15.4998642516548,14.0001246434614,14.2285273060761,12.3643310518148
396,7.75,7,7.74993212901917,7.000062298824,6.77334119352179,6.87001618463995,15.4998642580383,14.000124597648,14.2284769941712,12.3643797119134
396.1,7.75,7,7.74993213069599,7.00006227592839,6.77334564670396,6.870012120908,15.499864261392,14.0001245518568,14.2284267157121,12.3644283344864
396.2,7.75,7,7.74993213339836,7.00006225301532,6.77334981695844,6.87000806301066,15.4998642667967,14.0001245060306,14.2283764694859,12.3644769231914
396.3,7.75,7,7.74993213769232,7.00006223007857,6.77335354984649,6.87000401247818,15.4998642753846,14.0001244601571,14.2283262545669,12.364525479555
396.4,7.75,7,7.74993214075216,7.00006220715037,6.77335761684847,6.8699999611499,15.4998642815043,14.0001244143007,14.2282760698237,12.364574002199
396.5,7.75,7,7.74993214258982,7.0000621842305,6.7733620146382,6.86999590911998,15.4998642851796,14.000124368461,14.2282259159262,12.3646224904159
396.6,7.75,7,7.74993214600334,7.00006216128672,6.77336597910557,6.8699918646478,15.4998642920067,14.0001243225734,14.228175795984,12.3646709434334
396.7,7.75,7,7.74993214858286,7.00006213834727,6.77337016857918,6.86998782039446,15.4998642971657,14.0001242766945,14.2281257048289,12.3647193646134
396.8,7.75,7,7.74993215128395,7.00006211540039,6.77337432169884,6.86998377957563,15.4998643025679,14.0001242308008,14.2280756479048,12.364767748967
396.9,7.75,7,7.7499321543753,7.00006209244409,6.77337836564957,6.86997974243485,15.4998643087506,14.0001241848882,14.228025619421,12.3648161029951
397,7.75,7,7.74993215674331,7.00006206948992,6.77338260385632,6.86997570634682,15.4998643134866,14.0001241389798,14.2279756254844,12.3648644190878
397.1,7.75,7,7.74993215964368,7.00006204652439,6.7733866939037,6.86997167452855,15.4998643192874,14.0001240930488,14.2279256620643,12.364912702756
397.2,7.75,7,7.74993216287026,7.00006202354992,6.77339069210225,6.86996764635757,15.4998643257405,14.0001240470998,14.2278757287812,12.3649609542235
397.3,7.75,7,7.74993216483761,7.00006200058428,6.77339503113341,6.86996361742763,15.4998643296752,14.0001240011686,14.227825826915,12.3650091706536
397.4,7.75,7,7.74993216717262,7.00006197760918,6.77339926694433,6.86995959231067,15.4998643343452,14.0001239552184,14.2277759557207,12.365057354354
397.5,7.75,7,7.74993217138464,7.0000619546073,6.773402987363,6.86995557544487,15.4998643427693,14.0001239092146,14.2277261166888,12.3651055051141
397.6,7.75,7,7.74993217461278,7.00006193161103,6.77340697336034,6.86995155868276,15.4998643492256,14.0001238632221,14.2276763099464,12.3651536201653
397.7,7.75,7,7.749932175332,7.00006190863784,6.77341164131958,6.8699475376011,15.499864350664,14.0001238172757,14.2276265346738,12.3652016989905
397.8,7.75,7,7.74993217898767,7.00006188562624,6.77341550484399,6.86994352762144,15.4998643579753,14.0001237712525,14.2275767896859,12.365249747891
397.9,7.75,7,7.74993218387188,7.00006186259561,6.77341903016404,6.86993952387299,15.4998643677438,14.0001237251912,14.2275270749831,12.3652977652967
398,7.75,7,7.74993218514072,7.00006183960067,6.77342353949366,6.8699355126416,15.4998643702814,14.0001236792013,14.2274773916731,12.3653457455539
398.1,7.75,7,7.74993218797736,7.00006181658259,6.77342761783861,6.86993150876593,15.4998643759547,14.0001236331652,14.2274277404008,12.3653936927511
398.2,7.75,7,7.74993219149611,7.00006179355171,6.77343150711843,6.8699275095821,15.4998643829922,14.0001235871034,14.2273781196362,12.3654416077245
398.3,7.75,7,7.74993219351016,7.00006177053266,6.77343580421624,6.86992350893657,15.4998643870203,14.0001235410653,14.227328530302,12.3654894874696
398.4,7.75,7,7.7499321965408,7.00006174749682,6.77343982080882,6.86991951405739,15.4998643930816,14.0001234949936,14.2272789728245,12.3655373338569
398.5,7.75,7,7.74993219911882,7.0000617244612,6.7734439581565,6.8699155205763,15.4998643982376,14.0001234489224,14.2272294452254,12.3655851476662
398.6,7.75,7,7.74993220180241,7.00006170141907,6.77344806363239,6.86991153031906,15.4998644036048,14.0001234028381,14.2271799501087,12.3656329266146
398.7,7.75,7,7.74993220490719,7.00006167836717,6.77345205124679,6.86990754401867,15.4998644098144,14.0001233567343,14.2271304856217,12.3656806729917
398.8,7.75,7,7.74993220723037,7.00006165531918,6.77345624935964,6.86990355823327,15.4998644144607,14.0001233106384,14.2270810516379,12.3657283858297
398.9,7.75,7,7.74993220972527,7.0000616322644,6.77346039777157,6.86989957563272,15.4998644194505,14.0001232645288,14.2270316476185,12.3657760665914
399,7.75,7,7.74993221333379,7.00006160919166,6.77346423905228,6.8698955991911,15.4998644266676,14.0001232183833,14.2269822767709,12.3658237127005
399.1,7.75,7,7.7499322161019,7.00006158612344,6.77346830680296,6.86989162316491,15.4998644322038,14.0001231722469,14.2269329371967,12.3658713244025
399.2,7.75,7,7.74993221733961,7.00006156306771,6.77347278945592,6.86988764551412,15.4998644346792,14.0001231261354,14.2268836280955,12.365918901927
399.3,7.75,7,7.74993222081375,7.00006153998178,6.77347665869964,6.86988367699242,15.4998644416275,14.0001230799636,14.2268343496013,12.365966448607
399.4,7.75,7,7.74993222551522,7.00006151687711,6.77348019000891,6.86987971472102,15.4998644510304,14.0001230337542,14.2267851017065,12.3660139635252
399.5,7.75,7,7.74993222696317,7.00006149380472,6.77348460672438,6.86987574578837,15.4998644539263,14.0001229876094,14.2267358829299,12.3660614441475
399.6,7.75,7,7.74993222891484,7.00006147072144,6.77348888279924,6.86987178126703,15.4998644578297,14.0001229414429,14.22668669726,12.3661088896559
399.7,7.75,7,7.74993223366785,7.00006144760154,6.77349239117302,6.86986782754963,15.4998644673357,14.0001228952031,14.2266375429246,12.3661563040779
399.8,7.75,7,7.74993223580854,7.00006142450683,6.77349660997715,6.86986386893739,15.4998644716171,14.0001228490137,14.2265884170289,12.3662036855381
399.9,7.75,7,7.74993223833923,7.00006140140253,6.7735007191394,6.86985991444483,15.4998644766785,14.0001228028051,14.2265393246169,12.3662510313901
400,7.75,7,7.74993224139402,7.00006137828769,6.77350468238391,6.86985596413362,15.499864482788,14.0001227565754,14.2264902621214,12.3662983455943
400.1,7.75,7,7.74993224370576,7.0000613551766,6.77350884556107,6.86985201445249,15.4998644874115,14.0001227103532,14.2264412302408,12.3663456262372
400.2,7.75,7,7.74993224668176,7.00006133205321,6.77351282442232,6.86984806947792,15.4998644933635,14.0001226641064,14.226392229683,12.3663928738611
400.3,7.75,7,7.74993224928262,7.00006130892933,6.77351690271586,6.86984412623918,15.4998644985652,14.0001226178587,14.2263432603787,12.3664400875867
400.4,7.75,7,7.74993225179651,7.00006128580213,6.77352100202605,6.86984018531906,15.499864503593,14.0001225716043,14.2262943196693,12.3664872705386
400.5,7.75,7,7.74993225500418,7.0000612626622,6.77352490884117,6.8698362492951,15.4998645100084,14.0001225253244,14.22624541147,12.3665344192386
400.6,7.75,7,7.74993225761676,7.00006123952422,6.77352897505503,6.86983231444524,15.4998645152335,14.0001224790484,14.2261965352671,12.3665815330554
400.7,7.75,7,7.74993225947564,7.00006121639043,6.77353324421173,6.86982838007851,15.4998645189513,14.0001224327809,14.2261476884047,12.3666286146975
400.8,7.75,7,7.74993226278338,7.00006119323571,6.7735371149373,6.86982445257871,15.4998645255668,14.0001223864714,14.2260988720317,12.3666756649668
400.9,7.75,7,7.74993226678098,7.0000611700687,6.77354079442377,6.86982052978014,15.499864533562,14.0001223401374,14.2260500861382,12.3667226831792
401,7.75,7,7.74993226895869,7.00006114691819,6.77354496803134,6.86981660430564,15.4998645379174,14.0001222938364,14.2260013282749,12.3667696696522
401.1,7.75,7,7.74993227142147,7.00006112375941,6.77354906050365,6.8698126827465,15.4998645428429,14.0001222475188,14.2259526050082,12.3668166192894
401.2,7.75,7,7.74993227477434,7.00006110058648,6.77355290730256,6.8698087662387,15.4998645495487,14.000122201173,14.2259039097697,12.3668635396966
401.3,7.75,7,7.74993227699875,7.00006107742152,6.77355705895983,6.86980484950127,15.4998645539975,14.000122154843,14.2258552478665,12.3669104233281
401.4,7.75,7,7.74993227985821,7.00006105424539,6.77356103459393,6.86980093705822,15.4998645597164,14.0001221084908,14.2258066136682,12.3669572778495
401.5,7.75,7,7.74993228261124,7.00006103106557,6.7735650359871,6.86979702738349,15.4998645652225,14.0001220621311,14.2257580137446,12.3670040955412
401.6,7.75,7,7.74993228501829,7.00006100788566,6.77356912911443,6.86979311925226,15.4998645700366,14.0001220157713,14.2257094420558,12.3670508826595
401.7,7.75,7,7.74993228809089,7.00006098469406,6.77357303772995,6.86978921564832,15.4998645761818,14.0001219693881,14.2256608997119,12.3670976389515
401.8,7.75,7,7.74993229102366,7.00006096149951,6.77357698141988,6.86978531452478,15.4998645820473,14.000121922999,14.2256123895057,12.3671443606878
401.9,7.75,7,7.7499322927384,7.00006093831443,6.77358125462848,6.86978141270417,15.4998645854768,14.0001218766289,14.2255639102951,12.3671910481029
402,7.75,7,7.74993229566576,7.0000609151114,6.77358519389241,6.86977751704764,15.4998645913315,14.0001218302228,14.2255154612979,12.3672377042798
402.1,7.75,7,7.74993229968704,7.00006089189179,6.77358883161501,6.86977362721487,15.4998645993741,14.0001217837836,14.2254670424978,12.3672843291312
402.2,7.75,7,7.74993230167176,7.00006086869117,6.77359302243011,6.86976973422734,15.4998646033435,14.0001217373823,14.2254186533271,12.3673309203836
402.3,7.75,7,7.74993230290869,7.00006084549487,6.7735974144579,6.86976584181032,15.4998646058174,14.0001216909897,14.2253702943476,12.367377478628
402.4,7.75,7,7.74993230772808,7.00006082225397,6.77360082567734,6.86976196224729,15.4998646154562,14.0001216445079,14.225321964836,12.3674240086349
402.5,7.75,7,7.74993231152981,7.00006079902011,6.77360451150306,6.86975808273938,15.4998646230596,14.0001215980402,14.2252736683645,12.3674705023457
402.6,7.75,7,7.74993231244831,7.00006077581493,6.77360898154735,6.86975419765195,15.4998646248966,14.0001215516299,14.2252254014228,12.3675169618017
402.7,7.75,7,7.74993231595596,7.0000607525764,6.77361274188624,6.86975032262825,15.4998646319119,14.0001215051528,14.2251771644346,12.367563391599
402.8,7.75,7,7.74993231866332,7.00006072934285,6.77361671773165,6.86974644804985,15.4998646373266,14.0001214586857,14.2251289579322,12.367609788048
402.9,7.75,7,7.74993232099672,7.00006070610947,6.7736207926872,6.86974257514879,15.4998646419934,14.0001214122189,14.2250807821025,12.3676561513466
403,7.75,7,7.74993232403132,7.00006068286433,6.77362467342451,6.86973870682506,15.4998646480626,14.0001213657287,14.2250326350922,12.3677024844724
403.1,7.75,7,7.74993232635386,7.0000606596229,6.77362874532231,6.8697348394313,15.4998646527077,14.0001213192458,14.2249845211862,12.3677487815454
403.2,7.75,7,7.74993232918033,7.00006063637205,6.77363267689254,6.86973097601292,15.4998646583607,14.0001212727441,14.2249364356674,12.367795048735
403.3,7.75,7,7.74993233210369,7.00006061311624,6.77363657911122,6.86972711553438,15.4998646642074,14.0001212262325,14.2248883799397,12.3678412841692
403.4,7.75,7,7.74993233419657,7.00006058986568,6.77364070492115,6.86972325554923,15.4998646683931,14.0001211797314,14.2248403562241,12.3678874846239
403.5,7.75,7,7.74993233703851,7.00006056660282,6.77364462334387,6.86971940036071,15.499864674077,14.0001211332056,14.224792362274,12.3679336539612
403.6,7.75,7,7.74993234048054,7.00006054332934,6.77364837504494,6.86971554954225,15.4998646809611,14.0001210866587,14.2247443980736,12.3679797920649
403.7,7.75,7,7.7499323423301,7.00006052007011,6.77365255855183,6.86971169685295,15.4998646846602,14.0001210401402,14.2246964637583,12.3680258967738
403.8,7.75,7,7.74993234396134,7.00006049680959,6.7736567987506,6.86970784619679,15.4998646879227,14.0001209936192,14.2246485591664,12.3680719695315
403.9,7.75,7,7.74993234840029,7.00006047351351,6.77366026957061,6.86970400620791,15.4998646968006,14.000120947027,14.2246006843553,12.3681180130711
404,7.75,7,7.74993235268064,7.0000604502155,6.77366378077075,6.86970016842802,15.4998647053613,14.000120900431,14.2245528393377,12.3681640246485
404.1,7.75,7,7.74993235298839,7.00006042695844,6.77366837324081,6.869696322232,15.4998647059768,14.0001208539169,14.2245050269323,12.368209997743
404.2,7.75,7,7.74993235621963,7.00006040366469,6.77367216481152,6.86969248694728,15.4998647124393,14.0001208073294,14.2244572433549,12.368255942757
404.3,7.75,7,7.74993236063803,7.00006038035404,6.77367562955215,6.86968865755676,15.4998647212761,14.0001207607081,14.2244094878753,12.3683018588732
404.4,7.75,7,7.74993236191803,7.00006035707487,6.77367994776513,6.86968482218644,15.4998647238361,14.0001207141497,14.2243617656639,12.36834773659
404.5,7.75,7,7.7499323648271,7.00006033377381,6.77368381848779,6.86968099398551,15.4998647296542,14.0001206675476,14.2243140717254,12.3683935856385
404.6,7.75,7,7.74993236741264,7.00006031047272,6.77368777453052,6.86967716758456,15.4998647348253,14.0001206209454,14.2242664082916,12.3684394018412
404.7,7.75,7,7.74993236989092,7.00006028716923,6.7736917568873,6.86967334356842,15.4998647397818,14.0001205743385,14.224218775009,12.3684851857793
404.8,7.75,7,7.74993237284811,7.00006026385681,6.77369560563108,6.86966952352938,15.4998647456962,14.0001205277136,14.2241711709932,12.3685309389412
404.9,7.75,7,7.74993237515263,7.00006024054819,6.7736996295586,6.86966570433063,15.4998647503053,14.0001204810964,14.2241235972576,12.368576659207
405,7.75,7,7.74993237785678,7.00006021723134,6.77370354130113,6.86966188907153,15.4998647557136,14.0001204344627,14.2240760549113,12.368622346369
405.1,7.75,7,7.74993238097476,7.00006019390641,6.77370733723152,6.86965807756507,15.4998647619495,14.0001203878128,14.2240285414079,12.3686680031602
405.2,7.75,7,7.74993238298298,7.00006017059057,6.77371143315573,6.86965426556135,15.499864765966,14.0001203411811,14.2239810578149,12.3687136270419
405.3,7.75,7,7.74993238506024,7.00006014727057,6.77371550735893,6.86965045634992,15.4998647701205,14.0001202945411,14.2239336033289,12.3687592199618
405.4,7.75,7,7.74993238895841,7.00006012392652,6.7737190815485,6.86964665497628,15.4998647779168,14.000120247853,14.2238861785102,12.3688047829418
405.5,7.75,7,7.74993239264409,7.00006010058147,6.77372271081241,6.86964285564166,15.4998647852882,14.0001202011629,14.2238387833623,12.3688503141081
405.6,7.75,7,7.74993239417446,7.00006007725723,6.77372692530287,6.86963905298968,15.4998647883489,14.0001201545145,14.223791419953,12.3688958094711
405.7,7.75,7,7.74993239705774,7.00006005391455,6.77373076774772,6.86963525664456,15.4998647941155,14.0001201078291,14.2237440840199,12.3689412768104
405.8,7.75,7,7.74993239989894,7.0000600305687,6.77373461846527,6.86963146306985,15.4998647997979,14.0001200611374,14.2236967805236,12.3689867095605
405.9,7.75,7,7.74993240213961,7.00006000722664,6.77373863044104,6.86962767018828,15.4998648042792,14.0001200144533,14.2236495040276,12.369032113001
406,7.75,7,7.74993240510467,7.00005998387274,6.77374244142751,6.86962388228338,15.4998648102093,14.0001199677455,14.2236022602069,12.3690774823144
406.1,7.75,7,7.74993240751783,7.00005996052199,6.77374640028827,6.86962009530513,15.4998648150357,14.000119921044,14.2235550444587,12.3691228212298
406.2,7.75,7,7.74993240999769,7.0000599371673,6.77375033804955,6.86961631110912,15.4998648199954,14.0001198743346,14.223507857814,12.369168129224
406.3,7.75,7,7.74993241314326,7.00005991380158,6.77375409089986,6.86961253166129,15.4998648262865,14.0001198276032,14.2234607031707,12.3692134037688
406.4,7.75,7,7.74993241546252,7.00005989044205,6.77375806640944,6.86960875246177,15.499864830925,14.0001197808841,14.2234135777812,12.3692586464181
406.5,7.75,7,7.74993241737972,7.000059867084,6.77376214883394,6.86960497465828,15.4998648347594,14.000119734168,14.2233664809516,12.3693038583056
406.6,7.75,7,7.74993242086185,7.00005984370509,6.77376580112794,6.86960120393442,15.4998648417237,14.0001196874102,14.2233194135203,12.3693490403566
406.7,7.75,7,7.74993242458338,7.00005982032034,6.77376938513623,6.86959743650955,15.4998648491668,14.0001196406407,14.2232723754836,12.3693941913573
406.8,7.75,7,7.74993242530914,7.00005979696652,6.77377378411154,6.86959366307209,15.4998648506183,14.000119593933,14.2232253658818,12.3694393093501
406.9,7.75,7,7.74993242759385,7.00005977359163,6.77377775426287,6.86958989698163,15.4998648551877,14.0001195471833,14.2231783888862,12.3694843941024
407,7.75,7,7.74993243267697,7.000059750182,6.77378095756896,6.86958614147249,15.4998648653539,14.000119500364,14.2231314411264,12.3695294503457
407.1,7.75,7,7.74993243495494,7.00005972680129,6.77378492388495,6.86958238041679,15.4998648699099,14.0001194536026,14.2230845209407,12.369574474685
407.2,7.75,7,7.7499324366301,7.00005970342427,6.77378905170625,6.86957862035838,15.4998648732602,14.0001194068485,14.2230376312943,12.3696194660024
407.3,7.75,7,7.74993244037795,7.00005968002073,6.77379261072713,6.869574868863,15.4998648807559,14.0001193600415,14.2229907714708,12.3696644275305
407.4,7.75,7,7.74993244243209,7.00005965663342,6.77379662918482,6.86957111513486,15.4998648848642,14.0001193132668,14.2229439408555,12.3697093564547
407.5,7.75,7,7.74993244505426,7.00005963323676,6.77380048967974,6.86956736559767,15.4998648901085,14.0001192664735,14.2228971391576,12.3697542551734
407.6,7.75,7,7.74993244773706,7.00005960983626,6.77380433045274,6.86956361904421,15.4998648954741,14.0001192196725,14.2228503690778,12.3697991203539
407.7,7.75,7,7.74993245006356,7.00005958643708,6.77380826575401,6.86955987390149,15.4998649001271,14.0001191728742,14.2228036263003,12.369843956201
407.8,7.75,7,7.7499324529776,7.00005956302827,6.77381203763104,6.86955613311851,15.4998649059552,14.0001191260565,14.2227569137246,12.369888760509
407.9,7.75,7,7.74993245546408,7.00005953962127,6.77381592310945,6.86955239387511,15.4998649109282,14.0001190792425,14.2227102321951,12.3699335314501
408,7.75,7,7.74993245764148,7.00005951621508,6.77381989018245,6.86954865620797,15.499864915283,14.0001190324302,14.2226635783259,12.3699782727335
408.1,7.75,7,7.74993246077146,7.00005949279531,6.77382359430157,6.86954492383046,15.4998649215429,14.0001189855906,14.2226169534198,12.3700229841427
408.2,7.75,7,7.7499324640065,7.00005946937157,6.77382726682724,6.86954119432463,15.499864928013,14.0001189387431,14.2225703574688,12.3700676649093
408.3,7.75,7,7.74993246492301,7.00005944597133,6.77383156934139,6.86953746079757,15.499864929846,14.0001188919427,14.2225237906845,12.3701123125781
408.4,7.75,7,7.74993246723437,7.0000594225523,6.77383548790495,6.86953373405028,15.4998649344687,14.0001188451046,14.222477255453,12.3701569280449
408.5,7.75,7,7.74993247211616,7.00005939910143,6.77383870183854,6.86953001722061,15.4998649442323,14.0001187982029,14.2224307493614,12.3702015149588
408.6,7.75,7,7.74993247483027,7.00005937567247,6.77384250465909,6.86952629672344,15.4998649496605,14.0001187513449,14.222384271587,12.3702460698285
408.7,7.75,7,7.74993247552583,7.00005935226372,6.77384685559769,6.86952257303748,15.4998649510517,14.0001187045274,14.2223378227355,12.370290592153
408.8,7.75,7,7.74993247976037,7.00005932881221,6.77385023751061,6.86951886202191,15.4998649595207,14.0001186576244,14.2222914029311,12.3703350869285
408.9,7.75,7,7.74993248277893,7.0000593053717,6.77385394828099,6.86951515025019,15.4998649655579,14.0001186107434,14.2222450136787,12.3703795481791
409,7.75,7,7.74993248442947,7.00005928194416,6.77385802967386,6.86951143705952,15.4998649688589,14.0001185638883,14.2221986523996,12.370423978504
409.1,7.75,7,7.74993248755163,7.00005925849725,6.77386170628463,6.86950773074058,15.4998649751033,14.0001185169945,14.2221523212703,12.3704683782173
409.2,7.75,7,7.74993248974571,7.00005923505826,6.77386563329045,6.86950402436675,15.4998649794914,14.0001184701165,14.2221060193555,12.3705127461026
409.3,7.75,7,7.74993249238539,7.0000592116117,6.77386943576481,6.86950032179307,15.4998649847708,14.0001184232234,14.2220597459564,12.3705570841714
409.4,7.75,7,7.74993249506832,7.00005918816199,6.7738732233398,6.86949662204818,15.4998649901366,14.000118376324,14.2220135030614,12.3706013899495
409.5,7.75,7,7.74993249731167,7.00005916471476,6.77387712800629,6.86949292359236,15.4998649946233,14.0001183294295,14.2219672888384,12.3706456649377
409.6,7.75,7,7.74993250015677,7.00005914125831,6.77388086555094,6.86948922934246,15.4998650003135,14.0001182825166,14.2219211026962,12.3706899107264
409.7,7.75,7,7.74993250312155,7.00005911779809,6.7738845675776,6.86948553792246,15.4998650062431,14.0001182355962,14.2218749446241,12.3707341268866
409.8,7.75,7,7.74993250456236,7.0000590943525,6.77388868245559,6.86948184492267,15.4998650091247,14.000118188705,14.2218288177562,12.3707783085867
409.9,7.75,7,7.74993250706278,7.00005907089243,6.77389250508385,6.86947815755056,15.4998650141256,14.0001181417849,14.2217827202897,12.3708224601232
410,7.75,7,7.74993251112164,7.0000590474123,6.77389589934606,6.86947447718102,15.4998650222433,14.0001180948246,14.2217366516915,12.3708665825248
410.1,7.75,7,7.74993251392211,7.00005902394413,6.77389963430127,6.86947079568447,15.4998650278442,14.0001180478883,14.2216906108721,12.370910674352
410.2,7.75,7,7.74993251553999,7.00005900048703,6.77390368919402,6.8694671133314,15.49986503108,14.0001180009741,14.2216445984485,12.3709547350251
410.3,7.75,7,7.7499325187386,7.00005897700945,6.77390730935423,6.86946343828137,15.4998650374772,14.0001179540189,14.2215986175779,12.3709987637542
410.4,7.75,7,7.74993252107088,7.00005895353957,6.77391116332975,6.86945976309053,15.4998650421418,14.0001179070791,14.221552663009,12.3710427638458
410.5,7.75,7,7.7499325235523,7.00005893006545,6.7739149733467,6.86945609114205,15.4998650471046,14.0001178601309,14.2215067402475,12.3710867304132
410.6,7.75,7,7.74993252640967,7.00005890658502,6.77391867808363,6.86945242256635,15.4998650528193,14.00011781317,14.2214608434664,12.3711306698359
410.7,7.75,7,7.74993252853751,7.00005888311032,6.77392257868215,6.86944875475938,15.499865057075,14.0001177662206,14.2214149788629,12.3711745745418
410.8,7.75,7,7.74993253121178,7.00005885962726,6.77392632726665,6.86944509097785,15.4998650624236,14.0001177192545,14.2213691421277,12.3712184502709
410.9,7.75,7,7.74993253420038,7.00005883613849,6.77392998720185,6.86944143055253,15.4998650684008,14.000117672277,14.2213233331806,12.3712622968976
411,7.75,7,7.74993253591048,7.00005881266199,6.77393399318184,6.8694377690471,15.499865071821,14.000117625324,14.2212775532224,12.3713061116873
411.1,7.75,7,7.74993253801789,7.00005878917884,6.77393788780509,6.86943411117919,15.4998650760358,14.0001175783577,14.2212318015643,12.3713498969176
411.2,7.75,7,7.74993254200842,7.00005876567211,6.77394126529217,6.86943046133486,15.4998650840168,14.0001175313442,14.2211860798933,12.3713936521786
411.3,7.75,7,7.74993254495308,7.00005874217503,6.77394492526995,6.86942681111139,15.4998650899062,14.0001174843501,14.2211403876472,12.3714373753689
411.4,7.75,7,7.74993254545165,7.00005871870352,6.77394925002023,6.86942315647805,15.4998650909033,14.000117437407,14.2210947244035,12.3714810656482
411.5,7.75,7,7.74993254891331,7.0000586951964,6.77395276302476,6.86941951276422,15.4998650978266,14.0001173903928,14.2210490890805,12.371524729151
411.6,7.75,7,7.74993255354409,7.00005867167402,6.77395595400825,6.86941587485397,15.4998651070882,14.000117343348,14.2210034816806,12.3715683642247
411.7,7.75,7,7.74993255453288,7.00005864819079,6.77396013620887,6.8694122291368,15.4998651090658,14.0001172963816,14.2209579034448,12.3716119651258
411.8,7.75,7,7.74993255715527,7.00005862468699,6.7739638694495,6.86940859066562,15.4998651143105,14.000117249374,14.220912354472,12.3716555366184
411.9,7.75,7,7.74993256040027,7.00005860117413,6.77396742981154,6.86940495647756,15.4998651208005,14.0001172023483,14.2208668338636,12.3716990787236
412,7.75,7,7.74993256217532,7.00005857767592,6.77397138849231,6.8694013206369,15.4998651243506,14.0001171553518,14.2208213419811,12.3717425891344
412.1,7.75,7,7.74993256496966,7.00005855416412,6.77397506587459,6.86939769031898,15.4998651299393,14.0001171083282,14.2207758796965,12.371786069229
412.2,7.75,7,7.74993256729022,7.00005853065582,6.77397886977506,6.86939406106608,15.4998651345804,14.0001170613116,14.2207304447513,12.3718295200197
412.3,7.75,7,7.74993256973642,7.00005850714405,6.77398263625932,6.86939043484279,15.4998651394728,14.0001170142881,14.2206850400372,12.3718729390102
412.4,7.75,7,7.74993257259107,7.00005848362578,6.77398628835915,6.86938681225587,15.4998651451821,14.0001169672516,14.2206396632977,12.3719163288476
412.5,7.75,7,7.74993257465146,7.00005846011464,6.77399015437571,6.86938318989086,15.4998651493029,14.0001169202293,14.2205943147098,12.37195968824
412.6,7.75,7,7.74993257690176,7.00005843659953,6.77399396569426,6.86937957051007,15.4998651538035,14.0001168731991,14.2205489937754,12.3720030186241
412.7,7.75,7,7.74993258026904,7.00005841306975,6.77399746890211,6.86937595704374,15.4998651605381,14.0001168261395,14.2205037037427,12.3720463174316
412.8,7.75,7,7.7499325827528,7.00005838954816,6.77400121034835,6.86937234357603,15.4998651655056,14.0001167790963,14.220458442226,12.3720895853394
412.9,7.75,7,7.74993258375321,7.00005836604158,6.77400535382472,6.8693687283591,15.4998651675064,14.0001167320832,14.2204132088069,12.3721328222398
413,7.75,7,7.74993258701315,7.00005834250763,6.77400887755966,6.8693651220767,15.4998651740263,14.0001166850153,14.2203680036031,12.3721760314635
413.1,7.75,7,7.74993259144866,7.0000583189586,6.77401207746242,6.86936152163683,15.4998651828973,14.0001166379172,14.2203228266091,12.3722192120208
413.2,7.75,7,7.74993259258377,7.00005829544531,6.77401617554799,6.86935791415236,15.4998651851675,14.0001165908906,14.2202776764345,12.3722623612545
413.3,7.75,7,7.74993259434466,7.00005827192306,6.77402009961639,6.86935431116707,15.4998651886893,14.0001165438461,14.2202325570201,12.3723054786337
413.4,7.75,7,7.74993259883296,7.00005824836819,6.77402327617216,6.86935071848476,15.4998651976659,14.0001164967364,14.2201874662229,12.3723485683597
413.5,7.75,7,7.74993260068488,7.0000582248416,6.77402716968128,6.86934712061564,15.4998652013698,14.0001164496832,14.22014240185,12.3723916278024
413.6,7.75,7,7.74993260297394,7.00005820130826,6.77403094068012,6.86934352669441,15.4998652059479,14.0001164026165,14.2200973680978,12.3724346553764
413.7,7.75,7,7.74993260575392,7.00005817776774,6.77403457477289,6.86933993662627,15.4998652115078,14.0001163555355,14.2200523621565,12.372477654097
413.8,7.75,7,7.7499326078094,7.00005815423382,6.7740384037378,6.86933634696195,15.4998652156188,14.0001163084676,14.22000738422,12.3725206226427
413.9,7.75,7,7.74993261053079,7.00005813069069,6.77404204788843,6.86933276176391,15.4998652210616,14.0001162613814,14.2199624353959,12.3725635611329
414,7.75,7,7.7499326128601,7.0000581071504,6.77404579609829,6.86932917796969,15.4998652257202,14.0001162143008,14.2199175151741,12.3726064691334
414.1,7.75,7,7.74993261511505,7.00005808360949,6.77404956185773,6.86932559628988,15.4998652302301,14.000116167219,14.2198726213401,12.3726493492732
414.2,7.75,7,7.74993261806573,7.00005806005903,6.77405313454472,6.86932201926163,15.4998652361315,14.0001161201181,14.2198277577672,12.3726921981872
414.3,7.75,7,7.74993262039372,7.00005803651405,6.77405687417036,6.86931844303347,15.4998652407874,14.0001160730281,14.2197829234186,12.3727350157562
414.4,7.75,7,7.74993262199753,7.00005801297582,6.77406080866559,6.86931486712558,15.4998652439951,14.0001160259516,14.2197381161372,12.3727778041614
414.5,7.75,7,7.74993262506497,7.00005798941953,6.77406434067662,6.8693112978681,15.4998652501299,14.0001159788391,14.2196933369607,12.3728205643313
414.6,7.75,7,7.74993262878821,7.00005796585434,6.77406769073369,6.86930773295626,15.4998652575764,14.0001159317087,14.2196485858806,12.3728632955338
414.7,7.75,7,7.74993263066686,7.00005794230871,6.77407154164634,6.86930416505652,15.4998652613337,14.0001158846174,14.2196038605941,12.3729059978906
414.8,7.75,7,7.7499326328892,7.00005791875757,6.77407529538241,6.86930060096286,15.4998652657784,14.0001158375151,14.2195591673895,12.3729486668063
414.9,7.75,7,7.74993263597141,7.00005789519539,6.7740788117109,6.86929704157586,15.4998652719428,14.0001157903908,14.219514499783,12.3729913095827
415,7.75,7,7.74993263791478,7.00005787164459,6.77408263568931,6.86929348166826,15.4998652758296,14.0001157432892,14.2194698631436,12.3730339187329
415.1,7.75,7,7.74993264051169,7.00005784808514,6.77408627861316,6.86928992585209,15.4998652810234,14.0001156961703,14.2194252518041,12.3730765018746
415.2,7.75,7,7.74993264298245,7.00005782452559,6.77408995263825,6.8692863724809,15.4998652859649,14.0001156490512,14.2193806723214,12.3731190513965
415.3,7.75,7,7.74993264512135,7.00005780096857,6.77409371455142,6.86928282043581,15.4998652902427,14.0001156019371,14.2193361186533,12.3731615734674
415.4,7.75,7,7.74993264793037,7.0000577774027,6.77409729070096,6.86927927268249,15.4998652958607,14.0001155548054,14.2192915920339,12.3732040677166
415.5,7.75,7,7.74993265056773,7.00005775383739,6.77410091057142,6.86927572707381,15.4998653011355,14.0001155076748,14.2192470953448,12.3732465303423
415.6,7.75,7,7.74993265201765,7.00005773028424,6.77410485162758,6.86927218056942,15.4998653040353,14.0001154605685,14.2192026269582,12.3732889621236
415.7,7.75,7,7.74993265469402,7.00005770671596,6.77410845495703,6.86926864001279,15.499865309388,14.0001154134319,14.2191581864198,12.3733313657673
415.8,7.75,7,7.74993265843248,7.00005768313441,6.77411176542684,6.86926510493361,15.499865316865,14.0001153662688,14.219113773715,12.3733737411412
415.9,7.75,7,7.74993266009537,7.00005765957519,6.77411563963252,6.86926156633675,15.4998653201907,14.0001153191504,14.219069388308,12.3734160859186
416,7.75,7,7.74993266107549,7.0000576360225,6.77411969729919,6.86925802823919,15.499865322151,14.000115272045,14.2190250307147,12.3734584008455
416.1,7.75,7,7.74993266566547,7.00005761242779,6.77412276667129,6.86925450282427,15.4998653313309,14.0001152248556,14.2189807002797,12.3735006905723
416.2,7.75,7,7.74993266912215,7.00005758884463,6.77412614218451,6.86925097687906,15.4998653382443,14.0001151776893,14.2189364005674,12.3735429469853
416.3,7.75,7,7.74993266977756,7.00005756529211,6.77413027957555,6.86924744531019,15.4998653395551,14.0001151305842,14.2188921277515,12.3735851725695
416.4,7.75,7,7.74993267303128,7.00005754170904,6.77413370473115,6.8692439235988,15.4998653460626,14.0001150834181,14.2188478827806,12.3736273713112
416.5,7.75,7,7.74993267543199,7.00005751813453,6.77413735981176,6.86924040190315,15.499865350864,14.0001150362691,14.2188036656625,12.3736695400234
416.6,7.75,7,7.74993267750146,7.00005749456266,6.77414110231357,6.86923688176629,15.4998653550029,14.0001149891253,14.2187594770282,12.3737116785287
416.7,7.75,7,7.74993268025324,7.00005747098206,6.7741446557743,6.86923336588998,15.4998653605065,14.0001149419641,14.2187153147346,12.3737537900151
416.8,7.75,7,7.74993268228615,7.00005744740845,6.77414840222913,6.86922985066897,15.4998653645723,14.0001148948169,14.2186711832298,12.3737958685258
416.9,7.75,7,7.74993268483599,7.00005742382803,6.77415200483256,6.86922633919962,15.499865369672,14.0001148476561,14.2186270776485,12.3738379203102
417,7.75,7,7.74993268746114,7.00005740024575,6.774155583948,6.86922283038209,15.4998653749223,14.0001148004915,14.2185829998099,12.3738799430557
417.1,7.75,7,7.7499326892745,7.00005737667163,6.77415938157571,6.8692193218209,15.499865378549,14.0001147533433,14.2185389512458,12.3739219343411
417.2,7.75,7,7.7499326918447,7.00005735308798,6.77416296969652,6.86921581782725,15.4998653836894,14.000114706176,14.2184949301146,12.3739638975487
417.3,7.75,7,7.74993269499626,7.00005732949681,6.77416639621561,6.86921231789915,15.4998653899925,14.0001146589936,14.218450936402,12.3740058325353
417.4,7.75,7,7.74993269652561,7.00005730592309,6.77417026265552,6.86920881576378,15.4998653930512,14.0001146118462,14.2184069702372,12.3740477371373
417.5,7.75,7,7.74993269788533,7.00005728235038,6.7741741725047,6.86920531554984,15.4998653957707,14.0001145647008,14.218363031469,12.3740896128561
417.6,7.75,7,7.74993270207655,7.00005725874473,6.77417730648575,6.86920182581962,15.4998654041531,14.0001145174895,14.2183191201452,12.3741314624126
417.7,7.75,7,7.74993270605599,7.0000572351406,6.77418049537043,6.86919833789558,15.499865412112,14.0001144702812,14.2182752362807,12.3741732829886
417.8,7.75,7,7.74993270603851,7.00005721158081,6.77418477214536,6.86919484123206,15.499865412077,14.0001144231616,14.21823138271,12.374215068127
417.9,7.75,7,7.74993270902301,7.00005718798622,6.7741882266335,6.86919135543498,15.499865418046,14.0001143759724,14.2181875554152,12.3742568284962
418,7.75,7,7.74993271309991,7.00005716437849,6.77419138014107,6.86918787504616,15.4998654261998,14.000114328757,14.2181437542561,12.3742985624857
418.1,7.75,7,7.74993271409861,7.00005714080474,6.77419537072466,6.86918438854436,15.4998654281972,14.0001142816095,14.2180999834764,12.3743402618071
418.2,7.75,7,7.74993271673151,7.00005711721175,6.77419891240685,6.86918090900744,15.499865433463,14.0001142344235,14.2180562389708,12.3743819351107
418.3,7.75,7,7.74993271900932,7.000057093622,6.77420254805542,6.86917743090496,15.4998654380186,14.000114187244,14.2180125223655,12.374423578862
418.4,7.75,7,7.74993272120543,7.00005707003242,6.77420620302884,6.86917395502706,15.4998654424109,14.0001141400648,14.2179688337846,12.3744651931872
418.5,7.75,7,7.74993272386723,7.00005704643687,6.77420972802777,6.86917048282187,15.4998654477345,14.0001140928737,14.2179251719436,12.3745067799398
418.6,7.75,7,7.74993272587087,7.00005702284805,6.77421342969466,6.86916701121374,15.4998654517417,14.0001140456961,14.2178815383205,12.3745483365394
418.7,7.75,7,7.74993272828762,7.00005699925383,6.77421701553615,6.86916354329683,15.4998654565752,14.0001139985077,14.2178379333661,12.3745898635059
418.8,7.75,7,7.74993273110688,7.00005697565441,6.77422048866459,6.86916007885758,15.4998654622138,14.0001139513088,14.2177943549918,12.3746313630198
418.9,7.75,7,7.74993273279708,7.00005695206713,6.77422426707084,6.86915661361614,15.4998654655942,14.0001139041343,14.2177508042022,12.3746728326206
419,7.75,7,7.74993273458686,7.0000569284781,6.77422801543122,6.86915315101089,15.4998654691737,14.0001138569562,14.2177072802551,12.3747142742218
419.1,7.75,7,7.74993273821283,7.00005690486766,6.77423125962175,6.86914969603729,15.4998654764257,14.0001138097353,14.2176637836461,12.3747556889095
419.2,7.75,7,7.74993274159136,7.00005688125943,6.77423456844106,6.86914624275359,15.4998654831827,14.0001137625189,14.2176203143801,12.3747970747609
419.3,7.75,7,7.74993274280052,7.00005685767516,6.774238466324,6.86914278586206,15.499865485601,14.0001137153503,14.2175768745501,12.3748384278181
419.4,7.75,7,7.74993274540081,7.00005683407462,6.77424198177379,6.86913933513093,15.4998654908016,14.0001136681492,14.2175334597612,12.3748797559649
419.5,7.75,7,7.74993274792311,7.00005681047436,6.77424551529523,6.86913588681547,15.4998654958462,14.0001136209487,14.2174900750952,12.3749210525356
419.6,7.75,7,7.74993274986653,7.00005678688019,6.77424920420619,6.86913243900773,15.4998654997331,14.0001135737604,14.217446715079,12.3749623227953
419.7,7.75,7,7.74993275253628,7.00005676327724,6.7742526915932,6.86912899592783,15.4998655050726,14.0001135265545,14.2174033854038,12.3750035620003
419.8,7.75,7,7.74993275463627,7.00005673968029,6.77425633177262,6.86912555346979,15.4998655092725,14.0001134793606,14.2173600813914,12.3750447738505
419.9,7.75,7,7.74993275682553,7.00005671608186,6.77425994467744,6.86912211364058,15.4998655136511,14.0001134321637,14.2173168045024,12.37508595743
420,7.75,7,7.74993275966474,7.00005669247559,6.77426337702386,6.86911867822128,15.4998655193295,14.0001133849512,14.2172735568215,12.3751271110807
420.1,7.75,7,7.74993276165914,7.00005666887846,6.77426703710272,6.86911524275357,15.4998655233183,14.0001133377569,14.2172303361165,12.3751682357609
420.2,7.75,7,7.74993276328069,7.00005664528516,6.77427079614211,6.86911180852705,15.4998655265614,14.0001132905703,14.2171871417473,12.3752093325783
420.3,7.75,7,7.74993276648146,7.00005662167358,6.77427412117058,6.86910838117402,15.4998655329629,14.0001132433472,14.2171439744661,12.3752504025502
420.4,7.75,7,7.74993276988898,7.00005659805928,6.77427738685144,6.86910495678016,15.499865539778,14.0001131961186,14.2171008342709,12.3752914444167
420.5,7.75,7,7.74993277026089,7.00005657447902,6.77428147840132,6.86910152602054,15.4998655405218,14.000113148958,14.2170577202658,12.3753324561273
420.6,7.75,7,7.7499327723058,7.00005655087942,6.77428510999019,6.86909810268328,15.4998655446116,14.0001131017588,14.2170146365766,12.3753734377184
420.7,7.75,7,7.74993277706916,7.00005652724872,6.77428799661399,6.8690946894288,15.4998655541383,14.0001130544974,14.2169715795372,12.3754143939868
420.8,7.75,7,7.7499327789837,7.00005650365001,6.77429165820074,6.8690912702698,15.4998655579674,14.0001130073,14.216928547881,12.3754553211245
420.9,7.75,7,7.74993278039611,7.00005648005668,6.77429545381222,6.86908785215706,15.4998655607922,14.0001129601134,14.2168855445693,12.3754962182071
421,7.75,7,7.74993278383049,7.00005645644018,6.77429869452058,6.86908444219222,15.499865567661,14.0001129128804,14.2168425685034,12.3755370887129
421.1,7.75,7,7.74993278555477,7.00005643284279,6.77430239914533,6.86908102972136,15.4998655711095,14.0001128656856,14.2167996195596,12.3755779293332
421.2,7.75,7,7.74993278787607,7.00005640923842,6.77430593794788,6.86907762126208,15.4998655757521,14.0001128184768,14.2167566970356,12.3756187429316
421.3,7.75,7,7.74993279023596,7.00005638563337,6.77430946305041,6.86907421547915,15.4998655804719,14.0001127712667,14.2167138038785,12.375659525922
421.4,7.75,7,7.74993279225327,7.00005636203202,6.77431307898357,6.86907081090011,15.4998655845065,14.000112724064,14.21667093568,12.3757002825557
421.5,7.75,7,7.74993279485985,7.00005633842381,6.77431653102737,6.86906741045461,15.4998655897197,14.0001126768476,14.21662809556,12.3757410104408
421.6,7.75,7,7.74993279701974,7.00005631482049,6.7743201019505,6.86906401121456,15.4998655940395,14.000112629641,14.2165852838213,12.3757817083096
421.7,7.75,7,7.74993279888856,7.00005629122032,6.77432374957701,6.86906061337287,15.4998655977771,14.0001125824406,14.216542497595,12.3758223793019
421.8,7.75,7,7.74993280171805,7.00005626760915,6.77432713207219,6.86905722060129,15.4998656034361,14.0001125352183,14.2164997380537,12.375863023352
421.9,7.75,7,7.74993280463344,7.0000562439969,6.77433048823884,6.86905383040436,15.4998656092669,14.0001124879938,14.2164570051908,12.3759036396636
422,7.75,7,7.7499328052091,7.00005622041105,6.77433448019524,6.86905043589607,15.4998656104182,14.0001124408221,14.2164142993659,12.3759442256284
422.1,7.75,7,7.749932807251,7.00005619680851,6.77433806874963,6.86904704810616,15.499865614502,14.000112393617,14.2163716226016,12.3759847826515
422.2,7.75,7,7.74993281180447,7.00005617317747,6.77434096879358,6.86904366980903,15.4998656236089,14.0001123463549,14.2163289725351,12.3760253141634
422.3,7.75,7,7.74993281414477,7.00005614957146,6.7743444701821,6.86904028747568,15.4998656282895,14.0001122991429,14.2162863485341,12.3760658164696
422.4,7.75,7,7.74993281454322,7.00005612598742,6.77434849878549,6.86903690192816,15.4998656290864,14.0001122519748,14.2162437511549,12.3761062892437
422.5,7.75,7,7.74993281849432,7.00005610236313,6.77435155464154,6.86903352886902,15.4998656369886,14.0001122047263,14.2162011807896,12.3761467371477
422.6,7.75,7,7.74993282115125,7.00005607875352,6.77435496076684,6.86903015455147,15.4998656423025,14.000112157507,14.2161586382992,12.3761871548184
422.7,7.75,7,7.7499328225106,7.00005605515862,6.77435871830111,6.86902677879891,15.4998656450212,14.0001121103172,14.2161161217746,12.3762275442451
422.8,7.75,7,7.74993282531135,7.00005603154745,6.77436207936467,6.86902340956116,15.4998656506227,14.0001120630949,14.216073632813,12.3762679062931
422.9,7.75,7,7.74993282717428,7.00005600794697,6.77436569349624,6.8690200400169,15.4998656543486,14.0001120158939,14.2160311709994,12.3763082392046
423,7.75,7,7.74993282949964,7.00005598434132,6.77436917856219,6.86901667406336,15.4998656589993,14.0001119686826,14.2159887352373,12.3763485454157
423.1,7.75,7,7.74993283185009,7.0000559607355,6.77437265370217,6.86901331065391,15.4998656637002,14.000111921471,14.2159463278301,12.3763888221286
423.2,7.75,7,7.74993283377441,7.00005593713461,6.77437624232306,6.86900994831508,15.4998656675488,14.0001118742692,14.2159039466395,12.376429071157
423.3,7.75,7,7.74993283630506,7.00005591352699,6.77437966261482,6.86900658996065,15.4998656726101,14.000111827054,14.2158615913187,12.376469293817
423.4,7.75,7,7.74993283894386,7.00005588991828,6.77438305057183,6.86900323416889,15.4998656778877,14.0001117798366,14.2158192618582,12.3765094896623
423.5,7.75,7,7.7499328400502,7.00005586632711,6.77438685370686,6.86899987654188,15.4998656801004,14.0001117326542,14.2157769614807,12.3765496538298
423.6,7.75,7,7.74993284225075,7.00005584272373,6.77439035522417,6.86899652436987,15.4998656845015,14.0001116854475,14.2157346878924,12.3765897911325
423.7,7.75,7,7.74993284597663,7.00005581910327,6.77439343745529,6.86899317886499,15.4998656919533,14.0001116382065,14.2156924408982,12.3766299021743
423.8,7.75,7,7.74993284842023,7.00005579549755,6.77439686694961,6.86898983192943,15.4998656968405,14.0001115909951,14.2156502194523,12.3766699854572
423.9,7.75,7,7.74993284972156,7.00005577190499,6.77440060542154,6.86898648401165,15.4998656994431,14.00011154381,14.2156080241221,12.3767100405233
424,7.75,7,7.74993285260881,7.00005574829474,6.77440390777153,6.86898314316799,15.4998657052176,14.0001114965895,14.2155658580841,12.3767500665886
424.1,7.75,7,7.74993285459764,7.00005572469492,6.77440745275846,6.86897980185317,15.4998657091953,14.0001114493898,14.2155237160517,12.376790066863
424.2,7.75,7,7.74993285676377,7.00005570109339,6.77441094612898,6.86897646361533,15.4998657135275,14.0001114021868,14.215481603546,12.3768300366012
424.3,7.75,7,7.74993285928436,7.00005567748813,6.77441434012661,6.86897312846915,15.4998657185687,14.0001113549763,14.2154395149365,12.376869981824
424.4,7.75,7,7.74993286108453,7.00005565389138,6.7744179275662,6.86896979384266,15.4998657221691,14.0001113077828,14.2153974558921,12.3769098956503
424.5,7.75,7,7.74993286343819,7.00005563028868,6.77442136111319,6.86896646302413,15.4998657268764,14.0001112605774,14.2153554224582,12.3769497833693
424.6,7.75,7,7.74993286609458,7.0000556066829,6.77442470922341,6.86896313529715,15.4998657321892,14.0001112133658,14.2153134146228,12.3769896447651
424.7,7.75,7,7.74993286745363,7.00005558309218,6.77442840857344,6.86895980619647,15.4998657349073,14.0001111661844,14.2152714335112,12.377029477196
424.8,7.75,7,7.74993286924014,7.00005555949699,6.7744319883792,6.86895648058508,15.4998657384803,14.000111118994,14.2152294784868,12.3770692829174
424.9,7.75,7,7.74993287291612,7.00005553588083,6.7744350493334,6.8689531627923,15.4998657458322,14.0001110717617,14.2151875513931,12.3771090613659
425,7.75,7,7.7499328754844,7.00005551227764,6.7744384097425,6.86894984417113,15.4998657509688,14.0001110245553,14.2151456510841,12.3771488109718
425.1,7.75,7,7.74993287567042,7.00005548870187,6.77444241755539,6.86894652107955,15.4998657513408,14.0001109774037,14.215103777479,12.3771885306468
425.2,7.75,7,7.74993287884641,7.00005546509267,6.77444560633229,6.86894320875148,15.4998657576928,14.0001109301853,14.2150619295908,12.3772282263735
425.3,7.75,7,7.74993288313202,7.00005544147136,6.77444848938276,6.86893990182483,15.499865766264,14.0001108829427,14.2150201074241,12.3772678964161
425.4,7.75,7,7.74993288374959,7.0000554178921,6.77445237079338,6.86893658679201,15.4998657674992,14.0001108357842,14.2149783123255,12.377307534974
425.5,7.75,7,7.7499328860672,7.00005539429408,6.77445578518768,6.86893327892896,15.4998657721344,14.0001107885882,14.2149365439273,12.3773471473828
425.6,7.75,7,7.74993288894787,7.0000553706902,6.77445904298957,6.86892997496223,15.4998657778957,14.0001107413804,14.2148948018754,12.3773867329649
425.7,7.75,7,7.74993289039409,7.0000553471031,6.77446268949957,6.86892666918492,15.4998657807882,14.0001106942062,14.2148530860504,12.3774262900053
425.8,7.75,7,7.74993289286258,7.000055323505,6.77446605392789,6.86892336871092,15.4998657857252,14.00011064701,14.2148113976986,12.37746581948
425.9,7.75,7,7.74993289483644,7.00005529991304,6.77446955064219,6.86892006899844,15.4998657896729,14.0001105998261,14.2147697343376,12.3775053225688
426,7.75,7,7.74993289695652,7.00005527632004,6.77447300435567,6.86891677214566,15.499865793913,14.0001105526401,14.2147280990852,12.3775447966317
426.1,7.75,7,7.74993289947255,7.00005525272314,6.77447634717479,6.86891347863983,15.4998657989451,14.0001105054463,14.2146864893557,12.3775842445847
426.2,7.75,7,7.74993290118205,7.00005522913598,6.77447990731446,6.86891018508929,15.4998658023641,14.000110458272,14.2146449055836,12.3776236648712
426.3,7.75,7,7.74993290310171,7.00005520554706,6.77448340727736,6.86890689435609,15.4998658062034,14.0001104110941,14.2146033473429,12.3776630588739
426.4,7.75,7,7.74993290613877,7.00005518194619,6.77448659905043,6.86890360930157,15.4998658122775,14.0001103638924,14.2145618177929,12.3777024241566
426.5,7.75,7,7.74993290825106,7.00005515835645,6.77449004041278,6.8689003238687,15.4998658165021,14.0001103167129,14.2145203142503,12.3777417616221
426.6,7.75,7,7.74993290892782,7.00005513478365,6.77449387080614,6.86889703658996,15.4998658178556,14.0001102695673,14.2144788365916,12.3777810709307
426.7,7.75,7,7.7499329118875,7.00005511118568,6.77449707513348,6.86889375807793,15.499865823775,14.0001102223714,14.2144373849193,12.3778203554082
426.8,7.75,7,7.74993291597094,7.00005508757568,6.77449996982875,6.86889048502646,15.4998658319419,14.0001101751514,14.21439595923,12.3778596139925
426.9,7.75,7,7.7499329167075,7.00005506400429,6.7745037754583,6.86888720457324,15.499865833415,14.0001101280086,14.2143545582205,12.3778988439143
427,7.75,7,7.74993291819294,7.00005504042522,6.77450737350491,6.86888392873411,15.4998658363859,14.0001100808504,14.2143131857636,12.3779380449409
427.1,7.75,7,7.74993292233156,7.00005501681686,6.77451024439629,6.86888066272704,15.4998658446631,14.0001100336337,14.2142718394152,12.3779772213646
427.2,7.75,7,7.74993292381018,7.00005499323936,6.77451383872328,6.86887739126317,15.4998658476204,14.0001099864787,14.2142305175955,12.3780163699252
427.3,7.75,7,7.74993292577371,7.00005496965721,6.7745172975898,6.86887412360956,15.4998658515474,14.0001099393144,14.2141892237502,12.3780554899569
427.4,7.75,7,7.74993292819511,7.00005494607068,6.77452062861548,6.86887085950262,15.4998658563902,14.0001098921414,14.2141479557335,12.3780945836607
427.5,7.75,7,7.74993292991107,7.00005492249295,6.77452414938813,6.86886759560421,15.4998658598221,14.0001098449859,14.2141067133088,12.3781336502121
427.6,7.75,7,7.74993293229493,7.00005489890853,6.77452748485088,6.86886433595527,15.4998658645899,14.0001097978171,14.2140654979163,12.3781726893894
427.7,7.75,7,7.74993293427007,7.00005487532959,6.77453092899904,6.86886107740888,15.4998658685401,14.0001097506592,14.2140243086738,12.3782117011167
427.8,7.75,7,7.7499329361839,7.00005485175217,6.77453438719501,6.86885782079757,15.4998658723678,14.0001097035043,14.2139831437606,12.3782506876021
427.9,7.75,7,7.74993293879569,7.0000548281678,6.77453765174433,6.8688545686168,15.4998658775914,14.0001096563356,14.2139420069878,12.3782896456044
428,7.75,7,7.7499329407575,7.00005480459172,6.77454109078104,6.8688513168944,15.499865881515,14.0001096091834,14.2139008968798,12.3783285754111
428.1,7.75,7,7.74993294202522,7.00005478102439,6.77454471653596,6.86884806535545,15.4998658840504,14.0001095620488,14.2138598117196,12.3783674787616
428.2,7.75,7,7.74993294477167,7.00005475744124,6.77454793575364,6.86884482027703,15.4998658895433,14.0001095148825,14.2138187524426,12.3784063566951
428.3,7.75,7,7.74993294813994,7.00005473385199,6.77455098235824,6.86884157921465,15.4998658962799,14.000109467704,14.2137777190418,12.3784452084315
428.4,7.75,7,7.74993294963927,7.0000547102848,6.77455453653068,6.86883833487779,15.4998658992785,14.0001094205696,14.2137367093551,12.3784840339133
428.5,7.75,7,7.74993295154163,7.00005468671417,6.77455797738856,6.86883509426582,15.4998659030833,14.0001093734283,14.2136957293907,12.3785228290244
428.6,7.75,7,7.7499329542737,7.00005466313503,6.77456118915766,6.86883185804352,15.4998659085474,14.0001093262701,14.2136547727815,12.3785616007471
428.7,7.75,7,7.74993295585698,7.00005463957004,6.77456471134282,6.86882862103512,15.499865911714,14.0001092791401,14.2136138449125,12.3786003416911
428.8,7.75,7,7.74993295811193,7.00005461599836,6.77456804759831,6.86882538795481,15.4998659162239,14.0001092319967,14.2135729402787,12.3786390592306
428.9,7.75,7,7.74993296022277,7.0000545924295,6.77457141994306,6.86882215699887,15.4998659204455,14.000109184859,14.2135320649162,12.3786777463762
429,7.75,7,7.7499329620156,7.00005456886521,6.77457487646802,6.86881892719144,15.4998659240312,14.0001091377304,14.2134912132871,12.3787164086955
429.1,7.75,7,7.74993296448338,7.00005454529432,6.77457814597374,6.86881570146585,15.4998659289668,14.0001090905886,14.2134503865678,12.378755045891
429.2,7.75,7,7.74993296674788,7.0000545217269,6.77458146788069,6.86881247757175,15.4998659334958,14.0001090434538,14.2134095876964,12.3787936541197
429.3,7.75,7,7.74993296785618,7.00005449817369,6.77458510254489,6.86880925261561,15.4998659357124,14.0001089963474,14.213368814642,12.378832234605
429.4,7.75,7,7.74993297020507,7.00005447460755,6.77458839569588,6.86880603341719,15.4998659404101,14.0001089492151,14.2133280672326,12.3788707897379
429.5,7.75,7,7.74993297358429,7.00005445103087,6.77459140473112,6.86880281937553,15.4998659471686,14.0001089020617,14.2132873454551,12.3789093193413
429.6,7.75,7,7.74993297484924,7.00005442747925,6.7745949881394,6.86879960147928,15.4998659496985,14.0001088549585,14.2132466488052,12.378947821039
429.7,7.75,7,7.74993297549721,7.00005440393579,6.77459873712456,6.86879638403896,15.4998659509944,14.0001088078716,14.2132059777556,12.3789862957266
429.8,7.75,7,7.7499329797728,7.0000543803524,6.7746014930168,6.8687931791242,15.4998659595456,14.0001087607048,14.2131653319091,12.3790247477321
429.9,7.75,7,7.74993298281886,7.00005435678425,6.7746045814176,6.86878997313858,15.4998659656377,14.0001087135685,14.213124714212,12.3790631695369
430,7.75,7,7.74993298313687,7.00005433324816,6.77460841179302,6.86878676150725,15.4998659662737,14.0001086664963,14.2130841211822,12.3791015633575
430.1,7.75,7,7.7499329860625,7.00005430968378,6.77461152744321,6.86878355954889,15.499865972125,14.0001086193676,14.2130435540131,12.379139932886
430.2,7.75,7,7.74993298808252,7.00005428613088,6.77461488747934,6.86878035720667,15.499865976165,14.0001085722618,14.2130030122659,12.379178275338
430.3,7.75,7,7.74993298981464,7.00005426258254,6.77461832316205,6.86877715632873,15.4998659796293,14.0001085251651,14.2129624969456,12.3792165902494
430.4,7.75,7,7.74993299220565,7.00005423902795,6.77462157628396,6.8687739594184,15.4998659844113,14.0001084780559,14.2129220057808,12.3792548808403
430.5,7.75,7,7.74993299388076,7.00005421548289,6.77462502166751,6.86877076292191,15.4998659877615,14.0001084309658,14.2128815430158,12.3792931414663
430.6,7.75,7,7.74993299608145,7.00005419193309,6.77462832092579,6.86876756997767,15.4998659921629,14.0001083838662,14.212841104005,12.3793313780692
430.7,7.75,7,7.74993299833605,7.00005416838401,6.77463160258434,6.86876437941817,15.4998659966721,14.000108336768,14.2128006908048,12.3793695880953
430.8,7.75,7,7.74993299979811,7.0000541448453,6.77463509760917,6.86876118891008,15.4998659995962,14.0001082896906,14.2127603043493,12.3794077698034
430.9,7.75,7,7.74993300202509,7.00005412129927,6.77463838100056,6.86875800276625,15.4998660040502,14.0001082425985,14.2127199431546,12.379445926164
431,7.75,7,7.74993300481485,7.00005409774821,6.77464150793962,6.86875482040892,15.4998660096297,14.0001081954964,14.2126796072076,12.3794840570068
431.1,7.75,7,7.74993300595302,7.00005407421723,6.77464508290549,6.86875163553374,15.499866011906,14.0001081484345,14.2126392966316,12.3795221601657
431.2,7.75,7,7.74993300697083,7.00005405068899,6.77464868790504,6.86874845249492,15.4998660139417,14.000108101378,14.2125990112853,12.3795602372014
431.3,7.75,7,7.74993301084414,7.00005402712981,6.77465151056779,6.86874527978181,15.4998660216883,14.0001080542596,14.2125587512078,12.3795982908213
431.4,7.75,7,7.74993301445254,7.00005400357504,6.77465440272009,6.86874210849714,15.4998660289051,14.0001080071501,14.2125185164159,12.3796363181331
431.5,7.75,7,7.74993301404028,7.00005398006739,6.77465838930776,6.86873892817479,15.4998660280806,14.0001079601348,14.212478309739,12.3796743127603
431.6,7.75,7,7.74993301670898,7.00005395652622,6.77466153215882,6.86873575870425,15.499866033418,14.0001079130524,14.2124381269864,12.3797122855744
431.7,7.75,7,7.74993302037498,7.00005393297516,6.77466440004087,6.86873259417473,15.49986604075,14.0001078659503,14.2123979685218,12.3797502342818
431.8,7.75,7,7.74993302102399,7.00005390945989,6.77466808841487,6.86872942343424,15.499866042048,14.0001078189198,14.2123578377712,12.3797881516533
431.9,7.75,7,7.74993302331248,7.00005388592749,6.77467132649872,6.86872625947476,15.499866046625,14.000107771855,14.2123177314146,12.3798260454071
432,7.75,7,7.74993302521453,7.00005386240098,6.77467466721759,6.86872309661369,15.4998660504291,14.000107724802,14.212277650552,12.3798639125447
432.1,7.75,7,7.7499330270609,7.00005383887667,6.77467802022015,6.86871993583967,15.4998660541218,14.0001076777533,14.2122375957129,12.3799017528287
432.2,7.75,7,7.74993302935998,7.00005381534872,6.77468124690174,6.86871677846278,15.49986605872,14.0001076306974,14.2121975652809,12.3799395683956
432.3,7.75,7,7.74993303099572,7.0000537918299,6.77468465171731,6.86871362146097,15.4998660619914,14.0001075836598,14.21215756112,12.3799773562999
432.4,7.75,7,7.74993303305843,7.00005376830786,6.7746879370389,6.86871046793346,15.4998660661169,14.0001075366157,14.2121175831169,12.380015117667
432.5,7.75,7,7.74993303551257,7.00005374478293,6.77469111276025,6.86870731763331,15.4998660710251,14.0001074895659,14.2120776295874,12.380052854201
432.6,7.75,7,7.74993303681865,7.00005372127261,6.77469459903091,6.8687041662516,15.4998660736373,14.0001074425452,14.2120377014756,12.3800905635132
432.7,7.75,7,7.74993303825532,7.00005369776239,6.77469804687353,6.86870101737534,15.4998660765106,14.0001073955248,14.2119977980965,12.3801282474909
432.8,7.75,7,7.74993304154369,7.00005367423282,6.77470098639867,6.86869787595002,15.4998660830874,14.0001073484656,14.2119579198868,12.3801659072747
432.9,7.75,7,7.74993304454983,7.00005365070809,6.77470400014006,6.86869473589067,15.4998660890997,14.0001073014162,14.2119180668532,12.3802035408928
433,7.75,7,7.74993304537299,7.00005362720988,6.77470760673712,6.86869159195776,15.499866090746,14.0001072544198,14.211878241096,12.3802411444344
433.1,7.75,7,7.74993304762588,7.00005360369698,6.77471082047365,6.86868845406731,15.4998660952518,14.000107207394,14.2118384381369,12.3802787258415
433.2,7.75,7,7.74993304976501,7.00005358018725,6.77471406212096,6.86868531826151,15.49986609953,14.0001071603745,14.2117986631267,12.3803162783954
433.3,7.75,7,7.74993305135266,7.00005355668529,6.77471745176775,6.8686821828329,15.4998661027053,14.0001071133706,14.21175891074,12.3803538071726
433.4,7.75,7,7.7499330536583,7.0000535331771,6.77472064227611,6.86867905185302,15.4998661073166,14.0001070663542,14.2117191862178,12.3803913079571
433.5,7.75,7,7.74993305538185,7.00005350967712,6.77472398903337,6.86867592124494,15.4998661107637,14.0001070193542,14.2116794852749,12.3804287839592
433.6,7.75,7,7.74993305721766,7.00005348617763,6.77472730229939,6.86867279313282,15.4998661144353,14.0001069723553,14.211639809586,12.3804662341006
433.7,7.75,7,7.74993305968787,7.00005346267282,6.77473043938082,6.86866966912409,15.4998661193757,14.0001069253456,14.211600160529,12.3805036574491
433.8,7.75,7,7.74993306129503,7.00005343917953,6.77473380926143,6.8686665447951,15.4998661225901,14.0001068783591,14.2115605363263,12.3805410544543
433.9,7.75,7,7.74993306255904,7.00005341569187,6.77473727008191,6.86866342157733,15.4998661251181,14.0001068313837,14.2115209363873,12.3805784262055
434,7.75,7,7.74993306541682,7.00005339218794,6.77474029301477,6.8686603050521,15.4998661308336,14.0001067843759,14.2114813613861,12.380615773799
434.1,7.75,7,7.7499330684488,7.00005336868385,6.77474326557852,6.868657191171,15.4998661368976,14.0001067373677,14.2114418113221,12.3806530959291
434.2,7.75,7,7.74993306841062,7.00005334521629,6.77474707352598,6.86865407061505,15.4998661368212,14.0001066904326,14.2114022854193,12.3806903904038
434.3,7.75,7,7.74993307015039,7.00005332173067,6.77475039295174,6.86865095754343,15.4998661403008,14.0001066434613,14.2113627875585,12.3807276577105
434.4,7.75,7,7.74993307453326,7.00005329821691,6.7747529881025,6.86864785410317,15.4998661490665,14.0001065964338,14.2113233140248,12.3807649024668
434.5,7.75,7,7.74993307602391,7.00005327473766,6.77475637015157,6.86864474442466,15.4998661520478,14.0001065494753,14.2112838638374,12.3808021205773
434.6,7.75,7,7.74993307711403,7.00005325126494,6.7747598585706,6.86864163586604,15.4998661542281,14.0001065025299,14.2112444399342,12.3808393113258
434.7,7.75,7,7.74993308017527,7.00005322777178,6.7747628060918,6.86863853506831,15.4998661603505,14.0001064555436,14.2112050408982,12.3808764783578
434.8,7.75,7,7.74993308151037,7.0000532043001,6.77476622198069,6.86863543151326,15.4998661630207,14.0001064086002,14.211165667025,12.3809136179628
434.9,7.75,7,7.74993308347187,7.00005318082319,6.77476946414307,6.8686323318192,15.4998661669437,14.0001063616464,14.2111263172667,12.3809507333892
435,7.75,7,7.74993308545012,7.00005315734821,6.77477269864917,6.86862923451721,15.4998661709002,14.0001063146964,14.2110869947599,12.3809878208581
435.1,7.75,7,7.7499330870999,7.00005313387875,6.77477602024424,6.86862613823919,15.4998661741998,14.0001062677575,14.2110476950477,12.3810248846285
435.2,7.75,7,7.74993308934093,7.00005311040465,6.77477917748572,6.86862304589029,15.4998661786819,14.0001062208093,14.2110084214162,12.3810619221792
435.3,7.75,7,7.7499330911164,7.00005308693789,6.77478245888467,6.86861995444284,15.4998661822328,14.0001061738758,14.2109691737056,12.3810989327023
435.4,7.75,7,7.74993309261922,7.00005306347611,6.77478581204926,6.86861686423951,15.4998661852384,14.0001061269522,14.2109299495062,12.3811359188515
435.5,7.75,7,7.74993309509106,7.00005304000535,6.77478889790293,6.86861377891155,15.4998661901821,14.0001060800107,14.2108907498719,12.3811728806932
435.6,7.75,7,7.7499330976298,7.00005301653583,6.7747919627101,6.86861069588574,15.4998661952596,14.0001060330717,14.2108515747973,12.3812098174036
435.7,7.75,7,7.74993309781652,7.00005299309501,6.77479566673267,6.86860760831716,15.499866195633,14.00010598619,14.2108124249031,12.3812467261181
435.8,7.75,7,7.74993309952442,7.00005296963916,6.7747989524936,6.86860452736137,15.4998661990488,14.0001059392783,14.2107733014766,12.3812836090919
435.9,7.75,7,7.74993310369328,7.00005294615748,6.77480156365811,6.86860145553549,15.4998662073866,14.000105892315,14.2107342026257,12.3813204691352
436,7.75,7,7.74993310560371,7.0000529227034,6.7748047886249,6.86859837932919,15.4998662112074,14.0001058454068,14.2106951277472,12.3813573025164
436.1,7.75,7,7.74993310564989,7.0000528992725,6.77480851972873,6.86859529991024,15.4998662112998,14.000105798545,14.2106560773519,12.3813941090781
436.2,7.75,7,7.74993310926242,7.00005287580335,6.77481127441887,6.86859223281779,15.4998662185248,14.0001057516067,14.2106170520565,12.3814308931997
436.3,7.75,7,7.7499331115026,7.00005285235192,6.77481440085656,6.86858916399439,15.4998662230052,14.0001057047038,14.2105780521688,12.3814676500137
436.4,7.75,7,7.7499331125164,7.00005282891646,6.77481785934395,6.86858609374214,15.4998662250328,14.0001056578329,14.2105390763624,12.381504381017
436.5,7.75,7,7.7499331149414,7.0000528054672,6.77482092973443,6.86858302967626,15.4998662298828,14.0001056109344,14.2105001257306,12.3815410875247
436.6,7.75,7,7.74993311641915,7.00005278203088,6.77482425584688,6.86857996507359,15.4998662328383,14.0001055640618,14.2104612003041,12.3815777673331
436.7,7.75,7,7.74993311837651,7.00005275859123,6.77482744832987,6.86857690388028,15.499866236753,14.0001055171825,14.2104222986554,12.3816144232236
436.8,7.75,7,7.74993312034099,7.00005273515383,6.77483063587655,6.86857384496814,15.499866240682,14.0001054703077,14.2103834233403,12.3816510521451
436.9,7.75,7,7.74993312189318,7.00005271172325,6.77483393324748,6.8685707869362,15.4998662437864,14.0001054234465,14.2103445719743,12.3816876561562
437,7.75,7,7.74993312405651,7.00005268828788,6.77483706107682,6.86856773269106,15.499866248113,14.0001053765758,14.2103057444212,12.381724236343
437.1,7.75,7,7.7499331263084,7.00005266485368,6.77484016200852,6.86856468075124,15.4998662526168,14.0001053297074,14.2102669407854,12.3817607921192
437.2,7.75,7,7.74993312703629,7.00005264143919,6.77484367591522,6.8685616267701,15.4998662540726,14.0001052828784,14.2102281640048,12.3817973189921
437.3,7.75,7,7.74993312888509,7.00005261801425,6.77484688104164,6.86855857808748,15.4998662577702,14.0001052360285,14.2101894117212,12.3818338218189
437.4,7.75,7,7.74993313222608,7.00005259457467,6.77484967603366,6.86855553576035,15.4998662644522,14.0001051891493,14.2101506839164,12.3818703009636
437.5,7.75,7,7.74993313426114,7.00005257115207,6.77485282484963,6.86855249172323,15.4998662685223,14.0001051423041,14.2101119795884,12.3819067548733
437.6,7.75,7,7.74993313519487,7.00005254774418,6.77485627158286,6.86854944660404,15.4998662703897,14.0001050954884,14.210073299259,12.3819431832056
437.7,7.75,7,7.74993313771986,7.00005252432083,6.77485928082335,6.86854640835306,15.4998662754397,14.0001050486417,14.2100346460992,12.3819795852017
437.8,7.75,7,7.74993313931766,7.00005250091007,6.77486254066743,6.86854336934629,15.4998662786353,14.0001050018201,14.2099960149575,12.3820159638131
437.9,7.75,7,7.7499331411151,7.00005247749964,6.77486574291878,6.86854033323512,15.4998662822302,14.0001049549993,14.2099574109435,12.382052314854
438,7.75,7,7.74993314324631,7.00005245408755,6.77486885152733,6.86853729997469,15.4998662864926,14.0001049081751,14.2099188290758,12.3820886435469
438.1,7.75,7,7.7499331446715,7.00005243068606,6.77487214978975,6.8685342670181,15.499866289343,14.0001048613721,14.2098802742362,12.3821249439422
438.2,7.75,7,7.74993314665506,7.00005240728055,6.7748752929311,6.86853123767458,15.4998662933101,14.0001048145611,14.2098417429691,12.3821612207435
438.3,7.75,7,7.74993314892994,7.00005238387403,6.77487835385932,6.8685282111814,15.4998662978599,14.0001047677481,14.2098032352637,12.3821974737179
438.4,7.75,7,7.7499331498889,7.00005236048485,6.77488177120549,6.86852518304533,15.4998662997778,14.0001047209697,14.2097647521737,12.3822337003082
438.5,7.75,7,7.74993315130587,7.00005233709285,6.77488506077327,6.86852215827451,15.4998663026117,14.0001046741857,14.2097262931111,12.3822699027545
438.6,7.75,7,7.74993315461882,7.00005231368196,6.77488782979967,6.86851914113753,15.4998663092376,14.0001046273639,14.2096878600398,12.3823060803784
438.7,7.75,7,7.7499331567623,7.00005229028676,6.77489091529039,6.86851612275245,15.4998663135246,14.0001045805735,14.2096494513252,12.3823422320263
438.8,7.75,7,7.74993315658815,7.00005226692028,6.77489463065383,6.86851309986287,15.4998663131763,14.0001045338406,14.2096110671777,12.382378356427
438.9,7.75,7,7.74993315943102,7.00005224352203,6.77489751971009,6.86851008760421,15.499866318862,14.0001044870441,14.2095727066976,12.3824144594231
439,7.75,7,7.74993316332384,7.00005222011431,6.77490011943359,6.86850708036742,15.4998663266477,14.0001044402286,14.2095343698913,12.3824505391964
439.1,7.75,7,7.74993316352302,7.00005219675099,6.7749037245997,6.86850406474726,15.499866327046,14.000104393502,14.2094960581865,12.3824865899154
439.2,7.75,7,7.74993316548918,7.00005217337016,6.77490684462091,6.86850105625017,15.4998663309784,14.0001043467403,14.2094577708203,12.382522617399
439.3,7.75,7,7.74993316795873,7.00005214998617,6.77490982442456,6.86849805128217,15.4998663359175,14.0001042999723,14.2094195079049,12.3825586203701
439.4,7.75,7,7.74993316902992,7.00005212662051,6.77491318322406,6.86849504437463,15.4998663380598,14.000104253241,14.2093812689125,12.3825945976164
439.5,7.75,7,7.74993317112657,7.00005210324591,6.77491625916745,6.86849204257253,15.4998663422531,14.0001042064918,14.2093430553989,12.3826305497872
439.6,7.75,7,7.74993317270792,7.00005207987956,6.77491947316773,6.86848904125457,15.4998663454158,14.0001041597591,14.2093048647088,12.3826664781758
439.7,7.75,7,7.74993317445643,7.00005205651408,6.77492263854553,6.86848604264812,15.4998663489129,14.0001041130282,14.2092667001306,12.3827023800569
439.8,7.75,7,7.74993317658858,7.00005203314673,6.77492569653029,6.86848304712657,15.4998663531772,14.0001040662935,14.2092285588164,12.3827382585404
439.9,7.75,7,7.74993317790218,7.00005200979122,6.77492897522514,6.86848005131715,15.4998663558044,14.0001040195824,14.209190441417,12.3827741118557
440,7.75,7,7.74993317945906,7.00005198643553,6.77493218477976,6.86847705823738,15.4998663589181,14.0001039728711,14.2091523478122,12.3828099411076
440.1,7.75,7,7.7499331821089,7.00005196307028,6.77493509297631,6.8684740705099,15.4998663642178,14.0001039261406,14.2091142803386,12.3828457446978
440.2,7.75,7,7.74993318380536,7.00005193971845,6.77493825868549,6.86847108211147,15.4998663676107,14.0001038794369,14.2090762368041,12.382881522979
440.3,7.75,7,7.74993318411476,7.00005191638494,6.77494180031106,6.86846809179536,15.4998663682295,14.0001038327699,14.2090382170943,12.3829172756705
440.4,7.75,7,7.74993318673064,7.00005189302794,6.77494470955307,6.86846511010183,15.4998663734613,14.0001037860559,14.2090002212985,12.3829530060906
440.5,7.75,7,7.74993319041838,7.00005186966145,6.77494732345046,6.86846213350972,15.4998663808368,14.0001037393229,14.2089622494151,12.3829887131048
440.6,7.75,7,7.74993319071302,7.00005184633591,6.77495086100846,6.86845914918194,15.499866381426,14.0001036926718,14.2089243002241,12.3830243938417
440.7,7.75,7,7.74993319188052,7.00005182300346,6.77495415724811,6.86845616960729,15.499866383761,14.0001036460069,14.2088863775139,12.3830600483749
440.8,7.75,7,7.74993319562659,7.00005179964447,6.77495674684144,6.86845319942023,15.4998663912532,14.0001035992889,14.2088484786009,12.3830956810177
440.9,7.75,7,7.7499331966894,7.00005177631846,6.77496006631394,6.868450223526,15.4998663933788,14.0001035526369,14.2088106024378,12.3831312879869
441,7.75,7,7.74993319828539,7.0000517529893,6.7749632373019,6.86844725133454,15.4998663965708,14.0001035059786,14.208772751808,12.383166869414
441.1,7.75,7,7.74993320030621,7.00005172965808,6.77496628956177,6.8684442824028,15.4998664006124,14.0001034593162,14.2087349251455,12.3832024267987
441.2,7.75,7,7.7499332016411,7.00005170633731,6.77496952638406,6.86844131351165,15.4998664032822,14.0001034126746,14.2086971218489,12.383237959732
441.3,7.75,7,7.74993320364606,7.00005168301185,6.77497257740283,6.86843834867415,15.4998664072921,14.0001033660237,14.2086593436316,12.3832734677209
441.4,7.75,7,7.74993320522587,7.00005165969397,6.77497574173146,6.86843538466499,15.4998664104517,14.0001033193879,14.208621589301,12.3833089509734
441.5,7.75,7,7.74993320675773,7.00005163637925,6.77497891657408,6.86843242243368,15.4998664135155,14.0001032727585,14.2085838573834,12.3833444113417
441.6,7.75,7,7.74993320899002,7.00005161305967,6.77498189719829,6.868429464433,15.49986641798,14.0001032261193,14.2085461516114,12.3833798457156
441.7,7.75,7,7.74993321054521,7.00005158975062,6.77498505986542,6.86842650657738,15.4998664210904,14.0001031795012,14.2085084701463,12.3834152547007
441.8,7.75,7,7.74993321143684,7.0000515664518,6.77498840102787,6.86842354879156,15.4998664228737,14.0001031329036,14.208470811657,12.3834506396682
441.9,7.75,7,7.7499332138225,7.0000515431389,6.77499133160001,6.86842059729995,15.499866427645,14.0001030862778,14.2084331769853,12.3834860017534
442,7.75,7,7.74993321679602,7.00005151982219,6.77499409894955,6.86841764951784,15.499866433592,14.0001030396444,14.2083955661259,12.3835213401281
442.1,7.75,7,7.74993321787653,7.00005149652954,6.77499738055747,6.86841469819718,15.4998664357531,14.0001029930591,14.2083579770509,12.3835566545717
442.2,7.75,7,7.74993321941994,7.00005147323496,6.77500053262541,6.86841175054522,15.4998664388399,14.0001029464699,14.2083204154897,12.3835919414259
442.3,7.75,7,7.74993322175385,7.00005144993403,6.77500346643442,6.86840880697451,15.4998664435077,14.0001028998681,14.2082828753344,12.3836272072147
442.4,7.75,7,7.74993322294749,7.00005142664924,6.7750067084736,6.86840586240663,15.499866445895,14.0001028532985,14.208245361596,12.3836624450581
442.5,7.75,7,7.74993322482178,7.00005140335937,6.77500976222593,6.86840292161425,15.4998664496436,14.0001028067187,14.2082078693554,12.3836976616461
442.6,7.75,7,7.74993322653483,7.00005138007462,6.7750128569083,6.86839998264494,15.4998664530697,14.0001027601492,14.2081704038701,12.3837328508533
442.7,7.75,7,7.74993322794371,7.00005135679601,6.77501603210023,6.86839704467341,15.4998664558874,14.000102713592,14.2081329602462,12.3837680175313
442.8,7.75,7,7.74993323003261,7.00005133351256,6.77501901901344,6.86839411059643,15.4998664600652,14.0001026670251,14.208095539544,12.3838031615113
442.9,7.75,7,7.74993323188671,7.000051310235,6.7750220670376,6.86839117805803,15.4998664637734,14.00010262047,14.2080581447294,12.3838382789343
443,7.75,7,7.74993323261635,7.00005128697312,6.77502541930344,6.86838824431975,15.4998664652327,14.0001025739462,14.2080207734427,12.3838733713833
443.1,7.75,7,7.74993323460093,7.0000512637,6.77502842626538,6.8683853161725,15.4998664692019,14.0001025274,14.2079834257532,12.3839084409853
443.2,7.75,7,7.74993323758407,7.00005124041856,6.77503115791094,6.868382392884,15.4998664751681,14.0001024808371,14.2079461016492,12.3839434875181
443.3,7.75,7,7.74993323841444,7.00005121716444,6.77503447455922,6.86837946542707,15.4998664768289,14.0001024343289,14.2079088006568,12.3839785085595
443.4,7.75,7,7.74993323869427,7.00005119391957,6.77503793878032,6.86837653840738,15.4998664773885,14.0001023878391,14.2078715232085,12.3840135051499
443.5,7.75,7,7.74993324261563,7.00005117063646,6.77504040620353,6.86837362377033,15.4998664852313,14.0001023412729,14.2078342692001,12.3840484812647
443.6,7.75,7,7.74993324521883,7.00005114737158,6.77504323050395,6.86837070755873,15.4998664904377,14.0001022947432,14.2077970408196,12.384083430107
443.7,7.75,7,7.74993324516417,7.00005112413973,6.7750467777406,6.86836778570035,15.4998664903283,14.0001022482795,14.2077598351147,12.3841183534455
443.8,7.75,7,7.7499332477265,7.00005110088137,6.77504960779919,6.86836487334979,15.499866495453,14.0001022017627,14.2077226534071,12.3841532548046
443.9,7.75,7,7.74993324933067,7.0000510776369,6.77505269674162,6.86836196024222,15.4998664986613,14.0001021552738,14.2076854948818,12.3841881317175
444,7.75,7,7.74993325069077,7.0000510543984,6.77505584947774,6.86835904852588,15.4998665013815,14.0001021087968,14.2076483608546,12.3842229835082
444.1,7.75,7,7.74993325268105,7.00005103115569,6.77505882760718,6.86835614050145,15.4998665053621,14.0001020623114,14.2076112490691,12.3842578132786
444.2,7.75,7,7.7499332539694,7.00005100792437,6.77506199435242,6.86835323268656,15.4998665079388,14.0001020158487,14.2075741632426,12.3842926160256
444.3,7.75,7,7.74993325578686,7.00005098468997,6.77506501412437,6.86835032824214,15.4998665115737,14.0001019693799,14.2075370992723,12.3843273970556
444.4,7.75,7,7.74993325763697,7.0000509614584,6.77506802220628,6.86834742593413,15.4998665152739,14.0001019229168,14.2075000592944,12.3843621537432
444.5,7.75,7,7.74993325871419,7.00005093823885,6.77507123844699,6.86834452350095,15.4998665174284,14.0001018764777,14.2074630437287,12.3843968849214
444.6,7.75,7,7.74993326056462,7.00005091501368,6.77507424092118,6.86834162525169,15.4998665211292,14.0001018300274,14.2074260514049,12.3844315932077
444.7,7.75,7,7.74993326295934,7.00005089178549,6.77507709211843,6.86833873053239,15.4998665259187,14.000101783571,14.2073890823116,12.3844662784051
444.8,7.75,7,7.74993326367329,7.00005086857951,6.77508039943866,6.86833583300765,15.4998665273466,14.000101737159,14.2073521365661,12.3845009383444
444.9,7.75,7,7.74993326431666,7.00005084537749,6.77508372333286,6.86833293725783,15.4998665286333,14.000101690755,14.2073152140365,12.3845355746473
445,7.75,7,7.74993326783963,7.00005082214605,6.77508625844066,6.86833005169833,15.4998665356793,14.0001016442921,14.2072783147539,12.384570190006
445.1,7.75,7,7.74993327101745,7.00005079892173,6.77508888505773,6.86832716714468,15.4998665420349,14.0001015978435,14.2072414388557,12.384604781309
445.2,7.75,7,7.74993327020551,7.00005077574616,6.77509259782707,6.86832427341186,15.499866540411,14.0001015514923,14.2072045887916,12.3846393427106
445.3,7.75,7,7.74993327252679,7.00005075253815,6.77509545273417,6.86832139047572,15.4998665450536,14.0001015050763,14.2071677606085,12.384673884796
445.4,7.75,7,7.74993327574992,7.00005072932306,6.77509805882834,6.86831851203007,15.4998665514998,14.0001014586461,14.2071309549774,12.3847084048283
445.5,7.75,7,7.74993327601807,7.00005070614497,6.77510146865981,6.86831562730657,15.4998665520361,14.0001014122899,14.2070941746059,12.3847428965049
445.6,7.75,7,7.74993327793112,7.00005068295143,6.77510442683265,6.86831274919862,15.4998665558622,14.0001013659029,14.2070574168641,12.3847773667399
445.7,7.75,7,7.74993327942646,7.00005065976591,6.77510749632802,6.8683098718791,15.4998665588529,14.0001013195318,14.2070206823972,12.3848118129787
445.8,7.75,7,7.7499332808925,7.00005063658413,6.7751105710184,6.86830699652939,15.499866561785,14.0001012731683,14.2069839720758,12.3848462346989
445.9,7.75,7,7.74993328279838,7.00005061340054,6.77511352305431,6.86830412432666,15.4998665655968,14.0001012268011,14.2069472840125,12.38488063425
446,7.75,7,7.74993328403601,7.00005059022801,6.77511665467267,6.86830125229606,15.499866568072,14.000101180456,14.2069106203863,12.3849150084026
446.1,7.75,7,7.74993328571474,7.00005056705389,6.77511966310258,6.86829838355062,15.4998665714295,14.0001011341078,14.2068739806058,12.3849493587824
446.2,7.75,7,7.74993328777394,7.00005054387871,6.77512256505684,6.86829551780416,15.4998665755479,14.0001010877574,14.2068373633416,12.384983686684
446.3,7.75,7,7.7499332886663,7.00005052072012,6.77512578281933,6.86829265071948,15.4998665773326,14.0001010414402,14.2068007694802,12.3850179897836
446.4,7.75,7,7.74993328972063,7.00005049756301,6.77512895371935,6.86828978603197,15.4998665794413,14.000100995126,14.2067641983896,12.38505226995
446.5,7.75,7,7.74993329264232,7.00005047438811,6.77513161216216,6.86828692863731,15.4998665852846,14.0001009487762,14.2067276504537,12.3850865283697
446.6,7.75,7,7.74993329524704,7.00005045122019,6.77513435443744,6.86828407230699,15.4998665904941,14.0001009024404,14.2066911256807,12.3851207630218
446.7,7.75,7,7.74993329565552,7.00005042808085,6.77513769331799,6.86828121185946,15.499866591311,14.0001008561617,14.2066546261629,12.3851549700553
446.8,7.75,7,7.74993329753141,7.00005040492796,6.77514062919327,6.86827835736712,15.4998665950628,14.0001008098559,14.2066181474869,12.3851891573241
446.9,7.75,7,7.74993329926025,7.00005038178054,6.77514360221685,6.86827550463857,15.4998665985205,14.0001007635611,14.2065816945106,12.3852233184197
447,7.75,7,7.74993330046686,7.00005035864213,6.77514671536547,6.86827265219761,15.4998666009337,14.0001007172843,14.2065452624533,12.3852574578415
447.1,7.75,7,7.7499333023779,7.00005033549954,6.77514963325423,6.86826980392582,15.4998666047558,14.0001006709991,14.2065088558333,12.3852915721468
447.2,7.75,7,7.74993330369739,7.0000503123669,6.77515271009922,6.8682669558111,15.4998666073948,14.0001006247338,14.2064724709277,12.3853256639133
447.3,7.75,7,7.74993330515245,7.00005028923625,6.7751557471983,6.86826411007783,15.4998666103049,14.0001005784725,14.206436109515,12.3853597320129
447.4,7.75,7,7.74993330722646,7.00005026610225,6.77515861250506,6.86826126816947,15.4998666144529,14.0001005322045,14.2063997723635,12.3853937761162
447.5,7.75,7,7.74993330841938,7.00005024298169,6.7751617156708,6.86825842569105,15.4998666168388,14.0001004859634,14.2063634580938,12.3854277962386
447.6,7.75,7,7.74993330929924,7.00005021986806,6.77516490169539,6.86825558421601,15.4998666185985,14.0001004397361,14.2063271661616,12.3854617934577
447.7,7.75,7,7.74993331178755,7.00005019673972,6.7751676459589,6.86825274927489,15.4998666235751,14.0001003934794,14.2062908971696,12.385495768938
447.8,7.75,7,7.74993331441756,7.00005017361328,6.77517034886742,6.86824991668484,15.4998666288351,14.0001003472266,14.206254651119,12.3855297213278
447.9,7.75,7,7.74993331396047,7.00005015052526,6.77517389189116,6.86824707719761,15.4998666279209,14.0001003010505,14.2062184275314,12.3855636481351
448,7.75,7,7.74993331535226,7.00005012742023,6.77517692721577,6.8682442451497,15.4998666307045,14.0001002548405,14.2061822294811,12.3855975508046
448.1,7.75,7,7.74993331932872,7.00005010428939,6.77517925435334,6.86824142237099,15.4998666386574,14.0001002085788,14.2061460538086,12.3856314332148
448.2,7.75,7,7.74993332036979,7.00005008119513,6.77518238030651,6.86823859304179,15.4998666407396,14.0001001623903,14.2061098995927,12.3856652912079
448.3,7.75,7,7.74993332111267,7.00005005810804,6.77518558481604,6.86823576492812,15.4998666422253,14.0001001162161,14.2060737697308,12.3856991242879
448.4,7.75,7,7.74993332377562,7.00005003500275,6.77518826253127,6.86823294421319,15.4998666475512,14.0001000700055,14.2060376625455,12.3857329362002
448.5,7.75,7,7.74993332469665,7.00005001192085,6.77519141303836,6.86823012050919,15.4998666493933,14.0001000238417,14.2060015786866,12.385766722912
448.6,7.75,7,7.74993332627378,7.00004998883498,6.77519438187353,6.86822730054107,15.4998666525476,14.00009997767,14.2059655168193,12.3858004879877
448.7,7.75,7,7.74993332784593,7.00004996575317,6.7751973491152,6.8682244827013,15.4998666556919,14.0000999315063,14.2059294802204,12.3858342275063
448.8,7.75,7,7.74993332910402,7.00004994267821,6.77520039966367,6.86822166572942,15.499866658208,14.0000998853564,14.2058934644219,12.3858679457031
448.9,7.75,7,7.7499333309555,7.00004991960039,6.77520328539459,6.86821885250171,15.499866661911,14.0000998392008,14.2058574728286,12.385901639975
449,7.75,7,7.74993333232271,7.00004989653183,6.77520630056035,6.86821603989805,15.4998666646454,14.0000997930637,14.205821504889,12.385935309888
449.1,7.75,7,7.74993333343601,7.00004987346962,6.77520938251135,6.86821322840532,15.499866666872,14.0000997469392,14.2057855585998,12.3859689576821
449.2,7.75,7,7.74993333552683,7.00004985039998,6.77521219496957,6.86821042161518,15.4998666710537,14.0000997008,14.2057496349067,12.3860025835395
449.3,7.75,7,7.74993333766567,7.00004982733344,6.77521499167792,6.86820761687646,15.4998666753313,14.0000996546669,14.2057137338059,12.3860361866089
449.4,7.75,7,7.74993333744052,7.00004980429746,6.77521843098269,6.86820480738174,15.499866674881,14.0000996085949,14.2056778561356,12.3860697638208
449.5,7.75,7,7.74993333879186,7.00004978124755,6.7752214371086,6.86820200442313,15.4998666775837,14.0000995624951,14.2056420025491,12.3861033181525
449.6,7.75,7,7.74993334255332,7.00004975817404,6.77522378266231,6.86819921025234,15.4998666851066,14.0000995163481,14.2056061715674,12.3861368518699
449.7,7.75,7,7.74993334401124,7.00004973513022,6.77522675447432,6.86819641137875,15.4998666880225,14.0000994702604,14.2055703626166,12.3861703612068
449.8,7.75,7,7.74993334368322,7.00004971211032,6.7752302111869,6.86819360931789,15.4998666873664,14.0000994242206,14.2055345761648,12.3862038461701
449.9,7.75,7,7.74993334693525,7.00004968905372,6.77523268787043,6.86819081943962,15.4998666938705,14.0000993781074,14.2054988130154,12.3862373109007
450,7.75,7,7.74993334873667,7.00004966601738,6.77523555783821,6.8681880273841,15.4998666974733,14.0000993320348,14.2054630730044,12.3862707509259
450.1,7.75,7,7.74993334938357,7.00004964299782,6.77523874036351,6.86818523392579,15.4998666987671,14.0000992859956,14.2054273553094,12.3863041673519
450.2,7.75,7,7.74993335141141,7.00004961996644,6.77524154322212,6.86818244635051,15.4998667028228,14.0000992399329,14.205391660588,12.3863375618558
450.3,7.75,7,7.74993335248279,7.0000495969498,6.77524460443832,6.86817965802723,15.4998667049656,14.0000991938996,14.2053559892495,12.3863709318708
450.4,7.75,7,7.7499333540512,7.00004957393117,6.77524752743393,6.8681768729568,15.4998667081024,14.0000991478623,14.2053203395949,12.3864042804549
450.5,7.75,7,7.74993335560888,7.00004955091677,6.7752504504968,6.86817408992404,15.4998667112178,14.0000991018335,14.2052847143771,12.3864376043636
450.6,7.75,7,7.74993335676841,7.00004952791057,6.77525347968492,6.86817130760588,15.4998667135368,14.0000990558211,14.2052491110187,12.3864709058432
450.7,7.75,7,7.74993335854406,7.0000495049011,6.77525633811386,6.86816852889815,15.4998667170881,14.0000990098022,14.2052135295632,12.3865041857877
450.8,7.75,7,7.74993336037692,7.00004948189476,6.77525917831903,6.86816575223637,15.4998667207538,14.0000989637895,14.2051779703597,12.3865374433313
450.9,7.75,7,7.74993336071831,7.00004945890949,6.77526242280014,6.86816297339278,15.4998667214366,14.000098917819,14.2051424356385,12.3865706747976
451,7.75,7,7.74993336219569,7.00004943591521,6.77526535453205,6.8681601996947,15.4998667243914,14.0000988718304,14.2051069234487,12.3866038845812
451.1,7.75,7,7.74993336513204,7.00004941290827,6.77526788534578,6.86815743206156,15.4998667302641,14.0000988258165,14.2050714337732,12.3866370729996
451.2,7.75,7,7.74993336673899,7.00004938992009,6.77527077653456,6.86815466246076,15.499866733478,14.0000987798402,14.2050359656551,12.386670238448
451.3,7.75,7,7.74993336729462,7.00004936694764,6.77527395212429,6.86815189173356,15.4998667345892,14.0000987338953,14.2050005196677,12.3867033806066
451.4,7.75,7,7.74993336942977,7.00004934396163,6.775276693596,6.86814912762401,15.4998667388595,14.0000986879233,14.2049650986722,12.3867364990197
451.5,7.75,7,7.74993337061956,7.00004932098987,6.77527969074858,6.86814636253906,15.4998667412391,14.0000986419797,14.2049296980238,12.3867695960441
451.6,7.75,7,7.74993337202782,7.00004929801995,6.77528262535346,6.86814360017039,15.4998667440556,14.0000985960399,14.2048943221341,12.3868026683075
451.7,7.75,7,7.74993337375113,7.00004927505006,6.77528547154055,6.86814084044006,15.4998667475023,14.0000985501001,14.2048589668264,12.3868357201124
451.8,7.75,7,7.74993337478313,7.00004925209233,6.77528850354247,6.86813808082528,15.4998667495663,14.0000985041847,14.204823636207,12.3868687463931
451.9,7.75,7,7.74993337637858,7.00004922913204,6.77529137918856,6.86813532464967,15.4998667527572,14.0000984582641,14.204788327268,12.3869017513416
452,7.75,7,7.74993337825401,7.00004920617241,6.7752941758547,6.86813257110397,15.499866756508,14.0000984123448,14.2047530399999,12.3869347347081
452.1,7.75,7,7.74993337879516,7.0000491832319,6.77529733410046,6.86812981566793,15.4998667575903,14.0000983664638,14.2047177753884,12.3869676940122
452.2,7.75,7,7.74993337982717,7.00004916028976,6.7753003557482,6.86812706350199,15.4998667596543,14.0000983205795,14.204682532912,12.3870006314653
452.3,7.75,7,7.74993338275776,7.00004913733042,6.77530285627367,6.86812431878832,15.4998667655155,14.0000982746608,14.204647314559,12.3870335463654
452.4,7.75,7,7.74993338445908,7.00004911438896,6.77530568977037,6.86812157244037,15.4998667689182,14.0000982287779,14.204612118356,12.3870664378174
452.5,7.75,7,7.74993338390809,7.00004909147707,6.77530913545924,6.86811882157732,15.4998667678162,14.0000981829541,14.2045769447375,12.3870993044423
452.6,7.75,7,7.74993338640122,7.00004906853461,6.77531174758761,6.86811608123341,15.4998667728024,14.0000981370692,14.2045417928836,12.3871321519539
452.7,7.75,7,7.74993338988447,7.00004904558487,6.77531408686686,6.86811334555181,15.4998667797689,14.0000980911697,14.2045066628027,12.3871649784512
452.8,7.75,7,7.74993338964883,7.00004902268146,6.77531743861438,6.8681106012294,15.4998667792977,14.0000980453629,14.2044715559818,12.3871977780951
452.9,7.75,7,7.74993339124747,7.0000489997613,6.77532028702256,6.86810786400944,15.4998667824949,14.0000979995226,14.2044364713274,12.3872305571114
453,7.75,7,7.7499333932897,7.00004897684025,6.77532301166776,6.8681051299688,15.4998667865794,14.0000979536805,14.2044014093468,12.3872633137092
453.1,7.75,7,7.74993339397012,7.0000489539386,6.77532610550377,6.86810239388536,15.4998667879402,14.0000979078772,14.204366369169,12.3872960471017
453.2,7.75,7,7.74993339567933,7.00004893102962,6.77532891571676,6.86809966272875,15.4998667913587,14.0000978620592,14.2043313526024,12.3873287576766
453.3,7.75,7,7.74993339685268,7.00004890813054,6.7753318697595,6.86809693180195,15.4998667937054,14.0000978162611,14.2042963568626,12.3873614467949
453.4,7.75,7,7.7499333982144,7.0000488852338,6.77533476952405,6.86809420345793,15.4998667964288,14.0000977704676,14.2042613853606,12.3873941116945
453.5,7.75,7,7.74993339994753,7.00004886233677,6.77533756540651,6.86809147796092,15.4998667998951,14.0000977246735,14.2042264350454,12.3874267556167
453.6,7.75,7,7.7499334008503,7.00004883945323,6.77534058537472,6.86808875195377,15.4998668017006,14.0000976789065,14.2041915067469,12.3874593766198
453.7,7.75,7,7.74993340202978,7.00004881657067,6.77534352719265,6.86808602860516,15.4998668040596,14.0000976331413,14.2041566006054,12.3874919755863
453.8,7.75,7,7.74993340427776,7.00004879368045,6.77534617452318,6.86808331030964,15.4998668085555,14.0000975873609,14.2041217182429,12.3875245516172
453.9,7.75,7,7.74993340554388,7.00004877080546,6.77534908729448,6.86808059107159,15.4998668110878,14.0000975416109,14.2040868578995,12.3875571045937
454,7.75,7,7.74993340547192,7.00004874794975,6.77535236276157,6.8680778698661,15.4998668109438,14.0000974958995,14.2040520194696,12.3875896342957
454.1,7.75,7,7.74993340773012,7.00004872507178,6.77535499953417,6.86807515716012,15.4998668154602,14.0000974501436,14.2040172030301,12.3876221440319
454.2,7.75,7,7.74993341100811,7.00004870218642,6.77535735532868,6.8680724492167,15.4998668220162,14.0000974043728,14.2039824085813,12.3876546325956
454.3,7.75,7,7.74993341084701,7.00004867934395,6.77536064748568,6.8680697332243,15.499866821694,14.0000973586879,14.2039476349825,12.3876870970221
454.4,7.75,7,7.74993341168346,7.00004865649483,6.77536366443447,6.86806702214566,15.4998668233669,14.0000973129897,14.2039128859238,12.3877195376965
454.5,7.75,7,7.74993341502349,7.0000486336215,6.77536599538346,6.86806432003347,15.499866830047,14.000097267243,14.2038781585369,12.3877519588945
454.6,7.75,7,7.74993341565726,7.00004861078284,6.77536906261875,6.86806161198127,15.4998668313145,14.0000972215657,14.2038434522344,12.3877843564022
454.7,7.75,7,7.74993341687285,7.00004858794204,6.775371968278,6.86805890755099,15.4998668337457,14.0000971758841,14.2038087692177,12.3878167310425
454.8,7.75,7,7.74993341848022,7.00004856510108,6.77537476436437,6.86805620611093,15.4998668369604,14.0000971302022,14.2037741084239,12.3878490837107
454.9,7.75,7,7.74993341942148,7.00004854227177,6.77537773977407,6.8680535045677,15.499866838843,14.0000970845435,14.203739468946,12.3878814143444
455,7.75,7,7.74993342103513,7.00004851943933,6.77538052888802,6.86805080690103,15.4998668420703,14.0000970388787,14.2037048527177,12.3879137222378
455.1,7.75,7,7.74993342220735,7.00004849661611,6.77538343593392,6.86804810981248,15.4998668444147,14.0000969932322,14.2036702582912,12.3879460078201
455.2,7.75,7,7.74993342334518,7.00004847379729,6.77538634993037,6.86804541436417,15.4998668466904,14.0000969475946,14.2036356844975,12.3879782726435
455.3,7.75,7,7.74993342518607,7.00004845097524,6.77538906913837,6.86804272296548,15.4998668503721,14.0000969019505,14.2036011349765,12.3880105137339
455.4,7.75,7,7.74993342632282,7.00004842816548,6.77539197795011,6.86804003142365,15.4998668526456,14.000096856331,14.2035666075946,12.388042731939
455.5,7.75,7,7.74993342682692,7.00004840536704,6.77539505696869,6.86803733985857,15.4998668536538,14.0000968107341,14.2035321013568,12.3880749283259
455.6,7.75,7,7.74993342884047,7.0000483825558,6.77539772134378,6.86803465444233,15.4998668576809,14.0000967651116,14.2034976170199,12.3881071041129
455.7,7.75,7,7.74993343140789,7.0000483597426,6.77540023193137,6.86803197244948,15.4998668628158,14.0000967194852,14.2034631545801,12.3881392584243
455.8,7.75,7,7.74993343206339,7.00004833695501,6.7754032620775,6.86802928669532,15.4998668641268,14.00009667391,14.203428712222,12.3881713908102
455.9,7.75,7,7.74993343323216,7.00004831416662,6.7754061491172,6.86802660453339,15.4998668664643,14.0000966283332,14.2033942951455,12.3882034982897
456,7.75,7,7.74993343515041,7.00004829137367,6.77540882922492,6.86802392617285,15.4998668703008,14.0000965827473,14.2033598978371,12.3882355866178
456.1,7.75,7,7.74993343595057,7.00004826859818,6.77541181170588,6.86802124665301,15.4998668719011,14.0000965371964,14.2033255246343,12.3882676497201
456.2,7.75,7,7.74993343743385,7.00004824581894,6.77541460534702,6.86801857076072,15.4998668748677,14.0000964916379,14.2032911713862,12.3882996934263
456.3,7.75,7,7.74993343873887,7.00004822304661,6.77541744476158,6.86801589641663,15.4998668774777,14.0000964460932,14.2032568425743,12.3883317124468
456.4,7.75,7,7.74993343975382,7.00004820028161,6.7754203609798,6.86801322293873,15.4998668795076,14.0000964005632,14.2032225338853,12.3883637110088
456.5,7.75,7,7.74993344145398,7.00004817751309,6.77542308765598,6.86801055318826,15.499866882908,14.0000963550262,14.203188246273,12.3883956890569
456.6,7.75,7,7.74993344288785,7.00004815475243,6.77542588417869,6.8680078847016,15.4998668857757,14.0000963095049,14.2031539827071,12.3884276427362
456.7,7.75,7,7.74993344322943,7.00004813200849,6.77542897634757,6.86800521490241,15.4998668864589,14.000096264017,14.2031197405651,12.3884595739179
456.8,7.75,7,7.74993344484042,7.00004810925457,6.77543171941787,6.86800255054828,15.4998668896808,14.0000962185091,14.2030855201201,12.3884914845089
456.9,7.75,7,7.74993344741814,7.00004808649412,6.77543419602119,6.86799989077502,15.4998668948363,14.0000961729882,14.2030513213621,12.3885233742421
457,7.75,7,7.74993344780476,7.00004806376281,6.77543726824882,6.86799722654003,15.4998668956095,14.0000961275256,14.2030171438462,12.3885552406525
457.1,7.75,7,7.74993344770776,7.00004804104141,6.77544046993574,6.86799456274552,15.4998668954155,14.0000960820828,14.2029829879678,12.3885870849208
457.2,7.75,7,7.74993345126617,7.00004801828308,6.7754426711703,6.86799191120664,15.4998669025323,14.0000960365662,14.2029488538717,12.3886189107224
457.3,7.75,7,7.74993345341764,7.00004799554547,6.77544525371995,6.86798925761572,15.4998669068353,14.0000959910909,14.2029147430883,12.3886507118552
457.4,7.75,7,7.74993345298214,7.00004797284145,6.77544854000914,6.8679865983988,15.4998669059643,14.0000959456829,14.2028806531345,12.3886824897218
457.5,7.75,7,7.74993345517302,7.0000479501123,6.775451106701,6.86798394854189,15.499866910346,14.0000959002246,14.2028465854316,12.3887142477092
457.6,7.75,7,7.74993345635316,7.00004792739896,6.77545394680705,6.86798129757818,15.4998669127063,14.0000958547979,14.2028125388516,12.3887459835948
457.7,7.75,7,7.74993345733344,7.00004790469261,6.77545683878255,6.86797864795184,15.4998669146669,14.0000958093852,14.2027785149647,12.3887776965551
457.8,7.75,7,7.74993345891519,7.00004788198371,6.77545956414418,6.86797600176051,15.4998669178304,14.0000957639674,14.2027445115428,12.3888093895643
457.9,7.75,7,7.74993345980924,7.00004785928754,6.77546247442758,6.8679733556004,15.4998669196185,14.0000957185751,14.2027105318302,12.3888410581845
458,7.75,7,7.74993346123608,7.00004783658956,6.775465236885,6.86797071264815,15.4998669224722,14.0000956731791,14.2026765722134,12.388872707164
458.1,7.75,7,7.74993346267436,7.00004781389612,6.77546799358082,6.86796807160073,15.4998669253487,14.0000956277922,14.2026426348813,12.3889043338313
458.2,7.75,7,7.74993346335973,7.00004779121589,6.77547095317151,6.8679654302767,15.4998669267195,14.0000955824318,14.2026087198145,12.3889359375028
458.3,7.75,7,7.74993346482672,7.00004776853133,6.7754736968563,6.86796279297659,15.4998669296534,14.0000955370627,14.2025748261169,12.3889675204937
458.4,7.75,7,7.74993346681955,7.00004774584533,6.77547629446256,6.86796015896995,15.4998669336391,14.0000954916907,14.2025409537785,12.3889990825803
458.5,7.75,7,7.74993346710257,7.00004772318324,6.77547935627796,6.8679575218907,15.4998669342051,14.0000954463665,14.2025071029111,12.3890306215901
458.6,7.75,7,7.74993346736519,7.00004770052593,6.77548242113071,6.86795488654593,15.4998669347304,14.0000954010519,14.2024732733911,12.3890621392074
458.7,7.75,7,7.74993347053156,7.00004767784028,6.77548469076523,6.86795226127621,15.4998669410631,14.0000953556806,14.2024394652428,12.3890936381078
458.8,7.75,7,7.7499334732429,7.00004765516444,6.77548708203762,6.8679496365333,15.4998669464858,14.0000953103289,14.2024056788239,12.3891251148364
458.9,7.75,7,7.7499334720549,7.00004763253778,6.77549053499398,6.86794700264226,15.4998669441098,14.0000952650756,14.2023719158894,12.3891565644613
459,7.75,7,7.74993347402306,7.0000476098797,6.77549312397257,6.86794437944011,15.4998669480461,14.0000952197594,14.2023381730702,12.3891879968659
459.1,7.75,7,7.74993347679728,7.000047587217,6.77549549042611,6.86794176029284,15.4998669535946,14.000095174434,14.2023044511751,12.3892194090746
459.2,7.75,7,7.74993347667921,7.00004756459202,6.77549864370518,6.86793913482837,15.4998669533584,14.000095129184,14.202270752284,12.3892507955961
459.3,7.75,7,7.74993347821148,7.00004754195289,6.77550134397547,6.86793651583049,15.499866956423,14.0000950839058,14.2022370743698,12.3892821626518
459.4,7.75,7,7.74993347929484,7.00004751932345,6.77550416427244,6.8679338973341,15.4998669585897,14.0000950386469,14.202203417688,12.3893135080514
459.5,7.75,7,7.74993348037556,7.0000474966989,6.77550698263196,6.86793128070845,15.4998669607511,14.0000949933978,14.2021697833923,12.3893448310546
459.6,7.75,7,7.74993348188329,7.00004747407395,6.77550968201488,6.86792866700208,15.4998669637666,14.0000949481479,14.2021361693787,12.3893761341645
459.7,7.75,7,7.74993348271805,7.00004745146157,6.77551256241203,6.86792605328199,15.4998669654361,14.0000949029231,14.2021025780783,12.3894074139365
459.8,7.75,7,7.74993348400825,7.0000474288488,6.77551531590234,6.86792344268251,15.4998669680165,14.0000948576976,14.202069008498,12.3894386724075
459.9,7.75,7,7.749933485668,7.00004740623639,6.77551796605173,6.86792083487309,15.499866971336,14.0000948124728,14.2020354596187,12.3894699105192
460,7.75,7,7.7499334861423,7.00004738364214,6.77552093725592,6.86791822548897,15.4998669722846,14.0000947672843,14.2020019322721,12.3895011260072
460.1,7.75,7,7.74993348681022,7.00004736105033,6.77552385311552,6.86791561841378,15.4998669736204,14.0000947221007,14.2019684258754,12.3895323207287
460.2,7.75,7,7.74993348936124,7.00004733844189,6.77552625238519,6.86791301849338,15.4998669787225,14.0000946768838,14.2019349407648,12.3895634959082
460.3,7.75,7,7.74993349154774,7.00004731584233,6.77552874862341,6.86791041932643,15.4998669830955,14.0000946316847,14.2019014770395,12.3895946493749
460.4,7.75,7,7.74993349155068,7.00004729327264,6.77553183818776,6.86790781587664,15.4998669831014,14.0000945865453,14.2018680365025,12.3896257776507
460.5,7.75,7,7.74993349304499,7.00004727069035,6.77553451834576,6.86790521829025,15.49986698609,14.0000945413807,14.2018346151785,12.3896568881012
460.6,7.75,7,7.74993349436112,7.00004724811532,6.77553724435751,6.86790262216088,15.4998669887222,14.0000944962306,14.2018012173,12.3896879749583
460.7,7.75,7,7.74993349518353,7.00004722555022,6.7755401028417,6.86790002625063,15.4998669903671,14.0000944511004,14.2017678388355,12.3897190419615
460.8,7.75,7,7.74993349669683,7.0000472029825,6.77554276996042,6.86789743425508,15.4998669933937,14.000094405965,14.2017344835744,12.3897500864196
460.9,7.75,7,7.74993349760927,7.00004718042608,6.77554559873144,6.8678948422205,15.4998669952185,14.0000943608522,14.2017011482964,12.3897811103601
461,7.75,7,7.74993349868084,7.00004715787278,6.77554838146685,6.86789225246936,15.4998669973617,14.0000943157456,14.2016678348559,12.3898121126336
461.1,7.75,7,7.74993350035594,7.00004713531764,6.77555099681862,6.86788966628938,15.4998670007119,14.0000942706353,14.2016345434986,12.3898430934069
461.2,7.75,7,7.74993350113204,7.00004711277745,6.77555385508201,6.86788707930922,15.4998670022641,14.0000942255549,14.2016012731929,12.3898740523264
461.3,7.75,7,7.74993350162547,7.00004709024513,6.77555678806784,6.86788449324425,15.4998670032509,14.0000941804903,14.201568023437,12.3899049904634
461.4,7.75,7,7.74993350374213,7.00004706769922,6.77555927542199,6.86788191357443,15.4998670074843,14.0000941353984,14.2015347947691,12.389935909041
461.5,7.75,7,7.74993350596796,7.00004704515689,6.77556173046704,6.86787933598218,15.4998670119359,14.0000940903138,14.2015015871918,12.3899668066617
461.6,7.75,7,7.74993350509005,7.00004702265447,6.7755650303081,6.86787675128658,15.4998670101801,14.0000940453089,14.2014684004828,12.3899976805851
461.7,7.75,7,7.7499335061323,7.00004700013564,6.7755678032053,6.86787417401229,15.4998670122646,14.0000940002713,14.2014352370106,12.390028533084
461.8,7.75,7,7.74993350970045,7.00004697759292,6.77556988411794,6.86787160566325,15.4998670194009,14.0000939551858,14.201402094109,12.390059367381
461.9,7.75,7,7.74993351029021,7.00004695508847,6.7755727757457,6.86786903047055,15.4998670205804,14.0000939101769,14.2013689709138,12.3900901792619
462,7.75,7,7.74993351068478,7.00004693259144,6.7755757179722,6.86786645660879,15.4998670213696,14.0000938651829,14.2013358702677,12.3901209684595
462.1,7.75,7,7.7499335129481,7.00004691007802,6.77557814759659,6.8678638898055,15.4998670258962,14.000093820156,14.2013027902841,12.3901517387629
462.2,7.75,7,7.74993351345396,7.00004688758951,6.77558105441128,6.86786131979898,15.4998670269079,14.000093775179,14.2012697319089,12.3901824858845
462.3,7.75,7,7.74993351464582,7.00004686509789,6.77558377157123,6.86785875342569,15.4998670292916,14.0000937301958,14.2012366935733,12.3902132136461
462.4,7.75,7,7.74993351581103,7.00004684261202,6.77558649321698,6.86785618893549,15.4998670316221,14.000093685224,14.2012036786502,12.3902439180271
462.5,7.75,7,7.74993351667679,7.00004682013397,6.77558929435009,6.8678536251782,15.4998670333536,14.0000936402679,14.2011706826929,12.3902746032138
462.6,7.75,7,7.74993351813822,7.00004679765442,6.77559193020147,6.86785106499757,15.4998670362764,14.0000935953088,14.2011377091836,12.3903052665605
462.7,7.75,7,7.74993351909676,7.00004677518562,6.7755947007636,6.86784850518711,15.4998670381935,14.0000935503712,14.2011047572425,12.3903359079336
462.8,7.75,7,7.74993351982034,7.00004675272417,6.77559753309134,6.86784594637313,15.4998670396407,14.0000935054483,14.2010718252246,12.3903665292223
462.9,7.75,7,7.74993352153007,7.00004673025644,6.77560009374213,6.86784339210851,15.4998670430601,14.0000934605129,14.2010389139774,12.3903971307101
463,7.75,7,7.74993352326897,7.00004670779328,6.77560264395238,6.86784083966395,15.4998670465379,14.0000934155866,14.2010060234984,12.3904277115186
463.1,7.75,7,7.74993352263218,7.00004668536218,6.77560584009816,6.86783828226646,15.4998670452644,14.0000933707244,14.2009731548047,12.3904582684168
463.2,7.75,7,7.74993352362749,7.00004666291778,6.77560858809556,6.86783573135398,15.499867047255,14.0000933258356,14.2009403080073,12.390488804994
463.3,7.75,7,7.74993352698178,7.00004664045161,6.77561068964543,6.86783318890571,15.4998670539636,14.0000932809032,14.2009074819876,12.3905193230379
463.4,7.75,7,7.74993352798752,7.00004661801685,6.77561342990686,6.8678306414516,15.499867055975,14.0000932360337,14.2008746762008,12.3905498187501
463.5,7.75,7,7.74993352728627,7.00004659560635,6.77561663368706,6.86782809085688,15.4998670545725,14.0000931912127,14.2008418910756,12.3905802922971
463.6,7.75,7,7.74993353017869,7.00004657316033,6.77561885386961,6.86782555231695,15.4998670603574,14.0000931463207,14.2008091275676,12.390610747619
463.7,7.75,7,7.74993353154215,7.00004655073666,6.77562148892528,6.86782301117664,15.4998670630843,14.0000931014733,14.2007763851146,12.3906411805519
463.8,7.75,7,7.74993353182347,7.00004652833022,6.77562441692482,6.86782046867741,15.4998670636469,14.0000930566604,14.2007436633269,12.3906715918983
463.9,7.75,7,7.74993353345537,7.00004650591352,6.77562697373884,6.86781793178008,15.4998670669107,14.000093011827,14.2007109624881,12.3907019836219
464,7.75,7,7.74993353412179,7.00004648351298,6.77562979152865,6.86781539394067,15.4998670682436,14.000092967026,14.2006782833259,12.3907323528632
464.1,7.75,7,7.74993353530281,7.0000464611114,6.77563246648163,6.86781285921952,15.4998670706056,14.0000929222228,14.2006456239227,12.3907627028997
464.2,7.75,7,7.74993353645532,7.00004643871562,6.77563514651737,6.86781032631001,15.4998670729106,14.0000928774312,14.2006129871796,12.3907930303428
464.3,7.75,7,7.74993353722404,7.00004641632904,6.77563792894044,6.86780779397142,15.4998670744481,14.0000928326581,14.2005803703733,12.3908233375787
464.4,7.75,7,7.74993353861397,7.00004639394032,6.77564053938169,6.8678052650858,15.4998670772279,14.0000927878806,14.2005477736994,12.3908536253419
464.5,7.75,7,7.74993354002972,7.00004637155635,6.77564314030458,6.86780273800149,15.4998670800594,14.0000927431127,14.2005151977123,12.3908838925326
464.6,7.75,7,7.74993353998697,7.00004634919434,6.77564613671861,6.86780020862036,15.4998670799739,14.0000926983887,14.2004826440269,12.3909141361759
464.7,7.75,7,7.74993354109538,7.00004632682437,6.7756488164073,6.86779768425118,15.4998670821908,14.0000926536487,14.2004501110507,12.3909443602669
464.8,7.75,7,7.74993354362941,7.00004630444334,6.77565110445277,6.86779516567515,15.4998670872588,14.0000926088867,14.2004175987682,12.390974565076
464.9,7.75,7,7.74993354481071,7.00004628208249,6.7756537594147,6.867792644893,15.4998670896214,14.000092564165,14.2003851062671,12.3910047489498
465,7.75,7,7.74993354500004,7.00004625973792,6.77565668272165,6.86779012299212,15.4998670900001,14.0000925194758,14.2003526342504,12.3910349115231
465.1,7.75,7,7.74993354673926,7.00004623738143,6.77565918021098,6.86778760741352,15.4998670934785,14.0000924747629,14.200320185027,12.3910650528457
465.2,7.75,7,7.749933547524,7.00004621504042,6.77566193600633,6.86778509068883,15.499867095048,14.0000924300808,14.2002877546837,12.3910951745026
465.3,7.75,7,7.74993354854626,7.00004619270232,6.77566462426497,6.86778257652584,15.4998670970925,14.0000923854046,14.2002553469201,12.3911252739148
465.4,7.75,7,7.74993354986483,7.00004617036561,6.7756672293521,6.86778006480278,15.4998670997297,14.0000923407312,14.2002229582701,12.3911553545865
465.5,7.75,7,7.7499335505071,7.00004614804218,6.77567001636829,6.86777755303141,15.4998671010142,14.0000922960844,14.2001905921547,12.3911854122194
465.6,7.75,7,7.74993355171796,7.00004612571727,6.77567264578776,6.86777504454398,15.4998671034359,14.0000922514345,14.2001582459661,12.3912154505578
465.7,7.75,7,7.74993355319755,7.00004610339431,6.77567519946853,6.86777253848454,15.4998671063951,14.0000922067886,14.2001259196959,12.3912454693352
465.8,7.75,7,7.74993355332463,7.00004608109189,6.77567811987467,6.8677700303066,15.4998671066493,14.0000921621838,14.2000936142655,12.3912754661412
465.9,7.75,7,7.74993355399795,7.00004605878845,6.77568088870333,6.86776752540463,15.4998671079959,14.0000921175769,14.2000613294357,12.3913054429676
466,7.75,7,7.74993355652785,7.0000460364695,6.77568314809182,6.86776502762587,15.4998671130557,14.000092072939,14.2000290665346,12.3913353997049
466.1,7.75,7,7.74993355779093,7.00004601417004,6.77568575087256,6.86776252793154,15.4998671155819,14.0000920283401,14.1999968239824,12.3913653350437
466.2,7.75,7,7.74993355686762,7.00004599190057,6.77568894802898,6.86776002373244,15.4998671137352,14.0000919838011,14.1999646021782,12.391395247741
466.3,7.75,7,7.74993355901555,7.00004596960139,6.77569130438822,6.86775752995916,15.4998671180311,14.0000919392028,14.1999324003754,12.3914251433914
466.4,7.75,7,7.74993356209354,7.00004594729675,6.77569340446298,6.86775504050648,15.4998671241871,14.0000918945935,14.1999002185841,12.3914550200113
466.5,7.75,7,7.74993356142769,7.00004592503999,6.77569652397824,6.86775254217319,15.4998671228554,14.00009185008,14.1998680583315,12.3914848717724
466.6,7.75,7,7.7499335626637,7.00004590276682,6.77569912190039,6.86775005094483,15.4998671253274,14.0000918055336,14.1998359182509,12.3915147052436
466.7,7.75,7,7.74993356428334,7.00004588049467,6.77570161258609,6.86774756256169,15.4998671285667,14.0000917609893,14.1998037991815,12.3915445181924
466.8,7.75,7,7.74993356457809,7.00004585824261,6.77570446257226,6.8677450720552,15.4998671291562,14.0000917164852,14.1997716999674,12.3915743101925
466.9,7.75,7,7.74993356590502,7.00004583598446,6.77570702817509,6.86774258631418,15.49986713181,14.0000916719689,14.1997396226182,12.3916040814244
467,7.75,7,7.7499335666756,7.00004581373748,6.77570974338171,6.8677401005691,15.4998671333512,14.000091627475,14.1997075642598,12.3916338332789
467.1,7.75,7,7.749933567656,7.00004579149392,6.77571239862305,6.86773761729548,15.499867135312,14.0000915829878,14.1996755283833,12.3916635629977
467.2,7.75,7,7.74993356899559,7.00004576925126,6.77571495350151,6.86773513665239,15.4998671379912,14.0000915385025,14.1996435117865,12.3916932739006
467.3,7.75,7,7.74993356949313,7.00004574702336,6.77571773582804,6.86773265529544,15.4998671389863,14.0000914940467,14.1996115154458,12.3917229639114
467.4,7.75,7,7.74993357030107,7.00004572479729,6.77572043095175,6.86773017654089,15.4998671406021,14.0000914495946,14.1995795397211,12.3917526337379
467.5,7.75,7,7.749933572153,7.000045702565,6.77572283849346,6.86772770256423,15.499867144306,14.00009140513,14.1995475856174,12.3917822830611
467.6,7.75,7,7.74993357299465,7.00004568034941,6.77572551940743,6.86772522739219,15.4998671459893,14.0000913606988,14.1995156517537,12.3918119113586
467.7,7.75,7,7.74993357254763,7.00004565815366,6.77572854970011,6.86772275022261,15.4998671450953,14.0000913163073,14.1994837380322,12.3918415184725
467.8,7.75,7,7.74993357445451,7.00004563593653,6.77573093499358,6.86772028144819,15.499867148909,14.0000912718731,14.1994518445188,12.3918711076999
467.9,7.75,7,7.74993357732892,7.00004561371372,6.77573305374661,6.86771781711549,15.4998671546578,14.0000912274274,14.1994199712154,12.3919006777617
468,7.75,7,7.74993357671841,7.00004559153539,6.77573612154007,6.86771534443888,15.4998671534368,14.0000911830708,14.1993881170568,12.3919302256085
468.1,7.75,7,7.74993357723075,7.00004556935031,6.7757388800957,6.86771287685597,15.4998671544615,14.0000911387006,14.199356285624,12.3919597519401
468.2,7.75,7,7.74993358017129,7.00004554714291,6.775740973423,6.86771041783898,15.4998671603426,14.0000910942858,14.1993244739119,12.3919892609448
468.3,7.75,7,7.74993358038276,7.00004552497157,6.7757438094091,6.86770795266487,15.4998671607655,14.0000910499431,14.1992926817271,12.3920187480577
468.4,7.75,7,7.749933581225,7.00004550279868,6.77574647066629,6.86770549105545,15.49986716245,14.0000910055974,14.1992609107625,12.3920482147012
468.5,7.75,7,7.74993358242592,7.00004548062718,6.77574903154382,6.86770303218234,15.4998671648518,14.0000909612544,14.1992291603891,12.3920776612501
468.6,7.75,7,7.74993358298079,7.00004545846814,6.77575176645554,6.86770057308376,15.4998671659616,14.0000909169363,14.1991974294469,12.3921070879297
468.7,7.75,7,7.74993358421045,7.00004543630717,6.77575431458011,6.86769811770142,15.4998671684209,14.0000908726143,14.1991657200432,12.3921364938707
468.8,7.75,7,7.74993358498247,7.00004541415668,6.77575698525591,6.86769566266822,15.4998671699649,14.0000908283134,14.1991340305236,12.3921658796706
468.9,7.75,7,7.74993358573384,7.00004539201148,6.77575965929159,6.86769320915515,15.4998671714677,14.000090784023,14.1991023599857,12.3921952466294
469,7.75,7,7.74993358719097,7.00004536986431,6.77576213796992,6.86769075952764,15.4998671743819,14.0000907397286,14.1990707119657,12.3922245919126
469.1,7.75,7,7.749933587917,7.0000453477308,6.77576481381676,6.86768830949102,15.499867175834,14.0000906954616,14.1990390840946,12.3922539165455
469.2,7.75,7,7.74993358804157,7.00004532560931,6.77576765152206,6.86768585935644,15.4998671760831,14.0000906512186,14.1990074756695,12.3922832213462
469.3,7.75,7,7.74993358969108,7.00004530347596,6.7757700705305,6.86768341524396,15.4998671793822,14.0000906069519,14.1989758873694,12.3923125076052
469.4,7.75,7,7.7499335918604,7.00004528134214,6.77577234522632,6.86768097428699,15.4998671837208,14.0000905626843,14.1989443191924,12.392341774399
469.5,7.75,7,7.74993359210513,7.00004525923512,6.77577514308015,6.86767852938774,15.4998671842103,14.0000905184702,14.1989127696102,12.3923710209882
469.6,7.75,7,7.74993359290163,7.00004523712808,6.77577778754994,6.86767608797616,15.4998671858033,14.0000904742562,14.1988812430538,12.3924002452687
469.7,7.75,7,7.74993359441256,7.0000452150179,6.77578023479277,6.86767365012628,15.4998671888251,14.0000904300358,14.1988497348358,12.3924294520373
469.8,7.75,7,7.74993359482788,7.00004519292609,6.77578297848882,6.86767121097907,15.4998671896558,14.0000903858522,14.1988182485982,12.3924586360169
469.9,7.75,7,7.74993359592885,7.00004517083154,6.7757855327946,6.8676687753254,15.4998671918577,14.0000903416631,14.1987867808698,12.3924878022921
470,7.75,7,7.7499335968346,7.00004514874527,6.77578813771885,6.86766634096844,15.4998671936692,14.0000902974905,14.1987553354438,12.3925169462942
470.1,7.75,7,7.74993359746457,7.00004512666717,6.77579081570839,6.8676639073632,15.4998671949291,14.0000902533343,14.1987239085283,12.3925460717069
470.2,7.75,7,7.74993359878501,7.00004510458654,6.77579330288876,6.8676614773362,15.49986719757,14.0000902091731,14.1986925009806,12.392575178574
470.3,7.75,7,7.7499335998077,7.00004508251539,6.77579586867391,6.86765904831452,15.4998671996154,14.0000901650308,14.198661115753,12.3926042630618
470.4,7.75,7,7.74993359977058,7.00004506046158,6.77579872143665,6.86765661788997,15.4998671995412,14.0000901209232,14.1986297500184,12.3926333272688
470.5,7.75,7,7.74993360101743,7.00004503839871,6.77580122130234,6.86765419278296,15.4998672020349,14.0000900767974,14.1985984042207,12.3926623729197
470.6,7.75,7,7.74993360319907,7.00004501633074,6.77580346359546,6.86765177199689,15.4998672063981,14.0000900326615,14.1985670783513,12.3926913997025
470.7,7.75,7,7.74993360315137,7.00004499429339,6.775806312126,6.867649346474,15.4998672063027,14.0000899885868,14.1985357719935,12.392720405112
470.8,7.75,7,7.74993360268743,7.00004497226623,6.77580927190252,6.86764692141443,15.4998672053749,14.0000899445325,14.198504485508,12.3927493904657
470.9,7.75,7,7.74993360589268,7.00004495020313,6.77581122761851,6.86764450849773,15.4998672117854,14.0000899004063,14.1984732192496,12.3927783591838
471,7.75,7,7.74993360760203,7.00004492816283,6.77581358914938,6.86764209307468,15.4998672152041,14.0000898563257,14.1984419741811,12.3928073055495
471.1,7.75,7,7.74993360679591,7.00004490615633,6.77581663507816,6.86763967206589,15.4998672135918,14.0000898123127,14.1984107482342,12.3928362306706
471.2,7.75,7,7.74993360862549,7.00004488412572,6.77581895902106,6.86763726028482,15.499867217251,14.0000897682514,14.1983795429048,12.3928651378218
471.3,7.75,7,7.74993360939173,7.0000448621125,6.77582157093726,6.86763484706785,15.4998672187835,14.000089724225,14.1983483568073,12.3928940249626
471.4,7.75,7,7.74993361000265,7.00004484010691,6.7758242227332,6.86763243515159,15.4998672200053,14.0000896802138,14.1983171917168,12.3929228911764
471.5,7.75,7,7.74993361118623,7.0000448181001,6.77582671594296,6.86763002643015,15.4998672223725,14.0000896362002,14.1982860454444,12.3929517393021
471.6,7.75,7,7.74993361169659,7.00004479610697,6.775829390336,6.86762761758471,15.4998672233932,14.0000895922139,14.1982549208114,12.392980565401
471.7,7.75,7,7.7499336127435,7.00004477411295,6.77583191604585,6.86762521180155,15.499867225487,14.0000895482259,14.1982238146438,12.3930093737307
471.8,7.75,7,7.74993361378064,7.00004475212486,6.77583444193898,6.86762280770673,15.4998672275613,14.0000895042497,14.19819272916,12.3930381615948
471.9,7.75,7,7.74993361408509,7.00004473015078,6.77583716541119,6.86762040320609,15.4998672281702,14.0000894603016,14.1981616639686,12.393066928715
472,7.75,7,7.74993361517968,7.00004470817329,6.7758396708321,6.86761800258752,15.4998672303594,14.0000894163466,14.1981306184121,12.3930956771484
472.1,7.75,7,7.74993361678163,7.0000446861956,6.7758420353934,6.86761560504376,15.4998672335633,14.0000893723912,14.1980995924816,12.3931244066447
472.2,7.75,7,7.74993361664484,7.00004466424319,6.77584487224,6.86761320417841,15.4998672332897,14.0000893284864,14.1980685862838,12.3931531150275
472.3,7.75,7,7.74993361653814,7.000044642296,6.77584769851727,6.86761080502581,15.4998672330763,14.000089284592,14.1980375997028,12.3931818040451
472.4,7.75,7,7.74993361935935,7.00004462032124,6.77584972316067,6.86760841585091,15.4998672387187,14.0000892406425,14.1980066327567,12.3932104763553
472.5,7.75,7,7.74993362161533,7.00004459835862,6.77585189968153,6.86760602673732,15.4998672432307,14.0000891967172,14.1979756859879,12.3932391282004
472.6,7.75,7,7.74993362006312,7.0000445764452,6.77585511322245,6.86760362853279,15.4998672401262,14.0000891528904,14.1979447605506,12.3932677554494
472.7,7.75,7,7.74993362169003,7.00004455450107,6.77585745669314,6.86760124092612,15.4998672433801,14.0000891090021,14.1979138535933,12.3932963673693
472.8,7.75,7,7.74993362402682,7.00004453255445,6.77585960404512,6.86759885695211,15.4998672480536,14.0000890651089,14.1978829660366,12.3933249607736
472.9,7.75,7,7.7499336235346,7.00004451064586,6.7758625211677,6.86759646664598,15.4998672470692,14.0000890212917,14.1978520994137,12.3933535308835
473,7.75,7,7.74993362469816,7.00004448872411,6.77586498394788,6.86759408267224,15.4998672493963,14.0000889774482,14.1978212522228,12.3933820833232
473.1,7.75,7,7.7499336253816,7.00004446681335,6.77586757547327,6.86759169893348,15.4998672507632,14.0000889336267,14.197790424387,12.393410616199
473.2,7.75,7,7.74993362608929,7.0000444449083,6.77587015788854,6.86758931698268,15.4998672521786,14.0000888898166,14.1977596172921,12.3934391286095
473.3,7.75,7,7.74993362721118,7.00004442300389,6.77587262501506,6.86758693774337,15.4998672544224,14.0000888460078,14.1977288286649,12.3934676231614
473.4,7.75,7,7.74993362765551,7.00004440111326,6.7758752745717,6.86758455831985,15.499867255311,14.0000888022265,14.1976980611337,12.3934960962532
473.5,7.75,7,7.74993362856973,7.00004437922302,6.77587779348105,6.86758218187416,15.4998672571395,14.000088758446,14.1976673133717,12.3935245502559
473.6,7.75,7,7.74993362984263,7.00004435733425,6.77588021219308,6.86757980802697,15.4998672596853,14.0000887146685,14.1976365846296,12.3935529858081
473.7,7.75,7,7.74993362991156,7.00004433546486,6.77588295719454,6.86757743238658,15.4998672598231,14.0000886709297,14.1976058756873,12.3935814007
473.8,7.75,7,7.74993363020598,7.00004431359853,6.77588563832547,6.86757505898471,15.499867260412,14.0000886271971,14.1975751860075,12.3936097967824
473.9,7.75,7,7.74993363239928,7.00004429171639,6.77588779874011,6.86757269261745,15.4998672647986,14.0000885834328,14.1975445158836,12.3936381753115
474,7.75,7,7.7499336341618,7.00004426984493,6.77589007436749,6.86757032666567,15.4998672683236,14.0000885396899,14.1975138656102,12.3936665338484
474.1,7.75,7,7.749933633791,7.00004424800379,6.77589292983337,6.86756795637262,15.499867267582,14.0000884960076,14.1974832363763,12.3936948696505
474.2,7.75,7,7.749933634917,7.00004422615092,6.77589537455295,6.86756559182335,15.499867269834,14.0000884523018,14.1974526249614,12.3937231892475
474.3,7.75,7,7.74993363583367,7.0000442043067,6.77589787384962,6.86756322844675,15.4998672716673,14.0000884086134,14.1974220349206,12.3937514875585
474.4,7.75,7,7.74993363628537,7.00004418247303,6.77590049791619,6.86756086523474,15.4998672725707,14.0000883649461,14.1973914628846,12.393779767674
474.5,7.75,7,7.74993363741444,7.00004416063793,6.77590293452575,6.86755850570521,15.4998672748289,14.0000883212759,14.1973609119992,12.3938080275457
474.6,7.75,7,7.74993363793342,7.00004413881516,6.77590553547287,6.86755614595713,15.4998672758668,14.0000882776303,14.1973303794922,12.3938362687225
474.7,7.75,7,7.74993363863528,7.00004411699631,6.77590808406235,6.86755378840934,15.4998672772706,14.0000882339926,14.1972998672695,12.3938644900576
474.8,7.75,7,7.74993363992524,7.00004409517675,6.77591046969147,6.86755143420089,15.4998672798505,14.0000881903535,14.1972693751326,12.3938926921225
474.9,7.75,7,7.74993364029838,7.00004407337332,6.77591310327771,6.86754907897962,15.4998672805968,14.0000881467466,14.1972389023511,12.3939208742506
475,7.75,7,7.74993364041946,7.00004405157835,6.77591580339912,6.86754672460291,15.4998672808389,14.0000881031567,14.1972084484633,12.3939490375123
475.1,7.75,7,7.74993364217862,7.00004402977059,6.77591805402079,6.86754437650028,15.4998672843572,14.0000880595412,14.1971780139485,12.3939771831805
475.2,7.75,7,7.74993364401436,7.00004400796774,6.77592028140762,6.8675420302191,15.4998672880287,14.0000880159355,14.1971475988108,12.3940053098121
475.3,7.75,7,7.74993364272995,7.00004398620601,6.77592335822404,6.86753967664294,15.4998672854599,14.000087972412,14.1971172030467,12.3940334144625
475.4,7.75,7,7.74993364343726,7.00004396442804,6.77592588879085,6.86753733049402,15.4998672868745,14.0000879288561,14.1970868284099,12.3940615001211
475.5,7.75,7,7.74993364661139,7.0000439426278,6.77592774367932,6.86753499294256,15.4998672932228,14.0000878852556,14.1970564726704,12.3940895694267
475.6,7.75,7,7.74993364676421,7.0000439208672,6.77593042116522,6.86753264827131,15.4998672935284,14.0000878417344,14.197026135019,12.3941176181144
475.7,7.75,7,7.7499336468254,7.0000438991139,6.77593312116131,6.86753030506408,15.4998672936508,14.0000877982278,14.1969958182319,12.3941456461526
475.8,7.75,7,7.74993364870377,7.00004387734569,6.77593532282766,6.86752796859448,15.4998672974075,14.0000877546914,14.1969655202583,12.3941736573257
475.9,7.75,7,7.74993364880927,7.00004385560359,6.77593800605856,6.8675256287232,15.4998672976185,14.0000877112072,14.1969352422888,12.3942016471492
476,7.75,7,7.74993364963052,7.00004383385891,6.77594049169949,6.86752329240689,15.499867299261,14.0000876677178,14.1969049826314,12.3942296195887
476.1,7.75,7,7.74993365040412,7.00004381212129,6.7759429877564,6.86752095773611,15.4998673008082,14.0000876242426,14.1968747445235,12.3942575707512
476.2,7.75,7,7.74993365089273,7.00004379039215,6.77594555952867,6.86751862368636,15.4998673017855,14.0000875807843,14.196844523761,12.3942855045617
476.3,7.75,7,7.74993365197933,7.00004376866255,6.7759479655545,6.86751629306142,15.4998673039587,14.0000875373251,14.1968143238029,12.3943134184287
476.4,7.75,7,7.74993365254448,7.00004374694484,6.77595051156511,6.86751396257367,15.499867305089,14.0000874938897,14.1967841434975,12.3943413124558
476.5,7.75,7,7.74993365289383,7.00004372523514,6.77595311428551,6.86751163298464,15.4998673057877,14.0000874504703,14.1967539815146,12.3943691882366
476.6,7.75,7,7.74993365423798,7.00004370351999,6.77595544314253,6.86750930780915,15.499867308476,14.00008740704,14.1967238386128,12.3943970461427
476.7,7.75,7,7.74993365559249,7.00004368181056,6.77595776687942,6.8675069842396,15.499867311185,14.0000873636211,14.1966937147905,12.3944248852687
476.8,7.75,7,7.7499336545598,7.00004366013435,6.77596073985199,6.8675046555349,15.4998673091196,14.0000873202687,14.1966636112097,12.3944527022599
476.9,7.75,7,7.74993365521502,7.00004363844512,6.77596324965911,6.86750233328676,15.49986731043,14.0000872768902,14.1966335275208,12.3944805012223
477,7.75,7,7.74993365817781,7.00004361673562,6.77596512723411,6.86750001919564,15.4998673163556,14.0000872334712,14.1966034629184,12.3945082835226
477.1,7.75,7,7.74993365874709,7.00004359505892,6.77596765597036,6.8674976998129,15.4998673174942,14.0000871901178,14.1965734168866,12.3945360453323
477.2,7.75,7,7.74993365768887,7.0000435734065,6.77597062671175,6.86749537735518,15.4998673153777,14.000087146813,14.1965433898172,12.394563786974
477.3,7.75,7,7.74993366023785,7.00004355171941,6.77597261032922,6.86749306683888,15.4998673204757,14.0000871034388,14.196513382788,12.3945915122186
477.4,7.75,7,7.74993366117938,7.00004353005643,6.77597503045476,6.86749075331962,15.4998673223588,14.0000870601129,14.196483394904,12.3946192171371
477.5,7.75,7,7.74993366111162,7.00004350841079,6.7759777238003,6.86748843850128,15.4998673222232,14.0000870168216,14.1964534261443,12.3946469023037
477.6,7.75,7,7.74993366236394,7.00004348675612,6.77598005448733,6.86748612902337,15.4998673247279,14.0000869735122,14.196423476474,12.3946745699035
477.7,7.75,7,7.74993366264188,7.00004346511872,6.77598264875172,6.86748381842468,15.4998673252838,14.0000869302374,14.1963935468853,12.3947022168447
477.8,7.75,7,7.74993366345212,7.00004344348088,6.77598509554005,6.86748151082914,15.4998673269042,14.0000868869618,14.1963636352886,12.3947298465753
477.9,7.75,7,7.74993366421608,7.0000434218501,6.77598755243696,6.86747920483483,15.4998673284322,14.0000868437002,14.1963337446906,12.3947574556048
478,7.75,7,7.74993366461079,7.00004340022916,6.77599010794733,6.86747689928726,15.4998673292216,14.0000868004583,14.1963038722635,12.3947850464189
478.1,7.75,7,7.74993366563185,7.00004337860691,6.77599249024844,6.86747459705204,15.4998673312637,14.0000867572138,14.1962740183301,12.3948126196201
478.2,7.75,7,7.74993366664731,7.00004335699072,6.77599487176474,6.86747229638673,15.4998673332946,14.0000867139814,14.1962441836148,12.3948401739142
478.3,7.75,7,7.74993366623754,7.00004333539704,6.77599763990894,6.86746999333221,15.4998673324751,14.0000866707941,14.1962143692004,12.3948677069283
478.4,7.75,7,7.7499336669942,7.00004331379612,6.77600008734485,6.86746769517343,15.4998673339884,14.0000866275922,14.1961845738087,12.3948952223122
478.5,7.75,7,7.74993366914297,7.0000432921854,6.77600215246524,6.86746540255267,15.4998673382859,14.0000865843708,14.1961547974258,12.3949227202897
478.6,7.75,7,7.74993366991574,7.00004327059597,6.77600459103396,6.86746310750447,15.4998673398315,14.0000865411919,14.1961250391835,12.3949501991614
478.7,7.75,7,7.74993366975631,7.00004324902307,6.77600728179823,6.86746081136096,15.4998673395126,14.0000864980461,14.1960952998898,12.3949776585441
478.8,7.75,7,7.749933671117,7.00004322743951,6.77600955509255,6.86745852126567,15.499867342234,14.000086454879,14.1960655813699,12.395005098908
478.9,7.75,7,7.74993367151419,7.0000432058724,6.77601208930315,6.86745622986665,15.4998673430284,14.0000864117448,14.1960358803573,12.3950325211739
479,7.75,7,7.74993367216809,7.00004318430889,6.77601455095681,6.86745394089666,15.4998673443362,14.0000863686178,14.1960061999229,12.3950599234509
479.1,7.75,7,7.74993367309956,7.00004316274787,6.77601693470425,6.86745165418081,15.4998673461991,14.0000863254957,14.1959765372263,12.3950873085515
479.2,7.75,7,7.74993367336992,7.00004314120085,6.77601949645176,6.86744936727448,15.4998673467398,14.0000862824017,14.1959468950848,12.3951146728425
479.3,7.75,7,7.74993367421409,7.00004311965316,6.77602189935581,6.86744708351347,15.4998673484282,14.0000862393063,14.1959172712473,12.3951420196771
479.4,7.75,7,7.74993367531574,7.00004309810839,6.77602422976948,6.86744480199502,15.4998673506315,14.0000861962168,14.1958876657063,12.3951693487722
479.5,7.75,7,7.74993367504676,7.00004307658524,6.77602693203918,6.86744251814717,15.4998673500935,14.0000861531705,14.1958580793227,12.395196657781
479.6,7.75,7,7.74993367537968,7.0000430550614,6.77602946769258,6.86744023759483,15.4998673507594,14.0000861101228,14.1958285120975,12.3952239485244
479.7,7.75,7,7.74993367752696,7.00004303352339,6.77603150565389,6.86743796385802,15.4998673550539,14.0000860670468,14.1957989647909,12.3952512213762
479.8,7.75,7,7.74993367836989,7.00004301200613,6.77603389743637,6.86743568794132,15.4998673567398,14.0000860240123,14.1957694361677,12.3952784746735
479.9,7.75,7,7.74993367709283,7.000042990519,6.77603686565366,6.86743340754887,15.4998673541857,14.000085981038,14.1957399265938,12.3953057073056
480,7.75,7,7.74993367891413,7.00004296900268,6.77603898585221,6.86743113750542,15.4998673578283,14.0000859380054,14.1957104353896,12.3953329247569
480.1,7.75,7,7.74993368160519,7.00004294748243,6.77604086640423,6.86742887145667,15.4998673632104,14.0000858949649,14.1956809625668,12.3953601249608
480.2,7.75,7,7.7499336805277,7.00004292601128,6.77604377331942,6.86742659630341,15.4998673610554,14.0000858520226,14.1956515096766,12.3953873021158
480.3,7.75,7,7.74993368141988,7.00004290452374,6.7760461403338,6.86742432827802,15.4998673628398,14.0000858090475,14.1956220751299,12.3954144630787
480.4,7.75,7,7.74993368263553,7.00004288303884,6.77604841670315,6.86742206277776,15.4998673652711,14.0000857660777,14.1955926600411,12.3954416052379
480.5,7.75,7,7.74993368256354,7.00004286157437,6.77605104240453,6.86741979509382,15.4998673651271,14.0000857231487,14.1955632630215,12.3954687284715
480.6,7.75,7,7.74993368352714,7.00004284010473,6.77605338296798,6.86741753202944,15.4998673670543,14.0000856802095,14.1955338862366,12.3954958327993
480.7,7.75,7,7.74993368391394,7.00004281864724,6.77605587890983,6.86741526874524,15.4998673678279,14.0000856372945,14.1955045267567,12.3955229196104
480.8,7.75,7,7.74993368453214,7.00004279719391,6.77605830917025,6.86741300783689,15.4998673690643,14.0000855943878,14.1954751881163,12.3955499861835
480.9,7.75,7,7.74993368549735,7.00004277574236,6.77606064259428,6.86741074936151,15.4998673709947,14.0000855514847,14.1954458670076,12.3955770358728
481,7.75,7,7.74993368560888,7.00004275430655,6.77606320681601,6.86740848998514,15.4998673712178,14.0000855086131,14.1954165645242,12.3956040664987
481.1,7.75,7,7.74993368606471,7.0000427328731,6.77606567474325,6.86740623316853,15.4998673721294,14.0000854657462,14.1953872812091,12.3956310786354
481.2,7.75,7,7.74993368753993,7.00004271143454,6.77606786202532,6.86740398087587,15.4998673750799,14.0000854228691,14.1953580175384,12.3956580724404
481.3,7.75,7,7.74993368797647,7.00004269001383,6.77607033061363,6.86740172715165,15.4998673759529,14.0000853800277,14.1953287724614,12.3956850470471
481.4,7.75,7,7.74993368717412,7.00004266861322,6.77607313517519,6.86739947141735,15.4998673743482,14.0000853372264,14.1952995458876,12.3957120023608
481.5,7.75,7,7.74993368874941,7.00004264719179,6.77607528843841,6.86739722399055,15.4998673774988,14.0000852943836,14.1952703378727,12.3957389416656
481.6,7.75,7,7.74993369123978,7.0000426257661,6.77607718966314,6.86739498070069,15.4998673824796,14.0000852515322,14.1952411484204,12.3957658636098
481.7,7.75,7,7.74993369019953,7.00004260438618,6.77608005258359,6.86739272878832,15.4998673803991,14.0000852087724,14.1952119765372,12.3957927650666
481.8,7.75,7,7.74993369040792,7.00004258299906,6.7760825721094,6.86739048216701,15.4998673808158,14.0000851659981,14.1951828256858,12.3958196470524
481.9,7.75,7,7.74993369296875,7.00004256159123,6.77608444729168,6.86738824372929,15.4998673859375,14.0000851231825,14.195153692767,12.3958465136264
482,7.75,7,7.74993369277789,7.00004254022054,6.776087071473,6.86738599893146,15.4998673855558,14.0000850804411,14.1951245779222,12.3958733599411
482.1,7.75,7,7.74993369326695,7.00004251884855,6.77608950771652,6.86738375766206,15.4998673865339,14.0000850376971,14.1950954824018,12.3959001879388
482.2,7.75,7,7.74993369408151,7.00004249747921,6.77609185280775,6.86738151888906,15.499867388163,14.0000849949584,14.1950664059486,12.3959269975463
482.3,7.75,7,7.74993369427029,7.00004247612284,6.77609436659798,6.8673792797873,15.4998673885406,14.0000849522457,14.1950373471968,12.395953789226
482.4,7.75,7,7.74993369513631,7.00004245476543,6.77609669311013,6.86737704425655,15.4998673902726,14.0000849095309,14.1950083083853,12.3959805619874
482.5,7.75,7,7.74993369552849,7.00004243341943,6.77609914678981,6.86737480886481,15.499867391057,14.0000848668389,14.1949792876973,12.3960073165505
482.6,7.75,7,7.74993369591591,7.00004241207933,6.776101599663,6.86737257489804,15.4998673918318,14.0000848241587,14.1949502845057,12.3960340539639
482.7,7.75,7,7.74993369700784,7.0000423907382,6.77610385771149,6.86737034464932,15.4998673940157,14.0000847814764,14.1949213021021,12.3960607716585
482.8,7.75,7,7.7499336973437,7.00004236941177,6.77610631994598,6.86736811375459,15.4998673946874,14.0000847388235,14.1948923380675,12.3960874706582
482.9,7.75,7,7.74993369710954,7.0000423480978,6.77610893563553,6.86736588270356,15.4998673942191,14.0000846961956,14.1948633919066,12.3961141516213
483,7.75,7,7.74993369841584,7.00004232677258,6.77611112857451,6.86736365756451,15.4998673968317,14.0000846535452,14.1948344642281,12.3961408159006
483.1,7.75,7,7.74993370020779,7.00004230544808,6.77611318671163,6.8673614353293,15.4998674004156,14.0000846108962,14.1948055550314,12.3961674625247
483.2,7.75,7,7.74993370006264,7.00004228415131,6.77611577157774,6.86735920898429,15.4998674001253,14.0000845683026,14.1947766630422,12.3961940905074
483.3,7.75,7,7.74993370050795,7.00004226285491,6.7761181927351,6.86735698604512,15.4998674010159,14.0000845257098,14.1947477920097,12.3962206985106
483.4,7.75,7,7.74993370163252,7.00004224155656,6.77612042641402,6.86735476643989,15.499867403265,14.0000844831131,14.1947189379782,12.3962472904919
483.5,7.75,7,7.74993370168419,7.00004222027713,6.7761229505682,6.86735254542074,15.4998674033684,14.0000844405543,14.1946901039763,12.3962738618702
483.6,7.75,7,7.74993370242408,7.00004219899572,6.77612528478366,6.86735032777363,15.4998674048482,14.0000843979914,14.1946612871315,12.3963004170846
483.7,7.75,7,7.74993370295181,7.0000421777236,6.77612767446371,6.86734811119254,15.4998674059036,14.0000843554472,14.1946324906285,12.3963269521878
483.8,7.75,7,7.74993370321819,7.00004215646022,6.77613013344068,6.86734589526394,15.4998674064364,14.0000843129204,14.1946037111428,12.3963534703906
483.9,7.75,7,7.74993370418034,7.00004213519501,6.77613240033769,6.86734368278037,15.4998674083607,14.00008427039,14.1945749494442,12.3963799718239
484,7.75,7,7.74993370481327,7.00004211394057,6.77613475461777,6.8673414710583,15.4998674096265,14.0000842278811,14.1945462084499,12.396406452688
484.1,7.75,7,7.74993370441912,7.00004209270381,6.77613738713986,6.86733925786283,15.4998674088382,14.0000841854076,14.1945174851792,12.396432915258
484.2,7.75,7,7.74993370532355,7.00004207145859,6.77613966296294,6.86733704987383,15.4998674106471,14.0000841429172,14.1944887802174,12.3964593611086
484.3,7.75,7,7.74993370713071,7.0000420502094,6.77614169014835,6.86733484596179,15.4998674142614,14.0000841004188,14.1944600935572,12.3964857898829
484.4,7.75,7,7.74993370667036,7.00004202899203,6.77614433417564,6.86733263705417,15.4998674133407,14.0000840579841,14.1944314248089,12.3965121990382
484.5,7.75,7,7.7499337058615,7.00004200778484,6.776147071145,6.86733042865013,15.499867411723,14.0000840155697,14.1944027743009,12.3965385900255
484.6,7.75,7,7.74993370873548,7.0000419865424,6.77614880048758,6.86732823228906,15.499867417471,14.0000839730848,14.1943741425633,12.3965649660478
484.7,7.75,7,7.74993371002446,7.00004196532453,6.77615096019954,6.86732603298784,15.4998674200489,14.0000839306491,14.1943455300723,12.3965913217795
484.8,7.75,7,7.74993370886994,7.00004194414035,6.77615378483663,6.86732382815853,15.4998674177399,14.0000838882807,14.194316935125,12.3966176580957
484.9,7.75,7,7.74993371036042,7.00004192293281,6.77615588512701,6.8673216324386,15.4998674207208,14.0000838458656,14.1942883592693,12.3966439781795
485,7.75,7,7.74993371073485,7.00004190174394,6.7761582879748,6.86731943497202,15.4998674214697,14.0000838034879,14.1942598009121,12.3966702801199
485.1,7.75,7,7.74993371099877,7.00004188056304,6.77616071865319,6.86731723878492,15.4998674219975,14.0000837611261,14.194231261989,12.396696562953
485.2,7.75,7,7.74993371180646,7.00004185938197,6.7761629988042,6.86731504556738,15.4998674236129,14.0000837187639,14.1942027403598,12.3967228293773
485.3,7.75,7,7.74993371195558,7.00004183821519,6.77616545635912,6.86731285209111,15.4998674239112,14.0000836764304,14.1941742384682,12.3967490758949
485.4,7.75,7,7.74993371264503,7.00004181704818,6.77616776436929,6.86731066154674,15.4998674252901,14.0000836340964,14.1941457535341,12.3967753063322
485.5,7.75,7,7.74993371330352,7.00004179588819,6.77617007852205,6.8673084724878,15.499867426607,14.0000835917764,14.1941172877854,12.3968015179849
485.6,7.75,7,7.74993371324973,7.00004177474269,6.77617258489041,6.8673062829136,15.4998674264995,14.0000835494854,14.1940888405189,12.3968277109136
485.7,7.75,7,7.74993371399462,7.00004175359442,6.77617487105646,6.86730409709577,15.4998674279892,14.0000835071888,14.1940604112833,12.3968538869549
485.8,7.75,7,7.74993371522838,7.00004173244691,6.77617702160016,6.86730191415002,15.4998674304568,14.0000834648938,14.1940320000709,12.396880045832
485.9,7.75,7,7.74993371469452,7.00004171132575,6.77617965249528,6.86729972764991,15.499867429389,14.0000834226515,14.1940036069833,12.3969061853646
486,7.75,7,7.74993371424151,7.00004169020997,6.77618225915051,6.86729754285757,15.499867428483,14.0000833804199,14.1939752319119,12.396932307366
486.1,7.75,7,7.74993371674052,7.00004166906708,6.77618405777134,6.86729536796151,15.499867433481,14.0000833381342,14.1939468748691,12.3969584144751
486.2,7.75,7,7.74993371856379,7.00004164793841,6.77618603860884,6.86729319267345,15.4998674371276,14.0000832958768,14.1939185365504,12.3969845026662
486.3,7.75,7,7.74993371667071,7.00004162685861,6.77618903162434,6.86729100837488,15.4998674333414,14.0000832537172,14.1938902175935,12.3970105685115
486.4,7.75,7,7.74993371797961,7.00004160574853,6.77619114849834,6.86728883459805,15.4998674359592,14.0000832114971,14.1938619156044,12.3970366207359
486.5,7.75,7,7.74993371990189,7.00004158463783,6.77619309576625,6.86728666404374,15.4998674398038,14.0000831692757,14.1938336315919,12.3970626559663
486.6,7.75,7,7.7499337190589,7.00004156356515,6.77619579561988,6.86728448716406,15.4998674381178,14.0000831271303,14.1938053666166,12.3970886700504
486.7,7.75,7,7.74993371987715,7.00004154248001,6.77619803981231,6.86728231649584,15.4998674397543,14.00008308496,14.1937771196306,12.3971146680979
486.8,7.75,7,7.74993372018402,7.0000415214069,6.77620042148075,6.8672801458142,15.499867440368,14.0000830428138,14.1937488902773,12.3971406484536
486.9,7.75,7,7.7499337205422,7.00004150034,6.77620278682971,6.86727797685241,15.4998674410844,14.00008300068,14.1937206801287,12.3971666101032
487,7.75,7,7.74993372130175,7.00004147927451,6.77620504058646,6.86727581041195,15.4998674426035,14.000082958549,14.1936924867843,12.3971925557148
487.1,7.75,7,7.74993372137925,7.00004145822369,6.7762074781741,6.86727364363067,15.4998674427585,14.0000829164474,14.1936643130211,12.397218481579
487.2,7.75,7,7.74993372194118,7.00004143717378,6.77620978135382,6.86727147970375,15.4998674438824,14.0000828743476,14.193636157239,12.3972443903357
487.3,7.75,7,7.74993372285091,7.00004141612615,6.7762119874875,6.86726931819921,15.4998674457018,14.0000828322523,14.1936080189226,12.3972702823634
487.4,7.75,7,7.74993372253821,7.00004139509884,6.77621452513355,6.86726715469907,15.4998674450764,14.0000827901977,14.1935798988022,12.3972961555015
487.5,7.75,7,7.74993372248305,7.00004137407492,6.77621699034327,6.86726499338299,15.4998674449661,14.0000827481498,14.1935517963827,12.3973220116004
487.6,7.75,7,7.74993372434255,7.00004135303574,6.77621893071621,6.86726283899724,15.4998674486851,14.0000827060715,14.1935237119193,12.3973478519417
487.7,7.75,7,7.74993372570485,7.00004133200878,6.77622100460068,6.86726068470149,15.4998674514097,14.0000826640176,14.19349564587,12.3973736738539
487.8,7.75,7,7.74993372498447,7.00004131101223,6.77622364473127,6.86725852602849,15.4998674499689,14.0000826220245,14.1934675988962,12.3973994752302
487.9,7.75,7,7.7499337257663,7.00004129000459,6.77622587278865,6.86725637299145,15.4998674515326,14.0000825800092,14.1934395684382,12.3974252618778
488,7.75,7,7.7499337263076,7.00004126900666,6.77622816416192,6.86725422086264,15.4998674526152,14.0000825380133,14.1934115574532,12.3974510293045
488.1,7.75,7,7.74993372641287,7.00004124801967,6.77623057255699,6.86725206885642,15.4998674528257,14.0000824960393,14.1933835631557,12.3974767800488
488.2,7.75,7,7.74993372718197,7.0000412270321,6.77623279741586,6.86724992032023,15.4998674543639,14.0000824540642,14.1933555881252,12.3975025126107
488.3,7.75,7,7.74993372733182,7.00004120605763,6.77623518928718,6.86724777140078,15.4998674546636,14.0000824121153,14.193327629988,12.3975282281232
488.4,7.75,7,7.74993372768842,7.00004118508761,6.77623752244925,6.86724562461187,15.4998674553768,14.0000823701752,14.1932996906798,12.3975539254616
488.5,7.75,7,7.74993372861768,7.00004116411771,6.77623969708714,6.8672434809499,15.4998674572354,14.0000823282354,14.1932717696279,12.3975796055238
488.6,7.75,7,7.74993372861232,7.00004114316482,6.77624212472039,6.86724133607811,15.4998674572246,14.0000822863296,14.1932438663624,12.3976052673784
488.7,7.75,7,7.74993372838573,7.00004112222073,6.77624461065518,6.86723919199592,15.4998674567715,14.0000822444415,14.1932159804579,12.3976309120999
488.8,7.75,7,7.74993372981206,7.00004110126437,6.77624664322454,6.8672370540825,15.4998674596241,14.0000822025287,14.193188112341,12.3976565410032
488.9,7.75,7,7.74993373128233,7.00004108031398,6.77624866165848,6.86723491774995,15.4998674625647,14.000082160628,14.193160262017,12.3976821525996
489,7.75,7,7.74993372961623,7.00004105940563,6.7762515341115,6.86723277394392,15.4998674592325,14.0000821188113,14.1931324296674,12.3977077437787
489.1,7.75,7,7.7499337300136,7.00004103848091,6.77625384095416,6.86723063759226,15.4998674600272,14.0000820769618,14.1931046165137,12.3977333181497
489.2,7.75,7,7.74993373281838,7.00004101753526,6.77625548851884,6.86722850952471,15.4998674656368,14.0000820350705,14.1930768207105,12.3977588778305
489.3,7.75,7,7.74993373255904,7.00004099663035,6.77625797054635,6.86722637407642,15.4998674651181,14.0000819932607,14.1930490415008,12.3977844185105
489.4,7.75,7,7.74993373231206,7.00004097573236,6.77626044687668,6.86722424024112,15.4998674646241,14.0000819514647,14.1930212815849,12.3978099403987
489.5,7.75,7,7.74993373383047,7.00004095482064,6.77626243922215,6.86722211283981,15.4998674676609,14.0000819096413,14.1929935387876,12.3978354472339
489.6,7.75,7,7.7499337335607,7.00004093393595,6.77626491748358,6.86721998185253,15.4998674671214,14.0000818678719,14.1929658144985,12.3978609343842
489.7,7.75,7,7.74993373403608,7.00004091304898,6.77626719030688,6.86721785436425,15.4998674680722,14.000081826098,14.1929381070169,12.3978864058457
489.8,7.75,7,7.74993373444374,7.00004089217001,6.77626947925258,6.86721572828961,15.4998674688875,14.00008178434,14.1929104191905,12.3979118580953
489.9,7.75,7,7.7499337345805,7.00004087129996,6.77627184022833,6.86721360274534,15.499867469161,14.0000817425999,14.1928827473027,12.3979372945676
490,7.75,7,7.74993373531763,7.0000408504302,6.77627403499213,6.86721148048811,15.4998674706353,14.0000817008604,14.1928550946842,12.3979627128234
490.1,7.75,7,7.74993373551477,7.00004082957316,6.77627637501242,6.86720935815361,15.4998674710295,14.0000816591463,14.1928274599615,12.3979881131498
490.2,7.75,7,7.74993373551539,7.00004080872456,6.77627876665352,6.86720723663501,15.4998674710308,14.0000816174491,14.1927998420801,12.3980134968919
490.3,7.75,7,7.7499337365195,7.00004078787107,6.77628088224265,6.86720511940965,15.499867473039,14.0000815757421,14.1927722417176,12.3980388644986
490.4,7.75,7,7.74993373751513,7.00004076702416,6.77628299804164,6.86720300359152,15.4998674750303,14.0000815340483,14.1927446588737,12.3980642150376
490.5,7.75,7,7.74993373611223,7.00004074621137,6.77628576634,6.8672008824693,15.4998674722245,14.0000814924227,14.1927170948248,12.3980895450618
490.6,7.75,7,7.74993373645321,7.00004072538554,6.77628805641311,6.86719876779526,15.4998674729064,14.0000814507711,14.1926895488339,12.3981148591129
490.7,7.75,7,7.74993373905006,7.00004070454066,6.77628972855154,6.8671966609857,15.4998674781001,14.0000814090813,14.1926620203663,12.3981401581855
490.8,7.75,7,7.74993373920849,7.00004068372973,6.77629206429647,6.86719454861416,15.499867478417,14.0000813674595,14.1926345089341,12.3981654384236
490.9,7.75,7,7.74993373781935,7.0000406629428,6.77629482041322,6.86719243325016,15.4998674756387,14.0000813258856,14.1926070148953,12.3981907003022
491,7.75,7,7.74993374005082,7.0000406421218,6.77629658591848,6.86719032972724,15.4998674801016,14.0000812842436,14.1925795394233,12.39821594745
491.1,7.75,7,7.7499337405962,7.00004062132637,6.77629880960722,6.86718822281696,15.4998674811924,14.0000812426527,14.1925520813482,12.3982411761097
491.2,7.75,7,7.74993374020555,7.00004060054816,6.77630128669227,6.86718611468181,15.4998674804111,14.0000812010963,14.1925246409609,12.3982663866917
491.3,7.75,7,7.74993374110433,7.00004057976184,6.77630340968691,6.86718401164312,15.4998674822087,14.0000811595237,14.1924972179574,12.3982915815469
491.4,7.75,7,7.74993374101991,7.00004055899363,6.77630579884469,6.86718190731874,15.4998674820398,14.0000811179873,14.1924698135468,12.3983167574028
491.5,7.75,7,7.74993374148557,7.00004053822532,6.77630803586631,6.86717980589967,15.4998674829711,14.0000810764506,14.1924424255087,12.3983419178362
491.6,7.75,7,7.74993374188718,7.00004051746504,6.77631028803097,6.86717770588554,15.4998674837744,14.0000810349301,14.192415056918,12.3983670592902
491.7,7.75,7,7.74993374193421,7.000040496715,6.77631263500234,6.86717560621125,15.4998674838684,14.00008099343,14.1923877048782,12.3983921843157
491.8,7.75,7,7.74993374261276,7.0000404759642,6.7763148075325,6.86717350972372,15.4998674852255,14.0000809519284,14.1923603698175,12.3984172934077
491.9,7.75,7,7.74993374325423,7.00004045522054,6.7763169880362,6.86717141458668,15.4998674865085,14.0000809104411,14.192333052599,12.3984423851105
492,7.75,7,7.74993374250401,7.0000404344996,6.77631954623284,6.86716931698811,15.499867485008,14.0000808689992,14.192305753848,12.3984674575675
492.1,7.75,7,7.74993374293551,7.00004041377188,6.7763217797322,6.86716722418453,15.499867485871,14.0000808275438,14.1922784725611,12.3984925141308
492.2,7.75,7,7.74993374472546,7.00004039303538,6.77632364029139,6.86716513667876,15.4998674894509,14.0000807860708,14.1922512087255,12.3985175549771
492.3,7.75,7,7.74993374511619,7.00004037232101,6.77632588082112,6.86716304653948,15.4998674902324,14.000080744642,14.1922239615169,12.3985425783645
492.4,7.75,7,7.74993374463482,7.00004035162316,6.77632835731189,6.86716095534249,15.4998674892696,14.0000807032463,14.1921967318262,12.3985675839143
492.5,7.75,7,7.74993374564365,7.00004033091562,6.77633042472291,6.86715886993857,15.4998674912873,14.0000806618312,14.1921695210567,12.3985925724435
492.6,7.75,7,7.74993374568003,7.00004031022525,6.77633275564634,6.86715678308504,15.4998674913601,14.0000806204505,14.1921423265117,12.3986175443026
492.7,7.75,7,7.74993374599243,7.00004028953889,6.77633500896414,6.86715469854735,15.4998674919849,14.0000805790778,14.192115150709,12.3986424981974
492.8,7.75,7,7.74993374656362,7.00004026885586,6.77633718965761,6.86715261608936,15.4998674931272,14.0000805377117,14.1920879913573,12.3986674363407
492.9,7.75,7,7.74993374648904,7.00004024818729,6.77633954438275,6.86715053331799,15.4998674929781,14.0000804963746,14.1920608507435,12.398692355676
493,7.75,7,7.74993374699351,7.00004022751858,6.7763417390122,6.8671484535682,15.499867493987,14.0000804550372,14.1920337269339,12.3987172592146
493.1,7.75,7,7.74993374774421,7.0000402068535,6.77634386440544,6.86714637589024,15.4998674954884,14.000080413707,14.192006619922,12.3987421466567
493.2,7.75,7,7.74993374710622,7.00004018621087,6.77634636677068,6.86714429568739,15.4998674942124,14.0000803724217,14.1919795305115,12.3987670157138
493.3,7.75,7,7.74993374712603,7.00004016556762,6.77634868742753,6.86714221881194,15.4998674942521,14.0000803311352,14.1919524589062,12.3987918680778
493.4,7.75,7,7.74993374891775,7.00004014491125,6.7763505221997,6.8671401484633,15.4998674978355,14.0000802898225,14.1919254053811,12.3988167045112
493.5,7.75,7,7.74993374936758,7.00004012427664,6.77635272122805,6.86713807568563,15.4998674987352,14.0000802485533,14.1918983690008,12.3988415230503
493.6,7.75,7,7.74993374776425,7.00004010367201,6.77635547863716,6.8671359984779,15.4998674955285,14.000080207344,14.191871350101,12.3988663227139
493.7,7.75,7,7.74993374928634,7.00004008303848,6.77635738082056,6.86713393155704,15.4998674985727,14.000080166077,14.1918443480629,12.3988911088836
493.8,7.75,7,7.74993375161768,7.00004006240229,6.77635906006118,6.86713186831915,15.4998675032354,14.0000801248046,14.1918173629001,12.3989158794098
493.9,7.75,7,7.74993375015594,7.00004004181616,6.77636177254094,6.86712979576712,15.4998675003119,14.0000800836323,14.191790396173,12.3989406285309
494,7.75,7,7.74993375073186,7.00004002121339,6.77636392676401,6.86712773038405,15.4998675014637,14.0000800424268,14.1917634461153,12.3989653633446
494.1,7.75,7,7.74993375157091,7.00004000061461,6.77636600699137,6.86712566721867,15.4998675031418,14.0000800012292,14.1917365140667,12.3989900809137
494.2,7.75,7,7.74993375115982,7.00003998003634,6.77636842651134,6.8671236018272,15.4998675023196,14.0000799600727,14.191709598451,12.3990147813731
494.3,7.75,7,7.74993375178774,7.00003995945356,6.77637056014371,6.86712154092328,15.4998675035755,14.0000799189071,14.1916827015508,12.3990394646209
494.4,7.75,7,7.74993375182033,7.00003993888367,6.77637285439017,6.86711947961193,15.4998675036407,14.0000798777673,14.1916558204896,12.3990641319424
494.5,7.75,7,7.74993375210217,7.00003991831839,6.77637507829022,6.86711742057085,15.4998675042043,14.0000798366368,14.191628958574,12.3990887809085
494.6,7.75,7,7.74993375272073,7.00003989775553,6.77637720834768,6.86711536379404,15.4998675054415,14.0000797955111,14.19160211267,12.3991134146434
494.7,7.75,7,7.74993375247406,7.00003987720913,6.77637957254026,6.86711330594394,15.4998675049481,14.0000797544183,14.1915752838826,12.3991380309664
494.8,7.75,7,7.74993375260572,7.00003985666539,6.77638183131128,6.86711125062313,15.4998675052114,14.0000797133308,14.191548472906,12.399162630353
494.9,7.75,7,7.74993375373207,7.00003983611734,6.776383816402,6.8671091995912,15.4998675074641,14.0000796722347,14.1915216797656,12.3991872133482
495,7.75,7,7.74993375379136,7.00003981558805,6.77638609073429,6.86710714690644,15.4998675075827,14.0000796311761,14.1914949036975,12.3992117787924
495.1,7.75,7,7.74993375266182,7.00003979507886,6.77638868755395,6.86710509221475,15.4998675053236,14.0000795901577,14.1914681446179,12.3992363266554
495.2,7.75,7,7.74993375393367,7.00003977454915,6.77639062678169,6.86710304575777,15.4998675078673,14.0000795490983,14.1914414025734,12.3992608602067
495.3,7.75,7,7.74993375606795,7.00003975401636,6.77639232853085,6.86710100314729,15.4998675121359,14.0000795080327,14.1914146775693,12.3992853780221
495.4,7.75,7,7.74993375462597,7.00003973353039,6.7763950046088,6.86709895165034,15.4998675092519,14.0000794670608,14.1913879686799,12.3993098769043
495.5,7.75,7,7.74993375455889,7.00003971303648,6.77639730302029,6.86709690565742,15.4998675091178,14.000079426073,14.1913612792434,12.3993343581859
495.6,7.75,7,7.74993375676811,7.00003969252322,6.77639897807607,6.86709486748191,15.4998675135362,14.0000793850464,14.1913346061025,12.3993588257626
495.7,7.75,7,7.74993375620312,7.00003967204795,6.77640140844052,6.86709282275601,15.4998675124062,14.0000793440959,14.1913079496812,12.3993832745632
495.8,7.75,7,7.74993375636741,7.00003965157135,6.77640363760748,6.86709078154088,15.4998675127348,14.0000793031427,14.1912813108469,12.3994077069812
495.9,7.75,7,7.74993375682392,7.00003963109841,6.77640578487993,6.86708874259487,15.4998675136478,14.0000792621968,14.1912546896584,12.3994321225576
496,7.75,7,7.74993375667506,7.00003961063869,6.77640809547421,6.86708670323373,15.4998675133501,14.0000792212774,14.1912280845854,12.3994565219488
496.1,7.75,7,7.74993375720591,7.00003959017858,6.77641021829956,6.86708466731192,15.4998675144118,14.0000791803572,14.1912014979628,12.3994809040784
496.2,7.75,7,7.74993375724676,7.00003956973054,6.7764124729054,6.86708263133573,15.4998675144935,14.0000791394611,14.1911749278487,12.3995052697509
496.3,7.75,7,7.74993375730565,7.00003954928875,6.77641472063048,6.86708059673348,15.4998675146113,14.0000790985775,14.1911483739924,12.3995296196792
496.4,7.75,7,7.74993375805414,7.00003952884665,6.7764167778336,6.8670785656352,15.4998675161083,14.0000790576933,14.1911218390386,12.3995539519208
496.5,7.75,7,7.74993375802841,7.00003950842003,6.77641904435728,6.86707653370163,15.4998675160568,14.0000790168401,14.1910953209603,12.3995782670909
496.6,7.75,7,7.74993375746429,7.00003948800603,6.77642145588268,6.86707450156809,15.4998675149286,14.0000789760121,14.1910688193019,12.3996025658499
496.7,7.75,7,7.74993375845617,7.00003946758117,6.77642344060367,6.86707247525124,15.4998675169123,14.0000789351623,14.1910423346081,12.3996268496038
496.8,7.75,7,7.74993375989942,7.00003944715795,6.77642530006547,6.86707045160107,15.4998675197988,14.0000788943159,14.1910158668798,12.3996511173338
496.9,7.75,7,7.74993375939318,7.00003942676317,6.77642768980044,6.86706842368565,15.4998675187864,14.0000788535263,14.1909894150664,12.3996753678431
497,7.75,7,7.74993375951622,7.00003940636887,6.77642990545927,6.86706639911443,15.4998675190324,14.0000788127377,14.1909629823145,12.399699600464
497.1,7.75,7,7.74993376028325,7.00003938597358,6.7764319434271,6.86706437766016,15.4998675205665,14.0000787719472,14.1909365653144,12.3997238184182
497.2,7.75,7,7.74993376000027,7.00003936559748,6.77643426583936,6.86706235469442,15.4998675200005,14.000078731195,14.1909101665551,12.3997480177322
497.3,7.75,7,7.74993376040808,7.00003934521994,6.77643639776603,6.86706033499052,15.4998675208162,14.0000786904399,14.1908837836903,12.3997722022867
497.4,7.75,7,7.7499337605868,7.00003932485242,6.77643859000376,6.8670583161404,15.4998675211736,14.0000786497048,14.1908574193681,12.3997963686688
497.5,7.75,7,7.7499337605187,7.00003930449398,6.77644084774268,6.86705629785722,15.4998675210374,14.000078608988,14.1908310706825,12.3998205196783
497.6,7.75,7,7.74993376115155,7.00003928413418,6.7764429121671,6.86705428290056,15.4998675223031,14.0000785682684,14.1908047383341,12.3998446555123
497.7,7.75,7,7.74993376142394,7.00003926378617,6.77644507269049,6.86705226847395,15.4998675228479,14.0000785275723,14.1907784251587,12.3998687724463
497.8,7.75,7,7.74993376070206,7.00003924345592,6.77644750269932,6.86705025252141,15.4998675214041,14.0000784869118,14.1907521280981,12.399892872858
497.9,7.75,7,7.74993376129338,7.00003922311758,6.77644957220393,6.86704824167898,15.4998675225868,14.0000784462352,14.1907258478425,12.3999169582101
498,7.75,7,7.74993376275526,7.00003920277616,6.77645140204211,6.86704623468381,15.4998675255105,14.0000784055523,14.1906995843859,12.3999410281008
498.1,7.75,7,7.74993376191148,7.0000391824675,6.77645385931764,6.86704422244882,15.499867523823,14.000078364935,14.1906733373641,12.3999650799526
498.2,7.75,7,7.74993376078722,7.00003916216879,6.77645639114888,6.86704221077328,15.4998675215744,14.0000783243376,14.1906471070761,12.3999891153463
498.3,7.75,7,7.74993376335936,7.00003914183527,6.77645791182619,6.86704021105239,15.4998675267187,14.0000782836705,14.1906208941956,12.4000131373011
498.4,7.75,7,7.74993376425716,7.0000391215278,6.7764598874763,6.86703820797578,15.4998675285143,14.0000782430556,14.1905946987854,12.4000371408011
498.5,7.75,7,7.74993376278391,7.00003910125371,6.776462508458,6.86703619944425,15.4998675255678,14.0000782025074,14.1905685194627,12.4000611265427
498.6,7.75,7,7.74993376396486,7.00003908095675,6.77646440275787,6.86703419991631,15.4998675279297,14.0000781619135,14.1905423578086,12.4000850976348
498.7,7.75,7,7.74993376397699,7.00003906067949,6.77646661422143,6.86703219834727,15.499867527954,14.000078121359,14.1905162120658,12.4001090522508
498.8,7.75,7,7.74993376392359,7.0000390404103,6.77646884141206,6.86703019805035,15.4998675278472,14.0000780808206,14.1904900842921,12.400132989419
498.9,7.75,7,7.749933764385,7.00003902014176,6.776470926162,6.86702820051109,15.49986752877,14.0000780402835,14.1904639724032,12.4001569116929
499,7.75,7,7.74993376420261,7.00003899988785,6.77647318449913,6.8670262025966,15.4998675284052,14.0000779997757,14.1904378785069,12.4001808159651
499.1,7.75,7,7.74993376456436,7.00003897963414,6.77647529242573,6.86702420749723,15.4998675291287,14.0000779592683,14.1904118001751,12.4002047056822
499.2,7.75,7,7.74993376487392,7.0000389593883,6.7764774124666,6.8670222136926,15.4998675297478,14.0000779187766,14.1903857396286,12.4002285781468
499.3,7.75,7,7.74993376449175,7.00003893915718,6.77647971931626,6.86702021928086,15.4998675289835,14.0000778783144,14.1903596959052,12.4002524337005
499.4,7.75,7,7.74993376491686,7.00003891892371,6.77648180380733,6.86701822851423,15.4998675298337,14.0000778378474,14.1903336687312,12.4002762739928
499.5,7.75,7,7.74993376581225,7.0000388986917,6.77648375792939,6.86701624043116,15.4998675316245,14.0000777973834,14.1903076580999,12.4003000987202
499.6,7.75,7,7.7499337649112,7.00003887848686,6.77648620045895,6.86701424857549,15.4998675298224,14.0000777569737,14.1902816641083,12.4003239056981
499.7,7.75,7,7.74993376414196,7.00003885828734,6.77648860502026,6.86701225843753,15.4998675282839,14.0000777165747,14.1902556866541,12.4003476968062
499.8,7.75,7,7.74993376634883,7.00003883806093,6.77649019516079,6.8670102781287,15.4998675326977,14.0000776761219,14.190229725745,12.4003714746632
499.9,7.75,7,7.74993376776911,7.00003881785058,6.77649199794651,6.86700829698557,15.4998675355382,14.0000776357012,14.190203782201,12.4003952350048
500,7.75,7,7.74993376556545,7.00003879768851,6.77649478790543,6.86700630693298,15.4998675311309,14.000077595377,14.1901778562195,12.4004189750231
500.1,7.75,7,7.7499337665866,7.00003877749636,6.77649669567156,6.86700432733937,15.4998675331732,14.0000775549927,14.1901519458088,12.4004427029651
500.2,7.75,7,7.74993376812426,7.00003875730524,6.77649846044037,6.86700235056896,15.4998675362485,14.0000775146105,14.1901260520461,12.4004664152914
500.3,7.75,7,7.74993376696083,7.00003873715186,6.77650096049089,6.86700036749924,15.4998675339217,14.0000774743037,14.1901001755848,12.4004901084019
500.4,7.75,7,7.74993376746404,7.00003871698651,6.77650300357494,6.86699839053198,15.4998675349281,14.000077433973,14.190074315768,12.4005137869638
500.5,7.75,7,7.74993376742458,7.00003869683397,6.77650519287646,6.86699641331904,15.4998675348492,14.0000773936679,14.1900484720051,12.40053744951
500.6,7.75,7,7.74993376746362,7.00003867668791,6.77650735861557,6.86699443777102,15.4998675349272,14.0000773533758,14.1900226460144,12.4005610949546
500.7,7.75,7,7.74993376789115,7.0000386565438,6.77650941646654,6.86699246456985,15.4998675357823,14.0000773130876,14.189996835305,12.4005847259916
500.8,7.75,7,7.74993376763222,7.00003863641503,6.77651165953498,6.86699049088376,15.4998675352644,14.0000772728301,14.1899710427598,12.4006083388448
500.9,7.75,7,7.74993376787232,7.00003861628741,6.77651376441641,6.8669885199457,15.4998675357446,14.0000772325748,14.1899452665591,12.4006319363674
501,7.75,7,7.7499337684493,7.00003859616266,6.77651577540961,6.86698655126776,15.4998675368986,14.0000771923253,14.1899195063887,12.4006555187146
501.1,7.75,7,7.74993376778545,7.00003857605893,6.77651812312683,6.86698458040618,15.4998675355709,14.0000771521179,14.1898937629321,12.4006790837711
501.2,7.75,7,7.74993376741132,7.00003855595871,6.77652038980569,6.86698261168843,15.4998675348226,14.0000771119174,14.1898680357331,12.4007026333913
501.3,7.75,7,7.7499337689676,7.00003853584353,6.77652212753281,6.86698064981101,15.4998675379352,14.0000770716871,14.1898423250125,12.4007261688772
501.4,7.75,7,7.7499337699601,7.00003851574188,6.77652401711906,6.86697868770934,15.4998675399202,14.0000770314838,14.189816631364,12.4007496873548
501.5,7.75,7,7.74993376892087,7.00003849567047,6.77652645926328,6.8669767212144,15.4998675378417,14.0000769913409,14.189790954998,12.4007731872672
501.6,7.75,7,7.74993376938925,7.00003847558841,6.7765284880191,6.86697476025821,15.4998675387785,14.0000769511768,14.189765293931,12.4007966737975
501.7,7.75,7,7.74993376958584,7.00003845551687,6.77653058884323,6.86697279996353,15.4998675391717,14.0000769110337,14.1897396505948,12.4008201429565
501.8,7.75,7,7.7499337693755,7.00003843545644,6.77653279889948,6.86697083976073,15.499867538751,14.0000768709129,14.1897140227163,12.4008435968154
501.9,7.75,7,7.74993376981539,7.00003841539602,6.7765348293512,6.8669688828331,15.4998675396308,14.000076830792,14.1896884123786,12.4008670343398
502,7.75,7,7.74993376962689,7.00003839534926,6.77653702948035,6.86696692537074,15.4998675392538,14.0000767906985,14.1896628175612,12.4008904563014
502.1,7.75,7,7.74993376966916,7.00003837530724,6.77653916452169,6.86696496998125,15.4998675393383,14.0000767506145,14.1896372402115,12.4009138616144
502.2,7.75,7,7.74993377026856,7.00003835526592,6.77654114548623,6.86696301752357,15.4998675405371,14.0000767105318,14.1896116794448,12.4009372514352
502.3,7.75,7,7.74993376991559,7.00003833524229,6.7765433844772,6.86696106367306,15.4998675398312,14.0000766704846,14.1895861350144,12.40096062461
502.4,7.75,7,7.74993376937236,7.00003831522754,6.77654567349399,6.86695911057121,15.4998675387447,14.0000766304551,14.1895606065287,12.400983982221
502.5,7.75,7,7.74993377049688,7.00003829520083,6.77654750528175,6.86695716354694,15.4998675409938,14.0000765904017,14.1895350943664,12.4010073256187
502.6,7.75,7,7.7499337716326,7.00003827518091,6.77654933205572,6.86695521787681,15.4998675432652,14.0000765503618,14.1895095985343,12.401030653269
502.7,7.75,7,7.74993376961591,7.00003825520375,6.77655201739709,6.86695326456654,15.4998675392318,14.0000765104075,14.189484119369,12.401053961928
502.8,7.75,7,7.74993376973461,7.00003823520981,6.77655411771804,6.86695131875664,15.4998675394692,14.0000764704196,14.1894586576332,12.4010772557418
502.9,7.75,7,7.74993377220099,7.00003821519606,6.776555575247,6.86694938093037,15.499867544402,14.0000764303921,14.1894332118196,12.4011005363615
503,7.75,7,7.74993377156049,7.00003819522396,6.77655787908758,6.86694743547599,15.499867543121,14.0000763904479,14.189407781221,12.401123799436
503.1,7.75,7,7.74993377103676,7.00003817525813,6.7765601489153,6.86694549179789,15.4998675420735,14.0000763505163,14.1893823684543,12.4011470454176
503.2,7.75,7,7.74993377222634,7.00003815527954,6.77656194916924,6.86694355426539,15.4998675444527,14.0000763105591,14.1893569712546,12.4011702779654
503.3,7.75,7,7.74993377161254,7.00003813532867,6.77656423966887,6.86694161297536,15.4998675432251,14.0000762706573,14.1893315911697,12.4011934923422
503.4,7.75,7,7.74993377177338,7.00003811537561,6.77656631685655,6.86693967514205,15.4998675435468,14.0000762307512,14.1893062265038,12.4012166925638
503.5,7.75,7,7.74993377184638,7.00003809543121,6.77656841587866,6.86693773850801,15.4998675436928,14.0000761908624,14.1892808797552,12.401239875426
503.6,7.75,7,7.74993377166269,7.00003807549598,6.77657058321942,6.86693580232639,15.4998675433254,14.000076150992,14.189255547645,12.4012630439361
503.7,7.75,7,7.74993377208175,7.00003805556157,6.77657258388156,6.86693386930672,15.4998675441635,14.0000761111231,14.1892302333725,12.4012861958035
503.8,7.75,7,7.74993377194226,7.00003803564047,6.77657473506931,6.86693193601181,15.4998675438845,14.0000760712809,14.1892049353864,12.4013093314532
503.9,7.75,7,7.74993377162564,7.00003801572801,6.77657693275879,6.86693000346334,15.4998675432513,14.000076031456,14.1891796528724,12.4013324520236
504,7.75,7,7.74993377232122,7.000037995811,6.7765788522054,6.8669280751017,15.4998675446424,14.000075991622,14.189154386435,12.4013555580305
504.1,7.75,7,7.74993377298943,7.00003797590122,6.77658077719999,6.86692614796235,15.4998675459789,14.0000759518024,14.189129136075,12.4013786485147
504.2,7.75,7,7.74993377124793,7.00003795602622,6.77658335792365,6.86692421536196,15.4998675424959,14.0000759120524,14.1891039031565,12.4014017199638
504.3,7.75,7,7.74993377130638,7.00003793613791,6.77658544532371,6.86692228921921,15.4998675426128,14.0000758722758,14.1890786866204,12.4014247772852
504.4,7.75,7,7.74993377356875,7.00003791623158,6.77658692916165,6.86692037066149,15.4998675471375,14.0000758324632,14.1890534861643,12.4014478211442
504.5,7.75,7,7.74993377334778,7.00003789636012,6.77658908904658,6.86691844628516,15.4998675466956,14.0000757927202,14.1890283013279,12.4014708476592
504.6,7.75,7,7.74993377165956,7.00003787651215,6.7765916475593,6.86691651901408,15.4998675433191,14.0000757530243,14.1890031324377,12.4014938574547
504.7,7.75,7,7.74993377360525,7.00003785663048,6.77659321200948,6.86691460349544,15.4998675472105,14.000075713261,14.1889779807392,12.4015168540397
504.8,7.75,7,7.74993377378606,7.00003783677564,6.77659525635548,6.8669126842212,15.4998675475721,14.0000756735513,14.1889528448394,12.4015398337746
504.9,7.75,7,7.74993377310443,7.00003781693764,6.7765975341811,6.86691076380924,15.4998675462089,14.0000756338753,14.18892772529,12.401562796962
505,7.75,7,7.74993377368143,7.00003779709226,6.77659946652252,6.86690884826528,15.4998675473629,14.0000755941845,14.188902621562,12.4015857460702
505.1,7.75,7,7.74993377326647,7.00003777726559,6.77660166759809,6.86690693128319,15.4998675465329,14.0000755545312,14.1888775350393,12.40160867769
505.2,7.75,7,7.74993377341942,7.00003775743896,6.77660371185799,6.86690501712394,15.4998675468388,14.0000755148779,14.1888524634064,12.4016315954927
505.3,7.75,7,7.74993377349055,7.00003773762108,6.77660577630294,6.86690310418602,15.4998675469811,14.0000754752422,14.1888274097744,12.4016544958831
505.4,7.75,7,7.74993377322183,7.00003771781362,6.77660793171786,6.86690119149647,15.4998675464437,14.0000754356272,14.188802371209,12.4016773814502
505.5,7.75,7,7.74993377358983,7.00003769800574,6.77660991145507,6.8668992818815,15.4998675471797,14.0000753960115,14.1887773482244,12.4017002526013
505.6,7.75,7,7.7499337738892,7.00003767820587,6.77661190794614,6.86689737340842,15.4998675477784,14.0000753564117,14.188752341795,12.4017231077479
505.7,7.75,7,7.74993377283062,7.0000376584287,6.77661427312997,6.86689546241937,15.4998675456612,14.0000753168574,14.1887273521553,12.4017459454757
505.8,7.75,7,7.74993377296908,7.00003763864499,6.77661630962172,6.8668935561384,15.4998675459382,14.00007527729,14.1887023785406,12.4017687688799
505.9,7.75,7,7.74993377443218,7.00003761885329,6.77661798259179,6.86689165492834,15.4998675488644,14.0000752377066,14.1886774209397,12.4017915780905
506,7.75,7,7.74993377447283,7.00003759908437,6.77662004204562,6.86688975089234,15.4998675489457,14.0000751981687,14.1886524785709,12.4018143713252
506.1,7.75,7,7.74993377370179,7.00003757933173,6.77662232114776,6.86688784584897,15.4998675474036,14.0000751586635,14.1886275523886,12.4018371482303
506.2,7.75,7,7.74993377439086,7.00003755957012,6.77662419959914,6.86688594636035,15.4998675487817,14.0000751191402,14.1886026434304,12.4018599099048
506.3,7.75,7,7.74993377409859,7.00003753982623,6.77662634414584,6.86688404528683,15.4998675481972,14.0000750796525,14.1885777494997,12.4018826562109
506.4,7.75,7,7.74993377410173,7.00003752008649,6.77662840601195,6.8668821464333,15.4998675482035,14.000075040173,14.1885528726293,12.4019053863714
506.5,7.75,7,7.74993377434482,7.00003750035075,6.77663040055051,6.86688024949528,15.4998675486896,14.0000750007015,14.1885280110078,12.4019281020795
506.6,7.75,7,7.74993377395759,7.00003748062967,6.77663256511608,6.86687835213817,15.4998675479152,14.0000749612593,14.1885031664583,12.4019508007789
506.7,7.75,7,7.74993377415468,7.00003746090877,6.77663456832842,6.86687645769216,15.4998675483094,14.0000749218175,14.1884783373284,12.4019734851815
506.8,7.75,7,7.74993377458671,7.00003744119202,6.77663650556385,6.86687456516043,15.4998675491734,14.000074882384,14.1884535236127,12.4019961549711
506.9,7.75,7,7.74993377361205,7.00003742149834,6.77663882487356,6.86687266992212,15.4998675472241,14.0000748429967,14.188428726061,12.4020188079122
507,7.75,7,7.74993377335124,7.00003740180388,6.77664094733374,6.86687077805429,15.4998675467025,14.0000748036078,14.1884039450467,12.4020414456038
507.1,7.75,7,7.7499337748197,7.00003738209711,6.7766425957708,6.86686889244136,15.4998675496394,14.0000747641942,14.1883791804333,12.4020640691158
507.2,7.75,7,7.74993377490868,7.00003736241293,6.77664461890426,6.86686700416379,15.4998675498174,14.0000747248259,14.1883544315453,12.4020866762295
507.3,7.75,7,7.74993377301171,7.00003734275834,6.77664718226065,6.86686511151683,15.4998675460234,14.0000746855167,14.1883296986905,12.4021092660903
507.4,7.75,7,7.74993377426718,7.00003732307493,6.77664888319754,6.86686322910775,15.4998675485344,14.0000746461499,14.1883049813053,12.4021318439838
507.5,7.75,7,7.74993377627115,7.00003730338992,6.77665037795542,6.86686135008253,15.4998675525423,14.0000746067798,14.1882802794051,12.4021544076774
507.6,7.75,7,7.74993377445767,7.00003728375571,6.7766529127852,6.86685946154641,15.4998675489153,14.0000745675114,14.1882555945477,12.40217695146
507.7,7.75,7,7.74993377474997,7.00003726410441,6.77665487095823,6.8668575802365,15.4998675494999,14.0000745282088,14.1882309248288,12.4021994826307
507.8,7.75,7,7.74993377524487,7.00003724445823,6.77665677183766,6.8668557008482,15.4998675504897,14.0000744889165,14.1882062717692,12.4022219979717
507.9,7.75,7,7.74993377452735,7.00003722483244,6.77665900190496,6.86685381920736,15.4998675490547,14.0000744496649,14.1881816336458,12.4022444978348
508,7.75,7,7.74993377485225,7.00003720520257,6.7766609453393,6.86685194193459,15.4998675497045,14.0000744104051,14.1881570128234,12.4022669820288
508.1,7.75,7,7.7499337745653,7.00003718558614,6.77666305406182,6.86685006409186,15.4998675491306,14.0000743711723,14.1881324065674,12.4022894516565
508.2,7.75,7,7.74993377454149,7.00003716597452,6.77666508887095,6.86684818840504,15.499867549083,14.000074331949,14.1881078177397,12.4023119047757
508.3,7.75,7,7.74993377484608,7.00003714636576,6.77666703227548,6.86684631483949,15.4998675496922,14.0000742927315,14.1880832436039,12.4023343440779
508.4,7.75,7,7.74993377427393,7.00003712677397,6.7766692131411,6.86684444004162,15.4998675485479,14.0000742535479,14.188058685191,12.4023567674609
508.5,7.75,7,7.74993377411428,7.00003710718493,6.77667127942544,6.86684256775361,15.4998675482286,14.0000742143699,14.1880341433171,12.4023791753312
508.6,7.75,7,7.74993377492449,7.00003708759218,6.77667307901978,6.86684069953615,15.499867549849,14.0000741751844,14.1880096176278,12.4024015685453
508.7,7.75,7,7.74993377463923,7.00003706801887,6.77667517579191,6.86683882945793,15.4998675492785,14.0000741360377,14.1879851076063,12.4024239456942
508.8,7.75,7,7.7499337732155,7.00003704846546,6.77667758149187,6.86683695738998,15.499867546431,14.0000740969309,14.1879606131752,12.4024463068139
508.9,7.75,7,7.74993377421685,7.00003702889163,6.77667932331135,6.86683509349729,15.4998675484337,14.0000740577833,14.1879361343728,12.4024686551575
509,7.75,7,7.74993377602777,7.00003700931567,6.77668084226462,6.86683323317345,15.4998675520555,14.0000740186313,14.1879116712059,12.4024909892284
509.1,7.75,7,7.74993377421688,7.00003698978739,6.77668334815892,6.86683136371226,15.4998675484338,14.0000739795748,14.1878872228129,12.4025133057652
509.2,7.75,7,7.74993377390752,7.00003697025022,6.77668544201025,6.86682949998215,15.499867547815,14.0000739405004,14.1878627924027,12.4025356064155
509.3,7.75,7,7.74993377579794,7.00003695069483,6.7766869335872,6.86682764371761,15.4998675515959,14.0000739013897,14.1878383767917,12.4025578948827
509.4,7.75,7,7.74993377489175,7.0000369311781,6.77668918675404,6.86682578072385,15.4998675497835,14.0000738623562,14.1878139766396,12.4025801659224
509.5,7.75,7,7.74993377476435,7.00003691165978,6.77669122541735,6.86682392123978,15.4998675495287,14.0000738233196,14.187789592484,12.4026024223197
509.6,7.75,7,7.74993377489579,7.00003689214594,6.77669319147127,6.86682206380888,15.4998675497916,14.0000737842919,14.18776522465,12.4026246632832
509.7,7.75,7,7.74993377444238,7.00003687264536,6.77669531543135,6.86682020589157,15.4998675488848,14.0000737452907,14.1877408714797,12.4026468896275
509.8,7.75,7,7.74993377467116,7.0000368531448,6.77669725113146,6.8668183512941,15.4998675493423,14.0000737062896,14.1877165353721,12.4026691002196
509.9,7.75,7,7.74993377439374,7.0000368336568,6.77669932322174,6.86681649646381,15.4998675487875,14.0000736673136,14.1876922142937,12.4026912959159
510,7.75,7,7.74993377415729,7.0000368141752,6.77670138233009,6.8668146429664,15.4998675483146,14.0000736283504,14.1876679083131,12.4027134771566
510.1,7.75,7,7.74993377459545,7.00003679469378,6.77670325523037,6.86681279277628,15.4998675491909,14.0000735893876,14.1876436195106,12.4027356425307
510.2,7.75,7,7.74993377424126,7.00003677522839,6.7767053425818,6.86681094157465,15.4998675484825,14.0000735504568,14.1876193462039,12.4027577923001
510.3,7.75,7,7.74993377338046,7.00003675577561,6.77670756643569,6.86680909014251,15.4998675467609,14.0000735115512,14.1875950879746,12.4027799271311
510.4,7.75,7,7.74993377409118,7.00003673631214,6.77670935943099,6.86680724444505,15.4998675481824,14.0000734726243,14.1875708453093,12.4028020484758
510.5,7.75,7,7.74993377521889,7.00003671685106,6.77671103673867,6.86680540119006,15.4998675504378,14.0000734337021,14.1875466182101,12.4028241552674
510.6,7.75,7,7.74993377438479,7.00003669741891,6.77671324783891,6.86680355352524,15.4998675487696,14.0000733948378,14.187522405823,12.402846246131
510.7,7.75,7,7.74993377421892,7.00003667798713,6.77671527445645,6.86680170916097,15.4998675484378,14.0000733559743,14.1874982107633,12.4028683209853
510.8,7.75,7,7.74993377466162,7.00003665855513,6.77671713320577,6.86679986770637,15.4998675493232,14.0000733171103,14.1874740302903,12.4028903824063
510.9,7.75,7,7.74993377407737,7.00003663914237,6.77671927032006,6.86679802465973,15.4998675481547,14.0000732782847,14.1874498664198,12.4029124269513
511,7.75,7,7.74993377418648,7.00003661972852,6.77672121640307,6.86679618477489,15.499867548373,14.000073239457,14.1874257172662,12.4029344580182
511.1,7.75,7,7.74993377404953,7.0000366003252,6.77672322764374,6.86679434554808,15.4998675480991,14.0000732006504,14.1874015850062,12.4029564726528
511.2,7.75,7,7.74993377368036,7.00003658093112,6.77672530056455,6.86679250681485,15.4998675473607,14.0000731618622,14.1873774671072,12.4029784732982
511.3,7.75,7,7.74993377401496,7.00003656153603,6.77672717956402,6.8667906713078,15.4998675480299,14.0000731230721,14.1873533643594,12.4030004600613
511.4,7.75,7,7.74993377396256,7.00003654215336,6.7767291621317,6.86678883610054,15.4998675479251,14.0000730843067,14.1873292790516,12.4030224297413
511.5,7.75,7,7.7499337729465,7.00003652278841,6.7767314060033,6.86678699933585,15.499867545893,14.0000730455768,14.1873052085404,12.4030443843422
511.6,7.75,7,7.74993377325826,7.00003650341555,6.77673328556239,6.86678516759806,15.4998675465165,14.0000730068311,14.1872811534462,12.4030663253848
511.7,7.75,7,7.74993377440825,7.0000364840403,6.7767349344594,6.86678333949058,15.4998675488165,14.0000729680806,14.1872571137646,12.4030882524228
511.8,7.75,7,7.74993377321447,7.00003646469856,6.77673722138075,6.86678150591208,15.4998675464289,14.0000729293971,14.1872330891557,12.4031101628456
511.9,7.75,7,7.74993377180851,7.00003644536631,6.77673956439583,6.86677967296287,15.499867543617,14.0000728907326,14.1872090798911,12.4031320583616
512,7.75,7,7.74993377411235,7.00003642599953,6.77674089276504,6.86677785189045,15.4998675482247,14.0000728519991,14.1871850867609,12.403153941834
512.1,7.75,7,7.74993377465235,7.00003640666006,6.77674270075475,6.86677602706288,15.4998675493047,14.0000728133201,14.1871611094791,12.4031758084863
512.2,7.75,7,7.74993377289412,7.00003638735345,6.77674513437261,6.86677419686751,15.4998675457882,14.0000727747069,14.1871371469425,12.4031976588833
512.3,7.75,7,7.74993377379921,7.00003636802426,6.77674683899652,6.86677237558125,15.4998675475984,14.0000727360485,14.1871132007489,12.4032194960744
512.4,7.75,7,7.74993377348259,7.00003634871563,6.7767488754103,6.86677055197391,15.4998675469652,14.0000726974313,14.1870892690153,12.4032413182791
512.5,7.75,7,7.74993377314563,7.00003632941494,6.77675091539778,6.86676872964387,15.4998675462913,14.0000726588299,14.1870653538877,12.4032631245508
512.6,7.75,7,7.74993377329439,7.00003631011554,6.77675282105651,6.86676690987151,15.4998675465888,14.0000726202311,14.1870414533439,12.4032849172955
512.7,7.75,7,7.74993377281423,7.00003629083089,6.7767548964512,6.86676508962369,15.4998675456285,14.0000725816618,14.1870175691933,12.4033066937514
512.8,7.75,7,7.74993377288202,7.0000362715467,6.7767568205656,6.86676327208635,15.499867545764,14.0000725430934,14.186993699322,12.4033284570315
512.9,7.75,7,7.74993377287634,7.00003625227102,6.77675876277708,6.86676145566414,15.4998675457527,14.000072504542,14.186969845929,12.403350204456
513,7.75,7,7.74993377219962,7.00003623301009,6.77676088635048,6.86675963855861,15.4998675443992,14.0000724660202,14.1869460078406,12.4033719365989
513.1,7.75,7,7.74993377233875,7.00003621374701,6.77676278540399,6.86675782499988,15.4998675446775,14.000072427494,14.1869221849347,12.4033936549508
513.2,7.75,7,7.74993377292953,7.00003619448592,6.77676455935651,6.86675601394887,15.4998675458591,14.0000723889718,14.1868983772055,12.4034153591819
513.3,7.75,7,7.74993377169506,7.00003617525264,6.77676682976322,6.86675419892004,15.4998675433901,14.0000723505053,14.1868745847456,12.4034370471027
513.4,7.75,7,7.74993377064354,7.00003615602439,6.77676904841997,6.86675238563226,15.4998675412871,14.0000723120488,14.1868508074588,12.4034587206602
513.5,7.75,7,7.74993377259215,7.0000361367693,6.77677044628234,6.86675058211919,15.4998675451843,14.0000722735386,14.1868270453482,12.4034803824524
513.6,7.75,7,7.74993377364302,7.00003611753192,6.77677208729992,6.86674877733945,15.499867547286,14.0000722350638,14.1868032993339,12.4035020280014
513.7,7.75,7,7.7499337711629,7.000036098342,6.77677469033692,6.86674696376971,15.4998675423258,14.000072196684,14.1867795692398,12.4035236550465
513.8,7.75,7,7.7499337719303,7.00003607912202,6.77677640514775,6.86674516060813,15.4998675438606,14.000072158244,14.186755853428,12.4035452714137
513.9,7.75,7,7.74993377311703,7.00003605990455,6.77677800365756,6.86674335988019,15.4998675462341,14.0000721198091,14.1867321530256,12.4035668734142
514,7.75,7,7.74993377166722,7.00003604072432,6.77678032003618,6.86674155289618,15.4998675433344,14.0000720814486,14.1867084683381,12.4035884579358
514.1,7.75,7,7.74993377188941,7.00003602153242,6.77678217815516,6.86673975191641,15.4998675437788,14.0000720430648,14.1866847990427,12.4036100292656
514.2,7.75,7,7.74993377153756,7.00003600235391,6.77678419124258,6.86673795047304,15.4998675430751,14.0000720047078,14.1866611443562,12.403631586081
514.3,7.75,7,7.74993377129151,7.00003598318196,6.77678617349365,6.86673615065155,15.499867542583,14.0000719663639,14.1866375061077,12.4036531272597
514.4,7.75,7,7.74993377142104,7.00003596401233,6.77678805156747,6.8667343530164,15.4998675428421,14.0000719280247,14.1866138817477,12.4036746554919
514.5,7.75,7,7.74993377085973,7.00003594485847,6.77679011623191,6.86673255476353,15.4998675417195,14.0000718897169,14.1865902742282,12.403696166969
514.6,7.75,7,7.74993377081207,7.00003592570583,6.77679203891325,6.86673075916765,15.4998675416241,14.0000718514117,14.1865666815571,12.4037176647102
514.7,7.75,7,7.74993377109035,7.00003590655647,6.77679387087004,6.86672896568199,15.4998675421807,14.0000718131129,14.1865431035919,12.4037391486795
514.8,7.75,7,7.74993377010942,7.00003588742864,6.77679604475185,6.86672716983752,15.4998675402188,14.0000717748573,14.1865195409723,12.4037606168028
514.9,7.75,7,7.74993376945048,7.00003586830424,6.77679812895982,6.86672537610946,15.499867538901,14.0000717366085,14.1864959932777,12.4037820709428
515,7.75,7,7.74993377073769,7.00003584916499,6.77679968010601,6.86672358914443,15.4998675414754,14.00007169833,14.1864724606984,12.4038035124173
515.1,7.75,7,7.74993377139435,7.00003583004039,6.77680140150335,6.86672180165112,15.4998675427887,14.0000716600808,14.1864489439384,12.4038249381758
515.2,7.75,7,7.74993377007054,7.00003581094566,6.77680366168258,6.86672000976621,15.4998675401411,14.0000716218913,14.1864254428265,12.4038463471368
515.3,7.75,7,7.74993377025968,7.00003579184055,6.77680550716886,6.86671822333245,15.4998675405194,14.0000715836811,14.1864019558789,12.4038677439454
515.4,7.75,7,7.74993377014569,7.00003577274656,6.77680743348809,6.86671643732924,15.4998675402914,14.0000715454931,14.1863784850671,12.4038891250401
515.5,7.75,7,7.74993376965402,7.00003575366366,6.77680946121137,6.86671465139744,15.499867539308,14.0000715073273,14.1863550285663,12.4039104920988
515.6,7.75,7,7.7499337697989,7.00003573458118,6.77681131327162,6.86671286856155,15.4998675395978,14.0000714691624,14.1863315880262,12.4039318444805
515.7,7.75,7,7.74993376930629,7.00003571551272,6.77681333766499,6.86671108505136,15.4998675386126,14.0000714310254,14.1863081617385,12.4039531826441
515.8,7.75,7,7.74993376906854,7.00003569644912,6.77681529056697,6.86670930356733,15.4998675381371,14.0000713928982,14.1862847516467,12.4039745055556
515.9,7.75,7,7.74993376937232,7.0000356773866,6.77681709384976,6.86670752483531,15.4998675387446,14.0000713547732,14.1862613566092,12.4039958145723
516,7.75,7,7.74993376870598,7.00003565834224,6.7768191601832,6.86670574453998,15.499867537412,14.0000713166845,14.1862379765693,12.404017108354
516.1,7.75,7,7.74993376788049,7.00003563930669,6.7768212682279,6.86670396496494,15.499867535761,14.0000712786134,14.1862146111669,12.4040383879945
516.2,7.75,7,7.74993376873755,7.00003562025928,6.77682291518188,6.86670219138889,15.4998675374751,14.0000712405186,14.1861912607372,12.4040596548741
516.3,7.75,7,7.74993376957299,7.0000356012193,6.7768245662638,6.86670041895271,15.499867539146,14.0000712024386,14.1861679252883,12.4040809074131
516.4,7.75,7,7.7499337672401,7.00003558222262,6.7768270804234,6.86669863872043,15.4998675344802,14.0000711644452,14.1861446052858,12.4041021422626
516.5,7.75,7,7.74993376711465,7.00003556320855,6.77682899010743,6.86669686605129,15.4998675342293,14.0000711264171,14.1861213010993,12.4041233640327
516.6,7.75,7,7.74993376927685,7.00003554417561,6.77683027356309,6.86669510107682,15.4998675385537,14.0000710883512,14.1860980115176,12.4041445739558
516.7,7.75,7,7.74993376828944,7.00003552518504,6.7768324151637,6.86669332823902,15.4998675365789,14.0000710503701,14.186074735881,12.4041657676446
516.8,7.75,7,7.74993376752357,7.00003550619991,6.77683449433727,6.86669155735367,15.4998675350471,14.0000710123998,14.1860514767168,12.4041869457964
516.9,7.75,7,7.74993376841868,7.00003548720279,6.77683611840789,6.86668979233914,15.4998675368374,14.0000709744056,14.1860282317008,12.4042081119619
517,7.75,7,7.74993376749527,7.0000354682339,6.77683823703387,6.86668802340701,15.4998675349905,14.0000709364678,14.1860050025034,12.4042292613341
517.1,7.75,7,7.74993376737607,7.00003544926274,6.77684013445058,6.86668625790153,15.4998675347521,14.0000708985255,14.1859817874446,12.40425039794
517.2,7.75,7,7.74993376714884,7.0000354303007,6.77684205941859,6.8666844933966,15.4998675342977,14.0000708606014,14.1859585887107,12.4042715188498
517.3,7.75,7,7.74993376667921,7.00003541134791,6.77684404896976,6.86668272927751,15.4998675333584,14.0000708226958,14.1859354034152,12.4042926266981
517.4,7.75,7,7.7499337668147,7.00003539239626,6.77684587137446,6.86668096820673,15.4998675336294,14.0000707847925,14.1859122346235,12.4043137193395
517.5,7.75,7,7.74993376637307,7.00003537345832,6.77684784957125,6.86667920667743,15.4998675327461,14.0000707469166,14.1858890806458,12.4043347972982
517.6,7.75,7,7.74993376577379,7.00003535452907,6.77684986912275,6.86667744583709,15.4998675315476,14.0000707090581,14.1858659408758,12.4043558615411
517.7,7.75,7,7.74993376619539,7.00003533559541,6.77685160823848,6.8666756890896,15.4998675323908,14.0000706711908,14.1858428158521,12.4043769126426
517.8,7.75,7,7.7499337665707,7.00003531666945,6.77685335824761,6.86667393339179,15.4998675331414,14.0000706333389,14.1858197055766,12.4043979496168
517.9,7.75,7,7.74993376452522,7.00003529777876,6.77685576718398,6.86667217208687,15.4998675290504,14.0000705955575,14.185796611478,12.4044189689084
518,7.75,7,7.74993376433586,7.00003527887429,6.77685766766328,6.86667041726489,15.4998675286717,14.0000705577486,14.1857735322324,12.4044399757306
518.1,7.75,7,7.74993376629818,7.00003525995265,6.77685897902062,6.8666686697602,15.4998675325964,14.0000705199053,14.1857504677357,12.4044609704563
518.2,7.75,7,7.74993376573225,7.0000352410666,6.77686097886037,6.86666691619262,15.4998675314645,14.0000704821332,14.1857274175544,12.4044819491806
518.3,7.75,7,7.74993376377975,7.00003522220339,6.77686335548455,6.86666515984154,15.4998675275595,14.0000704444068,14.1857043819859,12.4045029126742
518.4,7.75,7,7.74993376547432,7.00003520330665,6.77686473462727,6.86666341516484,15.4998675309486,14.0000704066133,14.1856813623276,12.4045238643458
518.5,7.75,7,7.74993376532507,7.0000351844378,6.77686661541024,6.86666166637867,15.4998675306501,14.0000703688756,14.1856583570085,12.4045448006275
518.6,7.75,7,7.74993376438725,7.00003516558527,6.77686870967342,6.86665991655361,15.4998675287745,14.0000703311705,14.1856353667962,12.4045657217619
518.7,7.75,7,7.74993376467712,7.00003514672588,6.77687046709212,6.86665817138192,15.4998675293542,14.0000702934518,14.1856123909756,12.4045866302932
518.8,7.75,7,7.7499337639663,7.00003512788561,6.77687249580197,6.86665642463088,15.4998675279326,14.0000702557712,14.1855894310685,12.4046075227132
518.9,7.75,7,7.74993376384127,7.00003510904535,6.7768743629992,6.86665468063391,15.4998675276825,14.0000702180907,14.1855664846952,12.4046284027582
519,7.75,7,7.74993376361659,7.00003509021439,6.77687625542986,6.86665293768612,15.4998675272332,14.0000701804288,14.1855435549756,12.4046492668193
519.1,7.75,7,7.74993376306689,7.00003507139384,6.77687823496603,6.86665119490893,15.4998675261338,14.0000701427877,14.1855206389643,12.4046701174997
519.2,7.75,7,7.74993376315909,7.00003505257305,6.77688003758395,6.86664945510622,15.4998675263182,14.0000701051461,14.1854977372441,12.4046909551369
519.3,7.75,7,7.74993376315102,7.00003503376094,6.77688186575583,6.86664771624656,15.499867526302,14.0000700675219,14.1854748508767,12.4047117780337
519.4,7.75,7,7.74993376181895,7.00003501497133,6.7768840535602,6.86664597483243,15.4998675236379,14.0000700299427,14.1854519797653,12.4047325851538
519.5,7.75,7,7.74993376169923,7.00003499617524,6.7768859086725,6.86664423805184,15.4998675233985,14.0000699923505,14.1854291233518,12.4047533793717
519.6,7.75,7,7.74993376287015,7.00003497737178,6.77688740972063,6.86664250612719,15.4998675257403,14.0000699547436,14.1854062816264,12.4047741607701
519.7,7.75,7,7.74993376259544,7.00003495859156,6.77688930375681,6.86664077119637,15.4998675251909,14.0000699171831,14.1853834538491,12.4047949275298
519.8,7.75,7,7.74993376156966,7.00003493982724,6.77689140105777,6.86663903532004,15.4998675231393,14.0000698796545,14.1853606410211,12.4048156793378
519.9,7.75,7,7.74993376197376,7.00003492105446,6.77689310617185,6.86663730477509,15.4998675239475,14.0000698421089,14.185337843864,12.4048364175201
520,7.75,7,7.74993376138766,7.00003490229978,6.77689507995158,6.86663557251956,15.4998675227753,14.0000698045996,14.1853150606186,12.4048571415214
520.1,7.75,7,7.7499337611164,7.00003488354922,6.77689696595188,6.86663384240361,15.4998675222328,14.0000697670984,14.1852922928944,12.4048778510123
520.2,7.75,7,7.74993376106621,7.00003486480315,6.77689878993458,6.86663211404824,15.4998675221324,14.0000697296063,14.1852695392974,12.4048985472366
520.3,7.75,7,7.74993376040124,7.00003484607175,6.7769007799063,6.86663038518339,15.4998675208025,14.0000696921435,14.1852468012467,12.4049192280703
520.4,7.75,7,7.74993376032585,7.00003482734069,6.77690260726242,6.86662865913107,15.4998675206517,14.0000696546814,14.1852240773389,12.4049398959642
520.5,7.75,7,7.74993376047406,7.00003480861412,6.77690437190535,6.86662693484727,15.4998675209481,14.0000696172282,14.1852013675695,12.4049605505858
520.6,7.75,7,7.74993375919761,7.00003478991105,6.77690652371168,6.86662520768755,15.4998675183952,14.0000695798221,14.1851786726377,12.4049811897475
520.7,7.75,7,7.74993375869125,7.0000347712069,6.77690846348299,6.86662348395154,15.4998675173825,14.0000695424138,14.1851559930572,12.4050018149868
520.8,7.75,7,7.74993375987126,7.00003475249105,6.77690994114159,6.86662176621347,15.4998675197425,14.0000695049821,14.1851333283451,12.4050224276105
520.9,7.75,7,7.7499337596342,7.00003473379843,6.77691180394069,6.8666200455873,15.4998675192684,14.0000694675969,14.1851106780506,12.4050430251847
521,7.75,7,7.7499337574787,7.00003471513486,6.77691418871105,6.8666183206658,15.4998675149574,14.0000694302697,14.1850880424551,12.4050636069791
521.1,7.75,7,7.74993375850258,7.00003469644237,6.77691570388035,6.86661660594494,15.4998675170052,14.0000693928847,14.1850654210458,12.405084178189
521.2,7.75,7,7.74993376021399,7.00003467774918,6.77691702968767,6.86661489432017,15.499867520428,14.0000693554984,14.1850428138394,12.405104736499
521.3,7.75,7,7.74993375808373,7.00003465910736,6.77691940235965,6.86661317299934,15.4998675161675,14.0000693182147,14.185020222381,12.4051252762572
521.4,7.75,7,7.74993375812749,7.00003464044779,6.77692117993577,6.86661145897635,15.499867516255,14.0000692808956,14.1849976446628,12.4051458049303
521.5,7.75,7,7.74993375831311,7.00003462179432,6.77692291696686,6.86660974658916,15.4998675166262,14.0000692435886,14.184975082348,12.4051663190588
521.6,7.75,7,7.74993375732846,7.00003460316093,6.77692497185916,6.86660803195293,15.4998675146569,14.0000692063219,14.184952533647,12.4051868191373
521.7,7.75,7,7.74993375738114,7.00003458452375,6.77692674170297,6.8666063215451,15.4998675147623,14.0000691690475,14.1849300008406,12.4052073050316
521.8,7.75,7,7.74993375680967,7.00003456590037,6.77692868034375,6.86660461043122,15.4998675136193,14.0000691318007,14.18490748147,12.4052277775512
521.9,7.75,7,7.74993375651526,7.00003454728182,6.77693054148445,6.86660290137456,15.4998675130305,14.0000690945636,14.1848849779564,12.4052482352227
522,7.75,7,7.74993375654091,7.00003452866642,6.77693231366199,6.86660119430737,15.4998675130818,14.0000690573328,14.1848624879179,12.4052686803552
522.1,7.75,7,7.74993375567832,7.00003451006833,6.77693432661559,6.86659948586074,15.4998675113566,14.0000690201367,14.1848400123157,12.4052891109189
522.2,7.75,7,7.7499337552625,7.0000344914729,6.77693621579847,6.86659777991455,15.499867510525,14.0000689829458,14.1848175520633,12.4053095272767
522.3,7.75,7,7.74993375579159,7.00003447287416,6.77693784530469,6.86659607783546,15.4998675115832,14.0000689457483,14.1847951064879,12.4053299305304
522.4,7.75,7,7.74993375519679,7.00003445429539,6.77693977992505,6.86659437369966,15.4998675103936,14.0000689085908,14.1847726752854,12.4053503190606
522.5,7.75,7,7.74993375351406,7.00003443573615,6.77694200984675,6.86659266760392,15.4998675070281,14.0000688714723,14.1847502583841,12.4053706929698
522.6,7.75,7,7.74993375428009,7.00003441715642,6.7769435696041,6.8665909696359,15.4998675085602,14.0000688343128,14.1847278558147,12.405391055494
522.7,7.75,7,7.74993375580264,7.00003439857536,6.77694492115456,6.86658927497057,15.4998675116053,14.0000687971507,14.1847054675856,12.4054114050641
522.8,7.75,7,7.74993375366686,7.00003438004259,6.77694726977453,6.86658757095862,15.4998675073337,14.0000687600852,14.1846830929482,12.4054317383183
522.9,7.75,7,7.74993375314157,7.00003436149994,6.77694917680902,6.86658587285773,15.4998675062831,14.0000687229999,14.1846607348213,12.4054520573424
523,7.75,7,7.74993375474821,7.00003434293998,6.77695050027023,6.86658418191318,15.4998675094964,14.00006868588,14.1846383901796,12.4054723654986
523.1,7.75,7,7.74993375353592,7.00003432441917,6.7769525915761,6.86658248407093,15.4998675070718,14.0000686488383,14.1846160598247,12.4054926574546
523.2,7.75,7,7.74993375315202,7.00003430589635,6.77695445503092,6.86658078975206,15.499867506304,14.0000686117927,14.1845937440116,12.4055129363353
523.3,7.75,7,7.7499337529935,7.00003428737863,6.77695625518555,6.86657909728068,15.499867505987,14.0000685747573,14.1845714432885,12.4055332010632
523.4,7.75,7,7.74993375227075,7.00003426887407,6.77695820779558,6.866577404265,15.4998675045415,14.0000685377481,14.1845491559009,12.4055534525801
523.5,7.75,7,7.74993375223263,7.00003425036978,6.77695997165426,6.86657571446073,15.4998675044653,14.0000685007396,14.1845268842851,12.4055736897211
523.6,7.75,7,7.74993375167212,7.00003423187835,6.77696187650934,6.86657402425847,15.4998675033442,14.0000684637567,14.184504626345,12.4055939133675
523.7,7.75,7,7.74993375117557,7.00003421339332,6.77696376225674,6.86657233535711,15.4998675023511,14.0000684267866,14.1844823824177,12.4056141237406
523.8,7.75,7,7.74993375133857,7.00003419490878,6.77696546611998,6.86657064958187,15.4998675026771,14.0000683898176,14.1844601540929,12.4056343198786
523.9,7.75,7,7.74993375069109,7.00003417644066,6.77696738956079,6.8665689626306,15.4998675013822,14.0000683528813,14.1844379399913,12.4056545017378
524,7.75,7,7.74993374956889,7.00003415798497,6.77696944096289,6.86656727543003,15.4998674991378,14.0000683159699,14.184415739728,12.4056746699948
524.1,7.75,7,7.74993375003372,7.0000341395186,6.77697105745209,6.86656559389403,15.4998675000674,14.0000682790372,14.1843935537377,12.4056948261404
524.2,7.75,7,7.74993375088102,7.00003412105519,6.77697256785104,6.8665639145879,15.499867501762,14.0000682421104,14.1843713820235,12.4057149690603
524.3,7.75,7,7.74993374975428,7.00003410262107,6.7769746155386,6.8665622307372,15.4998674995086,14.0000682052421,14.1843492239031,12.405735097229
524.4,7.75,7,7.7499337493348,7.000034084187,6.77697646830173,6.86656055015942,15.4998674986696,14.000068168374,14.1843270815255,12.4057552110788
524.5,7.75,7,7.74993374948835,7.00003406575336,6.77697816305084,6.8665588722928,15.4998674989767,14.0000681315067,14.1843049526489,12.4057753126185
524.6,7.75,7,7.74993374863812,7.00003404733881,6.77698013004116,6.86655719276871,15.4998674972762,14.0000680946776,14.184282838876,12.4057953988694
524.7,7.75,7,7.74993374848381,7.00003402892337,6.77698190545549,6.86655551631556,15.4998674969676,14.0000680578467,14.1842607387229,12.4058154728123
524.8,7.75,7,7.74993374806643,7.0000340105188,6.77698375087368,6.86655384033937,15.4998674961329,14.0000680210376,14.1842386539536,12.4058355318856
524.9,7.75,7,7.74993374743152,7.00003399212346,6.77698565412791,6.8665521647944,15.499867494863,14.0000679842469,14.1842165823682,12.4058555782238
525,7.75,7,7.74993374750315,7.00003397372733,6.77698736285493,6.86655049238434,15.4998674950063,14.0000679474547,14.1841945248268,12.4058756118627
525.1,7.75,7,7.74993374716119,7.00003395534404,6.77698918262418,6.86654882005935,15.4998674943224,14.0000679106881,14.1841724831409,12.4058956300475
525.2,7.75,7,7.74993374588633,7.0000339369783,6.77699125546949,6.86654714615702,15.4998674917727,14.0000678739566,14.1841504550353,12.4059156344622
525.3,7.75,7,7.74993374595388,7.00003391860464,6.77699296019127,6.86654547721014,15.4998674919078,14.0000678372093,14.1841284410675,12.4059356266783
525.4,7.75,7,7.74993374682722,7.00003390022914,6.77699444328461,6.86654381168808,15.4998674936544,14.0000678004583,14.184106441234,12.4059556062042
525.5,7.75,7,7.74993374531867,7.00003388188773,6.77699657498043,6.86654214047547,15.4998674906373,14.0000677637755,14.1840844552186,12.405975570399
525.6,7.75,7,7.74993374366646,7.00003386355521,6.77699874424025,6.86654046997449,15.4998674873329,14.0000677271104,14.1840624832672,12.4059955210957
525.7,7.75,7,7.74993374573734,7.00003384518825,6.7769998953947,6.86653881128192,15.4998674914747,14.0000676903765,14.1840405262625,12.4060154610258
525.8,7.75,7,7.74993374595467,7.00003382684971,6.77700155085579,6.86653714844915,15.4998674919093,14.0000676536994,14.1840185836267,12.4060353855915
525.9,7.75,7,7.74993374394694,7.00003380854334,6.77700381214197,6.86653548034819,15.4998674878939,14.0000676170867,14.1839966545003,12.4060552952673
526,7.75,7,7.74993374461155,7.00003379021454,6.77700534214338,6.86653382107205,15.4998674892231,14.0000675804291,14.1839747404833,12.4060751930546
526.1,7.75,7,7.74993374400146,7.00003377190697,6.77700721857783,6.86653215920779,15.4998674880029,14.0000675438139,14.1839528396006,12.4060950771871
526.2,7.75,7,7.74993374341637,7.00003375360706,6.77700908638749,6.86653049863728,15.4998674868327,14.0000675072141,14.183930954057,12.406114946771
526.3,7.75,7,7.74993374328781,7.00003373530893,6.7770108280028,6.86652884043517,15.4998674865756,14.0000674706179,14.1839090818972,12.4061348040628
526.4,7.75,7,7.74993374254528,7.0000337170255,6.77701273547138,6.86652718167188,15.4998674850906,14.000067434051,14.1838872246663,12.4061546466075
526.5,7.75,7,7.7499337423545,7.00003369874263,6.77701449078616,6.86652552552535,15.499867484709,14.0000673974853,14.1838653805299,12.4061744772243
526.6,7.75,7,7.74993374206891,7.00003368046876,6.77701627019027,6.86652387032433,15.4998674841378,14.0000673609375,14.1838435516533,12.4061942932607
526.7,7.75,7,7.74993374113307,7.00003366220949,6.77701822547315,6.86652221437775,15.4998674822661,14.000067324419,14.183821736693,12.4062140954808
526.8,7.75,7,7.74993374102165,7.00003364394813,6.77701995407027,6.86652056189124,15.4998674820433,14.0000672878963,14.1837999356551,12.4062338852408
526.9,7.75,7,7.74993374134317,7.00003362568913,6.77702156284713,6.86651891174804,15.4998674826863,14.0000672513783,14.183778148535,12.4062536621845
527,7.75,7,7.74993373981063,7.00003360745841,6.7770236761154,6.86651725743343,15.4998674796213,14.0000672149168,14.183756375421,12.4062734241178
527.1,7.75,7,7.74993373851235,7.00003358923231,6.77702572380441,6.8665156048952,15.4998674770247,14.0000671784646,14.1837346162222,12.4062931730554
527.2,7.75,7,7.74993374023813,7.00003357097922,6.77702694433733,6.86651396208871,15.4998674804763,14.0000671419584,14.183712870938,12.4063129115739
527.3,7.75,7,7.74993374095475,7.00003355274536,6.77702843860684,6.86651231759219,15.4998674819095,14.0000671054907,14.1836911405669,12.4063326350033
527.4,7.75,7,7.74993373823376,7.00003353455795,6.77703086960818,6.8665106644415,15.4998674764675,14.0000670691159,14.1836694246188,12.4063523415679
527.5,7.75,7,7.74993373878293,7.00003351634037,6.77703240636679,6.86650902165881,15.4998674775659,14.0000670326807,14.1836477217653,12.4063720387216
527.6,7.75,7,7.74993373965394,7.00003349812661,6.77703385359824,6.86650738092908,15.4998674793079,14.0000669962532,14.1836260331681,12.4063917226406
527.7,7.75,7,7.74993373795329,7.00003347994944,6.77703600118705,6.86650573400185,15.4998674759066,14.0000669598989,14.1836043588373,12.4064113906454
527.8,7.75,7,7.74993373792992,7.00003346176074,6.77703768923414,6.86650409299035,15.4998674758598,14.0000669235215,14.1835826987338,12.406431046696
527.9,7.75,7,7.74993373730109,7.00003344358587,6.77703954100852,6.86650245131011,15.4998674746022,14.0000668871717,14.1835610519174,12.4064506895782
528,7.75,7,7.74993373680545,7.00003342541746,6.7770413546445,6.86650081121948,15.4998674736109,14.0000668508349,14.183539420298,12.4064703181623
528.1,7.75,7,7.74993373667174,7.0000334072516,6.77704306800256,6.86649917316594,15.4998674733435,14.0000668145032,14.1835178013041,12.4064899351005
528.2,7.75,7,7.74993373584418,7.00003338910178,6.77704496894664,6.86649753437446,15.4998674716884,14.0000667782036,14.1834961978968,12.4065095366093
528.3,7.75,7,7.74993373554424,7.00003337095309,6.7770467242787,6.86649589816136,15.4998674710885,14.0000667419062,14.1834746079809,12.4065291258049
528.4,7.75,7,7.74993373555926,7.00003335280793,6.77704839205482,6.86649426391968,15.4998674711185,14.0000667056159,14.1834530315505,12.4065487024975
528.5,7.75,7,7.74993373429669,7.00003333468466,6.77705040694673,6.8664926271556,15.4998674685934,14.0000666693693,14.1834314692035,12.4065682646504
528.6,7.75,7,7.74993373338848,7.00003331656459,6.77705232349928,6.86649099249194,15.499867466777,14.0000666331292,14.1834099205526,12.4065878141384
528.7,7.75,7,7.74993373444209,7.00003329842963,6.77705370288446,6.86648936452544,15.4998674688842,14.0000665968593,14.1833883857608,12.4066073522913
528.8,7.75,7,7.74993373479824,7.0000332803103,6.77705527095111,6.86648773573585,15.4998674695965,14.0000665606206,14.1833668656203,12.4066268759039
528.9,7.75,7,7.74993373322542,7.00003326222029,6.77705736394517,6.86648610257212,15.4998674664508,14.0000665244406,14.1833453596394,12.4066463843066
529,7.75,7,7.74993373317083,7.00003324412002,6.7770590409512,6.86648447478062,15.4998674663417,14.00006648824,14.1833238667659,12.4066658816802
529.1,7.75,7,7.7499337327817,7.00003322603131,6.77706080756492,6.86648284720276,15.4998674655634,14.0000664520626,14.1833023885695,12.4066853648264
529.2,7.75,7,7.74993373204424,7.00003320795355,6.77706266771994,6.86648121968507,15.4998674640885,14.0000664159071,14.1832809236162,12.4067048350933
529.3,7.75,7,7.74993373192959,7.00003318987643,6.77706435616212,6.866479595098,15.4998674638592,14.0000663797529,14.1832594731785,12.4067242921714
529.4,7.75,7,7.74993373116835,7.00003317181357,6.7770662195841,6.86647796970771,15.4998674623367,14.0000663436271,14.1832380358236,12.4067437362482
529.5,7.75,7,7.74993373068612,7.00003315375551,6.77706800508837,6.86647634630677,15.4998674613722,14.000066307511,14.183216613478,12.4067631663526
529.6,7.75,7,7.74993373072976,7.00003313569875,6.77706964544017,6.86647472549171,15.4998674614595,14.0000662713975,14.1831952047912,12.4067825839934
529.7,7.75,7,7.74993372978552,7.00003311766049,6.77707155385998,6.86647310295412,15.499867459571,14.000066235321,14.1831738098678,12.4068019876751
529.8,7.75,7,7.74993372871333,7.00003309963082,6.77707349564135,6.86647148111973,15.4998674574267,14.0000661992616,14.1831524283759,12.4068213785067
529.9,7.75,7,7.74993372933847,7.00003308158924,6.77707497247212,6.86646986521706,15.4998674586769,14.0000661631785,14.1831310606122,12.4068407578927
530,7.75,7,7.74993372990907,7.00003306355558,6.7770764625901,6.86646825025111,15.4998674598181,14.0000661271112,14.183109706586,12.4068601242079
530.1,7.75,7,7.74993372729553,7.0000330455656,6.77707882026087,6.86646662734281,15.4998674545911,14.0000660911312,14.1830883668683,12.406879474023
530.2,7.75,7,7.74993372696158,7.00003302755746,6.77708055396115,6.86646501207537,15.4998674539232,14.0000660551149,14.1830670414942,12.406898812349
530.3,7.75,7,7.74993372885497,7.00003300953125,6.77708167806562,6.86646340422396,15.4998674577099,14.0000660190625,14.183045729511,12.4069181400415
530.4,7.75,7,7.74993372755606,7.000032991548,6.77708367213312,6.8664617882849,15.4998674551121,14.000065983096,14.183024430304,12.4069374526807
530.5,7.75,7,7.74993372658373,7.00003297356918,6.7770855752721,6.8664601744861,15.4998674531675,14.0000659471384,14.1830031463067,12.4069567512099
530.6,7.75,7,7.74993372721984,7.00003295557902,6.77708703783193,6.86645856629542,15.4998674544397,14.000065911158,14.1829818751614,12.4069760390469
530.7,7.75,7,7.74993372602233,7.00003293761744,6.77708899923778,6.86645695403746,15.4998674520447,14.0000658752349,14.1829606186304,12.4069953113457
530.8,7.75,7,7.74993372565863,7.00003291965336,6.77709073151624,6.86645534518706,15.4998674513173,14.0000658393067,14.1829393750585,12.4070145721371
530.9,7.75,7,7.74993372516669,7.00003290169869,6.77709249706661,6.86645373715241,15.4998674503334,14.0000658033974,14.1829181463537,12.4070338187268
531,7.75,7,7.74993372444667,7.00003288375322,6.77709432344271,6.86645212944725,15.4998674488933,14.0000657675064,14.1828969299805,12.4070530534248
531.1,7.75,7,7.74993372433414,7.00003286580906,6.77709598220321,6.86645052468714,15.4998674486683,14.0000657316181,14.18287572887,12.407072274227
531.2,7.75,7,7.74993372362587,7.00003284787887,6.77709780201936,6.8664489192983,15.4998674472517,14.0000656957577,14.1828545412276,12.4070914817234
531.3,7.75,7,7.7499337227795,7.00003282995725,6.77709965801787,6.8664473145517,15.499867445559,14.0000656599145,14.1828333666266,12.4071106767411
531.4,7.75,7,7.74993372296268,7.00003281203124,6.77710123138588,6.86644571381513,15.4998674459254,14.0000656240625,14.1828122055461,12.4071298599049
531.5,7.75,7,7.74993372306519,7.00003279411347,6.77710282519224,6.86644411392867,15.4998674461304,14.0000655882269,14.1827910580634,12.4071490301177
531.6,7.75,7,7.7499337207667,7.00003277623086,6.77710507270776,6.86644250837489,15.4998674415334,14.0000655524617,14.1827699254286,12.4071681840545
531.7,7.75,7,7.7499337203652,7.00003275833407,6.77710680079517,6.86644090930548,15.4998674407304,14.0000655166681,14.1827488063267,12.4071873269289
531.8,7.75,7,7.74993372206288,7.00003274042081,6.77710795426132,6.86643931729612,15.4998674441258,14.0000654808416,14.1827277007471,12.4072064589382
531.9,7.75,7,7.74993372118738,7.00003272254375,6.77710980863959,6.86643771899063,15.4998674423748,14.0000654450875,14.1827066082826,12.4072255761556
532,7.75,7,7.74993371900629,7.00003270468869,6.77711201786944,6.86643611802505,15.4998674380126,14.0000654093774,14.1826855292036,12.4072446794959
532.1,7.75,7,7.7499337204853,7.00003268680015,6.77711322622851,6.86643452866535,15.4998674409706,14.0000653736003,14.1826644648415,12.4072637722835
532.2,7.75,7,7.7499337200414,7.00003266894041,6.777114958,6.86643293485514,15.4998674400828,14.0000653378808,14.1826434134874,12.4072828509829
532.3,7.75,7,7.74993371888307,7.0000326510963,6.77711688317746,6.86643134011538,15.4998674377661,14.0000653021926,14.1826223760848,12.4073019158176
532.4,7.75,7,7.74993371892133,7.00003263324573,6.77711848018038,6.86642974982669,15.4998674378427,14.0000652664915,14.182601351767,12.4073209693725
532.5,7.75,7,7.74993371795021,7.00003261541455,6.77712035101815,6.86642815782761,15.4998674359004,14.0000652308291,14.1825803421611,12.4073400080722
532.6,7.75,7,7.74993371758276,7.0000325975832,6.77712205563058,6.86642656852602,15.4998674351655,14.0000651951664,14.1825593448504,12.4073590356936
532.7,7.75,7,7.74993371709779,7.00003257976154,6.77712379053008,6.86642498011181,15.4998674341956,14.0000651595231,14.1825383629399,12.4073780486333
532.8,7.75,7,7.74993371630269,7.00003256195015,6.77712560864548,6.86642339180271,15.4998674326054,14.0000651239003,14.1825173934959,12.4073970494906
532.9,7.75,7,7.74993371615464,7.00003254413855,6.77712724859824,6.86642180637877,15.4998674323093,14.0000650882771,14.1824964371549,12.4074160385472
533,7.75,7,7.74993371587462,7.00003252633617,6.77712892292222,6.86642022170792,15.4998674317492,14.0000650526723,14.1824754950445,12.407435014018
533.1,7.75,7,7.74993371430469,7.00003250855594,6.77713094776417,6.8664186344583,15.4998674286094,14.0000650171119,14.1824545667894,12.4074539751899
533.2,7.75,7,7.7499337139624,7.00003249076914,6.77713263590938,6.86641705177881,15.4998674279248,14.0000649815383,14.1824336520096,12.4074729247472
533.3,7.75,7,7.74993371487661,7.00003247297544,6.77713397948274,6.86641547375096,15.4998674297532,14.0000649459509,14.1824127506964,12.4074918627254
533.4,7.75,7,7.74993371432199,7.00003245520533,6.77713572253969,6.86641389254766,15.499867428644,14.0000649104107,14.1823918621507,12.4075107872709
533.5,7.75,7,7.74993371307716,7.00003243745056,6.77713765241406,6.86641231047107,15.4998674261543,14.0000648749011,14.1823709874055,12.4075296981258
533.6,7.75,7,7.74993371323179,7.00003241968772,6.77713919859664,6.86641073351588,15.4998674264636,14.0000648393754,14.1823501269112,12.4075485967941
533.7,7.75,7,7.7499337123874,7.00003240194322,6.77714101600331,6.86640915473307,15.4998674247748,14.0000648038864,14.1823292792897,12.4075674823658
533.8,7.75,7,7.74993371187732,7.00003238420264,6.77714274051008,6.86640757802323,15.4998674237546,14.0000647684053,14.1823084457824,12.4075863548984
533.9,7.75,7,7.74993371156935,7.00003236646693,6.77714440832067,6.86640600292745,15.4998674231387,14.0000647329339,14.1822876253568,12.4076052152471
534,7.75,7,7.74993371066222,7.00003234874574,6.777146238052,6.86640442724547,15.4998674213244,14.0000646974915,14.1822668190817,12.4076240616623
534.1,7.75,7,7.74993371034991,7.00003233102492,6.77714790390083,6.86640285428812,15.4998674206998,14.0000646620498,14.1822460257733,12.4076428963662
534.2,7.75,7,7.74993371024985,7.00003231330879,6.7771495103038,6.8664012829641,15.4998674204997,14.0000646266176,14.1822252454279,12.4076617190099
534.3,7.75,7,7.74993370870714,7.00003229561645,6.77715150894682,6.86639970860595,15.4998674174143,14.0000645912329,14.1822044786973,12.4076805274501
534.4,7.75,7,7.74993370799088,7.00003227792257,6.77715328032954,6.86639813773393,15.4998674159818,14.0000645558451,14.1821837262094,12.4076993231887
534.5,7.75,7,7.7499337089179,7.00003226021748,6.77715460155365,6.8663965726162,15.4998674178358,14.000064520435,14.1821629871932,12.4077181077094
534.6,7.75,7,7.7499337083902,7.00003224253612,6.77715631836507,6.86639500439781,15.4998674167804,14.0000644850722,14.1821422613903,12.4077368783973
534.7,7.75,7,7.74993370601186,7.00003222488311,6.77715853881131,6.86639343197015,15.4998674120237,14.0000644497662,14.1821215490582,12.4077556346443
534.8,7.75,7,7.74993370683978,7.00003220720096,6.77715988248647,6.86639186971646,15.4998674136796,14.0000644144019,14.1821008497297,12.4077743815607
534.9,7.75,7,7.74993370829406,7.00003218951887,6.77716105366429,6.86639031028124,15.4998674165881,14.0000643790377,14.1820801634233,12.4077931167483
535,7.75,7,7.74993370588254,7.00003217188856,6.77716327846208,6.86638874097529,15.4998674117651,14.0000643437771,14.1820594916622,12.4078118346213
535.1,7.75,7,7.74993370571335,7.00003215423974,6.77716488969027,6.86638717905162,15.4998674114267,14.0000643084795,14.1820388323655,12.4078305427857
535.2,7.75,7,7.74993370562514,7.00003213659784,6.77716647716346,6.86638561848722,15.4998674112503,14.0000642731957,14.1820181873046,12.407849237573
535.3,7.75,7,7.74993370441574,7.00003211897552,6.77716836925865,6.86638405571394,15.4998674088315,14.000064237951,14.1819975547134,12.4078679195431
535.4,7.75,7,7.74993370422495,7.00003210134965,6.77716998161102,6.86638249699164,15.4998674084499,14.0000642026993,14.1819769365857,12.407886588788
535.5,7.75,7,7.7499337034045,7.00003208373778,6.77717176440773,6.86638093746079,15.499867406809,14.0000641674756,14.1819563309126,12.4079052456851
535.6,7.75,7,7.74993370287503,7.0000320661306,6.77717346609973,6.86637937990243,15.4998674057501,14.0000641322612,14.1819357396598,12.4079238892277
535.7,7.75,7,7.74993370265726,7.00003204852672,6.77717508127282,6.86637782421183,15.4998674053145,14.0000640970534,14.1819151607613,12.4079425213876
535.8,7.75,7,7.74993370153975,7.00003203094036,6.77717694052657,6.86637626700536,15.4998674030795,14.0000640618807,14.1818945951127,12.4079611402009
535.9,7.75,7,7.74993370090335,7.00003201335644,6.7771786667934,6.86637471229899,15.4998674018067,14.0000640267129,14.1818740437028,12.4079797460092
536,7.75,7,7.74993370118679,7.00003199576948,6.77718014041718,6.86637316126955,15.4998674023736,14.000063991539,14.1818535055956,12.4079983401023
536.1,7.75,7,7.74993370031788,7.00003197820287,6.77718192709088,6.86637160799816,15.4998674006358,14.0000639564057,14.1818329806685,12.4080169206839
536.2,7.75,7,7.7499336984118,7.00003196065528,6.77718399537916,6.86637005280793,15.4998673968236,14.0000639213106,14.1818124688546,12.4080354879241
536.3,7.75,7,7.74993369897809,7.000031943087,6.77718538722379,6.8663685057086,15.4998673979562,14.000063886174,14.1817919701782,12.4080540450404
536.4,7.75,7,7.74993370024766,7.00003192551805,6.77718658556263,6.86636696165609,15.4998674004953,14.0000638510361,14.1817714846492,12.4080725903912
536.5,7.75,7,7.74993369783736,7.00003190799777,6.7771887869959,6.86636540810632,15.4998673956747,14.0000638159955,14.1817510116992,12.4080911204674
536.6,7.75,7,7.74993369711693,7.00003189046669,6.77719052538581,6.8663638605628,15.4998673942339,14.0000637809334,14.1817305537425,12.4081096379473
536.7,7.75,7,7.74993369847518,7.00003187291896,6.77719169489496,6.86636231992588,15.4998673969504,14.0000637458379,14.1817101081479,12.408128145675
536.8,7.75,7,7.74993369699225,7.00003185541075,6.77719363847843,6.86636077223212,15.4998673939845,14.0000637108215,14.1816896757512,12.4081466383201
536.9,7.75,7,7.74993369638742,7.00003183789996,6.77719534082591,6.86635922808862,15.4998673927748,14.0000636757999,14.1816692565676,12.4081651193024
537,7.75,7,7.74993369597438,7.00003182039478,6.77719698920383,6.86635768559618,15.4998673919488,14.0000636407896,14.181648851329,12.4081835872983
537.1,7.75,7,7.74993369501781,7.00003180290252,6.77719878455446,6.86635614251357,15.4998673900356,14.000063605805,14.1816284582124,12.4082020433505
537.2,7.75,7,7.74993369474831,7.00003178541061,6.77720039066186,6.86635460254387,15.4998673894966,14.0000635708212,14.181608079668,12.4082204862829
537.3,7.75,7,7.74993369394019,7.00003176793176,6.77720214236836,6.86635306202289,15.4998673878804,14.0000635358635,14.1815877135619,12.4082389169789
537.4,7.75,7,7.74993369321908,7.00003175045919,6.77720386881914,6.86635152277907,15.4998673864382,14.0000635009184,14.181567360455,12.4082573354872
537.5,7.75,7,7.74993369314238,7.00003173298724,6.77720541771834,6.86634998649403,15.4998673862848,14.0000634659745,14.1815470215124,12.4082757412238
537.6,7.75,7,7.74993369223704,7.00003171553199,6.77720719131719,6.86634844887894,15.4998673844741,14.000063431064,14.1815266956198,12.408294133881
537.7,7.75,7,7.749933690889,7.00003169808886,6.77720908429844,6.86634691100633,15.499867381778,14.0000633961777,14.1815063824236,12.4083125141493
537.8,7.75,7,7.74993369114345,7.00003168063493,6.77721053831245,6.86634537873886,15.4998673822869,14.0000633612699,14.1814860823111,12.4083308835522
537.9,7.75,7,7.74993369174575,7.0000316631844,6.77721189585623,6.86634384849908,15.4998673834915,14.0000633263688,14.1814657952866,12.4083492409279
538,7.75,7,7.74993369036182,7.0000316457634,6.77721379416302,6.86634231358888,15.4998673807236,14.0000632915268,14.1814455208176,12.4083675846248
538.1,7.75,7,7.74993368972426,7.00003162834198,6.77721548707198,6.86634078193823,15.4998673794485,14.000063256684,14.1814252606443,12.4083859155245
538.2,7.75,7,7.74993368962405,7.00003161092149,6.77721703184906,6.8663392528082,15.4998673792481,14.000063221843,14.1814050129616,12.4084042351377
538.3,7.75,7,7.74993368854334,7.00003159351983,6.77721884270339,6.86633772196878,15.4998673770867,14.0000631870397,14.1813847790128,12.408422540891
538.4,7.75,7,7.74993368816108,7.00003157611735,6.77722046143772,6.8663361941178,15.4998673763222,14.0000631522347,14.1813645576627,12.4084408354058
538.5,7.75,7,7.74993368749871,7.00003155872593,6.77722215502132,6.8663346665758,15.4998673749974,14.0000631174519,14.1813443503152,12.4084591164554
538.6,7.75,7,7.74993368663352,7.00003154134362,6.77722390257579,6.8663331394125,15.499867373267,14.0000630826872,14.1813241550664,12.4084773859073
538.7,7.75,7,7.74993368647764,7.00003152396062,6.77722545499802,6.8663316153011,15.4998673729553,14.0000630479212,14.1813039728292,12.4084956437435
538.8,7.75,7,7.74993368588152,7.00003150659073,6.77722712594035,6.8663300910739,15.499867371763,14.0000630131815,14.1812838049999,12.4085138875864
538.9,7.75,7,7.74993368438335,7.00003148923808,6.77722904168859,6.86632856525987,15.4998673687667,14.0000629784762,14.1812636496301,12.4085321188482
539,7.75,7,7.74993368424219,7.00003147187739,6.77723058549998,6.86632704434041,15.4998673684844,14.0000629437548,14.1812435072198,12.4085503391432
539.1,7.75,7,7.74993368487424,7.00003145451527,6.77723191674284,6.86632552665054,15.4998673697485,14.0000629090305,14.1812233777668,12.4085685479352
539.2,7.75,7,7.74993368308627,7.0000314371877,6.7772339071574,6.86632400306106,15.4998673661725,14.0000628743754,14.1812032609768,12.4085867425546
539.3,7.75,7,7.74993368122336,7.00003141986828,6.77723591654511,6.86632248027679,15.4998673624467,14.0000628397366,14.1811831570724,12.4086049249571
539.4,7.75,7,7.74993368309668,7.0000314025144,6.77723690439749,6.86632096924113,15.4998673661934,14.0000628050288,14.1811630670078,12.4086230977621
539.5,7.75,7,7.74993368302659,7.00003138518989,6.77723842127601,6.86631945369306,15.4998673660532,14.0000627703798,14.181142989964,12.4086412564992
539.6,7.75,7,7.74993368080489,7.00003136789675,6.77724052408716,6.86631793298759,15.4998673616098,14.0000627357935,14.1811229252926,12.408659401588
539.7,7.75,7,7.74993368126446,7.00003135058119,6.77724189334188,6.86631642103189,15.4998673625289,14.0000627011624,14.1811028745838,12.4086775359919
539.8,7.75,7,7.74993368039625,7.00003133328742,6.77724362368707,6.86631490623252,15.4998673607925,14.0000626665748,14.1810828357997,12.4086956579314
539.9,7.75,7,7.74993367959849,7.0000313160009,6.77724533316867,6.86631339275358,15.499867359197,14.0000626320018,14.1810628111783,12.4087137665886
540,7.75,7,7.74993367922797,7.00003129871652,6.77724692460998,6.86631188146338,15.4998673584559,14.000062597433,14.1810427988349,12.4087318640698
540.1,7.75,7,7.74993367825848,7.00003128144664,6.77724867799329,6.86631036953925,15.499867356517,14.0000625628933,14.1810228000807,12.4087499481928
540.2,7.75,7,7.74993367784452,7.00003126417731,6.77725027834578,6.86630886014792,15.499867355689,14.0000625283546,14.1810028133301,12.408768021518
540.3,7.75,7,7.74993367731438,7.00003124691734,6.77725190878788,6.86630735154157,15.4998673546288,14.0000624938347,14.1809828407046,12.408786081427
540.4,7.75,7,7.74993367615484,7.0000312296717,6.77725370959257,6.86630584213987,15.4998673523097,14.0000624593434,14.1809628807269,12.4088041288388
540.5,7.75,7,7.74993367582827,7.0000312124239,6.77725528154145,6.86630433612192,15.4998673516565,14.0000624248478,14.1809429335113,12.4088221649963
540.6,7.75,7,7.74993367591585,7.00003119517869,6.77725673896207,6.86630283229309,15.4998673518317,14.0000623903574,14.1809229990541,12.408840189517
540.7,7.75,7,7.74993367412057,7.00003117796213,6.777258708902,6.86630132410976,15.4998673482411,14.0000623559243,14.1809030774396,12.4088582002015
540.8,7.75,7,7.74993367261097,7.00003116074962,6.77726059939015,6.86629981774891,15.4998673452219,14.0000623214992,14.180883168582,12.4088761991335
540.9,7.75,7,7.74993367414928,7.00003114350989,6.77726165637202,6.86629832108705,15.4998673482986,14.0000622870198,14.1808632724771,12.4088941888673
541,7.75,7,7.74993367456677,7.00003112629075,6.77726301773601,6.86629682232001,15.4998673491335,14.0000622525815,14.1808433901827,12.4089121645589
541.1,7.75,7,7.74993367164042,7.00003110911693,6.77726529042167,6.86629531504922,15.4998673432808,14.0000622182339,14.1808235209482,12.4089301248639
541.2,7.75,7,7.74993367200678,7.00003109191271,6.77726666286388,6.86629381811588,15.4998673440136,14.0000621838254,14.1808036637144,12.408948076907
541.3,7.75,7,7.74993367259721,7.00003107471351,6.77726797262263,6.86629232286282,15.4998673451944,14.000062149427,14.1807838196645,12.4089660167418
541.4,7.75,7,7.74993367068113,7.0000310575501,6.77726996513773,6.86629082148451,15.4998673413623,14.0000621151002,14.1807639885595,12.4089839420731
541.5,7.75,7,7.74993367044756,7.00003104037518,6.77727149683895,6.86628932594221,15.4998673408951,14.0000620807504,14.1807441705995,12.4090018565805
541.6,7.75,7,7.74993366957704,7.0000310232144,6.77727320103303,6.86628782953747,15.4998673391541,14.0000620464288,14.1807243647191,12.4090197591265
541.7,7.75,7,7.74993366886716,7.00003100605987,6.77727485976122,6.86628633469977,15.4998673377343,14.0000620121197,14.1807045728823,12.4090376485989
541.8,7.75,7,7.74993366849662,7.00003098890816,6.77727642452684,6.86628484174457,15.4998673369932,14.0000619778163,14.1806847926318,12.4090555274769
541.9,7.75,7,7.749933667447,7.00003097177229,6.77727817304003,6.86628334797339,15.499867334894,14.0000619435446,14.1806650265724,12.4090733923687
542,7.75,7,7.7499336669301,7.0000309546375,6.77727977470933,6.86628185669769,15.4998673338602,14.000061909275,14.1806452728797,12.409091246111
542.1,7.75,7,7.74993366671711,7.0000309375064,6.7772812919955,6.86628036726456,15.4998673334342,14.0000618750128,14.1806255315488,12.4091090884982
542.2,7.75,7,7.74993366520817,7.0000309203974,6.77728316157827,6.86627887515583,15.4998673304163,14.0000618407948,14.1806058031384,12.4091269175277
542.3,7.75,7,7.74993366408602,7.00003090329126,6.777284924129,6.86627738514183,15.499867328172,14.0000618065825,14.1805860872914,12.4091447350899
542.4,7.75,7,7.74993366493772,7.00003088617014,6.77728614638467,6.86627590176388,15.4998673298754,14.0000617723403,14.1805663842072,12.4091625424629
542.5,7.75,7,7.74993366503209,7.00003086906535,6.77728757383981,6.86627441728736,15.4998673300642,14.0000617381307,14.180546694566,12.4091803364859
542.6,7.75,7,7.74993366324559,7.00003085198928,6.77728951326894,6.86627292846275,15.4998673264912,14.0000617039786,14.1805270177903,12.4091981166657
542.7,7.75,7,7.74993366298255,7.00003083490297,6.77729103542368,6.86627144493929,15.4998673259651,14.0000616698059,14.1805073531386,12.4092158868437
542.8,7.75,7,7.74993366235349,7.00003081782851,6.77729265596988,6.86626996142514,15.499867324707,14.000061635657,14.1804877018313,12.4092336441278
542.9,7.75,7,7.74993366140554,7.00003080076475,6.77729436216309,6.86626847796827,15.4998673228111,14.0000616015295,14.1804680627733,12.4092513895924
543,7.75,7,7.74993366106657,7.00003078370173,6.7772959006011,6.86626699728919,15.4998673221331,14.0000615674035,14.1804484369108,12.4092691232047
543.1,7.75,7,7.74993366007192,7.00003076665308,6.77729761665719,6.86626551568756,15.4998673201438,14.0000615333062,14.1804288230532,12.4092868449179
543.2,7.75,7,7.74993365938047,7.00003074960906,6.77729924834873,6.86626403604747,15.4998673187609,14.0000614992181,14.1804092230984,12.4093045538324
543.3,7.75,7,7.74993365919916,7.00003073256645,6.77730073936231,6.86626255883931,15.4998673183983,14.0000614651329,14.1803896355303,12.4093222515661
543.4,7.75,7,7.74993365801221,7.00003071554254,6.77730250345457,6.86626107975951,15.4998673160244,14.0000614310851,14.1803700605881,12.4093399364954
543.5,7.75,7,7.74993365672859,7.00003069852688,6.77730429252688,6.86625960137593,15.4998673134572,14.0000613970538,14.1803504979666,12.4093576097471
543.6,7.75,7,7.74993365715703,7.00003068149914,6.77730561279057,6.86625812886698,15.4998673143141,14.0000613629983,14.1803309479272,12.4093752727456
543.7,7.75,7,7.7499336574979,7.00003066447971,6.7773069555162,6.8662566571016,15.4998673149958,14.0000613289594,14.1803114104804,12.4093929238204
543.8,7.75,7,7.74993365463894,7.00003064750421,6.77730917023668,6.86625517725645,15.4998673092779,14.0000612950084,14.1802918862824,12.409410559482
543.9,7.75,7,7.74993365413179,7.00003063050965,6.77731074145614,6.86625370514317,15.4998673082636,14.0000612610193,14.1802723750859,12.4094281850886
544,7.75,7,7.74993365579141,7.00003061349771,6.77731171977556,6.86625224017656,15.4998673115828,14.0000612269954,14.1802528761626,12.4094458011549
544.1,7.75,7,7.74993365421604,7.0000305965292,6.77731357986133,6.86625076690776,15.4998673084321,14.0000611930584,14.1802333889405,12.4094634032326
544.2,7.75,7,7.74993365307258,7.00003057956399,6.77731532043716,6.86624929597754,15.4998673061452,14.000061159128,14.1802139157563,12.4094809925105
544.3,7.75,7,7.74993365348478,7.00003056258797,6.77731663500611,6.86624783040354,15.4998673069696,14.0000611251759,14.1801944542412,12.4094985722538
544.4,7.75,7,7.7499336520483,7.00003054564075,6.77731845269397,6.86624636062196,15.4998673040966,14.0000610912815,14.1801750062223,12.4095161376025
544.5,7.75,7,7.74993365147527,7.00003052869069,6.77732003331728,6.8662448942387,15.4998673029505,14.0000610573814,14.180155570077,12.4095336925865
544.6,7.75,7,7.74993365075372,7.00003051175022,6.77732165293625,6.86624342849887,15.4998673015074,14.0000610235004,14.1801361474654,12.4095512347118
544.7,7.75,7,7.74993364981845,7.00003049481878,6.77732332960355,6.86624196304136,15.4998672996369,14.0000609896376,14.1801167361657,12.409568766007
544.8,7.75,7,7.74993364949301,7.00003047788869,6.77732483818474,6.86624050043499,15.499867298986,14.0000609557774,14.1800973389749,12.4095862846042
544.9,7.75,7,7.7499336485532,7.00003046097272,6.77732651308211,6.86623903704139,15.4998672971064,14.0000609219454,14.180077954023,12.4096037911315
545,7.75,7,7.74993364749488,7.00003044406509,6.77732821896647,6.86623757425299,15.4998672949898,14.0000608881302,14.1800585810375,12.4096212863034
545.1,7.75,7,7.74993364747474,7.00003042715297,6.7773296400238,6.8662361154018,15.4998672949495,14.0000608543059,14.1800392204441,12.4096387707882
545.2,7.75,7,7.74993364732192,7.00003041024975,6.77733109586264,6.86623465716602,15.4998672946438,14.0000608204995,14.1800198724606,12.4096562433009
545.3,7.75,7,7.74993364482314,7.00003039338099,6.77733319057915,6.86623319330181,15.4998672896463,14.000060786762,14.1800005379451,12.4096737009926
545.4,7.75,7,7.74993364424467,7.00003037649776,6.77733475966172,6.86623173589091,15.4998672884893,14.0000607529955,14.179981215832,12.4096911488039
545.5,7.75,7,7.74993364571264,7.00003035959864,6.77733576867904,6.86623028529223,15.4998672914253,14.0000607191973,14.1799619061121,12.4097085868604
545.6,7.75,7,7.74993364456251,7.00003034273622,6.77733749103232,6.86622882817411,15.499867289125,14.0000606854724,14.1799426084036,12.4097260112152
545.7,7.75,7,7.749933642188,7.00003032589487,6.77733954622215,6.86622736853025,15.499867284376,14.0000606517897,14.1799233229515,12.4097434229253
545.8,7.75,7,7.74993364348651,7.00003030901994,6.77734059717956,6.86622592043242,15.499867286973,14.0000606180399,14.1799040511068,12.4097608252436
545.9,7.75,7,7.74993364278289,7.00003029217462,6.7773421933464,6.86622446755446,15.4998672855658,14.0000605843492,14.1798847910566,12.4097782146343
546,7.75,7,7.74993364143918,7.00003027534413,6.77734396277632,6.86622301386581,15.4998672828784,14.0000605506883,14.1798655438859,12.4097955913364
546.1,7.75,7,7.74993364126082,7.00003025850746,6.77734541272912,6.86622156443693,15.4998672825216,14.0000605170149,14.1798463086062,12.4098129579457
546.2,7.75,7,7.7499336400644,7.00003024169033,6.77734713904811,6.86622011317583,15.4998672801288,14.0000604833807,14.1798270869222,12.409830310846
546.3,7.75,7,7.7499336394889,7.00003022487279,6.77734869458454,6.8662186645705,15.4998672789778,14.0000604497456,14.1798078764768,12.4098476537649
546.4,7.75,7,7.74993363877928,7.0000302080651,6.77735028512628,6.86621721669222,15.4998672775586,14.0000604161302,14.1797886801186,12.4098649833307
546.5,7.75,7,7.74993363777378,7.00003019126748,6.77735195514133,6.86621576886844,15.4998672755476,14.000060382535,14.1797694951664,12.4098823019125
546.6,7.75,7,7.74993363742048,7.00003017446959,6.77735344574577,6.86621432385021,15.499867274841,14.0000603489392,14.1797503222235,12.4098996098197
546.7,7.75,7,7.74993363690342,7.00003015768134,6.77735497955377,6.86621287940319,15.4998672738068,14.0000603153627,14.1797311624649,12.4099169051963
546.8,7.75,7,7.74993363513066,7.00003014091475,6.77735685471578,6.86621143236577,15.4998672702613,14.0000602818295,14.1797120152838,12.4099341876046
546.9,7.75,7,7.74993363460082,7.00003012414139,6.77735838917221,6.86620998984505,15.4998672692016,14.0000602482828,14.1796928804526,12.4099514595658
547,7.75,7,7.74993363529318,7.00003010736152,6.77735958858061,6.86620855178128,15.4998672705864,14.000060214723,14.1796737579635,12.4099687210684
547.1,7.75,7,7.74993363449352,7.00003009060545,6.77736119395973,6.86620711038259,15.499867268987,14.0000601812109,14.179654647157,12.4099859702265
547.2,7.75,7,7.74993363306467,7.00003007386407,6.77736296965072,6.86620566819223,15.4998672661293,14.0000601477281,14.1796355490856,12.4100032068494
547.3,7.75,7,7.74993363300473,7.00003005711487,6.77736437017328,6.86620423092518,15.4998672660095,14.0000601142297,14.1796164639678,12.4100204325769
547.4,7.75,7,7.74993363193695,7.00003004038415,6.77736604446718,6.86620279172137,15.4998672638739,14.0000600807683,14.1795973907567,12.4100376461986
547.5,7.75,7,7.74993363122297,7.00003002365704,6.77736762072107,6.86620135453622,15.4998672624459,14.0000600473141,14.1795783303744,12.4100548481062
547.6,7.75,7,7.7499336306921,7.00003000693506,6.77736914561026,6.86619991882623,15.4998672613842,14.0000600138701,14.1795592821005,12.4100720388191
547.7,7.75,7,7.74993362957773,7.00002999022733,6.7773708283243,6.86619848246556,15.4998672591555,14.0000599804547,14.1795402467011,12.4100892169112
547.8,7.75,7,7.74993362906339,7.00002997351989,6.77737234588467,6.8661970487512,15.4998672581268,14.0000599470398,14.1795212231858,12.4101063844053
547.9,7.75,7,7.74993362874989,7.00002995681725,6.77737380726956,6.86619561654449,15.4998672574998,14.0000599136345,14.1795022115514,12.4101235409361
548,7.75,7,7.7499336269772,7.00002994013857,6.77737566557031,6.86619418116094,15.4998672539544,14.0000598802771,14.1794832124245,12.410140684384
548.1,7.75,7,7.74993362608459,7.00002992345779,6.77737728212757,6.86619274932328,15.4998672521692,14.0000598469156,14.1794642264674,12.4101578162876
548.2,7.75,7,7.74993362679339,7.00002990676616,6.77737846013088,6.86619132301362,15.4998672535868,14.0000598135323,14.1794452527291,12.410174938206
548.3,7.75,7,7.74993362600977,7.00002989009864,6.7773800441703,6.86618989340054,15.4998672520195,14.0000597801973,14.1794262910963,12.4101920473898
548.4,7.75,7,7.74993362344356,7.00002987345868,6.77738211343055,6.86618845967505,15.4998672468871,14.0000597469174,14.1794073418041,12.410209143351
548.5,7.75,7,7.7499336241104,7.00002985678923,6.77738329876072,6.86618703610631,15.4998672482208,14.0000597135785,14.1793884044271,12.4102262311198
548.6,7.75,7,7.74993362534223,7.00002984012052,6.77738432850145,6.86618561508755,15.4998672506845,14.000059680241,14.1793694789853,12.4102433082148
548.7,7.75,7,7.74993362268424,7.00002982350388,6.77738641858241,6.86618418403291,15.4998672453685,14.0000596470078,14.1793505669732,12.4102603691222
548.8,7.75,7,7.74993362233697,7.00002980686784,6.77738787658867,6.8661827604564,15.4998672446739,14.0000596137357,14.179331666262,12.4102774215635
548.9,7.75,7,7.7499336220096,7.00002979023945,6.77738932766753,6.86618133797104,15.4998672440192,14.0000595804789,14.1793127787025,12.4102944616887
549,7.75,7,7.7499336206103,7.00002977363003,6.777391070074,6.86617991332688,15.4998672412206,14.0000595472601,14.1792939025605,12.4103114901168
549.1,7.75,7,7.7499336202108,7.00002975701718,6.7773925380585,6.86617849256832,15.4998672404216,14.0000595140344,14.1792750395743,12.4103285071308
549.2,7.75,7,7.74993361917612,7.00002974041844,6.77739417812609,6.86617707090596,15.4998672383522,14.0000594808369,14.1792561881278,12.4103455127375
549.3,7.75,7,7.74993361844637,7.00002972382411,6.77739573346792,6.86617565114386,15.4998672368927,14.0000594476482,14.1792373497894,12.4103625063347
549.4,7.75,7,7.74993361801989,7.00002970723314,6.77739720473742,6.86617423313684,15.4998672360398,14.0000594144663,14.1792185227737,12.4103794895955
549.5,7.75,7,7.74993361668217,7.0000296906598,6.77739892338245,6.86617281348716,15.4998672333643,14.0000593813196,14.1791997079147,12.4103964606172
549.6,7.75,7,7.74993361585998,7.00002967408855,6.77740049980002,6.86617139634549,15.49986723172,14.0000593481771,14.1791809062576,12.4104134197379
549.7,7.75,7,7.74993361593244,7.00002965751442,6.77740183062642,6.86616998270239,15.4998672318649,14.0000593150288,14.1791621166513,12.4104303683871
549.8,7.75,7,7.74993361482405,7.00002964096093,6.77740348243761,6.86616856664177,15.4998672296481,14.0000592819219,14.1791433391271,12.4104473046201
549.9,7.75,7,7.74993361272941,7.00002962442584,6.77740540212151,6.86616714871358,15.4998672254588,14.0000592488517,14.1791245736228,12.4104642286756
550,7.75,7,7.7499336131307,7.00002960786975,6.77740663908695,6.86616573884905,15.4998672262614,14.0000592157395,14.1791058201565,12.4104811437517
550.1,7.75,7,7.74993361418185,7.00002959131356,6.77740769728562,6.86616433178474,15.4998672283637,14.0000591826271,14.1790870787396,12.4104980481341
550.2,7.75,7,7.74993361153169,7.00002957480628,6.77740976457052,6.86616291508038,15.4998672230634,14.0000591496126,14.1790683489602,12.4105149381925
550.3,7.75,7,7.74993361065088,7.00002955828719,6.77741134730733,6.86616150449105,15.4998672213018,14.0000591165744,14.1790496327895,12.4105318171304
550.4,7.75,7,7.74993361179528,7.00002954175201,6.77741237591026,6.86616010056706,15.4998672235906,14.000059083504,14.1790309279472,12.4105486873218
550.5,7.75,7,7.7499336100763,7.00002952525661,6.77741418479369,6.86615868943558,15.4998672201526,14.0000590505132,14.1790122352925,12.4105655434489
550.6,7.75,7,7.7499336092852,7.00002950875795,6.77741573902211,6.86615728189299,15.4998672185704,14.0000590175159,14.1789935546381,12.410582389188
550.7,7.75,7,7.74993360865222,7.0000294922653,6.77741724863084,6.86615587581345,15.4998672173044,14.0000589845306,14.1789748868655,12.4105992230029
550.8,7.75,7,7.74993360749886,7.00002947578522,6.7774188990432,6.86615446911795,15.4998672149977,14.0000589515704,14.1789562301394,12.4106160459874
550.9,7.75,7,7.74993360703019,7.00002945930549,6.7774203610343,6.86615306542712,15.4998672140604,14.000058918611,14.1789375868067,12.4106328570559
551,7.75,7,7.74993360600901,7.00002944283889,6.77742197256653,6.86615166105173,15.499867212018,14.0000588856778,14.1789189548147,12.41064965699
551.1,7.75,7,7.74993360509796,7.00002942637834,6.77742355267466,6.86615025793722,15.4998672101959,14.0000588527567,14.1789003348759,12.4106664457342
551.2,7.75,7,7.74993360481609,7.00002940991846,6.77742495957142,6.86614885762651,15.4998672096322,14.0000588198369,14.1788817277897,12.4106832230198
551.3,7.75,7,7.74993360368741,7.00002939347543,6.77742659628568,6.86614745584117,15.4998672073748,14.0000587869509,14.1788631326731,12.4106999883116
551.4,7.75,7,7.74993360214813,7.00002937704412,6.77742834376902,6.86614605379962,15.4998672042963,14.0000587540882,14.1788445492012,12.4107167423175
551.5,7.75,7,7.74993360222677,7.00002936060177,6.77742964823073,6.86614465731335,15.4998672044535,14.0000587212035,14.1788259777183,12.4107334865881
551.6,7.75,7,7.74993360261851,7.00002934416317,6.77743086586273,6.86614326266196,15.499867205237,14.0000586883263,14.1788074182302,12.410750219914
551.7,7.75,7,7.74993360101189,7.00002932775423,6.77743262771203,6.86614186322234,15.4998672020238,14.0000586555085,14.178788870334,12.4107669405389
551.8,7.75,7,7.74993360019079,7.0000293113443,6.77743417366116,6.86614046704167,15.4998672003816,14.0000586226886,14.1787703354136,12.4107836497378
551.9,7.75,7,7.74993359987125,7.00002929493571,6.77743558138585,6.86613907319828,15.4998671997425,14.0000585898714,14.1787518120442,12.4108003485833
552,7.75,7,7.74993359859457,7.00002927854557,6.77743724898701,6.86613767760566,15.4998671971891,14.0000585570911,14.1787333011578,12.4108170348565
552.1,7.75,7,7.74993359801885,7.00002926215458,6.77743872392463,6.86613628492652,15.4998671960377,14.0000585243092,14.1787148019207,12.4108337108694
552.2,7.75,7,7.74993359714592,7.00002924577473,6.77744027855603,6.86613489240013,15.4998671942918,14.0000584915495,14.1786963154239,12.4108503746796
552.3,7.75,7,7.74993359608493,7.00002922940377,6.77744188327388,6.86613350020878,15.4998671921699,14.0000584588075,14.178677840026,12.4108670279253
552.4,7.75,7,7.74993359573598,7.00002921303211,6.77744329225496,6.86613211099383,15.499867191472,14.0000584260642,14.1786593766777,12.4108836705477
552.5,7.75,7,7.74993359492006,7.00002919667372,6.77744482723732,6.86613072147457,15.4998671898401,14.0000583933474,14.1786409264165,12.410900300488
552.6,7.75,7,7.74993359323309,7.00002918033218,6.77744659871677,6.86612933036834,15.4998671864662,14.0000583606644,14.1786224875823,12.4109169189275
552.7,7.75,7,7.74993359291766,7.00002916398236,6.77744799444382,6.86612794410533,15.4998671858353,14.0000583279647,14.1786040606234,12.4109335275178
552.8,7.75,7,7.74993359334274,7.00002914763143,6.7774491866862,6.86612656088588,15.4998671866855,14.0000582952629,14.1785856455386,12.4109501256777
552.9,7.75,7,7.74993359130967,7.00002913131542,6.77745104866106,6.86612517156721,15.4998671826193,14.0000582626308,14.1785672420547,12.4109667107105
553,7.75,7,7.74993358927053,7.0000291150067,6.77745291096198,6.86612378315741,15.4998671785411,14.0000582300134,14.1785488503724,12.4109832846927
553.1,7.75,7,7.74993359098065,7.00002909866339,6.77745374832502,6.86612240644419,15.4998671819613,14.0000581973268,14.1785304714991,12.4109998501492
553.2,7.75,7,7.74993359065732,7.00002908235032,6.77745513946447,6.8661210248578,15.4998671813146,14.0000581647006,14.1785121044195,12.4110164026919
553.3,7.75,7,7.74993358825611,7.00002906606772,6.77745709656108,6.86611963823487,15.4998671765122,14.0000581321354,14.1784937486671,12.4110329427169
553.4,7.75,7,7.74993358854499,7.00002904976258,6.77745831784728,6.86611826029502,15.49986717709,14.0000580995252,14.1784754058124,12.4110494731572
553.5,7.75,7,7.74993358745292,7.00002903347972,6.77745991489471,6.86611687926625,15.4998671749058,14.0000580669594,14.1784570737791,12.4110659921974
553.6,7.75,7,7.74993358647686,7.00002901720357,6.77746147880235,6.8661154995938,15.4998671729537,14.0000580344071,14.1784387548176,12.4110824991148
553.7,7.75,7,7.74993358589863,7.00002900092984,6.77746293284171,6.86611412193908,15.4998671717973,14.0000580018597,14.1784204471155,12.4110989958657
553.8,7.75,7,7.7499335847365,7.00002898467031,6.7774645448856,6.86611274358928,15.499867169473,14.0000579693406,14.1784021517784,12.4111154805101
553.9,7.75,7,7.74993358413365,7.00002896841123,6.77746600301833,6.86611136769711,15.4998671682673,14.0000579368225,14.1783838674409,12.411131955381
554,7.75,7,7.74993358339318,7.00002895216174,6.77746749724802,6.86610999243763,15.4998671667864,14.0000579043235,14.1783655961728,12.4111484178997
554.1,7.75,7,7.74993358204423,7.00002893592622,6.77746915629389,6.86610861634416,15.4998671640885,14.0000578718524,14.1783473363947,12.4111648691093
554.2,7.75,7,7.74993358153676,7.00002891968837,6.77747058431003,6.86610724356746,15.4998671630735,14.0000578393767,14.178329088311,12.4111813101579
554.3,7.75,7,7.7499335814246,7.00002890345326,6.77747190310006,6.8661058728349,15.4998671628492,14.0000578069065,14.178310851919,12.4111977406364
554.4,7.75,7,7.74993357940076,7.00002888724705,6.77747374242849,6.86610449757415,15.4998671588015,14.0000577744941,14.178292627299,12.4112141583405
554.5,7.75,7,7.74993357771412,7.00002887104423,6.77747548839317,6.86610312419168,15.4998671554282,14.0000577420885,14.1782744143698,12.411230565423
554.6,7.75,7,7.74993357909289,7.00002885481397,6.77747639622399,6.86610176047174,15.4998671581858,14.0000577096279,14.1782562131884,12.4112469643499
554.7,7.75,7,7.74993357925151,7.00002883860534,6.77747763571591,6.86610039426474,15.499867158503,14.0000576772107,14.1782380246632,12.4112633503156
554.8,7.75,7,7.74993357615411,7.00002882244091,6.77747976272022,6.86609901970455,15.4998671523082,14.0000576448818,14.1782198480215,12.4112797221639
554.9,7.75,7,7.74993357637189,7.00002880624575,6.7774809834947,6.86609765545988,15.4998671527438,14.0000576124915,14.178201682374,12.4112960867934
555,7.75,7,7.74993357671571,7.0000287900567,6.77748216849236,6.86609629253007,15.4998671534314,14.0000575801134,14.1781835289139,12.4113124401446
555.1,7.75,7,7.74993357461842,7.00002877390255,6.77748401856395,6.86609492355948,15.4998671492368,14.0000575478051,14.1781653871944,12.411328780266
555.2,7.75,7,7.74993357420881,7.00002875773682,6.77748540655843,6.86609356035314,15.4998671484176,14.0000575154736,14.178147257615,12.4113451105963
555.3,7.75,7,7.74993357313068,7.00002874158546,6.7774869758172,6.86609219610087,15.4998671462614,14.0000574831709,14.1781291390129,12.4113614300478
555.4,7.75,7,7.7499335722407,7.00002872544001,6.77748849225926,6.8660908334019,15.4998671444814,14.00005745088,14.1781110333835,12.4113777375468
555.5,7.75,7,7.74993357166737,7.00002870929757,6.77748992106659,6.86608947243894,15.4998671433347,14.0000574185951,14.1780929383829,12.4113940354032
555.6,7.75,7,7.7499335704298,7.00002869317066,6.7774915297559,6.86608811059399,15.4998671408596,14.0000573863413,14.1780748562979,12.4114103205746
555.7,7.75,7,7.74993356973002,7.0000286770447,6.77749299036471,6.86608675117068,15.49986713946,14.0000573540894,14.178056785545,12.4114265956516
555.8,7.75,7,7.74993356932307,7.00002866092247,6.77749436976692,6.86608539347004,15.4998671386461,14.0000573218449,14.1780387261197,12.4114428604123
555.9,7.75,7,7.74993356760177,7.00002864482247,6.77749610663724,6.86608403294994,15.4998671352035,14.0000572896449,14.1780206785443,12.4114591128857
556,7.75,7,7.74993356629976,7.0000286287249,6.77749772775791,6.86608267452815,15.4998671325995,14.0000572574498,14.1780026424893,12.4114753549806
556.1,7.75,7,7.74993356697799,7.00002861261227,6.77749880697533,6.86608132268048,15.499867133956,14.0000572252245,14.177984618269,12.411491587845
556.2,7.75,7,7.74993356685003,7.00002859651634,6.77750010491045,6.86607996948643,15.4998671337001,14.0000571930327,14.1779666062074,12.4115078086043
556.3,7.75,7,7.74993356488391,7.00002858044855,6.77750190331558,6.86607861197285,15.4998671297678,14.0000571608971,14.1779486059165,12.4115240166687
556.4,7.75,7,7.74993356444644,7.00002856437044,6.77750328316783,6.86607725969648,15.4998671288929,14.0000571287409,14.1779306168351,12.4115402156714
556.5,7.75,7,7.74993356361137,7.00002854830439,6.7775047702033,6.8660759072363,15.4998671272227,14.0000570966088,14.1779126398815,12.4115564029768
556.6,7.75,7,7.74993356248693,7.00002853224868,6.77750633496255,6.86607455483812,15.4998671249739,14.0000570644974,14.1778946742537,12.4115725794346
556.7,7.75,7,7.74993356195758,7.00002851619372,6.77750773593102,6.86607320507601,15.4998671239152,14.0000570323874,14.177876720616,12.4115887452412
556.8,7.75,7,7.74993356076343,7.00002850015316,6.77750931714801,6.86607185428065,15.4998671215269,14.0000570003063,14.1778587779904,12.4116049001475
556.9,7.75,7,7.74993355989673,7.00002848411694,6.77751080753463,6.86607050542719,15.4998671197935,14.0000569682339,14.1778408482374,12.4116210433324
557,7.75,7,7.74993355952435,7.00002846808214,6.77751216172483,6.8660691588626,15.4998671190487,14.0000569361643,14.1778229297121,12.4116371764869
557.1,7.75,7,7.74993355812855,7.00002845206616,6.77751379399804,6.86606781028635,15.4998671162571,14.0000569041323,14.1778050227655,12.4116532978824
557.2,7.75,7,7.74993355666742,7.000028436058,6.77751544284078,6.86606646240848,15.4998671133348,14.000056872116,14.1777871271166,12.4116694086665
557.3,7.75,7,7.74993355693304,7.0000284200375,6.77751661901845,6.86606512035726,15.4998671138661,14.000056840075,14.1777692429955,12.4116855102792
557.4,7.75,7,7.749933557078,7.0000284040256,6.77751782684667,6.86606377886545,15.499867114156,14.0000568080512,14.177751370414,12.4117016010046
557.5,7.75,7,7.74993355400749,7.00002838805778,6.77751991108119,6.86606242916446,15.499867108015,14.0000567761156,14.1777335100949,12.4117176773107
557.6,7.75,7,7.74993355336109,7.00002837206991,6.77752133225189,6.86606108729826,15.4998671067222,14.0000567441398,14.1777156615549,12.4117337448565
557.7,7.75,7,7.74993355482062,7.00002835606525,6.77752217727617,6.86605975231767,15.4998671096412,14.0000567121305,14.17769782426,12.4117498038472
557.8,7.75,7,7.7499335530025,7.00002834010442,6.77752391585615,6.86605840882916,15.499867106005,14.0000566802088,14.1776799976784,12.4117658498093
557.9,7.75,7,7.74993355172185,7.00002832414563,6.77752550627144,6.86605706788707,15.4998671034437,14.0000566482913,14.1776621840482,12.4117818841761
558,7.75,7,7.74993355194386,7.00002830817649,6.77752668529667,6.86605573205894,15.4998671038877,14.000056616353,14.1776443810083,12.4117979100438
558.1,7.75,7,7.74993355030217,7.00002829223628,6.77752837169705,6.86605439189141,15.4998671006043,14.0000565844726,14.1776265904276,12.4118139225599
558.2,7.75,7,7.74993354955358,7.0000282762928,6.77752981307823,6.86605305512183,15.4998670991072,14.0000565525856,14.1776088107223,12.411829925749
558.3,7.75,7,7.74993354863613,7.00002826035898,6.77753129918163,6.86605171883451,15.4998670972723,14.000056520718,14.1775910433319,12.4118459172872
558.4,7.75,7,7.74993354752346,7.00002824443394,6.77753283741578,6.86605038280705,15.4998670950469,14.0000564888679,14.1775732863761,12.4118618989058
558.5,7.75,7,7.74993354701475,7.00002822851019,6.77753420933542,6.86604904951245,15.4998670940295,14.0000564570204,14.1775555423347,12.4118778690287
558.6,7.75,7,7.74993354587708,7.00002821260061,6.77753575170707,6.86604771529901,15.4998670917542,14.0000564252012,14.177537809472,12.4118938281381
558.7,7.75,7,7.74993354464052,7.00002819669907,6.77753731984932,6.86604638166242,15.499867089281,14.0000563933981,14.1775200875857,12.4119097769127
558.8,7.75,7,7.74993354445076,7.00002818079284,6.77753860096631,6.86604505189923,15.4998670889015,14.0000563615857,14.1775023770534,12.4119257160583
558.9,7.75,7,7.74993354407616,7.00002816489608,6.7775399312357,6.86604372252347,15.4998670881523,14.0000563297922,14.1774846782097,12.4119416441261
559,7.75,7,7.74993354141085,7.00002814903296,6.77754188547944,6.86604238757076,15.4998670828217,14.0000562980659,14.177466991577,12.4119575586851
559.1,7.75,7,7.74993354068914,7.00002813315502,6.77754330788155,6.86604105904929,15.4998670813783,14.00005626631,14.1774493163066,12.4119734644368
559.2,7.75,7,7.74993354196092,7.00002811726169,6.77754418482453,6.8660397371007,15.4998670839218,14.0000562345234,14.1774316523909,12.4119893614351
559.3,7.75,7,7.74993354056963,7.00002810140546,6.77754578752153,6.86603840841828,15.4998670811393,14.0000562028109,14.177413999472,12.412005245715
559.4,7.75,7,7.74993353803545,7.00002808556926,6.77754770096536,6.86603707735428,15.4998670760709,14.0000561711385,14.1773963577724,12.4120211184732
559.5,7.75,7,7.74993353918705,7.00002806969931,6.77754860684028,6.86603575778432,15.4998670783741,14.0000561393986,14.1773787286488,12.4120369829025
559.6,7.75,7,7.74993353825716,7.00002805385968,6.77755007974385,6.86603443311479,15.4998670765143,14.0000561077194,14.1773611102149,12.4120528354384
559.7,7.75,7,7.74993353676175,7.00002803803399,6.77755170570502,6.86603310776209,15.4998670735235,14.000056076068,14.1773435036662,12.412068676366
559.8,7.75,7,7.74993353640029,7.00002802220231,6.77755302091149,6.86603178648769,15.4998670728006,14.0000560444046,14.1773259079194,12.4120845082652
559.9,7.75,7,7.7499335350121,7.00002800639021,6.77755461500388,6.86603046326756,15.4998670700242,14.0000560127804,14.1773083247319,12.4121003275025
560,7.75,7,7.74993353426179,7.00002799057744,6.77755603382094,6.86602914267173,15.4998670685236,14.0000559811549,14.1772907518438,12.4121161377231
560.1,7.75,7,7.74993353336129,7.0000279747745,6.77755749221018,6.86602782265012,15.4998670667226,14.000055949549,14.1772731917771,12.4121319358478
560.2,7.75,7,7.7499335321789,7.0000279589814,6.77755902638678,6.86602650264271,15.4998670643578,14.0000559179628,14.177255642173,12.4121477239553
560.3,7.75,7,7.74993353165384,7.00002794318785,6.77756037990137,6.86602518536996,15.4998670633077,14.0000558863757,14.1772381035721,12.4121635024092
560.4,7.75,7,7.74993353093313,7.00002792740428,6.77756178546527,6.86602386849386,15.4998670618663,14.0000558548086,14.1772205771811,12.4121792692971
560.5,7.75,7,7.74993352899108,7.00002791164179,6.77756352317429,6.86602254902709,15.4998670579822,14.0000558232836,14.1772030622027,12.4121950244162
560.6,7.75,7,7.74993352830719,7.00002789587227,6.77756491616493,6.86602123403256,15.4998670566144,14.0000557917445,14.1771855585387,12.4122107701476
560.7,7.75,7,7.74993352881105,7.0000278800965,6.77756598365981,6.86601992330893,15.4998670576221,14.000055760193,14.1771680661828,12.4122265064328
560.8,7.75,7,7.74993352779968,7.00002786434469,6.77756746360474,6.86601860909972,15.4998670555994,14.0000557286894,14.1771505845133,12.4122422313562
560.9,7.75,7,7.74993352622031,7.00002784860679,6.7775690973028,6.86601729418894,15.4998670524406,14.0000556972136,14.1771331145914,12.4122579448037
561,7.75,7,7.74993352597915,7.00002783286126,6.7775703643815,6.86601598401407,15.4998670519583,14.0000556657225,14.1771156564392,12.412273648515
561.1,7.75,7,7.74993352472134,7.00002781713425,6.77757190776842,6.86601467180043,15.4998670494427,14.0000556342685,14.1770982092956,12.4122893410261
561.2,7.75,7,7.74993352383683,7.00002780141046,6.77757334795712,6.86601336156215,15.4998670476737,14.0000556028209,14.1770807738079,12.4123050230173
561.3,7.75,7,7.74993352311637,7.00002778569197,6.77757474212165,6.86601205266707,15.4998670462327,14.0000555713839,14.1770633495231,12.4123206947181
561.4,7.75,7,7.7499335218281,7.00002776998739,6.7775762899898,6.86601074306775,15.4998670436562,14.0000555399748,14.1770459369474,12.4123363549818
561.5,7.75,7,7.74993352114507,7.00002775428292,6.77757767142914,6.86600943604506,15.4998670422901,14.0000555085658,14.1770285352597,12.4123520056569
561.6,7.75,7,7.74993352065142,7.00002773858326,6.77757899996608,6.86600813041289,15.4998670413028,14.0000554771665,14.177011144458,12.412367646362
561.7,7.75,7,7.74993351869164,7.00002772290763,6.77758072744623,6.86600682150647,15.4998670373833,14.0000554458153,14.1769937652597,12.4123832749003
561.8,7.75,7,7.74993351764643,7.00002770722929,6.77758220394134,6.86600551614071,15.4998670352929,14.0000554144586,14.1769763980005,12.4123988931579
561.9,7.75,7,7.74993351817019,7.00002769154035,6.77758325088629,6.86600421612353,15.4998670363404,14.0000553830807,14.1769590419354,12.4124145024333
562,7.75,7,7.74993351716379,7.00002767587585,6.77758471431787,6.86600291260897,15.4998670343276,14.0000553517517,14.1769416969575,12.4124300999657
562.1,7.75,7,7.74993351444306,7.00002766023799,6.77758664448495,6.86600160508861,15.4998670288861,14.000055320476,14.1769243632813,12.4124456853854
562.2,7.75,7,7.7499335149821,7.00002764457024,6.77758768357289,6.86600030771627,15.4998670299642,14.0000552891405,14.1769070405192,12.4124612636466
562.3,7.75,7,7.74993351602458,7.0000276289038,6.77758858401877,6.86599901263364,15.4998670320492,14.0000552578076,14.1768897286927,12.4124768321848
562.4,7.75,7,7.74993351315329,7.00002761328963,6.77759055149303,6.86599770735856,15.4998670263066,14.0000552265793,14.1768724292614,12.4124923855625
562.5,7.75,7,7.74993351266117,7.0000275976551,6.77759186835878,6.86599640966769,15.4998670253223,14.0000551953102,14.1768551400715,12.4125079315968
562.6,7.75,7,7.74993351212773,7.00002758202885,6.77759319515858,6.86599511280746,15.4998670242555,14.0000551640577,14.1768378630271,12.4125234662795
562.7,7.75,7,7.74993351057175,7.00002756642089,6.77759479994148,6.86599381384742,15.4998670211435,14.0000551328418,14.1768205964337,12.4125389902838
562.8,7.75,7,7.74993350999664,7.00002755080952,6.77759613563687,6.86599251861842,15.4998670199933,14.000055101619,14.1768033418016,12.412554504053
562.9,7.75,7,7.74993350878085,7.00002753521229,6.77759764504604,6.86599122239695,15.4998670175617,14.0000550704246,14.1767860978571,12.4125700072768
563,7.75,7,7.74993350788393,7.00002751961911,6.77759906609336,6.86598992801466,15.4998670157679,14.0000550392382,14.1767688658232,12.4125854997026
563.1,7.75,7,7.74993350728182,7.00002750402928,6.77760040551697,6.86598863528292,15.4998670145636,14.0000550080586,14.1767516441631,12.4126009827399
563.2,7.75,7,7.74993350576278,7.00002748845709,6.77760199400082,6.86598734081586,15.4998670115256,14.0000549769142,14.176734433767,12.4126164544414
563.3,7.75,7,7.7499335047821,7.00002747288655,6.77760343419623,6.86598604882131,15.4998670095642,14.0000549457731,14.1767172353786,12.4126319154588
563.4,7.75,7,7.74993350467657,7.00002745731321,6.77760463426831,6.865984760183,15.4998670093531,14.0000549146264,14.1767000480156,12.4126473670181
563.5,7.75,7,7.74993350336167,7.00002744176071,6.77760616325902,6.86598346896028,15.4998670067233,14.0000548835214,14.1766828717247,12.4126628071519
563.6,7.75,7,7.74993350111158,7.00002742622591,6.77760794632981,6.86598217593039,15.4998670022232,14.0000548524518,14.1766657064479,12.4126782361676
563.7,7.75,7,7.74993350138092,7.00002741066972,6.77760904041138,6.86598089094559,15.4998670027618,14.0000548213394,14.176648552198,12.4126936572435
563.8,7.75,7,7.74993350224654,7.00002739511391,6.77760997049985,6.86597960852271,15.4998670044931,14.0000547902278,14.1766314089877,12.4127090685925
563.9,7.75,7,7.74993349938949,7.0000273796072,6.77761191563604,6.86597831632414,15.499866998779,14.0000547592144,14.1766142765397,12.4127244664857
564,7.75,7,7.74993349838138,7.00002736408755,6.77761335467653,6.86597703036149,15.4998669967628,14.0000547281751,14.1765971564384,12.4127398545929
564.1,7.75,7,7.74993349934477,7.0000273485523,6.77761425437902,6.86597575083062,15.4998669986895,14.0000546971046,14.176580046715,12.4127552348605
564.2,7.75,7,7.74993349742264,7.000027333057,6.77761594054684,6.86597446394924,15.4998669948453,14.000054666114,14.1765629482422,12.412770601992
564.3,7.75,7,7.74993349647824,7.00002731755769,6.77761735860973,6.86597318070595,15.4998669929565,14.0000546351154,14.1765458606635,12.4127859598868
564.4,7.75,7,7.74993349565817,7.00002730206468,6.77761874141989,6.86597189874529,15.4998669913163,14.0000546041294,14.1765287849802,12.4128013068255
564.5,7.75,7,7.7499334943462,7.00002728658381,6.77762025739384,6.86597061617213,15.4998669886924,14.0000545731676,14.1765117194254,12.412816643884
564.6,7.75,7,7.74993349370595,7.00002727110324,6.77762158865628,6.86596933646425,15.4998669874119,14.0000545422065,14.1764946660453,12.4128319702328
564.7,7.75,7,7.74993349250457,7.00002725563577,6.77762307195427,6.86596805596767,15.4998669850091,14.0000545112715,14.1764776230672,12.412847286384
564.8,7.75,7,7.74993349143646,7.00002724017405,6.777624517641,6.86596677672254,15.4998669828729,14.0000544803481,14.1764605912603,12.4128625922632
564.9,7.75,7,7.74993349098223,7.00002722471295,6.7776257944637,6.86596550013724,15.4998669819645,14.0000544494259,14.1764435711107,12.4128778878624
565,7.75,7,7.74993348966297,7.00002720926878,6.77762730621769,6.86596422194127,15.4998669793259,14.0000544185376,14.1764265619364,12.4128931724513
565.1,7.75,7,7.74993348796531,7.00002719383584,6.77762892009566,6.86596294349894,15.4998669759306,14.0000543876717,14.1764095634387,12.4129084467575
565.2,7.75,7,7.74993348790094,7.00002717839155,6.77763008689764,6.86596167057065,15.4998669758019,14.0000543567831,14.1763925759234,12.4129237123542
565.3,7.75,7,7.74993348811483,7.00002716295127,6.77763117652904,6.86596039929287,15.4998669762297,14.0000543259025,14.1763755993975,12.4129389679845
565.4,7.75,7,7.74993348631826,7.00002714754071,6.77763281381328,6.86595912311634,15.4998669726365,14.0000542950814,14.1763586335704,12.412954211806
565.5,7.75,7,7.74993348534639,7.00002713212849,6.77763422466875,6.86595785020956,15.4998669706928,14.000054264257,14.1763416795158,12.4129694454379
565.6,7.75,7,7.74993348484019,7.00002711671796,6.77763550723001,6.86595657946328,15.4998669696804,14.0000542334359,14.1763247361392,12.4129846695675
565.7,7.75,7,7.74993348340029,7.00002710132539,6.77763704343331,6.86595530693875,15.4998669668006,14.0000542026508,14.1763078041042,12.412999882286
565.8,7.75,7,7.74993348266379,7.00002708593189,6.77763838642985,6.86595403725959,15.4998669653276,14.0000541718638,14.1762908828365,12.4130150856393
565.9,7.75,7,7.74993348161296,7.00002707054951,6.77763981396372,6.86595276758743,15.4998669632259,14.000054141099,14.1762739731564,12.4130302779257
566,7.75,7,7.74993348038885,7.00002705517574,6.77764128768191,6.86595149821467,15.4998669607777,14.0000541103515,14.1762570736547,12.4130454605861
566.1,7.75,7,7.74993347987948,7.00002703980117,6.77764256505915,6.86595023174961,15.499866959759,14.0000540796023,14.1762401853072,12.4130606335336
566.2,7.75,7,7.74993347887635,7.00002702443996,6.77764397592162,6.86594896480279,15.4998669577527,14.0000540488799,14.1762233088423,12.4130757949756
566.3,7.75,7,7.74993347703324,7.0000270090951,6.77764561493725,6.86594769627732,15.4998669540665,14.0000540181902,14.1762064428542,12.4130909459
566.4,7.75,7,7.74993347657619,7.00002699374168,6.77764687438284,6.86594643255224,15.4998669531524,14.0000539874834,14.1761895877443,12.4131060879894
566.5,7.75,7,7.74993347682682,7.00002697838736,6.77764793944881,6.86594517169302,15.4998669536536,14.0000539567747,14.1761727435126,12.4131212206178
566.6,7.75,7,7.74993347458116,7.00002696306826,6.77764968479993,6.86594390454343,15.4998669491623,14.0000539261365,14.1761559099056,12.4131363410633
566.7,7.75,7,7.74993347239845,7.00002694775553,6.77765141177961,6.86594263841545,15.4998669447969,14.0000538955111,14.176139087104,12.4131514515212
566.8,7.75,7,7.7499334739779,7.00002693240798,6.77765211044352,6.86594138393912,15.4998669479558,14.000053864816,14.1761222761524,12.4131665544363
566.9,7.75,7,7.74993347343371,7.00002691709147,6.77765338766108,6.86594012423904,15.4998669468674,14.0000538341829,14.1761054758783,12.4131816454647
567,7.75,7,7.74993347088559,7.00002690180444,6.77765521078542,6.86593885963237,15.4998669417712,14.0000538036089,14.1760886859713,12.4131967250062
567.1,7.75,7,7.7499334710363,7.00002688649469,6.77765629586159,6.86593760364964,15.4998669420726,14.0000537729894,14.1760719079737,12.4132117959693
567.2,7.75,7,7.74993346975572,7.0000268712076,6.77765777057912,6.86593634435291,15.4998669395114,14.0000537424152,14.1760551398262,12.4132268564555
567.3,7.75,7,7.74993346863095,7.00002685592663,6.77765920145072,6.86593508643484,15.4998669372619,14.0000537118533,14.1760383836717,12.4132419059388
567.4,7.75,7,7.74993346787743,7.00002684064827,6.77766052984027,6.86593383038224,15.4998669357549,14.0000536812965,14.1760216378733,12.4132569461401
567.5,7.75,7,7.74993346655511,7.00002682538374,6.77766201227279,6.86593257358378,15.4998669331102,14.0000536507675,14.1760049033216,12.4132719753641
567.6,7.75,7,7.74993346579579,7.00002681011947,6.7776633399107,6.86593131917573,15.4998669315916,14.0000536202389,14.1759881788465,12.4132869957436
567.7,7.75,7,7.74993346487736,7.00002679486496,6.77766470965913,6.86593006525554,15.4998669297547,14.0000535897299,14.1759714664592,12.4133020047436
567.8,7.75,7,7.74993346337141,7.00002677962397,6.77766623864984,6.86592881047269,15.4998669267428,14.0000535592479,14.1759547645059,12.4133170035054
567.9,7.75,7,7.74993346271545,7.00002676438041,6.77766753443316,6.86592755894806,15.4998669254309,14.0000535287608,14.1759380732654,12.4133319930982
568,7.75,7,7.74993346243586,7.00002674913966,6.77766872630148,6.86592630933086,15.4998669248717,14.0000534982793,14.1759213927356,12.4133469730866
568.1,7.75,7,7.74993346021576,7.00002673392798,6.77767044671896,6.86592505502027,15.4998669204315,14.000053467856,14.1759047229935,12.4133619412606
568.2,7.75,7,7.74993345838448,7.00002671871897,6.77767205982517,6.86592380265248,15.499866916769,14.0000534374379,14.1758880639616,12.4133768998432
568.3,7.75,7,7.74993345962867,7.00002670348233,6.77767283217895,6.8659225599025,15.4998669192573,14.0000534069647,14.1758714158164,12.4133918511516
568.4,7.75,7,7.74993345956787,7.00002668826804,6.77767395952546,6.86592131432342,15.4998669191357,14.0000533765361,14.1758547791294,12.4134067906107
568.5,7.75,7,7.74993345633185,7.00002667309687,6.77767595247335,6.86592006053684,15.4998669126637,14.0000533461937,14.17583815332,12.4134217170338
568.6,7.75,7,7.74993345643337,7.00002665789457,6.77767703321845,6.86591881705159,15.4998669128667,14.0000533157891,14.1758215375794,12.4134366371857
568.7,7.75,7,7.74993345656266,7.00002664269941,6.7776781051508,6.86591757452238,15.4998669131253,14.0000532853988,14.1758049331011,12.4134515469023
568.8,7.75,7,7.74993345431645,7.00002662753818,6.77767982439948,6.86591632604783,15.4998669086329,14.0000532550764,14.1757883392664,12.4134664445399
568.9,7.75,7,7.74993345376303,7.0000266123652,6.7776810803162,6.86591508327297,15.4998669075261,14.0000532247304,14.1757717566398,12.4134813333309
569,7.75,7,7.74993345251404,7.00002659720676,6.7776825250162,6.86591383929763,15.4998669050281,14.0000531944135,14.1757551840716,12.4134962121383
569.1,7.75,7,7.7499334514716,7.0000265820538,6.77768391204248,6.86591259683025,15.4998669029432,14.0000531641076,14.175738623309,12.4135110801729
569.2,7.75,7,7.74993345072763,7.00002656690399,6.77768521651558,6.8659113559795,15.4998669014553,14.000053133808,14.1757220723808,12.4135259393506
569.3,7.75,7,7.74993344933427,7.00002655176931,6.77768669698019,6.86591011419154,15.4998668986685,14.0000531035386,14.175705533203,12.4135407870174
569.4,7.75,7,7.74993344848376,7.00002653663537,6.77768802812329,6.86590887475949,15.4998668969675,14.0000530732707,14.1756890044059,12.4135556255466
569.5,7.75,7,7.74993344791493,7.00002652150514,6.77768928123948,6.8659076369383,15.4998668958299,14.0000530430103,14.1756724859858,12.4135704547007
569.6,7.75,7,7.74993344601337,7.0000265063972,6.77769089698666,6.86590639616221,15.4998668920267,14.0000530127944,14.1756559784303,12.413585272537
569.7,7.75,7,7.74993344456362,7.00002649129116,6.77769238824403,6.86590515749636,15.4998668891272,14.0000529825823,14.1756394814357,12.4136000809856
569.8,7.75,7,7.74993344510044,7.00002647616993,6.77769333600079,6.86590392534899,15.4998668902009,14.0000529523399,14.1756229954102,12.4136148810849
569.9,7.75,7,7.7499334447821,7.00002646106568,6.77769451600607,6.86590269161833,15.4998668895642,14.0000529221314,14.1756065203765,12.4136296701905
570,7.75,7,7.74993344266848,7.00002644598892,6.77769618492552,6.8659014536059,15.499866885337,14.0000528919778,14.1755900561086,12.4136444476448
570.1,7.75,7,7.74993344208862,7.00002643090169,6.77769743402058,6.86590022077324,15.4998668841772,14.0000528618034,14.1755736022009,12.4136592168983
570.2,7.75,7,7.7499334410795,7.00002641582665,6.77769879909751,6.86589898757368,15.499866882159,14.0000528316533,14.1755571593111,12.4136739755287
570.3,7.75,7,7.74993343981061,7.00002640076152,6.77770023394852,6.86589775444773,15.4998668796212,14.000052801523,14.175540726889,12.4136887242035
570.4,7.75,7,7.74993343912282,7.00002638569708,6.77770150897934,6.86589652382611,15.4998668782456,14.0000527713942,14.1755243053578,12.4137034633066
570.5,7.75,7,7.74993343776486,7.00002637064701,6.777702965849,6.86589529208622,15.4998668755297,14.000052741294,14.1755078940181,12.4137181923324
570.6,7.75,7,7.74993343675114,7.00002635560087,6.77770432747039,6.86589406224019,15.4998668735023,14.0000527112017,14.1754914944059,12.4137329107925
570.7,7.75,7,7.74993343621959,7.00002634055612,6.77770555635069,6.8658928345676,15.4998668724392,14.0000526811122,14.1754751050596,12.413747620171
570.8,7.75,7,7.74993343464682,7.00002632553024,6.7777070683124,6.86589160475154,15.4998668692936,14.0000526510605,14.1754587263287,12.4137623187377
570.9,7.75,7,7.74993343304013,7.00002631051166,6.77770858840641,6.86589037564424,15.4998668660803,14.0000526210233,14.1754423579542,12.413777007663
571,7.75,7,7.74993343317482,7.00002629548043,6.77770963198029,6.86588915232382,15.4998668663496,14.0000525909609,14.1754260001383,12.4137916883992
571.1,7.75,7,7.74993343315566,7.000026280458,6.77771071640585,6.86588792938676,15.4998668663113,14.000052560916,14.1754096528936,12.413806359185
571.2,7.75,7,7.74993342990548,7.00002626547974,6.77771268162121,6.8658866981184,15.499866859811,14.0000525309595,14.1753933169946,12.4138210164611
571.3,7.75,7,7.74993342915175,7.00002625048035,6.77771396418062,6.86588547479835,15.4998668583035,14.0000525009607,14.1753769917619,12.4138356661466
571.4,7.75,7,7.74993343044289,7.0000262354647,6.77771468739905,6.86588425811035,15.4998668608858,14.0000524709294,14.1753606768292,12.4138503081649
571.5,7.75,7,7.74993342841373,7.00002622049321,6.7777163159497,6.86588303271662,15.4998668568275,14.0000524409864,14.1753443717026,12.4138649380205
571.6,7.75,7,7.74993342702778,7.00002620552244,6.77771776761498,6.86588181008578,15.4998668540556,14.0000524110449,14.175328078521,12.4138795573897
571.7,7.75,7,7.74993342709132,7.0000261905417,6.77771882254682,6.86588059233524,15.4998668541826,14.0000523810834,14.1753117949465,12.4138941691857
571.8,7.75,7,7.74993342527614,7.00002617558993,6.77772038909468,6.86587937012121,15.4998668505523,14.0000523511799,14.1752955228702,12.4139087685821
571.9,7.75,7,7.74993342438375,7.0000261606344,6.7777217026529,6.86587815131272,15.4998668487675,14.0000523212688,14.1752792607516,12.4139233595947
572,7.75,7,7.7499334233021,7.00002614568853,6.7777230666622,6.86587693283531,15.4998668466042,14.0000522913771,14.1752630098353,12.4139379400429
572.1,7.75,7,7.74993342204696,7.00002613075111,6.7777244769826,6.86587571461454,15.4998668440939,14.0000522615022,14.175246768585,12.4139525113665
572.2,7.75,7,7.74993342138343,7.00002611581487,6.77772572452911,6.86587449899249,15.4998668427669,14.0000522316297,14.1752305390639,12.413967072359
572.3,7.75,7,7.74993342007953,7.00002610089277,6.77772714577547,6.86587328234113,15.4998668401591,14.0000522017855,14.1752143197942,12.4139816232538
572.4,7.75,7,7.74993341869642,7.00002608597834,6.77772858755661,6.86587206624614,15.4998668373928,14.0000521719567,14.1751981105897,12.413996164742
572.5,7.75,7,7.74993341836866,7.00002607105894,6.77772974011265,6.86587085396883,15.4998668367373,14.0000521421179,14.1751819117848,12.4140106975616
572.6,7.75,7,7.74993341780381,7.00002605614953,6.77773095621713,6.86586964185709,15.4998668356076,14.0000521122991,14.1751657238103,12.4140252201202
572.7,7.75,7,7.74993341500366,7.00002604127286,6.77773278132713,6.86586842423114,15.4998668300073,14.0000520825457,14.1751495469022,12.4140397303545
572.8,7.75,7,7.74993341417037,7.00002602638093,6.77773406838602,6.86586721302249,15.4998668283407,14.0000520527619,14.1751333804004,12.4140542327568
572.9,7.75,7,7.74993341527741,7.00002601147405,6.77773482463721,6.86586600815498,15.4998668305548,14.0000520229481,14.1751172242986,12.414068727309
573,7.75,7,7.74993341367641,7.00002599660461,6.77773631905498,6.86586479634728,15.4998668273528,14.0000519932092,14.1751010782623,12.4140832100296
573.1,7.75,7,7.74993341101418,7.0000259817541,6.77773810206209,6.86586358231103,15.4998668220284,14.0000519635082,14.1750849424924,12.4140976822533
573.2,7.75,7,7.7499334120504,7.00002596686957,6.77773887418656,6.86586237972394,15.4998668241008,14.0000519337391,14.175068818341,12.414112147122
573.3,7.75,7,7.74993341092565,7.00002595201603,6.7777402351787,6.86586117172696,15.4998668218513,14.0000519040321,14.1750527038741,12.4141266010186
573.4,7.75,7,7.74993340931009,7.00002593717545,6.77774172896605,6.86585996318214,15.4998668186202,14.0000518743509,14.1750366003711,12.4141410442997
573.5,7.75,7,7.74993340878877,7.00002592232914,6.77774292297817,6.86585875852337,15.4998668175775,14.0000518446583,14.1750205067258,12.4141554794547
573.6,7.75,7,7.74993340724846,7.00002590750214,6.77774439391635,6.8658575518521,15.4998668144969,14.0000518150043,14.1750044245802,12.4141699030107
573.7,7.75,7,7.74993340635477,7.00002589267423,6.77774568731069,6.86585634776147,15.4998668127095,14.0000517853485,14.1749883519198,12.4141843183735
573.8,7.75,7,7.74993340529477,7.0000258778561,6.77774702484358,6.86585514410262,15.4998668105895,14.0000517557122,14.1749722909246,12.4141987227723
573.9,7.75,7,7.74993340396692,7.00002586304748,6.77774843446052,6.8658539404251,15.4998668079338,14.000051726095,14.1749562395237,12.4142131180329
574,7.75,7,7.74993340330147,7.00002584823819,6.77774966216091,6.86585273941919,15.4998668066029,14.0000516964764,14.1749401982011,12.4142275045662
574.1,7.75,7,7.74993340240844,7.00002583343914,6.77775095076847,6.86585153864209,15.4998668048169,14.0000516668783,14.1749241681818,12.4142418804158
574.2,7.75,7,7.74993340032849,7.00002581866053,6.77775256227104,6.86585033528418,15.499866800657,14.0000516373211,14.1749081485137,12.4142562455784
574.3,7.75,7,7.74993339952192,7.00002580387453,6.77775382503881,6.86584913636213,15.4998667990438,14.0000516077491,14.1748921392085,12.4142706023155
574.4,7.75,7,7.74993339986852,7.0000257890825,6.7777547718889,6.86584794153269,15.499866799737,14.000051578165,14.1748761402606,12.4142849505215
574.5,7.75,7,7.74993339867667,7.00002577431451,6.77775613766099,6.86584674307496,15.4998667973533,14.000051548629,14.1748601510853,12.4142992882534
574.6,7.75,7,7.74993339697814,7.00002575955961,6.77775764057909,6.86584554401347,15.4998667939563,14.0000515191192,14.1748441727429,12.4143136154819
574.7,7.75,7,7.74993339658699,7.00002574479717,6.77775878545018,6.86584434951001,15.499866793174,14.0000514895943,14.1748282050904,12.4143279340148
574.8,7.75,7,7.74993339517038,7.00002573005325,6.77776020915661,6.86584315287227,15.4998667903408,14.0000514601065,14.1748122476127,12.4143422421759
574.9,7.75,7,7.74993339414659,7.00002571531208,6.7777615244902,6.86584195817646,15.4998667882932,14.0000514306242,14.1747963007211,12.4143565408941
575,7.75,7,7.74993339326771,7.0000257005763,6.77776279914819,6.86584076469817,15.4998667865354,14.0000514011526,14.1747803641908,12.4143708301492
575.1,7.75,7,7.74993339183676,7.00002568585402,6.77776422336531,6.86583957047192,15.4998667836735,14.000051371708,14.1747644383057,12.414385109035
575.2,7.75,7,7.74993339101622,7.00002567113162,6.77776547987485,6.86583837876037,15.4998667820324,14.0000513422632,14.1747485223934,12.4143993792481
575.3,7.75,7,7.74993339037354,7.00002565641399,6.7777666867574,6.86583718832991,15.4998667807471,14.000051312828,14.1747326164522,12.414413640391
575.4,7.75,7,7.74993338825784,7.00002564172036,6.77776829459554,6.86583599453411,15.4998667765157,14.0000512834407,14.1747167212714,12.4144278902089
575.5,7.75,7,7.74993338709121,7.00002562702335,6.77776964218644,6.86583480428426,15.4998667741824,14.0000512540467,14.1747008369091,12.414442130885
575.6,7.75,7,7.74993338746097,7.00002561231595,6.77777056925895,6.86583361921124,15.4998667749219,14.0000512246319,14.1746849627994,12.4144563634858
575.7,7.75,7,7.74993338626277,7.00002559763321,6.7777719232696,6.8658324304548,15.4998667725255,14.0000511952664,14.1746690988413,12.414470585239
575.8,7.75,7,7.74993338341871,7.00002558297616,6.77777372546645,6.86583123780789,15.4998667668374,14.0000511659523,14.1746532452305,12.4144847958919
575.9,7.75,7,7.74993338386105,7.00002556828874,6.7777746294442,6.86583005530799,15.4998667677221,14.0000511365775,14.1746374016135,12.4144990003262
576,7.75,7,7.74993338474511,7.00002555360315,6.77777541176216,6.86582887484488,15.4998667694902,14.0000511072063,14.1746215680133,12.4145131958946
576.1,7.75,7,7.74993338169154,7.00002553896994,6.77777726776701,6.86582768404058,15.4998667633831,14.0000510779399,14.1746057458503,12.4145273772388
576.2,7.75,7,7.74993338108561,7.00002552431537,6.77777845460434,6.86582650093568,15.4998667621712,14.0000510486307,14.174589932964,12.414541552255
576.3,7.75,7,7.749933380377,7.00002550966962,6.77777966826714,6.86582531840785,15.499866760754,14.0000510193392,14.1745741312904,12.4145557167967
576.4,7.75,7,7.74993337869537,7.00002549504143,6.77778114652307,6.86582413384721,15.4998667573907,14.0000509900829,14.1745583391801,12.4145698715876
576.5,7.75,7,7.74993337797559,7.00002548040979,6.77778236103824,6.86582295287273,15.4998667559512,14.0000509608196,14.1745425579413,12.4145840172036
576.6,7.75,7,7.74993337660963,7.00002546579223,6.77778375089021,6.86582177082309,15.4998667532193,14.0000509315845,14.1745267865972,12.4145981530646
576.7,7.75,7,7.74993337557646,7.00002545117832,6.77778504873059,6.86582059056158,15.4998667511529,14.0000509023566,14.1745110260713,12.41461227922
576.8,7.75,7,7.74993337482959,7.00002543656767,6.77778626739764,6.86581941185342,15.4998667496592,14.0000508731353,14.1744952750472,12.4146263968458
576.9,7.75,7,7.74993337316091,7.00002542197462,6.77778773658522,6.86581823132683,15.4998667463218,14.0000508439492,14.1744795344698,12.4146405039524
577,7.75,7,7.74993337205185,7.0000254073827,6.77778905183466,6.86581705324061,15.4998667441037,14.0000508147654,14.1744638047821,12.414654601498
577.1,7.75,7,7.74993337179914,7.00002539278801,6.77779013222782,6.86581587837948,15.4998667435983,14.000050785576,14.1744480851925,12.4146686904897
577.2,7.75,7,7.7499333703085,7.00002537821429,6.77779154947222,6.86581470077486,15.499866740617,14.0000507564286,14.1744323757467,12.4146827689518
577.3,7.75,7,7.74993336793384,7.00002536365751,6.77779320695829,6.86581352143176,15.4998667358677,14.000050727315,14.1744166763905,12.4146968372617
577.4,7.75,7,7.74993336810208,7.00002534907888,6.77779416918809,6.86581235012294,15.4998667362042,14.0000506981578,14.1744009871319,12.4147108985766
577.5,7.75,7,7.74993336881285,7.00002533450105,6.77779498222936,6.86581118114522,15.4998667376257,14.0000506690021,14.1743853079848,12.4147249510367
577.6,7.75,7,7.74993336577966,7.00002531997244,6.77779681625172,6.86581000226266,15.4998667315593,14.0000506399449,14.1743696387875,12.4147389908346
577.7,7.75,7,7.74993336467508,7.0000253054297,6.77779812259244,6.8658088297478,15.4998667293502,14.0000506108594,14.174353980787,12.4147530220545
577.8,7.75,7,7.7499333654881,7.00002529087179,6.77779890443555,6.86580766343801,15.4998667309762,14.0000505817436,14.1743383322909,12.4147670462524
577.9,7.75,7,7.7499333633935,7.00002527635394,6.77780047890869,6.8658064896417,15.499866726787,14.0000505527079,14.1743226941773,12.4147810581609
578,7.75,7,7.74993336232651,7.00002526183126,6.77780177179902,6.86580531954206,15.499866724653,14.0000505236625,14.1743070659496,12.4147950618735
578.1,7.75,7,7.74993336134998,7.00002524731512,6.77780303881899,6.86580415055157,15.4998667227,14.0000504946302,14.1742914487027,12.4148090555125
578.2,7.75,7,7.74993335991009,7.00002523281062,6.77780443133548,6.86580298095938,15.4998667198202,14.0000504656212,14.1742758407398,12.4148230401363
578.3,7.75,7,7.74993335912889,7.00002521830629,6.77780564285568,6.86580181410299,15.4998667182578,14.0000504366126,14.1742602438401,12.4148370151359
578.4,7.75,7,7.74993335777791,7.00002520381499,6.77780700889956,6.86580064636104,15.4998667155558,14.00005040763,14.1742446564785,12.4148509807878
578.5,7.75,7,7.74993335658337,7.00002518932906,6.77780833112785,6.86579947986731,15.4998667131667,14.0000503786581,14.1742290794665,12.4148649370125
578.6,7.75,7,7.74993335598733,7.00002517484365,6.77780948884574,6.86579831589932,15.4998667119747,14.0000503496873,14.1742135130235,12.4148788840157
578.7,7.75,7,7.74993335450803,7.00002516037518,6.77781088660472,6.86579715019226,15.4998667090161,14.0000503207504,14.1741979566411,12.4148928208997
578.8,7.75,7,7.74993335268258,7.00002514591739,6.77781237781379,6.86579598425644,15.4998667053652,14.0000502918348,14.174182410045,12.4149067484146
578.9,7.75,7,7.74993335250576,7.00002513144789,6.7778134178926,6.86579482380121,15.4998667050115,14.0000502628958,14.1741668735063,12.4149206681519
579,7.75,7,7.74993335257225,7.00002511698259,6.77781439047657,6.86579366481968,15.4998667051445,14.0000502339652,14.1741513470329,12.414934578807
579.1,7.75,7,7.7499333506162,7.00002510254701,6.77781591413154,6.8657925008355,15.4998667012324,14.000050205094,14.1741358304309,12.4149484784676
579.2,7.75,7,7.74993334952409,7.00002508810904,6.77781720080536,6.86579134014209,15.4998666990482,14.0000501762181,14.1741203245054,12.4149623690548
579.3,7.75,7,7.74993334886163,7.00002507367304,6.77781836913566,6.86579018143834,15.4998666977233,14.0000501473461,14.1741048284475,12.414976250916
579.4,7.75,7,7.74993334728895,7.00002505925447,6.77781978484292,6.86578902093702,15.4998666945779,14.0000501185089,14.1740893426903,12.4149901224138
579.5,7.75,7,7.74993334642213,7.0000250448348,6.77782100680037,6.86578786321919,15.4998666928443,14.0000500896696,14.1740738668819,12.4150039853664
579.6,7.75,7,7.74993334522377,7.00002503042619,6.7778223181376,6.86578670537204,15.4998666904475,14.0000500608524,14.1740584016087,12.415017838274
579.7,7.75,7,7.74993334386694,7.00002501602584,6.7778236717409,6.86578554779582,15.4998666877339,14.0000500320517,14.1740429456674,12.4150316824092
579.8,7.75,7,7.74993334322752,7.00002500162453,6.77782482839924,6.86578439306483,15.499866686455,14.0000500032491,14.1740275000475,12.4150455176666
579.9,7.75,7,7.74993334206749,7.00002498723659,6.77782612602903,6.86578323768455,15.499866684135,14.0000499744732,14.1740120652124,12.415059342475
580,7.75,7,7.74993334009863,7.00002497286447,6.7778276434359,6.86578208074153,15.4998666801973,14.0000499457289,14.1739966399804,12.415073157661
580.1,7.75,7,7.7499333395303,7.00002495848342,6.77782877745331,6.86578092856378,15.4998666790606,14.0000499169668,14.1739812247102,12.4150869649334
580.2,7.75,7,7.74993333963671,7.00002494410166,6.77782972621559,6.86577977908165,15.4998666792734,14.0000498882033,14.1739658194029,12.4151007636213
580.3,7.75,7,7.74993333720868,7.00002492975534,6.77783136580783,6.86577862312565,15.4998666744174,14.0000498595107,14.1739504238239,12.415114550979
580.4,7.75,7,7.74993333491275,7.0000249154144,6.77783296828484,6.8657774683122,15.4998666698255,14.0000498308288,14.1739350381352,12.415128329319
580.5,7.75,7,7.74993333639176,7.00002490103835,6.77783353909107,6.86577632511188,15.4998666727835,14.0000498020767,14.173919663405,12.4151421010184
580.6,7.75,7,7.7499333356568,7.00002488669409,6.77783471325246,6.86577517634639,15.4998666713136,14.0000497733882,14.1739042983378,12.4151558617446
580.7,7.75,7,7.74993333299208,7.00002487237828,6.77783641320179,6.86577402281239,15.4998666659842,14.0000497447566,14.1738889427563,12.4151696119247
580.8,7.75,7,7.74993333303482,7.00002485803947,6.77783737287983,6.86577287785011,15.4998666660696,14.0000497160789,14.1738735981679,12.4151833544476
580.9,7.75,7,7.74993333160067,7.00002484372366,6.77783873477179,6.86577172937412,15.4998666632013,14.0000496874473,14.1738582625931,12.4151970872792
581,7.75,7,7.74993333035257,7.00002482941334,6.77784004471639,6.86577058227239,15.4998666607051,14.0000496588267,14.1738429379174,12.4152108102135
581.1,7.75,7,7.74993332945387,7.00002481510574,6.77784125826178,6.86576943690805,15.4998666589077,14.0000496302115,14.1738276228146,12.4152245246266
581.2,7.75,7,7.74993332800149,7.00002480081154,6.77784262186674,6.86576829075641,15.499866656003,14.0000496016231,14.173812317938,12.4152382290819
581.3,7.75,7,7.7499333271158,7.00002478651737,6.77784382979077,6.86576714693506,15.4998666542316,14.0000495730347,14.1737970222897,12.4152519255358
581.4,7.75,7,7.74993332604946,7.00002477223304,6.77784508584417,6.86576600346357,15.4998666520989,14.0000495444661,14.1737817378174,12.4152656114995
581.5,7.75,7,7.74993332441661,7.00002475796174,6.77784649554083,6.86576485910969,15.4998666488332,14.0000495159235,14.1737664628168,12.4152792881915
581.6,7.75,7,7.74993332364222,7.00002474368757,6.77784766984916,6.86576371796304,15.4998666472844,14.0000494873751,14.1737511976268,12.4152929566149
581.7,7.75,7,7.74993332322518,7.00002472941622,6.77784874556163,6.86576257859459,15.4998666464504,14.0000494588324,14.1737359422462,12.4153066163084
581.8,7.75,7,7.74993332083881,7.00002471517406,6.77785035782603,6.86576143437518,15.4998666416776,14.0000494303481,14.1737206967485,12.4153202650561
581.9,7.75,7,7.74993331889294,7.00002470093378,6.77785184879913,6.86576029217097,15.4998666377859,14.0000494018676,14.1737054610601,12.4153339051516
582,7.75,7,7.74993332003252,7.00002468666564,6.77785249641966,6.86575915954552,15.499866640065,14.0000493733313,14.173690235456,12.4153475387834
582.1,7.75,7,7.74993331978209,7.00002467242048,6.77785352239234,6.86575802375867,15.4998666395642,14.000049344841,14.1736750202215,12.4153611615562
582.2,7.75,7,7.7499333164375,7.00002465821732,6.77785539197256,6.86575687991866,15.499866632875,14.0000493164346,14.1736598149409,12.4153747722805
582.3,7.75,7,7.74993331645273,7.00002464398259,6.77785634338934,6.86575574637277,15.4998666329055,14.0000492879652,14.1736446188788,12.4153883775951
582.4,7.75,7,7.74993331639725,7.00002462975595,6.77785731300858,6.86575461343011,15.4998666327945,14.0000492595119,14.1736294332207,12.4154019732383
582.5,7.75,7,7.74993331403207,7.00002461556221,6.77785891211909,6.86575347464732,15.4998666280641,14.0000492311244,14.173614257208,12.4154155578433
582.6,7.75,7,7.74993331336473,7.00002460135651,6.77786004665011,6.86575234150625,15.4998666267295,14.000049202713,14.1735990915392,12.4154291344662
582.7,7.75,7,7.74993331197502,7.00002458716546,6.77786137739973,6.86575120701848,15.49986662395,14.0000491743309,14.1735839350901,12.4154427019104
582.8,7.75,7,7.74993331080964,7.0000245729794,6.77786264577527,6.86575007400028,15.4998666216193,14.0000491459588,14.1735687893698,12.4154562596572
582.9,7.75,7,7.74993330992481,7.00002455879656,6.7778638366011,6.86574894248608,15.4998666198496,14.0000491175931,14.1735536527511,12.4154698092611
583,7.75,7,7.74993330840548,7.0000245446284,6.77786519950536,6.86574780998911,15.499866616811,14.0000490892568,14.1735385268192,12.4154833484143
583.1,7.75,7,7.74993330743401,7.00002453046073,6.77786641184304,6.86574667978968,15.499866614868,14.0000490609215,14.1735234103938,12.4154968792984
583.2,7.75,7,7.74993330673304,7.00002451629668,6.77786754933625,6.86574555109656,15.4998666134661,14.0000490325934,14.173508303472,12.4155104016604
583.3,7.75,7,7.74993330468094,7.00002450215492,6.77786905461507,6.8657444193207,15.4998666093619,14.0000490043098,14.1734932065087,12.4155239135832
583.4,7.75,7,7.74993330311321,7.00002448801449,6.77787042664337,6.86574328967451,15.4998666062264,14.000048976029,14.1734781192239,12.4155374170206
583.5,7.75,7,7.7499333035383,7.00002447385866,6.77787125358385,6.86574216649694,15.4998666070766,14.0000489477173,14.173463042102,12.4155509129189
583.6,7.75,7,7.74993330305917,7.00002445972005,6.77787232631512,6.86574104150888,15.4998666061183,14.0000489194401,14.1734479749122,12.4155643988162
583.7,7.75,7,7.74993330082776,7.00002444560822,6.77787387635676,6.86573991228514,15.4998666016555,14.0000488912164,14.1734329175665,12.4155778740112
583.8,7.75,7,7.74993330013517,7.00002443148571,6.77787500530887,6.86573878818958,15.4998666002703,14.0000488629714,14.1734178697927,12.4155913417943
583.9,7.75,7,7.74993329898159,7.00002441737547,6.77787625904775,6.86573766355306,15.4998665979632,14.0000488347509,14.1734028320248,12.4156047999188
584,7.75,7,7.74993329759788,7.00002440327466,6.77787757458688,6.86573653900802,15.4998665951958,14.0000488065493,14.1733878039284,12.4156182489068
584.1,7.75,7,7.74993329678124,7.00002438917441,6.77787873428181,6.86573541684449,15.4998665935625,14.0000487783488,14.1733727857208,12.4156316892943
584.2,7.75,7,7.74993329528981,7.00002437508847,6.77788007718584,6.86573429348698,15.4998665905796,14.0000487501769,14.1733577769595,12.4156451203432
584.3,7.75,7,7.74993329415787,7.00002436100597,6.77788132083418,6.86573317197748,15.4998665883157,14.0000487220119,14.173342778844,12.4156585419023
584.4,7.75,7,7.74993329349664,7.00002434692479,6.77788243498927,6.865732052537,15.4998665869933,14.0000486938496,14.1733277901299,12.4156719552227
584.5,7.75,7,7.74993329177639,7.00002433286246,6.7778838372184,6.86573093082861,15.4998665835528,14.0000486657249,14.1733128111453,12.4156853585896
584.6,7.75,7,7.74993329005368,7.00002431880688,6.77788523911847,6.86572980984677,15.4998665801074,14.0000486376138,14.1732978416517,12.4156987531989
584.7,7.75,7,7.74993329008694,7.00002430473826,6.77788616064481,6.86572869461945,15.4998665801739,14.0000486094765,14.1732828818262,12.4157121405114
584.8,7.75,7,7.74993328993307,7.0000242906786,6.77788713223496,6.86572757960674,15.4998665798661,14.0000485813572,14.1732679316823,12.4157255187206
584.9,7.75,7,7.74993328653268,7.00002427666312,6.77788898897235,6.86572645614723,15.4998665730654,14.0000485533262,14.1732529920322,12.4157388842529
585,7.75,7,7.74993328570113,7.0000242626254,6.77789014343561,6.86572534075908,15.4998665714023,14.0000485252508,14.1732380620366,12.4157522432527
585.1,7.75,7,7.74993328685318,7.0000242485719,6.77789075541023,6.86572423175617,15.4998665737064,14.0000484971438,14.1732231414725,12.4157655953854
585.2,7.75,7,7.74993328464227,7.00002423456283,6.77789228448125,6.86572311385684,15.4998665692845,14.0000484691257,14.1732082298822,12.4157789361366
585.3,7.75,7,7.74993328318051,7.00002422055309,6.77789360788669,6.8657219989447,15.499866566361,14.0000484411062,14.1731933293047,12.4157922674233
585.4,7.75,7,7.74993328311488,7.00002420653372,6.77789454925125,6.86572088868689,15.4998665662298,14.0000484130674,14.1731784374394,12.415805591965
585.5,7.75,7,7.74993328115553,7.00002419254331,6.77789600645837,6.86571977384852,15.4998665623111,14.0000483850866,14.173163556182,12.415818904976
585.6,7.75,7,7.74993328014866,7.00002417854859,6.77789720269115,6.86571866243045,15.4998665602973,14.0000483570972,14.1731486840397,12.4158322104614
585.7,7.75,7,7.74993327893207,7.00002416456348,6.77789845510576,6.86571755120126,15.4998665578641,14.000048329127,14.1731338220841,12.4158455063604
585.8,7.75,7,7.74993327756377,7.00002415058644,6.77789974799381,6.8657164402309,15.4998665551275,14.0000483011729,14.1731189690792,12.4158587938664
585.9,7.75,7,7.74993327677465,7.00002413661041,6.77790088165241,6.86571533173474,15.4998665535493,14.0000482732208,14.1731041267231,12.415872072089
586,7.75,7,7.74993327533374,7.00002412264844,6.77790219225327,6.86571422210589,15.4998665506675,14.0000482452969,14.1730892937656,12.4158853410448
586.1,7.75,7,7.74993327383331,7.0000241086937,6.77790351813549,6.86571311301999,15.4998665476666,14.0000482173874,14.1730744700352,12.4158986014388
586.2,7.75,7,7.74993327339676,7.0000240947337,6.77790455259142,6.86571200770336,15.4998665467935,14.0000481894674,14.1730596558277,12.4159118540363
586.3,7.75,7,7.74993327267075,7.00002408078411,6.77790566501433,6.86571090233605,15.4998665453415,14.0000481615682,14.1730448516515,12.4159250971191
586.4,7.75,7,7.74993326976502,7.00002406686633,6.77790737141391,6.86570979152733,15.49986653953,14.0000481337327,14.1730300575006,12.4159383289479
586.5,7.75,7,7.74993326884937,7.0000240529328,6.77790853355162,6.8657086871293,15.4998665376987,14.0000481058656,14.1730152728777,12.4159515538316
586.6,7.75,7,7.74993326982069,7.00002403898471,6.77790917957434,6.86570758884753,15.4998665396414,14.0000480779694,14.1730004977777,12.4159647716802
586.7,7.75,7,7.74993326803898,7.00002402507434,6.77791057617058,6.86570648342646,15.499866536078,14.0000480501487,14.1729857318883,12.4159779784972
586.8,7.75,7,7.74993326527789,7.00002401118175,6.77791223913708,6.86570537593782,15.4998665305558,14.0000480223635,14.172970975391,12.4159911757535
586.9,7.75,7,7.7499332662278,7.0000239972548,6.77791288792792,6.86570427985994,15.4998665324556,14.0000479945096,14.1729562296237,12.4160043665475
587,7.75,7,7.74993326493714,7.00002398335948,6.77791414744284,6.86570317807003,15.4998665298743,14.000047966719,14.1729414926269,12.4160175471898
587.1,7.75,7,7.74993326323055,7.00002396947608,6.77791551943944,6.86570207587469,15.4998665264611,14.0000479389522,14.1729267657409,12.4160307181305
587.2,7.75,7,7.74993326257186,7.00002395558727,6.77791660443183,6.86570097736456,15.4998665251437,14.0000479111745,14.172912047884,12.4160438817183
587.3,7.75,7,7.74993326091491,7.00002394171723,6.77791796083742,6.865699876815,15.4998665218298,14.0000478834345,14.1728973404828,12.4160570347497
587.4,7.75,7,7.74993325990683,7.0000239278461,6.77791913919305,6.86569877879261,15.4998665198137,14.0000478556922,14.1728826418497,12.416070180301
587.5,7.75,7,7.74993325871627,7.00002391398463,6.77792036625285,6.86569768106885,15.4998665174325,14.0000478279693,14.1728679538264,12.4160833159079
587.6,7.75,7,7.7499332572719,7.00002390013232,6.7779216616776,6.86569658330028,15.4998665145438,14.0000478002646,14.1728532745991,12.4160964431762
587.7,7.75,7,7.74993325649499,7.00002388627906,6.77792277392845,6.86569548814737,15.49986651299,14.0000477725581,14.1728386046003,12.4161095625583
587.8,7.75,7,7.74993325545848,7.00002387243622,6.77792395595494,6.86569439306149,15.499866510917,14.0000477448724,14.1728239450617,12.4161226720638
587.9,7.75,7,7.74993325326956,7.00002385861315,6.77792545158867,6.86569329541377,15.4998665065391,14.0000477172263,14.1728092949083,12.4161357718591
588,7.75,7,7.74993325236922,7.00002384478228,6.77792659446813,6.86569220217283,15.4998665047384,14.0000476895646,14.1727946542433,12.4161488641032
588.1,7.75,7,7.74993325258734,7.00002383094555,6.77792743103135,6.8656911128532,15.4998665051747,14.0000476618911,14.1727800230626,12.4161619486436
588.2,7.75,7,7.74993325124376,7.00002381713291,6.77792869298124,6.86569001976972,15.4998665024875,14.0000476342658,14.1727654008163,12.4161750235119
588.3,7.75,7,7.74993324945497,7.00002380333246,6.7779300754263,6.86568892618727,15.4998664989099,14.0000476066649,14.1727507885564,12.4161880887706
588.4,7.75,7,7.74993324894257,7.00002378952452,6.77793110841768,6.86568783699352,15.4998664978851,14.000047579049,14.1727361860023,12.4162011462681
588.5,7.75,7,7.74993324739593,7.00002377573504,6.77793242276229,6.8656867455759,15.4998664947919,14.0000475514701,14.1727215928493,12.4162141941519
588.6,7.75,7,7.74993324626161,7.00002376194779,6.77793362354468,6.8656856560756,15.4998664925232,14.0000475238956,14.1727070093072,12.4162272335648
588.7,7.75,7,7.74993324525302,7.00002374816599,6.77793478900698,6.8656845676729,15.499866490506,14.000047496332,14.1726924353448,12.4162402642714
588.8,7.75,7,7.74993324370812,7.00002373439722,6.7779360998629,6.86568347848729,15.4998664874162,14.0000474687944,14.1726778710573,12.4162532855728
588.9,7.75,7,7.74993324277877,7.00002372062804,6.77793724172908,6.86568239176148,15.4998664855575,14.0000474412561,14.1726633159017,12.4162662990333
589,7.75,7,7.74993324201572,7.00002370686355,6.77793833724551,6.86568130621426,15.4998664840314,14.0000474137271,14.1726487698769,12.4162793042391
589.1,7.75,7,7.74993323977276,7.00002369312297,6.77793983571604,6.86568021721639,15.4998664795455,14.0000473862459,14.1726342338268,12.4162922988935
589.2,7.75,7,7.74993323851339,7.00002367937832,6.77794106465869,6.86567913177918,15.4998664770268,14.0000473587566,14.1726197075759,12.4163052854334
589.3,7.75,7,7.7499332387577,7.0000236656234,6.77794188213975,6.86567805135395,15.4998664775154,14.0000473312468,14.1726051907126,12.4163182647182
589.4,7.75,7,7.74993323739622,7.00002365189335,6.77794313701088,6.8656769670664,15.4998664747924,14.0000473037867,14.172590683142,12.4163312339643
589.5,7.75,7,7.74993323445749,7.00002363818797,6.77794482146095,6.86567587901163,15.499866468915,14.0000472763759,14.1725761850423,12.4163441930345
589.6,7.75,7,7.74993323483174,7.00002362445168,6.7779456005607,6.86567480110972,15.4998664696635,14.0000472489034,14.1725616960912,12.4163571467414
589.7,7.75,7,7.74993323558583,7.00002361071771,6.77794627501434,6.86567372499838,15.4998664711717,14.0000472214354,14.172547216313,12.4163700923545
589.8,7.75,7,7.74993323237849,7.00002359703618,6.77794802978559,6.8656726384042,15.499866464757,14.0000471940724,14.1725327470848,12.4163830245977
589.9,7.75,7,7.7499332316873,7.00002358333223,6.77794909680783,6.86567155963278,15.4998664633746,14.0000471666645,14.172518286256,12.4163959514325
590,7.75,7,7.74993323083193,7.0000235696376,6.77795020757399,6.86567048119113,15.4998664616639,14.0000471392752,14.1725038357756,12.4164088685901
590.1,7.75,7,7.74993322905317,7.00002355595975,6.77795156950175,6.86566940079093,15.4998664581063,14.0000471119195,14.1724893940439,12.4164217768423
590.2,7.75,7,7.74993322821715,7.00002354227835,6.7779526730467,6.86566832384065,15.4998664564343,14.0000470845567,14.1724749621898,12.4164346768736
590.3,7.75,7,7.74993322672943,7.00002352861095,6.77795395354426,6.86566724573802,15.4998664534589,14.0000470572219,14.172460539493,12.4164475678748
590.4,7.75,7,7.74993322558844,7.00002351494672,6.77795513836809,6.86566616938143,15.4998664511769,14.0000470298934,14.172446126619,12.416460450156
590.5,7.75,7,7.74993322472519,7.00002350128564,6.7779562464704,6.86566509448759,15.4998664494504,14.0000470025713,14.1724317224456,12.4164733246864
590.6,7.75,7,7.74993322293523,7.00002348764205,6.77795760654363,6.86566401769776,15.4998664458705,14.0000469752841,14.172417327957,12.4164861894483
590.7,7.75,7,7.74993322172616,7.00002347399902,6.77795880701443,6.86566294332545,15.4998664434523,14.000046947998,14.1724029433407,12.416499045662
590.8,7.75,7,7.74993322135457,7.00002346035321,6.77795977790745,6.865661872054,15.4998664427091,14.0000469207064,14.1723885679707,12.4165118941405
590.9,7.75,7,7.74993321971644,7.00002344672846,6.77796109358262,6.86566079788705,15.4998664394329,14.0000468934569,14.1723742018916,12.4165247329004
591,7.75,7,7.74993321724559,7.00002343311983,6.77796263562012,6.86565972205772,15.4998664344912,14.0000468662397,14.1723598450528,12.4165375623891
591.1,7.75,7,7.74993321734103,7.00002341948885,6.77796347613788,6.86565865425888,15.4998664346821,14.0000468389777,14.172345497458,12.4165503857423
591.2,7.75,7,7.74993321792512,7.00002340585905,6.77796418229877,6.86565758856711,15.4998664358502,14.0000468117181,14.1723311591224,12.4165632010276
591.3,7.75,7,7.74993321474403,7.00002339227854,6.77796591534814,6.86565651284724,15.4998664294881,14.0000467845571,14.1723168299825,12.4165760043761
591.4,7.75,7,7.74993321357128,7.00002337868265,6.77796709909629,6.86565544363656,15.4998664271426,14.0000467573653,14.1723025109926,12.4165888002411
591.5,7.75,7,7.74993321426205,7.00002336507199,6.77796777322672,6.86565438041048,15.4998664285241,14.000046730144,14.1722882007047,12.4166015898215
591.6,7.75,7,7.74993321202311,7.00002335150143,6.77796924613304,6.86565330956818,15.4998664240462,14.0000467030029,14.1722738999956,12.4166143678851
591.7,7.75,7,7.74993321086173,7.0000233379252,6.77797042395397,6.86565224248961,15.4998664217235,14.0000466758504,14.1722596082541,12.4166271386946
591.8,7.75,7,7.74993320975685,7.00002332435568,6.77797158530034,6.86565117635297,15.4998664195137,14.0000466487114,14.1722453266461,12.4166399002351
591.9,7.75,7,7.7499332082172,7.00002331079727,6.77797286445111,6.86565010963205,15.4998664164344,14.0000466215945,14.1722310535458,12.4166526535487
592,7.75,7,7.74993320732314,7.00002329723886,6.77797396632569,6.86564904552635,15.4998664146463,14.0000465944777,14.1722167904952,12.416665398215
592.1,7.75,7,7.74993320585062,7.00002328369335,6.77797522520611,6.86564798044477,15.4998664117012,14.0000465673867,14.1722025361885,12.4166781343052
592.2,7.75,7,7.74993320455775,7.00002327015278,6.77797643405107,6.86564691661388,15.4998664091155,14.0000465403056,14.1721882914664,12.4166908617464
592.3,7.75,7,7.74993320384792,7.00002325661258,6.77797748274472,6.86564585518346,15.4998664076958,14.0000465132252,14.172174056323,12.4167035809168
592.4,7.75,7,7.74993320223657,7.0000232430893,6.77797877658535,6.86564479189252,15.4998664044731,14.0000464861786,14.1721598303996,12.4167162907758
592.5,7.75,7,7.74993320031137,7.00002322957609,6.77798015517636,6.86564372839738,15.4998664006227,14.0000464591522,14.172145613444,12.4167289920983
592.6,7.75,7,7.74993320005012,7.00002321605077,6.77798107858282,6.86564267035635,15.4998664001002,14.0000464321015,14.1721314056961,12.4167416864904
592.7,7.75,7,7.74993319999712,7.0000232025298,6.77798194418467,6.86564161361909,15.4998663999942,14.0000464050596,14.172117207165,12.4167543725997
592.8,7.75,7,7.74993319790953,7.0000231890385,6.77798336425967,6.86564055178129,15.4998663958191,14.000046378077,14.1721030177391,12.4167670484582
592.9,7.75,7,7.74993319672512,7.00002317554404,6.77798453678004,6.86563949326442,15.4998663934502,14.0000463510881,14.1720888379922,12.4167797162514
593,7.75,7,7.74993319593426,7.00002316205177,6.7779856009256,6.86563843657181,15.4998663918685,14.0000463241035,14.1720746673609,12.416792376027
593.1,7.75,7,7.74993319425673,7.00002314857636,6.77798690615522,6.86563737807099,15.4998663885135,14.0000462971527,14.172060506082,12.4168050263855
593.2,7.75,7,7.74993319328745,7.00002313509965,6.77798801709215,6.86563632229745,15.4998663865749,14.0000462701993,14.1720463539923,12.4168176689499
593.3,7.75,7,7.7499331919694,7.00002312163388,6.77798922225005,6.86563526626672,15.4998663839388,14.0000462432678,14.1720322114783,12.4168303023894
593.4,7.75,7,7.7499331905077,7.00002310817598,6.77799046574099,6.86563421048495,15.4998663810154,14.000046216352,14.1720180775177,12.4168429278333
593.5,7.75,7,7.74993318976605,7.00002309471691,6.77799151168313,6.8656331574916,15.4998663795321,14.0000461894338,14.1720039531044,12.4168555451659
593.6,7.75,7,7.74993318847687,7.00002308127119,6.77799270608475,6.8656321036903,15.4998663769537,14.0000461625424,14.1719898384764,12.4168681529984
593.7,7.75,7,7.74993318641007,7.00002306784071,6.77799411185821,6.86563104834905,15.4998663728201,14.0000461356814,14.1719757326482,12.4168807520242
593.8,7.75,7,7.74993318575825,7.00002305440088,6.77799513042126,6.8656299977449,15.4998663715165,14.0000461088018,14.1719616359404,12.416893343974
593.9,7.75,7,7.74993318574812,7.00002304096047,6.77799597287068,6.86562894967288,15.4998663714962,14.0000460819209,14.1719475483548,12.416905928132
594,7.75,7,7.74993318316539,7.0000230275557,6.77799751668719,6.86562789495037,15.4998663663308,14.0000460551114,14.1719334696745,12.41691850173
594.1,7.75,7,7.74993318078402,7.00002301415528,6.77799900460385,6.86562684149872,15.499866361568,14.0000460283106,14.1719194000446,12.4169310671964
594.2,7.75,7,7.74993318219026,7.0000230007194,6.77799945751487,6.86562579962757,15.4998663643805,14.0000460014388,14.1719053405451,12.4169436268506
594.3,7.75,7,7.74993318129206,7.00002298731602,6.77800053860291,6.86562475185797,15.4998663625841,14.000045974632,14.1718912897873,12.4169561763437
594.4,7.75,7,7.74993317853845,7.00002297394,6.77800212529987,6.86562369946532,15.4998663570769,14.00004594788,14.1718772477064,12.4169687161502
594.5,7.75,7,7.74993317850087,7.00002296054068,6.77800296951546,6.86562265559842,15.4998663570017,14.0000459210814,14.1718632157694,12.4169812491436
594.6,7.75,7,7.74993317694072,7.00002294716465,6.77800422852286,6.86562160802442,15.4998663538814,14.0000458943293,14.1718491920788,12.4169937731539
594.7,7.75,7,7.74993317559689,7.00002293379343,6.7780054274597,6.86562056182928,15.4998663511938,14.0000458675869,14.1718351782897,12.4170062882662
594.8,7.75,7,7.74993317458054,7.00002292042501,6.77800653609002,6.86561951724874,15.4998663491611,14.00004584085,14.1718211733468,12.4170187955533
594.9,7.75,7,7.74993317302565,7.0000229070695,6.77800779077653,6.8656184718478,15.4998663460513,14.000045814139,14.1718071776991,12.4170312938032
595,7.75,7,7.74993317204114,7.00002289371375,6.77800888889321,6.86561742872348,15.4998663440823,14.0000457874275,14.1717931905008,12.4170437848174
595.1,7.75,7,7.74993317085436,7.00002288036788,6.7780100411626,6.86561638581723,15.4998663417087,14.0000457607358,14.1717792136321,12.4170562661552
595.2,7.75,7,7.74993316912212,7.0000228670345,6.77801134145336,6.86561534201686,15.4998663382442,14.000045734069,14.1717652453585,12.4170687390936
595.3,7.75,7,7.74993316825677,7.00002285369792,6.77801240417192,6.86561430137959,15.4998663365135,14.0000457073958,14.171751286067,12.4170812045815
595.4,7.75,7,7.74993316772971,7.00002284036412,6.77801337362088,6.86561326239799,15.4998663354594,14.0000456807282,14.1717373357572,12.4170936621316
595.5,7.75,7,7.74993316520447,7.0000228270596,6.77801488761682,6.86561221841479,15.4998663304089,14.0000456541192,14.1717233944993,12.4171061095219
595.6,7.75,7,7.74993316317148,7.00002281375612,6.77801626631236,6.86561117652625,15.499866326343,14.0000456275122,14.1717094622231,12.4171185491171
595.7,7.75,7,7.74993316423381,7.00002280042448,6.7780167990716,6.86561014418262,15.4998663284676,14.000045600849,14.1716955392844,12.4171309829945
595.8,7.75,7,7.74993316382098,7.00002278711645,6.77801773356623,6.86560910835401,15.499866327642,14.0000455742329,14.1716816257263,12.4171434068943
595.9,7.75,7,7.74993316039527,7.00002277384924,6.77801948960123,6.86560806463438,15.4998663207905,14.0000455476985,14.1716677212748,12.4171558196485
596,7.75,7,7.7499331603516,7.00002276054997,6.77802032152319,6.86560703120795,15.4998663207032,14.0000455210999,14.1716538252609,12.4171682277769
596.1,7.75,7,7.74993316013852,7.0000227472597,6.77802119870724,6.86560599803742,15.499866320277,14.0000454945194,14.1716399388552,12.4171806269256
596.2,7.75,7,7.74993315768173,7.00002273400128,6.77802268749757,6.86560495914076,15.4998663153635,14.0000454680026,14.1716260611871,12.4171930159786
596.3,7.75,7,7.74993315692775,7.00002272073062,6.77802371046746,6.86560392583379,15.4998663138555,14.0000454414612,14.1716121930624,12.4172053978408
596.4,7.75,7,7.74993315542457,7.00002270747469,6.77802493709329,6.86560289104015,15.4998663108491,14.0000454149494,14.1715983333865,12.4172177712534
596.5,7.75,7,7.74993315416349,7.00002269422322,6.77802609662982,6.86560185768647,15.499866308327,14.0000453884464,14.1715844834578,12.4172301359398
596.6,7.75,7,7.74993315316498,7.00002268097499,6.77802718362763,6.86560082572905,15.49986630633,14.00004536195,14.1715706419495,12.4172424931374
596.7,7.75,7,7.74993315154689,7.00002266774096,6.77802843877003,6.86559979275196,15.4998663030938,14.0000453354819,14.1715568101577,12.4172548408421
596.8,7.75,7,7.74993315048166,7.00002265450711,6.77802954209719,6.86559876202067,15.4998663009633,14.0000453090142,14.1715429870696,12.4172671810665
596.9,7.75,7,7.74993314967568,7.00002264127676,6.7780305737647,6.86559773269768,15.4998662993514,14.0000452825535,14.1715291726829,12.4172795135421
597,7.75,7,7.74993314750015,7.00002262806867,6.77803197836453,6.86559670017098,15.4998662950003,14.0000452561373,14.1715153674222,12.4172918363752
597.1,7.75,7,7.74993314584159,7.00002261486128,6.77803324093463,6.8655956698002,15.4998662916832,14.0000452297226,14.171501571029,12.4173041515455
597.2,7.75,7,7.74993314618205,7.00002260163824,6.77803395683894,6.86559464585341,15.4998662923641,14.0000452032765,14.171487784048,12.4173164599219
597.3,7.75,7,7.74993314556913,7.00002258843264,6.77803493208567,6.86559361987764,15.4998662911383,14.0000451768653,14.1714740060379,12.4173287591834
597.4,7.75,7,7.74993314324702,7.00002257525305,6.77803637299624,6.86559258971974,15.499866286494,14.0000451505061,14.1714602370267,12.4173410486067
597.5,7.75,7,7.74993314246876,7.00002256206254,6.77803739155801,6.86559156464382,15.4998662849375,14.0000451241251,14.1714464768562,12.4173533313414
597.6,7.75,7,7.7499331411977,7.00002254888434,6.7780385437163,6.86559053886094,15.4998662823954,14.0000450977687,14.1714327257697,12.4173656052836
597.7,7.75,7,7.74993313972622,7.00002253571504,6.77803974967944,6.86558951319312,15.4998662794524,14.0000450714301,14.1714189836162,12.4173778708422
597.8,7.75,7,7.74993313880768,7.00002252254614,6.77804080377907,6.86558848979198,15.4998662776154,14.0000450450923,14.1714052504386,12.4173901286741
597.9,7.75,7,7.74993313720975,7.00002250939142,6.77804204245061,6.86558746512619,15.4998662744195,14.0000450187828,14.1713915260133,12.4174023778464
598,7.75,7,7.74993313598653,7.00002249623964,6.77804317784653,6.86558644227136,15.4998662719731,14.0000449924793,14.1713778112486,12.4174146184996
598.1,7.75,7,7.74993313522255,7.00002248308905,6.7780441870011,6.86558542138758,15.4998662704451,14.0000449661781,14.1713641050914,12.4174268516783
598.2,7.75,7,7.74993313338169,7.00002246995728,6.77804548921663,6.86558439811816,15.4998662667634,14.0000449399146,14.1713504078497,12.4174390756817
598.3,7.75,7,7.74993313156988,7.00002245683164,6.77804678262028,6.86558337559975,15.4998662631398,14.0000449136633,14.1713367193039,12.417451291733
598.4,7.75,7,7.74993313152857,7.00002244369254,6.77804759179806,6.8655823588102,15.4998662630571,14.0000448873851,14.1713230396081,12.4174635012988
598.5,7.75,7,7.74993313126678,7.00002243056254,6.77804846026103,6.86558134207309,15.4998662625336,14.0000448611251,14.1713093687773,12.4174757025276
598.6,7.75,7,7.74993312774304,7.00002241747667,6.7780502182045,6.86558031677973,15.4998662554861,14.0000448349533,14.1712957076493,12.4174878918421
598.7,7.75,7,7.74993312686055,7.00002240436741,6.77805125423348,6.86557929968927,15.4998662537211,14.0000448087348,14.1712820552561,12.4175000755821
598.8,7.75,7,7.7499331279002,7.00002239124282,6.77805176466741,6.86557828874334,15.4998662558004,14.0000447824856,14.171268411497,12.4175122531761
598.9,7.75,7,7.74993312553999,7.00002237816284,6.7780532023771,6.86557726873497,15.49986625108,14.0000447563257,14.171254775972,12.4175244200771
599,7.75,7,7.7499331240235,7.00002236508084,6.77805440873401,6.86557625190874,15.499866248047,14.0000447301617,14.1712411505501,12.4175365784892
599.1,7.75,7,7.74993312385538,7.00002235198949,6.77805524620174,6.865575239536,15.4998662477108,14.000044703979,14.1712275330495,12.4175487308803
599.2,7.75,7,7.74993312177856,7.00002233892703,6.7780566037249,6.86557422247199,15.4998662435571,14.0000446778541,14.1712139253328,12.4175608725344
599.3,7.75,7,7.74993312068392,7.00002232585968,6.77805769227663,6.86557320884952,15.4998662413678,14.0000446517194,14.1712003259577,12.4175730074444
599.4,7.75,7,7.74993311935903,7.00002231280184,6.77805884274216,6.86557219528178,15.4998662387181,14.0000446256037,14.171186735843,12.4175851336482
599.5,7.75,7,7.74993311790425,7.00002229975166,6.77806002782733,6.86557118198001,15.4998662358085,14.0000445995033,14.1711731540137,12.417597252133
599.6,7.75,7,7.74993311701616,7.00002228670228,6.77806105723077,6.86557017103653,15.4998662340323,14.0000445734046,14.1711595818491,12.4176093622773
599.7,7.75,7,7.7499331154281,7.00002227366729,6.77806227683549,6.86556915876228,15.4998662308562,14.0000445473346,14.1711460183466,12.4176214638315
599.8,7.75,7,7.74993311379955,7.00002226063908,6.77806350663748,6.86556814702224,15.4998662275991,14.0000445212782,14.1711324633036,12.4176335575903
599.9,7.75,7,7.74993311332364,7.00002224760437,6.77806442089752,6.86556713924116,15.4998662266473,14.0000444952087,14.1711189170124,12.4176456443879
600,7.75,7,7.74993311272283,7.00002223457761,6.77806536836331,6.86556613177657,15.4998662254457,14.0000444691552,14.1711053794805,12.4176577230381
