t,r1,r2,y1,y2,u1,u2,h1,h2,h3,h4
0,7,7,7,7,6.27535485569222,7.01752558584853,14,14,14.7903847353393,10.6541925826856
0.1,7,7,7,7,6.27535485569222,7.01752558584853,14,14,14.7903847353393,10.6541925826856
0.2,7,7,7,7,6.27535485569222,7.01752558584853,14,14,14.7903847353393,10.6541925826856
0.3,7,7,7,7,6.27535485569222,7.01752558584853,14,14,14.7903847353393,10.6541925826856
0.4,7,7,7,7,6.27535485569222,7.01752558584853,14,14,14.7903847353393,10.6541925826856
0.5,7,7,7,7,6.27535485569222,7.01752558584853,14,14,14.7903847353393,10.6541925826856
0.6,7,7,7,7,6.27535485569222,7.01752558584853,14,14,14.7903847353393,10.6541925826856
0.7,7,7,7,7,6.27535485569222,7.01752558584853,14,14,14.7903847353393,10.6541925826856
0.8,7,7,7,7,6.27535485569222,7.01752558584853,14,14,14.7903847353393,10.6541925826856
0.9,7,7,7,7,6.27535485569222,7.01752558584853,14,14,14.7903847353393,10.6541925826856
1,7,7,7,7,6.27535485569222,7.01752558584853,14,14,14.7903847353393,10.6541925826856
1.1,7,7,7,7,6.27535485569222,7.01752558584853,14,14,14.7903847353393,10.6541925826856
1.2,7,7,7,7,6.27535485569222,7.01752558584853,14,14,14.7903847353393,10.6541925826856
1.3,7,7,7,7,6.27535485569222,7.01752558584853,14,14,14.7903847353393,10.6541925826856
1.4,7,7,7,7,6.27535485569222,7.01752558584853,14,14,14.7903847353393,10.6541925826856
1.5,7,7,7,7,6.27535485569222,7.01752558584853,14,14,14.7903847353393,10.6541925826856
1.6,7,7,7,7,6.27535485569222,7.01752558584853,14,14,14.7903847353393,10.6541925826856
1.7,7,7,7,7,6.27535485569222,7.01752558584853,14,14,14.7903847353393,10.6541925826856
1.8,7,7,7,7,6.27535485569222,7.01752558584853,14,14,14.7903847353393,10.6541925826856
1.9,7,7,7,7,6.27535485569222,7.01752558584853,14,14,14.7903847353393,10.6541925826856
2,7,7,7,7,6.27535485569222,7.01752558584853,14,14,14.7903847353393,10.6541925826856
2.1,7,7,7,7,6.27535485569222,7.01752558584853,14,14,14.7903847353393,10.6541925826856
2.2,7,7,7,7,6.27535485569222,7.01752558584853,14,14,14.7903847353393,10.6541925826856
2.3,7,7,7,7,6.27535485569222,7.01752558584853,14,14,14.7903847353393,10.6541925826856
2.4,7,7,7,7,6.27535485569222,7.01752558584853,14,14,14.7903847353393,10.6541925826856
2.5,7,7,7,7,6.27535485569222,7.01752558584853,14,14,14.7903847353393,10.6541925826856
2.6,7,7,7,7,6.27535485569222,7.01752558584853,14,14,14.7903847353393,10.6541925826856
2.7,7,7,7,7,6.27535485569222,7.01752558584853,14,14,14.7903847353393,10.6541925826856
2.8,7,7,7,7,6.27535485569222,7.01752558584853,14,14,14.7903847353393,10.6541925826856
2.9,7,7,7,7,6.27535485569222,7.01752558584853,14,14,14.7903847353393,10.6541925826856
3,7,7,7,7,6.27535485569222,7.01752558584853,14,14,14.7903847353393,10.6541925826856
3.1,7,7,7,7,6.27535485569222,7.01752558584853,14,14,14.7903847353393,10.6541925826856
3.2,7,7,7,7,6.27535485569222,7.01752558584853,14,14,14.7903847353393,10.6541925826856
3.3,7,7,7,7,6.27535485569222,7.01752558584853,14,14,14.7903847353393,10.6541925826856
3.4,7,7,7,7,6.27535485569222,7.01752558584853,14,14,14.7903847353393,10.6541925826856
3.5,7,7,7,7,6.27535485569222,7.01752558584853,14,14,14.7903847353393,10.6541925826856
3.6,7,7,7,7,6.27535485569222,7.01752558584853,14,14,14.7903847353393,10.6541925826856
3.7,7,7,7,7,6.27535485569222,7.01752558584853,14,14,14.7903847353393,10.6541925826856
3.8,7,7,7,7,6.27535485569222,7.01752558584853,14,14,14.7903847353393,10.6541925826856
3.9,7,7,7,7,6.27535485569222,7.01752558584853,14,14,14.7903847353393,10.6541925826856
4,7,7,7,7,6.27535485569222,7.01752558584853,14,14,14.7903847353393,10.6541925826856
4.1,7,7,7,7,6.27535485569222,7.01752558584853,14,14,14.7903847353393,10.6541925826856
4.2,7,7,7,7,6.27535485569222,7.01752558584853,14,14,14.7903847353393,10.6541925826856
4.3,7,7,7,7,6.27535485569222,7.01752558584853,14,14,14.7903847353393,10.6541925826856
4.4,7,7,7,7,6.27535485569222,7.01752558584853,14,14,14.7903847353393,10.6541925826856
4.5,7,7,7,7,6.27535485569222,7.01752558584853,14,14,14.7903847353393,10.6541925826856
4.6,7,7,7,7,6.27535485569222,7.01752558584853,14,14,14.7903847353393,10.6541925826856
4.7,7,7,7,7,6.27535485569222,7.01752558584853,14,14,14.7903847353393,10.6541925826856
4.8,7,7,7,7,6.27535485569222,7.01752558584853,14,14,14.7903847353393,10.6541925826856
4.9,7,7,7,7,6.27535485569222,7.01752558584853,14,14,14.7903847353393,10.6541925826856
5,7,7,7,7,6.27535485569222,7.01752558584853,14,14,14.7903847353393,10.6541925826856
5.1,7,7,7,7,6.27535485569222,7.01752558584853,14,14,14.7903847353393,10.6541925826856
5.2,7,7,7,7,6.27535485569222,7.01752558584853,14,14,14.7903847353393,10.6541925826856
5.3,7,7,7,7,6.27535485569222,7.01752558584853,14,14,14.7903847353393,10.6541925826856
5.4,7,7,7,7,6.27535485569222,7.01752558584853,14,14,14.7903847353393,10.6541925826856
5.5,7,7,7,7,6.27535485569222,7.01752558584853,14,14,14.7903847353393,10.6541925826856
5.6,7,7,7,7,6.27535485569222,7.01752558584853,14,14,14.7903847353393,10.6541925826856
5.7,7,7,7,7,6.27535485569222,7.01752558584853,14,14,14.7903847353393,10.6541925826856
5.8,7,7,7,7,6.27535485569222,7.01752558584853,14,14,14.7903847353393,10.6541925826856
5.9,7,7,7,7,6.27535485569222,7.01752558584853,14,14,14.7903847353393,10.6541925826856
6,7,7,7,7,6.27535485569222,7.01752558584853,14,14,14.7903847353393,10.6541925826856
6.1,7,7,7,7,6.27535485569222,7.01752558584853,14,14,14.7903847353393,10.6541925826856
6.2,7,7,7,7,6.27535485569222,7.01752558584853,14,14,14.7903847353393,10.6541925826856
6.3,7,7,7,7,6.27535485569222,7.01752558584853,14,14,14.7903847353393,10.6541925826856
6.4,7,7,7,7,6.27535485569222,7.01752558584853,14,14,14.7903847353393,10.6541925826856
6.5,7,7,7,7,6.27535485569222,7.01752558584853,14,14,14.7903847353393,10.6541925826856
6.6,7,7,7,7,6.27535485569222,7.01752558584853,14,14,14.7903847353393,10.6541925826856
6.7,7,7,7,7,6.27535485569222,7.01752558584853,14,14,14.7903847353393,10.6541925826856
6.8,7,7,7,7,6.27535485569222,7.01752558584853,14,14,14.7903847353393,10.6541925826856
6.9,7,7,7,7,6.27535485569222,7.01752558584853,14,14,14.7903847353393,10.6541925826856
7,7,7,7,7,6.27535485569222,7.01752558584853,14,14,14.7903847353393,10.6541925826856
7.1,7,7,7,7,6.27535485569222,7.01752558584853,14,14,14.7903847353393,10.6541925826856
7.2,7,7,7,7,6.27535485569222,7.01752558584853,14,14,14.7903847353393,10.6541925826856
7.3,7,7,7,7,6.27535485569222,7.01752558584853,14,14,14.7903847353393,10.6541925826856
7.4,7,7,7,7,6.27535485569222,7.01752558584853,14,14,14.7903847353393,10.6541925826856
7.5,7,7,7,7,6.27535485569222,7.01752558584853,14,14,14.7903847353393,10.6541925826856
7.6,7,7,7,7,6.27535485569222,7.01752558584853,14,14,14.7903847353393,10.6541925826856
7.7,7,7,7,7,6.27535485569222,7.01752558584853,14,14,14.7903847353393,10.6541925826856
7.8,7,7,7,7,6.27535485569222,7.01752558584853,14,14,14.7903847353393,10.6541925826856
7.9,7,7,7,7,6.27535485569222,7.01752558584853,14,14,14.7903847353393,10.6541925826856
8,7,7,7,7,6.27535485569222,7.01752558584853,14,14,14.7903847353393,10.6541925826856
8.1,7,7,7,7,6.27535485569222,7.01752558584853,14,14,14.7903847353393,10.6541925826856
8.2,7,7,7,7,6.27535485569222,7.01752558584853,14,14,14.7903847353393,10.6541925826856
8.3,7,7,7,7,6.27535485569222,7.01752558584853,14,14,14.7903847353393,10.6541925826856
8.4,7,7,7,7,6.27535485569222,7.01752558584853,14,14,14.7903847353393,10.6541925826856
8.5,7,7,7,7,6.27535485569222,7.01752558584853,14,14,14.7903847353393,10.6541925826856
8.6,7,7,7,7,6.27535485569222,7.01752558584853,14,14,14.7903847353393,10.6541925826856
8.7,7,7,7,7,6.27535485569222,7.01752558584853,14,14,14.7903847353393,10.6541925826856
8.8,7,7,7,7,6.27535485569222,7.01752558584853,14,14,14.7903847353393,10.6541925826856
8.9,7,7,7,7,6.27535485569222,7.01752558584853,14,14,14.7903847353393,10.6541925826856
9,7,7,7,7,6.27535485569222,7.01752558584853,14,14,14.7903847353393,10.6541925826856
9.1,7,7,7,7,6.27535485569222,7.01752558584853,14,14,14.7903847353393,10.6541925826856
9.2,7,7,7,7,6.27535485569222,7.01752558584853,14,14,14.7903847353393,10.6541925826856
9.3,7,7,7,7,6.27535485569222,7.01752558584853,14,14,14.7903847353393,10.6541925826856
9.4,7,7,7,7,6.27535485569222,7.01752558584853,14,14,14.7903847353393,10.6541925826856
9.5,7,7,7,7,6.27535485569222,7.01752558584853,14,14,14.7903847353393,10.6541925826856
9.6,7,7,7,7,6.27535485569222,7.01752558584853,14,14,14.7903847353393,10.6541925826856
9.7,7,7,7,7,6.27535485569222,7.01752558584853,14,14,14.7903847353393,10.6541925826856
9.8,7,7,7,7,6.27535485569222,7.01752558584853,14,14,14.7903847353393,10.6541925826856
9.9,7,7,7,7,6.27535485569222,7.01752558584853,14,14,14.7903847353393,10.6541925826856
10,7,7,7,7,6.27535485569222,7.01752558584853,14,14,14.7903847353393,10.6541925826856
10.1,7,7,7,7,6.27535485569222,7.01752558584853,14,14,14.7903847353393,10.6541925826856
10.2,7,7,7,7,6.27535485569222,7.01752558584853,14,14,14.7903847353393,10.6541925826856
10.3,7,7,7,7,6.27535485569222,7.01752558584853,14,14,14.7903847353393,10.6541925826856
10.4,7,7,7,7,6.27535485569222,7.01752558584853,14,14,14.7903847353393,10.6541925826856
10.5,7,7,7,7,6.27535485569222,7.01752558584853,14,14,14.7903847353393,10.6541925826856
10.6,7,7,7,7,6.27535485569222,7.01752558584853,14,14,14.7903847353393,10.6541925826856
10.7,7,7,7,7,6.27535485569222,7.01752558584853,14,14,14.7903847353393,10.6541925826856
10.8,7,7,7,7,6.27535485569222,7.01752558584853,14,14,14.7903847353393,10.6541925826856
10.9,7,7,7,7,6.27535485569222,7.01752558584853,14,14,14.7903847353393,10.6541925826856
11,7,7,7,7,6.27535485569222,7.01752558584853,14,14,14.7903847353393,10.6541925826856
11.1,7,7,7,7,6.27535485569222,7.01752558584853,14,14,14.7903847353393,10.6541925826856
11.2,7,7,7,7,6.27535485569222,7.01752558584853,14,14,14.7903847353393,10.6541925826856
11.3,7,7,7,7,6.27535485569222,7.01752558584853,14,14,14.7903847353393,10.6541925826856
11.4,7,7,7,7,6.27535485569222,7.01752558584853,14,14,14.7903847353393,10.6541925826856
11.5,7,7,7,7,6.27535485569222,7.01752558584853,14,14,14.7903847353393,10.6541925826856
11.6,7,7,7,7,6.27535485569222,7.01752558584853,14,14,14.7903847353393,10.6541925826856
11.7,7,7,7,7,6.27535485569222,7.01752558584853,14,14,14.7903847353393,10.6541925826856
11.8,7,7,7,7,6.27535485569222,7.01752558584853,14,14,14.7903847353393,10.6541925826856
11.9,7,7,7,7,6.27535485569222,7.01752558584853,14,14,14.7903847353393,10.6541925826856
12,7,7,7,7,6.27535485569222,7.01752558584853,14,14,14.7903847353393,10.6541925826856
12.1,7,7,7,7,6.27535485569222,7.01752558584853,14,14,14.7903847353393,10.6541925826856
12.2,7,7,7,7,6.27535485569222,7.01752558584853,14,14,14.7903847353393,10.6541925826856
12.3,7,7,7,7,6.27535485569222,7.01752558584853,14,14,14.7903847353393,10.6541925826856
12.4,7,7,7,7,6.27535485569222,7.01752558584853,14,14,14.7903847353393,10.6541925826856
12.5,7,7,7,7,6.27535485569222,7.01752558584853,14,14,14.7903847353393,10.6541925826856
12.6,7,7,7,7,6.27535485569222,7.01752558584853,14,14,14.7903847353393,10.6541925826856
12.7,7,7,7,7,6.27535485569222,7.01752558584853,14,14,14.7903847353393,10.6541925826856
12.8,7,7,7,7,6.27535485569222,7.01752558584853,14,14,14.7903847353393,10.6541925826856
12.9,7,7,7,7,6.27535485569222,7.01752558584853,14,14,14.7903847353393,10.6541925826856
13,7,7,7,7,6.27535485569222,7.01752558584853,14,14,14.7903847353393,10.6541925826856
13.1,7,7,7,7,6.27535485569222,7.01752558584853,14,14,14.7903847353393,10.6541925826856
13.2,7,7,7,7,6.27535485569222,7.01752558584853,14,14,14.7903847353393,10.6541925826856
13.3,7,7,7,7,6.27535485569222,7.01752558584853,14,14,14.7903847353393,10.6541925826856
13.4,7,7,7,7,6.27535485569222,7.01752558584853,14,14,14.7903847353393,10.6541925826856
13.5,7,7,7,7,6.27535485569222,7.01752558584853,14,14,14.7903847353393,10.6541925826856
13.6,7,7,7,7,6.27535485569222,7.01752558584853,14,14,14.7903847353393,10.6541925826856
13.7,7,7,7,7,6.27535485569222,7.01752558584853,14,14,14.7903847353393,10.6541925826856
13.8,7,7,7,7,6.27535485569222,7.01752558584853,14,14,14.7903847353393,10.6541925826856
13.9,7,7,7,7,6.27535485569222,7.01752558584853,14,14,14.7903847353393,10.6541925826856
14,7,7,7,7,6.27535485569222,7.01752558584853,14,14,14.7903847353393,10.6541925826856
14.1,7,7,7,7,6.27535485569222,7.01752558584853,14,14,14.7903847353393,10.6541925826856
14.2,7,7,7,7,6.27535485569222,7.01752558584853,14,14,14.7903847353393,10.6541925826856
14.3,7,7,7,7,6.27535485569222,7.01752558584853,14,14,14.7903847353393,10.6541925826856
14.4,7,7,7,7,6.27535485569222,7.01752558584853,14,14,14.7903847353393,10.6541925826856
14.5,7,7,7,7,6.27535485569222,7.01752558584853,14,14,14.7903847353393,10.6541925826856
14.6,7,7,7,7,6.27535485569222,7.01752558584853,14,14,14.7903847353393,10.6541925826856
14.7,7,7,7,7,6.27535485569222,7.01752558584853,14,14,14.7903847353393,10.6541925826856
14.8,7,7,7,7,6.27535485569222,7.01752558584853,14,14,14.7903847353393,10.6541925826856
14.9,7,7,7,7,6.27535485569222,7.01752558584853,14,14,14.7903847353393,10.6541925826856
15,7,7,7,7,6.27535485569222,7.01752558584853,14,14,14.7903847353393,10.6541925826856
15.1,7,7,7,7,6.27535485569222,7.01752558584853,14,14,14.7903847353393,10.6541925826856
15.2,7,7,7,7,6.27535485569222,7.01752558584853,14,14,14.7903847353393,10.6541925826856
15.3,7,7,7,7,6.27535485569222,7.01752558584853,14,14,14.7903847353393,10.6541925826856
15.4,7,7,7,7,6.27535485569222,7.01752558584853,14,14,14.7903847353393,10.6541925826856
15.5,7,7,7,7,6.27535485569222,7.01752558584853,14,14,14.7903847353393,10.6541925826856
15.6,7,7,7,7,6.27535485569222,7.01752558584853,14,14,14.7903847353393,10.6541925826856
15.7,7,7,7,7,6.27535485569222,7.01752558584853,14,14,14.7903847353393,10.6541925826856
15.8,7,7,7,7,6.27535485569222,7.01752558584853,14,14,14.7903847353393,10.6541925826856
15.9,7,7,7,7,6.27535485569222,7.01752558584853,14,14,14.7903847353393,10.6541925826856
16,7,7,7,7,6.27535485569222,7.01752558584853,14,14,14.7903847353393,10.6541925826856
16.1,7,7,7,7,6.27535485569222,7.01752558584853,14,14,14.7903847353393,10.6541925826856
16.2,7,7,7,7,6.27535485569222,7.01752558584853,14,14,14.7903847353393,10.6541925826856
16.3,7,7,7,7,6.27535485569222,7.01752558584853,14,14,14.7903847353393,10.6541925826856
16.4,7,7,7,7,6.27535485569222,7.01752558584853,14,14,14.7903847353393,10.6541925826856
16.5,7,7,7,7,6.27535485569222,7.01752558584853,14,14,14.7903847353393,10.6541925826856
16.6,7,7,7,7,6.27535485569222,7.01752558584853,14,14,14.7903847353393,10.6541925826856
16.7,7,7,7,7,6.27535485569222,7.01752558584853,14,14,14.7903847353393,10.6541925826856
16.8,7,7,7,7,6.27535485569222,7.01752558584853,14,14,14.7903847353393,10.6541925826856
16.9,7,7,7,7,6.27535485569222,7.01752558584853,14,14,14.7903847353393,10.6541925826856
17,7,7,7,7,6.27535485569222,7.01752558584853,14,14,14.7903847353393,10.6541925826856
17.1,7,7,7,7,6.27535485569222,7.01752558584853,14,14,14.7903847353393,10.6541925826856
17.2,7,7,7,7,6.27535485569222,7.01752558584853,14,14,14.7903847353393,10.6541925826856
17.3,7,7,7,7,6.27535485569222,7.01752558584853,14,14,14.7903847353393,10.6541925826856
17.4,7,7,7,7,6.27535485569222,7.01752558584853,14,14,14.7903847353393,10.6541925826856
17.5,7,7,7,7,6.27535485569222,7.01752558584853,14,14,14.7903847353393,10.6541925826856
17.6,7,7,7,7,6.27535485569222,7.01752558584853,14,14,14.7903847353393,10.6541925826856
17.7,7,7,7,7,6.27535485569222,7.01752558584853,14,14,14.7903847353393,10.6541925826856
17.8,7,7,7,7,6.27535485569222,7.01752558584853,14,14,14.7903847353393,10.6541925826856
17.9,7,7,7,7,6.27535485569222,7.01752558584853,14,14,14.7903847353393,10.6541925826856
18,7,7,7,7,6.27535485569222,7.01752558584853,14,14,14.7903847353393,10.6541925826856
18.1,7,7,7,7,6.27535485569222,7.01752558584853,14,14,14.7903847353393,10.6541925826856
18.2,7,7,7,7,6.27535485569222,7.01752558584853,14,14,14.7903847353393,10.6541925826856
18.3,7,7,7,7,6.27535485569222,7.01752558584853,14,14,14.7903847353393,10.6541925826856
18.4,7,7,7,7,6.27535485569222,7.01752558584853,14,14,14.7903847353393,10.6541925826856
18.5,7,7,7,7,6.27535485569222,7.01752558584853,14,14,14.7903847353393,10.6541925826856
18.6,7,7,7,7,6.27535485569222,7.01752558584853,14,14,14.7903847353393,10.6541925826856
18.7,7,7,7,7,6.27535485569222,7.01752558584853,14,14,14.7903847353393,10.6541925826856
18.8,7,7,7,7,6.27535485569222,7.01752558584853,14,14,14.7903847353393,10.6541925826856
18.9,7,7,7,7,6.27535485569222,7.01752558584853,14,14,14.7903847353393,10.6541925826856
19,7,7,7,7,6.27535485569222,7.01752558584853,14,14,14.7903847353393,10.6541925826856
19.1,7,7,7,7,6.27535485569222,7.01752558584853,14,14,14.7903847353393,10.6541925826856
19.2,7,7,7,7,6.27535485569222,7.01752558584853,14,14,14.7903847353393,10.6541925826856
19.3,7,7,7,7,6.27535485569222,7.01752558584853,14,14,14.7903847353393,10.6541925826856
19.4,7,7,7,7,6.27535485569222,7.01752558584853,14,14,14.7903847353393,10.6541925826856
19.5,7,7,7,7,6.27535485569222,7.01752558584853,14,14,14.7903847353393,10.6541925826856
19.6,7,7,7,7,6.27535485569222,7.01752558584853,14,14,14.7903847353393,10.6541925826856
19.7,7,7,7,7,6.27535485569222,7.01752558584853,14,14,14.7903847353393,10.6541925826856
19.8,7,7,7,7,6.27535485569222,7.01752558584853,14,14,14.7903847353393,10.6541925826856
19.9,7,7,7,7,6.27535485569222,7.01752558584853,14,14,14.7903847353393,10.6541925826856
20,7.25203813838371,7.25203813838371,7.00000008144108,7.00000008859424,7.68850155569284,8.4738416636666,14.0000001628822,14.0000001771885,14.7903848173478,10.6541926587443
20.1,7.75,7.75,7.01657506958982,7.01801325998059,10.3979064307186,11.2586280064423,14.0331501391796,14.0360265199612,14.8070709769783,10.6696803392996
20.2,7.75,7.75,7.03274386797873,7.03554626659767,10.3173202501041,11.1685729880541,14.0654877359575,14.0710925331953,14.8233391851173,10.6848066556653
20.3,7.75,7.75,7.04862222716563,7.0527365970607,10.2381786935688,11.0802747255075,14.0972444543313,14.1054731941214,14.8393090529331,10.6996745487861
20.4,7.75,7.75,7.06416130210065,7.0695272611346,10.1607247009209,10.9940253574927,14.1283226042013,14.1390545222692,14.8549309053953,10.7142405256783
20.5,7.75,7.75,7.07933113987344,7.08588392379521,10.0851072377252,10.9100008653662,14.1586622797469,14.1717678475904,14.8701747588133,10.7284778845882
20.6,7.75,7.75,7.09416225154543,7.10184335996384,10.0111745311959,10.8280126906199,14.1883245030909,14.2036867199277,14.8850725606416,10.7424137342641
20.7,7.75,7.75,7.10866427251335,7.11741767775893,9.93887864397764,10.7479987335956,14.2173285450267,14.2348353555179,14.899634786686,10.7560566108241
20.8,7.75,7.75,7.12287490589495,7.13265165572045,9.86803203981756,10.6697294247639,14.2457498117899,14.2653033114409,14.9139003963042,10.7694400463604
20.9,7.75,7.75,7.13679524729755,7.14754712128222,9.79862926159336,10.593195377707,14.2735904945951,14.2950942425644,14.9278709331934,10.7825649886764
21,7.75,7.75,7.15043060207728,7.16211081924411,9.73064391430522,10.5183619990704,14.3008612041546,14.3242216384882,14.9415522267801,10.7954361337384
21.1,7.75,7.75,7.16370025208538,7.17624983000461,9.66447745040625,10.4457055693308,14.3274005041708,14.3524996600092,14.954863174205,10.8079815442217
21.2,7.75,7.75,7.1766961032587,7.19007167594131,9.59967275367712,10.3746749044047,14.3533922065174,14.3801433518826,14.9678974693728,10.8202830407653
21.3,7.75,7.75,7.18942713075776,7.20358726796349,9.53618517965598,10.3052140610347,14.3788542615155,14.407174535927,14.9806645837417,10.8323485925128
21.4,7.75,7.75,7.20189814772943,7.21680266982514,9.47399078462256,10.2372919432807,14.4037962954589,14.4336053396503,14.9931697631154,10.8441824621314
21.5,7.75,7.75,7.21411390177737,7.22972385523019,9.41306595123445,10.1708779175736,14.4282278035547,14.4594477104604,15.0054181760539,10.8557888545538
21.6,7.75,7.75,7.22600208568773,7.24226840799325,9.35377029452452,10.1063944083888,14.4520041713755,14.4845368159865,15.0173378145473,10.8671032853294
21.7,7.75,7.75,7.2376450159831,7.25453167400332,9.29569440614738,10.0433526817805,14.4752900319662,14.5090633480066,15.0290118465824,10.8781990861845
21.8,7.75,7.75,7.24905072851004,7.26652332360191,9.23879831669102,9.98170316047636,14.4981014570201,14.5330466472038,15.0404486751262,10.8890833965933
21.9,7.75,7.75,7.26022353125855,7.27824872871031,9.18306059759819,9.92141830032408,14.5204470625171,14.5564974574206,15.0516529519931,10.8997600339531
22,7.75,7.75,7.27116767366491,7.28971318165578,9.12846011181506,9.86247096573676,14.5423353473298,14.5794263633116,15.0626292605924,10.9102327640169
22.1,7.75,7.75,7.28181837808047,7.30084357359896,9.07531902434582,9.8052358640908,14.5636367561609,14.6016871471979,15.0733136591122,10.9204437774407
22.2,7.75,7.75,7.29224937941309,7.31172446544204,9.02327061601387,9.74927956623807,14.5844987588262,14.6234489308841,15.083779982644,10.9304588045067
22.3,7.75,7.75,7.30246787357266,7.32236442980464,8.9722790971324,9.69455812664095,14.6049357471453,14.6447288596093,15.0940356873247,10.9402842421134
22.4,7.75,7.75,7.31247771716675,7.332768226952,8.92232528606273,9.64104714046456,14.6249554343335,14.665536453904,15.1040848988808,10.9499235093099
22.5,7.75,7.75,7.32228271446972,7.3429405467583,8.8733902616471,9.58872256410794,14.6445654289394,14.6858810935166,15.113931682443,10.959379978936
22.6,7.75,7.75,7.33182482953799,7.3528165297502,8.82576266000151,9.53791681669798,14.663649659076,14.7056330595004,15.1235192510869,10.9686018207834
22.7,7.75,7.75,7.34117011587739,7.3624711815742,8.77911396929112,9.48824546111842,14.6823402317548,14.7249423631484,15.1329131634073,10.977647957479
22.8,7.75,7.75,7.35032501808144,7.37191210312507,8.73341213800646,9.43966953619491,14.7006500361629,14.7438242062501,15.1421200363223,10.986524121169
22.9,7.75,7.75,7.35929298925539,7.38114351361705,8.68863999269678,9.39216741336952,14.7185859785108,14.7622870272341,15.1511435294751,10.9952333744419
23,7.75,7.75,7.36807743571286,7.39016956998268,8.64478059276789,9.34571778363178,14.7361548714257,14.7803391399654,15.1599872488168,11.0037787385308
23.1,7.75,7.75,7.37662635868642,7.39893272586318,8.60209255125721,9.30061558106882,14.7532527173728,14.7978654517264,15.1686007547514,11.0121137394496
23.2,7.75,7.75,7.38499893476777,7.4074995190421,8.56028155928293,9.25651977997393,14.7699978695355,14.8149990380842,15.1770422650947,11.020291202365
23.3,7.75,7.75,7.39320093631659,7.41587668991785,8.51931890961043,9.21339583225379,14.7864018726332,14.8317533798357,15.1853176527738,11.0283162642382
23.4,7.75,7.75,7.40123545560613,7.42406797889538,8.47918922430868,9.17122456573503,14.8024709112123,14.8481359577908,15.1934301644052,11.0361916686111
23.5,7.75,7.75,7.40910554305883,7.43207707125039,8.43987733368306,9.12998709103953,14.8182110861177,14.8641541425008,15.2013829990187,11.0439201220069
23.6,7.75,7.75,7.41676460687263,7.4398529048892,8.4016149632245,9.08994510863668,14.8335292137453,14.8797058097784,15.2091313485673,11.051459949031
23.7,7.75,7.75,7.42426566595685,7.44745451173705,8.36413842764985,9.05079606824158,14.8485313319137,14.8949090234741,15.2167269191415,11.0588585129465
23.8,7.75,7.75,7.43161389105075,7.45488786995728,8.32742201237693,9.01250933032204,14.8632277821015,14.9097757399146,15.2241749239803,11.0661204177388
23.9,7.75,7.75,7.43881205165229,7.46215629606369,8.29145194538744,8.97506789694769,14.8776241033046,14.9243125921274,15.2314782436088,11.0732481213364
24,7.75,7.75,7.44586287981684,7.46926305775444,8.25621464094019,8.938455020553,14.8917257596337,14.9385261155089,15.2386397163682,11.0802440485253
24.1,7.75,7.75,7.45272462682107,7.47616284318582,8.22191774216512,8.90290293235981,14.9054492536421,14.9523256863716,15.2456195312044,11.0870708232305
24.2,7.75,7.75,7.45944479712626,7.48290802986278,8.18832498675256,8.86814318970719,14.9188895942525,14.9658160597256,15.2524636172106,11.0937709156919
24.3,7.75,7.75,7.46602802293484,7.48950392057256,8.15541333872004,8.83414861577373,14.9320560458697,14.9790078411451,15.2591766025935,11.1003484525654
24.4,7.75,7.75,7.47247678493385,7.49595345643122,8.12317046279576,8.800904137823,14.9449535698677,14.9919069128624,15.2657610433258,11.1068056360541
24.5,7.75,7.75,7.47879353030321,7.50225953531638,8.09158419038625,8.7683949048452,14.9575870606064,15.0045190706328,15.2722194579782,11.1131446386842
24.6,7.75,7.75,7.4849408487358,7.50838194541187,8.06084059254301,8.73682701297088,14.9698816974716,15.0167638908237,15.278516469843,11.1193319366147
24.7,7.75,7.75,7.490961305685,7.51436716365992,8.03072796703864,8.70596226063111,14.98192261137,15.0287343273198,15.2846928822887,11.1254056163541
24.8,7.75,7.75,7.4968590511981,7.52021989429198,8.00122567586035,8.67577653949062,14.9937181023962,15.040439788584,15.2907528046233,11.1313693770181
24.9,7.75,7.75,7.50263630748066,7.52594274587498,7.97232266946146,8.64625648201455,15.0052726149613,15.05188549175,15.2966985050424,11.1372251918118
25,7.75,7.75,7.50829526674643,7.53153828866703,7.94400804747182,8.6173889170888,15.0165905334929,15.0630765773341,15.3025322185747,11.1429750073633
25.1,7.75,7.75,7.51380240535237,7.53697083473623,7.9164485557445,8.58935675966914,15.0276048107047,15.0739416694725,15.3082225038961,11.1485887516612
25.2,7.75,7.75,7.51919586466947,7.54228162813714,7.88945449062366,8.56194862531552,15.0383917293389,15.0845632562743,15.3138056160556,11.1541005834999
25.3,7.75,7.75,7.52447936300098,7.54747484251819,7.86300736119897,8.53514312543277,15.048958726002,15.0949496850364,15.3192852040613,11.159513819013
25.4,7.75,7.75,7.52965489116793,7.55255279177966,7.83709726875487,8.50892840324403,15.0593097823359,15.1051055835593,15.3246632809015,11.1648302263164
25.5,7.75,7.75,7.53472441314095,7.55751775587254,7.81171444811537,8.48329277601948,15.0694488262819,15.1150355117451,15.3299418301489,11.1700515497221
25.6,7.75,7.75,7.53965788747931,7.56233806012994,7.78700833143964,8.45839859520814,15.0793157749586,15.1246761202599,15.3350929033151,11.1751508104125
25.7,7.75,7.75,7.54448949235074,7.56705030722972,7.76280892122992,8.43405826054346,15.0889789847015,15.1341006144594,15.3401487191309,11.1801586478383
25.8,7.75,7.75,7.54922255940213,7.57165820040548,7.73909964933784,8.41025279452634,15.0984451188043,15.143316400811,15.3451125182394,11.1850780350367
25.9,7.75,7.75,7.55385887228939,7.57616379239929,7.71587164733458,8.38697167918574,15.1077177445788,15.1523275847986,15.3499860872741,11.1899105564268
26,7.75,7.75,7.55840019062641,7.58056910586105,7.69311616635431,8.36420455080672,15.1168003812528,15.1611382117221,15.3547711867767,11.1946577751058
26.1,7.75,7.75,7.56281959299604,7.58484602675157,7.67096712595127,8.34209551751674,15.1256391859921,15.1696920535031,15.3594429685359,11.1992954841942
26.2,7.75,7.75,7.5671477069495,7.58902704053621,7.64927218276667,8.32047807592115,15.134295413899,15.1780540810724,15.364030069037,11.2038511695453
26.3,7.75,7.75,7.57138751781544,7.59311543331178,7.62801649073317,8.2993353863634,15.1427750356309,15.1862308666236,15.3685353665953,11.2083274968091
26.4,7.75,7.75,7.57554062374012,7.59711302631431,7.6071921039446,8.27865811754642,15.1510812474802,15.1942260526286,15.3729604470563,11.2127258858534
26.5,7.75,7.75,7.57960860133936,7.60102161410164,7.58679118356052,8.25843707491547,15.1592172026787,15.2020432282033,15.377306873119,11.2170477374458
26.6,7.75,7.75,7.58356732485932,7.60481624195238,7.56693374945087,8.2388001801695,15.1671346497186,15.2096324839048,15.3815525485943,11.2212713288499
26.7,7.75,7.75,7.5874442406526,7.60852574270498,7.54748327522433,8.21959964519893,15.1748884813052,15.21705148541,15.3857229304728,11.2254213199268
26.8,7.75,7.75,7.59124202382757,7.61215303251068,7.52842645732968,8.20082052619093,15.1824840476551,15.2243060650214,15.3898205755602,11.2295001009138
26.9,7.75,7.75,7.59496210639013,7.61569972734903,7.509756176011,8.1824545438726,15.1899242127803,15.2313994546981,15.3938468915729,11.2335089442657
27,7.75,7.75,7.59860590106255,7.61916741954417,7.49146540739998,8.1644935402091,15.1972118021251,15.2383348390883,15.3978032656921,11.2374491053256
27.1,7.75,7.75,7.60215178722902,7.62253395783411,7.47366171627804,8.14705107425104,15.204303574458,15.2450679156682,15.4016700447698,11.2413010876625
27.2,7.75,7.75,7.60562436085866,7.62582493428796,7.45622274813901,8.12999596209603,15.2112487217173,15.2516498685759,15.4054698635742,11.2450870186133
27.3,7.75,7.75,7.60902601915011,7.6290429369222,7.4391365812395,8.11331494139565,15.2180520383002,15.2580858738444,15.409204993596,11.2488090416369
27.4,7.75,7.75,7.61235804529836,7.63218939970491,7.42239683576267,8.09700066568298,15.2247160905967,15.2643787994098,15.41287668451,11.2524682971188
27.5,7.75,7.75,7.61562170522518,7.635265735626,7.40599721777834,8.08104589599926,15.2312434104504,15.270531471252,15.4164861677699,11.2560659101138
27.6,7.75,7.75,7.61879762320604,7.63825228128458,7.39003413096059,8.0655514460708,15.2375952464121,15.2765045625692,15.420015959108,11.259584379482
27.7,7.75,7.75,7.62190784111141,7.64117175315575,7.37439791940561,8.05040086457342,15.2438156822228,15.2823435063115,15.4234861880321,11.2630435629449
27.8,7.75,7.75,7.62495450715626,7.64402644817381,7.35907789931628,8.03558238066417,15.2499090143125,15.2880528963476,15.4268988728188,11.2664453828295
27.9,7.75,7.75,7.62793877123287,7.64681763888567,7.34406835367313,8.0210894750946,15.2558775424657,15.2936352777713,15.4302551229102,11.2697908611917
28,7.75,7.75,7.63086176775966,7.64954657923192,7.32936364239333,8.00691572396245,15.2617235355193,15.2990931584638,15.4335560315803,11.2730810063505
28.1,7.75,7.75,7.63370613275857,7.65219581374501,7.31505016722593,7.99315063009629,15.2674122655171,15.30439162749,15.4367860401575,11.2763001054666
28.2,7.75,7.75,7.63649161939019,7.65478550713901,7.30102965128399,7.97969081514775,15.2729832387804,15.309571014278,15.4399630541159,11.2794659821933
28.3,7.75,7.75,7.63922015278628,7.65731769810852,7.28729251991296,7.96652583142224,15.2784403055726,15.314635396217,15.4430888669907,11.2825803606985
28.4,7.75,7.75,7.64189276341776,7.65979351602271,7.2738336498483,7.95364989334934,15.2837855268355,15.3195870320454,15.4461644637843,11.2856441570123
28.5,7.75,7.75,7.64451046789252,7.6622140737462,7.26064798675083,7.94105729992902,15.289020935785,15.3244281474924,15.4491908151509,11.2886582748567
28.6,7.75,7.75,7.64705770509745,7.66456387542848,7.24781296895789,7.92882751545311,15.2941154101949,15.329127750857,15.4521540721153,11.2916086042165
28.7,7.75,7.75,7.64955217722118,7.66686082123186,7.23524051655199,7.91686876274648,15.2991043544424,15.3337216424637,15.455070165659,11.2945111457239
28.8,7.75,7.75,7.65199560950687,7.66910672072738,7.22292204868107,7.90517176802228,15.3039912190137,15.3382134414548,15.457940689834,11.2973674459665
28.9,7.75,7.75,7.65438892543173,7.67130257627409,7.21085297402945,7.89373139650061,15.3087778508635,15.3426051525482,15.460766519209,11.3001783259698
29,7.75,7.75,7.6567330360521,7.67344937558935,7.19902876303451,7.88254258842219,15.3134660721042,15.3468987511787,15.463548515619,11.3029445957296
29.1,7.75,7.75,7.65901399596383,7.67553336214328,7.18751882109559,7.8716758982662,15.3180279919277,15.3510667242866,15.4662743481739,11.3056535818522
29.2,7.75,7.75,7.66124766936982,7.67757042630415,7.17624420632228,7.86104984461268,15.3224953387396,15.3551408526083,15.4689581948055,11.3083196510526
29.3,7.75,7.75,7.66343560239882,7.67956217433616,7.16519722836725,7.8506561952652,15.3268712047976,15.3591243486723,15.4716014724911,11.3109441907746
29.4,7.75,7.75,7.6655786226622,7.68150949591918,7.15437377252567,7.8404903927711,15.3311572453244,15.3630189918384,15.4742049577891,11.3135279369105
29.5,7.75,7.75,7.66767754664193,7.68341326774269,7.14376977942347,7.83054794623347,15.3353550932839,15.3668265354854,15.4767694159561,11.3160716154687
29.6,7.75,7.75,7.66971987694289,7.6852612771417,7.13344745524864,7.82089150171543,15.3394397538858,15.3705225542834,15.4792838641217,11.3185638407385
29.7,7.75,7.75,7.67171983060794,7.68706763068736,7.12333604740371,7.81144871557908,15.3434396612159,15.3741352613747,15.4817609236908,11.3210175149679
29.8,7.75,7.75,7.67367879325977,7.68883375423159,7.11342866352229,7.80221227988746,15.3473575865195,15.3776675084632,15.4842018544482,11.3234338829749
29.9,7.75,7.75,7.67559750660947,7.69056043748004,7.1037216159558,7.79317814939252,15.3511950132189,15.3811208749601,15.4866073459623,11.3258136043619
30,7.75,7.75,7.67747670239544,7.69224845861222,7.09421126663497,7.78434233789738,15.3549534047909,15.3844969172244,15.4889780777701,11.328157329874
30.1,7.75,7.75,7.67930518095749,7.69388697539784,7.08495336961614,7.77576047155681,15.358610361915,15.3877739507957,15.4913042640709,11.3304548280128
30.2,7.75,7.75,7.6810956831604,7.69548851111326,7.07588451154013,7.76736831722963,15.3621913663208,15.3909770222265,15.4935971441598,11.3327176884037
30.3,7.75,7.75,7.68284945079069,7.6970543315037,7.0669985151392,7.75915938718244,15.3656989015814,15.3941086630074,15.4958578382716,11.3349470280395
30.4,7.75,7.75,7.68456714858495,7.69858513756606,7.05829207543952,7.75113009063322,15.3691342971699,15.3971702751321,15.4980869587614,11.3371434381551
30.5,7.75,7.75,7.68624943234317,7.70008162006941,7.04976193189509,7.74327688919697,15.3724988646863,15.4001632401388,15.5002851090806,11.3393075020484
30.6,7.75,7.75,7.68788626547549,7.70153415332054,7.04145805589978,7.73564917752543,15.375772530951,15.4030683066411,15.5024435665073,11.3414300228206
30.7,7.75,7.75,7.68948906587861,7.70295385519987,7.03332361164794,7.72818992154477,15.3789781317572,15.4059077103997,15.5045723430351,11.3435214135475
30.8,7.75,7.75,7.69105894643763,7.70434184935753,7.02535306271846,7.72089336143099,15.3821178928753,15.4086836987151,15.5066724350039,11.3455826766579
30.9,7.75,7.75,7.69259650291002,7.70569875807194,7.01754344705889,7.71375630966891,15.38519300582,15.4113975161439,15.5087443862309,11.3476143421182
31,7.75,7.75,7.69410232304476,7.70702519454517,7.00989184243015,7.70677562523933,15.3882046460895,15.4140503890903,15.5107887326292,11.3496169327812
31.1,7.75,7.75,7.69556741264117,7.70831261304695,7.00244303750903,7.69999517092053,15.3911348252823,15.4166252260939,15.5127976956132,11.351582179153
31.2,7.75,7.75,7.69700200391998,7.70957088391771,6.99514609150647,7.69336430300031,15.39400400784,15.4191417678354,15.5147801972858,11.3535194397016
31.3,7.75,7.75,7.69840709424585,7.71080100469088,6.98799604232227,7.68687790769344,15.3968141884917,15.4216020093818,15.5167371239861,11.3554296141758
31.4,7.75,7.75,7.69978321755982,7.71200352778698,6.98099023521392,7.68053315534505,15.3995664351196,15.424007055574,15.51866895869,11.3573131776333
31.5,7.75,7.75,7.70113090062588,7.71317899757152,6.97412605111837,7.67432725756255,15.4022618012518,15.426357995143,15.5205761773573,11.3591705987571
31.6,7.75,7.75,7.70244208347947,7.71431982706928,6.96744363365537,7.66829916614003,15.4048841669589,15.4286396541386,15.5224518399499,11.3609944393881
31.7,7.75,7.75,7.7037259356982,7.71543477916176,6.96089732541177,7.66240391011423,15.4074518713964,15.4308695583235,15.5243039006546,11.3627931126695
31.8,7.75,7.75,7.70498335111612,7.71652473944159,6.95448267900082,7.65663694910724,15.4099667022322,15.4330494788832,15.5261331481405,11.3645674263185
31.9,7.75,7.75,7.70621480827501,7.71759019833092,6.94819731508598,7.65099577105062,15.41242961655,15.4351803966618,15.5279400113729,11.3663178061836
32,7.75,7.75,7.70742077928454,7.71863163910293,6.94203888630649,7.64547790049576,15.4148415585691,15.4372632782059,15.5297249130884,11.3680446724002
32.1,7.75,7.75,7.70859404148822,7.71964232596094,6.93604337307995,7.64011792929534,15.4171880829764,15.4392846519219,15.5314816580585,11.3697413320453
32.2,7.75,7.75,7.709742812079,7.72063003864304,6.93016985323979,7.63487592241179,15.419485624158,15.4412600772861,15.5332173408313,11.3714153508753
32.3,7.75,7.75,7.71086789210412,7.72159556337898,6.92441434070095,7.62974784843399,15.4217357842082,15.443191126758,15.5349326633503,11.3730674541188
32.4,7.75,7.75,7.71196971045581,7.72253933556482,6.91877470294809,7.62473147715464,15.4239394209116,15.4450786711296,15.5366280066321,11.374698023522
32.5,7.75,7.75,7.71304869026169,7.72346178425138,6.91324883612318,7.61982461086797,15.4260973805234,15.4469235685028,15.5383037461628,11.376307435711
32.6,7.75,7.75,7.71409835930337,7.72435692933765,6.90786898929411,7.61505797056473,15.4281967186067,15.4487138586753,15.5399543483029,11.3778896658347
32.7,7.75,7.75,7.71512608120248,7.72523167774908,6.90259848431224,7.61039609196926,15.430252162405,15.4504633554982,15.5415861440842,11.3794515200355
32.8,7.75,7.75,7.71613257384713,7.72608672751341,6.89743374853163,7.60583539545935,15.4322651476943,15.4521734550268,15.5431997584394,11.3809936496058
32.9,7.75,7.75,7.71711822163202,7.72692246518629,6.89237287064555,7.60137390099551,15.434236443264,15.4538449303726,15.5447955298154,11.3825163967661
33,7.75,7.75,7.7180834037854,7.72773927169131,6.88741396503099,7.59700965738605,15.4361668075708,15.4554785433826,15.5463737917497,11.3840200991479
33.1,7.75,7.75,7.71902232066992,7.72853183787023,6.88258593645274,7.59276994886471,15.4380446413398,15.4570636757405,15.5479295983048,11.3854993308144
33.2,7.75,7.75,7.71994157089432,7.72930629576042,6.87785591053325,7.58862328032182,15.4398831417886,15.4586125915208,15.5494686023322,11.3869602169585
33.3,7.75,7.75,7.7208417978155,7.73006326509167,6.87322068517403,7.58456647318667,15.441683595631,15.4601265301833,15.5509913603768,11.3884033426003
33.4,7.75,7.75,7.72172334594733,7.73080308906761,6.86867854732604,7.58059776946867,15.4434466918947,15.4616061781352,15.552498173091,11.3898290145361
33.5,7.75,7.75,7.72258655517327,7.73152610589255,6.86422780695938,7.57671543678327,15.4451731103465,15.4630522117851,15.5539893367678,11.3912375354489
33.6,7.75,7.75,7.72342622865682,7.73222760211922,6.85989437143086,7.57294370793434,15.4468524573136,15.4644552042384,15.5554604275712,11.392624016334
33.7,7.75,7.75,7.72424827936317,7.73291302181439,6.85564877556901,7.56925461177726,15.4484965587263,15.4658260436288,15.5569164959346,11.3939939719362
33.8,7.75,7.75,7.72505328385027,7.7335829151994,6.85148814938422,7.56564532576749,15.4501065677005,15.4671658303988,15.5583580376697,11.3953479278724
33.9,7.75,7.75,7.72584155088836,7.73423758699578,6.84741095751833,7.56211428901389,15.4516831017767,15.4684751739916,15.559785319872,11.3966861591896
34,7.75,7.75,7.7266133850976,7.73487733748724,6.84341568524449,7.55865996335479,15.4532267701952,15.4697546749745,15.5611986057667,11.3980089372488
34.1,7.75,7.75,7.72736412990044,7.73549798215445,6.83952555342453,7.55530387220865,15.4547282598009,15.4709959643089,15.5625939353722,11.3993118544258
34.2,7.75,7.75,7.72809908375351,7.73610435424482,6.83571415246308,7.55202117323075,15.456198167507,15.4722087084896,15.5639758239687,11.4005998782034
34.3,7.75,7.75,7.72881876334549,7.7366969422719,6.83197891003056,7.54880935994404,15.457637526691,15.4733938845438,15.5653447134303,11.4018734809512
34.4,7.75,7.75,7.72952344541065,7.73727601679667,6.82831845002851,7.54566704641789,15.4590468908213,15.4745520335933,15.5667008410575,11.4031329092612
34.5,7.75,7.75,7.73021340296367,7.73784184444055,6.82473141484983,7.54259286689859,15.4604268059273,15.4756836888811,15.5680444407143,11.4043784064218
34.6,7.75,7.75,7.73088446363086,7.73839071032682,6.82123861752738,7.53960593905466,15.4617689272617,15.4767814206536,15.5693719645548,11.405605996401
34.7,7.75,7.75,7.73154137511613,7.73892690536878,6.81781638709528,7.53668419857296,15.4630827502323,15.4778538107376,15.570687452429,11.4068201560501
34.8,7.75,7.75,7.73218460044947,7.73945086329563,6.8144624180099,7.5338254195798,15.4643692008989,15.4789017265913,15.5719912983063,11.4080213100086
34.9,7.75,7.75,7.73281438765203,7.73996282434291,6.81117547691451,7.5310283714589,15.4656287753041,15.4799256486858,15.5732837130314,11.4092096793655
35,7.75,7.75,7.73343098141112,7.74046302524879,6.8079543470259,7.5282918415057,15.4668619628222,15.4809260504976,15.5745649043974,11.4103854822489
35.1,7.75,7.75,7.73403064331572,7.74094816814802,6.80481768331349,7.52563281118799,15.4680612866314,15.481896336296,15.5758316907705,11.4115451295962
35.2,7.75,7.75,7.73461762745958,7.74142206241469,6.80174426936887,7.52303168285219,15.4692352549192,15.4828441248294,15.577087689599,11.4126926583823
35.3,7.75,7.75,7.73519234878033,7.74188509313892,6.79873203876349,7.52048647975122,15.4703846975607,15.4837701862778,15.5783332523035,11.4138284504609
35.4,7.75,7.75,7.73575502956398,7.7423374736344,6.79577988607855,7.51799610914808,15.471510059128,15.4846749472688,15.5795685662369,11.4149527040642
35.5,7.75,7.75,7.73630588910849,7.74277941410992,6.7928867207499,7.51555949420708,15.472611778217,15.4855588282198,15.5807938160427,11.41606561477
35.6,7.75,7.75,7.73684157793482,7.74320798698633,6.79006926354707,7.51319171949303,15.4736831558696,15.4864159739727,15.5820061455194,11.4171639404912
35.7,7.75,7.75,7.73736590774244,7.74362657406866,6.78730849800951,7.51087537760084,15.4747318154849,15.4872531481373,15.5832087968001,11.4182513238158
35.8,7.75,7.75,7.7378792503655,7.74403551726267,6.78460257202327,7.50860871297118,15.475758500731,15.4880710345253,15.5844020835112,11.4193281082437
35.9,7.75,7.75,7.73838180502392,7.74443500598102,6.78195049483955,7.50639075527254,15.4767636100478,15.488870011962,15.5855861721454,11.420394471521
36,7.75,7.75,7.73887376825946,7.74482522687984,6.77935128902376,7.50422054829048,15.4777475365189,15.4896504537597,15.5867612267897,11.421450589015
36.1,7.75,7.75,7.73935213916456,7.74520358118245,6.77681994179389,7.50211149213504,15.4787042783291,15.4904071623649,15.587924680463,11.4224935297689
36.2,7.75,7.75,7.73982033294847,7.74557307103803,6.77433940843278,7.50004812426542,15.4796406658969,15.4911461420761,15.589079441793,11.4235265827543
36.3,7.75,7.75,7.74027868281322,7.74593400000994,6.77190802891293,7.4980288855102,15.4805573656264,15.4918680000199,15.590225790834,11.4245500570892
36.4,7.75,7.75,7.74072736730484,7.74628653629105,6.76952491526398,7.49605291420971,15.4814547346097,15.4925730725821,15.5913638755551,11.4255641121588
36.5,7.75,7.75,7.74116656256899,7.74663084562688,6.76718919144901,7.49411936123767,15.482333125138,15.4932616912538,15.5924938417884,11.4265689052165
36.6,7.75,7.75,7.7415935800948,7.74696462121229,6.76491429097558,7.49224013086633,15.4831871601896,15.4939292424246,15.5936133796155,11.4275617843094
36.7,7.75,7.75,7.74201147974454,7.74729052807795,6.76268493633116,7.49040148757175,15.4840229594891,15.4945810561559,15.5947251012863,11.4285457213338
36.8,7.75,7.75,7.74242056009585,7.74760883574305,6.76049963965184,7.4886020465562,15.4848411201917,15.4952176714861,15.5958292570314,11.4295209945851
36.9,7.75,7.75,7.74282098116494,7.74791969356056,6.75835760508743,7.48684104264198,15.4856419623299,15.4958393871211,15.5969259783701,11.4304877469926
37,7.75,7.75,7.74321290081661,7.74822324871054,6.75625804748365,7.48511772177908,15.4864258016332,15.4964464974211,15.5980153949237,11.4314461195749
37.1,7.75,7.75,7.74359391051365,7.74851745365843,6.75421300782897,7.48344265986586,15.4871878210273,15.4970349073169,15.5990954252787,11.4323937105896
37.2,7.75,7.75,7.74396675164768,7.74880467408214,6.75220879248783,7.48180365498836,15.4879335032954,15.4976093481643,15.6001684182766,11.4333332076073
37.3,7.75,7.75,7.74433169176394,7.74908514927241,6.75024406790307,7.48019947718025,15.4886633835279,15.4981702985448,15.6012345976528,11.4342648612918
37.4,7.75,7.75,7.74468887427061,7.7493590118548,6.74831812079169,7.47862944692574,15.4893777485412,15.4987180237096,15.602294080318,11.4351887998234
37.5,7.75,7.75,7.74503844064755,7.7496263925256,6.74643024745735,7.47709289458902,15.4900768812951,15.4992527850512,15.6033469814977,11.4361051496702
37.6,7.75,7.75,7.74537823327078,7.74988547398594,6.74459124084508,7.4755992163817,15.4907564665416,15.4997709479719,15.6043914229211,11.4370117334935
37.7,7.75,7.75,7.74571070811316,7.75013835609141,6.74278882687974,7.47413757228636,15.4914214162263,15.5002767121828,15.6054295192997,11.437910983891
37.8,7.75,7.75,7.74603610490711,7.7503852512917,6.74102181030579,7.4727068698195,15.4920722098142,15.5007705025834,15.6064614708294,11.4388031267544
37.9,7.75,7.75,7.74635455217521,7.75062627736024,6.73928955184498,7.47130650552276,15.4927091043504,15.5012525547205,15.6074873814471,11.4396882770451
38,7.75,7.75,7.74666617671175,7.75086155035743,6.73759142081152,7.46993588471012,15.4933323534235,15.5017231007149,15.6085073535933,11.44056654819
38.1,7.75,7.75,7.74696904575954,7.75108945743963,6.73593709159987,7.46860335592574,15.4939380915191,15.5021789148793,15.6095196896163,11.4414359641248
38.2,7.75,7.75,7.74726535949675,7.75131186241094,6.73431556241859,7.4672992885911,15.4945307189935,15.5026237248219,15.6105262960987,11.4422987287818
38.3,7.75,7.75,7.74755533272863,7.75152895388738,6.73272576196826,7.46602271230398,15.4951106654573,15.5030579077748,15.611527352321,11.4431550458435
38.4,7.75,7.75,7.74783908063608,7.75174083645492,6.73116711730071,7.46477309113757,15.4956781612722,15.5034816729098,15.6125229506981,11.4440050184238
38.5,7.75,7.75,7.74811671685092,7.75194761317848,6.72963906316913,7.4635498969542,15.4962334337018,15.503895226357,15.6135131823158,11.4448487482613
38.6,7.75,7.75,7.74838651013786,7.75214785277828,6.72815027148095,7.46236054785338,15.4967730202757,15.5042957055566,15.6144965101374,11.4456844398359
38.7,7.75,7.75,7.74865043143202,7.7523432094405,6.72669088072471,7.46119648733068,15.497300862864,15.504686418881,15.6154746557077,11.4465140919933
38.8,7.75,7.75,7.74890867319796,7.7525338506174,6.72525993069909,7.46005685339167,15.4978173463959,15.5050677012348,15.6164477797224,11.4473378885036
38.9,7.75,7.75,7.74916133865865,7.75271986918533,6.723856907907,7.4589411700725,15.4983226773173,15.5054397383707,15.6174159643632,11.4481559218624
39,7.75,7.75,7.74940852964869,7.75290135667002,6.722481305754,7.45784896832559,15.4988170592974,15.50580271334,15.6183792906313,11.4489682833322
39.1,7.75,7.75,7.74964869553119,7.75307704302903,6.721140897687,7.45678683989319,15.4992973910624,15.5061540860581,15.6193363643382,11.4497733393581
39.2,7.75,7.75,7.74988360179605,7.75324839630148,6.71982684416026,7.45574718215339,15.4997672035921,15.506496792603,15.6202887424987,11.4505729048314
39.3,7.75,7.75,7.75011342088533,7.75341556514644,6.71853828454573,7.45472922937988,15.5002268417707,15.5068311302929,15.6212365692928,11.4513671456686
39.4,7.75,7.75,7.75033824530444,7.7535786320426,6.71727475863162,7.45373255885272,15.5006764906089,15.5071572640852,15.6221799178138,11.4521561448483
39.5,7.75,7.75,7.75055816631442,7.75373767826933,6.71603581239287,7.45275675399338,15.5011163326288,15.5074753565387,15.6231188601062,11.4529399842441
39.6,7.75,7.75,7.75077179512369,7.75389157697207,6.71482841405307,7.45180767261276,15.5015435902474,15.5077831539441,15.6240521290488,11.453717175614
39.7,7.75,7.75,7.75098071310635,7.75404163088374,6.71364463998822,7.45087855924978,15.5019614262127,15.5080832617675,15.6249811353405,11.454489368835
39.8,7.75,7.75,7.75118507475986,7.75418797197488,6.71248371881373,7.44996873366801,15.5023701495197,15.5083759439498,15.6259060084839,11.4552567138153
39.9,7.75,7.75,7.75138496298377,7.75433067349128,6.71134523807651,7.4490778204264,15.5027699259675,15.5086613469826,15.6268268134993,11.4560192850038
40,7.75,7.75,7.75158045956239,7.75446980761379,6.71022879086851,7.44820544953738,15.5031609191248,15.5089396152276,15.6277436144763,11.4567771558593
40.1,7.75,7.75,7.75177032074168,7.75460437464791,6.70914062375655,7.4473568269535,15.5035406414834,15.5092087492958,15.6286552573446,11.4575289685278
40.2,7.75,7.75,7.75195596289704,7.75473553052619,6.70807363399249,7.44652594961068,15.5039119257941,15.5094710610524,15.6295630226645,11.4582762248477
40.3,7.75,7.75,7.75213752444363,7.7548633923994,6.70702713017653,7.44571221319266,15.5042750488873,15.5097267847988,15.6304670268927,11.4590190603724
40.4,7.75,7.75,7.75231507967167,7.75498802531457,6.70600074266062,7.44491528424154,15.5046301593433,15.5099760506291,15.6313673278795,11.4597575419061
40.5,7.75,7.75,7.75248870187178,7.75510949337303,6.70499410676655,7.44413483414208,15.5049774037436,15.5102189867461,15.6322639826483,11.4604917353656
40.6,7.75,7.75,7.75265727726344,7.75522690980747,6.70401282230284,7.44337548986979,15.5053145545269,15.5104538196149,15.6331559377302,11.4612203999087
40.7,7.75,7.75,7.75282207435732,7.75534130018294,6.70305052220929,7.44263191660989,15.5056441487146,15.5106826003659,15.6340443579149,11.4619449045495
40.8,7.75,7.75,7.75298321715554,7.75545276848974,6.70210658677229,7.44190357746936,15.5059664343111,15.5109055369795,15.6349293480629,11.4626653719688
40.9,7.75,7.75,7.75314077223211,7.75556137249425,6.7011806847087,7.4411901762717,15.5062815444642,15.5111227449885,15.6358109596558,11.4633818621191
41,7.75,7.75,7.75329480526519,7.75566716912305,6.70027248918972,7.44049142114077,15.5065896105304,15.5113343382461,15.6366892434404,11.4640944341576
41.1,7.75,7.75,7.75344431894653,7.75576937189675,6.69938702039442,7.43981142479553,15.5068886378931,15.5115387437935,15.6375632354903,11.4648019522655
41.2,7.75,7.75,7.75359044927866,7.75586889060534,6.6985185705987,7.43914544594784,15.5071808985573,15.5117377812107,15.6384339975871,11.465505666268
41.3,7.75,7.75,7.75373330734677,7.75596581755195,6.69766658433704,7.43849300758338,15.5074666146935,15.5119316351039,15.6393016242821,11.4662056873022
41.4,7.75,7.75,7.75387295280923,7.75606020403754,6.69683076471144,7.43785384663256,15.5077459056185,15.5121204080751,15.6401661613997,11.4669020691796
41.5,7.75,7.75,7.75400944452153,7.75615210061722,6.69601081881614,7.43722770384473,15.5080188890431,15.5123042012344,15.6410276541117,11.4675948649989
41.6,7.75,7.75,7.75414188954734,7.75624080987526,6.69521124736573,7.43661823515699,15.5082837790947,15.5124816197505,15.6418852182104,11.4682830332195
41.7,7.75,7.75,7.75427130514447,7.75632713878493,6.69442693354024,7.43602122645313,15.5085426102889,15.5126542775699,15.6427398238054,11.4689677166996
41.8,7.75,7.75,7.7543977908221,7.75641116927049,6.69365737945555,7.43543625389837,15.5087955816442,15.512822338541,15.6435915562823,11.4696490162228
41.9,7.75,7.75,7.75452140004054,7.7564929468912,6.69290231903161,7.43486308382368,15.5090428000811,15.5129858937824,15.6444404564402,11.4703269800967
42,7.75,7.75,7.75464218554049,7.75657251654405,6.69216148976644,7.43430148595144,15.509284371081,15.5131450330881,15.6452865644982,11.47100165599
42.1,7.75,7.75,7.75475934791283,7.75664925990899,6.69143892683302,7.43375471047815,15.5095186958257,15.513298519818,15.646129067241,11.4716720870099
42.2,7.75,7.75,7.75487379800603,7.75672389265014,6.69073004298254,7.43321901153436,15.5097475960121,15.5134477853003,15.646968853176,11.4723393200013
42.3,7.75,7.75,7.75498562495515,7.75679648747452,6.69003439193691,7.43269401251624,15.5099712499103,15.513592974949,15.6478059995385,11.4730034464612
42.4,7.75,7.75,7.75509487666556,7.75686708484246,6.68935173523672,7.43217950586439,15.5101897533311,15.5137341696849,15.6486405426631,11.4736645097642
42.5,7.75,7.75,7.75520160039772,7.75693572462605,6.68868183762934,7.43167528703128,15.5104032007954,15.5138714492521,15.6494725183698,11.4743225527125
42.6,7.75,7.75,7.75530508055032,7.75700185874864,6.6880283170743,7.43118424580169,15.5106101611006,15.5140037174973,15.650301176683,11.4749766944294
42.7,7.75,7.75,7.755406132618,7.75706612178451,6.68738706092379,7.43070305222422,15.510812265236,15.514132243569,15.6511273334529,11.4756278955637
42.8,7.75,7.75,7.75550483643888,7.75712857825504,6.68675766915019,7.43023137164377,15.5110096728778,15.5142571565101,15.6519510586662,11.4762762392825
42.9,7.75,7.75,7.75560123493989,7.75718926409221,6.68613992804886,7.42976901968856,15.5112024698798,15.5143785281844,15.652772384692,11.4769217645391
43,7.75,7.75,7.75569537046994,7.75724821470564,6.68553362678922,7.42931581466162,15.5113907409399,15.5144964294113,15.6535913434415,11.4775645097736
43.1,7.75,7.75,7.75578660252487,7.75730494440029,6.68494200943074,7.42887432619265,15.5115732050497,15.5146098888006,15.6544072412922,11.4782036623896
43.2,7.75,7.75,7.75587566115378,7.75736001573609,6.68436138865973,7.42844159377671,15.5117513223076,15.5147200314722,15.6552208293832,11.4788401056388
43.3,7.75,7.75,7.75596261786332,7.75741348596484,6.68379140589889,7.42801732001682,15.5119252357266,15.5148269719297,15.6560321712538,11.4794739152152
43.4,7.75,7.75,7.75604751111862,7.75746538699691,6.68323186962969,7.42760134113421,15.5120950222372,15.5149307739938,15.6568412957497,11.4801051261095
43.5,7.75,7.75,7.7561303788668,7.75751575027873,6.68268259090943,7.42719349572563,15.5122607577336,15.5150315005575,15.65764823131,11.4807337728523
43.6,7.75,7.75,7.75621064789429,7.75756414551478,6.68214647871626,7.42679606901847,15.5124212957886,15.5151282910296,15.6584523345464,11.4813591041936
43.7,7.75,7.75,7.75628897168467,7.75761107131049,6.68162022691555,7.42640642868324,15.5125779433693,15.515222142621,15.6592542989459,11.481981933874
43.8,7.75,7.75,7.75636541427842,7.75765657846155,6.68110351407809,7.42602431041574,15.5127308285568,15.5153131569231,15.6600541823121,11.4826023308831
43.9,7.75,7.75,7.75644001014197,7.75770069530664,6.68059616856916,7.42564956872629,15.5128800202839,15.5154013906133,15.6608520103605,11.4832203266598
44,7.75,7.75,7.75651279327754,7.75774344977244,6.68009802106254,7.42528206023503,15.5130255865551,15.5154868995449,15.6616478084454,11.4838359522307
44.1,7.75,7.75,7.75658325076586,7.7577844607619,6.67961168024524,7.42492381752038,15.5131665015317,15.5155689215238,15.6624409779761,11.4844485114772
44.2,7.75,7.75,7.75665196748345,7.75782417008392,6.67913418158841,7.42457249977524,15.5133039349669,15.5156483401678,15.6632321610594,11.4850587556977
44.3,7.75,7.75,7.75671900078011,7.75786262280047,6.67866523695501,7.42422787208913,15.5134380015602,15.5157252456009,15.664021410395,11.4856667478652
44.4,7.75,7.75,7.75678438153868,7.75789984407816,6.67820469253058,7.42388980521568,15.5135687630774,15.5157996881563,15.6648087489173,11.4862725162355
44.5,7.75,7.75,7.75684814022594,7.75793585871763,6.67775239656954,7.42355817178237,15.5136962804519,15.5158717174353,15.6655941992398,11.4868760886945
44.6,7.75,7.75,7.75690981794697,7.75797032931282,6.67731068864709,7.42323477992063,15.5138196358939,15.5159406586256,15.6663772027393,11.487476818685
44.7,7.75,7.75,7.75696993810358,7.75800364723332,6.67687691037363,7.42291754779313,15.5139398762072,15.5160072944666,15.6671583557144,11.488075401398
44.8,7.75,7.75,7.75702855204998,7.75803585244893,6.67645080344839,7.42260626659817,15.5140571041,15.5160717048979,15.667937706322,11.4886718944075
44.9,7.75,7.75,7.75708568745739,7.75806696730894,6.67603223002758,7.42230082151602,15.5141713749148,15.5161339346179,15.6687152750256,11.4892663231159
45,7.75,7.75,7.75714137162422,7.75809701383762,6.67562105412158,7.42200109939127,15.5142827432484,15.5161940276752,15.6694910820034,11.4898587125942
45.1,7.75,7.75,7.75719519406084,7.75812569342845,6.67521937413684,7.42170870895663,15.5143903881217,15.5162513868569,15.6702646043082,11.4904484608539
45.2,7.75,7.75,7.75724762308639,7.75815335265769,6.67482480603728,7.42142179843308,15.5144952461728,15.5163067053154,15.6710363973803,11.4910362126568
45.3,7.75,7.75,7.75729870468238,7.75818002697273,6.674437118261,7.42114018221044,15.5145974093648,15.5163600539455,15.671806505333,11.491622020731
45.4,7.75,7.75,7.75734846364191,7.75820573622064,6.67405618727719,7.42086375828239,15.5146969272838,15.5164114724413,15.672574946434,11.4922059079213
45.5,7.75,7.75,7.75739692442389,7.75823049995981,6.67368189121674,7.42059242612083,15.5147938488478,15.5164609999196,15.6733417386979,11.4927878967758
45.6,7.75,7.75,7.75744371990842,7.75825405403875,6.67331611235978,7.42032761730749,15.5148874398168,15.5165081080775,15.6741063910394,11.4933674253994
45.7,7.75,7.75,7.75748926906037,7.75827670525494,6.67295671253707,7.42006768444356,15.5149785381207,15.5165534105099,15.6748694224393,11.4939450932144
45.8,7.75,7.75,7.75753361304688,7.75829848503933,6.67260348414961,7.41981246251952,15.5150672260938,15.5165969700787,15.6756308734104,11.4945209485984
45.9,7.75,7.75,7.75757677408172,7.75831941101656,6.67225631649381,7.41956186090988,15.5151535481634,15.5166388220331,15.6763907602694,11.495095012104
46,7.75,7.75,7.75761877407919,7.75833950055491,6.67191510035521,7.41931579030212,15.5152375481584,15.5166790011098,15.6771490991077,11.4956673040176
46.1,7.75,7.75,7.75765928477635,7.75835852009917,6.67158152433035,7.41907552488758,15.5153185695527,15.5167170401983,15.6779054273134,11.4962372985267
46.2,7.75,7.75,7.75769868091752,7.75837674112176,6.67125367058707,7.41883959884088,15.515397361835,15.5167534822435,15.6786602313164,11.4968055542757
46.3,7.75,7.75,7.75773699935581,7.75839419148661,6.67093135300134,7.41860786545222,15.5154739987116,15.5167883829732,15.6794135484221,11.4973721157358
46.4,7.75,7.75,7.75777425999349,7.7584108868444,6.67061447236509,7.4183802442047,15.515548519987,15.5168217736888,15.6801653932135,11.4979370014052
46.5,7.75,7.75,7.7578104824645,7.75842684261814,6.67030293080482,7.41815665574765,15.515620964929,15.5168536852363,15.6809157800734,11.498500229543
46.6,7.75,7.75,7.75784537331878,7.75844185242161,6.66999824334608,7.41793823443402,15.5156907466376,15.5168837048432,15.6816642718512,11.4990613068237
46.7,7.75,7.75,7.75787926768074,7.75845615635789,6.66969868961425,7.41772367575483,15.5157585353615,15.5169123127158,15.6824113258988,11.4996207552025
46.8,7.75,7.75,7.75791219853788,7.75846977912292,6.66940410273048,7.41751284925648,15.5158243970758,15.5169395582458,15.6831569766642,11.5001786156429
46.9,7.75,7.75,7.75794418372104,7.75848273461418,6.66911439378876,7.41730568340085,15.5158883674421,15.5169654692284,15.6839012371896,11.500734904801
47,7.75,7.75,7.75797524082059,7.75849503652686,6.66882947507905,7.41710210768568,15.5159504816412,15.5169900730537,15.6846441203393,11.5012896391191
47.1,7.75,7.75,7.75800510757531,7.75850650259948,6.66855070608028,7.41690313221605,15.5160102151506,15.517013005199,15.6853852117472,11.5018423545357
47.2,7.75,7.75,7.75803408361259,7.75851734507925,6.66827654337108,7.41670759580676,15.5160681672252,15.5170346901585,15.6861249427736,11.5023935399819
47.3,7.75,7.75,7.75806219845621,7.75852758584863,6.66800683731945,7.41651538244542,15.5161243969124,15.5170551716973,15.68686334532,11.50294323327
47.4,7.75,7.75,7.7580894680807,7.7585372372478,6.66774150825172,7.41632642856931,15.5161789361614,15.5170744744956,15.6876004310591,11.5034914494053
47.5,7.75,7.75,7.75811590824512,7.7585463114373,6.66748047756604,7.41614067153582,15.5162318164902,15.5170926228746,15.6883362115054,11.5040382032012
47.6,7.75,7.75,7.75814128462945,7.75855464757646,6.66722496534742,7.41595901105059,15.5162825692589,15.5171092951529,15.6890702926986,11.5045830569713
47.7,7.75,7.75,7.75816586505881,7.75856243317726,6.66697358675231,7.41578041327054,15.5163317301176,15.5171248663545,15.6898030827503,11.5051264699078
47.8,7.75,7.75,7.75818967595337,7.75856968762349,6.66672620760462,7.41560477501251,15.5163793519067,15.517139375247,15.6905346112911,11.5056684769917
47.9,7.75,7.75,7.75821273162421,7.75857642187211,6.66648275650435,7.41543203979804,15.5164254632484,15.5171528437442,15.6912648887767,11.5062090917483
48,7.75,7.75,7.75823504618928,7.75858264672054,6.66624316301203,7.41526215196601,15.5164700923786,15.5171652934411,15.691993925522,11.5067483275311
48.1,7.75,7.75,7.75825641035952,7.75858822034715,6.66600852229403,7.41509591312404,15.516512820719,15.5171764406943,15.6927213458576,11.5072857704388
48.2,7.75,7.75,7.75827706346872,7.75859330830054,6.6657775916172,7.41493240257535,15.5165541269374,15.5171866166011,15.6934475370842,11.5078218528696
48.3,7.75,7.75,7.75829702915624,7.75859792774543,6.66555025065632,7.41477152853422,15.5165940583125,15.5171958554909,15.6941725268071,11.5083566072597
48.4,7.75,7.75,7.75831632024248,7.75860208841016,6.66532643542586,7.41461324081509,15.516632640485,15.5172041768203,15.6948963243999,11.508890045808
48.5,7.75,7.75,7.75833494937479,7.75860579988135,6.66510608280103,7.41445748995841,15.5166698987496,15.5172115997627,15.6956189391112,11.509422180559
48.6,7.75,7.75,7.75835272968714,7.75860893722305,6.66489017600155,7.41430499040109,15.5167054593743,15.5172178744461,15.6963400116828,11.5099526190748
48.7,7.75,7.75,7.75836987498906,7.75861164648253,6.66467759964723,7.41415492198291,15.5167397499781,15.5172232929651,15.6970599107714,11.5104817695995
48.8,7.75,7.75,7.75838640642834,7.75861394285378,6.66446824582531,7.41400720304398,15.5167728128567,15.5172278857076,15.6977786621745,11.5110096622816
48.9,7.75,7.75,7.75840233548958,7.75861583497382,6.66426205719466,7.41386178898868,15.5168046709792,15.5172316699476,15.6984962743041,11.5115363081304
49,7.75,7.75,7.7584176735023,7.75861733135379,6.66405897718553,7.41371863586636,15.5168353470046,15.5172346627076,15.6992127554609,11.5120617180174
49.1,7.75,7.75,7.75843225368656,7.75861832204842,6.66385988869556,7.41357838065025,15.5168645073731,15.5172366440968,15.6999277611267,11.5125855188867
49.2,7.75,7.75,7.75844626698646,7.75861893579051,6.66366379047271,7.41344029251556,15.5168925339729,15.517237871581,15.70064164324,11.5131080971945
49.3,7.75,7.75,7.75845973231743,7.75861918602395,6.66347058572756,7.41330429879864,15.5169194646349,15.5172383720479,15.7013544259846,11.5136294810318
49.4,7.75,7.75,7.75847265996705,7.75861908041637,6.66328022307329,7.41317035986961,15.5169453199341,15.5172381608327,15.7020661169173,11.5141496803418
49.5,7.75,7.75,7.75848506008396,7.75861862652357,6.6630926518143,7.41303843667148,15.5169701201679,15.5172372530471,15.7027767234961,11.514668704944
49.6,7.75,7.75,7.75849678388021,7.75861772770774,6.66290866494334,7.41290909733687,15.5169935677604,15.5172354554155,15.7034859144569,11.5151861992985
49.7,7.75,7.75,7.75850800181705,7.75861649732972,6.66272736348515,7.4127816904264,15.5170160036341,15.5172329946594,15.7041940267324,11.5157025301952
49.8,7.75,7.75,7.75851873080981,7.75861494727921,6.66254866061844,7.41265615126939,15.5170374616196,15.5172298945584,15.7049010830646,11.5162177238741
49.9,7.75,7.75,7.75852898007348,7.75861308436275,6.66237251029217,7.41253244464718,15.517057960147,15.5172261687255,15.70560709025,11.5167317893224
50,7.75,7.75,7.75853875869852,7.75861091528757,6.66219886707474,7.41241053585009,15.517077517397,15.5172218305751,15.7063120549975,11.5172447354163
50.1,7.75,7.75,7.75854793401249,7.75860835522806,6.66202844338899,7.41229093183046,15.517095868025,15.5172167104561,15.7070156579757,11.5177562224592
50.2,7.75,7.75,7.7585566581288,7.75860550389863,6.66186043191612,7.41217305169548,15.5171133162576,15.5172110077973,15.7077182226338,11.5182665994764
50.3,7.75,7.75,7.75856494617088,7.75860237180877,6.66169475476763,7.41205683787619,15.5171298923418,15.5172047436175,15.7084197704248,11.5187758910417
50.4,7.75,7.75,7.75857280639257,7.75859896500017,6.66153137067401,7.41194225907273,15.5171456127851,15.5171979300003,15.7091203074694,11.5192841052854
50.5,7.75,7.75,7.75858024693613,7.75859528942624,6.66137023892079,7.41182928443738,15.5171604938723,15.5171905788525,15.7098198398099,11.519791250238
50.6,7.75,7.75,7.75858714956319,7.75859127074546,6.66121199972612,7.41171836654753,15.5171742991264,15.5171825414909,15.7105180588732,11.5202970005458
50.7,7.75,7.75,7.75859364995248,7.75858699655843,6.66105592791047,7.41160898720491,15.517187299905,15.5171739931169,15.7112152759783,11.5208016891747
50.8,7.75,7.75,7.75859976162206,7.75858247614905,6.66090195359039,7.41150109515071,15.5171995232441,15.5171649522981,15.7119115114252,11.5213053391983
50.9,7.75,7.75,7.75860549196453,7.75857771487959,6.66075003978111,7.41139466256644,15.5172109839291,15.5171554297592,15.7126067707332,11.5218079579783
51,7.75,7.75,7.7586108482725,7.75857271803389,6.66060014999525,7.41128966203526,15.517221696545,15.5171454360678,15.7133010593524,11.5223095527873
51.1,7.75,7.75,7.75861572523504,7.75856742057463,6.66045285974234,7.41118649780542,15.5172314504701,15.5171348411493,15.7139940784226,11.5228098112689
51.2,7.75,7.75,7.75862024381048,7.75856189935012,6.66030751745364,7.41108470739776,15.517240487621,15.5171237987002,15.7146861283362,11.5233090518587
51.3,7.75,7.75,7.7586244160787,7.75855616255599,6.66016406041931,7.41098424516043,15.5172488321574,15.517112325112,15.7153772283609,11.5238072962787
51.4,7.75,7.75,7.75862824866057,7.75855021495093,6.66002245549416,7.41088508636777,15.5172564973211,15.5171004299019,15.7160673834815,11.5243045512016
51.5,7.75,7.75,7.7586317480874,7.75854406122402,6.6598826699787,7.41078720665095,15.5172634961748,15.517088122448,15.716756598621,11.5248008232198
51.6,7.75,7.75,7.75863482062563,7.75853764459415,6.65974522139104,7.41069096730027,15.5172696412513,15.5170752891883,15.7174445837026,11.5252958117685
51.7,7.75,7.75,7.75863757404936,7.75853103236668,6.65960952413082,7.41059595535881,15.5172751480987,15.5170620647334,15.7181316292626,11.5257898221235
51.8,7.75,7.75,7.75864001915006,7.75852423177092,6.6594755219167,7.41050213015703,15.5172800383001,15.5170484635418,15.7188177536438,11.5262828747886
51.9,7.75,7.75,7.75864216185713,7.75851724702944,6.65934318504413,7.41040946971698,15.5172843237143,15.5170344940589,15.7195029613555,11.5267749758185
52,7.75,7.75,7.75864400801968,7.75851008230298,6.65921248420792,7.41031795237779,15.5172880160394,15.517020164606,15.7201872568517,11.5272661311959
52.1,7.75,7.75,7.75864547427192,7.75850268813564,6.65908388495397,7.4102279012437,15.5172909485438,15.5170053762713,15.7208703580125,11.5277560510653
52.2,7.75,7.75,7.75864665658014,7.75849512336414,6.65895686080188,7.41013894737475,15.5172933131603,15.5169902467283,15.7215525464695,11.5282450287724
52.3,7.75,7.75,7.75864756458164,7.75848739435982,6.65883136123118,7.41005105452882,15.5172951291633,15.5169747887196,15.7222338397365,11.5287330837221
52.4,7.75,7.75,7.75864820358622,7.758479504869,6.65870735962038,7.40996420316913,15.5172964071724,15.516959009738,15.7229142418993,11.5292202214147
52.5,7.75,7.75,7.75864857883177,7.75847145858308,6.65858482970591,7.40987837404062,15.5172971576635,15.5169429171662,15.7235937569952,11.5297064472862
52.6,7.75,7.75,7.75864861623637,7.75846321254439,6.65846419045514,7.40979385630122,15.5172972324727,15.5169264250888,15.7242721101248,11.5301914812201
52.7,7.75,7.75,7.75864840119182,7.75845481807532,6.65834496837084,7.40971032013682,15.5172968023836,15.5169096361506,15.7249495748625,11.5306756057343
52.8,7.75,7.75,7.75864794230156,7.75844628078544,6.65822711809506,7.40962773323978,15.5172958846031,15.5168925615709,15.7256261679774,11.5311588392419
52.9,7.75,7.75,7.75864724432023,7.75843760399804,6.65811061576901,7.40954607824223,15.5172944886405,15.5168752079961,15.7263018931789,11.531641186746
53,7.75,7.75,7.75864631193802,7.75842879098759,6.65799543785461,7.40946533802658,15.517292623876,15.5168575819752,15.7269767541331,11.5321226531923
53.1,7.75,7.75,7.75864507938577,7.75841980456004,6.65788196157388,7.40938577157123,15.5172901587715,15.5168396091201,15.7276504825068,11.5326029673327
53.2,7.75,7.75,7.7586436225859,7.75841068937112,6.65776976091366,7.40930708384256,15.5172872451718,15.5168213787422,15.7283233445701,11.5330824018461
53.3,7.75,7.75,7.75864194921575,7.75840145035416,6.65765879514236,7.40922924602949,15.5172838984315,15.5168029007083,15.7289953564232,11.5335609742498
53.4,7.75,7.75,7.75864006353252,7.75839209045664,6.65754904287675,7.40915224269115,15.517280127065,15.5167841809133,15.7296665214405,11.534038689101
53.5,7.75,7.75,7.75863796973571,7.75838261258268,6.657440483021,7.40907605860908,15.5172759394714,15.5167652251654,15.7303368429576,11.5345155509054
53.6,7.75,7.75,7.75863560949875,7.75837298464926,6.65733345538258,7.40900092592897,15.5172712189975,15.5167459692985,15.7310060586246,11.5349912965025
53.7,7.75,7.75,7.75863305026486,7.75836324539848,6.6572275765048,7.40892658053693,15.5172661005297,15.516726490797,15.7316744280779,11.5354661896193
53.8,7.75,7.75,7.75863029888185,7.75835339916337,6.65712280980195,7.40885299672942,15.5172605977637,15.5167067983267,15.7323419668159,11.535940246963
53.9,7.75,7.75,7.75862735916127,7.75834344855758,6.65701913610909,7.40878016077772,15.5172547183225,15.5166868971152,15.7330086779146,11.536413472691
54,7.75,7.75,7.75862423486293,7.75833339615624,6.65691653651879,7.40870805915073,15.5172484697259,15.5166667923125,15.7336745644157,11.5368858709141
54.1,7.75,7.75,7.75862087432323,7.75832321440766,6.65681531730464,7.40863690013514,15.5172417486465,15.5166464288153,15.7343393694334,11.537357185859
54.2,7.75,7.75,7.7586173373934,7.75831293680926,6.65671513315094,7.4085664471066,15.5172346747868,15.5166258736185,15.7350033465674,11.5378276730959
54.3,7.75,7.75,7.75861363017827,7.7583025671612,6.65661595118731,7.40849667712348,15.5172272603565,15.5166051343224,15.7356665107736,11.5382973485997
54.4,7.75,7.75,7.75860975609008,7.75829210778059,6.65651775423652,7.40842757797835,15.5172195121802,15.5165842155612,15.7363288648626,11.5387662161685
54.5,7.75,7.75,7.75860571849469,7.75828156095033,6.65642052535208,7.40835913763935,15.5172114369894,15.5165631219007,15.7369904116141,11.5392342795591
54.6,7.75,7.75,7.75860147169299,7.7582709031351,6.65632454075099,7.40829154317644,15.517202943386,15.5165418062702,15.7376508991447,11.5397012897566
54.7,7.75,7.75,7.75859706873912,7.75826016318184,6.65622948930198,7.40822458240705,15.5171941374782,15.5165203263637,15.7383105755483,11.5401674948883
54.8,7.75,7.75,7.75859251507248,7.7582493444178,6.65613534146419,7.40815823484442,15.517185030145,15.5164986888356,15.7389694552915,11.5406329102655
54.9,7.75,7.75,7.75858781374752,7.75823844889666,6.6560420818415,7.40809248963284,15.517175627495,15.5164768977933,15.7396275409483,11.5410975393646
55,7.75,7.75,7.75858296777717,7.7582274786417,6.65594969524451,7.40802733607262,15.5171659355543,15.5164549572834,15.7402848350656,11.5415613856241
55.1,7.75,7.75,7.75857793680098,7.75821641367659,6.65585843094944,7.40796294236473,15.517155873602,15.5164328273532,15.7409410903502,11.5420242062234
55.2,7.75,7.75,7.7585727677882,7.75820527872563,6.65576800846415,7.40789911806043,15.5171455355764,15.5164105574513,15.7415965498634,11.5424862424873
55.3,7.75,7.75,7.75856746558228,7.75819407669636,6.6556784012316,7.40783584485501,15.5171349311646,15.5163881533927,15.7422512276297,11.542947509126
55.4,7.75,7.75,7.75856203291715,7.75818280940848,6.65558959545161,7.40777311309385,15.5171240658343,15.516365618817,15.7429051260125,11.5434080093263
55.5,7.75,7.75,7.7585564724895,7.75817147865466,6.65550157750922,7.40771091326097,15.517112944979,15.5163429573093,15.7435582473509,11.5438677462418
55.6,7.75,7.75,7.75855074871686,7.75816006761121,6.65541457253178,7.40764939677462,15.5171014974337,15.5163201352224,15.7442103485757,11.5443264827393
55.7,7.75,7.75,7.75854490312169,7.75814859734867,6.65532832748949,7.40758839251364,15.5170898062434,15.5162971946973,15.7448616681364,11.544784453916
55.8,7.75,7.75,7.75853894001378,7.75813707040218,6.65524281849935,7.40752788411302,15.5170778800276,15.5162741408044,15.7455122196575,11.5452416739361
55.9,7.75,7.75,7.75853286183985,7.75812548838359,6.6551580331912,7.40746786298544,15.5170657236797,15.5162509767672,15.7461620053147,11.5456981457273
56,7.75,7.75,7.75852667101329,7.75811385288072,6.65507395936085,7.40740832066672,15.5170533420266,15.5162277057614,15.7468110272621,11.5461538721867
56.1,7.75,7.75,7.75852033622728,7.75810214986158,6.65499080048841,7.4073493936462,15.5170406724546,15.5162042997232,15.7474590463274,11.546608621414
56.2,7.75,7.75,7.75851389412923,7.75809039715948,6.65490832815991,7.40729092799228,15.5170277882585,15.516180794319,15.7481062967236,11.5470626227947
56.3,7.75,7.75,7.75850734855098,7.75807859697917,6.65482652088879,7.40723290906431,15.517014697102,15.5161571939583,15.7487527917128,11.5475158899971
56.4,7.75,7.75,7.75850070168199,7.75806675074784,6.65474536758624,7.40717532922333,15.517001403364,15.5161335014957,15.7493985333031,11.5479684257156
56.5,7.75,7.75,7.75849395568183,7.75805485987139,6.65466485731218,7.40711818093985,15.5169879113637,15.5161097197428,15.7500435234837,11.5484202326177
56.6,7.75,7.75,7.75848708306929,7.75804291278891,6.654585174141,7.40706158742166,15.5169741661386,15.5160858255778,15.7506875266879,11.5488710836274
56.7,7.75,7.75,7.7584801161289,7.75803092446644,6.65450611172398,7.40700541002685,15.5169602322578,15.5160618489329,15.7513307732268,11.5493212028813
56.8,7.75,7.75,7.7584730582646,7.75801889681568,6.65442765072225,7.40694963564776,15.5169461165292,15.5160377936314,15.7519732760327,11.5497706035968
56.9,7.75,7.75,7.75846591143534,7.75800683109981,6.65434978119513,7.40689425748822,15.5169318228707,15.5160136621996,15.7526150369648,11.5502192882589
57,7.75,7.75,7.75845867757329,7.75799472856309,6.65427249333523,7.40683926884933,15.5169173551466,15.5159894571262,15.7532560578651,11.5506672593287
57.1,7.75,7.75,7.75845133261968,7.75798257983093,6.65419595381971,7.40678478112125,15.5169026652394,15.5159651596619,15.7538961065125,11.5511142941875
57.2,7.75,7.75,7.75844390495506,7.75797039733079,6.65411997607964,7.40673066926351,15.5168878099101,15.5159407946616,15.7545354096141,11.5515606121392
57.3,7.75,7.75,7.75843639760023,7.75795818271443,6.654044542701,7.40667692153147,15.5168727952005,15.5159163654289,15.7551739798024,11.5520062259901
57.4,7.75,7.75,7.75842881230763,7.75794593709934,6.65396964477187,7.4066235318779,15.5168576246153,15.5158918741987,15.7558118188035,11.5524511380374
57.5,7.75,7.75,7.75842115080574,7.75793366158624,6.65389527349973,7.406570494342,15.5168423016115,15.5158673231725,15.756448928328,11.5528953505565
57.6,7.75,7.75,7.75841339209702,7.75792134873392,6.65382157996419,7.40651790979728,15.516826784194,15.5158426974678,15.7570850792688,11.5533386450568
57.7,7.75,7.75,7.75840556106916,7.75790900872313,6.65374839532831,7.40646566530447,15.5168111221383,15.5158180174463,15.7577204949945,11.5537812363825
57.8,7.75,7.75,7.75839766039993,7.75789664297517,6.65367570390319,7.40641375033089,15.5167953207999,15.5157932859503,15.7583551878642,11.5542231369652
57.9,7.75,7.75,7.75838969165679,7.75788425247814,6.65360349769869,7.40636215949488,15.5167793833136,15.5157685049563,15.7589891594853,11.5546643489331
58,7.75,7.75,7.7583816563857,7.75787183820525,6.65353176883167,7.40631088749158,15.5167633127714,15.5157436764105,15.7596224114512,11.5551048743949
58.1,7.75,7.75,7.75837353632684,7.75785939442399,6.65346065439669,7.40626002583404,15.5167470726537,15.515718788848,15.7602547175614,11.5555444986915
58.2,7.75,7.75,7.75836535324331,7.75784692932774,6.65339000145389,7.40620947235098,15.5167307064866,15.5156938586555,15.7608862980835,11.5559834325435
58.3,7.75,7.75,7.75835710950581,7.75783444413346,6.65331979586057,7.40615921758744,15.5167142190116,15.5156688882669,15.7615171651263,11.5564216880397
58.4,7.75,7.75,7.75834880651608,7.75782193971435,6.65325003045252,7.40610925675327,15.5166976130322,15.5156438794287,15.7621473201913,11.5568592671564
58.5,7.75,7.75,7.7583404456566,7.75780941693036,6.65318069816141,7.40605958512654,15.5166808913132,15.5156188338607,15.7627767647675,11.5572961718525
58.6,7.75,7.75,7.75833201111536,7.75779687155815,6.65311192354156,7.40601028588739,15.5166640222307,15.5155937431163,15.7634052753758,11.5577321910344
58.7,7.75,7.75,7.75832352186086,7.75778431003402,6.65304356790616,7.4059612664477,15.5166470437217,15.515568620068,15.7640330693944,11.5581675315999
58.8,7.75,7.75,7.75831497998894,7.75777173339386,6.65297561849832,7.40591251831099,15.5166299599779,15.5155434667877,15.7646601587029,11.5586022053245
58.9,7.75,7.75,7.75830638675285,7.7577591424088,6.65290806889388,7.40586403721278,15.5166127735057,15.5155182848176,15.7652865447081,11.559036214048
59,7.75,7.75,7.75829774338863,7.7577465378382,6.65284091275459,7.40581581894925,15.5165954867773,15.5154930756764,15.7659122288055,11.5594695595943
59.1,7.75,7.75,7.75828903627248,7.75773391679068,6.65277426338917,7.40576793928083,15.516578072545,15.5154678335814,15.7665369900725,11.5599020341958
59.2,7.75,7.75,7.75828028187382,7.75772128415001,6.65270799489064,7.40572031414961,15.5165605637476,15.5154425683,15.7671610431866,11.5603338411988
59.3,7.75,7.75,7.75827148204249,7.75770864079167,6.6526420957443,7.40567293591161,15.516542964085,15.5154172815833,15.767784399817,11.5607649920912
59.4,7.75,7.75,7.75826263789874,7.75769598739614,6.65257656018908,7.40562580076954,15.5165252757975,15.5153919747923,15.7684070612857,11.56119548859
59.5,7.75,7.75,7.75825375054744,7.75768332463344,6.65251138254089,7.40557890498006,15.5165075010949,15.5153666492669,15.7690290289047,11.5616253323979
59.6,7.75,7.75,7.75824480832039,7.75767065078676,6.65244666602277,7.40553231769556,15.5164896166408,15.5153413015735,15.7696500841601,11.5620543188576
59.7,7.75,7.75,7.75823582545271,7.75765796936904,6.6523822961877,7.40548596245254,15.5164716509054,15.5153159387381,15.7702704391974,11.5624826480077
59.8,7.75,7.75,7.75822680357409,7.75764528111367,6.65231826263438,7.40543983236533,15.5164536071482,15.5152905622273,15.770890105492,11.5629103310716
59.9,7.75,7.75,7.75821774368567,7.75763258662061,6.6522545601959,7.40539392405189,15.5164354873713,15.5152651732412,15.77150908429,11.5633373696561
60,7.75,7.75,7.75820864677479,7.75761988648056,6.65219118377429,7.40534823417814,15.5164172935496,15.5152397729611,15.7721273768288,11.5637637653549
60.1,7.75,7.75,7.75819950292052,7.75760718001154,6.65212822754627,7.40530282600988,15.516399005841,15.5152143600231,15.772744766871,11.5641893164267
60.2,7.75,7.75,7.75819032436089,7.75759446951698,6.65206558734206,7.40525762984629,15.5163806487218,15.515188939034,15.7733614641809,11.5646142198216
60.3,7.75,7.75,7.75818111252857,7.75758175560446,6.65200325375844,7.4052126394763,15.5163622250571,15.5151635112089,15.7739774800548,11.5650384865199
60.4,7.75,7.75,7.75817186831802,7.75756903880249,6.65194122216085,7.40516785188697,15.516343736636,15.515138077605,15.774592815671,11.5654621180287
60.5,7.75,7.75,7.75816259261129,7.75755631963129,6.65187948797651,7.40512326410797,15.5163251852226,15.5151126392626,15.7752074722002,11.5658851158437
60.6,7.75,7.75,7.75815327704813,7.75754359831962,6.65181813726706,7.40507893415978,15.5163065540963,15.5150871966392,15.7758212355627,11.5663072809652
60.7,7.75,7.75,7.75814393208193,7.75753087610467,6.65175707508026,7.405034798365,15.5162878641639,15.5150617522093,15.7764343132769,11.5667288074519
60.8,7.75,7.75,7.75813455896909,7.75751815348274,6.65169629290763,7.4049908511128,15.5162691179382,15.5150363069655,15.7770467164731,11.5671497060596
60.9,7.75,7.75,7.7581251585085,7.75750543091882,6.65163578659159,7.4049470897183,15.516250317017,15.5150108618376,15.7776584462689,11.5675699782059
61,7.75,7.75,7.75811573148794,7.7574927088706,6.65157555202993,7.40490351153452,15.5162314629759,15.5149854177412,15.778269503775,11.567989625298
61.1,7.75,7.75,7.75810627094066,7.75747998836736,6.65151566800364,7.40486016990659,15.5162125418813,15.5149599767347,15.7788796769635,11.5684084509206
61.2,7.75,7.75,7.75809678572571,7.75746726970732,6.65145604782852,7.40481700652349,15.5161935714514,15.5149345394146,15.7794891712278,11.5688266464183
61.3,7.75,7.75,7.75808727694184,7.75745455328831,6.65139668379821,7.40477401630851,15.5161745538837,15.5149091065766,15.7800979975436,11.5692442223397
61.4,7.75,7.75,7.75807774530232,7.75744183951897,6.65133757218251,7.40473119686841,15.5161554906046,15.5148836790379,15.7807061569743,11.5696611800215
61.5,7.75,7.75,7.75806819151048,7.75742912880144,6.65127870930086,7.40468854584361,15.516136383021,15.5148582576029,15.7813136505769,11.5700775207913
61.6,7.75,7.75,7.7580586098434,7.75741642286769,6.65122016740122,7.40464611241059,15.5161172196868,15.5148328457354,15.78192026828,11.5704930506759
61.7,7.75,7.75,7.75804900773624,7.75740372118997,6.65116186721669,7.40460384304066,15.5160980154725,15.5148074423799,15.78252621346,11.5709079584663
61.8,7.75,7.75,7.75803938614674,7.75739102407905,6.65110380176002,7.4045617331325,15.5160787722935,15.5147820481581,15.7831314969488,11.5713222545186
61.9,7.75,7.75,7.75802974571148,7.75737833189353,6.651045967684,7.4045197805521,15.516059491423,15.5147566637871,15.783736119761,11.5717359400969
62,7.75,7.75,7.75802008705818,7.75736564498625,6.65098836168584,7.40447798319537,15.5160401741164,15.5147312899725,15.7843400829056,11.5721490164569
62.1,7.75,7.75,7.75801040557364,7.75735296570503,6.65093105015038,7.40443638652055,15.5160208111473,15.5147059314101,15.7849431781819,11.5725612919396
62.2,7.75,7.75,7.75800070742182,7.75734029279644,6.65087396046569,7.40439494126215,15.5160014148436,15.5146805855929,15.7855456070464,11.5729729529263
62.3,7.75,7.75,7.75799099343435,7.75732762649435,6.65081708628936,7.40435364324201,15.5159819868687,15.5146552529887,15.7861473801968,11.5733840095945
62.4,7.75,7.75,7.75798126417915,7.75731496711294,6.65076042461729,7.40431249055658,15.5159625283583,15.5146299342259,15.7867484986038,11.5737944631426
62.5,7.75,7.75,7.7579715202162,7.75730231496128,6.65070397248518,7.4042714813289,15.5159430404324,15.5146046299226,15.7873489632329,11.5742043147614
62.6,7.75,7.75,7.75796175792198,7.75728967292593,6.65064779101501,7.40423065769939,15.515923515844,15.5145793458519,15.7879485676778,11.574613374991
62.7,7.75,7.75,7.75795198232595,7.75727703911688,6.65059181356681,7.40418997420425,15.5159039646519,15.5145540782338,15.788547511562,11.5750218279324
62.8,7.75,7.75,7.75794219414701,7.75726441370007,6.65053603437636,7.4041494270421,15.515884388294,15.5145288274001,15.7891458054571,11.575429683597
62.9,7.75,7.75,7.75793239389161,7.75725179695027,6.65048045074701,7.40410901451426,15.5158647877832,15.5145035939005,15.7897434502944,11.575836943124
63,7.75,7.75,7.75792258205902,7.75723918913769,6.65042506001776,7.40406873494567,15.515845164118,15.5144783782754,15.7903404470006,11.5762436076457
63.1,7.75,7.75,7.75791275590789,7.75722659361925,6.65036991858552,7.40402862751498,15.5158255118158,15.5144531872385,15.7909365908942,11.5766494897963
63.2,7.75,7.75,7.75790291945566,7.75721400794736,6.65031496517032,7.40398865014978,15.5158058389113,15.5144280158947,15.7915320798441,11.5770547715146
63.3,7.75,7.75,7.75789307332046,7.75720143222808,6.65026019452645,7.40394879938424,15.5157861466409,15.5144028644562,15.7921269243034,11.5774594626565
63.4,7.75,7.75,7.75788321795365,7.75718886670118,6.65020560423271,7.40390907370182,15.5157664359073,15.5143777334024,15.7927211251678,11.5778635643076
63.5,7.75,7.75,7.75787335380021,7.75717631160239,6.6501511918999,7.40386947160696,15.5157467076004,15.5143526232048,15.7933146833292,11.5782670775474
63.6,7.75,7.75,7.75786347890461,7.75716377069826,6.65009700968175,7.40383002963303,15.5157269578092,15.5143275413965,15.7939073957684,11.5786698170102
63.7,7.75,7.75,7.75785359638195,7.75715124105382,6.65004300110992,7.40379070873431,15.5157071927639,15.5143024821076,15.79449945867,11.5790719625779
63.8,7.75,7.75,7.75784370676032,7.75713872272232,6.64998916140373,7.40375150574387,15.5156874135206,15.5142774454446,15.7950908823753,11.5794735239613
63.9,7.75,7.75,7.75783381044176,7.75712621591249,6.64993548838883,7.40371241930708,15.5156676208835,15.514252431825,15.7956816677482,11.5798745021975
64,7.75,7.75,7.75782390782261,7.75711372082947,6.64988197991949,7.403673448088,15.5156478156452,15.5142274416589,15.7962718156488,11.5802748983181
64.1,7.75,7.75,7.75781399764694,7.75710124159556,6.64982868433813,7.40363462625614,15.5156279952939,15.5142024831911,15.7968611246643,11.5806745288721
64.2,7.75,7.75,7.75780408222574,7.75708877485068,6.64977554949667,7.40359591746819,15.5156081644515,15.5141775497014,15.7974497893582,11.5810735717802
64.3,7.75,7.75,7.75779416200666,7.75707632060161,6.64972257103156,7.40355731882352,15.5155883240133,15.5141526412032,15.7980378199662,11.5814720366171
64.4,7.75,7.75,7.75778423734758,7.75706387902952,6.6496697469896,7.40351882911148,15.5155684746952,15.514127758059,15.7986252173231,11.581869924376
64.5,7.75,7.75,7.75777430860126,7.75705145031239,6.64961707544329,7.40348044713808,15.5155486172025,15.5141029006248,15.7992119822605,11.5822672360451
64.6,7.75,7.75,7.7577643751342,7.75703903888053,6.64956460131056,7.40344220495915,15.5155287502684,15.5140780777611,15.7997979149211,11.5826637900106
64.7,7.75,7.75,7.75775443854121,7.75702664100399,6.6495122763234,7.40340406864555,15.5155088770824,15.514053282008,15.8003832083046,11.583059762319
64.8,7.75,7.75,7.7577444991981,7.75701425664866,6.64946009649242,7.40336603553395,15.5154889983962,15.5140285132973,15.8009678725461,11.5834551624164
64.9,7.75,7.75,7.7577345574232,7.75700188597129,6.64940806006262,7.40332810454175,15.5154691148464,15.5140037719426,15.8015519084545,11.5838499912565
65,7.75,7.75,7.75772461353027,7.75698952912577,6.64935616530201,7.40329027460112,15.5154492270605,15.5139790582515,15.8021353168354,11.5842442497882
65.1,7.75,7.75,7.75771466743912,7.756977190808,6.64930445405075,7.40325257587682,15.5154293348782,15.513954381616,15.802717899341,11.5846377581648
65.2,7.75,7.75,7.7577047201071,7.75696486696722,6.64925288152639,7.40321497659747,15.5154094402142,15.5139297339344,15.8032998474588,11.5850306906366
65.3,7.75,7.75,7.75769477184591,7.7569525575334,6.64920144407527,7.40317747431132,15.5153895436918,15.5139051150668,15.803881171228,11.5854230565288
65.4,7.75,7.75,7.75768482293846,7.75694026264162,6.64915014011996,7.40314006804961,15.5153696458769,15.5138805252832,15.804461871434,11.585814856759
65.5,7.75,7.75,7.75767487366361,7.75692798242442,6.64909896810365,7.40310275685675,15.5153497473272,15.5138559648488,15.8050419488592,11.5862060922407
65.6,7.75,7.75,7.75766492443255,7.75691572180572,6.64904796709941,7.40306556920429,15.5153298488651,15.5138314436114,15.8056212066232,11.5865965848302
65.7,7.75,7.75,7.75765497563575,7.75690347645741,6.64899709545688,7.40302847525064,15.5153099512715,15.5138069529148,15.8061998347479,11.586986507053
65.8,7.75,7.75,7.75764502752762,7.75689124627798,6.64894634982364,7.40299147273276,15.5152900550552,15.513782492556,15.8067778431814,11.5873758681198
65.9,7.75,7.75,7.75763508035943,7.75687903138327,6.64889572878139,7.40295456078317,15.5152701607189,15.5137580627665,15.8073552326875,11.5877646689155
66,7.75,7.75,7.75762513437874,7.75686683188691,6.6488452309303,7.40291773854603,15.5152502687575,15.5137336637738,15.8079320040273,11.5881529103211
66.1,7.75,7.75,7.75761519043277,7.75685465290754,6.64879489285473,7.40288103297569,15.5152303808655,15.5137093058151,15.8085079617502,11.5885404158387
66.2,7.75,7.75,7.75760524840818,7.75684248987824,6.64874467571964,7.40284441595769,15.5152104968164,15.5136849797565,15.8090832944547,11.5889273563329
66.3,7.75,7.75,7.75759530850835,7.75683034266994,6.64869457644301,7.40280788539733,15.5151906170167,15.5136606853399,15.8096580120016,11.5893137409059
66.4,7.75,7.75,7.75758537095615,7.75681821138145,6.64864459374911,7.40277144051715,15.5151707419123,15.5136364227629,15.8102321151349,11.5896995704128
66.5,7.75,7.75,7.75757543597118,7.75680609610962,6.6485947263788,7.40273508055011,15.5151508719424,15.5136121922192,15.8108056045968,11.5900848457053
66.6,7.75,7.75,7.75756550478706,7.75679400213827,6.64854500867713,7.40269883108986,15.5151310095741,15.5135880042765,15.8113782863317,11.5904693918782
66.7,7.75,7.75,7.75755557684318,7.75678192469591,6.64849540434062,7.40266266556879,15.5151111536864,15.5135638493918,15.811950347553,11.5908533781941
66.8,7.75,7.75,7.7575456522974,7.75676986362935,6.64844591052995,7.40262658204245,15.5150913045948,15.5135397272587,15.8125217980375,11.5912368136518
66.9,7.75,7.75,7.75753573134721,7.75675781902233,6.64839652609717,7.40259057981347,15.5150714626944,15.5135156380447,15.8130926385118,11.5916196990795
67,7.75,7.75,7.75752581418713,7.75674579095682,6.64834724990918,7.40255465819376,15.5150516283743,15.5134915819136,15.8136628697002,11.592002035302
67.1,7.75,7.75,7.75751590239282,7.75673378485569,6.64829811429529,7.40251884155554,15.5150318047856,15.5134675697114,15.8142322989108,11.592383648959
67.2,7.75,7.75,7.75750599500701,7.75672179577315,6.64824908522926,7.40248310471772,15.515011990014,15.5134435915463,15.814801112007,11.5927647077639
67.3,7.75,7.75,7.75749609214698,7.75670982353502,6.64820016008965,7.40244744586999,15.514992184294,15.51341964707,15.8153693186846,11.5931452206173
67.4,7.75,7.75,7.75748619398747,7.75669786821165,6.64815133784302,7.40241186438625,15.5149723879749,15.5133957364233,15.8159369196541,11.5935251883227
67.5,7.75,7.75,7.75747630070062,7.75668592987185,6.64810261746923,7.40237635964861,15.5149526014012,15.5133718597437,15.8165039156239,11.5939046116806
67.6,7.75,7.75,7.75746641416437,7.75667401405438,6.64805402948219,7.40234095493175,15.5149328283287,15.5133480281088,15.8170701152367,11.5942833188313
67.7,7.75,7.75,7.75745653307006,7.75666211566601,6.64800554190494,7.40230562629847,15.5149130661401,15.513324231332,15.8176357030376,11.5946614759879
67.8,7.75,7.75,7.75744665749884,7.75665023451429,6.64795715231176,7.40227037205832,15.5148933149977,15.5133004690286,15.8182006886446,11.5950390919571
67.9,7.75,7.75,7.75743678760513,7.75663837065773,6.64790885977182,7.40223519164859,15.5148735752103,15.5132767413155,15.8187650727532,11.5954161675197
68,7.75,7.75,7.75742692354098,7.75662652415349,6.6478606633662,7.40220008451386,15.514853847082,15.513253048307,15.819328856057,11.5957927034539
68.1,7.75,7.75,7.75741706745109,7.75661470063572,6.64781259197291,7.40216507294146,15.5148341349022,15.5132294012714,15.8198918485075,11.5961685293609
68.2,7.75,7.75,7.75740721771595,7.75660289488751,6.64776461546007,7.40213013411121,15.5148144354319,15.513205789775,15.8204542333601,11.5965438099976
68.3,7.75,7.75,7.75739737438456,7.7565911067006,6.64771673157778,7.40209526643982,15.5147947487691,15.5131822134012,15.8210160201576,11.5969185540803
68.4,7.75,7.75,7.75738753759312,7.75657933612303,6.64766893948715,7.40206046942096,15.5147750751862,15.5131586722461,15.8215772095817,11.5972927623694
68.5,7.75,7.75,7.75737770747573,7.7565675832016,6.64762123835997,7.40202574255481,15.5147554149515,15.5131351664032,15.8221378023128,11.5976664356227
68.6,7.75,7.75,7.75736788641204,7.75655585364775,6.64757365559923,7.40199110723937,15.5147357728241,15.5131117072955,15.8226976095864,11.5980394048655
68.7,7.75,7.75,7.75735807250798,7.75654414214197,6.64752616273515,7.40195654165869,15.514716145016,15.5130882842839,15.8232568133951,11.5984118334386
68.8,7.75,7.75,7.75734826578391,7.7565324484623,6.64747875767577,7.40192204432528,15.5146965315678,15.5130648969246,15.8238154232086,11.5987837299721
68.9,7.75,7.75,7.75733846635977,7.75652077264752,6.64743143966462,7.40188761478299,15.5146769327195,15.513041545295,15.8243734396962,11.5991550952074
69,7.75,7.75,7.7573286743536,7.75650911473531,6.64738420795478,7.40185325258147,15.5146573487072,15.5130182294706,15.8249308635258,11.5995259298835
69.1,7.75,7.75,7.75731889235154,7.75649748049833,6.64733708861841,7.40181897831668,15.5146377847031,15.5129949609967,15.8254875071946,11.5998960664162
69.2,7.75,7.75,7.75730911821738,7.75648586453309,6.64729005468379,7.40178477107643,15.5146182364348,15.5129717290662,15.8260435514571,11.6002656667673
69.3,7.75,7.75,7.75729935194608,7.75647426660588,6.64724310420095,7.40175062945901,15.5145987038922,15.5129485332118,15.8265990057116,11.6006347394836
69.4,7.75,7.75,7.75728959364301,7.75646268674728,6.64719623648728,7.40171655305293,15.514579187286,15.5129253734946,15.8271538706162,11.6010032852891
69.5,7.75,7.75,7.75727984341183,7.75645112498691,6.64714945086872,7.40168254145184,15.5145596868237,15.5129022499738,15.8277081468273,11.6013713049059
69.6,7.75,7.75,7.75727010401973,7.75643958714445,6.64710277221581,7.40164861452735,15.5145402080395,15.5128791742889,15.8282616480833,11.601738632109
69.7,7.75,7.75,7.75726037311741,7.75642806774896,6.64705617490793,7.40161475218167,15.5145207462348,15.5128561354979,15.8288145539224,11.6021054275151
69.8,7.75,7.75,7.75725065067728,7.75641656655665,6.64700965712276,7.40158095308994,15.5145013013546,15.5128331331133,15.8293668736741,11.6024716995907
69.9,7.75,7.75,7.75724093679166,7.75640508359085,6.64696321824388,7.40154721688039,15.5144818735833,15.5128101671817,15.8299186079857,11.6028374490439
70,7.75,7.75,7.75723123155136,7.75639361887405,6.64691685766254,7.40151354318586,15.5144624631027,15.5127872377481,15.830469757503,11.6032026765808
70.1,7.75,7.75,7.75722153788187,7.75638217826049,6.64687059916352,7.4014799512227,15.5144430757637,15.512764356521,15.8310201371866,11.6035672173076
70.2,7.75,7.75,7.75721185324676,7.75637075622629,6.64682441834552,7.40144642162805,15.5144237064935,15.5127415124526,15.8315699253791,11.6039312305268
70.3,7.75,7.75,7.75720217759843,7.75635935251912,6.64677831350105,7.4014129531459,15.5144043551969,15.5127187050382,15.8321191313428,11.6042947246272
70.4,7.75,7.75,7.75719251101755,7.7563479671559,6.64673228407303,7.40137954543988,15.5143850220351,15.5126959343118,15.8326677557151,11.6046577003023
70.5,7.75,7.75,7.75718285358344,7.75633660015283,6.64668632951124,7.40134619817769,15.5143657071669,15.5126732003057,15.833215799132,11.6050201582437
70.6,7.75,7.75,7.7571732083595,7.75632525738764,6.64664047261852,7.40131292998198,15.514346416719,15.5126505147753,15.8337630777583,11.605381934862
70.7,7.75,7.75,7.75716357264545,7.75631393329643,6.64659469009481,7.40127972215403,15.5143271452909,15.5126278665929,15.8343097687604,11.6057431881743
70.8,7.75,7.75,7.75715394637595,7.75630262761962,6.64654898033597,7.40124657349963,15.5143078927519,15.5126052552392,15.8348558813348,11.6061039264942
70.9,7.75,7.75,7.75714432962125,7.75629134036849,6.64650334283811,7.40121348371388,15.5142886592425,15.512582680737,15.8354014161096,11.6064641505016
71,7.75,7.75,7.7571347224504,7.75628007155369,6.64645777710347,7.40118045249556,15.5142694449008,15.5125601431074,15.835946373712,11.6068238608747
71.1,7.75,7.75,7.75712512804652,7.75626882706672,6.64641230504599,7.40114749792841,15.514250256093,15.5125376541334,15.8364905714942,11.6071828953043
71.2,7.75,7.75,7.75711554356624,7.75625760131499,6.64636690436107,7.40111460191483,15.5142310871325,15.51251520263,15.837034185464,11.6075414105483
71.3,7.75,7.75,7.75710596892854,7.75624639403287,6.64632157353758,7.40108176331613,15.5142119378571,15.5124927880657,15.8375772247538,11.6078994148475
71.4,7.75,7.75,7.75709640419435,7.75623520522668,6.6462763121193,7.40104898185546,15.5141928083887,15.5124704104534,15.8381196899831,11.608256908869
71.5,7.75,7.75,7.75708684942352,7.75622403490217,6.64623111965553,7.40101625725923,15.514173698847,15.5124480698043,15.8386615817705,11.6086138932787
71.6,7.75,7.75,7.75707730790267,7.75621288895603,6.64618601725474,7.40098360712109,15.5141546158053,15.5124257779121,15.8392027186404,11.608970207025
71.7,7.75,7.75,7.75706777666388,7.75620176177703,6.64614098351289,7.40095101388849,15.5141355533278,15.5124035235541,15.8397432754586,11.609326005631
71.8,7.75,7.75,7.75705825561229,7.75619065309451,6.64609601700266,7.40091847647264,15.5141165112246,15.512381306189,15.8402832612945,11.6096812972665
71.9,7.75,7.75,7.75704874480051,7.75617956291043,6.64605111731056,7.40088599462166,15.514097489601,15.5123591258209,15.8408226767595,11.6100360825871
72,7.75,7.75,7.75703924428018,7.75616849122621,6.64600628402806,7.40085356808658,15.5140784885604,15.5123369824524,15.8413615224643,11.610390362247
72.1,7.75,7.75,7.75702975742685,7.75615744393621,6.64596153753298,7.40082121401444,15.5140595148537,15.5123148878724,15.841899618091,11.6107439764312
72.2,7.75,7.75,7.75702028116468,7.75614641541937,6.6459168572368,7.40078891534779,15.5140405623294,15.5122928308387,15.8424371373788,11.6110970794506
72.3,7.75,7.75,7.75701081538661,7.75613540540097,6.64587224178773,7.40075667104274,15.5140216307732,15.5122708108019,15.842974089335,11.611449679406
72.4,7.75,7.75,7.7570013601378,7.75612441387908,6.6458276908106,7.40072448086968,15.5140027202756,15.5122488277582,15.8435104745639,11.611801776942
72.5,7.75,7.75,7.75699191546256,7.75611344085137,6.64578320393467,7.40069234460156,15.5139838309251,15.5122268817027,15.8440462936685,11.6121533727022
72.6,7.75,7.75,7.75698248481238,7.75610249220319,6.64573880087416,7.40066027897753,15.5139649696248,15.5122049844064,15.844581367475,11.6125043080886
72.7,7.75,7.75,7.75697306501838,7.75609156231147,6.64569446177988,7.40062826739078,15.5139461300368,15.5121831246229,15.8451158686101,11.6128547362207
72.8,7.75,7.75,7.75696365596272,7.75608065089821,6.64565018536812,7.40059630883787,15.5139273119254,15.5121613017964,15.8456498060208,11.613204665132
72.9,7.75,7.75,7.75695425768393,7.7560697579581,6.64560597129806,7.40056440310903,15.5139085153679,15.5121395159162,15.8461831803039,11.613554095457
73,7.75,7.75,7.75694487021975,7.75605888348547,6.64556181923288,7.40053254999675,15.5138897404395,15.5121177669709,15.8467159920558,11.6139030278293
73.1,7.75,7.75,7.75693549708605,7.7560480333509,6.64551774828333,7.40050076586681,15.5138709941721,15.5120960667018,15.8472480632335,11.6142513048495
73.2,7.75,7.75,7.75692613503413,7.75603720193611,6.64547373927116,7.40046903452338,15.5138522700683,15.5120744038722,15.8477795653652,11.6145990784654
73.3,7.75,7.75,7.75691678393672,7.75602638896055,6.64542979097413,7.40043735499956,15.5138335678734,15.5120527779211,15.848310507338,11.6149463566447
73.4,7.75,7.75,7.7569074438264,7.75601559441596,6.64538590308223,7.40040572710325,15.5138148876528,15.5120311888319,15.8488408897422,11.6152931400124
73.5,7.75,7.75,7.75689811473508,7.75600481829375,6.64534207528902,7.40037415064436,15.5137962294702,15.5120096365875,15.8493707131676,11.6156394291928
73.6,7.75,7.75,7.75688880023262,7.7559940664446,6.64529832615575,7.40034264164607,15.5137776004652,15.5119881328892,15.84989980069,11.6159850679678
73.7,7.75,7.75,7.75687949700235,7.75598333326106,6.6452546371138,7.40031118428822,15.5137589940047,15.5119666665221,15.8504283227515,11.6163302071319
73.8,7.75,7.75,7.75687020490876,7.75597261846066,6.64521100699645,7.40027977763693,15.5137404098175,15.5119452369213,15.8509562881807,11.6166748545883
73.9,7.75,7.75,7.75686092397911,7.75596192203254,6.6451674355213,7.40024842151585,15.5137218479582,15.5119238440651,15.8514836975616,11.6170190109533
74,7.75,7.75,7.75685165424009,7.75595124396556,6.6451239224092,7.40021711575043,15.5137033084802,15.5119024879311,15.8520105514775,11.6173626768421
74.1,7.75,7.75,7.75684239930633,7.75594059008608,6.6450804857202,7.40018587604868,15.5136847986127,15.5118811801722,15.8525366741118,11.6177056972024
74.2,7.75,7.75,7.75683315580379,7.75592995480271,6.64503710744042,7.40015468693464,15.5136663116076,15.5118599096054,15.8530622348325,11.6180482216918
74.3,7.75,7.75,7.75682392358972,7.75591933783164,6.64499378645328,7.40012354750433,15.5136478471794,15.5118386756633,15.8535872424104,11.6183902581506
74.4,7.75,7.75,7.75681470268667,7.75590873915974,6.64495052250118,7.40009245759543,15.5136294053733,15.5118174783195,15.8541116974233,11.6187318071868
74.5,7.75,7.75,7.75680549311666,7.75589815877363,6.6449073153294,7.40006141704726,15.5136109862333,15.5117963175473,15.8546356004489,11.6190728694074
74.6,7.75,7.75,7.75679629853084,7.75588760247148,6.64486418254024,7.40003044127712,15.5135925970617,15.511775204943,15.8551587767666,11.6194132909101
74.7,7.75,7.75,7.75678711550723,7.75587706468257,6.64482110662521,7.39999951512522,15.5135742310145,15.5117541293651,15.855681394682,11.6197532202321
74.8,7.75,7.75,7.75677794389681,7.75586654512223,6.64477808651312,7.39996863771467,15.5135558877936,15.5117330902445,15.8562034629088,11.6200926651518
74.9,7.75,7.75,7.75676878371792,7.75585604377537,6.64473512196861,7.39993780889569,15.5135375674358,15.5117120875507,15.8567249820192,11.6204316262695
75,7.75,7.75,7.75675963498839,7.75584556062666,6.64469221275887,7.39990702851994,15.5135192699768,15.5116911212533,15.8572459525851,11.6207701041842
75.1,7.75,7.75,7.75675050138858,7.75583510144268,6.64464937606737,7.39987631173589,15.5135010027772,15.5116702028854,15.8577662009719,11.6211079461296
75.2,7.75,7.75,7.75674137945698,7.75582466067741,6.64460659484681,7.39984564367486,15.513482758914,15.5116493213548,15.8582858944332,11.6214452995374
75.3,7.75,7.75,7.75673226903914,7.75581423804579,6.64456386806712,7.39981502348459,15.5134645380783,15.5116284760916,15.8588050416265,11.6217821721253
75.4,7.75,7.75,7.75672317014961,7.75580383353098,6.64452119551285,7.39978445102648,15.5134463402992,15.511607667062,15.8593236431187,11.622118564486
75.5,7.75,7.75,7.75671408280255,7.75579344711598,6.64447857697088,7.39975392616321,15.5134281656051,15.511586894232,15.8598416994761,11.6224544772114
75.6,7.75,7.75,7.75670501070092,7.75578308453285,6.64443602924075,7.39972346379391,15.5134100214018,15.5115661690657,15.86035903814,11.6227897586574
75.7,7.75,7.75,7.75669595035123,7.7557727402638,6.64439353569674,7.39969304931869,15.5133919007025,15.5115454805276,15.8608758253224,11.6231245551642
75.8,7.75,7.75,7.75668690159431,7.75576241402371,6.64435109534598,7.39966268190771,15.5133738031886,15.5115248280474,15.8613920696254,11.6234588743899
75.9,7.75,7.75,7.7566778644414,7.75575210579427,6.64430870799095,7.39963236143235,15.5133557288828,15.5115042115885,15.8619077716107,11.6237927169203
76,7.75,7.75,7.75666883890332,7.75574181555702,6.64426637343617,7.39960208776514,15.5133376778066,15.511483631114,15.8624229318392,11.6241260833402
76.1,7.75,7.75,7.75665982869984,7.75573154900696,6.6442241081286,7.39957187557327,15.5133196573997,15.5114630980139,15.8629373788186,11.6244588231151
76.2,7.75,7.75,7.75665083031217,7.75572130065756,6.64418189582849,7.39954171050571,15.5133016606243,15.5114426013151,15.8634512777291,11.624791081507
76.3,7.75,7.75,7.75664184357711,7.75571107022402,6.64413973557678,7.39951159175308,15.5132836871542,15.511422140448,15.8639646371178,11.6251228661154
76.4,7.75,7.75,7.75663286850292,7.75570085768675,6.644097627192,7.39948151919568,15.5132657370058,15.5114017153735,15.8644774575416,11.6254541775194
76.5,7.75,7.75,7.75662390509749,7.75569066302601,6.64405557049452,7.39945149271482,15.513247810195,15.511381326052,15.8649897395565,11.6257850162973
76.6,7.75,7.75,7.75661495709216,7.75568049189759,6.64401358160685,7.39942152676133,15.5132299141843,15.5113609837952,15.8655013127268,11.6261152330116
76.7,7.75,7.75,7.75660602094884,7.75567033884885,6.64397164464329,7.39939160721524,15.5132120418977,15.5113406776977,15.8660123412106,11.626444971859
76.8,7.75,7.75,7.7565970965009,7.75566020359561,6.64392975867548,7.39936173328588,15.5131941930018,15.5113204071912,15.8665228335009,11.6267742403814
76.9,7.75,7.75,7.75658818375392,7.75565008611716,6.64388792353637,7.39933190486151,15.5131763675078,15.5113001722343,15.8670327901495,11.6271030391513
77,7.75,7.75,7.7565792827132,7.75563998639266,6.64384613906056,7.39930212183131,15.5131585654264,15.5112799727853,15.8675422117078,11.6274313687409
77.1,7.75,7.75,7.75657039711705,7.75562991003686,6.64380442107135,7.39927239844362,15.5131407942341,15.5112598200737,15.8680509287879,11.6277590807981
77.2,7.75,7.75,7.75656152341336,7.75561985163325,6.64376275400844,7.39924272079369,15.5131230468267,15.5112397032665,15.8685591045348,11.6280863184664
77.3,7.75,7.75,7.75655266143262,7.75560981089854,6.64372113697143,7.39921308810795,15.5131053228652,15.5112196217971,15.8690667473879,11.6284130892305
77.4,7.75,7.75,7.75654381117805,7.75559978781106,6.64367956980619,7.3991835002818,15.5130876223561,15.5111995756221,15.8695738578944,11.6287393936573
77.5,7.75,7.75,7.75653497265259,7.75558978234906,6.6436380523601,7.39915395721145,15.5130699453052,15.5111795646981,15.8700804366009,11.6290652323125
77.6,7.75,7.75,7.75652614959747,7.75557980008459,6.64359660017994,7.39912447295521,15.5130522991949,15.5111596001692,15.8705863151589,11.6293904579187
77.7,7.75,7.75,7.75651733845127,7.7555698356393,6.6435551980051,7.3990950338093,15.5130346769025,15.5111396712786,15.8710916557088,11.6297152125771
77.8,7.75,7.75,7.75650853904208,7.75555988873097,6.64351384496061,7.39906563901593,15.5130170780842,15.5111197774619,15.871596466637,11.6300395037169
77.9,7.75,7.75,7.756499751371,7.75554995933715,6.64347254090397,7.39903628847684,15.512999502742,15.5110999186743,15.8721007484863,11.6303633318987
78,7.75,7.75,7.75649097543893,7.75554004743528,6.64343128569404,7.39900698209454,15.5129819508779,15.5110800948706,15.8726045017988,11.6306866976827
78.1,7.75,7.75,7.75648221498629,7.75553015855341,6.64339009462144,7.39897773374844,15.5129644299726,15.5110603171068,15.8731075592568,11.6310094548549
78.2,7.75,7.75,7.75647346644663,7.75552028735298,6.64334895270216,7.39894852992307,15.5129469328933,15.511040574706,15.8736100820047,11.6313317444859
78.3,7.75,7.75,7.75646472964601,7.75551043355306,6.64330785908446,7.39891936987511,15.512929459292,15.5110208671061,15.8741120783764,11.6316535739492
78.4,7.75,7.75,7.75645600458369,7.75550059713053,6.64326681363626,7.39889025351203,15.5129120091674,15.5110011942611,15.8746135489102,11.6319749438
78.5,7.75,7.75,7.75644729125872,7.75549077806217,6.64322581622673,7.39886118074196,15.5128945825174,15.5109815561243,15.8751144941441,11.6322958545931
78.6,7.75,7.75,7.75643859340753,7.75548098183088,6.64318488190865,7.39883216527538,15.5128771868151,15.5109619636618,15.8756147477829,11.6326161611677
78.7,7.75,7.75,7.75642990746232,7.75547120313933,6.64314399595387,7.39880319377377,15.5128598149246,15.5109424062787,15.8761144699833,11.6329360035738
78.8,7.75,7.75,7.75642123324755,7.75546144170806,6.64310315753184,7.39877426550719,15.5128424664951,15.5109228834161,15.8766136690272,11.6332553891304
78.9,7.75,7.75,7.75641257076082,7.75545169751336,6.6430623665199,7.39874538038821,15.5128251415216,15.5109033950267,15.8771123454486,11.6335743183875
79,7.75,7.75,7.75640391999954,7.75544197053147,6.64302162279644,7.39871653833002,15.5128078399991,15.5108839410629,15.8776104997812,11.6338927918944
79.1,7.75,7.75,7.75639528469329,7.75543226619922,6.64298094119288,7.39868775288312,15.5127905693866,15.5108645323984,15.8781079667448,11.6342106655337
79.2,7.75,7.75,7.75638666127623,7.75542257926169,6.64294030721827,7.39865901087575,15.5127733225525,15.5108451585234,15.8786049055159,11.6345280783451
79.3,7.75,7.75,7.75637804957156,7.75541290944104,6.64289972006151,7.39863031159036,15.5127560991431,15.5108258188821,15.879101324325,11.6348450375936
79.4,7.75,7.75,7.75636944957541,7.75540325671309,6.64285917960834,7.39860165494413,15.5127388991508,15.5108065134262,15.8795972237021,11.635161543824
79.5,7.75,7.75,7.75636086128376,7.75539362105363,6.6428186857455,7.39857304085473,15.5127217225675,15.5107872421073,15.8800926041767,11.6354775975805
79.6,7.75,7.75,7.75635228841676,7.75538400785266,6.64277825309779,7.39854448272074,15.5127045768335,15.5107680157053,15.8805873014756,11.6357930557796
79.7,7.75,7.75,7.75634372741352,7.75537441189865,6.64273786739475,7.39851596752803,15.512687454827,15.5107488237973,15.8810814738031,11.6361080564601
79.8,7.75,7.75,7.75633517809625,7.75536483291553,6.64269752784309,7.39848749457058,15.5126703561925,15.5107296658311,15.8815751293386,11.6364226068339
79.9,7.75,7.75,7.75632664045979,7.75535527087874,6.64265723433615,7.39845906376965,15.5126532809196,15.5107105417575,15.8820682686082,11.6367367074408
80,7.75,7.75,7.75631811449884,7.75534572576367,6.64261698676812,7.398430675047,15.5126362289977,15.5106914515273,15.8825608921372,11.6370503588198
80.1,7.75,7.75,7.75630960392189,7.7553362029129,6.64257679957054,7.39840234165645,15.5126192078438,15.5106724058258,15.8830528366522,11.6373634189122
80.2,7.75,7.75,7.7563011051756,7.75532669715914,6.64253665867835,7.39837405073335,15.5126022103512,15.5106533943183,15.8835442593926,11.6376760247654
80.3,7.75,7.75,7.75629261808147,7.75531720822817,6.64249656331465,7.39834580158238,15.5125852361629,15.5106344164563,15.8840351684871,11.6379881835385
80.4,7.75,7.75,7.75628414263319,7.75530773609511,6.64245651337958,7.39831759412853,15.5125682852664,15.5106154721902,15.8845255644579,11.6382998957665
80.5,7.75,7.75,7.75627567882433,7.75529828073509,6.64241650877409,7.39828942829718,15.5125513576487,15.5105965614702,15.8850154478266,11.6386111619838
80.6,7.75,7.75,7.75626723034977,7.75528884744275,6.64237656374837,7.39826131720389,15.5125344606995,15.5105776948855,15.8855046563118,11.6389218411469
80.7,7.75,7.75,7.75625879366599,7.7552794310957,6.64233666442928,7.39823324812613,15.512517587332,15.5105588621914,15.8859933461953,11.639232069321
80.8,7.75,7.75,7.75625036859402,7.75527003142167,6.64229681005497,7.39820522037864,15.512500737188,15.5105400628433,15.8864815255559,11.6395418536132
80.9,7.75,7.75,7.75624195512655,7.75526064839557,6.64225700053173,7.39817723388968,15.5124839102531,15.5105212967911,15.8869691949118,11.6398511945537
81,7.75,7.75,7.75623355325616,7.75525128199228,6.64221723576657,7.39814928858794,15.5124671065123,15.5105025639846,15.8874563547808,11.6401600926722
81.1,7.75,7.75,7.75622516666235,7.75524193745816,6.64217752983912,7.39812139745654,15.5124503333247,15.5104838749163,15.8879428438665,11.6404684079322
81.2,7.75,7.75,7.75621679181348,7.75523260971626,6.64213786905597,7.39809354790849,15.512433583627,15.5104652194325,15.8884288175003,11.6407762754252
81.3,7.75,7.75,7.75620842853032,7.75522329849636,6.6420982526692,7.3980657392679,15.5124168570606,15.5104465969927,15.8889142837112,11.6410837022066
81.4,7.75,7.75,7.75620007680468,7.75521400377317,6.6420586805906,7.39803797146604,15.5124001536094,15.5104280075463,15.8893992430137,11.6413906888022
81.5,7.75,7.75,7.75619173662825,7.75520472552141,6.64201915273264,7.39801024443454,15.5123834732565,15.5104094510428,15.8898836959219,11.6416972357372
81.6,7.75,7.75,7.75618341166364,7.75519546893892,6.64197968301412,7.39798257102935,15.5123668233273,15.5103909378778,15.8903674821172,11.6420032039734
81.7,7.75,7.75,7.75617509839288,7.75518622899458,6.64194025791038,7.39795493879308,15.5123501967858,15.5103724579892,15.8908507559876,11.6423087276371
81.8,7.75,7.75,7.75616679663667,7.75517700542027,6.64190087668638,7.39792734705867,15.5123335932733,15.5103540108405,15.8913335255129,11.6426138137328
81.9,7.75,7.75,7.75615850638604,7.7551677981906,6.64186153925888,7.39789979576009,15.5123170127721,15.5103355963812,15.8918157912038,11.6429184627817
82,7.75,7.75,7.75615022763192,7.75515860728014,6.64182224554526,7.39787228483162,15.5123004552638,15.5103172145603,15.8922975535707,11.6432226753046
82.1,7.75,7.75,7.75614196401866,7.75514943783806,6.64178300931223,7.39784482700676,15.5122839280373,15.5102988756761,15.8927786532661,11.6435263132536
82.2,7.75,7.75,7.75613371204355,7.75514028487938,6.64174381719405,7.39781740995242,15.5122674240871,15.5102805697588,15.8932592437412,11.6438295097978
82.3,7.75,7.75,7.75612547152739,7.75513114813814,6.64170466846757,7.39779003300985,15.5122509430548,15.5102622962763,15.893739332927,11.6441322718912
82.4,7.75,7.75,7.75611724246052,7.75512202758887,6.64166556305407,7.39776269611543,15.512234484921,15.5102440551777,15.8942189213305,11.6444346000509
82.5,7.75,7.75,7.7561090248332,7.75511292320609,6.64162650087534,7.39773539920587,15.5122180496664,15.5102258464122,15.8946980094587,11.6447364947934
82.6,7.75,7.75,7.75610082227037,7.75510384009016,6.64158749555389,7.3977081548965,15.5122016445407,15.5102076801803,15.895176438928,11.6450378190525
82.7,7.75,7.75,7.75609263128595,7.75509477330248,6.641548533874,7.39768095097369,15.5121852625719,15.510189546605,15.8956543622598,11.6453387050487
82.8,7.75,7.75,7.756084451701,7.75508572257929,6.6415096151236,7.39765378678654,15.512168903402,15.5101714451586,15.8961317873365,11.6456391596858
82.9,7.75,7.75,7.75607628350525,7.75507668789508,6.64147073922801,7.39762666227367,15.5121525670105,15.5101533757902,15.8966087146618,11.6459391834767
83,7.75,7.75,7.75606812668837,7.75506766922435,6.64143190611301,7.39759957737391,15.5121362533767,15.5101353384487,15.8970851447387,11.6462387769338
83.1,7.75,7.75,7.75605998485487,7.75505867161868,6.64139312926404,7.39757254458834,15.5121199697097,15.5101173432374,15.8975609201414,11.6465378039649
83.2,7.75,7.75,7.75605185453652,7.75504969018592,6.64135439560737,7.39754555181843,15.512103709073,15.5100993803718,15.8980361924678,11.6468363958494
83.3,7.75,7.75,7.75604373555476,7.75504072466458,6.64131570444126,7.39751859842076,15.5120874711095,15.5100814493292,15.8985109695521,11.6471345594416
83.4,7.75,7.75,7.75603562789879,7.75503177502916,6.64127705569468,7.39749168433592,15.5120712557976,15.5100635500583,15.8989852518945,11.6474322952503
83.5,7.75,7.75,7.75602753155779,7.75502284125414,6.64123844929703,7.39746480950472,15.5120550631156,15.5100456825083,15.8994590399948,11.6477296037836
83.6,7.75,7.75,7.75601945011493,7.75501392834239,6.64119989860306,7.39743798631745,15.5120389002299,15.5100278566848,15.8999321773777,11.6480263499161
83.7,7.75,7.75,7.75601138012089,7.75500503144826,6.64116139067385,7.39741120278678,15.5120227602418,15.5100100628965,15.9004048147243,11.6483226639933
83.8,7.75,7.75,7.7560033213976,7.75499615031258,6.64112292481729,7.3973844582764,15.5120066427952,15.5099923006252,15.9008769598211,11.6486185528206
83.9,7.75,7.75,7.75599527393384,7.75498728490985,6.64108450096563,7.39735775272869,15.5119905478677,15.5099745698197,15.9013486131648,11.6489140169027
84,7.75,7.75,7.7559872377183,7.75497843521461,6.64104611905155,7.39733108608624,15.5119744754366,15.5099568704292,15.9018197752516,11.6492090567438
84.1,7.75,7.75,7.7559792163121,7.75496960618107,6.64100779230495,7.39730447063175,15.5119584326242,15.5099392123621,15.9022902905508,11.6495035381772
84.2,7.75,7.75,7.75597120628573,7.75496079301013,6.64096950791516,7.39727789448556,15.5119424125715,15.5099215860203,15.9027603088328,11.6497975906225
84.3,7.75,7.75,7.75596320746174,7.75495199544491,6.64093126519909,7.39725135701809,15.5119264149235,15.5099039908898,15.9032298378367,11.6500912208363
84.4,7.75,7.75,7.75595521982849,7.75494321345998,6.64089306409198,7.39722485817336,15.511910439657,15.50988642692,15.9036988780558,11.6503844293193
84.5,7.75,7.75,7.75594724337432,7.75493444702994,6.64085490452945,7.39719839789561,15.5118944867486,15.5098688940599,15.9041674299829,11.650677216572
84.6,7.75,7.75,7.75593928163757,7.75492570106052,6.6408167996218,7.39717198836283,15.5118785632751,15.509851402121,15.9046353390253,11.6509694493789
84.7,7.75,7.75,7.7559313312094,7.75491697079906,6.64077873668074,7.39714561779978,15.5118626624188,15.5098339415981,15.905102754049,11.651261256241
84.8,7.75,7.75,7.75592339191301,7.75490825599102,6.64074071503165,7.39711928558335,15.511846783826,15.509816511982,15.9055696827461,11.6515526438666
84.9,7.75,7.75,7.75591546373645,7.75489955661106,6.64070273461247,7.39709299165907,15.5118309274729,15.5097991132221,15.9060361256065,11.6518436127526
85,7.75,7.75,7.75590754666772,7.75489087263385,6.64066479536148,7.39706673597263,15.5118150933354,15.5097817452677,15.9065020831196,11.6521341633955
85.1,7.75,7.75,7.75589964422185,7.75488220891686,6.64062691027414,7.3970405306,15.5117992884437,15.5097644178337,15.9069674016244,11.6524241635241
85.2,7.75,7.75,7.75589175301132,7.75487356075375,6.6405890667792,7.39701436386741,15.5117835060226,15.5097471215075,15.9074322290888,11.6527137407277
85.3,7.75,7.75,7.75588387286011,7.75486492789231,6.64055126421003,7.39698823515796,15.5117677457202,15.5097298557846,15.907896573158,11.6530029016668
85.4,7.75,7.75,7.75587600375598,7.75485631030731,6.640513502507,7.39696214441854,15.511752007512,15.5097126206146,15.9083604343187,11.6532916468345
85.5,7.75,7.75,7.75586814568665,7.75484770797355,6.64047578161079,7.39693609159618,15.5117362913733,15.5096954159471,15.9088238130571,11.6535799767234
85.6,7.75,7.75,7.75586030214336,7.75483912570044,6.64043811440636,7.39691008866723,15.5117206042867,15.5096782514009,15.9092865566374,11.6538677599995
85.7,7.75,7.75,7.75585246976051,7.75483055882778,6.64040048843468,7.39688412405674,15.511704939521,15.5096611176556,15.9097488121355,11.6541551233474
85.8,7.75,7.75,7.75584464836291,7.75482200710574,6.64036290303662,7.39685819715378,15.5116892967258,15.5096440142115,15.9102105871501,11.6544420733802
85.9,7.75,7.75,7.75583683793807,7.75481347050923,6.64032535815479,7.39683230790647,15.5116736758761,15.5096269410185,15.9106718821648,11.6547286105873
86,7.75,7.75,7.75582903847349,7.75480494901314,6.64028785373205,7.39680645626309,15.511658076947,15.5096098980263,15.9111326976624,11.6550147354575
86.1,7.75,7.75,7.75582125343623,7.75479644737911,6.64025040254677,7.39678065410256,15.5116425068725,15.5095928947582,15.9115928818264,11.6553003175867
86.2,7.75,7.75,7.75581347948308,7.75478796099292,6.64021299224774,7.39675488994632,15.5116269589662,15.5095759219858,15.9120525808465,11.6555854827621
86.3,7.75,7.75,7.75580571643976,7.75477948960707,6.64017562218298,7.39672916318918,15.5116114328795,15.5095589792141,15.9125118022755,11.6558702375494
86.4,7.75,7.75,7.75579796429359,7.75477103319663,6.6401382922971,7.39670347378042,15.5115959285872,15.5095420663933,15.9129705465937,11.6561545824345
86.5,7.75,7.75,7.75579022303186,7.75476259173664,6.64010100253494,7.39667782166942,15.5115804460637,15.5095251834733,15.9134288142806,11.6564385179025
86.6,7.75,7.75,7.75578249609711,7.75475416994123,6.64006376557183,7.39665221863974,15.5115649921942,15.5095083398825,15.9138864544329,11.6567219144724
86.7,7.75,7.75,7.75577478016898,7.7547457632419,6.64002656916044,7.39662665330698,15.511549560338,15.5094915264838,15.9143436123601,11.6570048970404
86.8,7.75,7.75,7.75576707507414,7.75473737139355,6.63998941265555,7.39660112507149,15.5115341501483,15.5094747427871,15.9148002955693,11.6572874721256
86.9,7.75,7.75,7.75575938079974,7.75472899437137,6.63995229600361,7.39657563388359,15.5115187615995,15.5094579887427,15.9152565045375,11.6575696402102
87,7.75,7.75,7.75575169733291,7.75472063215057,6.63991521915126,7.39655017969372,15.5115033946658,15.5094412643011,15.9157122397412,11.6578514017759
87.1,7.75,7.75,7.75574402809139,7.7547122893981,6.639878194674,7.39652477419191,15.5114880561828,15.5094245787962,15.9161673511839,11.6581326282576
87.2,7.75,7.75,7.75573636977803,7.75470396159094,6.63984121042482,7.39649940608587,15.5114727395561,15.5094079231819,15.9166219833011,11.6584134436674
87.3,7.75,7.75,7.7557287222205,7.75469564848633,6.63980426576492,7.39647407478136,15.511457444441,15.5093912969727,15.9170761435543,11.6586938544781
87.4,7.75,7.75,7.75572108540581,7.75468735005964,6.6397673606424,7.39644878022963,15.5114421708116,15.5093747001193,15.9175298324174,11.6589738611685
87.5,7.75,7.75,7.75571345932095,7.75467906628625,6.63973049500556,7.39642352238208,15.5114269186419,15.5093581325725,15.9179830503637,11.6592534642164
87.6,7.75,7.75,7.75570584735866,7.75467080178627,6.63969368133302,7.39639831283696,15.5114116947173,15.5093416035725,15.9184356482979,11.6595325359665
87.7,7.75,7.75,7.75569824624528,7.75466255208184,6.6396569075748,7.39637314039222,15.5113964924906,15.5093251041637,15.9188877697868,11.659811199553
87.8,7.75,7.75,7.75569065580952,7.75465431693258,6.63962017309825,7.39634800445882,15.511381311619,15.5093086338652,15.919339422247,11.660089461403
87.9,7.75,7.75,7.75568307603828,7.75464609631403,6.63958347785297,7.39632290498893,15.5113661520766,15.5092921926281,15.9197906061492,11.6603673219915
88,7.75,7.75,7.75567550691845,7.75463789020174,6.63954682178877,7.39629784193481,15.5113510138369,15.5092757804035,15.9202413219636,11.6606447817931
88.1,7.75,7.75,7.75566795181759,7.75462970316935,6.63951021729006,7.39627282680452,15.5113359036352,15.5092594063387,15.92069142149,11.660921714055
88.2,7.75,7.75,7.75566040748576,7.75462153078386,6.63947365240095,7.39624784848453,15.5113208149715,15.5092430615677,15.9211410474326,11.6611982410405
88.3,7.75,7.75,7.75565287375276,7.75461337280723,6.63943712649464,7.39622290639087,15.5113057475055,15.5092267456145,15.9215902071629,11.6614743691309
88.4,7.75,7.75,7.7556453506054,7.7546052292152,6.63940063952211,7.39619800047653,15.5112907012108,15.5092104584304,15.9220389011488,11.6617500987979
88.5,7.75,7.75,7.75563783803049,7.75459709998351,6.63936419143452,7.39617313069459,15.511275676061,15.509194199967,15.9224871298573,11.6620254305125
88.6,7.75,7.75,7.75563033937029,7.75458898963968,6.6393277945246,7.39614830846438,15.5112606787406,15.5091779792794,15.9229347459775,11.6623002384183
88.7,7.75,7.75,7.75562285139878,7.75458089379525,6.63929143692777,7.3961235227593,15.5112457027976,15.5091617875905,15.9233818913565,11.6625746439137
88.8,7.75,7.75,7.75561537394685,7.75457281221453,6.63925511802286,7.39609877300034,15.5112307478937,15.5091456244291,15.9238285733215,11.6628486533348
88.9,7.75,7.75,7.75560790700126,7.75456474487343,6.63921883776213,7.39607405914122,15.5112158140025,15.5091294897469,15.924274792337,11.6631222671498
89,7.75,7.75,7.75560045054876,7.75455669174792,6.63918259609798,7.39604938113578,15.5112009010975,15.5091133834958,15.9247205488672,11.6633954858265
89.1,7.75,7.75,7.75559300790623,7.75454865731976,6.63914640523365,7.39602475031605,15.5111860158125,15.5090973146395,15.9251656964847,11.6636681843982
89.2,7.75,7.75,7.75558557587169,7.75454063724468,6.63911025339344,7.39600015574084,15.5111711517434,15.5090812744894,15.925610376185,11.6639404834046
89.3,7.75,7.75,7.75557815427718,7.75453263128934,6.63907413996159,7.39597559683596,15.5111563085544,15.5090652625787,15.9260545952512,11.6642123891372
89.4,7.75,7.75,7.75557074310941,7.75452463942986,6.63903806489151,7.39595107355585,15.5111414862188,15.5090492788597,15.9264983541447,11.6644839020606
89.5,7.75,7.75,7.75556334235509,7.75451666164239,6.63900202813674,7.39592658585506,15.5111266847102,15.5090333232848,15.9269416533268,11.6647550226393
89.6,7.75,7.75,7.75555595530565,7.75450870236336,6.63896604181312,7.39590214497954,15.5111119106113,15.5090174047267,15.9273843472477,11.66502562679
89.7,7.75,7.75,7.7555485787833,7.75450075729234,6.63893009423155,7.3958777400722,15.5110971575666,15.5090015145847,15.9278265760571,11.6652958342002
89.8,7.75,7.75,7.75554121262121,7.7544928261983,6.63889418478148,7.39585337056355,15.5110824252424,15.5089856523966,15.9282683469942,11.6655656511167
89.9,7.75,7.75,7.75553385680606,7.75448490905757,6.63885831341737,7.39582903640869,15.5110677136121,15.5089698181151,15.9287096605174,11.665835078001
90,7.75,7.75,7.75552651132456,7.7544770058465,6.63882248009383,7.39580473756283,15.5110530226491,15.508954011693,15.9291505170849,11.6661041153139
90.1,7.75,7.75,7.75551917944267,7.7544691209566,6.63878669684115,7.39578048518706,15.5110383588853,15.5089382419132,15.9295907720191,11.6663726398495
90.2,7.75,7.75,7.75551185800683,7.7544612501309,6.6387509520548,7.39575626850709,15.5110237160137,15.5089225002618,15.9300305646293,11.6666407704489
90.3,7.75,7.75,7.75550454685137,7.75445339314067,6.63871524512922,7.39573208695804,15.5110090937027,15.5089067862813,15.9304699021109,11.6669085133149
90.4,7.75,7.75,7.75549724596299,7.75444554996247,6.63867957601988,7.39570794049564,15.510994491926,15.5088910999249,15.9309087849196,11.6671758689055
90.5,7.75,7.75,7.75548995532836,7.75443772057284,6.63864394468232,7.39568382907569,15.5109799106567,15.5088754411457,15.9313472135105,11.6674428376785
90.6,7.75,7.75,7.755482678188,7.75442990931876,6.63860836306308,7.39565976377558,15.510965356376,15.5088598186375,15.9317850440723,11.6677092972984
90.7,7.75,7.75,7.75547541141262,7.75442211198637,6.63857281964026,7.39563573390263,15.5109508228252,15.5088442239727,15.9322224150796,11.6679753657666
90.8,7.75,7.75,7.75546815483774,7.75441432834922,6.63853731381317,7.39561173889644,15.5109363096755,15.5088286566984,15.9326593336844,11.6682410492418
90.9,7.75,7.75,7.75546090845005,7.75440655838407,6.63850184553814,7.39558777871334,15.5109218169001,15.5088131167681,15.9330958003393,11.6685063481788
91,7.75,7.75,7.75545367223623,7.7543988020677,6.63846641477164,7.39556385330971,15.5109073444725,15.5087976041354,15.9335318154966,11.6687712630322
91.1,7.75,7.75,7.75544644941138,7.75439106370298,6.63843103337802,7.39553997368028,15.5108928988228,15.508782127406,15.9339672362059,11.669035672331
91.2,7.75,7.75,7.75543923687049,7.75438333911871,6.63839568991628,7.39551612921284,15.510878473741,15.5087666782374,15.934402200112,11.6692996932426
91.3,7.75,7.75,7.75543203445028,7.75437562809076,6.63836038379042,7.39549231935144,15.5108640689006,15.5087512561815,15.9348367143242,11.6695633318822
91.4,7.75,7.75,7.75542484213744,7.7543679305961,6.63832511495762,7.39546854405294,15.5108496842749,15.5087358611922,15.935270779292,11.6698265887014
91.5,7.75,7.75,7.75541765991869,7.75436024661172,6.63828988337516,7.39544480327429,15.5108353198374,15.5087204932234,15.9357043954648,11.6700894641513
91.6,7.75,7.75,7.75541049098374,7.75435258039678,6.63825470082672,7.39542110792852,15.5108209819675,15.5087051607936,15.9361374207474,11.6703518376196
91.7,7.75,7.75,7.75540333225185,7.75434492782242,6.63821955595057,7.39539744748289,15.5108066645037,15.5086898556448,15.9365699919607,11.6706138254456
91.8,7.75,7.75,7.75539618356093,7.75433728866676,6.63818444815528,7.39537382138578,15.5107923671219,15.5086745773335,15.9370021161709,11.6708754337011
91.9,7.75,7.75,7.75538904489773,7.75432966290698,6.63814937739881,7.39535022959458,15.5107780897955,15.508659325814,15.9374337938248,11.6711366628346
92,7.75,7.75,7.75538191624898,7.7543220505203,6.63811434363918,7.39532667206674,15.510763832498,15.5086441010406,15.9378650253689,11.6713975132941
92.1,7.75,7.75,7.75537480077908,7.7543144557226,6.63807935858078,7.3953031596346,15.5107496015582,15.5086289114452,15.9382956695579,11.6716578653197
92.2,7.75,7.75,7.75536769543152,7.75430687442695,6.63804441093967,7.39527968184385,15.510735390863,15.5086137488539,15.9387258623935,11.6719178344282
92.3,7.75,7.75,7.75536060004544,7.75429930641368,6.63800950012886,7.39525623814715,15.5107212000909,15.5085986128274,15.9391556108997,11.6721774266488
92.4,7.75,7.75,7.7553535146076,7.75429175166022,6.63797462610703,7.39523282850238,15.5107070292152,15.5085835033204,15.9395849155205,11.6724366424267
92.5,7.75,7.75,7.75534643910479,7.75428421014401,6.6379397888329,7.39520945286748,15.5106928782096,15.508568420288,15.9400137766993,11.6726954822068
92.6,7.75,7.75,7.75533937667618,7.75427668603808,6.63790499993285,7.39518612199496,15.5106787533524,15.5085533720762,15.9404420540351,11.6729538270753
92.7,7.75,7.75,7.75533232428944,7.754269175297,6.63787024819934,7.39516282550806,15.5106646485789,15.508538350594,15.9408698827163,11.673211791733
92.8,7.75,7.75,7.75532528178492,7.75426167770334,6.63783553304973,7.39513956286362,15.5106505635698,15.5085233554067,15.9412972697246,11.6734693821663
92.9,7.75,7.75,7.75531824914944,7.75425419323475,6.63780085444333,7.39511633401999,15.5106364982989,15.5085083864695,15.941724215501,11.6737265988173
93,7.75,7.75,7.75531122636982,7.75424672186888,6.63776621233955,7.39509313893557,15.5106224527396,15.5084934437378,15.9421507204862,11.6739834421277
93.1,7.75,7.75,7.75530421656011,7.75423926773635,6.63773161828791,7.39506998828393,15.5106084331202,15.5084785354727,15.942576645118,11.6742397940243
93.2,7.75,7.75,7.7552972167121,7.75423182683284,6.63769706115604,7.39504687176492,15.5105944334242,15.5084636536657,15.9430021237766,11.674495768397
93.3,7.75,7.75,7.75529022666734,7.75422439894312,6.63766254036551,7.39502378883953,15.5105804533347,15.5084487978862,15.9434271634016,11.6747513711901
93.4,7.75,7.75,7.75528324641271,7.75421698404506,6.63762805587625,7.39500073946657,15.5105664928254,15.5084339680901,15.9438517644312,11.6750066028426
93.5,7.75,7.75,7.75527627593508,7.75420958211654,6.63759360764827,7.39497772360486,15.5105525518702,15.5084191642331,15.9442759273035,11.6752614637929
93.6,7.75,7.75,7.75526931832351,7.7542021972462,6.6375592071554,7.39495475184984,15.510538636647,15.5084043944924,15.9446995132897,11.6755158368025
93.7,7.75,7.75,7.75526237059379,7.7541948254704,6.6375248433392,7.39493181397715,15.5105247411876,15.5083896509408,15.9451226559667,11.6757698349565
93.8,7.75,7.75,7.75525543258869,7.75418746657611,6.63749051562537,7.39490890945187,15.5105108651774,15.5083749331522,15.9455453622327,11.6760234641569
93.9,7.75,7.75,7.75524850429516,7.75418012054142,6.63745622397443,7.39488603823321,15.5104970085903,15.5083602410828,15.945967632523,11.6762767248398
94,7.75,7.75,7.75524158570014,7.75417278734443,6.63742196834695,7.39486320028044,15.5104831714003,15.5083455746889,15.9463894672727,11.6765296174405
94.1,7.75,7.75,7.75523467986778,7.75416547103221,6.6373877601421,7.39484040611163,15.5104693597356,15.5083309420644,15.9468107285815,11.6767820255492
94.2,7.75,7.75,7.75522778383779,7.75415816768144,6.63735358837427,7.39481764557742,15.5104555676756,15.5083163353629,15.9472315492281,11.6770340614516
94.3,7.75,7.75,7.75522089745418,7.75415087708123,6.63731945247322,7.39479491814689,15.5104417949084,15.5083017541625,15.9476519360694,11.6772857310082
94.4,7.75,7.75,7.75521402070395,7.7541435992099,6.63728535239999,7.39477222377968,15.5104280414079,15.5082871984198,15.9480718895379,11.6775370346519
94.5,7.75,7.75,7.75520715357411,7.75413633404578,6.6372512881157,7.39474956243546,15.5104143071482,15.5082726680916,15.948491410066,11.6777879728152
94.6,7.75,7.75,7.75520029910407,7.75412908559481,6.63721727094583,7.3947269445557,15.5104005982081,15.5082581711896,15.9489103605761,11.6780384299108
94.7,7.75,7.75,7.75519345435733,7.75412184997353,6.63718328997656,7.39470436006525,15.5103869087147,15.5082436999471,15.9493288730543,11.6782885174309
94.8,7.75,7.75,7.75518661917913,7.75411462697323,6.63714934464162,7.39468180843718,15.5103732383583,15.5082292539465,15.9497469543161,11.6785382411948
94.9,7.75,7.75,7.75517979355653,7.75410741657243,6.63711543490256,7.39465928963151,15.5103595871131,15.5082148331449,15.9501646047914,11.6787876016322
95,7.75,7.75,7.75517297747663,7.75410021874969,6.637081560721,7.39463680360828,15.5103459549533,15.5082004374994,15.9505818249098,11.6790365991725
95.1,7.75,7.75,7.75516617395421,7.75409303747024,6.63704773334966,7.39461436073313,15.5103323479084,15.5081860749405,15.9509984784114,11.6792851190456
95.2,7.75,7.75,7.75515938007646,7.75408586889011,6.63701394194554,7.39459195100436,15.5103187601529,15.5081717377802,15.9514146964943,11.6795332719558
95.3,7.75,7.75,7.75515259568985,7.75407871280269,6.63698018594627,7.39456957389896,15.5103051913797,15.5081574256054,15.9518304859334,11.679781063681
95.4,7.75,7.75,7.75514582078151,7.75407156918675,6.63694646531388,7.39454722937734,15.510291641563,15.5081431383735,15.9522458471558,11.6800284946481
95.5,7.75,7.75,7.75513905533861,7.75406443802105,6.63691278001044,7.39452491739993,15.5102781106772,15.5081288760421,15.9526607805883,11.6802755652834
95.6,7.75,7.75,7.75513230235147,7.75405732323056,6.6368791412168,7.39450264825716,15.5102646047029,15.5081146464611,15.9530751507833,11.6805221616283
95.7,7.75,7.75,7.75512555893084,7.75405022101036,6.63684553815987,7.39448041202012,15.5102511178617,15.5081004420207,15.9534890881564,11.6807683936044
95.8,7.75,7.75,7.7551188249244,7.75404313115596,6.6368119702811,7.39445820816969,15.5102376498488,15.5080862623119,15.9539025994418,11.6810142669489
95.9,7.75,7.75,7.75511210031936,7.75403605364633,6.63677843754295,7.39443603666662,15.5102242006387,15.5080721072927,15.9543156850638,11.6812597820857
96,7.75,7.75,7.75510538510297,7.75402898846048,6.63674493990798,7.39441389747171,15.5102107702059,15.508057976921,15.9547283454465,11.6815049394382
96.1,7.75,7.75,7.75509868224125,7.75402193948351,6.63671148848593,7.39439180080089,15.5101973644825,15.508043878967,15.9551404459496,11.6817496258534
96.2,7.75,7.75,7.75509198886836,7.75401490294916,6.6366780725728,7.39436973679736,15.5101839777367,15.5080298058983,15.9555521162109,11.6819939504759
96.3,7.75,7.75,7.75508530483319,7.75400787865502,6.63664469161376,7.39434770494581,15.5101706096664,15.50801575731,15.9559633629243,11.6822379190024
96.4,7.75,7.75,7.75507863012305,7.75400086658029,6.63661134557174,7.39432570520736,15.5101572602461,15.5080017331606,15.9563741865113,11.6824815318538
96.5,7.75,7.75,7.75507196472524,7.7539938667042,6.63657803440968,7.39430373754313,15.5101439294505,15.5079877334084,15.9567845873935,11.6827247894505
96.6,7.75,7.75,7.75506531158167,7.75398688287242,6.63654476916705,7.39428181209525,15.5101306231633,15.5079737657448,15.9571944317326,11.6829675794398
96.7,7.75,7.75,7.75505866784974,7.75397991135692,6.63651153920809,7.39425991907832,15.5101173356995,15.5079598227138,15.9576038483936,11.6832100101945
96.8,7.75,7.75,7.75505203337958,7.75397295195739,6.63647834398168,7.39423805798084,15.5101040667592,15.5079459039148,15.9580128440302,11.6834520873711
96.9,7.75,7.75,7.75504540815856,7.75396600465323,6.63644518345113,7.39421622876425,15.5100908163171,15.5079320093065,15.9584214190614,11.6836938113875
97,7.75,7.75,7.75503879217409,7.75395906942389,6.63641205757981,7.39419443139004,15.5100775843482,15.5079181388478,15.958829573906,11.6839351826614
97.1,7.75,7.75,7.75503218834407,7.75395215007602,6.63637897733763,7.39417267592711,15.5100643766881,15.507904300152,15.9592371755228,11.6841760896344
97.2,7.75,7.75,7.75502559384904,7.75394524291947,6.63634593215631,7.39415095266085,15.5100511876981,15.5078904858389,15.9596443520088,11.6844166399131
97.3,7.75,7.75,7.75501900854033,7.75393834775593,6.63631292148836,7.39412926108353,15.5100380170807,15.5078766955119,15.960051109978,11.6846568391142
97.4,7.75,7.75,7.75501243240541,7.75393146456505,6.63627994529749,7.39410760115691,15.5100248648108,15.5078629291301,15.9604574498467,11.6848966876526
97.5,7.75,7.75,7.75500586543175,7.7539245933265,6.63624700354744,7.39408597284282,15.5100117308635,15.507849186653,15.960863372031,11.685136185943
97.6,7.75,7.75,7.75499931051347,7.75391773780832,6.63621410713929,7.39406438613755,15.5099986210269,15.5078354756166,15.9612687442817,11.6853752232161
97.7,7.75,7.75,7.75499276485407,7.7539108943578,6.6361812455715,7.39404283139671,15.5099855297081,15.5078217887156,15.9616736939327,11.6856139063176
97.8,7.75,7.75,7.75498622830606,7.75390406277867,6.63614841830018,7.39402130811624,15.5099724566121,15.5078081255573,15.9620782275585,11.6858522408245
97.9,7.75,7.75,7.754979700857,7.7538972430508,6.63611562528939,7.39399981625824,15.509959401714,15.5077944861016,15.9624823455729,11.6860902271488
98,7.75,7.75,7.75497318249447,7.75389043515406,6.63608286650325,7.39397835578486,15.5099463649889,15.5077808703081,15.9628860483891,11.6863278657024
98.1,7.75,7.75,7.75496667608895,7.75388364281831,6.63605015277467,7.39395693662041,15.5099333521779,15.5077672856366,15.9632892045449,11.6865650464994
98.2,7.75,7.75,7.75496017886673,7.75387686242791,6.63601747366817,7.39393554919007,15.5099203577335,15.5077537248558,15.9636919406162,11.6868018756301
98.3,7.75,7.75,7.75495369068153,7.75387009378858,6.63598482864338,7.39391419299346,15.5099073813631,15.5077401875772,15.964094263138,11.6870383586318
98.4,7.75,7.75,7.75494721152099,7.75386333688038,6.63595221766474,7.393892867993,15.509894423042,15.5077266737608,15.9644961725215,11.6872744959139
98.5,7.75,7.75,7.75494074137279,7.75385659168344,6.6359196406967,7.39387157415114,15.5098814827456,15.5077131833669,15.9648976691775,11.6875102878852
98.6,7.75,7.75,7.75493428308394,7.75384986188982,6.63588710850466,7.3938503213208,15.5098685661679,15.5076997237796,15.9652986224254,11.6877456253382
98.7,7.75,7.75,7.75492783390338,7.75384314392054,6.63585461071853,7.39382909999616,15.5098556678068,15.5076862878411,15.965699158088,11.6879806136126
98.8,7.75,7.75,7.75492139368601,7.7538364375833,6.63582214680144,7.39380790968047,15.509842787372,15.5076728751666,15.9660992826611,11.6882152582067
98.9,7.75,7.75,7.75491496241957,7.75382974285839,6.63578971671816,7.39378675033646,15.5098299248391,15.5076594857168,15.9664989965534,11.688449559527
99,7.75,7.75,7.75490854009183,7.75382305972612,6.63575732043347,7.39376562192688,15.5098170801837,15.5076461194522,15.9668983001729,11.6886835179795
99.1,7.75,7.75,7.75490212952651,7.75381639184122,6.63572496864588,7.39374453423385,15.509804259053,15.5076327836824,15.9672970636163,11.6889170251293
99.2,7.75,7.75,7.75489572799504,7.75380973566095,6.63569265105007,7.39372347781996,15.5097914559901,15.5076194713219,15.9676954119575,11.689150185571
99.3,7.75,7.75,7.75488933535349,7.75380309099497,6.63566036711262,7.39370245219206,15.509778670707,15.5076061819899,15.9680933516537,11.6893830047642
99.4,7.75,7.75,7.7548829515897,7.75379645782379,6.6356281167986,7.39368145731319,15.5097659031794,15.5075929156476,15.968490883111,11.6896154831123
99.5,7.75,7.75,7.75487657669153,7.75378983612793,6.63559590007313,7.3936604931464,15.5097531533831,15.5075796722559,15.9688880067348,11.6898476210187
99.6,7.75,7.75,7.7548702134596,7.75378322952517,6.63556372756844,7.39363956940354,15.5097404269192,15.5075664590503,15.9692845933937,11.6900793108159
99.7,7.75,7.75,7.75486385918765,7.75377663450861,6.63553158904333,7.39361867671508,15.5097277183753,15.5075532690172,15.9696807674179,11.6903106563583
99.8,7.75,7.75,7.75485751373292,7.75377005088989,6.6354994839678,7.39359781459144,15.5097150274658,15.5075401017798,15.9700765352262,11.6905416630669
99.9,7.75,7.75,7.75485117708333,7.7537634786497,6.63546741230724,7.39357698299596,15.5097023541667,15.5075269572994,15.9704718972219,11.6907723313426
100,7.75,7.75,7.75484484922685,7.75375691776878,6.63543537402706,7.39355618189196,15.5096896984537,15.5075138355376,15.9708668538079,11.6910026615858
100.1,7.75,7.75,7.75483853294119,7.75375037182834,6.6354033796938,7.39353542092162,15.5096770658824,15.5075007436567,15.97126127662,11.691232546891
100.2,7.75,7.75,7.75483222554221,7.75374383735699,6.63537141912981,7.39351469078271,15.5096644510844,15.507487674714,15.9716552892492,11.6914620903779
100.3,7.75,7.75,7.75482592688831,7.75373731416825,6.63533949180847,7.3934939909892,15.5096518537766,15.5074746283365,15.9720488980761,11.691691297429
100.4,7.75,7.75,7.75481963696753,7.75373080224306,6.63530759769545,7.3934733215047,15.5096392739351,15.5074616044861,15.9724421035014,11.6919201684426
100.5,7.75,7.75,7.75481335576791,7.75372430156234,6.6352757367565,7.39345268229284,15.5096267115358,15.5074486031247,15.9728349059254,11.6921487038161
100.6,7.75,7.75,7.75480708604444,7.75371781567115,6.63524391949296,7.39343208292663,15.5096141720889,15.5074356313423,15.9732271777463,11.6923767974011
100.7,7.75,7.75,7.75480082513494,7.75371134113319,6.63521213579021,7.39341151417061,15.5096016502699,15.5074226822664,15.9736190418207,11.6926045515873
100.8,7.75,7.75,7.75479457289896,7.75370487776389,6.63518038512495,7.3933909755423,15.5095891457979,15.5074097555278,15.9740105044909,11.6928319717192
100.9,7.75,7.75,7.75478832932464,7.75369842554438,6.63514866746315,7.39337046700557,15.5095766586493,15.5073968510888,15.9744015661553,11.6930590581923
101,7.75,7.75,7.75478209440011,7.7536919844558,6.63511698277083,7.39334998852433,15.5095641888002,15.5073839689116,15.9747922272118,11.6932858114013
101.1,7.75,7.75,7.75477587085782,7.75368555800745,6.63508534148474,7.39332954960296,15.5095517417156,15.5073711160149,15.9751823608157,11.6935121259494
101.2,7.75,7.75,7.75476965605737,7.75367914279772,6.63505373355271,7.39330914107228,15.5095393121147,15.5073582855954,15.975572089094,11.6937381035014
101.3,7.75,7.75,7.75476344985947,7.75367273864393,6.63502215845473,7.39328876245327,15.5095268997189,15.5073454772879,15.9759614183513,11.6939637493642
101.4,7.75,7.75,7.75475725225234,7.75366634552742,6.63499061615706,7.39326841371008,15.5095145045047,15.5073326910548,15.9763503489833,11.6941890639304
101.5,7.75,7.75,7.75475106322422,7.75365996342954,6.634959106626,7.39324809480691,15.5095021264484,15.5073199268591,15.9767388813854,11.6944140475922
101.6,7.75,7.75,7.7547448854852,7.7536535958242,6.63492764023421,7.39322781518004,15.5094897709704,15.5073071916484,15.9771268894657,11.6946385956988
101.7,7.75,7.75,7.75473871641647,7.75364723934413,6.63489620699145,7.39320756572603,15.5094774328329,15.5072944786883,15.977514494626,11.6948628091956
101.8,7.75,7.75,7.75473255587988,7.75364089380852,6.63486480638098,7.39318734596931,15.5094651117598,15.507281787617,15.9779017031333,11.6950866933519
101.9,7.75,7.75,7.75472640386377,7.7536345591989,6.63483343836933,7.39316715587431,15.5094528077275,15.5072691183978,15.9782885153808,11.6953102485575
102,7.75,7.75,7.75472026035646,7.75362823549682,6.63480210292308,7.3931469954055,15.5094405207129,15.5072564709936,15.9786749317615,11.695533475202
102.1,7.75,7.75,7.75471412804587,7.7536219261412,6.6347708103513,7.39312687393156,15.5094282560917,15.5072438522824,15.9790608269312,11.6957562693758
102.2,7.75,7.75,7.75470800433462,7.75361562779876,6.63473955072518,7.39310678241431,15.5094160086692,15.5072312555975,15.9794463215714,11.6959787313094
102.3,7.75,7.75,7.7547018890857,7.75360934029049,6.63470832353121,7.39308672038161,15.5094037781714,15.507218680581,15.9798314219117,11.6962008662349
102.4,7.75,7.75,7.75469578228753,7.75360306359814,6.63467712873619,7.39306668779814,15.5093915645751,15.5072061271963,15.9802161283427,11.6964226745396
102.5,7.75,7.75,7.75468968392853,7.75359679770346,6.63464596630695,7.39304668462865,15.5093793678571,15.5071935954069,15.9806004412549,11.6966441566101
102.6,7.75,7.75,7.75468359667464,7.75359054601076,6.63461484648951,7.39302672017473,15.5093671933493,15.5071810920215,15.9809842360475,11.696865209273
102.7,7.75,7.75,7.75467751794973,7.75358430522035,6.63458375941596,7.39300678546296,15.5093550358995,15.5071686104407,15.9813676326858,11.6970859320492
102.8,7.75,7.75,7.75467144761791,7.75357807515505,6.634552704576,7.39298688002459,15.5093428952358,15.5071561503101,15.9817506373623,11.6973063301335
102.9,7.75,7.75,7.7546653856677,7.75357185579679,6.63452168193668,7.39296700382457,15.5093307713354,15.5071437115936,15.9821332504654,11.6975264039106
103,7.75,7.75,7.75465933208763,7.75356564712754,6.63449069146511,7.3929471568279,15.5093186641753,15.5071312942551,15.9825154723828,11.6977461537646
103.1,7.75,7.75,7.7546532895218,7.75355945251737,6.63445974334471,7.39292734826961,15.5093065790436,15.5071189050347,15.9828971792524,11.697965477253
103.2,7.75,7.75,7.7546472554152,7.7535532686998,6.63442882776801,7.39290756924052,15.5092945108304,15.5071065373996,15.983278490328,11.6981844731916
103.3,7.75,7.75,7.75464122963302,7.75354709549947,6.63439794422787,7.39288781927526,15.509282459266,15.5070941909989,15.9836594117652,11.6984031467388
103.4,7.75,7.75,7.7546352121639,7.7535409328985,6.63436709269161,7.39286809833905,15.5092704243278,15.507081865797,15.9840399439498,11.6986214982765
103.5,7.75,7.75,7.75462920299646,7.75353478087906,6.63433627312658,7.39284840639714,15.5092584059929,15.5070695617581,15.9844200872675,11.698839528186
103.6,7.75,7.75,7.75462320475318,7.75352864277735,6.63430549565409,7.39282875261847,15.5092464095064,15.5070572855547,15.9847997185895,11.6990571347509
103.7,7.75,7.75,7.75461721489993,7.75352251535978,6.63427475052664,7.39280912815765,15.5092344297999,15.5070450307196,15.9851789564629,11.6992744160869
103.8,7.75,7.75,7.75461123330305,7.75351639845274,6.63424403724024,7.39278953255264,15.5092224666061,15.5070327969055,15.9855578070067,11.699491377316
103.9,7.75,7.75,7.75460525995124,7.75351029203857,6.63421335576245,7.39276996576892,15.5092105199025,15.5070205840771,15.9859362706042,11.6997080188173
104,7.75,7.75,7.75459929483322,7.75350419609961,6.63418270606087,7.39275042777201,15.5091985896664,15.5070083921992,15.9863143476386,11.6999243409698
104.1,7.75,7.75,7.75459334055005,7.7534981139386,6.63415209819516,7.39273092766522,15.5091866811001,15.5069962278772,15.9866919157105,11.7001402427777
104.2,7.75,7.75,7.75458739458832,7.75349204235444,6.63412152247732,7.3927114566665,15.5091747891766,15.5069840847089,15.9870690926643,11.7003558216616
104.3,7.75,7.75,7.75458145681547,7.75348598117528,6.63409097840649,7.39269201431711,15.5091629136309,15.5069719623506,15.9874458845827,11.7005710827073
104.4,7.75,7.75,7.75457552722028,7.75347993038364,6.63406046595047,7.3926726005828,15.5091510544406,15.5069598607673,15.9878222918466,11.7007860262913
104.5,7.75,7.75,7.75456960579158,7.75347388996208,6.63402998507709,7.39265321542932,15.5091392115832,15.5069477799242,15.9881983148367,11.7010006527899
104.6,7.75,7.75,7.75456369510918,7.75346786318021,6.63399954578483,7.39263386789487,15.5091273902184,15.5069357263604,15.9885738318781,11.7012148619233
104.7,7.75,7.75,7.75455779268022,7.75346184686906,6.63396913844474,7.39261454926023,15.5091155853604,15.5069236937381,15.9889489601174,11.7014287504219
104.8,7.75,7.75,7.7545518983732,7.75345584085854,6.63393876255906,7.39259525906997,15.5091037967464,15.5069116817171,15.989323705601,11.7016423233352
104.9,7.75,7.75,7.75454601217704,7.75344984513137,6.63390841809581,7.39257599729007,15.5090920243541,15.5068996902627,15.9896980687073,11.7018555810372
105,7.75,7.75,7.75454013408064,7.75344385967028,6.63387810502308,7.39255676388654,15.5090802681613,15.5068877193406,15.9900720498148,11.7020685239016
105.1,7.75,7.75,7.75453426664274,7.75343788771212,6.63384783327858,7.39253756783293,15.5090685332855,15.5068757754242,15.9904455279686,11.7022810523598
105.2,7.75,7.75,7.75452840739086,7.75343192611974,6.633817593292,7.39251840047242,15.5090568147817,15.5068638522395,15.9908186196214,11.7024932624563
105.3,7.75,7.75,7.75452255619459,7.75342597472476,6.63378738456863,7.39249926135282,15.5090451123892,15.5068519494495,15.9911913307839,11.702705159205
105.4,7.75,7.75,7.75451671304292,7.75342003351008,6.63375720707673,7.39248015044035,15.5090334260858,15.5068400670202,15.9915636618321,11.7029167429774
105.5,7.75,7.75,7.75451087792486,7.75341410245864,6.63372706078462,7.3924610677013,15.5090217558497,15.5068282049173,15.9919356131419,11.7031280141446
105.6,7.75,7.75,7.75450505337827,7.75340818477487,6.6336969555697,7.39244202204502,15.5090101067565,15.5068163695497,15.9923070644741,11.7033388738439
105.7,7.75,7.75,7.75449923695085,7.75340227735308,6.63366688191986,7.39242300487662,15.5089984739017,15.5068045547062,15.9926781315922,11.7035494174391
105.8,7.75,7.75,7.75449342851327,7.75339638002658,6.63363683934341,7.39240401574714,15.5089868570265,15.5067927600532,15.9930488204708,11.7037596499087
105.9,7.75,7.75,7.75448762805463,7.75339049277848,6.63360682780886,7.39238505462307,15.5089752561093,15.506780985557,15.993419131484,11.7039695716214
106,7.75,7.75,7.75448183556402,7.75338461559187,6.63357684728473,7.39236612147091,15.508963671128,15.5067692311837,15.993789065005,11.7041791829457
106.1,7.75,7.75,7.75447605355859,7.75337875163918,6.63354690758857,7.39234722513632,15.5089521071172,15.5067575032784,15.9941585015058,11.7043883857205
106.2,7.75,7.75,7.75447027960608,7.7533728978458,6.63351699926602,7.39232835708588,15.5089405592122,15.5067457956916,15.9945275560647,11.7045972746332
106.3,7.75,7.75,7.75446451357821,7.75336705404673,6.63348712182841,7.39230951687385,15.5089290271564,15.5067341080935,15.9948962346212,11.7048058546269
106.4,7.75,7.75,7.75445875546417,7.75336122022525,6.63345727524447,7.39229070446694,15.5089175109283,15.5067224404505,15.9952645375466,11.7050141260679
106.5,7.75,7.75,7.75445300525315,7.75335539636466,6.63342745948297,7.39227191983191,15.5089060105063,15.5067107927293,15.9956324652121,11.7052220893223
106.6,7.75,7.75,7.75444726544178,7.75334958560568,6.63339768430197,7.39225317175117,15.5088945308836,15.5066991712114,15.995999898796,11.7054296469252
106.7,7.75,7.75,7.75444153361764,7.75334378490447,6.63336794030447,7.39223445175231,15.5088830672353,15.5066875698089,15.9963669526961,11.7056368928925
106.8,7.75,7.75,7.75443580965352,7.75333799409769,6.63333822700481,7.39221575939279,15.508871619307,15.5066759881954,15.9967336328165,11.7058438321324
106.9,7.75,7.75,7.75443009353869,7.7533322131688,6.63330854437194,7.39219709463956,15.5088601870774,15.5066644263376,15.9970999395262,11.7060504650086
107,7.75,7.75,7.75442438526244,7.7533264421013,6.63327889237482,7.39217845745963,15.5088487705249,15.5066528842026,15.9974658731942,11.7062567918847
107.1,7.75,7.75,7.75441868730105,7.75332068400455,6.6332492807125,7.3921598565726,15.5088373746021,15.5066413680091,15.9978313157008,11.7064627159874
107.2,7.75,7.75,7.75441299726178,7.75331493586514,6.63321970004492,7.39214128356665,15.5088259945236,15.5066298717303,15.9981963807673,11.7066683306657
107.3,7.75,7.75,7.75440731501846,7.75330919752138,6.63319014988938,7.3921227380024,15.5088146300369,15.5066183950428,15.998561074263,11.706873640793
107.4,7.75,7.75,7.75440164056046,7.75330346895691,6.63316063021505,7.39210421984705,15.5088032811209,15.5066069379138,15.9989253965545,11.7070786467306
107.5,7.75,7.75,7.75439597387716,7.7532977501554,6.63313114099111,7.39208572906783,15.5087919477543,15.5065955003108,15.9992893480084,11.7072833488394
107.6,7.75,7.75,7.75439031742467,7.75329204419522,6.63310169185799,7.392067274322,15.5087806348493,15.5065840883904,15.9996528112026,11.7074876510332
107.7,7.75,7.75,7.75438466882977,7.75328634809305,6.63307227353216,7.39204884725789,15.5087693376595,15.5065726961861,16.0000158991866,11.7076916459984
107.8,7.75,7.75,7.75437902796731,7.75328066168882,6.63304288553388,7.39203044743926,15.5087580559346,15.5065613233776,16.0003786177946,11.7078953385741
107.9,7.75,7.75,7.75437339482675,7.75327498496637,6.63301352783252,7.39201207483355,15.5087467896535,15.5065499699327,16.000740967391,11.7080987291191
108,7.75,7.75,7.75436776939758,7.75326931790953,6.63298420039748,7.39199372940822,15.5087355387952,15.5065386358191,16.00110294834,11.7083018179918
108.1,7.75,7.75,7.75436215411591,7.75326366356602,6.63295491281098,7.39197541975864,15.5087243082318,15.506527327132,16.0014644439129,11.708504509788
108.2,7.75,7.75,7.75435654662785,7.75325801898227,6.63292565584561,7.39195713759285,15.5087130932557,15.5065160379645,16.0018255664912,11.7087068965365
108.3,7.75,7.75,7.75435094680928,7.75325238399983,6.63289642902457,7.39193888247772,15.5087018936186,15.5065047679997,16.0021863218747,11.708908983042
108.4,7.75,7.75,7.75434535464976,7.75324675860271,6.63286723231745,7.39192065438093,15.5086907092995,15.5064935172054,16.0025467104253,11.7091107696608
108.5,7.75,7.75,7.75433977013886,7.75324114277493,6.63283806569386,7.39190245327018,15.5086795402777,15.5064822855499,16.0029067325051,11.709312256749
108.6,7.75,7.75,7.75433419569289,7.75323553953387,6.63280893867817,7.39188428767936,15.5086683913858,15.5064710790677,16.0032662720742,11.7095133495797
108.7,7.75,7.75,7.75432862897711,7.75322994595539,6.63277984209876,7.39186614937582,15.5086572579542,15.5064598919108,16.0036254408505,11.7097141395285
108.8,7.75,7.75,7.75432306986843,7.75322436188266,6.63275077548172,7.39184803792953,15.5086461397369,15.5064487237653,16.0039842445992,11.7099146313661
108.9,7.75,7.75,7.7543175183565,7.75321878729985,6.63272173879685,7.39182995330838,15.508635036713,15.5064375745997,16.0043426836802,11.7101148254463
109,7.75,7.75,7.75431197443098,7.75321322219115,6.63269273201396,7.39181189548031,15.508623948862,15.5064264443823,16.0047007584533,11.7103147221227
109.1,7.75,7.75,7.75430644048852,7.75320766954394,6.63266376460002,7.3917938729182,15.508612880977,15.5064153390879,16.0050583535629,11.7105142273412
109.2,7.75,7.75,7.75430091421341,7.75320212646322,6.63263482743875,7.39177587744825,15.5086018284268,15.5064042529264,16.0054155800677,11.7107134318288
109.3,7.75,7.75,7.75429539548356,7.75319659279372,6.63260592005914,7.3917579086435,15.5085907909671,15.5063931855874,16.0057724436987,11.7109123403222
109.4,7.75,7.75,7.75428988428869,7.75319106851977,6.63257704243119,7.39173996647208,15.5085797685774,15.5063821370395,16.0061289448135,11.7111109531729
109.5,7.75,7.75,7.75428438061857,7.75318555362576,6.63254819452493,7.39172205090216,15.5085687612371,15.5063711072515,16.0064850837696,11.7113092707319
109.6,7.75,7.75,7.75427888685039,7.75318005106939,6.63251938575025,7.39170417034602,15.5085577737008,15.5063601021388,16.0068407458918,11.7115071996135
109.7,7.75,7.75,7.75427340068726,7.75317455798444,6.63249060704592,7.39168631668831,15.5085468013745,15.5063491159689,16.0071960415832,11.7117048299001
109.8,7.75,7.75,7.75426792200808,7.75316907421722,6.63246185794375,7.39166848950514,15.5085358440162,15.5063381484344,16.0075509765411,11.7119021662951
109.9,7.75,7.75,7.75426245080267,7.75316359975223,6.63243313841396,7.39165068876484,15.5085249016053,15.5063271995045,16.0079055511208,11.7120992091475
110,7.75,7.75,7.7542569870609,7.75315813457402,6.63240444842678,7.39163291443582,15.5085139741218,15.506316269148,16.0082597656774,11.7122959588058
110.1,7.75,7.75,7.75425153314065,7.75315268161095,6.63237579733546,7.3916151748702,15.5085030662813,15.5063053632219,16.008613506212,11.7124923225479
110.2,7.75,7.75,7.7542460867637,7.75314723802529,6.63234717613337,7.39159746201066,15.5084921735274,15.5062944760506,16.0089668824762,11.7126883898165
110.3,7.75,7.75,7.75424064780994,7.75314180366488,6.63231858435518,7.39157977543633,15.5084812956199,15.5062836073298,16.0093199001337,11.7128841652814
110.4,7.75,7.75,7.75423521626929,7.7531363785144,6.63229002197129,7.39156211511579,15.5084704325386,15.5062727570288,16.0096725595376,11.7130796492893
110.5,7.75,7.75,7.75422979213169,7.75313096255856,6.63226148895213,7.39154448101764,15.5084595842634,15.5062619251171,16.0100248610407,11.7132748421864
110.6,7.75,7.75,7.75422437773591,7.7531255586967,6.63223299459471,7.39152688143429,15.5084487554718,15.5062511173934,16.0103766913158,11.7134696519095
110.7,7.75,7.75,7.75421897082222,7.75312016411927,6.63220452994661,7.39150930836604,15.5084379416444,15.5062403282385,16.0107281594676,11.7136641672657
110.8,7.75,7.75,7.7542135712715,7.75311477867562,6.63217609454535,7.39149176139501,15.508427142543,15.5062295573512,16.0110792711261,11.713858392892
110.9,7.75,7.75,7.75420817907376,7.7531094023506,6.63214768836151,7.39147424049002,15.5084163581475,15.5062188047012,16.0114300266421,11.7140523291325
111,7.75,7.75,7.75420279421903,7.75310403512909,6.63211931136575,7.39145674561989,15.5084055884381,15.5062080702582,16.0117804263664,11.7142459763311
111.1,7.75,7.75,7.75419741902712,7.75309867988173,6.63209097279913,7.39143928501772,15.5083948380542,15.5061973597635,16.0121303576391,11.714439243079
111.2,7.75,7.75,7.75419205125664,7.75309333382682,6.63206266376316,7.391421850741,15.5083841025133,15.5061866676536,16.0124799289221,11.7146322175523
111.3,7.75,7.75,7.75418669078943,7.75308799681522,6.63203438379814,7.39140444237487,15.5083733815789,15.5061759936304,16.0128291458119,11.714824904355
111.4,7.75,7.75,7.75418133761561,7.75308266883196,6.63200613287487,7.39138705988834,15.5083626752312,15.5061653376639,16.0131780086572,11.715017303829
111.5,7.75,7.75,7.75417599172527,7.75307734986206,6.63197791096417,7.39136970325046,15.5083519834505,15.5061546997241,16.0135265178065,11.7152094163157
111.6,7.75,7.75,7.75417065541946,7.75307204274779,6.63194972725162,7.39135238063545,15.5083413108389,15.5061440854956,16.0138745612635,11.7154011510563
111.7,7.75,7.75,7.75416532647496,7.753066744735,6.63192157289222,7.3913350841576,15.5083306529499,15.50613348947,16.0142222468507,11.7155925956001
111.8,7.75,7.75,7.75416000477457,7.75306145567604,6.63189344742905,7.391317813405,15.5083200095491,15.5061229113521,16.0145695801317,11.7157837545185
111.9,7.75,7.75,7.75415469030849,7.7530561755561,6.63186535083312,7.39130056834689,15.508309380617,15.5061123511122,16.0149165614531,11.715974628151
112,7.75,7.75,7.75414938306691,7.75305090436038,6.63183728307544,7.39128334895255,15.5082987661338,15.5061018087208,16.0152631911611,11.7161652168368
112.1,7.75,7.75,7.75414408533225,7.75304564490304,6.63180925328644,7.39126616333771,15.5082881706645,15.5060912898061,16.0156093579185,11.7163554304623
112.2,7.75,7.75,7.7541387948993,7.75304039445721,6.63178125267428,7.39124900367307,15.5082775897986,15.5060807889144,16.015955168913,11.7165453559547
112.3,7.75,7.75,7.75413351165183,7.7530351528767,6.63175328078481,7.39123186954965,15.5082670233037,15.5060703057534,16.0163006296752,11.7167349978528
112.4,7.75,7.75,7.75412823558012,7.75302992014687,6.63172533758922,7.39121476093693,15.5082564711602,15.5060598402937,16.0166457405495,11.7169243564938
112.5,7.75,7.75,7.75412296667445,7.75302469625308,6.63169742305872,7.39119767780439,15.5082459333489,15.5060493925062,16.01699050188,11.7171134322145
112.6,7.75,7.75,7.75411770719878,7.75301948398172,6.63166954626894,7.3911806282097,15.5082354143976,15.5060389679634,16.0173348029846,11.7173021355425
112.7,7.75,7.75,7.75411245496576,7.75301428063285,6.63164169848087,7.39116360437956,15.5082249099315,15.5060285612657,16.0176787504197,11.7174905527866
112.8,7.75,7.75,7.75410720986009,7.75300908606178,6.6316138792431,7.39114660590793,15.5082144197202,15.5060181721236,16.0180223496835,11.7176786884536
112.9,7.75,7.75,7.75410197187216,7.75300390025401,6.631586088527,7.39112963276449,15.5082039437443,15.506007800508,16.0183656011181,11.7178665428783
113,7.75,7.75,7.75409674099232,7.75299872319505,6.63155832630398,7.39111268491893,15.5081934819846,15.5059974463901,16.0187085050655,11.7180541163952
113.1,7.75,7.75,7.75409151946624,7.75299355764383,6.63153060159523,7.39109577037128,15.5081830389325,15.5059871152877,16.0190509514945,11.7182413201685
113.2,7.75,7.75,7.75408630512427,7.75298840092708,6.63150290571421,7.39107888140385,15.5081726102485,15.5059768018542,16.0193930463346,11.7184282398932
113.3,7.75,7.75,7.75408109785206,7.75298325290153,6.63147523821224,7.39106201761349,15.5081621957041,15.5059665058031,16.0197347950513,11.718614880044
113.4,7.75,7.75,7.75407589764006,7.75297811355286,6.63144759906087,7.39104517897009,15.5081517952801,15.5059562271057,16.0200761979847,11.7188012409535
113.5,7.75,7.75,7.75407070447872,7.75297298286673,6.6314199882317,7.39102836544358,15.5081414089574,15.5059459657335,16.0204172554746,11.718987322954
113.6,7.75,7.75,7.75406552059559,7.75296786357488,6.63139241469186,7.39101158497671,15.5081310411912,15.5059357271498,16.0207578581366,11.7191730378416
113.7,7.75,7.75,7.75406034383853,7.75296275303044,6.63136486980692,7.39099482990703,15.5081206876771,15.5059255060609,16.0210981112772,11.7193584707019
113.8,7.75,7.75,7.75405517409415,7.75295765109156,6.63133735313088,7.39097809983426,15.5081103481883,15.5059153021831,16.0214380203295,11.7195436259778
113.9,7.75,7.75,7.75405001135296,7.75295255774406,6.63130986463552,7.39096139472851,15.5081000227059,15.5059051154881,16.0217775856315,11.7197285039996
114,7.75,7.75,7.75404485560553,7.75294747297378,6.6312824042926,7.39094471455991,15.5080897112111,15.5058949459476,16.0221168075209,11.7199131050972
114.1,7.75,7.75,7.7540397090614,7.75294239948557,6.63125498101555,7.39092806721437,15.5080794181228,15.5058847989711,16.0224555772562,11.7200973416947
114.2,7.75,7.75,7.75403456958585,7.75293733465863,6.6312275862217,7.39091144508427,15.5080691391717,15.5058746693173,16.0227939995246,11.7202812982723
114.3,7.75,7.75,7.75402943706638,7.75293227835255,6.63120021946774,7.39089484777219,15.5080588741328,15.5058645567051,16.0231320797271,11.7204649792413
114.4,7.75,7.75,7.75402431149362,7.75292723055329,6.63117288072564,7.39087827524846,15.5080486229872,15.5058544611066,16.0234698181996,11.7206483849297
114.5,7.75,7.75,7.75401919285818,7.75292219124684,6.63114556996735,7.3908617274834,15.5080383857164,15.5058443824937,16.0238072152777,11.7208315156652
114.6,7.75,7.75,7.75401408335182,7.75291716311147,6.63111829605292,7.39084521230649,15.5080281667036,15.5058343262229,16.0241441628586,11.7210142844954
114.7,7.75,7.75,7.75400898085704,7.75291214355219,6.63109105045112,7.39082872216454,15.5080179617141,15.5058242871044,16.0244807650142,11.7211967752992
114.8,7.75,7.75,7.75400388526226,7.75290713242997,6.63106383272132,7.39081225666299,15.5080077705245,15.5058142648599,16.0248170271138,11.7213789924565
114.9,7.75,7.75,7.75399879655818,7.75290212973093,6.63103664283565,7.39079581577235,15.5079975931164,15.5058042594619,16.025152949491,11.7215609362933
115,7.75,7.75,7.75399371473552,7.75289713544121,6.63100948076626,7.39077939946317,15.507987429471,15.5057942708824,16.0254885324793,11.7217426071347
115.1,7.75,7.75,7.75398864196837,7.75289215221279,6.6309823553202,7.39076301550888,15.5079772839367,15.5057843044256,16.0258236686108,11.7219239186479
115.2,7.75,7.75,7.7539835761563,7.75288717747619,6.63095525801731,7.39074665641034,15.5079671523126,15.5057743549524,16.0261584613459,11.7221049541145
115.3,7.75,7.75,7.75397851718865,7.75288221109377,6.63092818841962,7.39073032177582,15.5079570343773,15.5057644221875,16.026492916022,11.7222857178834
115.4,7.75,7.75,7.75397346505619,7.7528772530518,6.63090114649944,7.39071401157603,15.5079469301124,15.5057545061036,16.0268270329709,11.722466210278
115.5,7.75,7.75,7.75396841974973,7.75287230333657,6.63087413222911,7.39069772578173,15.5079368394995,15.5057446066731,16.0271608125239,11.7226464316217
115.6,7.75,7.75,7.75396338342587,7.75286736457404,6.63084715436299,7.39068147211069,15.5079267668517,15.5057347291481,16.027494147844,11.7228262961962
115.7,7.75,7.75,7.75395835400109,7.75286243421999,6.6308202044717,7.39066524311745,15.5079167080022,15.50572486844,16.0278271417837,11.7230058866904
115.8,7.75,7.75,7.75395333136564,7.75285751213813,6.63079328211991,7.39064903841308,15.5079066627313,15.5057150242763,16.0281597996492,11.7231852074221
115.9,7.75,7.75,7.75394831551037,7.75285259831488,6.63076638728009,7.3906328579685,15.5078966310207,15.5057051966298,16.0284921217701,11.7233642587127
116,7.75,7.75,7.75394330642617,7.7528476927367,6.63073951992477,7.39061670175467,15.5078866128523,15.5056953854734,16.0288241084756,11.7235430408832
116.1,7.75,7.75,7.7539383062523,7.75284279800379,6.63071268875599,7.3906005774341,15.5078766125046,15.5056855960076,16.0291556535557,11.7237214688261
116.2,7.75,7.75,7.75393331292202,7.75283791159691,6.6306858853948,7.39058447761464,15.507866625844,15.5056758231938,16.0294868592589,11.7238996246414
116.3,7.75,7.75,7.75392832632646,7.75283303338114,6.63065910940846,7.39056840191012,15.5078566526529,15.5056660667623,16.0298177308602,11.7240775126162
116.4,7.75,7.75,7.75392334645656,7.75282816334303,6.63063236076966,7.39055235029168,15.5078466929131,15.5056563266861,16.0301482686871,11.7242551330696
116.5,7.75,7.75,7.75391837330328,7.75282330146918,6.63060563945107,7.39053632273048,15.5078367466066,15.5056466029384,16.0304784730667,11.7244324863204
116.6,7.75,7.75,7.7539134089887,7.75281845033436,6.63057895410278,7.39052032683415,15.5078268179774,15.5056369006687,16.030808238412,11.7246094878679
116.7,7.75,7.75,7.75390845146272,7.75281360744402,6.6305522963959,7.39050435526347,15.5078169029254,15.505627214888,16.0311376663715,11.7247862192269
116.8,7.75,7.75,7.75390350061733,7.75280877266456,6.63052566590032,7.39048840763503,15.5078070012347,15.5056175453291,16.0314667621891,11.7249626846542
116.9,7.75,7.75,7.75389855644356,7.7528039459827,6.6304990625889,7.39047248392018,15.5077971128871,15.5056078919654,16.03179552619,11.7251388844668
117,7.75,7.75,7.75389361893245,7.75279912738517,6.63047248643449,7.39045658409027,15.5077872378649,15.5055982547703,16.0321239586996,11.7253148189811
117.1,7.75,7.75,7.75388869018905,7.75279431942156,6.63044594603552,7.39044071569844,15.5077773803781,15.5055886388431,16.0324519547498,11.7254904042988
117.2,7.75,7.75,7.75388376817973,7.75278951962177,6.63041943311289,7.39042487145802,15.5077675363595,15.5055790392435,16.0327796153928,11.7256657213539
117.3,7.75,7.75,7.75387885279735,7.75278472785351,6.63039294723906,7.39040905098836,15.5077577055947,15.505569455707,16.0331069458415,11.725840774373
117.4,7.75,7.75,7.75387394403305,7.75277994410365,6.63036648838707,7.39039325426099,15.5077478880661,15.5055598882073,16.0334339464193,11.7260155636708
117.5,7.75,7.75,7.75386904187791,7.75277516835906,6.63034005652994,7.39037748124748,15.5077380837558,15.5055503367181,16.0337606174494,11.7261900895616
117.6,7.75,7.75,7.75386414842012,7.75277040314442,6.63031366021481,7.39036173944685,15.5077282968402,15.5055408062888,16.0340868545789,11.7263642687454
117.7,7.75,7.75,7.75385926164237,7.7527656460138,6.63028729121199,7.39034602162463,15.5077185232847,15.5055312920276,16.0344127582674,11.7265381815792
117.8,7.75,7.75,7.75385438143842,7.75276089683623,6.63026094909655,7.39033032740287,15.5077087628768,15.5055217936725,16.0347383336971,11.7267118322596
117.9,7.75,7.75,7.75384950779943,7.7527561555987,6.63023463384167,7.39031465675331,15.5076990155989,15.5055123111974,16.0350635811894,11.726885221099
118,7.75,7.75,7.75384464071661,7.75275142228824,6.63020834542056,7.39029900964772,15.5076892814332,15.5055028445765,16.0353885010655,11.7270583484098
118.1,7.75,7.75,7.7538397822614,7.75274669940489,6.63018209232937,7.39028339353139,15.5076795645228,15.5054933988098,16.0357129895839,11.727231131486
118.2,7.75,7.75,7.75383493043267,7.75274198452663,6.63015586638755,7.39026780122167,15.5076698608653,15.5054839690533,16.0360371466153,11.7274036501117
118.3,7.75,7.75,7.75383008512503,7.75273727752378,6.63012966717271,7.39025223234331,15.5076601702501,15.5054745550476,16.0363609773113,11.7275759084536
118.4,7.75,7.75,7.75382524632975,7.75273257838347,6.63010349465821,7.39023668686826,15.5076504926595,15.5054651567669,16.0366844819913,11.7277479068221
118.5,7.75,7.75,7.7538204140381,7.75272788709287,6.63007734881744,7.39022116476847,15.5076408280762,15.5054557741857,16.0370076609746,11.7279196455272
118.6,7.75,7.75,7.75381559030493,7.75272320612764,6.63005123809588,7.39020567343589,15.5076311806099,15.5054464122553,16.0373304111271,11.7280910424532
118.7,7.75,7.75,7.75381077314516,7.75271853308942,6.63002515436181,7.39019020573931,15.5076215462903,15.5054370661788,16.0376528317343,11.7282621768151
118.8,7.75,7.75,7.75380596245425,7.7527138678498,6.62999909719535,7.39017476130618,15.5076119249085,15.5054277356996,16.0379749279175,11.72843305275
118.9,7.75,7.75,7.75380115822356,7.75270921039607,6.62997306657005,7.39015934010865,15.5076023164471,15.5054184207921,16.0382966999943,11.7286036705661
119,7.75,7.75,7.75379636044441,7.75270456071552,6.62994706245946,7.39014394211886,15.5075927208888,15.505409121431,16.0386181482817,11.7287740305714
119.1,7.75,7.75,7.75379157115523,7.75269992125971,6.62992109325874,7.39012857467577,15.5075831423105,15.5053998425194,16.0389391702496,11.7289440512361
119.2,7.75,7.75,7.75378678838685,7.75269528965366,6.62989515088468,7.39011323069927,15.5075735767737,15.5053905793073,16.0392598646018,11.7291138112101
119.3,7.75,7.75,7.75378201203556,7.75269066577025,6.62986923491989,7.3900979098195,15.5075640240711,15.5053813315405,16.0395802364296,11.7292833146012
119.4,7.75,7.75,7.75377724209278,7.75268604959688,6.6298433453381,7.39008261200877,15.5075544841856,15.5053720991938,16.0399002860484,11.7294525617154
119.5,7.75,7.75,7.75377247854995,7.752681441121,6.62981748211303,7.39006733723943,15.5075449570999,15.505362882242,16.0402200137734,11.7296215528586
119.6,7.75,7.75,7.75376772342917,7.7526768427703,6.62979165358986,7.39005209279783,15.5075354468583,15.5053536855406,16.0405393176744,11.7297902070828
119.7,7.75,7.75,7.75376297477705,7.75267225219297,6.62976585173352,7.39003687165461,15.5075259495541,15.5053445043859,16.0408582958773,11.7299586024771
119.8,7.75,7.75,7.75375823249071,7.75266766926312,6.62974007612916,7.39002167344254,15.5075164649814,15.5053353385262,16.0411769534434,11.7301267431196
119.9,7.75,7.75,7.75375349656165,7.75266309396829,6.62971432675066,7.39000649813413,15.5075069931233,15.5053261879366,16.0414952906862,11.7302946293146
120,7.75,7.75,7.75374876698138,7.75265852629606,6.62968860357192,7.38999134570193,15.5074975339628,15.5053170525921,16.0418133079189,11.7304622613656
120.1,7.75,7.75,7.75374404575585,7.75265396865054,6.62966291488842,7.38997622338003,15.5074880915117,15.5053079373011,16.0421309038077,11.7306295589029
120.2,7.75,7.75,7.75373933094729,7.7526494187028,6.62963725271299,7.38996112418947,15.5074786618946,15.5052988374056,16.0424481759039,11.7307965994578
120.3,7.75,7.75,7.75373462245366,7.75264487632819,6.62961161663324,7.38994604776564,15.5074692449073,15.5052897526564,16.0427651292392,11.7309633870799
120.4,7.75,7.75,7.75372992026653,7.7526403415144,6.62958600662322,7.38993099408125,15.5074598405331,15.5052806830288,16.0430817641252,11.731129922071
120.5,7.75,7.75,7.75372522437748,7.75263581424913,6.629560422657,7.38991596310904,15.507450448755,15.5052716284983,16.043398080873,11.7312962047327
120.6,7.75,7.75,7.75372053677647,7.75263129691315,6.62953487298072,7.38990096203121,15.5074410735529,15.5052625938263,16.0437139787414,11.7314621552692
120.7,7.75,7.75,7.75371585554119,7.75262678720019,6.62950934965475,7.38988598391885,15.5074317110824,15.5052535744004,16.044029554711,11.7316278506585
120.8,7.75,7.75,7.75371118057044,7.75262228498681,6.62948385226918,7.38987102840995,15.5074223611409,15.5052445699736,16.0443448137839,11.7317932949211
120.9,7.75,7.75,7.75370651185585,7.75261779026083,6.62945838079821,7.38985609547742,15.5074130237117,15.5052355805217,16.0446597562696,11.7319584883569
121,7.75,7.75,7.75370184938909,7.75261330301009,6.6294329352161,7.38984118509417,15.5074036987782,15.5052266060202,16.0449743824776,11.7321234312655
121.1,7.75,7.75,7.75369719514424,7.75260882559228,6.62940752371994,7.38982630439092,15.5073943902885,15.5052176511846,16.0452885922552,11.7322880444209
121.2,7.75,7.75,7.75369254721435,7.75260435572352,6.62938213841734,7.3898114464884,15.5073850944287,15.505208711447,16.045602482016,11.7324524042515
121.3,7.75,7.75,7.75368790549902,7.75259989328158,6.62935677890085,7.38979661102723,15.507375810998,15.5051997865632,16.0459160567326,11.7326165147494
121.4,7.75,7.75,7.75368326998998,7.75259543825442,6.62933144514486,7.38978179798048,15.50736653998,15.5051908765088,16.0462293167128,11.7327803762121
121.5,7.75,7.75,7.75367864067894,7.75259099063001,6.62930613712376,7.38976700732127,15.5073572813579,15.50518198126,16.0465422622638,11.7329439889374
121.6,7.75,7.75,7.75367401952427,7.7525865527432,6.62928086298593,7.38975224612915,15.5073480390485,15.5051731054864,16.0468547938184,11.7331072742652
121.7,7.75,7.75,7.75366940463423,7.75258212233225,6.62925561488594,7.3897375075742,15.5073388092685,15.5051642446645,16.0471670072264,11.7332703080783
121.8,7.75,7.75,7.75366479590924,7.75257769927617,6.62923039241876,7.38972279129959,15.5073295918185,15.5051553985523,16.0474789074313,11.73343309434
121.9,7.75,7.75,7.75366019334108,7.75257328356302,6.62920519555894,7.38970809727861,15.5073203866822,15.505146567126,16.0477904947388,11.7335956333461
122,7.75,7.75,7.75365559692156,7.7525688751809,6.62918002428104,7.38969342548454,15.5073111938431,15.5051377503618,16.0481017694543,11.733757925392
122.1,7.75,7.75,7.75365100859344,7.75256447644207,6.62915488668504,7.38967878294614,15.5073020171869,15.5051289528841,16.0484126325922,11.7339198923801
122.2,7.75,7.75,7.75364642648007,7.75256008510672,6.62912977497216,7.38966416288249,15.5072928529601,15.5051201702134,16.048723179442,11.734081609651
122.3,7.75,7.75,7.75364185048266,7.75255570105503,6.62910468873977,7.38964956493931,15.5072837009653,15.5051114021101,16.0490334149182,11.7342430811397
122.4,7.75,7.75,7.75363728059307,7.75255132427521,6.62907962796259,7.38963498909007,15.5072745611861,15.5051026485504,16.0493433393247,11.73440430714
122.5,7.75,7.75,7.75363271680317,7.75254695475546,6.62905459261536,7.38962043530826,15.5072654336063,15.5050939095109,16.0496529529651,11.7345652879452
122.6,7.75,7.75,7.7536281610403,7.75254259478571,6.62902959074994,7.38960591057216,15.5072563220806,15.5050851895714,16.0499621574314,11.7347259460163
122.7,7.75,7.75,7.75362361144272,7.75253824214784,6.62900461461389,7.38959140814952,15.5072472228854,15.5050764842957,16.0502710474567,11.7348863561551
122.8,7.75,7.75,7.75361906791246,7.75253389672319,6.62897966380701,7.3895769276886,15.5072381358249,15.5050677934464,16.0505796279265,11.7350465222689
122.9,7.75,7.75,7.75361453044143,7.75252955850008,6.62895473830417,7.38956246916306,15.5072290608829,15.5050591170002,16.0508878991429,11.7352064446493
123,7.75,7.75,7.75360999902159,7.75252522746688,6.62892983808026,7.38954803254656,15.5072199980432,15.5050504549338,16.0511958614075,11.7353661235877
123.1,7.75,7.75,7.75360547556495,7.75252090589137,6.62890497113937,7.38953362476728,15.5072109511299,15.5050418117827,16.0515034168868,11.7355254820995
123.2,7.75,7.75,7.7536009582246,7.75251659157689,6.6288801297751,7.38951923914131,15.5072019164492,15.5050331831538,16.0518106597605,11.7356845944519
123.3,7.75,7.75,7.75359644690333,7.75251228440595,6.62885531358963,7.38950487531941,15.5071928938067,15.5050245688119,16.0521175948856,11.7358434645242
123.4,7.75,7.75,7.75359194159316,7.75250798436701,6.628830522558,7.38949053327541,15.5071838831863,15.505015968734,16.0524242225623,11.7360020926061
123.5,7.75,7.75,7.75358744228608,7.75250369144853,6.62880575665527,7.38947621298318,15.5071748845722,15.5050073828971,16.0527305430903,11.736160478987
123.6,7.75,7.75,7.75358295087895,7.75249940789644,6.62878102383801,7.38946192132116,15.5071659017579,15.5049988157929,16.0530364592068,11.7363185472329
123.7,7.75,7.75,7.75357846553952,7.75249513153529,6.62875631644561,7.38944765165339,15.507156931079,15.5049902630706,16.0533420645418,11.7364763710801
123.8,7.75,7.75,7.75357398617139,7.75249086224875,6.62873163408262,7.38943340363314,15.5071479723428,15.5049817244975,16.0536473639238,11.7366339543802
123.9,7.75,7.75,7.75356951276661,7.75248660002539,6.62870697672422,7.38941917723443,15.5071390255332,15.5049732000508,16.0539523576511,11.7367912974208
124,7.75,7.75,7.75356504531728,7.7524823448538,6.62868234434563,7.38940497243132,15.5071300906346,15.5049646897076,16.0542570460216,11.7369484004895
124.1,7.75,7.75,7.75356058570518,7.75247809895827,6.62865774485627,7.38939079605282,15.5071211714104,15.5049561979165,16.0545613323397,11.7371051876992
124.2,7.75,7.75,7.75355613211265,7.75247386018435,6.62863317064097,7.38937664151064,15.5071122642253,15.5049477203687,16.054865309689,11.7372617322586
124.3,7.75,7.75,7.75355168444402,7.75246962841684,6.62860862130661,7.38936250846053,15.507103368888,15.5049392568337,16.0551689828698,11.737418037992
124.4,7.75,7.75,7.75354724269144,7.75246540364442,6.62858409682858,7.38934839687669,15.5070944853829,15.5049308072888,16.0554723521784,11.7375741051851
124.5,7.75,7.75,7.75354280684707,7.75246118585583,6.62855959718223,7.38933430673335,15.5070856136941,15.5049223717117,16.055775417911,11.7377299341232
124.6,7.75,7.75,7.75353837877778,7.75245697725393,6.62853513023011,7.38932024481048,15.5070767575556,15.5049139545079,16.0560780839356,11.7378854494627
124.7,7.75,7.75,7.75353395668033,7.75245277570504,6.6285106884022,7.38930620456708,15.5070679133607,15.5049055514101,16.0563804427927,11.7380407238884
124.8,7.75,7.75,7.75352954045982,7.75244858109509,6.62848627130775,7.38929218566139,15.5070590809196,15.5048971621902,16.0566824992548,11.7381957611973
124.9,7.75,7.75,7.75352513010846,7.75244439341289,6.62846187892229,7.38927818806778,15.5070502602169,15.5048887868258,16.0569842536162,11.7383505616732
125,7.75,7.75,7.75352072561849,7.75244021264728,6.62843751122133,7.38926421176065,15.507041451237,15.5048804252946,16.0572857061712,11.7385051255995
125.1,7.75,7.75,7.75351632884199,7.75243604097994,6.62841317602083,7.38925026347128,15.507032657684,15.5048720819599,16.057586761348,11.7386593781718
125.2,7.75,7.75,7.75351193799002,7.75243187629777,6.62838886579568,7.38923633670563,15.50702387598,15.5048637525955,16.0578875111477,11.738813391555
125.3,7.75,7.75,7.75350755296845,7.75242771848778,6.62836458015744,7.3892224311244,15.5070151059369,15.5048554369756,16.0581879603145,11.7389671695188
125.4,7.75,7.75,7.75350317376955,7.75242356753891,6.62834031908178,7.38920854670213,15.5070063475391,15.5048471350778,16.0584881091412,11.7391207123452
125.5,7.75,7.75,7.75349880038561,7.75241942344011,6.6283160825444,7.3891946834134,15.5069976007712,15.5048388468802,16.0587879579202,11.7392740203155
125.6,7.75,7.75,7.75349443465409,7.75241528835212,6.62829187831496,7.38918084794112,15.5069888693082,15.5048305767042,16.0590874116363,11.7394270191611
125.7,7.75,7.75,7.7534900748002,7.75241116018216,6.62826769891293,7.38916703383792,15.5069801496004,15.5048223203643,16.0593865617545,11.7395797805303
125.8,7.75,7.75,7.75348572073056,7.75240703881834,6.62824354395221,7.3891532407669,15.5069714414611,15.5048140776367,16.0596854129912,11.739732308166
125.9,7.75,7.75,7.75348137243753,7.75240292424971,6.62821941340861,7.38913946870279,15.5069627448751,15.5048058484994,16.0599839656372,11.739884602348
126,7.75,7.75,7.75347702991345,7.75239881646537,6.62819530725798,7.38912571762036,15.5069540598269,15.5047976329307,16.0602822199833,11.740036663356
126.1,7.75,7.75,7.75347269498125,7.75239471760529,6.628171233224,7.38911199415447,15.5069453899625,15.5047894352106,16.0605800815675,11.7401884174532
126.2,7.75,7.75,7.75346836588021,7.75239062559682,6.62814718387046,7.38909829190407,15.5069367317604,15.5047812511936,16.0608776413218,11.740339935775
126.3,7.75,7.75,7.75346404251768,7.75238654032915,6.62812315881353,7.38908461053469,15.5069280850354,15.5047730806583,16.0611749039351,11.7404912220375
126.4,7.75,7.75,7.75345972488609,7.75238246179146,6.6280991580292,7.38907095002124,15.5069194497722,15.5047649235829,16.0614718696965,11.7406422765186
126.5,7.75,7.75,7.75345541297785,7.75237838997294,6.62807518149346,7.38905731033865,15.5069108259557,15.5047567799459,16.0617685388948,11.740793099496
126.6,7.75,7.75,7.75345110860149,7.75237432699308,6.62805123688431,7.3890436980741,15.506902217203,15.5047486539862,16.0620648176179,11.7409436177615
126.7,7.75,7.75,7.75344681001021,7.75237027079911,6.62802731680954,7.38903010687252,15.5068936200204,15.5047405415982,16.0623607962681,11.7410939019407
126.8,7.75,7.75,7.75344251711211,7.75236622128131,6.62800342088763,7.38901653640185,15.5068850342242,15.5047324425626,16.0626564795071,11.7412439557233
126.9,7.75,7.75,7.75343822989967,7.75236217842896,6.62797954909471,7.38900298663718,15.5068764597993,15.5047243568579,16.062951867622,11.7413937793854
127,7.75,7.75,7.75343394836538,7.75235814223138,6.62795570140693,7.38898945755361,15.5068678967308,15.5047162844628,16.0632469608999,11.7415433732026
127.1,7.75,7.75,7.7534296743035,7.75235411478774,6.62793188545688,7.38897595569093,15.506859348607,15.5047082295755,16.0635416659751,11.7416926644915
127.2,7.75,7.75,7.75342540598103,7.75235009406498,6.62790809389611,7.38896247473979,15.5068508119621,15.50470018813,16.0638360727237,11.7418417233717
127.3,7.75,7.75,7.7534211433068,7.75234607995444,6.62788432634535,7.3889490143705,15.5068422866136,15.5046921599089,16.0641301857799,11.7419905535067
127.4,7.75,7.75,7.75341688627335,7.75234207244551,6.62786058278088,7.3889355745583,15.5068337725467,15.504684144891,16.0644240054292,11.7421391551705
127.5,7.75,7.75,7.75341263487326,7.75233807152762,6.62783686317902,7.3889221552785,15.5068252697465,15.5046761430552,16.0647175319569,11.7422875286369
127.6,7.75,7.75,7.75340839088661,7.75233407927988,6.62781317512723,7.38890876302383,15.5068167817732,15.5046681585598,16.0650106725402,11.7424356017436
127.7,7.75,7.75,7.7534041525941,7.75233009368869,6.62778951132053,7.38889539153031,15.5068083051882,15.5046601873774,16.0653035165323,11.7425834441078
127.8,7.75,7.75,7.75339991990528,7.75232611464644,6.62776587138191,7.38888204047061,15.5067998398106,15.5046522292929,16.0655960685403,11.7427310593666
127.9,7.75,7.75,7.75339569281277,7.75232214214265,6.6277422552878,7.38886870982015,15.5067913856255,15.5046442842853,16.0658883288479,11.7428784477923
128,7.75,7.75,7.75339147130919,7.75231817616685,6.62771866301467,7.3888553995544,15.5067829426184,15.5046363523337,16.0661802977386,11.7430256096567
128.1,7.75,7.75,7.75338725716063,7.75231421877828,6.62769510210515,7.3888421161194,15.5067745143213,15.5046284375566,16.0664718829293,11.7431724733151
128.2,7.75,7.75,7.75338304866132,7.75231026798262,6.62767156529746,7.3888288532962,15.5067660973226,15.5046205359652,16.0667631732533,11.7433191078857
128.3,7.75,7.75,7.75337884572156,7.7523063236733,6.62764805221681,7.38881561075982,15.5067576914431,15.5046126473466,16.067054173291,11.7434655169795
128.4,7.75,7.75,7.75337464833401,7.75230238583995,6.6276245628398,7.38880238848587,15.506749296668,15.5046047716799,16.0673448833241,11.7436117008669
128.5,7.75,7.75,7.75337045649136,7.75229845447222,6.62760109714303,7.38878918644996,15.5067409129827,15.5045969089444,16.0676353036346,11.743757659818
128.6,7.75,7.75,7.7533662719458,7.75229453160968,6.62757766262461,7.38877601105177,15.5067325438916,15.5045890632194,16.0679253424755,11.7439033227019
128.7,7.75,7.75,7.75336209300501,7.75229061527709,6.62755425206565,7.38876285611707,15.50672418601,15.5045812305542,16.0682150881635,11.7440487581413
128.8,7.75,7.75,7.75335791957999,7.75228670536889,6.62753086509362,7.38874972132323,15.50671583916,15.5045734107378,16.0685045452524,11.7441939697213
128.9,7.75,7.75,7.75335375166349,7.75228280187485,6.62750750168524,7.38873660664601,15.506707503327,15.5045656037497,16.0687937140222,11.7443389577105
129,7.75,7.75,7.75334958924824,7.75227890478469,6.62748416181726,7.38872351206121,15.5066991784965,15.5045578095694,16.0690825947529,11.7444837223772
129.1,7.75,7.75,7.75334543407265,7.75227501611857,6.62746085294354,7.38871044392243,15.5066908681453,15.5045500322371,16.0693710962306,11.7446281931009
129.2,7.75,7.75,7.75334128445775,7.7522711339201,6.62743756788784,7.38869739609987,15.5066825689155,15.5045422678402,16.0696593062588,11.744772438012
129.3,7.75,7.75,7.75333714031523,7.75226725808475,6.62741430627982,7.38868436827321,15.5066742806305,15.5045345161695,16.0699472293645,11.74491646067
129.4,7.75,7.75,7.75333300163789,7.75226338860236,6.62739106809636,7.38867136041839,15.5066660032758,15.5045267772047,16.070234865826,11.7450602613418
129.5,7.75,7.75,7.75332886841855,7.75225952546282,6.62736785331437,7.38865837251137,15.5066577368371,15.5045190509256,16.0705222159217,11.7452038402935
129.6,7.75,7.75,7.75332474238195,7.75225567066699,6.62734466934371,7.38864541086001,15.5066494847639,15.504511341334,16.0708091889674,11.7453471274119
129.7,7.75,7.75,7.75332062186232,7.75225182227718,6.62732150905052,7.38863246937863,15.5066412437246,15.5045036445544,16.0710958722561,11.7454901903384
129.8,7.75,7.75,7.75331650677206,7.75224798018985,6.62729837206666,7.3886195477492,15.5066330135441,15.5044959603797,16.0713822702887,11.7456330326072
129.9,7.75,7.75,7.75331239710404,7.75224414439497,6.62727525836914,7.38860664594783,15.5066247942081,15.5044882887899,16.0716683833417,11.7457756544831
130,7.75,7.75,7.75330829285113,7.75224031488251,6.62725216793503,7.38859376395065,15.5066165857023,15.504480629765,16.0719542116917,11.7459180562306
130.1,7.75,7.75,7.75330419572454,7.75223649363432,6.62722910813051,7.3885809080201,15.5066083914491,15.5044729872686,16.0722396651808,11.7460601682398
130.2,7.75,7.75,7.75330010407159,7.75223267873115,6.62720607186379,7.3885680721143,15.5066002081432,15.5044653574623,16.0725248305953,11.7462020576668
130.3,7.75,7.75,7.75329601780538,7.75222887007047,6.62718305876893,7.38855525591752,15.5065920356108,15.5044577401409,16.0728097124095,11.7463437280203
130.4,7.75,7.75,7.75329193691883,7.75222506764236,6.62716006882309,7.38854245940601,15.5065838738377,15.5044501352847,16.0730943108985,11.7464851795634
130.5,7.75,7.75,7.75328786140488,7.75222127143689,6.62713710200346,7.38852968255609,15.5065757228098,15.5044425428738,16.073378626337,11.7466264125588
130.6,7.75,7.75,7.75328379296132,7.75221748341707,6.62711416563283,7.38851693158507,15.5065675859226,15.5044349668341,16.0736625690903,11.7467673578965
130.7,7.75,7.75,7.75327972994845,7.75221370168193,6.62709125266124,7.38850420049459,15.5065594598969,15.5044274033639,16.0739462254408,11.7469080822505
130.8,7.75,7.75,7.75327567228005,7.75220992612993,6.62706836272489,7.38849148897117,15.5065513445601,15.5044198522599,16.0742295998367,11.7470485891045
130.9,7.75,7.75,7.75327161994911,7.75220615675125,6.62704549580111,7.38847879699126,15.5065432398982,15.5044123135025,16.0745126925514,11.7471888787197
131,7.75,7.75,7.75326757294863,7.75220239353605,6.62702265186724,7.38846612453131,15.5065351458973,15.5044047870721,16.0747955038579,11.747328951357
131.1,7.75,7.75,7.75326353296309,7.75219863842872,6.6269998382029,7.38845347776385,15.5065270659262,15.5043972768574,16.0750779446414,11.7474687384029
131.2,7.75,7.75,7.75325949836566,7.75219488954636,6.62697704779971,7.38844085073372,15.5065189967313,15.5043897790927,16.0753601006835,11.7476083060527
131.3,7.75,7.75,7.75325546907081,7.75219114678842,6.62695428029604,7.38842824312969,15.5065109381416,15.5043822935768,16.0756419764066,11.747747657765
131.4,7.75,7.75,7.75325144507159,7.75218741014516,6.62693153566934,7.38841565492837,15.5065028901432,15.5043748202903,16.0759235720823,11.7478867937993
131.5,7.75,7.75,7.75324742636105,7.75218367960687,6.6269088138971,7.38840308610637,15.5064948527221,15.5043673592137,16.076204887982,11.7480257144147
131.6,7.75,7.75,7.75324341461048,7.75217995709948,6.62688612221609,7.38839054279176,15.506486829221,15.504359914199,16.0764858355075,11.748164351491
131.7,7.75,7.75,7.75323940820583,7.75217624075799,6.62686345365921,7.38837801907227,15.5064788164117,15.504352481516,16.0767664999427,11.7483027707476
131.8,7.75,7.75,7.75323540706221,7.7521725304828,6.62684080786698,7.38836551463889,15.5064708141244,15.5043450609656,16.0770468856843,11.7484409756187
131.9,7.75,7.75,7.75323141117275,7.75216882626428,6.62681818481699,7.38835302946841,15.5064628223455,15.5043376525286,16.0773269930022,11.7485789663618
132,7.75,7.75,7.75322742053057,7.75216512809283,6.62679558448687,7.3883405635376,15.5064548410611,15.5043302561857,16.0776068221662,11.7487167432342
132.1,7.75,7.75,7.75322343679388,7.75216143787613,6.62677301407079,7.38832812293035,15.5064468735878,15.5043228757523,16.0778862850915,11.7488542386056
132.2,7.75,7.75,7.75321945836124,7.75215775376687,6.62675046664271,7.38831570177699,15.5064389167225,15.5043155075337,16.0781654665674,11.7489915177231
132.3,7.75,7.75,7.75321548514849,7.75215407566641,6.62672794184525,7.38830329977074,15.506430970297,15.5043081513328,16.0784443709651,11.7491285839962
132.4,7.75,7.75,7.75321151714877,7.75215040356523,6.62670543965616,7.38829091688854,15.5064230342975,15.5043008071305,16.0787229985528,11.7492654376807
132.5,7.75,7.75,7.75320755435528,7.75214673745382,6.62668296005321,7.38827855310734,15.5064151087106,15.5042934749076,16.0790013495986,11.7494020790323
132.6,7.75,7.75,7.75320359841327,7.75214307922181,6.62666051018825,7.38826621446715,15.5064071968265,15.5042861584436,16.0792793365279,11.7495384409067
132.7,7.75,7.75,7.75319964773385,7.7521394270394,6.62663808317599,7.3882538951406,15.5063992954677,15.5042788540788,16.0795570436387,11.7496745880823
132.8,7.75,7.75,7.75319570223348,7.7521357808089,6.6266156786612,7.38824159482314,15.506391404467,15.5042715616178,16.0798344752766,11.7498105239441
132.9,7.75,7.75,7.7531917619054,7.75213214052089,6.62659329662175,7.38822931349184,15.5063835238108,15.5042642810418,16.0801116317082,11.7499462487461
133,7.75,7.75,7.75318782674286,7.75212850616594,6.62657093703555,7.38821705112382,15.5063756534857,15.5042570123319,16.0803885131999,11.7500817627422
133.1,7.75,7.75,7.75318389837825,7.75212487961584,6.62654860701239,7.38820481371554,15.5063677967565,15.5042497592317,16.0806650326844,11.7502169992713
133.2,7.75,7.75,7.7531799752351,7.75212125905812,6.62652629970752,7.38819259548164,15.5063599504702,15.5042425181162,16.080941273971,11.7503520226458
133.3,7.75,7.75,7.75317605723056,7.75211764439601,6.62650401476778,7.38818039611974,15.5063521144611,15.504235288792,16.0812172413801,11.7504868362266
133.4,7.75,7.75,7.7531721443579,7.75211403562018,6.62648175217121,7.3881682156071,15.5063442887158,15.5042280712404,16.0814929351768,11.7506214402658
133.5,7.75,7.75,7.75316823661044,7.75211043272133,6.62645951189585,7.38815605392097,15.5063364732209,15.5042208654427,16.0817683556256,11.7507558350157
133.6,7.75,7.75,7.75316433560783,7.75210683755355,6.62643730100969,7.38814391701457,15.5063286712157,15.5042136751071,16.0820434161633,11.7508899542949
133.7,7.75,7.75,7.75316043978592,7.75210324832151,6.62641511270825,7.38813179914425,15.5063208795718,15.504206496643,16.0823182001139,11.7510238619532
133.8,7.75,7.75,7.75315654906251,7.75209966492939,6.62639294664045,7.38811970000981,15.506313098125,15.5041993298588,16.0825927117726,11.7511575613274
133.9,7.75,7.75,7.75315266343093,7.75209608736794,6.62637080278448,7.38810761958866,15.5063053268619,15.5041921747359,16.0828669514027,11.7512910526679
134,7.75,7.75,7.75314878288455,7.75209251562797,6.62634868111851,7.38809555785822,15.5062975657691,15.5041850312559,16.0831409192673,11.7514243362252
134.1,7.75,7.75,7.75314490903041,7.75208895154605,6.626326588669,7.38808352072874,15.5062898180608,15.5041779030921,16.083414529304,11.7515573462942
134.2,7.75,7.75,7.75314104031656,7.75208539334385,6.62630451867149,7.388071502498,15.5062820806331,15.5041707866877,16.0836878643542,11.7516901462656
134.3,7.75,7.75,7.75313717666145,7.75208184092645,6.62628247077697,7.38805950286797,15.5062743533229,15.5041636818529,16.0839609286884,11.751822739452
134.4,7.75,7.75,7.75313331805847,7.7520782942847,6.62626044496376,7.38804752181621,15.5062666361169,15.5041565885694,16.084233722568,11.7519551261022
134.5,7.75,7.75,7.75312946450104,7.75207475340949,6.62623844121018,7.3880355593203,15.5062589290021,15.504149506819,16.0845062462547,11.752087306465
134.6,7.75,7.75,7.75312561758368,7.75207122012011,6.62621646650142,7.38802362124784,15.5062512351674,15.5041424402402,16.0847784141838,11.7522192153084
134.7,7.75,7.75,7.75312177576656,7.752067692655,6.62619451411277,7.38801170193774,15.5062435515331,15.50413538531,16.0850503087172,11.7523509155669
134.8,7.75,7.75,7.75311793896875,7.75206417092014,6.62617258369729,7.3879998010941,15.5062358779375,15.5041283418403,16.0853219341006,11.7524824105292
134.9,7.75,7.75,7.75311410718372,7.75206065490649,6.62615067523342,7.38798791869466,15.5062282143674,15.504121309813,16.085593290594,11.7526137004426
135,7.75,7.75,7.75311028040494,7.75205714460504,6.62612878869963,7.38797605471714,15.5062205608099,15.5041142892101,16.0858643784571,11.752744785554
135.1,7.75,7.75,7.75310646021452,7.75205364181793,6.62610693104011,7.38796421498678,15.506212920429,15.5041072836359,16.0861351126202,11.7528756011014
135.2,7.75,7.75,7.75310264508462,7.75205014480023,6.62608509556965,7.38795239388335,15.5062052901692,15.5041002896005,16.0864055749686,11.7530062095661
135.3,7.75,7.75,7.75309883493496,7.75204665345881,6.62606328194335,7.38794059111309,15.5061976698699,15.5040933069176,16.0866757697234,11.7531366142133
135.4,7.75,7.75,7.75309502975906,7.75204316778472,6.6260414901398,7.38792880665387,15.5061900595181,15.5040863355694,16.0869456971429,11.7532668152885
135.5,7.75,7.75,7.75309122955044,7.75203968776905,6.62601972013759,7.38791704048359,15.5061824591009,15.5040793755381,16.0872153574853,11.753396813037
135.6,7.75,7.75,7.75308743587891,7.75203621519699,6.62599797884018,7.38790529838541,15.5061748717578,15.504072430394,16.0874846661724,11.7535265431635
135.7,7.75,7.75,7.75308364722854,7.75203274834005,6.6259762596016,7.38789357477967,15.5061672944571,15.5040654966801,16.0877537046162,11.7536560676991
135.8,7.75,7.75,7.75307986351967,7.75202928710598,6.625954562079,7.38788186937472,15.5061597270393,15.504058574212,16.0880224770131,11.7537853898858
135.9,7.75,7.75,7.75307608474588,7.75202583148594,6.62593288625109,7.38787018214859,15.5061521694918,15.5040516629719,16.0882909836198,11.7539145099672
136,7.75,7.75,7.75307231090074,7.7520223814711,6.62591123209661,7.38785851307933,15.5061446218015,15.5040447629422,16.088559224693,11.754043428187
136.1,7.75,7.75,7.75306854354187,7.75201893882987,6.62588960647851,7.38784686790833,15.5061370870837,15.5040378776597,16.0888271161431,11.7541720807134
136.2,7.75,7.75,7.75306478116513,7.75201550185004,6.62586800278985,7.38783524109622,15.5061295623303,15.5040310037001,16.0890947389115,11.7543005291306
136.3,7.75,7.75,7.75306102369149,7.75201207044024,6.62584642068979,7.38782363235344,15.506122047383,15.5040241408805,16.0893620971701,11.7544287766572
136.4,7.75,7.75,7.75305727111457,7.75200864459171,6.62582486015717,7.38781204165818,15.5061145422291,15.5040172891834,16.0896291911742,11.7545568235353
136.5,7.75,7.75,7.75305352342802,7.75200522429571,6.62580332117088,7.38780046898865,15.506107046856,15.5040104485914,16.0898960211789,11.7546846700068
136.6,7.75,7.75,7.75304978217735,7.75200181130408,6.62578181055363,7.38778892004474,15.5060995643547,15.5040036226082,16.09016250358,11.7548122527001
136.7,7.75,7.75,7.75304604587012,7.75199840392068,6.62576032173723,7.38777738932709,15.5060920917402,15.5039968078414,16.0904287188514,11.7549396327557
136.8,7.75,7.75,7.75304231442791,7.751995002055,6.62573885438286,7.38776587654824,15.5060846288558,15.50399000411,16.0906946711407,11.7550668133691
136.9,7.75,7.75,7.75303858784441,7.7519916056984,6.62571740846949,7.38775438168652,15.5060771756888,15.5039832113968,16.0909603607016,11.7551937947807
137,7.75,7.75,7.75303486611331,7.75198821484222,6.62569598397613,7.38774290472028,15.5060697322266,15.5039764296844,16.0912257877877,11.7553205772306
137.1,7.75,7.75,7.75303115076815,7.75198483122186,6.62567458768554,7.38773145130824,15.5060623015363,15.5039696624437,16.0914908692775,11.7554470978046
137.2,7.75,7.75,7.75302744032806,7.75198145315713,6.62565321306803,7.38772001599076,15.5060548806561,15.5039629063143,16.0917556851798,11.7555734172021
137.3,7.75,7.75,7.75302373471526,7.75197808055838,6.62563185978676,7.38770859848244,15.5060474694305,15.5039561611168,16.0920202396184,11.7556995385959
137.4,7.75,7.75,7.75302003392347,7.75197471341705,6.62561052782087,7.38769719876178,15.5060400678469,15.5039494268341,16.0922845328453,11.7558254622245
137.5,7.75,7.75,7.75301633794644,7.75197135172456,6.62558921714947,7.38768581680726,15.5060326758929,15.5039427034491,16.0925485651126,11.7559511883266
137.6,7.75,7.75,7.75301264830584,7.75196799720008,6.6255679345156,7.3876744582367,15.5060252966117,15.5039359944002,16.0928122537784,11.7560766544418
137.7,7.75,7.75,7.75300896353228,7.75196464817916,6.62554667342785,7.3876631176299,15.5060179270646,15.5039292963583,16.0930756783895,11.7562019208318
137.8,7.75,7.75,7.75300528354858,7.75196130457302,6.62552543355136,7.38765179470355,15.5060105670972,15.503922609146,16.0933388430458,11.7563269906465
137.9,7.75,7.75,7.75300160834854,7.75195796637316,6.6255042148654,7.38764048943626,15.5060032166971,15.5039159327463,16.0936017479979,11.756451864123
138,7.75,7.75,7.75299793792595,7.75195463357112,6.62548301734921,7.38762920180669,15.5059958758519,15.5039092671422,16.0938643934962,11.7565765414982
138.1,7.75,7.75,7.75299427379068,7.75195130786998,6.62546184770637,7.38761793739202,15.5059885475814,15.50390261574,16.0941266973754,11.7567009607623
138.2,7.75,7.75,7.75299061448476,7.75194798762089,6.62544069948347,7.38760669081124,15.5059812289695,15.5038959752418,16.0943887387234,11.7568251817427
138.3,7.75,7.75,7.7529869599316,7.75194467273589,6.62541957234765,7.38759546178306,15.5059739198632,15.5038893454718,16.0946505216162,11.7569492075665
138.4,7.75,7.75,7.75298331012505,7.75194136320659,6.62539846627828,7.38758425028625,15.5059666202501,15.5038827264132,16.0949120463029,11.757073038469
138.5,7.75,7.75,7.75297966505897,7.7519380590246,6.62537738125477,7.38757305629963,15.5059593301179,15.5038761180492,16.0951733130323,11.7571966746857
138.6,7.75,7.75,7.75297602623153,7.7519347618771,6.62535632394143,7.38756188536003,15.5059520524631,15.5038695237542,16.095434240113,11.7573200546544
138.7,7.75,7.75,7.75297239219607,7.75193147013066,6.62533528792268,7.38755073212534,15.5059447843921,15.5038629402613,16.0956949061764,11.7574432377708
138.8,7.75,7.75,7.7529687628766,7.75192818369817,6.62531427286759,7.38753959631631,15.5059375257532,15.5038563673963,16.0959553152751,11.7575662271395
138.9,7.75,7.75,7.752965138267,7.75192490257132,6.62529327875569,7.38752847791185,15.505930276534,15.5038498051426,16.0962154676564,11.7576890229942
139,7.75,7.75,7.7529615183612,7.75192162674181,6.62527230556648,7.38751737689091,15.5059230367224,15.5038432534836,16.0964753635679,11.7578116255687
139.1,7.75,7.75,7.7529579046458,7.75191835788105,6.62525135992532,7.3875062987503,15.5059158092916,15.5038367157621,16.0967349217887,11.7579339737456
139.2,7.75,7.75,7.75295429568531,7.75191509437091,6.62523043545418,7.38749523818651,15.5059085913706,15.5038301887418,16.096994220497,11.7580561264917
139.3,7.75,7.75,7.75295069140435,7.75191183612508,6.62520953182406,7.38748419492231,15.5059013828087,15.5038236722502,16.0972532637217,11.7581780868893
139.4,7.75,7.75,7.75294709179686,7.75190858313535,6.62518864901462,7.38747316893677,15.5058941835937,15.5038171662707,16.0975120517089,11.7582998551705
139.5,7.75,7.75,7.7529434968568,7.75190533539351,6.62516778700551,7.38746216020897,15.5058869937136,15.503810670787,16.0977705847042,11.7584214315675
139.6,7.75,7.75,7.7529399080593,7.75190209455538,6.62514695238334,7.38745117419594,15.5058798161186,15.5038041891108,16.0980287819551,11.7585427554045
139.7,7.75,7.75,7.75293632397998,7.75189885901793,6.62512613880739,7.38744020563256,15.50587264796,15.5037977180359,16.0982867211888,11.7586638852224
139.8,7.75,7.75,7.75293274454404,7.75189562869569,6.62510534595062,7.38742925424357,15.5058654890881,15.5037912573914,16.0985444064111,11.7587848240814
139.9,7.75,7.75,7.75292916974547,7.75189240358052,6.62508457379278,7.38741832000819,15.5058583394909,15.503784807161,16.0988018378663,11.758905572212
140,7.75,7.75,7.75292559957829,7.75188918366429,6.62506382231367,7.38740740290567,15.5058511991566,15.5037783673286,16.0990590157988,11.7590261298448
140.1,7.75,7.75,7.75292203550624,7.7518859705874,6.62504309806141,7.38739650835351,15.5058440710125,15.5037719411748,16.099315859921,11.7591464367425
140.2,7.75,7.75,7.75291847611595,7.75188276276179,6.62502239473236,7.38738563112469,15.5058369522319,15.5037655255236,16.0995724475122,11.7592665510232
140.3,7.75,7.75,7.7529149213332,7.75187956010278,6.62500171200139,7.38737477094594,15.5058298426664,15.5037591202056,16.0998287825549,11.759386475725
140.4,7.75,7.75,7.75291137115203,7.75187636260232,6.62498104984839,7.38736392779663,15.5058227423041,15.5037527252046,16.1000848652922,11.7595062110769
140.5,7.75,7.75,7.75290782556651,7.75187317025237,6.62496040825329,7.38735310165615,15.505815651133,15.5037463405047,16.1003406959668,11.7596257573077
140.6,7.75,7.75,7.7529042860291,7.75186998467806,6.62493979372595,7.38734229790276,15.5058085720582,15.5037399693561,16.1005961947532,11.7597450546159
140.7,7.75,7.75,7.75290075113735,7.75186680430613,6.62491919999958,7.38733151134729,15.5058015022747,15.5037336086123,16.1008514384857,11.7598641606994
140.8,7.75,7.75,7.75289722081759,7.75186362905271,6.62489862675096,7.38732074171844,15.5057944416352,15.5037272581054,16.1011064311238,11.7599830785746
140.9,7.75,7.75,7.75289369506394,7.75186045890981,6.62487807396012,7.38730998899572,15.5057873901279,15.5037209178196,16.101361172909,11.7601018084688
141,7.75,7.75,7.75289017387052,7.75185729386949,6.62485754160708,7.38729925315865,15.505780347741,15.503714587739,16.1016156640825,11.7602203506093
141.1,7.75,7.75,7.75288665867858,7.75185413554177,6.62483703616373,7.38728853954655,15.5057733173572,15.5037082710835,16.1018698252782,11.7603386456271
141.2,7.75,7.75,7.7528831480965,7.75185098236804,6.62481655139988,7.38727784300781,15.505766296193,15.5037019647361,16.102123732888,11.7604567508031
141.3,7.75,7.75,7.75287964205119,7.7518478342652,6.62479608699421,7.3872671632731,15.5057592841024,15.5036956685304,16.1023773908485,11.7605746691317
141.4,7.75,7.75,7.75287614053681,7.75184469122538,6.62477564292687,7.38725650032207,15.5057522810736,15.5036893824508,16.1026307993996,11.7606924008389
141.5,7.75,7.75,7.75287264354752,7.7518415532407,6.62475521917801,7.38724585413437,15.505745287095,15.5036831064814,16.1028839587811,11.7608099461505
141.6,7.75,7.75,7.75286915251351,7.75183842190623,6.62473482218175,7.38723523001065,15.505738305027,15.5036768438125,16.1031367900835,11.7609272461268
141.7,7.75,7.75,7.75286566605385,7.75183529567785,6.62471444574429,7.3872246228366,15.5057313321077,15.5036705913557,16.1033893692589,11.7610443576346
141.8,7.75,7.75,7.75286218409603,7.75183217447327,6.62469408954618,7.38721403234482,15.5057243681921,15.5036643489465,16.1036417002212,11.7611612836468
141.9,7.75,7.75,7.75285870663428,7.75182905828467,6.62467375356771,7.38720345851511,15.5057174132686,15.5036581165693,16.1038937832089,11.7612780243877
142,7.75,7.75,7.75285523366279,7.75182594710426,6.62465343778915,7.3871929013273,15.5057104673256,15.5036518942085,16.1041456184602,11.7613945800816
142.1,7.75,7.75,7.75285176660075,7.75182284251231,6.62463314860709,7.38718236604357,15.5057035332015,15.5036456850246,16.1043971275193,11.7615108922154
142.2,7.75,7.75,7.75284830407787,7.75181974297907,6.62461287986388,7.38717184758668,15.5056966081557,15.5036394859581,16.1046483859014,11.7616270172446
142.3,7.75,7.75,7.75284484602222,7.751816648423,6.62459263124195,7.38716134569117,15.5056896920444,15.503633296846,16.1048993974978,11.7617429581206
142.4,7.75,7.75,7.75284139242803,7.75181355883636,6.6245724027217,7.38715086033697,15.5056827848561,15.5036271176727,16.1051501625454,11.7618587150663
142.5,7.75,7.75,7.75283794328959,7.75181047421146,6.62455219428355,7.38714039150403,15.5056758865792,15.5036209484229,16.1054006812811,11.7619742883042
142.6,7.75,7.75,7.75283450001517,7.75180739611391,6.62453201228677,7.38712994441642,15.5056690000303,15.5036147922278,16.1056508757,11.762089619745
142.7,7.75,7.75,7.75283106124502,7.75180432302816,6.62451185060965,7.38711951403367,15.50566212249,15.5036086460563,16.1059008208829,11.7622047654357
142.8,7.75,7.75,7.75282762690776,7.75180125487343,6.62449170893648,7.38710910009224,15.5056552538155,15.5036025097469,16.1061505206986,11.7623197283064
142.9,7.75,7.75,7.75282419699769,7.75179819164208,6.62447158724778,7.38709870257221,15.5056483939954,15.5035963832842,16.1063999753828,11.7624345085783
143,7.75,7.75,7.75282077150912,7.75179513332648,6.62445148552409,7.38708832145366,15.5056415430182,15.503590266653,16.1066491851707,11.7625491064727
143.1,7.75,7.75,7.75281735183953,7.75179208147776,6.62443141008764,7.38707796192276,15.5056347036791,15.5035841629555,16.1068980725056,11.7626634643208
143.2,7.75,7.75,7.75281393663963,7.75178903459441,6.62441135485239,7.3870676189756,15.5056278732793,15.5035780691888,16.1071467120368,11.762777637764
143.3,7.75,7.75,7.75281052583857,7.75178599259642,6.6243913195045,7.38705729235053,15.5056210516771,15.5035719851928,16.1073951076106,11.7628916297111
143.4,7.75,7.75,7.75280711943071,7.75178295547622,6.62437130402461,7.38704698202778,15.5056142388614,15.5035659109524,16.1076432594613,11.763005440382
143.5,7.75,7.75,7.75280371741042,7.75177992322626,6.62435130839338,7.38703668798756,15.5056074348208,15.5035598464525,16.1078911678227,11.7631190699962
143.6,7.75,7.75,7.75280032116444,7.75177689738333,6.62433133889621,7.38702641537842,15.5056006423289,15.5035537947667,16.1081387555835,11.763232461303
143.7,7.75,7.75,7.75279692935385,7.75177387645982,6.62431138948254,7.38701615923273,15.5055938587077,15.5035477529196,16.108386096964,11.7633456695408
143.8,7.75,7.75,7.75279354190835,7.75177086037648,6.62429145984036,7.38700591929074,15.5055870838167,15.503541720753,16.1086331957884,11.7634586975974
143.9,7.75,7.75,7.75279015882236,7.75176784912581,6.62427154995045,7.3869956955328,15.5055803176447,15.5035356982516,16.1088800522893,11.7635715456911
144,7.75,7.75,7.75278678009028,7.75176484270033,6.62425165979358,7.38698548793928,15.5055735601806,15.5035296854007,16.1091266666994,11.7636842140401
144.1,7.75,7.75,7.75278340708824,7.75176184262265,6.62423179561855,7.38697530162136,15.5055668141765,15.5035236852453,16.1093729623498,11.7637966458084
144.2,7.75,7.75,7.75278003848757,7.75175884741892,6.62421195141005,7.38696513164743,15.5055600769751,15.5035176948378,16.1096190130346,11.7639088958344
144.3,7.75,7.75,7.75277667421855,7.75175585701062,6.62419212685793,7.38695497775963,15.5055533484371,15.5035117140212,16.1098648225558,11.7640209669851
144.4,7.75,7.75,7.75277331427561,7.75175287139034,6.62417232194305,7.38694483993844,15.5055466285512,15.5035057427807,16.1101103911449,11.7641328594773
144.5,7.75,7.75,7.75276995865322,7.75174989055068,6.62415253664631,7.38693471816438,15.5055399173064,15.5034997811014,16.1103557190328,11.7642445735275
144.6,7.75,7.75,7.75276660871696,7.75174691600018,6.62413277718015,7.38692461751151,15.5055332174339,15.5034938320004,16.1106007299908,11.7643560527121
144.7,7.75,7.75,7.75276326314837,7.75174394627863,6.6241130375643,7.386914533084,15.5055265262967,15.5034878925573,16.110845497389,11.7644673514718
144.8,7.75,7.75,7.75275992187824,7.75174098130824,6.62409331749041,7.38690446462588,15.5055198437565,15.5034819626165,16.1110900250079,11.7645784726531
144.9,7.75,7.75,7.75275658490107,7.75173802108168,6.62407361693947,7.38689441211774,15.5055131698021,15.5034760421634,16.1113343130771,11.7646894164712
145,7.75,7.75,7.75275325221137,7.75173506559161,6.6240539358925,7.38688437554024,15.5055065044227,15.5034701311832,16.1115783618264,11.7648001831413
145.1,7.75,7.75,7.75274992516427,7.75173211633268,6.62403428052579,7.38687435993061,15.5054998503285,15.5034642326654,16.1118220954643,11.7649107166489
145.2,7.75,7.75,7.75274660245141,7.75172917185817,6.6240146448939,7.38686436042854,15.5054932049028,15.5034583437163,16.1120655869398,11.7650210710401
145.3,7.75,7.75,7.75274328400412,7.75172623209099,6.62399502869026,7.38685437677991,15.5054865680082,15.503452464182,16.1123088400115,11.7651312491407
145.4,7.75,7.75,7.75273996981694,7.75172329702389,6.623975431896,7.38684440896546,15.5054799396339,15.5034465940478,16.1125518549077,11.7652412511647
145.5,7.75,7.75,7.75273665988442,7.75172036664963,6.62395585449225,7.38683445696596,15.5054733197688,15.5034407332993,16.1127946318568,11.7653510773255
145.6,7.75,7.75,7.75273335555135,7.75171744244907,6.6239363026194,7.38682452578207,15.5054667111027,15.5034348848981,16.1130370955017,11.7654606720153
145.7,7.75,7.75,7.75273005551938,7.75171452298884,6.62391677036659,7.38681461058877,15.5054601110388,15.5034290459777,16.113279318373,11.7655700888882
145.8,7.75,7.75,7.75272675972036,7.75171160819258,6.62389725742905,7.38680471113375,15.5054535194407,15.5034232163852,16.1135213042076,11.7656793307496
145.9,7.75,7.75,7.75272346814888,7.75170869805311,6.62387776378802,7.38679482739792,15.5054469362978,15.5034173961062,16.1137630532325,11.7657883978118
146,7.75,7.75,7.75272018079955,7.75170579256326,6.62385828942475,7.38678495936216,15.5054403615991,15.5034115851265,16.1140045656746,11.7658972902871
146.1,7.75,7.75,7.75271689900687,7.75170289319026,6.62383884044395,7.38677511199081,15.5054337980137,15.5034057863805,16.1142457666087,11.7660059529711
146.2,7.75,7.75,7.75271362148243,7.75169999851396,6.62381941096914,7.38676528049388,15.5054272429649,15.5033999970279,16.1144867281496,11.7661144391287
146.3,7.75,7.75,7.7527103481586,7.75169710845871,6.62380000069731,7.3867554646209,15.5054206963172,15.5033942169174,16.1147274540124,11.766222751545
146.4,7.75,7.75,7.75270707903003,7.7516942230174,6.62378060960984,7.38674566435289,15.5054141580601,15.5033884460348,16.1149679444229,11.766330890431
146.5,7.75,7.75,7.75270381409135,7.75169134218293,6.62376123768809,7.38673587967088,15.5054076281827,15.5033826843659,16.1152081996065,11.7664388559974
146.6,7.75,7.75,7.75270055466691,7.75168846740906,6.62374189100131,7.38672611550312,15.5054011093338,15.5033769348181,16.1154481450674,11.7665465934406
146.7,7.75,7.75,7.7526972994781,7.75168559728869,6.62372256370717,7.38671636709442,15.5053945989562,15.5033711945774,16.1156878525067,11.7666541556391
146.8,7.75,7.75,7.75269404845786,7.7516827317469,6.62370325550445,7.38670663419613,15.5053880969157,15.5033654634938,16.1159273256185,11.7667615453579
146.9,7.75,7.75,7.75269080160085,7.75167987077663,6.62368396637463,7.38669691678939,15.5053816032017,15.5033597415533,16.116166564627,11.7668687628064
147,7.75,7.75,7.75268755890177,7.75167701437086,6.62366469629919,7.38668721485538,15.5053751178035,15.5033540287417,16.1164055697562,11.7669758081938
147.1,7.75,7.75,7.75268432167484,7.75167416397001,6.62364545131213,7.3866775332865,15.5053686433497,15.50334832794,16.116644266937,11.7670826271148
147.2,7.75,7.75,7.75268108865126,7.75167131817992,6.62362622560508,7.38666786736212,15.5053621773025,15.5033426363598,16.1168827274597,11.7671892720639
147.3,7.75,7.75,7.75267785976444,7.75166847692635,6.62360701887859,7.38665821683539,15.5053557195289,15.5033369538527,16.1171209549969,11.7672957457861
147.4,7.75,7.75,7.75267463500911,7.75166564020233,6.62358783111423,7.38664858168759,15.5053492700182,15.5033312804047,16.1173589497716,11.7674020484894
147.5,7.75,7.75,7.75267141438001,7.7516628080009,6.62356866229361,7.38663896190003,15.50534282876,15.5033256160018,16.1175967120064,11.7675081803814
147.6,7.75,7.75,7.75266819918136,7.75165998174928,6.62354951841571,7.38662936232951,15.5053363983627,15.5033199634986,16.1178341680562,11.7676140874525
147.7,7.75,7.75,7.75266498815401,7.7516571600661,6.62353039370589,7.38661977828974,15.505329976308,15.5033143201322,16.1180713888029,11.7677198218156
147.8,7.75,7.75,7.7526617812319,7.75165434287783,6.62351128786644,7.38661020953564,15.5053235624638,15.5033086857557,16.118308377898,11.7678253861961
147.9,7.75,7.75,7.75265857840981,7.75165153017756,6.62349220087907,7.38660065604863,15.5053171568196,15.5033030603551,16.1185451355632,11.7679307808003
148,7.75,7.75,7.75265537968252,7.75164872195841,6.62347313272548,7.38659111781014,15.505310759365,15.5032974439168,16.1187816620196,11.7680360058347
148.1,7.75,7.75,7.75265218634431,7.7516459196345,6.62345408936986,7.38658159964164,15.5053043726886,15.503291839269,16.1190178840437,11.768141007682
148.2,7.75,7.75,7.75264899714564,7.75164312183717,6.62343506507111,7.38657209689092,15.5052979942913,15.5032862436743,16.1192538721114,11.7682458380768
148.3,7.75,7.75,7.75264581202097,7.75164032849355,6.62341605953322,7.38656260931468,15.5052916240419,15.5032806569871,16.1194896298532,11.7683504997245
148.4,7.75,7.75,7.7526426309651,7.7516375395968,6.62339707273803,7.38655313689446,15.5052852619302,15.5032750791936,16.1197251574895,11.7684549928301
148.5,7.75,7.75,7.75263945397286,7.75163475514012,6.62337810466737,7.38654367961182,15.5052789079457,15.5032695102802,16.1199604552401,11.7685593175987
148.6,7.75,7.75,7.75263628232869,7.75163197652469,6.62335916125083,7.38653424225315,15.5052725646574,15.5032639530494,16.1201954503002,11.768663420803
148.7,7.75,7.75,7.75263311479258,7.75162920239438,6.62334023678062,7.38652482020007,15.5052662295852,15.5032584047888,16.1204302127424,11.7687673538014
148.8,7.75,7.75,7.75262995129947,7.751626432677,6.62332133096248,7.38651541321104,15.5052599025989,15.503252865354,16.1206647461764,11.7688711192798
148.9,7.75,7.75,7.75262679184421,7.7516236673658,6.62330244377834,7.38650602126774,15.5052535836884,15.5032473347316,16.120899050821,11.7689747174418
149,7.75,7.75,7.75262363642168,7.75162090645402,6.62328357521015,7.38649664435185,15.5052472728434,15.503241812908,16.121133126895,11.7690781484911
149.1,7.75,7.75,7.75262048630657,7.75161815133005,6.62326473115313,7.38648728721493,15.5052409726131,15.5032363026601,16.1213669020096,11.7691813595876
149.2,7.75,7.75,7.75261734026828,7.75161540065018,6.62324590593259,7.38647794527218,15.5052346805366,15.5032308013004,16.1216004458366,11.7692844017163
149.3,7.75,7.75,7.75261419824226,7.75161265434288,6.623227099256,7.38646861828383,15.5052283964845,15.5032253086858,16.121833761965,11.7693872775437
149.4,7.75,7.75,7.75261106022341,7.75160991240146,6.6232083111054,7.38645930623168,15.5052221204468,15.5032198248029,16.1220668506122,11.769489987272
149.5,7.75,7.75,7.75260792620665,7.75160717481924,6.62318954146285,7.38645000909753,15.5052158524133,15.5032143496385,16.1222997119957,11.7695925311034
149.6,7.75,7.75,7.75260479745699,7.75160444297193,6.62317079618941,7.38644073159835,15.505209594914,15.5032088859439,16.1225322741404,11.7696948565824
149.7,7.75,7.75,7.75260167275319,7.7516017155281,6.62315206964331,7.3864314691827,15.5052033455064,15.5032034310562,16.1227646063196,11.7697970143232
149.8,7.75,7.75,7.75259855203119,7.7515989924169,6.6231333615337,7.38642222161256,15.5051971040624,15.5031979848338,16.1229967121017,11.7698990069729
149.9,7.75,7.75,7.75259543528593,7.7515962736317,6.62311467184273,7.38641298886985,15.5051908705719,15.5031925472634,16.123228591703,11.7700008347325
150,7.75,7.75,7.75259232251238,7.75159355916588,6.62309600055259,7.38640377093651,15.5051846450248,15.5031871183318,16.1234602453394,11.7701024978025
150.1,7.75,7.75,7.75258921496595,7.75159085038261,6.62307735349041,7.38639457249512,15.5051784299319,15.5031817007652,16.123691601447,11.7702039441096
150.2,7.75,7.75,7.75258611143468,7.75158814596263,6.62305872504708,7.3863853890274,15.5051722228694,15.5031762919253,16.1239227289032,11.7703052238996
150.3,7.75,7.75,7.75258301185499,7.75158544583572,6.62304011493346,7.38637622029706,15.50516602371,15.5031708916714,16.124153631256,11.7704063398005
150.4,7.75,7.75,7.75257991622189,7.75158274999534,6.62302152313182,7.38636706628612,15.5051598324438,15.5031654999907,16.1243843087202,11.7705072920116
150.5,7.75,7.75,7.75257682453036,7.75158005843495,6.62300294962444,7.38635792697667,15.5051536490607,15.5031601168699,16.1246147615103,11.7706080807325
150.6,7.75,7.75,7.7525737380263,7.75157737250526,6.62298440020473,7.38634880701716,15.5051474760526,15.5031547450105,16.1248449184714,11.7707086542688
150.7,7.75,7.75,7.75257065550697,7.75157469089907,6.62296586929609,7.38633970192222,15.5051413110139,15.5031493817981,16.1250748480871,11.7708090625008
150.8,7.75,7.75,7.75256757690927,7.75157201354681,6.62294735661104,7.38633061145726,15.5051351538185,15.5031440270936,16.125304553885,11.7709093080373
150.9,7.75,7.75,7.75256450222823,7.75156934044201,6.62292886213197,7.38632153560446,15.5051290044565,15.503138680884,16.1255340360786,11.7710093910763
151,7.75,7.75,7.75256143145889,7.75156667157818,6.62291038584127,7.38631247434599,15.5051228629178,15.5031333431564,16.1257632948813,11.7711093118159
151.1,7.75,7.75,7.75255836583773,7.75156400829375,6.62289193349882,7.38630343229645,15.5051167316755,15.5031280165875,16.1259922595441,11.7712090189385
151.2,7.75,7.75,7.75255530417109,7.75156134929344,6.62287349956031,7.38629440500313,15.5051106083422,15.5031226985869,16.1262209981596,11.7713085619612
151.3,7.75,7.75,7.75255224639638,7.75155869450832,6.62285508373995,7.38628539223315,15.5051044927928,15.5031173890166,16.1264495142351,11.7714079434737
151.4,7.75,7.75,7.75254919250868,7.75155604393196,6.62283668602023,7.3862763939688,15.5050983850174,15.5031120878639,16.1266778079829,11.7715071636728
151.5,7.75,7.75,7.75254614250305,7.75155339755797,6.62281830638365,7.38626741019241,15.5050922850061,15.5031067951159,16.1269058796149,11.7716062227552
151.6,7.75,7.75,7.75254309760662,7.75155075671259,6.62279995055678,7.38625844548488,15.5050861952132,15.5031015134252,16.1271336587859,11.7717050697774
151.7,7.75,7.75,7.75254005663479,7.75154812011234,6.62278161302739,7.38624949542599,15.5050801132696,15.5030962402247,16.1273612131998,11.7718037538957
151.8,7.75,7.75,7.75253701952543,7.75154548768893,6.62276329351135,7.38624055978454,15.5050740390509,15.5030909753779,16.1275885463436,11.7719022776811
151.9,7.75,7.75,7.75253398627366,7.75154285943601,6.62274499199127,7.38623163854295,15.5050679725473,15.503085718872,16.1278156584284,11.7720006413289
152,7.75,7.75,7.75253095687459,7.75154023534722,6.62272670844975,7.38622273168365,15.5050619137492,15.5030804706944,16.1280425496648,11.7720988450346
152.1,7.75,7.75,7.75252793254608,7.75153761673677,6.62270844858027,7.38621384375415,15.5050558650922,15.5030752334735,16.128269150109,11.7721968382262
152.2,7.75,7.75,7.75252491211248,7.75153500233286,6.62269020690248,7.38620497036644,15.505049824225,15.5030700046657,16.1284955270781,11.7722946697015
152.3,7.75,7.75,7.75252189551215,7.75153239206782,6.6226719831339,7.386196111291,15.5050437910243,15.5030647841356,16.1287216840395,11.7723923420131
152.4,7.75,7.75,7.75251888274023,7.75152978593537,6.62265377725724,7.38618726651037,15.5050377654805,15.5030595718707,16.1289476212028,11.7724898553551
152.5,7.75,7.75,7.75251587379191,7.75152718392922,6.62263558925522,7.38617843600713,15.5050317475838,15.5030543678584,16.1291733387775,11.7725872099212
152.6,7.75,7.75,7.7525128698758,7.75152458735165,6.62261742478841,7.38616962429557,15.5050257397516,15.5030491747033,16.1293987672182,11.7726843555086
152.7,7.75,7.75,7.75250986982519,7.75152199494241,6.62259927840817,7.3861608270197,15.5050197396504,15.5030439898848,16.1296239734584,11.7727813405594
152.8,7.75,7.75,7.75250687357887,7.75151940663447,6.62258114983365,7.38615204395167,15.5050137471577,15.5030388132689,16.1298489609454,11.7728781676076
152.9,7.75,7.75,7.75250388113206,7.75151682242159,6.62256303904766,7.38614327507413,15.5050077622641,15.5030336448432,16.1300737298875,11.7729748368458
153,7.75,7.75,7.75250089247995,7.75151424229757,6.62254494603304,7.38613452036978,15.5050017849599,15.5030284845951,16.1302982804929,11.7730713484665
153.1,7.75,7.75,7.75249790882207,7.75151166755286,6.62252687641767,7.38612578431997,15.5049958176441,15.5030233351057,16.1305225436128,11.7731676526335
153.2,7.75,7.75,7.75249492900048,7.75150909693867,6.62250882478438,7.38611706260049,15.504989858001,15.5030181938773,16.1307465857986,11.7732637974353
153.3,7.75,7.75,7.75249195295448,7.75150653038857,6.62249079085396,7.38610835498513,15.504983905909,15.5030130607771,16.1309704104782,11.7733597853874
153.4,7.75,7.75,7.7524889806793,7.7515039678964,6.62247277460934,7.38609966145669,15.5049779613586,15.5030079357928,16.1311940178585,11.7734556166814
153.5,7.75,7.75,7.75248601217019,7.75150140945601,6.62245477603345,7.38609098199796,15.5049720243404,15.503002818912,16.1314174081464,11.7735512915083
153.6,7.75,7.75,7.75248304861763,7.75149885634617,6.62243680072169,7.38608232105757,15.5049660972353,15.5029977126923,16.1316405125871,11.7736467603957
153.7,7.75,7.75,7.75248008887242,7.75149630732941,6.62241884328819,7.38607367434288,15.5049601777448,15.5029926146588,16.1318633973526,11.7737420710814
153.8,7.75,7.75,7.75247713287431,7.75149376233993,6.62240090345535,7.38606504162932,15.5049542657486,15.5029875246799,16.1320860658511,11.7738372260626
153.9,7.75,7.75,7.7524741806186,7.75149122137161,6.62238298120621,7.38605642289981,15.5049483612372,15.5029824427432,16.1323085182883,11.7739322255293
154,7.75,7.75,7.75247123210055,7.75148868441835,6.6223650765238,7.38604781813727,15.5049424642011,15.5029773688367,16.1325307548699,11.7740270696715
154.1,7.75,7.75,7.75246828850168,7.75148615274738,6.62234719497125,7.38603923175781,15.5049365770034,15.5029723054948,16.1327527072324,11.7741217093781
154.2,7.75,7.75,7.75246534868147,7.75148362513245,6.62232933119377,7.38603065950015,15.5049306973629,15.5029672502649,16.1329744411711,11.7742161920383
154.3,7.75,7.75,7.75246241258013,7.75148110150832,6.62231148491539,7.38602210114134,15.5049248251603,15.5029622030166,16.1331959600744,11.7743105201312
154.4,7.75,7.75,7.75245948019298,7.75147858186897,6.62229365611924,7.38601355666443,15.504918960386,15.5029571637379,16.1334172641468,11.7744046938456
154.5,7.75,7.75,7.75245655151533,7.75147606620835,6.62227584478847,7.38600502605245,15.5049131030307,15.5029521324167,16.1336383535929,11.77449871337
154.6,7.75,7.75,7.75245362771981,7.75147355578223,6.6222580564541,7.38599651368925,15.5049072554396,15.5029471115645,16.1338591604382,11.7745925299523
154.7,7.75,7.75,7.75245070767449,7.75147104937546,6.62224028579227,7.38598801534464,15.504901415349,15.5029420987509,16.1340797501032,11.7746861906357
154.8,7.75,7.75,7.75244779132004,7.75146854692342,6.6222225325286,7.38597953079734,15.5048955826401,15.5029370938468,16.134300125957,11.7747796978812
154.9,7.75,7.75,7.75244487865182,7.75146604842012,6.62220479664632,7.38597106003049,15.5048897573036,15.5029320968402,16.1345202882029,11.7748730518762
155,7.75,7.75,7.75244196966517,7.75146355385959,6.6221870781287,7.38596260302724,15.5048839393303,15.5029271077192,16.1347402370441,11.774966252808
155.1,7.75,7.75,7.75243906552391,7.75146106448625,6.62216938247486,7.3859541641394,15.5048781310478,15.5029221289725,16.134959904893,11.7750592522809
155.2,7.75,7.75,7.75243616510463,7.75145857909595,6.62215170439167,7.38594573916768,15.5048723302093,15.5029171581919,16.1351793567976,11.7751520969944
155.3,7.75,7.75,7.75243326834845,7.75145609762465,6.62213404360632,7.38593732789241,15.5048665366969,15.5029121952493,16.1353985961077,11.7752447893916
155.4,7.75,7.75,7.75243037525077,7.75145362006643,6.62211640010216,7.38592893029684,15.5048607505015,15.5029072401329,16.1356176230255,11.7753373296586
155.5,7.75,7.75,7.75242748580698,7.75145114641538,6.62209877386255,7.38592054636425,15.504854971614,15.5029022928308,16.1358364377527,11.7754297179815
155.6,7.75,7.75,7.75242460117214,7.75144867790468,6.62208117035494,7.38591218041462,15.5048492023443,15.5028973558094,16.1360549730863,11.7755219063184
155.7,7.75,7.75,7.75242172023129,7.75144621334108,6.6220635843167,7.38590382827936,15.5048434404626,15.5028924266822,16.136273293704,11.7756139410275
155.8,7.75,7.75,7.75241884292601,7.7514437526611,6.62204601547662,7.38589548974039,15.504837685852,15.5028875053222,16.1364914029365,11.7757058245341
155.9,7.75,7.75,7.75241596925173,7.7514412958589,6.62202846381815,7.38588716478108,15.5048319385035,15.5028825917178,16.1367093009848,11.7757975570232
156,7.75,7.75,7.75241309920389,7.75143884292863,6.62201092932475,7.38587885338483,15.5048261984078,15.5028776858573,16.1369269880493,11.7758891386795
156.1,7.75,7.75,7.75241023392885,7.75143639509235,6.62199341743238,7.38587055984,15.5048204678577,15.5028727901847,16.1371443973092,11.7759805218125
156.2,7.75,7.75,7.75240737232007,7.75143395116757,6.62197592290874,7.38586228000849,15.5048147446401,15.5028679023351,16.1373615930741,11.7760717524416
156.3,7.75,7.75,7.75240451431955,7.75143151109142,6.62195844548419,7.38585401367381,15.5048090286391,15.5028630221828,16.1375785786558,11.7761628329745
156.4,7.75,7.75,7.75240165992275,7.75142907485809,6.62194098514228,7.38584576081945,15.5048033198455,15.5028581497162,16.1377953542538,11.7762537635946
156.5,7.75,7.75,7.75239880912516,7.75142664246178,6.62192354186658,7.38583752142891,15.5047976182503,15.5028532849236,16.1380119200678,11.7763445444856
156.6,7.75,7.75,7.75239596306455,7.75142421511359,6.62190612106176,7.38582929975918,15.5047919261291,15.5028484302272,16.1382282096562,11.7764351283061
156.7,7.75,7.75,7.75239312064268,7.75142179164165,6.62188871752565,7.38582109170243,15.5047862412854,15.5028435832833,16.1384442869631,11.7765255607387
156.8,7.75,7.75,7.752390281802,7.75141937198368,6.62187133099019,7.38581289704372,15.504780563604,15.5028387439674,16.1386601552815,11.7766158441736
156.9,7.75,7.75,7.752387446538,7.75141695613394,6.62185396143901,7.38580471576669,15.504774893076,15.5028339122679,16.1388758148097,11.7767059787931
157,7.75,7.75,7.7523846148462,7.75141454408668,6.6218366088558,7.38579654785493,15.5047692296924,15.5028290881734,16.1390912657458,11.7767959647795
157.1,7.75,7.75,7.75238178785585,7.75141213704209,6.62181927861411,7.38578839753428,15.5047635757117,15.5028242740842,16.1393064420261,11.776885755138
157.2,7.75,7.75,7.75237896447695,7.75140973383888,6.62180196554175,7.38578026072694,15.5047579289539,15.5028194676778,16.1395214072311,11.7769753952171
157.3,7.75,7.75,7.75237614465238,7.75140733441532,6.62178466937218,7.38577213721958,15.5047522893048,15.5028146688306,16.1397361646348,11.7770648873895
157.4,7.75,7.75,7.75237332837769,7.75140493876574,6.62176739008917,7.38576402699591,15.5047466567554,15.5028098775315,16.1399507144344,11.7771542318361
157.5,7.75,7.75,7.75237051564842,7.75140254688444,6.62175012767648,7.38575593003967,15.5047410312968,15.5028050937689,16.1401650568269,11.7772434287381
157.6,7.75,7.75,7.75236770758536,7.75140015996083,6.62173288747677,7.38574785054571,15.5047354151707,15.5028003199217,16.1403791261236,11.777332431445
157.7,7.75,7.75,7.7523649031067,7.75139777684408,6.62171566434762,7.38573978446612,15.5047298062134,15.5027955536882,16.1405929855438,11.7774212849732
157.8,7.75,7.75,7.75236210215574,7.75139539747301,6.62169845802402,7.3857317315891,15.5047242043115,15.502790794946,16.1408066383428,11.777509991678
157.9,7.75,7.75,7.75235930472805,7.75139302184199,6.62168126848985,7.38572369189847,15.5047186094561,15.502786043684,16.1410200847166,11.7775985517394
158,7.75,7.75,7.75235651081924,7.75139064994541,6.62166409572896,7.3857156653781,15.5047130216385,15.5027812998908,16.141233324861,11.777686965337
158.1,7.75,7.75,7.7523537215417,7.75138828296198,6.62164694505331,7.3857076561921,15.5047074430834,15.502776565924,16.1414462934602,11.7777751861625
158.2,7.75,7.75,7.75235093582172,7.75138591975123,6.62162981135005,7.3856996603222,15.5047018716434,15.5027718395025,16.1416590533743,11.7778632589024
158.3,7.75,7.75,7.75234815360304,7.75138356025253,6.62161269435572,7.38569167755814,15.5046963072061,15.5027671205051,16.1418716078401,11.7779511858949
158.4,7.75,7.75,7.75234537488126,7.75138120446031,6.62159559405429,7.38568370788387,15.5046907497625,15.5027624089206,16.1420839570525,11.7780389673187
158.5,7.75,7.75,7.75234259965202,7.751378852369,6.6215785104297,7.38567575128334,15.504685199304,15.502757704738,16.1422961012061,11.7781266033521
158.6,7.75,7.75,7.75233982901941,7.75137650514677,6.6215614487634,7.38566781189016,15.5046796580388,15.5027530102935,16.1425079753555,11.7782140480265
158.7,7.75,7.75,7.75233706191773,7.75137416166337,6.62154440397194,7.38565988571549,15.5046741238355,15.5027483233267,16.1427196420041,11.7783013457009
158.8,7.75,7.75,7.75233429829117,7.75137182185872,6.62152737579338,7.3856519725506,15.5046685965823,15.5027436437174,16.1429311043702,11.7783884986965
158.9,7.75,7.75,7.75233153813537,7.75136948572732,6.62151036421177,7.38564407237956,15.5046630762707,15.5027389714546,16.1431423626474,11.7784755071906
159,7.75,7.75,7.75232878144599,7.75136715326365,6.62149336921119,7.38563618518644,15.504657562892,15.5027343065273,16.1433534170293,11.7785623713606
159.1,7.75,7.75,7.75232602931887,7.7513648256254,6.62147639604272,7.38562831507452,15.5046520586377,15.5027296512508,16.1435642029387,11.7786490455747
159.2,7.75,7.75,7.7523232806963,7.75136250169248,6.62145943965214,7.38562045808419,15.5046465613926,15.502725003385,16.1437747825243,11.778735573867
159.3,7.75,7.75,7.75232053552287,7.75136018140535,6.62144249977902,7.38561261400827,15.5046410710457,15.5027203628107,16.1439851589862,11.7788219585416
159.4,7.75,7.75,7.75231779379427,7.75135786475856,6.62142557640753,7.38560478283091,15.5046355875885,15.5027157295171,16.1441953325167,11.7789081997747
159.5,7.75,7.75,7.75231505550619,7.75135555174665,6.62140866952182,7.38559696453631,15.5046301110124,15.5027111034933,16.1444053033081,11.7789942977423
159.6,7.75,7.75,7.7523123217463,7.75135324351696,6.62139178434283,7.38558916319764,15.5046246434926,15.5027064870339,16.1446150071495,11.7790802071478
159.7,7.75,7.75,7.75230959146479,7.75135093895941,6.62137491584539,7.38558137488433,15.5046191829296,15.5027018779188,16.144824505837,11.7791659717021
159.8,7.75,7.75,7.75230686460667,7.75134863801503,6.62135806377057,7.38557359939069,15.5046137292133,15.5026972760301,16.1450338025524,11.7792515936925
159.9,7.75,7.75,7.75230414116765,7.75134634067841,6.62134122810262,7.38556583670101,15.5046082823353,15.5026926813568,16.1452428974869,11.7793370732941
160,7.75,7.75,7.75230142114348,7.75134404694414,6.62132440882581,7.38555808679957,15.504602842287,15.5026880938883,16.1454517908317,11.7794224106816
160.1,7.75,7.75,7.7522987056137,7.7513417579493,6.62130761113112,7.38555035372968,15.5045974112274,15.5026835158986,16.1456604187395,11.779507560891
160.2,7.75,7.75,7.75229599353634,7.75133947259377,6.62129083002221,7.38554263358957,15.5045919870727,15.5026789451875,16.1458688426563,11.7795925673124
160.3,7.75,7.75,7.75229328485683,7.7513371908191,6.62127406524167,7.38553492617508,15.5045865697137,15.5026743816382,16.1460770657455,11.7796774322166
160.4,7.75,7.75,7.75229057957093,7.75133491261992,6.62125731677385,7.38552723147057,15.5045811591419,15.5026698252398,16.1462850881974,11.7797621557773
160.5,7.75,7.75,7.7522878776744,7.75133263799091,6.62124058460309,7.38551954946047,15.5045757553488,15.5026652759818,16.1464929102019,11.7798467381681
160.6,7.75,7.75,7.75228518023874,7.75133036805897,6.62122387389062,7.38551188415838,15.5045703604775,15.5026607361179,16.1467004682734,11.7799311347551
160.7,7.75,7.75,7.75228248622977,7.75132810173382,6.62120717966878,7.38550423169117,15.5045649724595,15.5026562034676,16.1469078235095,11.7800153886102
160.8,7.75,7.75,7.75227979559332,7.75132583895754,6.62119050168163,7.38549659185616,15.5045595911866,15.5026516779151,16.1471149790558,11.7800995019874
160.9,7.75,7.75,7.75227710832518,7.75132357972482,6.62117383991361,7.38548896463783,15.5045542166504,15.5026471594496,16.1473219351012,11.7801834750592
161,7.75,7.75,7.75227442442116,7.75132132403038,6.62115719434919,7.38548135002071,15.5045488488423,15.5026426480608,16.1475286918346,11.780267307998
161.1,7.75,7.75,7.75227174494478,7.75131907299108,6.62114057011998,7.38547375198893,15.5045434898896,15.5026381459822,16.1477351861299,11.7803509564981
161.2,7.75,7.75,7.75226906886956,7.75131682552638,6.62112396228684,7.38546616669778,15.5045381377391,15.5026336510528,16.1479414787384,11.7804344633149
161.3,7.75,7.75,7.75226639614173,7.75131458157888,6.62110737059529,7.38545859394606,15.5045327922835,15.5026291631578,16.1481475727879,11.7805178306859
161.4,7.75,7.75,7.75226372675714,7.75131234114332,6.62109079502987,7.38545103371838,15.5045274535143,15.5026246822866,16.1483534684662,11.7806010587826
161.5,7.75,7.75,7.75226106071161,7.75131010421448,6.62107423557515,7.38544348599936,15.5045221214232,15.502620208429,16.148559165961,11.7806841477761
161.6,7.75,7.75,7.75225839906076,7.75130787189926,6.62105769733333,7.38543595474384,15.5045167981215,15.5026157437985,16.1487646025033,11.7807670536863
161.7,7.75,7.75,7.75225574078576,7.75130564312676,6.62104117539359,7.38542843613537,15.5045114815715,15.5026112862535,16.1489698385006,11.7808498189547
161.8,7.75,7.75,7.75225308583324,7.75130341784011,6.62102466950293,7.38542092997422,15.5045061716665,15.5026068356802,16.1491748770628,11.7809324458023
161.9,7.75,7.75,7.75225043419908,7.7513011960341,6.62100817964599,7.38541343624509,15.5045008683982,15.5026023920682,16.1493797183766,11.7810149343995
162,7.75,7.75,7.75224778587914,7.75129897770355,6.6209917058074,7.3854059549327,15.5044955717583,15.5025979554071,16.1495843626284,11.7810972849162
162.1,7.75,7.75,7.7522451419212,7.75129676394551,6.62097525306017,7.38539848996286,15.5044902838424,15.502593527891,16.1497887474046,11.7811794536957
162.2,7.75,7.75,7.75224250131399,7.75129455369865,6.62095881652162,7.38539103754712,15.504485002628,15.5025891073973,16.1499929327705,11.7812614828676
162.3,7.75,7.75,7.75223986400457,7.75129234690657,6.62094239594019,7.38538359748721,15.5044797280091,15.5025846938131,16.1501969218183,11.7813433746368
162.4,7.75,7.75,7.75223722998883,7.75129014356416,6.62092599130064,7.38537616976796,15.5044744599777,15.5025802871283,16.1504007147337,11.7814251291723
162.5,7.75,7.75,7.75223459926268,7.75128794366625,6.62090960258768,7.38536875437418,15.5044691985254,15.5025758873325,16.1506043117019,11.7815067466429
162.6,7.75,7.75,7.7522319728661,7.75128574830016,6.62089323484528,7.38536135520281,15.5044639457322,15.5025714966003,16.1508076506623,11.7815881837132
162.7,7.75,7.75,7.75222934979537,7.751283556414,6.62087688321873,7.38535396849325,15.5044586995907,15.502567112828,16.1510107913402,11.781669482203
162.8,7.75,7.75,7.75222672999792,7.75128136795189,6.62086054745793,7.38534659404868,15.5044534599958,15.5025627359038,16.1512137368104,11.7817506443011
162.9,7.75,7.75,7.75222411346968,7.75127918290874,6.62084422754772,7.38533923185402,15.5044482269394,15.5025583658175,16.1514164872573,11.7818316701751
163,7.75,7.75,7.7522215002066,7.75127700127948,6.62082792347293,7.3853318818942,15.5044430004132,15.502554002559,16.1516190428652,11.7819125599929
163.1,7.75,7.75,7.75221889124094,7.75127482414173,6.62081164024862,7.3853245480375,15.5044377824819,15.5025496482835,16.151821341924,11.7819932707381
163.2,7.75,7.75,7.75221628557644,7.75127265045298,6.62079537304792,7.38531722655094,15.5044325711529,15.502545300906,16.1520234438214,11.7820738439227
163.3,7.75,7.75,7.75221368316092,7.75127048015784,6.62077912162216,7.38530991723917,15.5044273663218,15.5025409603157,16.1522253516147,11.7821542817195
163.4,7.75,7.75,7.75221108399035,7.75126831325129,6.62076288595627,7.3853026200872,15.5044221679807,15.5025366265026,16.1524270654871,11.7822345842952
163.5,7.75,7.75,7.7522084880607,7.75126614972828,6.62074666603517,7.38529533508007,15.5044169761214,15.5025322994566,16.1526285856218,11.7823147518162
163.6,7.75,7.75,7.75220589639659,7.75126399065689,6.62073046684524,7.38528806605758,15.5044117927932,15.5025279813138,16.1528298506574,11.782394741583
163.7,7.75,7.75,7.75220330800915,7.75126183500386,6.62071428358724,7.38528080931423,15.5044066160183,15.5025236700077,16.1530309196459,11.7824745948023
163.8,7.75,7.75,7.75220072284659,7.75125968271432,6.62069811601393,7.38527356465607,15.5044014456932,15.5025193654286,16.1532317956271,11.7825543136307
163.9,7.75,7.75,7.75219814090492,7.75125753378327,6.62068196411032,7.38526633206823,15.5043962818098,15.5025150675665,16.1534324787832,11.7826338982339
164,7.75,7.75,7.75219556218014,7.75125538820573,6.62066582786144,7.38525911153586,15.5043911243603,15.5025107764115,16.1536329692962,11.7827133487771
164.1,7.75,7.75,7.75219298768927,7.75125324704032,6.62064971222515,7.38525190687048,15.5043859753785,15.5025064940806,16.1538332061514,11.7827926228755
164.2,7.75,7.75,7.75219041645079,7.75125110926293,6.62063361242968,7.38524471439385,15.5043808329016,15.5025022185259,16.1540332480669,11.7828717614323
164.3,7.75,7.75,7.75218784841329,7.75124897481919,6.6206175282292,7.38523753391344,15.5043756968266,15.5024979496384,16.1542330980654,11.7829507665884
164.4,7.75,7.75,7.75218528357281,7.75124684370416,6.62060145960883,7.38523036541451,15.5043705671456,15.5024936874083,16.1544327563279,11.7830296385082
164.5,7.75,7.75,7.75218272192539,7.7512447159129,6.62058540655367,7.38522320888228,15.5043654438508,15.5024894318258,16.1546322230353,11.7831083773559
164.6,7.75,7.75,7.75218016448053,7.75124259249465,6.62056937399327,7.3852160681002,15.5043603289611,15.5024851849893,16.1548314375173,11.7831869410591
164.7,7.75,7.75,7.75217761026395,7.7512404724344,6.62055335718312,7.38520893941713,15.5043552205279,15.5024809448688,16.1550304581604,11.7832653702197
164.8,7.75,7.75,7.75217505922466,7.75123835567825,6.62053735587882,7.38520182264194,15.5043501184493,15.5024767113565,16.1552292879701,11.7833436669629
164.9,7.75,7.75,7.75217251135872,7.75123624222132,6.62052137006558,7.38519471775997,15.5043450227174,15.5024724844426,16.1554279271263,11.7834218314519
165,7.75,7.75,7.75216996666221,7.75123413205872,6.62050539972861,7.38518762475657,15.5043399333244,15.5024682641174,16.1556263758089,11.7834998638499
165.1,7.75,7.75,7.75216742613714,7.75123202623039,6.62048944976927,7.38518054738731,15.5043348522743,15.5024640524608,16.1558245736899,11.7835777223947
165.2,7.75,7.75,7.75216488881647,7.75122992373033,6.62047351547019,7.38517348202792,15.5043297776329,15.5024598474607,16.156022578826,11.783655447389
165.3,7.75,7.75,7.75216235464959,7.75122782450513,6.62045759658837,7.38516642848867,15.5043247092992,15.5024556490103,16.1562203942058,11.7837330409423
165.4,7.75,7.75,7.75215982363257,7.75122572854993,6.62044169310911,7.38515938675503,15.5043196472651,15.5024514570999,16.156418020008,11.7838105032169
165.5,7.75,7.75,7.75215729576154,7.75122363585991,6.6204258050177,7.38515235681242,15.5043145915231,15.5024472717198,16.1566154564115,11.7838878343747
165.6,7.75,7.75,7.75215477203111,7.75122154746581,6.62040993718754,7.38514534238875,15.5043095440622,15.5024430949316,16.1568126434285,11.7839649929617
165.7,7.75,7.75,7.75215225148139,7.75121946237054,6.62039408492819,7.38513833988642,15.5043045029628,15.5024389247411,16.1570096387882,11.7840420189834
165.8,7.75,7.75,7.75214973406214,7.75121738052116,6.62037824799806,7.38513134911713,15.5042994681243,15.5024347610423,16.1572064454619,11.7841189145339
165.9,7.75,7.75,7.75214721976948,7.75121530191288,6.62036242638253,7.38512437006641,15.504294439539,15.5024306038258,16.1574030636277,11.7841956797743
166,7.75,7.75,7.75214470859954,7.7512132265409,6.62034662006699,7.38511740271981,15.5042894171991,15.5024264530818,16.1575994934629,11.7842723148654
166.1,7.75,7.75,7.75214220153962,7.75121115542687,6.62033083389702,7.38511045077773,15.5042844030792,15.5024223108537,16.1577956753184,11.7843487786592
166.2,7.75,7.75,7.75213969763691,7.75120908758252,6.62031506320898,7.3851035106691,15.5042793952738,15.502418175165,16.1579916665974,11.7844251108662
166.3,7.75,7.75,7.75213719684154,7.75120702295538,6.62029930776266,7.38509658220699,15.5042743936831,15.5024140459108,16.1581874702545,11.784501313565
166.4,7.75,7.75,7.75213469914967,7.7512049615407,6.62028356754353,7.38508966537704,15.5042693982993,15.5024099230814,16.1583830864665,11.7845773869157
166.5,7.75,7.75,7.75213220455748,7.75120290333374,6.62026784253706,7.3850827601649,15.504264409115,15.5024058066675,16.1585785154099,11.7846533310778
166.6,7.75,7.75,7.75212971404494,7.75120084934714,6.6202521375612,7.38507587024366,15.5042594280899,15.5024016986943,16.1587736977716,11.7847291052075
166.7,7.75,7.75,7.75212722666632,7.75119879860134,6.62023644797893,7.38506899206859,15.5042544533326,15.5023975972027,16.1589686906311,11.7848047487219
166.8,7.75,7.75,7.75212474237211,7.75119675104436,6.62022077355141,7.38506212545411,15.5042494847442,15.5023935020887,16.1591634969264,11.7848802636846
166.9,7.75,7.75,7.75212226115849,7.75119470667149,6.62020511426421,7.38505527038599,15.504244522317,15.502389413343,16.1593581168331,11.7849556502544
167,7.75,7.75,7.75211978302168,7.75119266547803,6.62018947010289,7.38504842684995,15.5042395660434,15.5023853309561,16.1595525505267,11.7850309085898
167.1,7.75,7.75,7.75211730893444,7.7511906284677,6.62017384585792,7.385041598492,15.5042346178689,15.5023812569354,16.1597467390281,11.7851059981488
167.2,7.75,7.75,7.75211483795799,7.75118859466959,6.62015823691875,7.38503478179353,15.504229675916,15.5023771893392,16.1599407390952,11.7851809580575
167.3,7.75,7.75,7.75211237004321,7.75118656403217,6.6201426430479,7.38502797657034,15.5042247400864,15.5023731280643,16.1601345536493,11.7852557903643
167.4,7.75,7.75,7.75210990518631,7.7511845365508,6.62012706423103,7.38502118280828,15.5042198103726,15.5023690731016,16.1603281828648,11.7853304952267
167.5,7.75,7.75,7.75210744338354,7.75118251222082,6.6201115004538,7.3850144004932,15.5042148867671,15.5023650244416,16.1605216269164,11.7854050728025
167.6,7.75,7.75,7.75210498560048,7.75118049203708,6.62009595647936,7.38500763324415,15.504209971201,15.5023609840742,16.160714827157,11.7854794828491
167.7,7.75,7.75,7.7521025309053,7.75117847503727,6.62008042772346,7.38500087756851,15.5042050618106,15.5023569500745,16.1609078400246,11.7855537642036
167.8,7.75,7.75,7.75210007924922,7.75117646117032,6.62006491395,7.38499413328343,15.5042001584984,15.5023529223406,16.161100668424,11.7856279188995
167.9,7.75,7.75,7.75209763062851,7.7511744504316,6.6200494151447,7.38498740037485,15.504195261257,15.5023489008632,16.1612933125287,11.7857019470931
168,7.75,7.75,7.75209518503941,7.75117244281652,6.62003393129332,7.38498067882872,15.5041903700788,15.502344885633,16.1614857725122,11.7857758489411
168.1,7.75,7.75,7.75209274344044,7.75117043931118,6.62001846713189,7.38497397223737,15.5041854868809,15.5023408786224,16.1616779900575,11.7858495844986
168.2,7.75,7.75,7.7520903049066,7.75116843896175,6.62000301810227,7.38496727713393,15.5041806098132,15.5023368779235,16.1618700212847,11.7859231923157
168.3,7.75,7.75,7.75208786938949,7.75116644171759,6.61998758396973,7.38496059333693,15.504175738779,15.5023328834352,16.1620618690823,11.7859966744108
168.4,7.75,7.75,7.7520854368854,7.75116444757415,6.61997216472007,7.3849539208324,15.5041708737708,15.5023288951483,16.1622535336226,11.7860700309393
168.5,7.75,7.75,7.75208300739062,7.75116245652686,6.61995676033914,7.38494725960637,15.5041660147812,15.5023249130537,16.1624450150781,11.7861432620567
168.6,7.75,7.75,7.7520805818566,7.75116046955317,6.619941375536,7.38494061322462,15.5041611637132,15.5023209391063,16.1626362554599,11.7862163281137
168.7,7.75,7.75,7.75207815936516,7.75115848570763,6.6199260057785,7.38493397824592,15.5041563187303,15.5023169714153,16.1628273105723,11.7862892673753
168.8,7.75,7.75,7.75207573986827,7.75115650494006,6.61991065083322,7.38492735449009,15.5041514797365,15.5023130098801,16.1630181832872,11.7863620818452
168.9,7.75,7.75,7.75207332336223,7.75115452724595,6.61989531068607,7.38492074194328,15.5041466467245,15.5023090544919,16.1632088737761,11.7864347716776
169,7.75,7.75,7.75207090984337,7.75115255262078,6.61987998532299,7.38491414059162,15.5041418196867,15.5023051052416,16.1633993822103,11.7865073370269
169.1,7.75,7.75,7.75206850025614,7.75115058203341,6.61986467942623,7.38490755397452,15.5041370005123,15.5023011640668,16.1635896509272,11.7865797385374
169.2,7.75,7.75,7.75206609368915,7.75114861454671,6.61984938848945,7.38490097867617,15.5041321873783,15.5022972290934,16.1637797354167,11.7866520141912
169.3,7.75,7.75,7.75206369009467,7.75114665011095,6.61983411228057,7.38489441451773,15.5041273801893,15.5022933002219,16.1639696385349,11.7867241659769
169.4,7.75,7.75,7.75206128946908,7.75114468872166,6.6198188507856,7.38488786148543,15.5041225789382,15.5022893774433,16.1641593604519,11.7867961940479
169.5,7.75,7.75,7.75205889180872,7.75114273037435,6.61980360399054,7.38488131956551,15.5041177836174,15.5022854607487,16.1643489013382,11.7868680985574
169.6,7.75,7.75,7.75205649805111,7.75114077602941,6.61978837655102,7.38487479227118,15.5041129961022,15.5022815520588,16.1645382038552,11.7869398404413
169.7,7.75,7.75,7.75205410729154,7.75113882475791,6.61977316398636,7.3848682762119,15.5041082145831,15.5022776495158,16.1647273231809,11.7870114574004
169.8,7.75,7.75,7.75205171948267,7.75113687651058,6.61975796606579,7.38486177121014,15.5041034389653,15.5022737530212,16.1649162621549,11.7870829514089
169.9,7.75,7.75,7.75204933462088,7.751134931283,6.61974278277543,7.38485527725222,15.5040986692418,15.502269862566,16.1651050209466,11.787154322619
170,7.75,7.75,7.75204695270255,7.75113298907071,6.61972761410134,7.38484879432447,15.5040939054051,15.5022659781414,16.1652935997253,11.7872255711829
170.1,7.75,7.75,7.75204457465833,7.75113105082569,6.61971246467269,7.38484232591413,15.5040891493167,15.5022621016514,16.1654819414747,11.7872966583259
170.2,7.75,7.75,7.75204219959014,7.75112911562716,6.61969733003429,7.3848358686557,15.5040843991803,15.5022582312543,16.1656701010623,11.7873676214698
170.3,7.75,7.75,7.752039827451,7.7511271834263,6.6196822099567,7.38482942237297,15.504079654902,15.5022543668526,16.165858081312,11.787438462574
170.4,7.75,7.75,7.75203745823732,7.7511252542187,6.61966710442611,7.38482298705236,15.5040749164746,15.5022505084374,16.1660458823919,11.7875091817898
170.5,7.75,7.75,7.7520350919455,7.75112332799998,6.61965201342869,7.38481656268029,15.504070183891,15.502246656,16.1662335044704,11.7875797792683
170.6,7.75,7.75,7.75203272949938,7.75112140571376,6.61963694156728,7.38481015271818,15.5040654589988,15.5022428114275,16.1664208908515,11.7876502165225
170.7,7.75,7.75,7.75203037000747,7.75111948644736,6.61962188441202,7.38480375382544,15.5040607400149,15.5022389728947,16.1666080960943,11.7877205306966
170.8,7.75,7.75,7.75202801342314,7.75111757015236,6.61960684173482,7.38479736582714,15.5040560268463,15.5022351403047,16.1667951230066,11.7877907237359
170.9,7.75,7.75,7.75202565974282,7.75111565682442,6.61959181352192,7.38479098870981,15.5040513194856,15.5022313136488,16.1669819717557,11.7878607957904
171,7.75,7.75,7.75202330896295,7.75111374645919,6.61957679975959,7.38478462245996,15.5040466179259,15.5022274929184,16.1671686425087,11.7879307470102
171.1,7.75,7.75,7.75202096200058,7.75111183999204,6.6195618050245,7.38477827051336,15.5040419240012,15.5022236799841,16.1673550788882,11.7880005391939
171.2,7.75,7.75,7.75201861797079,7.75110993651827,6.61954682491202,7.38477192955416,15.5040372359416,15.5022198730365,16.1675413351467,11.7880702092103
171.3,7.75,7.75,7.75201627682727,7.75110803598992,6.61953185919532,7.38476559940872,15.5040325536545,15.5022160719798,16.1677274140761,11.7881397589903
171.4,7.75,7.75,7.7520139385665,7.75110613840266,6.61951690786073,7.38475928006365,15.504027877133,15.5022122768053,16.1679133158427,11.788209188683
171.5,7.75,7.75,7.75201160318493,7.7511042437522,6.61950197089462,7.38475297150557,15.5040232063699,15.5022084875044,16.1680990406128,11.7882784984375
171.6,7.75,7.75,7.75200927159291,7.75110235296573,6.61948705284767,7.38474667714478,15.5040185431858,15.5022047059315,16.168284532325,11.7883476503356
171.7,7.75,7.75,7.752006942912,7.75110046514648,6.61947214934027,7.38474039368999,15.504013885824,15.502200930293,16.1684698449274,11.7884166809731
171.8,7.75,7.75,7.75200461709624,7.75109858024689,6.61945726014688,7.38473412096883,15.5040092341925,15.5021971604938,16.1686549811961,11.7884855922663
171.9,7.75,7.75,7.75200229414212,7.7510966982627,6.61944238525394,7.38472785896801,15.5040045882842,15.5021933965254,16.1688399412963,11.7885543843635
172,7.75,7.75,7.75199997404613,7.75109481918964,6.61942752464788,7.38472160767425,15.5039999480923,15.5021896383793,16.1690247253934,11.7886230574126
172.1,7.75,7.75,7.75199765771198,7.75109294394682,6.61941268285356,7.38471537047255,15.503995315424,15.5021858878936,16.1692092777405,11.7886915737772
172.2,7.75,7.75,7.75199534426764,7.75109107164529,6.61939785551623,7.38470914409601,15.5039906885353,15.5021821432906,16.1693936519828,11.7887599697813
172.3,7.75,7.75,7.75199303366749,7.75108920223793,6.61938304241167,7.38470292837354,15.503986067335,15.5021784044759,16.1695778508808,11.7888282473274
172.4,7.75,7.75,7.75199072590805,7.75108733572052,6.61936824352637,7.38469672329193,15.5039814518161,15.502174671441,16.1697618745987,11.7888964065623
172.5,7.75,7.75,7.75198842098586,7.75108547208882,6.61935345884687,7.38469052883799,15.5039768419717,15.5021709441776,16.1699457233008,11.7889644476333
172.6,7.75,7.75,7.751986119798,7.75108361225392,6.61933869287233,7.38468434837164,15.503972239596,15.5021672245078,16.170129341553,11.7890323331833
172.7,7.75,7.75,7.75198382147882,7.75108175533467,6.61932394127276,7.38467817865016,15.5039676429576,15.5021635106693,16.1703127826993,11.7891000992669
172.8,7.75,7.75,7.75198152598305,7.75107990128433,6.61930920382519,7.38467201950375,15.5039630519661,15.5021598025687,16.1704960494847,11.7891677477723
172.9,7.75,7.75,7.75197923330724,7.75107805009872,6.6192944805162,7.38466587091927,15.5039584666145,15.5021561001974,16.1706791420725,11.7892352788456
173,7.75,7.75,7.75197694344795,7.75107620177366,6.61927977133241,7.38465973288364,15.5039538868959,15.5021524035473,16.1708620606259,11.7893026926327
173.1,7.75,7.75,7.7519746572957,7.7510743572123,6.61926508074749,7.38465360873183,15.5039493145914,15.5021487144246,16.1710447500215,11.7893699520545
173.2,7.75,7.75,7.7519723739912,7.75107251554116,6.61925040445598,7.38464749524517,15.5039447479824,15.5021450310823,16.1712272633042,11.7894370928977
173.3,7.75,7.75,7.75197009348949,7.75107067671393,6.61923574223622,7.38464139225511,15.503940186979,15.5021413534279,16.1714096032034,11.7895041170366
173.4,7.75,7.75,7.75196781578714,7.75106884072647,6.61922109407486,7.38463529974863,15.5039356315743,15.5021376814529,16.1715917698815,11.7895710246161
173.5,7.75,7.75,7.75196554088076,7.75106700757464,6.61920645995859,7.3846292177127,15.5039310817615,15.5021340151493,16.1717737635007,11.7896378157814
173.6,7.75,7.75,7.75196326965437,7.75106517815372,6.61919184433573,7.38462314945755,15.5039265393087,15.5021303563074,16.1719555292465,11.7897044537289
173.7,7.75,7.75,7.75196100125494,7.75106335159784,6.61917724292525,7.38461709178839,15.5039220025099,15.5021267031957,16.1721371198663,11.7897709739794
173.8,7.75,7.75,7.75195873563785,7.75106152786112,6.61916265550674,7.38461104453792,15.5039174712757,15.5021230557222,16.1723185380743,11.7898373783934
173.9,7.75,7.75,7.75195647279971,7.75105970693944,6.61914808206694,7.38460500769319,15.5039129455994,15.5021194138789,16.1724997840317,11.7899036671149
174,7.75,7.75,7.75195421273713,7.7510578888287,6.61913352259262,7.38459898124129,15.5039084254743,15.5021157776574,16.1726808578999,11.7899698402879
174.1,7.75,7.75,7.75195195632771,7.7510560744164,6.61911898150691,7.38459296846783,15.5039039126554,15.5021121488328,16.1728617051713,11.7900358613828
174.2,7.75,7.75,7.75194970272464,7.75105426284423,6.61910445455303,7.38458696620177,15.5038994054493,15.5021085256885,16.1730423782978,11.7901017656562
174.3,7.75,7.75,7.75194745188363,7.75105245406668,6.61908994151184,7.384580974277,15.5038949037673,15.5021049081334,16.173222879978,11.7901675549549
174.4,7.75,7.75,7.75194520380132,7.75105064807968,6.61907544237015,7.3845749926807,15.5038904076026,15.5021012961594,16.1734032103726,11.7902332294219
174.5,7.75,7.75,7.75194295847433,7.75104884487919,6.61906095711482,7.38456902140003,15.5038859169487,15.5020976897584,16.1735833696416,11.7902987892001
174.6,7.75,7.75,7.75194071677389,7.75104704534498,6.61904649014392,7.38456306369619,15.5038814335478,15.50209409069,16.1737633035828,11.790364198032
174.7,7.75,7.75,7.75193847785936,7.7510452486262,6.61903203722482,7.38455711642168,15.5038769557187,15.5020904972524,16.1739430643542,11.7904294909119
174.8,7.75,7.75,7.75193624168676,7.75104345467776,6.6190175981396,7.38455117941163,15.5038724833735,15.5020869093555,16.1741226546393,11.7904946696729
174.9,7.75,7.75,7.75193400825277,7.75104166349563,6.61900317287516,7.3845452526533,15.5038680165055,15.5020833269913,16.1743020745976,11.790559734457
175,7.75,7.75,7.75193177755405,7.75103987507579,6.61898876141845,7.38453933613394,15.5038635551081,15.5020797501516,16.1744813243884,11.7906246854061
175.1,7.75,7.75,7.75192955045546,7.75103809029039,6.61897436814264,7.38453343309051,15.5038591009109,15.5020761805808,16.1746603501126,11.7906894865329
175.2,7.75,7.75,7.7519273261225,7.75103630829597,6.61895998883906,7.38452754039888,15.503854652245,15.5020726165919,16.1748392036361,11.7907541725711
175.3,7.75,7.75,7.75192510451153,7.75103452904783,6.61894562329105,7.38452165789541,15.5038502090231,15.5020690580957,16.1750178876276,11.7908187453403
175.4,7.75,7.75,7.75192288561922,7.75103275254199,6.61893127148559,7.38451578556744,15.5038457712384,15.502065505084,16.1751964022455,11.7908832049815
175.5,7.75,7.75,7.75192066944229,7.75103097877446,6.6189169334097,7.38450992340232,15.5038413388846,15.5020619575489,16.175374747648,11.7909475516357
175.6,7.75,7.75,7.7519184568393,7.75102920860983,6.61890261341181,7.38450407461294,15.5038369136786,15.5020584172197,16.1755528702377,11.7910117495836
175.7,7.75,7.75,7.75191624698183,7.75102744121197,6.61888830730708,7.38449823609837,15.5038324939637,15.5020548824239,16.1757308215901,11.7910758333004
175.8,7.75,7.75,7.75191403982654,7.75102567653656,6.61887401488008,7.38449240769619,15.5038280796531,15.5020513530731,16.1759086043588,11.7911398045922
175.9,7.75,7.75,7.75191183537016,7.75102391457967,6.61885973611788,7.38448658939383,15.5038236707403,15.5020478291593,16.1760862187013,11.791203663599
176,7.75,7.75,7.75190963360941,7.75102215533734,6.61884547100756,7.38448078117872,15.5038192672188,15.5020443106747,16.176263664775,11.7912674104608
176.1,7.75,7.75,7.75190743539662,7.75102039966668,6.61883122387297,7.38447498623983,15.5038148707932,15.5020407993334,16.176440889282,11.7913310097247
176.2,7.75,7.75,7.7519052399094,7.7510186467388,6.61881699055297,7.38446920149932,15.5038104798188,15.5020372934776,16.1766179435092,11.7913944956091
176.3,7.75,7.75,7.75190304710473,7.75101689650979,6.61880277083333,7.38446342679596,15.5038060942095,15.5020337930196,16.1767948300955,11.7914578699066
176.4,7.75,7.75,7.75190085697936,7.75101514897574,6.6187885647012,7.38445766211725,15.5038017139587,15.5020302979515,16.1769715491973,11.7915211327563
176.5,7.75,7.75,7.75189866953003,7.75101340413273,6.61877437214376,7.38445190745073,15.5037973390601,15.5020268082655,16.177148100971,11.7915842842972
176.6,7.75,7.75,7.7518964856029,7.75101166283045,6.6187601974604,7.38444616596163,15.5037929712058,15.5020233256609,16.1773244324167,11.7916472893409
176.7,7.75,7.75,7.75189430438155,7.7510099242472,6.61874603651352,7.38444043459497,15.5037886087631,15.5020198484944,16.1775005945345,11.7917101818507
176.8,7.75,7.75,7.75189212582327,7.75100818833945,6.61873188909012,7.38443471319075,15.5037842516465,15.5020163766789,16.1776765899483,11.7917729636059
176.9,7.75,7.75,7.75188994992483,7.75100645510333,6.61871775517742,7.38442900173656,15.5037798998497,15.5020129102067,16.1778524188137,11.7918356347447
177,7.75,7.75,7.75188777668302,7.75100472453497,6.61870363476268,7.38442330022,15.503775553366,15.5020094490699,16.1780280812862,11.7918981954052
177.1,7.75,7.75,7.75188560693785,7.75100299747669,6.61868953212099,7.38441761178274,15.5037712138757,15.5020059949534,16.1782035246618,11.7919606106615
177.2,7.75,7.75,7.75188343987881,7.75100127311392,6.61867544313816,7.38441193339254,15.5037668797576,15.5020025462278,16.1783787996556,11.7920229142236
177.3,7.75,7.75,7.75188127546354,7.75099955140351,6.61866136760239,7.38440626489057,15.5037625509271,15.501999102807,16.1785539088768,11.7920851078577
177.4,7.75,7.75,7.75187911368882,7.75099783234162,6.61864730550098,7.38440060626452,15.5037582273776,15.5019956646832,16.17872885248,11.7921471917011
177.5,7.75,7.75,7.75187695455145,7.75099611592442,6.61863325682125,7.38439495750207,15.5037539091029,15.5019922318488,16.1789036306199,11.7922091658907
177.6,7.75,7.75,7.75187479888536,7.75099440298695,6.61861922581419,7.38438932172147,15.5037495977707,15.5019888059739,16.1790781908866,11.7922709957617
177.7,7.75,7.75,7.75187264588595,7.75099269272171,6.61860520838882,7.38438369591309,15.5037452917719,15.5019853854434,16.1792525837119,11.7923327147724
177.8,7.75,7.75,7.75187049551112,7.75099098508589,6.61859120433456,7.38437807991925,15.5037409910222,15.5019819701718,16.1794268116904,11.792394324676
177.9,7.75,7.75,7.75186834775771,7.75098928007571,6.61857721363879,7.38437247372772,15.5037366955154,15.5019785601514,16.1796008749758,11.7924558256087
178,7.75,7.75,7.75186620262255,7.75098757768737,6.61856323628892,7.38436687732629,15.5037324052451,15.5019751553747,16.1797747737217,11.7925172177065
178.1,7.75,7.75,7.75186406093352,7.75098587874872,6.61854927651191,7.38436129380995,15.503728121867,15.5019717574974,16.1799484558109,11.7925784665637
178.2,7.75,7.75,7.75186192189183,7.7509841824592,6.61853533023992,7.38435572019148,15.5037238437837,15.5019683649184,16.1801219713935,11.7926396053888
178.3,7.75,7.75,7.75185978545573,7.75098248877642,6.61852139726354,7.38435015631438,15.5037195709115,15.5019649775528,16.1802953230495,11.7927006359219
178.4,7.75,7.75,7.75185765162207,7.75098079769661,6.61850747757025,7.38434460216651,15.5037153032441,15.5019615953932,16.1804685109316,11.7927615582983
178.5,7.75,7.75,7.75185552038768,7.75097910921601,6.61849357114751,7.38433905773575,15.5037110407754,15.501958218432,16.1806415351926,11.7928223726531
178.6,7.75,7.75,7.75185339257449,7.75097742415532,6.61847968219846,7.38433352609398,15.503706785149,15.5019548483106,16.180814344006,11.7928830448377
178.7,7.75,7.75,7.75185126738948,7.75097574172092,6.61846580667821,7.38432800427625,15.503702534779,15.5019514834418,16.180986987242,11.7929436078127
178.8,7.75,7.75,7.7518491447912,7.75097406187077,6.61845194437855,7.38432249212724,15.5036982895824,15.5019481237415,16.181159467466,11.7930040633052
178.9,7.75,7.75,7.75184702477652,7.75097238460113,6.61843809528702,7.38431698963489,15.503694049553,15.5019447692023,16.1813317848299,11.7930644114494
179,7.75,7.75,7.75184490734232,7.7509707099083,6.61842425939118,7.38431149678714,15.5036898146846,15.5019414198166,16.1815039394855,11.7931246523798
179.1,7.75,7.75,7.75184279330456,7.7509690386059,6.61841044087045,7.38430601663296,15.5036855866091,15.5019380772118,16.1816758798954,11.793184752203
179.2,7.75,7.75,7.75184068187598,7.75096736990715,6.61839663570277,7.38430054622953,15.503681363752,15.5019347398143,16.1818476556514,11.7932447436332
179.3,7.75,7.75,7.75183857301542,7.75096570377037,6.61838284368111,7.38429508542266,15.5036771460308,15.5019314075407,16.1820192693046,11.7933046283848
179.4,7.75,7.75,7.75183646671978,7.75096404019188,6.61836906479309,7.38428963420037,15.5036729334396,15.5019280803838,16.1821907210061,11.7933644065912
179.5,7.75,7.75,7.75183436298596,7.75096237916799,6.61835529902634,7.3842841925507,15.5036687259719,15.501924758336,16.1823620109065,11.7934240783856
179.6,7.75,7.75,7.75183226262404,7.75096072150533,6.61834155053672,7.38427876349985,15.5036645252481,15.5019214430107,16.182533087756,11.7934836101286
179.7,7.75,7.75,7.75183016485244,7.7509590664239,6.61832781532487,7.38427334412694,15.5036603297049,15.5019181328478,16.1827040008695,11.7935430342897
179.8,7.75,7.75,7.75182806963031,7.75095741388239,6.61831409318492,7.38426793427895,15.5036561392606,15.5019148277648,16.1828747527839,11.7936023525704
179.9,7.75,7.75,7.75182597695457,7.75095576387714,6.61830038410458,7.38426253394396,15.5036519539091,15.5019115277543,16.1830453436494,11.7936615651032
180,7.75,7.75,7.75182388682215,7.7509541164045,6.61828668807155,7.38425714311011,15.5036477736443,15.501908232809,16.1832157736158,11.7937206720206
180.1,7.75,7.75,7.75182180003727,7.75095247226417,6.61827300921827,7.38425176478099,15.5036436000745,15.5019049445283,16.1833859917187,11.7937796399348
180.2,7.75,7.75,7.75181971582401,7.75095083068286,6.61825934356793,7.38424639605752,15.503639431648,15.5019016613657,16.1835560469981,11.7938385010726
180.3,7.75,7.75,7.75181763414181,7.75094919161963,6.61824569091583,7.3842410367878,15.5036352682836,15.5018983832393,16.1837259419768,11.7938972571228
180.4,7.75,7.75,7.75181555498763,7.75094755507084,6.61823205124975,7.38423568696003,15.5036311099753,15.5018951101417,16.1838956768038,11.7939559082169
180.5,7.75,7.75,7.7518134783584,7.75094592103289,6.61821842455746,7.3842303465624,15.5036269567168,15.5018918420658,16.1840652516284,11.7940144544865
180.6,7.75,7.75,7.75181140505256,7.75094429029859,6.61820481494815,7.38422501857606,15.5036228101051,15.5018885805972,16.1842346157697,11.794072862794
180.7,7.75,7.75,7.75180933429979,7.75094266210133,6.6181912184674,7.38421970012358,15.5036186685996,15.5018853242027,16.1844038179946,11.7941311651249
180.8,7.75,7.75,7.75180726605982,7.75094103640049,6.61817763491169,7.38421439105421,15.5036145321196,15.501882072801,16.1845728608116,11.7941893631555
180.9,7.75,7.75,7.75180520032962,7.7509394131925,6.61816406426885,7.3842090913562,15.5036104006592,15.501878826385,16.1847417443691,11.7942474570163
181,7.75,7.75,7.75180313710618,7.75093779247377,6.61815050652674,7.38420380101784,15.5036062742124,15.5018755849475,16.1849104688151,11.794305446838
181.1,7.75,7.75,7.75180107718216,7.75093617503033,6.61813696577141,7.38419852299798,15.5036021543643,15.5018723500607,16.1850789837511,11.7943632997315
181.2,7.75,7.75,7.7517990197928,7.75093456010213,6.61812343807073,7.3841932544407,15.5035980395856,15.5018691202043,16.1852473376724,11.7944210474427
181.3,7.75,7.75,7.75179696489814,7.75093294764892,6.61810992322232,7.38418799519636,15.5035939297963,15.5018658952978,16.1854155330733,11.7944786916353
181.4,7.75,7.75,7.75179491249517,7.75093133766716,6.61809642121409,7.3841827452533,15.5035898249903,15.5018626753343,16.1855835701013,11.794536232439
181.5,7.75,7.75,7.75179286258088,7.7509297301533,6.61808293203398,7.38417750459989,15.5035857251618,15.5018594603066,16.1857514489037,11.7945936699836
181.6,7.75,7.75,7.75179081594224,7.75092812588661,6.61806945974503,7.38417227617283,15.5035816318845,15.5018562517732,16.1859191193622,11.7946509716267
181.7,7.75,7.75,7.75178877182,7.75092652411359,6.61805600043726,7.38416705713756,15.50357754364,15.5018530482272,16.1860866297022,11.7947081688762
181.8,7.75,7.75,7.7517867301745,7.75092492479433,6.61804255390944,7.38416184734555,15.503573460349,15.5018498495887,16.186253982404,11.7947652633835
181.9,7.75,7.75,7.75178469100274,7.75092332792532,6.61802912014956,7.38415664678523,15.5035693820055,15.5018466558506,16.1864211776143,11.7948222552774
182,7.75,7.75,7.75178265430174,7.75092173350304,6.61801569914561,7.38415145544505,15.5035653086035,15.5018434670061,16.1865882154793,11.7948791446867
182.1,7.75,7.75,7.75178062085282,7.7509201423001,6.6180022949378,7.38414627623972,15.5035612417056,15.5018402846002,16.1867550461598,11.7949358992141
182.2,7.75,7.75,7.75177858990219,7.75091855356946,6.61798890363816,7.38414110635588,15.5035571798044,15.5018371071389,16.1869217176125,11.7949925501312
182.3,7.75,7.75,7.75177656141046,7.75091696727154,6.61797552504658,7.38413594564611,15.5035531228209,15.5018339345431,16.1870882323041,11.795049099077
182.4,7.75,7.75,7.75177453537468,7.75091538340288,6.61796215915112,7.38413079409892,15.5035490707494,15.5018307668058,16.18725459038,11.7951055461795
182.5,7.75,7.75,7.75177251179189,7.75091380195999,6.61794880593986,7.38412565170284,15.5035450235838,15.50182760392,16.1874207919861,11.7951618915666
182.6,7.75,7.75,7.75177049143778,7.75091222370887,6.6179354694303,7.38412052135075,15.5035409828756,15.5018244474177,16.1875867875597,11.7952181030842
182.7,7.75,7.75,7.75176847356399,7.75091064790886,6.61792214575632,7.38411540025034,15.503536947128,15.5018212958177,16.1877526247911,11.7952742117693
182.8,7.75,7.75,7.75176645813143,7.75090907452075,6.61790883471896,7.38411028825529,15.5035329162629,15.5018181490415,16.1879183061329,11.7953302192488
182.9,7.75,7.75,7.75176444513715,7.75090750354111,6.61789553630636,7.3841051853542,15.5035288902743,15.5018150070822,16.1880838317301,11.7953861256497
183,7.75,7.75,7.75176243457823,7.75090593496647,6.61788225050665,7.38410009153566,15.5035248691565,15.5018118699329,16.1882492017271,11.7954419310991
183.1,7.75,7.75,7.75176042722479,7.75090436955627,6.61786898131477,7.38409500967088,15.5035208544496,15.5018087391125,16.1884143668373,11.7954976036844
183.2,7.75,7.75,7.75175842233385,7.75090280657623,6.61785572488633,7.38408993698847,15.5035168446677,15.5018056131525,16.1885793744852,11.7955531742097
183.3,7.75,7.75,7.75175641986659,7.75090124598746,6.61784248102351,7.38408487334319,15.5035128397332,15.5018024919749,16.1887442271101,11.7956086442896
183.4,7.75,7.75,7.7517544198201,7.75089968778654,6.61782924971449,7.38407981872371,15.5035088396402,15.5017993755731,16.1889089248558,11.7956640140504
183.5,7.75,7.75,7.75175242219148,7.75089813197006,6.61781603094751,7.38407477311872,15.503504844383,15.5017962639401,16.1890734678663,11.7957192836181
183.6,7.75,7.75,7.75175042774531,7.75089657929098,6.61780282869506,7.38406973937789,15.5035008554906,15.501793158582,16.1892378071283,11.7957744213202
183.7,7.75,7.75,7.75174843574396,7.75089502902126,6.61778963913436,7.38406471475058,15.5034968714879,15.5017900580425,16.1894019898029,11.7958294577294
183.8,7.75,7.75,7.75174644614889,7.75089348112239,6.61777646206869,7.38405969909266,15.5034928922978,15.5017869622448,16.1895660183158,11.7958843944482
183.9,7.75,7.75,7.75174445895722,7.75089193559096,6.61776329748632,7.38405469239286,15.5034889179144,15.5017838711819,16.18972989281,11.795939231602
184,7.75,7.75,7.75174247416606,7.7508903924236,6.61775014537555,7.38404969463995,15.5034849483321,15.5017807848472,16.1898936134284,11.795993969316
184.1,7.75,7.75,7.75174049253451,7.75088885236684,6.61773700968658,7.38404470866222,15.503480985069,15.5017777047337,16.19005713143,11.796048576156
184.2,7.75,7.75,7.75173851333025,7.75088731469887,6.6177238866181,7.38403973172966,15.5034770266605,15.5017746293977,16.1902204937139,11.7961030824648
184.3,7.75,7.75,7.75173653651501,7.75088577938149,6.61771077597449,7.3840347636992,15.50347307303,15.501771558763,16.1903837026922,11.7961574898329
184.4,7.75,7.75,7.75173456208592,7.75088424641135,6.61769767774412,7.38402980455967,15.5034691241718,15.5017684928227,16.190546758507,11.796211798385
184.5,7.75,7.75,7.75173259004013,7.75088271578509,6.61768459191533,7.3840248542999,15.5034651800803,15.5017654315702,16.1907096613005,11.7962660082452
184.6,7.75,7.75,7.7517306211313,7.75088118824288,6.61767152241617,7.38401991572695,15.5034612422626,15.5017623764858,16.190872362602,11.7963200882161
184.7,7.75,7.75,7.75172865463235,7.75087966306908,6.61765846546668,7.3840149861313,15.5034573092647,15.5017593261382,16.1910349090504,11.7963740684122
184.8,7.75,7.75,7.75172669050529,7.75087814022583,6.61764542087234,7.38401006537093,15.5034533810106,15.5017562804517,16.191197303044,11.7964279504122
184.9,7.75,7.75,7.7517247287473,7.75087661970978,6.61763238862157,7.38400515343475,15.5034494574946,15.5017532394196,16.1913595447243,11.7964817343399
185,7.75,7.75,7.75172276935552,7.75087510151763,6.61761936870282,7.38400025031168,15.503445538711,15.5017502030353,16.1915216342325,11.7965354203185
185.1,7.75,7.75,7.75172081307822,7.75087358638323,6.61760636502208,7.3839953587877,15.5034416261564,15.5017471727665,16.191683523367,11.7965889773856
185.2,7.75,7.75,7.75171885919355,7.75087207359705,6.6175933738206,7.3839904761736,15.5034377183871,15.5017441471941,16.1918452585076,11.796642435429
185.3,7.75,7.75,7.75171690766378,7.75087056312155,6.61758039490499,7.38398560232843,15.5034338153276,15.5017411262431,16.1920068420393,11.7966957960158
185.4,7.75,7.75,7.7517149584861,7.75086905495343,6.61756742826372,7.38398073724119,15.5034299169722,15.5017381099069,16.1921682741028,11.7967490592687
185.5,7.75,7.75,7.7517130116577,7.7508675490894,6.6175544738853,7.38397588090087,15.5034260233154,15.5017350981788,16.1923295548384,11.7968022253104
185.6,7.75,7.75,7.75171106792149,7.75086604625707,6.61754153565384,7.3839710360725,15.503422135843,15.5017320925141,16.1924906363117,11.7968552634113
185.7,7.75,7.75,7.75170912656078,7.75086454575296,6.61752860983168,7.38396620008708,15.5034182531216,15.5017290915059,16.1926515646452,11.7969082032347
185.8,7.75,7.75,7.75170718753811,7.75086304753985,6.6175156962265,7.38396137280472,15.5034143750762,15.5017260950797,16.1928123422108,11.7969610463356
185.9,7.75,7.75,7.75170525085071,7.75086155161448,6.61750279482686,7.38395655421446,15.5034105017014,15.501723103229,16.192972969148,11.7970137928361
186,7.75,7.75,7.75170331649578,7.75086005797358,6.61748990562133,7.3839517443054,15.5034066329916,15.5017201159472,16.1931334455965,11.7970664428577
186.1,7.75,7.75,7.75170138521092,7.75085856733857,6.61747703247226,7.38394694582177,15.5034027704218,15.5017171346771,16.1932937238876,11.7971189659029
186.2,7.75,7.75,7.75169945628456,7.75085707901198,6.61746417166295,7.38394215611462,15.5033989125691,15.501714158024,16.1934538498879,11.7971713914114
186.3,7.75,7.75,7.75169752967954,7.75085559295689,6.61745132300215,7.3839373750451,15.5033950593591,15.5017111859138,16.193613825956,11.7972237209265
186.4,7.75,7.75,7.75169560539308,7.75085410917007,6.61743848647849,7.38393260260235,15.5033912107862,15.5017082183401,16.1937736522308,11.7972759545695
186.5,7.75,7.75,7.75169368342242,7.7508526276483,6.61742566208063,7.38392783877551,15.5033873668448,15.5017052552966,16.1939333288509,11.7973280924611
186.6,7.75,7.75,7.75169176449989,7.75085114910686,6.61741285364928,7.38392308628818,15.5033835289998,15.5017022982137,16.194092808412,11.7973801043337
186.7,7.75,7.75,7.751689847919,7.7508496728542,6.61740005748856,7.38391834251134,15.503379695838,15.5016993457084,16.1942521365261,11.7974320194053
186.8,7.75,7.75,7.75168793364287,7.75084819885374,6.61738727340832,7.38391360730715,15.5033758672857,15.5016963977075,16.1944113155389,11.7974838392076
186.9,7.75,7.75,7.75168602166874,7.75084672710227,6.61737450139724,7.38390888066484,15.5033720433375,15.5016934542045,16.1945703455883,11.7975355638609
187,7.75,7.75,7.75168411199385,7.75084525759661,6.61736174144405,7.38390416257362,15.5033682239877,15.5016905151932,16.1947292268122,11.7975871934852
187.1,7.75,7.75,7.75168220534533,7.75084379104594,6.61734899736796,7.38389945573661,15.5033644106907,15.5016875820919,16.1948879120687,11.7976386980415
187.2,7.75,7.75,7.75168030102174,7.75084232676463,6.6173362654938,7.38389475754453,15.5033606020435,15.5016846535293,16.1950464467171,11.7976901065272
187.3,7.75,7.75,7.75167839898644,7.75084086471638,6.61732354563248,7.38389006786059,15.5033567979729,15.5016817294328,16.1952048330901,11.7977414204627
187.4,7.75,7.75,7.75167649923671,7.75083940489802,6.61731083777277,7.38388538667408,15.5033529984734,15.501678809796,16.1953630713246,11.7977926399673
187.5,7.75,7.75,7.75167460176982,7.75083794730639,6.61729814190345,7.38388071397431,15.5033492035396,15.5016758946128,16.1955211615579,11.7978437651604
187.6,7.75,7.75,7.7516727073077,7.75083649264469,6.61728546182236,7.38387605244402,15.5033454146154,15.5016729852894,16.1956790569089,11.7978947662296
187.7,7.75,7.75,7.75167081515391,7.75083504023307,6.61727279387492,7.38387139949357,15.5033416303078,15.5016700804661,16.1958368024857,11.7979456719537
187.8,7.75,7.75,7.7516689252721,7.75083359003557,6.6172601378731,7.3838667549872,15.5033378505442,15.5016671800711,16.195994400608,11.7979964838416
187.9,7.75,7.75,7.75166703765956,7.75083214204904,6.61724749380574,7.38386211891428,15.5033340753191,15.5016642840981,16.1961518514119,11.7980472020118
188,7.75,7.75,7.75166515231357,7.75083069627035,6.61723486166167,7.38385749126417,15.5033303046271,15.5016613925407,16.1963091550338,11.7980978265828
188.1,7.75,7.75,7.75166326995092,7.75082925339674,6.61722224521752,7.38385287469941,15.5033265399018,15.5016585067935,16.1964662648521,11.7981483279677
188.2,7.75,7.75,7.75166138988015,7.75082781275413,6.61720964083914,7.38384826664986,15.5033227797603,15.5016556255083,16.1966232257251,11.7981987347278
188.3,7.75,7.75,7.75165951206517,7.75082637430686,6.61719704833957,7.38384366698078,15.5033190241303,15.5016527486137,16.1967800399596,11.7982490483608
188.4,7.75,7.75,7.75165763650327,7.75082493805183,6.6171844677077,7.38383907568159,15.5033152730065,15.5016498761037,16.1969367076909,11.7982992689844
188.5,7.75,7.75,7.75165576319178,7.75082350398593,6.61717189893246,7.38383449274175,15.5033115263836,15.5016470079719,16.1970932290546,11.7983493967161
188.6,7.75,7.75,7.75165389284237,7.75082207280048,6.61715934576934,7.38382992080372,15.5033077856847,15.501644145601,16.1972495576868,11.7983994021929
188.7,7.75,7.75,7.75165202476852,7.75082064382714,6.61714680460453,7.38382535731671,15.503304049537,15.5016412876543,16.1974057381978,11.7984493137602
188.8,7.75,7.75,7.75165015893439,7.75081921703055,6.61713427525212,7.38382080214699,15.5033003178688,15.5016384340611,16.1975617728813,11.7984991329046
188.9,7.75,7.75,7.75164829533729,7.75081779240762,6.61712175770107,7.38381625528407,15.5032965906746,15.5016355848152,16.197717661872,11.7985488597428
189,7.75,7.75,7.75164643397458,7.75081636995528,6.61710925194037,7.38381171671748,15.5032928679492,15.5016327399106,16.1978734053046,11.7985984943917
189.1,7.75,7.75,7.75164457555286,7.75081495035901,6.61709676170453,7.38380718906973,15.5032891511057,15.501629900718,16.1980289570715,11.7986480077104
189.2,7.75,7.75,7.75164271939051,7.75081353295612,6.61708428339996,7.38380266980928,15.503285438781,15.5016270659122,16.1981843615362,11.7986974278299
189.3,7.75,7.75,7.75164086545193,7.75081211771155,6.61707181684178,7.38379815880337,15.5032817309039,15.5016242354231,16.1983396209797,11.7987467562257
189.4,7.75,7.75,7.75163901373447,7.75081070462226,6.61705936201901,7.38379365604161,15.5032780274689,15.5016214092445,16.1984947355359,11.7987959930138
189.5,7.75,7.75,7.75163716423549,7.75080929368519,6.61704691892072,7.38378916151359,15.503274328471,15.5016185873704,16.1986497053386,11.7988451383101
189.6,7.75,7.75,7.75163531765659,7.75080788558004,6.61703449126057,7.38378467782203,15.5032706353132,15.5016157711601,16.1988044845352,11.7988941631944
189.7,7.75,7.75,7.75163347332098,7.75080647964971,6.61702207546503,7.38378020245446,15.503266946642,15.5016129592994,16.1989591172437,11.7989430955851
189.8,7.75,7.75,7.75163163119333,7.75080507585946,6.61700967135027,7.38377573527916,15.5032632623867,15.5016101517189,16.1991136057324,11.7989919369464
189.9,7.75,7.75,7.75162979127102,7.75080367420626,6.6169972789054,7.38377127628578,15.503259582542,15.5016073484125,16.1992679501345,11.7990406873934
190,7.75,7.75,7.75162795355141,7.75080227468709,6.61698489811952,7.38376682546399,15.5032559071028,15.5016045493742,16.1994221505831,11.7990893470415
190.1,7.75,7.75,7.75162611873112,7.75080087797589,6.61697253268557,7.38376238539686,15.5032522374622,15.5016017559518,16.1995761614786,11.7991378871894
190.2,7.75,7.75,7.75162428613818,7.75079948342115,6.61696017905,7.38375795359088,15.5032485722764,15.5015989668423,16.1997300266952,11.7991863355442
190.3,7.75,7.75,7.75162245573751,7.7507980909884,6.61694783702999,7.3837535299153,15.503244911475,15.5015961819768,16.1998837484889,11.7992346935591
190.4,7.75,7.75,7.7516206275265,7.75079670067466,6.61693550661473,7.38374911435985,15.503241255053,15.5015934013493,16.2000373269918,11.7992829613485
190.5,7.75,7.75,7.75161880150256,7.75079531247691,6.61692318779338,7.38374470691427,15.5032376030051,15.5015906249538,16.2001907623363,11.7993311390268
190.6,7.75,7.75,7.75161697835733,7.75079392706344,6.61691088423828,7.38374031014212,15.5032339567147,15.5015878541269,16.2003440091746,11.7993791981105
190.7,7.75,7.75,7.75161515742365,7.75079254378821,6.61689859241571,7.38373592156871,15.5032303148473,15.5015850875764,16.2004971111385,11.7994271660967
190.8,7.75,7.75,7.75161333866667,7.75079116261706,6.6168863121439,7.38373154106428,15.5032266773333,15.5015823252341,16.2006500704713,11.7994750444277
190.9,7.75,7.75,7.7516115220838,7.75078978354703,6.61687404341207,7.38372716861862,15.5032230441676,15.5015795670941,16.2008028873046,11.7995228332171
191,7.75,7.75,7.75160970767247,7.75078840657514,6.61686178620948,7.38372280422155,15.5032194153449,15.5015768131503,16.2009555617697,11.7995705325786
191.1,7.75,7.75,7.75160789611944,7.75078703236403,6.61684954418796,7.38371845041723,15.5032157922389,15.5015740647281,16.2011080487693,11.7996181142446
191.2,7.75,7.75,7.75160608676225,7.75078566027313,6.61683731383355,7.38371410474969,15.5032121735245,15.5015713205463,16.2012603916941,11.7996656055039
191.3,7.75,7.75,7.75160427956632,7.75078429026857,6.61682509496545,7.38370976709011,15.5032085591326,15.5015685805371,16.2014125927751,11.799713007788
191.4,7.75,7.75,7.75160247452908,7.75078292234741,6.61681288757299,7.38370543742839,15.5032049490582,15.5015658446948,16.201564652143,11.7997603212096
191.5,7.75,7.75,7.75160067164799,7.75078155650671,6.61680069164546,7.3837011157544,15.503201343296,15.5015631130134,16.2017165699284,11.7998075458817
191.6,7.75,7.75,7.75159887160491,7.75078019340351,6.61678851081437,7.38369680459306,15.5031977432098,15.501560386807,16.2018683012827,11.7998546537512
191.7,7.75,7.75,7.75159707374211,7.75077883240264,6.61677634158533,7.38369250150695,15.5031941474842,15.5015576648053,16.2020198893571,11.7999016719
191.8,7.75,7.75,7.75159527802525,7.75077747347054,6.61676418377857,7.38368820636825,15.5031905560505,15.5015549469411,16.2021713363702,11.7999486017488
191.9,7.75,7.75,7.75159348445178,7.75077611660428,6.61675203738347,7.38368391916689,15.5031869689036,15.5015522332086,16.202322642452,11.7999954434096
192,7.75,7.75,7.75159169301917,7.75077476180095,6.61673990238941,7.38367963989283,15.5031833860383,15.5015495236019,16.2024738077322,11.8000421969944
192.1,7.75,7.75,7.75158990440447,7.75077340971207,6.61672778240764,7.38367537105188,15.5031798088089,15.5015468194241,16.2026247876095,11.8000888346633
192.2,7.75,7.75,7.7515881179546,7.75077205970783,6.61671567396326,7.38367111022504,15.5031762359092,15.5015441194157,16.2027756249972,11.8001353832928
192.3,7.75,7.75,7.75158633363546,7.75077071175493,6.61670357687753,7.38366685728546,15.5031726672709,15.5015414235099,16.2029263221014,11.8001818442927
192.4,7.75,7.75,7.75158455144454,7.75076936585048,6.61669149113987,7.38366261222315,15.5031691028891,15.501538731701,16.2030768790514,11.8002282177744
192.5,7.75,7.75,7.75158277137932,7.7507680219916,6.61667941673973,7.38365837502813,15.5031655427586,15.5015360439832,16.2032272959761,11.800274503849
192.6,7.75,7.75,7.75158099411205,7.75076668082432,6.61666735726825,7.38365414818723,15.5031619882241,15.5015333616486,16.2033775285201,11.8003206748883
192.7,7.75,7.75,7.75157921899429,7.75076534172414,6.6166553092699,7.38364992929977,15.5031584379886,15.5015306834483,16.2035276193598,11.8003667575646
192.8,7.75,7.75,7.75157744599218,7.75076400465805,6.61664327256693,7.38364571823982,15.5031548919844,15.5015280093161,16.2036775706894,11.8004127532771
192.9,7.75,7.75,7.75157567510323,7.75076266962318,6.61663124714883,7.38364151499749,15.5031513502065,15.5015253392464,16.2038273826371,11.8004586621365
193,7.75,7.75,7.75157390632493,7.75076133661667,6.61661923300511,7.38363731956286,15.5031478126499,15.5015226732333,16.2039770553313,11.8005044842531
193.1,7.75,7.75,7.75157214032479,7.75076000627915,6.61660723370694,7.38363313440391,15.5031442806496,15.5015200125583,16.2041265446608,11.8005501922086
193.2,7.75,7.75,7.75157037645896,7.75075867799134,6.61659524581802,7.38362895713814,15.5031407529179,15.5015173559827,16.2042758930668,11.800595812473
193.3,7.75,7.75,7.75156861469381,7.75075735172052,6.61658326916159,7.38362478764057,15.5031372293876,15.501514703441,16.2044251027313,11.8006413464348
193.4,7.75,7.75,7.75156685502688,7.75075602746385,6.61657130372723,7.38362062590138,15.5031337100538,15.5015120549277,16.2045741737818,11.8006867942038
193.5,7.75,7.75,7.75156509745567,7.75075470521851,6.61655934950448,7.38361647191072,15.5031301949113,15.501509410437,16.2047231063459,11.8007321558897
193.6,7.75,7.75,7.75156334264299,7.75075338561972,6.61654741004466,7.38361232811784,15.503126685286,15.5015067712394,16.2048718565552,11.8007774042828
193.7,7.75,7.75,7.75156158994952,7.75075206805344,6.61653548193059,7.3836081921583,15.503123179899,15.5015041361069,16.2050204666173,11.8008225656518
193.8,7.75,7.75,7.7515598393419,7.75075075248721,6.61652356498653,7.38360406390808,15.5031196786838,15.5015015049744,16.2051689387018,11.8008676413749
193.9,7.75,7.75,7.75155809081766,7.75074943891821,6.61651165920209,7.3835999433574,15.5031161816353,15.5014988778364,16.2053172729356,11.8009126315609
194,7.75,7.75,7.75155634437435,7.75074812734366,6.61649976456689,7.38359583049649,15.5031126887487,15.5014962546873,16.2054654694456,11.8009575363189
194.1,7.75,7.75,7.75155460067007,7.75074681839344,6.61648788461249,7.38359172775603,15.5031092013401,15.5014936367869,16.2056134846048,11.8010023286463
194.2,7.75,7.75,7.75155285907004,7.75074551145868,6.61647601594074,7.38358763278948,15.5031057181401,15.5014910229174,16.2057613603883,11.801047034612
194.3,7.75,7.75,7.75155111954113,7.75074420650718,6.61646415837687,7.38358354547376,15.5031022390823,15.5014884130144,16.2059090989537,11.8010916555838
194.4,7.75,7.75,7.75154938208089,7.75074290353617,6.61645231191055,7.38357946579917,15.5030987641618,15.5014858070723,16.2060567004271,11.8011361916697
194.5,7.75,7.75,7.75154764668688,7.75074160254287,6.61644047653149,7.383575393756,15.5030952933738,15.5014832050857,16.2062041649348,11.8011806429781
194.6,7.75,7.75,7.75154591401258,7.75074030415189,6.61642865575159,7.38357133175647,15.5030918280252,15.5014806083038,16.2063514490896,11.8012249827122
194.7,7.75,7.75,7.75154418342767,7.75073900775947,6.61641684619162,7.38356727747185,15.5030883668553,15.5014780155189,16.2064985946356,11.8012692367423
194.8,7.75,7.75,7.75154245489927,7.75073771333368,6.61640504767777,7.38356323077998,15.5030849097985,15.5014754266674,16.2066456037185,11.8013134064259
194.9,7.75,7.75,7.75154072842494,7.75073642087179,6.61639326019979,7.38355919167123,15.5030814568499,15.5014728417436,16.2067924764638,11.8013574918704
195,7.75,7.75,7.75153900400227,7.75073513037102,6.61638148374744,7.38355516013597,15.5030780080045,15.501470260742,16.2069392129967,11.8014014931832
195.1,7.75,7.75,7.75153728228013,7.75073384245078,6.61636972181311,7.38355113856807,15.5030745645603,15.5014676849016,16.2070857701689,11.801445383772
195.2,7.75,7.75,7.75153556263265,7.75073255651234,6.61635797103637,7.3835471246565,15.5030711252653,15.5014651130247,16.2072321894946,11.80148918931
195.3,7.75,7.75,7.75153384502717,7.75073127252408,6.61634623124438,7.38354311828001,15.5030676900543,15.5014625450482,16.2073784731077,11.8015329111444
195.4,7.75,7.75,7.75153212946129,7.75072999048325,6.61633450242693,7.38353911942903,15.5030642589226,15.5014599809665,16.207524621133,11.801576549382
195.5,7.75,7.75,7.7515304159326,7.75072871038713,6.61632278457386,7.383535128094,15.5030608318652,15.5014574207743,16.2076706336949,11.8016201041292
195.6,7.75,7.75,7.75152870508541,7.75072743284992,6.61631108115817,7.38353114665061,15.5030574101708,15.5014548656998,16.2078164678822,11.8016635489968
195.7,7.75,7.75,7.75152699629826,7.75072615727794,6.61629938883809,7.38352717280536,15.5030539925965,15.5014523145559,16.2079621649809,11.8017069094622
195.8,7.75,7.75,7.75152528953872,7.7507248836398,6.61628770744175,7.38352320643792,15.5030505790774,15.5014497672796,16.208107727113,11.8017501868624
195.9,7.75,7.75,7.75152358480442,7.7507236119328,6.61627603695902,7.38351924753879,15.5030471696088,15.5014472238656,16.2082531544026,11.8017933813035
196,7.75,7.75,7.75152188209296,7.75072234215425,6.61626437737977,7.38351529609848,15.5030437641859,15.5014446843085,16.2083984469733,11.8018364928912
196.1,7.75,7.75,7.75152018204411,7.7507210749132,6.61625273215775,7.38351135447461,15.5030403640882,15.5014421498264,16.2085435621498,11.8018794954376
196.2,7.75,7.75,7.7515184840408,7.75071980962093,6.61624109796973,7.3835074203911,15.5030369680816,15.5014396192419,16.208688540991,11.801922414226
196.3,7.75,7.75,7.75151678805084,7.75071854624634,6.61622947464481,7.38350349372854,15.5030335761017,15.5014370924927,16.2088333856073,11.8019652505833
196.4,7.75,7.75,7.75151509407185,7.75071728478674,6.61621786217293,7.38349957447749,15.5030301881437,15.5014345695735,16.2089780961218,11.8020080046146
196.5,7.75,7.75,7.75151340210147,7.75071602523946,6.61620626054401,7.38349566262852,15.5030268042029,15.5014320504789,16.2091226726577,11.802050676425
196.6,7.75,7.75,7.75151171277496,7.75071476820848,6.61619467319264,7.38349176052131,15.5030234255499,15.501429536417,16.2092670727738,11.8020932400267
196.7,7.75,7.75,7.7515100254796,7.75071351310999,6.61618309681405,7.38348786589709,15.5030200509592,15.50142702622,16.2094113373034,11.80213572051
196.8,7.75,7.75,7.75150834018342,7.75071225991316,6.61617153123828,7.38348397863735,15.5030166803668,15.5014245198263,16.2095554683453,11.8021781191917
196.9,7.75,7.75,7.75150665688407,7.75071100861533,6.61615997645533,7.38348009873272,15.5030133137681,15.5014220172307,16.2096994660219,11.8022204361763
197,7.75,7.75,7.7515049755792,7.75070975921383,6.61614843245519,7.38347622617384,15.5030099511584,15.5014195184277,16.2098433304557,11.8022626715681
197.1,7.75,7.75,7.75150329689962,7.75070851230762,6.6161369026534,7.38347236328256,15.5030065937992,15.5014170246152,16.2099870194383,11.8023047995779
197.2,7.75,7.75,7.75150162023691,7.75070726731777,6.61612538376353,7.3834685078173,15.5030032404738,15.5014145346355,16.2101305735789,11.8023468451045
197.3,7.75,7.75,7.75149994555933,7.7507060242137,6.61611387561658,7.38346465966045,15.5029998911187,15.5014120484274,16.2102739949646,11.8023888094546
197.4,7.75,7.75,7.75149827286454,7.75070478299277,6.61610237820259,7.3834608188027,15.5029965457291,15.5014095659855,16.2104172837171,11.802430692732
197.5,7.75,7.75,7.75149660215022,7.75070354365236,6.61609089151162,7.38345698523475,15.5029932043004,15.5014070873047,16.2105604399581,11.8024724950403
197.6,7.75,7.75,7.75149493404275,7.75070230678641,6.61607941894028,7.38345316126077,15.5029898680855,15.5014046135728,16.2107034217109,11.8025141907877
197.7,7.75,7.75,7.75149326793797,7.75070107182084,6.61606795722036,7.38344934465624,15.5029865358759,15.5014021436417,16.2108462693616,11.8025558046825
197.8,7.75,7.75,7.75149160380438,7.75069983872531,6.61605650618381,7.38344553530444,15.5029832076088,15.5013996774506,16.2109889849859,11.8025973380216
197.9,7.75,7.75,7.75148994163967,7.75069860749721,6.61604506582074,7.38344173319612,15.5029798832793,15.5013972149944,16.2111315687049,11.8026387909081
198,7.75,7.75,7.75148828144151,7.75069737813395,6.61603363612125,7.38343793832205,15.502976562883,15.5013947562679,16.2112740206392,11.8026801634449
198.1,7.75,7.75,7.75148662383189,7.75069615122452,6.61602222046314,7.38343415296883,15.5029732476638,15.501392302449,16.2114162990427,11.8027214302359
198.2,7.75,7.75,7.75148496821092,7.75069492619963,6.61601081559633,7.38343037492889,15.5029699364218,15.5013898523993,16.2115584440797,11.8027626158007
198.3,7.75,7.75,7.7514833145473,7.75069370302919,6.61599942135369,7.38342660408638,15.5029666290946,15.5013874060584,16.2117004578144,11.8028037214262
198.4,7.75,7.75,7.75148166283874,7.75069248171063,6.61598803772539,7.38342284043213,15.5029633256775,15.5013849634213,16.2118423403671,11.8028447472149
198.5,7.75,7.75,7.75148001308294,7.75069126224136,6.61597666470161,7.38341908395697,15.5029600261659,15.5013825244827,16.211984091858,11.8028856932689
198.6,7.75,7.75,7.75147836589752,7.75069004520548,6.61596530564143,7.38341533693004,15.502956731795,15.501380090411,16.2121256707696,11.8029265343866
198.7,7.75,7.75,7.7514767206868,7.75068883003844,6.61595395731278,7.38341159716061,15.5029534413736,15.5013776600769,16.2122671170458,11.8029672949001
198.8,7.75,7.75,7.7514750774197,7.75068761671041,6.61594261954947,7.38340786453371,15.5029501548394,15.5013752334208,16.2124084327397,11.8030079760865
198.9,7.75,7.75,7.75147343609396,7.75068640521884,6.61593129234171,7.38340413904023,15.5029468721879,15.5013728104377,16.2125496179707,11.8030485780474
199,7.75,7.75,7.75147179670728,7.75068519556116,6.61591997567975,7.38340042067106,15.5029435934146,15.5013703911223,16.2126906728583,11.8030891008843
199.1,7.75,7.75,7.75147015987297,7.75068398831662,6.61590867290409,7.38339671167803,15.5029403197459,15.5013679766332,16.2128315561125,11.8031295195889
199.2,7.75,7.75,7.75146852499951,7.75068278292536,6.61589738080056,7.38339300988711,15.502937049999,15.5013655658507,16.2129723074583,11.8031698583067
199.3,7.75,7.75,7.75146689205607,7.75068157935782,6.61588609920387,7.38338931518419,15.5029337841121,15.5013631587156,16.2131129289372,11.8032101183054
199.4,7.75,7.75,7.75146526104037,7.75068037761145,6.61587482810431,7.38338562756023,15.5029305220807,15.5013607552229,16.2132534206682,11.8032502996858
199.5,7.75,7.75,7.75146363195015,7.75067917768372,6.61586356749219,7.38338194700619,15.5029272639003,15.5013583553674,16.21339378277,11.8032904025486
199.6,7.75,7.75,7.75146200539442,7.75067798014905,6.61585232068952,7.3833782757567,15.5029240107888,15.5013559602981,16.2135339741786,11.8033304020774
199.7,7.75,7.75,7.75146038078582,7.75067678445226,6.61584108449992,7.38337461165431,15.5029207615716,15.5013535689045,16.2136740344013,11.8033703222327
199.8,7.75,7.75,7.75145875809371,7.75067559056402,6.61582985875905,7.38337095458579,15.5029175161874,15.501351181128,16.2138139654686,11.8034101642724
199.9,7.75,7.75,7.75145713731585,7.75067439848181,6.61581864345723,7.38336730454215,15.5029142746317,15.5013487969636,16.2139537674986,11.8034499282967
200,7.75,7.75,7.75145551845,7.75067320820312,6.61580743858483,7.38336366151443,15.5029110369,15.5013464164062,16.2140934406093,11.8034896144057
200.1,7.75,7.75,7.7514539021009,7.75067202029762,6.6157962474455,7.38336002772015,15.5029078042018,15.5013440405952,16.2142329439615,11.8035291979733
200.2,7.75,7.75,7.7514522876853,7.75067083421471,6.61578506686054,7.38335640101835,15.5029045753706,15.5013416684294,16.2143723168462,11.8035687027765
200.3,7.75,7.75,7.75145067517278,7.75066964992533,6.61577389666652,7.38335278129667,15.5029013503456,15.5013392998507,16.2145115612826,11.8036081300634
200.4,7.75,7.75,7.75144906456112,7.75066846742699,6.61576273685383,7.38334916854618,15.5028981291222,15.501336934854,16.214650677388,11.8036474799337
200.5,7.75,7.75,7.75144745584809,7.75066728671718,6.6157515874129,7.38334556275796,15.5028949116962,15.5013345734344,16.2147896652799,11.8036867524866
200.6,7.75,7.75,7.75144584963421,7.75066610836085,6.61574045162911,7.3833419661326,15.5028916992684,15.5013322167217,16.2149284843425,11.8037259232853
200.7,7.75,7.75,7.75144424534032,7.75066493181199,6.61572932634136,7.38333837654548,15.5028884906806,15.501329863624,16.2150671736516,11.8037650159242
200.8,7.75,7.75,7.7514426429362,7.75066375704177,6.6157182113871,7.38333479388509,15.5028852858724,15.5013275140835,16.2152057352153,11.8038040316422
200.9,7.75,7.75,7.75144104241965,7.75066258404771,6.6157071067568,7.38333121814257,15.5028820848393,15.5013251680954,16.2153441691503,11.8038429705379
201,7.75,7.75,7.75143944378846,7.75066141282736,6.61569601244094,7.38332764930907,15.5028788875769,15.5013228256547,16.2154824755733,11.8038818327102
201.1,7.75,7.75,7.75143784763896,7.75066024394095,6.61568493170675,7.38332408956832,15.5028756952779,15.5013204878819,16.2156206140908,11.8039205939098
201.2,7.75,7.75,7.75143625339603,7.75065907684702,6.6156738614106,7.38332053681196,15.5028725067921,15.501318153694,16.2157586235645,11.8039592775502
201.3,7.75,7.75,7.75143466102967,7.75065791151697,6.61566280139085,7.38331699092933,15.5028693220593,15.5013158230339,16.2158965059916,11.8039978848606
201.4,7.75,7.75,7.75143307053769,7.75065674794836,6.61565175163803,7.38331345191162,15.5028661410754,15.5013134958967,16.2160342614881,11.8040364159392
201.5,7.75,7.75,7.75143148191791,7.75065558613875,6.61564071214267,7.38330991975004,15.5028629638358,15.5013111722775,16.21617189017,11.804074870884
201.6,7.75,7.75,7.75142989576249,7.75065442664373,6.61562968615397,7.3833063966116,15.502859791525,15.5013088532875,16.2163093518645,11.8041132256323
201.7,7.75,7.75,7.75142831150032,7.75065326892633,6.61561867054566,7.38330288040408,15.5028566230006,15.5013065378527,16.2164466852209,11.8041515034176
201.8,7.75,7.75,7.75142672910163,7.75065211295819,6.61560766515701,7.38329937101763,15.5028534582033,15.5013042259164,16.2165838922253,11.8041897054599
201.9,7.75,7.75,7.75142514856424,7.7506509587369,6.61559666997859,7.38329586844354,15.5028502971285,15.5013019174738,16.216720972993,11.8042278318566
202,7.75,7.75,7.75142356988598,7.75064980626003,6.615585685001,7.38329237267308,15.502847139772,15.5012996125201,16.2168579276394,11.804265882705
202.1,7.75,7.75,7.75142199365487,7.75064865607858,6.6155747134555,7.38328888585662,15.5028439873097,15.5012973121572,16.2169947162112,11.8043038341276
202.2,7.75,7.75,7.75142041930382,7.75064750766003,6.61556375223309,7.38328540591798,15.5028408386076,15.5012950153201,16.2171313771463,11.8043417091794
202.3,7.75,7.75,7.75141884680324,7.75064636097626,6.61555280117394,7.38328193274815,15.5028376936065,15.5012927219525,16.2172679124199,11.8043795090709
202.4,7.75,7.75,7.75141727615099,7.75064521602487,6.61554186026867,7.38327846633847,15.502834552302,15.5012904320497,16.2174043221467,11.804417233899
202.5,7.75,7.75,7.7514157073449,7.75064407280345,6.61553092950792,7.38327500668025,15.5028314146898,15.5012881456069,16.2175406064413,11.8044548837602
202.6,7.75,7.75,7.7514141409689,7.75064293185846,6.61552001210515,7.38327155590742,15.5028282819378,15.5012858637169,16.2176767255687,11.8044924349609
202.7,7.75,7.75,7.75141257645985,7.75064179266178,6.61550910496852,7.38326811195967,15.5028251529197,15.5012835853236,16.2178127177566,11.8045299103788
202.8,7.75,7.75,7.75141101378838,7.75064065518552,6.61549820793907,7.38326467472883,15.5028220275768,15.501281310371,16.2179485849696,11.8045673112152
202.9,7.75,7.75,7.75140945295235,7.75063951942731,6.61548732100749,7.38326124420629,15.5028189059047,15.5012790388546,16.2180843273214,11.8046046375662
203,7.75,7.75,7.75140789394961,7.75063838538477,6.61547644416448,7.38325782038345,15.5028157878992,15.5012767707695,16.2182199449262,11.8046418895277
203.1,7.75,7.75,7.75140633736005,7.75063725359982,6.61546558060578,7.38325440537784,15.5028126747201,15.5012745071996,16.2183553982657,11.8046790435886
203.2,7.75,7.75,7.75140478262442,7.75063612354873,6.61545472725659,7.38325099714493,15.5028095652488,15.5012722470975,16.2184907253589,11.8047161224506
203.3,7.75,7.75,7.75140322971357,7.75063499520383,6.61544388395886,7.38324759557741,15.5028064594271,15.5012699904077,16.2186259281595,11.8047531273058
203.4,7.75,7.75,7.75140167862538,7.75063386856278,6.61543305070331,7.38324420066671,15.5028033572508,15.5012677371256,16.2187610067807,11.8047900582495
203.5,7.75,7.75,7.75140012935773,7.75063274362322,6.61542222748071,7.38324081240428,15.5028002587155,15.5012654872464,16.2188959613359,11.804826915377
203.6,7.75,7.75,7.75139858248644,7.75063162092259,6.61541141746919,7.3832374328914,15.5027971649729,15.5012632418452,16.2190307525224,11.8048636753587
203.7,7.75,7.75,7.75139703745618,7.7506304999415,6.6154006176109,7.38323406009925,15.5027940749124,15.501260999883,16.2191654181518,11.8049003607212
203.8,7.75,7.75,7.75139549423801,7.7506293806525,6.61538982774867,7.38323069392129,15.502790988476,15.501258761305,16.2192999601668,11.8049369726475
203.9,7.75,7.75,7.75139395282981,7.75062826305328,6.6153790478733,7.38322733434904,15.5027879056596,15.5012565261066,16.2194343786801,11.8049735112323
204,7.75,7.75,7.75139241322948,7.75062714714149,6.61536827797557,7.38322398137402,15.502784826459,15.501254294283,16.2195686738044,11.8050099765702
204.1,7.75,7.75,7.75139087600884,7.75062603345015,6.61535752121612,7.38322063708133,15.5027817520177,15.5012520669003,16.2197028064514,11.8050463455117
204.2,7.75,7.75,7.75138934061644,7.75062492146414,6.61534677455398,7.38321729945773,15.5027786812329,15.5012498429283,16.2198368142262,11.8050826404097
204.3,7.75,7.75,7.75138780702351,7.75062381115627,6.61533603783282,7.38321396839752,15.502775614047,15.5012476223125,16.219970699061,11.8051188624381
204.4,7.75,7.75,7.75138627522797,7.75062270252423,6.6153253110435,7.38321064389226,15.5027725504559,15.5012454050485,16.2201044610678,11.805155011691
204.5,7.75,7.75,7.75138474522773,7.75062159556569,6.61531459417687,7.38320732593353,15.5027694904555,15.5012431911314,16.2202381003585,11.8051910882624
204.6,7.75,7.75,7.75138321759065,7.75062049080928,6.61530389037617,7.3832040165904,15.5027664351813,15.5012409816186,16.220371578058,11.8052270691815
204.7,7.75,7.75,7.75138169176908,7.75061938774413,6.61529319661717,7.38320071386509,15.5027633835382,15.5012387754883,16.2205049315663,11.8052629766287
204.8,7.75,7.75,7.7513801677345,7.75061828634327,6.61528251274441,7.38319741765271,15.502760335469,15.5012365726865,16.220638162805,11.805298811769
204.9,7.75,7.75,7.75137864548481,7.75061718660442,6.61527183874881,7.38319412794488,15.5027572909696,15.5012343732088,16.2207712718852,11.8053345746958
205,7.75,7.75,7.75137712501795,7.75061608852528,6.61526117462127,7.38319084473322,15.5027542500359,15.5012321770506,16.2209042589184,11.8053702655025
205.1,7.75,7.75,7.75137560689783,7.75061499263011,6.61525052348773,7.38318757007092,15.5027512137957,15.5012299852602,16.2210370852413,11.8054058613957
205.2,7.75,7.75,7.75137409058062,7.75061389841226,6.61523988234062,7.38318430197552,15.5027481811612,15.5012277968245,16.2211697880499,11.8054413843848
205.3,7.75,7.75,7.75137257603798,7.75061280584499,6.61522925102535,7.38318104034294,15.502745152076,15.50122561169,16.2213023692552,11.8054768356257
205.4,7.75,7.75,7.75137106326785,7.75061171492603,6.61521862953288,7.38317778516486,15.5027421265357,15.5012234298521,16.2214348289679,11.8055122152112
205.5,7.75,7.75,7.75136955226817,7.7506106256531,6.61520801785417,7.38317453643298,15.5027391045363,15.5012212513062,16.2215671672985,11.805547523234
205.6,7.75,7.75,7.75136804359894,7.75060953854615,6.61519741909796,7.38317129618464,15.5027360871979,15.5012190770923,16.2216993457945,11.805582737077
205.7,7.75,7.75,7.75136653672011,7.7506084531027,6.61518683027325,7.38316806245267,15.5027330734402,15.5012169062054,16.2218314014491,11.8056178785795
205.8,7.75,7.75,7.75136503160354,7.75060736929624,6.61517625122628,7.38316483513375,15.5027300632071,15.5012147385925,16.2219633361629,11.8056529488888
205.9,7.75,7.75,7.75136352824718,7.75060628712451,6.61516568194808,7.38316161421964,15.5027270564944,15.501212574249,16.2220951500458,11.8056879480967
206,7.75,7.75,7.75136202664899,7.75060520658527,6.61515512242967,7.38315839970208,15.502724053298,15.5012104131705,16.2222268432079,11.8057228762955
206.1,7.75,7.75,7.75136052736508,7.75060412819417,6.61514457576269,7.38315519360273,15.5027210547302,15.5012082563883,16.2223583774058,11.8057577110431
206.2,7.75,7.75,7.75135902985916,7.75060305145289,6.6151340389726,7.38315199396955,15.5027180597183,15.5012061029058,16.2224897894312,11.80579247401
206.3,7.75,7.75,7.75135753410328,7.75060197633512,6.61512351190649,7.38314880070003,15.5027150682066,15.5012039526702,16.2226210811743,11.8058271663344
206.4,7.75,7.75,7.75135604009541,7.75060090283863,6.61511299455544,7.38314561378596,15.5027120801908,15.5012018056773,16.2227522527445,11.8058617881079
206.5,7.75,7.75,7.75135454783352,7.7505998309612,6.61510248691053,7.38314243321915,15.502709095667,15.5011996619224,16.2228833042511,11.8058963394218
206.6,7.75,7.75,7.75135305786988,7.75059876121424,6.61509199204641,7.38313926100567,15.5027061157398,15.5011975224285,16.2230141976588,11.805930798008
206.7,7.75,7.75,7.75135156967191,7.75059769310353,6.61508150700488,7.38313609520852,15.5027031393438,15.5011953862071,16.2231449695591,11.8059651853693
206.8,7.75,7.75,7.75135008321184,7.75059662660299,6.6150710316339,7.38313293572596,15.5027001664237,15.501193253206,16.2232756218317,11.8059995026352
206.9,7.75,7.75,7.75134859848768,7.75059556171039,6.61506056592459,7.38312978254986,15.5026971969754,15.5011911234208,16.2234061545853,11.8060337498966
207,7.75,7.75,7.75134711549741,7.75059449842354,6.61505010986809,7.38312663567208,15.5026942309948,15.5011889968471,16.2235365679287,11.8060679272442
207.1,7.75,7.75,7.75134563478947,7.75059343724966,6.61503966652215,7.3831234970832,15.5026912695789,15.5011868744993,16.2236668240335,11.8061020125826
207.2,7.75,7.75,7.75134415583497,7.75059237769857,6.61502923294486,7.38312036486115,15.5026883116699,15.5011847553971,16.2237969592919,11.8061360272478
207.3,7.75,7.75,7.75134267860635,7.75059131974442,6.61501880898499,7.38311723890498,15.5026853572127,15.5011826394888,16.2239269755734,11.806169972361
207.4,7.75,7.75,7.75134120310162,7.75059026338502,6.61500839463372,7.38311411920661,15.5026824062032,15.50118052677,16.2240568729862,11.8062038480122
207.5,7.75,7.75,7.75133972931877,7.75058920861816,6.61499798988224,7.38311100575797,15.5026794586375,15.5011784172363,16.2241866516381,11.8062376542915
207.6,7.75,7.75,7.75133825780247,7.75058815594692,6.61498759777153,7.38310790053425,15.5026765156049,15.5011763118938,16.2243162739067,11.806271369275
207.7,7.75,7.75,7.75133678802747,7.75058710488515,6.61497721537582,7.38310480162822,15.5026735760549,15.5011742097703,16.224445775986,11.8063050141334
207.8,7.75,7.75,7.75133531996642,7.75058605540721,6.61496684254473,7.3831017089397,15.5026706399328,15.5011721108144,16.2245751597354,11.8063385899791
207.9,7.75,7.75,7.75133385361732,7.75058500751091,6.6149564792695,7.38309862246067,15.5026677072346,15.5011700150218,16.2247044252623,11.8063720969017
208,7.75,7.75,7.75133238897821,7.75058396119409,6.61494612554135,7.38309554218309,15.5026647779564,15.5011679223882,16.2248335726741,11.8064055349905
208.1,7.75,7.75,7.75133092658996,7.7505829169557,6.61493578438459,7.38309247006692,15.5026618531799,15.5011658339114,16.2249625645527,11.8064388824918
208.2,7.75,7.75,7.75132946593099,7.75058187431357,6.61492545288951,7.38308940421964,15.502658931862,15.5011637486271,16.2250914368952,11.8064721604122
208.3,7.75,7.75,7.7513280069741,7.75058083324226,6.61491513090657,7.38308634454184,15.5026560139482,15.5011616664845,16.225220191551,11.8065053698556
208.4,7.75,7.75,7.75132654971735,7.75057979373964,6.61490481842704,7.38308329102554,15.5026530994347,15.5011595874793,16.2253488286268,11.8065385109108
208.5,7.75,7.75,7.75132509415876,7.75057875580353,6.61489451544222,7.38308024366279,15.5026501883175,15.5011575116071,16.2254773482294,11.8065715836667
208.6,7.75,7.75,7.75132364083548,7.7505777199288,6.61488422495981,7.38307720439837,15.502647281671,15.5011554398576,16.2256057131438,11.8066045665384
208.7,7.75,7.75,7.75132218922953,7.75057668563726,6.61487394408609,7.38307417135438,15.5026443784591,15.5011533712745,16.2257339591717,11.8066374803696
208.8,7.75,7.75,7.75132073931391,7.75057565290366,6.61486367267233,7.38307114443217,15.5026414786278,15.5011513058073,16.2258620881521,11.8066703262556
208.9,7.75,7.75,7.75131929108668,7.75057462172588,6.61485341070986,7.38306812362383,15.5026385821734,15.5011492434518,16.2259901001913,11.8067031042847
209,7.75,7.75,7.75131784454588,7.75057359210178,6.61484315819003,7.38306510892144,15.5026356890918,15.5011471842036,16.2261179953953,11.8067358145451
209.1,7.75,7.75,7.75131640022497,7.75057256452217,6.61483291810405,7.38306210225476,15.5026328004499,15.5011451290443,16.2262457367513,11.8067684356197
209.2,7.75,7.75,7.75131495760952,7.75057153851276,6.61482268757407,7.38305910176039,15.502629915219,15.5011430770255,16.2263733598664,11.8068009881905
209.3,7.75,7.75,7.75131351667275,7.75057051404855,6.61481246645219,7.38305610734044,15.5026270333455,15.5011410280971,16.2265008665696,11.8068334733441
209.4,7.75,7.75,7.7513120774127,7.75056949112741,6.61480225472979,7.38305311898705,15.5026241548254,15.5011389822548,16.2266282569665,11.8068658911684
209.5,7.75,7.75,7.75131063982746,7.75056846974723,6.61479205239827,7.38305013669238,15.5026212796549,15.5011369394945,16.2267555311626,11.8068982417508
209.6,7.75,7.75,7.75130920444678,7.75056745039479,6.61478186243245,7.38304716237121,15.5026184088936,15.5011349007896,16.2268826523458,11.8069305038411
209.7,7.75,7.75,7.7513077707598,7.7505664325997,6.61477168197027,7.38304419417457,15.5026155415196,15.5011328651994,16.22700965593,11.8069626979602
209.8,7.75,7.75,7.75130633873992,7.75056541633716,6.61476151086463,7.38304123200533,15.5026126774798,15.5011308326743,16.227136543734,11.8069948251867
209.9,7.75,7.75,7.75130490838521,7.75056440160506,6.61475134910697,7.38303827585569,15.5026098167704,15.5011288032101,16.227263315863,11.8070268856076
210,7.75,7.75,7.75130347969374,7.75056338840131,6.61474119668872,7.38303532571783,15.5026069593875,15.5011267768026,16.2273899724218,11.8070588793099
210.1,7.75,7.75,7.75130205319164,7.75056237720871,6.61473105656845,7.38303238349174,15.5026041063833,15.5011247544174,16.227516476798,11.8070907852086
210.2,7.75,7.75,7.75130062837158,7.75056136756072,6.61472092589975,7.38302944734273,15.5026012567432,15.5011227351214,16.2276428642131,11.8071226236653
210.3,7.75,7.75,7.75129920520711,7.75056035943274,6.61471080453635,7.38302651717442,15.5025984104142,15.5011207188655,16.2277691364762,11.8071543957501
210.4,7.75,7.75,7.75129778369634,7.75055935282269,6.61470069246973,7.38302359297906,15.5025955673927,15.5011187056454,16.2278952936918,11.8071861015494
210.5,7.75,7.75,7.75129636383736,7.75055834772849,6.61469058969138,7.3830206747489,15.5025927276747,15.501116695457,16.228021335964,11.8072177411496
210.6,7.75,7.75,7.75129494615266,7.75055734462899,6.61468049914366,7.38301776436918,15.5025898923053,15.501114689258,16.228147226879,11.8072492936301
210.7,7.75,7.75,7.75129353013841,7.75055634306149,6.61467041799577,7.38301486001944,15.5025870602768,15.501112686123,16.2282730014672,11.8072807791939
210.8,7.75,7.75,7.75129211576836,7.75055534300156,6.61466034610224,7.38301196160404,15.5025842315367,15.5011106860031,16.2283986615279,11.8073121989029
210.9,7.75,7.75,7.75129070304061,7.75055434444716,6.6146502834546,7.38300906911527,15.5025814060812,15.5011086888943,16.2285242071648,11.8073435528429
211,7.75,7.75,7.75128929195328,7.75055334739622,6.61464023004439,7.38300618254544,15.5025785839066,15.5011066947924,16.2286496384815,11.8073748410996
211.1,7.75,7.75,7.75128788302527,7.75055235232369,6.61463018879788,7.38300330376516,15.5025757660505,15.5011047046474,16.2287749192615,11.8074060429156
211.2,7.75,7.75,7.75128647575621,7.75055135877064,6.61462015689975,7.38300043096808,15.5025729515124,15.5011027175413,16.2289000843453,11.8074371783366
211.3,7.75,7.75,7.75128507012003,7.75055036671286,6.61461013420534,7.3829975640593,15.5025701402401,15.5011007334257,16.2290251355223,11.8074682484162
211.4,7.75,7.75,7.75128366611485,7.7505493761483,6.61460012070624,7.38299470303116,15.5025673322297,15.5010987522966,16.2291500728956,11.8074992532397
211.5,7.75,7.75,7.75128226373881,7.75054838707493,6.61459011639403,7.38299184787603,15.5025645274776,15.5010967741499,16.2292748965683,11.8075301928921
211.6,7.75,7.75,7.75128086350723,7.75054739996382,6.61458012417898,7.38298900044999,15.5025617270145,15.5010947999276,16.22939957052,11.8075610467781
211.7,7.75,7.75,7.75127946492318,7.75054641435978,6.61457014126119,7.3829861589607,15.5025589298464,15.5010928287196,16.2295241294022,11.8075918347871
211.8,7.75,7.75,7.7512780679608,7.75054543023881,6.61456016749677,7.38298332331399,15.5025561359216,15.5010908604776,16.2296485749948,11.8076225579645
211.9,7.75,7.75,7.7512766726182,7.75054444759887,6.61455020287737,7.38298049350226,15.5025533452364,15.5010888951977,16.2297729074001,11.807653216395
212,7.75,7.75,7.75127527889353,7.75054346643796,6.61454024739464,7.38297766951793,15.5025505577871,15.5010869328759,16.2298971267207,11.8076838101631
212.1,7.75,7.75,7.75127388729859,7.7505424872233,6.61453030394292,7.38297485320265,15.5025477745972,15.5010849744466,16.2300211971312,11.8077143188342
212.2,7.75,7.75,7.75127249733986,7.75054150950342,6.61452036973762,7.382972042778,15.5025449946797,15.5010830190068,16.2301451530954,11.8077447621427
212.3,7.75,7.75,7.75127110899165,7.75054053325451,6.61451044463567,7.38296923815053,15.5025422179833,15.501081066509,16.2302689963834,11.8077751411259
212.4,7.75,7.75,7.7512697222521,7.75053955847456,6.61450052862875,7.3829664393127,15.5025394445042,15.5010791169491,16.2303927270971,11.8078054558678
212.5,7.75,7.75,7.75126833711936,7.75053858516157,6.61449062170856,7.38296364625698,15.5025366742387,15.5010771703231,16.2305163453382,11.8078357064524
212.6,7.75,7.75,7.75126695410171,7.75053761377897,6.61448072675363,7.3829608608107,15.5025339082034,15.5010752275579,16.2306398154754,11.8078658726048
212.7,7.75,7.75,7.75126557270905,7.75053664387896,6.6144708409946,7.38295808120925,15.5025311454181,15.5010732877579,16.2307631717857,11.8078959739053
212.8,7.75,7.75,7.75126419291583,7.75053567543794,6.61446096428918,7.3829553073599,15.5025283858317,15.5010713508759,16.2308864160297,11.8079260113831
212.9,7.75,7.75,7.75126281472024,7.75053470845391,6.6144510966291,7.38295253925517,15.5025256294405,15.5010694169078,16.2310095483086,11.8079559851218
213,7.75,7.75,7.75126143812043,7.75053374292489,6.6144412380061,7.38294977688758,15.5025228762409,15.5010674858498,16.2311325687236,11.8079858952047
213.1,7.75,7.75,7.75126006362119,7.75053277931053,6.61443139128301,7.38294702207024,15.5025201272424,15.5010655586211,16.2312554418361,11.8080157215155
213.2,7.75,7.75,7.75125869073579,7.75053181716669,6.6144215537056,7.38294427305225,15.5025173814716,15.5010636343334,16.2313782017376,11.8080454834816
213.3,7.75,7.75,7.75125731943886,7.75053085646995,6.61441172513235,7.3829415297416,15.5025146388777,15.5010617129399,16.231500850179,11.8080751821241
213.4,7.75,7.75,7.75125594972859,7.75052989721834,6.61440190555504,7.38293879213086,15.5025118994572,15.5010597944367,16.231623387261,11.8081048175261
213.5,7.75,7.75,7.75125458160315,7.75052893940989,6.61439209496548,7.38293606021261,15.5025091632063,15.5010578788198,16.2317458130842,11.8081343897702
213.6,7.75,7.75,7.75125321556389,7.75052798350052,6.61438229621086,7.38293333578583,15.5025064311278,15.501055967001,16.2318680924015,11.8081638788978
213.7,7.75,7.75,7.75125185112739,7.7505270290497,6.61437250655199,7.38293061711324,15.5025037022548,15.5010540580994,16.23199025912,11.8081933041841
213.8,7.75,7.75,7.75125048826847,7.75052607603421,6.61436272584812,7.38292790410356,15.5025009765369,15.5010521520684,16.2321123149812,11.8082226666426
213.9,7.75,7.75,7.75124912698534,7.75052512445208,6.61435295409111,7.38292519674939,15.5024982539707,15.5010502489042,16.2322342600851,11.8082519663555
214,7.75,7.75,7.75124776727617,7.75052417430138,6.61434319127279,7.38292249504337,15.5024955345523,15.5010483486028,16.2323560945317,11.808281203405
214.1,7.75,7.75,7.75124640963888,7.7505232260343,6.61433344022482,7.38291980077046,15.5024928192778,15.5010464520686,16.2324777832644,11.8083103579889
214.2,7.75,7.75,7.75124505359337,7.75052227921392,6.61432369822298,7.38291711220691,15.5024901071867,15.5010445584278,16.232599360007,11.8083394492315
214.3,7.75,7.75,7.75124369911464,7.75052133381718,6.61431396512728,7.38291442926212,15.5024873982293,15.5010426676344,16.2327208264913,11.8083684781385
214.4,7.75,7.75,7.75124234620089,7.75052038984217,6.61430424092963,7.38291175192878,15.5024846924018,15.5010407796843,16.232842182817,11.8083974447915
214.5,7.75,7.75,7.75124099485033,7.75051944728693,6.61429452562191,7.38290908019955,15.5024819897007,15.5010388945739,16.2329634290834,11.8084263492721
214.6,7.75,7.75,7.75123964555746,7.75051850660001,6.61428482202034,7.38290641584548,15.5024792911149,15.5010370132,16.2330845304232,11.8084551719333
214.7,7.75,7.75,7.75123829784546,7.75051756734803,6.61427512741557,7.38290375715625,15.5024765956909,15.5010351346961,16.233205520378,11.8084839317497
214.8,7.75,7.75,7.75123695168952,7.75051662950812,6.61426544166838,7.38290110404197,15.502473903379,15.5010332590162,16.2333264006702,11.8085126297192
214.9,7.75,7.75,7.75123560708785,7.75051569307838,6.61425576477071,7.38289845649535,15.5024712141757,15.5010313861568,16.2334471713988,11.8085412659228
215,7.75,7.75,7.75123426403867,7.7505147580569,6.61424609671451,7.38289581450915,15.5024685280773,15.5010295161138,16.2335678326626,11.8085698404415
215.1,7.75,7.75,7.75123292303309,7.75051382488854,6.61423644030063,7.38289317984055,15.5024658460662,15.5010276497771,16.2336883497826,11.8085983337826
215.2,7.75,7.75,7.75123158359757,7.75051289314347,6.61422679283451,7.38289055079258,15.5024631671951,15.5010257862869,16.233808756119,11.8086267647719
215.3,7.75,7.75,7.75123024570747,7.75051196279902,6.6142171541777,7.38288792727605,15.5024604914149,15.501023925598,16.2339290533849,11.8086551343995
215.4,7.75,7.75,7.75122890936099,7.75051103385328,6.61420752432218,7.38288530928372,15.502457818722,15.5010220677066,16.2340492416789,11.8086834427459
215.5,7.75,7.75,7.7512275745564,7.75051010630436,6.61419790325994,7.3828826968084,15.5024551491128,15.5010202126087,16.234169321099,11.8087116898915
215.6,7.75,7.75,7.75122624178143,7.75050918059353,6.61418829377659,7.38288009159354,15.5024524835629,15.5010183611871,16.2342892571534,11.8087398564966
215.7,7.75,7.75,7.75122491056578,7.75050825629443,6.61417869319225,7.38287749195543,15.5024498211316,15.5010165125889,16.2344090830223,11.8087679612396
215.8,7.75,7.75,7.75122358088498,7.75050733338458,6.61416910136922,7.38287489780554,15.50244716177,15.5010146667692,16.2345288004094,11.8087960051026
215.9,7.75,7.75,7.75122225273727,7.7505064118621,6.61415951829954,7.38287230913671,15.5024445054745,15.5010128237242,16.2346484094126,11.8088239881657
216,7.75,7.75,7.75122092612089,7.7505054917251,6.61414994397524,7.38286972594177,15.5024418522418,15.5010109834502,16.2347679101295,11.8088519105087
216.1,7.75,7.75,7.75121960152026,7.75050457341129,6.61414038116678,7.38286714995056,15.5024392030405,15.5010091468226,16.2348872682542,11.808879752944
216.2,7.75,7.75,7.75121827846832,7.75050365649776,6.61413082720886,7.38286457949251,15.5024365569366,15.5010073129955,16.2350065167879,11.8089075340031
216.3,7.75,7.75,7.75121695694072,7.75050274096222,6.61412128196455,7.38286201447978,15.5024339138814,15.5010054819244,16.2351256574251,11.8089352546608
216.4,7.75,7.75,7.75121563693575,7.75050182680279,6.61411174542592,7.38285945490526,15.5024312738715,15.5010036536056,16.2352446902629,11.8089629149963
216.5,7.75,7.75,7.75121431845165,7.75050091401761,6.61410221758507,7.38285690076184,15.5024286369033,15.5010018280352,16.2353636153986,11.8089905150892
216.6,7.75,7.75,7.75121300196954,7.75050000304084,6.61409270119737,7.38285435376581,15.5024260039391,15.5010000060817,16.2354823987111,11.8090180359024
216.7,7.75,7.75,7.75121168702553,7.75049909345301,6.61408319361203,7.38285181225965,15.5024233740511,15.500998186906,16.2356010730236,11.8090454958223
216.8,7.75,7.75,7.75121037359547,7.75049818523199,6.61407369469288,7.38284927615623,15.5024207471909,15.500996370464,16.2357196400213,11.8090728958157
216.9,7.75,7.75,7.75120906167764,7.75049727837594,6.61406420443204,7.38284674544847,15.5024181233553,15.5009945567519,16.235838099801,11.8091002359615
217,7.75,7.75,7.7512077512703,7.75049637288301,6.61405472282164,7.3828442201293,15.5024155025406,15.500992745766,16.2359564524591,11.8091275163385
217.1,7.75,7.75,7.75120644285129,7.75049546918384,6.61404525260208,7.38284170190159,15.5024128857026,15.5009909383677,16.2360746640587,11.8091547180598
217.2,7.75,7.75,7.7512051359599,7.75049456686235,6.61403579113699,7.38283918912078,15.5024102719198,15.5009891337247,16.2361927672457,11.8091818593669
217.3,7.75,7.75,7.75120383057212,7.75049366589661,6.61402633829095,7.3828366817004,15.5024076611442,15.5009873317932,16.2363107636963,11.8092089412192
217.4,7.75,7.75,7.75120252668625,7.75049276628479,6.61401689405612,7.38283417963344,15.5024050533725,15.5009855325696,16.2364286535067,11.8092359636952
217.5,7.75,7.75,7.75120122430058,7.75049186802505,6.61400745842469,7.38283168291287,15.5024024486012,15.5009837360501,16.2365464367728,11.8092629268729
217.6,7.75,7.75,7.75119992388968,7.75049097154455,6.61399803412214,7.38282919322822,15.5023998477794,15.5009819430891,16.2366640797404,11.8092898120143
217.7,7.75,7.75,7.75119862499598,7.75049007643059,6.61398861852647,7.3828267089478,15.502397249992,15.5009801528612,16.2367816148795,11.8093166372174
217.8,7.75,7.75,7.75119732759565,7.7504891826614,6.61397921150298,7.38282422998581,15.5023946551913,15.5009783653228,16.2368990438572,11.8093434034342
217.9,7.75,7.75,7.75119603168699,7.75048829023518,6.61396981304389,7.38282175633528,15.502392063374,15.5009765804704,16.2370163667691,11.8093701107423
218,7.75,7.75,7.7511947372683,7.7504873991501,6.61396042314142,7.38281928798925,15.5023894745366,15.5009747983002,16.2371335837106,11.8093967592195
218.1,7.75,7.75,7.75119344481093,7.75048650982987,6.61395104450626,7.38281682662399,15.5023868896219,15.5009730196597,16.2372506611092,11.8094233302755
218.2,7.75,7.75,7.75119215386042,7.75048562186512,6.61394167453065,7.38281437062058,15.5023843077208,15.5009712437302,16.2373676312599,11.8094498418657
218.3,7.75,7.75,7.75119086439311,7.75048473523428,6.61393231308064,7.38281191989391,15.5023817287862,15.5009694704686,16.237484495821,11.8094762949346
218.4,7.75,7.75,7.75118957640731,7.75048384993553,6.61392296014849,7.38280947443704,15.5023791528146,15.5009676998711,16.2376012548873,11.8095026895594
218.5,7.75,7.75,7.75118828990134,7.75048296596709,6.61391361572647,7.38280703424306,15.5023765798027,15.5009659319342,16.2377179085536,11.8095290258172
218.6,7.75,7.75,7.75118700534334,7.75048208374924,6.61390428251055,7.38280460097509,15.5023740106867,15.5009641674985,16.2378344234283,11.8095552852646
218.7,7.75,7.75,7.75118572228193,7.75048120287591,6.61389495790713,7.38280217302691,15.5023714445639,15.5009624057518,16.2379508316323,11.8095814857153
218.8,7.75,7.75,7.75118444069363,7.7504803233257,6.61388564178301,7.38279975031405,15.5023688813873,15.5009606466514,16.2380671348149,11.8096076281065
218.9,7.75,7.75,7.75118316057676,7.75047944509683,6.61387633413048,7.38279733282963,15.5023663211535,15.5009588901937,16.2381833330705,11.8096337125149
219,7.75,7.75,7.75118188192964,7.75047856818752,6.61386703494187,7.3827949205668,15.5023637638593,15.500957136375,16.2382994264934,11.809659739017
219.1,7.75,7.75,7.75118060521724,7.75047769301465,6.61385774689849,7.38279251517559,15.5023612104345,15.5009553860293,16.2384153818713,11.8096856893151
219.2,7.75,7.75,7.75117932999125,7.75047681917545,6.61384846742087,7.3827901150624,15.5023586599825,15.5009536383509,16.2385312311525,11.8097115810824
219.3,7.75,7.75,7.75117805622835,7.75047594664868,6.6138391963765,7.38278772014341,15.5023561124567,15.5009518932974,16.2386469759772,11.8097374152487
219.4,7.75,7.75,7.75117678392688,7.75047507543259,6.61382993375773,7.38278533041181,15.5023535678538,15.5009501508652,16.2387626164392,11.8097631918902
219.5,7.75,7.75,7.75117551308516,7.7504742055254,6.61382067955693,7.38278294586077,15.5023510261703,15.5009484110508,16.2388781526325,11.8097889110829
219.6,7.75,7.75,7.751174244165,7.75047333734063,6.61381143644089,7.38278056812736,15.50234848833,15.5009466746813,16.2389935515231,11.8098145546736
219.7,7.75,7.75,7.75117297672116,7.75047247047877,6.61380220184412,7.38277819563048,15.5023459534423,15.5009449409575,16.2391088448875,11.8098401401962
219.8,7.75,7.75,7.75117171073046,7.75047160491875,6.61379297563483,7.38277582828699,15.5023434214609,15.5009432098375,16.2392240343572,11.809865668573
219.9,7.75,7.75,7.75117044619125,7.75047074065883,6.61378375780543,7.3827734660901,15.5023408923825,15.5009414813177,16.2393391200253,11.8098911398798
220,7.75,7.75,7.75116918310188,7.75046987769725,6.61377454834833,7.38277110903304,15.5023383662038,15.5009397553945,16.2394541019851,11.809916554192
220.1,7.75,7.75,7.75116792192101,7.7504690164442,6.61376534991584,7.38276875874,15.502335843842,15.5009380328884,16.2395689473804,11.8099418935002
220.2,7.75,7.75,7.75116666220644,7.75046815650338,6.61375615995641,7.38276641364231,15.5023333244129,15.5009363130068,16.2396836878166,11.8099671751994
220.3,7.75,7.75,7.75116540393513,7.75046729785392,6.61374697833898,7.38276407365747,15.5023308078703,15.5009345957078,16.2397983249164,11.8099924002051
220.4,7.75,7.75,7.75116414710546,7.75046644049406,6.613737805056,7.38276173877874,15.5023282942109,15.5009328809881,16.2399128587726,11.8100175685923
220.5,7.75,7.75,7.75116289171579,7.75046558442207,6.6137286400999,7.3827594089994,15.5023257834316,15.5009311688441,16.2400272894776,11.8100426804358
220.6,7.75,7.75,7.75116163822166,7.75046473004484,6.61371948610865,7.38275708593085,15.5023232764433,15.5009294600897,16.240141584352,11.810067717869
220.7,7.75,7.75,7.75116038618386,7.75046387696927,6.61371034054452,7.38275476801676,15.5023207723677,15.5009277539385,16.2402557748311,11.8100926981493
220.8,7.75,7.75,7.75115913557955,7.75046302517464,6.61370120327716,7.38275245517525,15.5023182711591,15.5009260503493,16.2403698625289,11.810117622185
220.9,7.75,7.75,7.75115788640708,7.75046217465923,6.61369207429907,7.38275014739965,15.5023157728142,15.5009243493185,16.2404838475376,11.8101424900505
221,7.75,7.75,7.75115663866484,7.75046132542132,6.61368295360274,7.38274784468329,15.5023132773297,15.5009226508426,16.2405977299493,11.8101673018202
221.1,7.75,7.75,7.75115539280528,7.7504604778645,6.61367384381182,7.38274554862487,15.5023107856106,15.500920955729,16.2407114772596,11.8101920397689
221.2,7.75,7.75,7.75115414839219,7.75045963159886,6.61366474240236,7.38274325768029,15.5023082967844,15.5009192631977,16.2408251207354,11.8102167210177
221.3,7.75,7.75,7.75115290540285,7.75045878660385,6.61365564924473,7.38274097176834,15.5023058108057,15.5009175732077,16.2409386619816,11.8102413464675
221.4,7.75,7.75,7.75115166383564,7.75045794287775,6.61364656433144,7.38273869088237,15.5023033276713,15.5009158857555,16.2410521010901,11.8102659161924
221.5,7.75,7.75,7.75115042368897,7.75045710041886,6.61363748765505,7.38273641501577,15.5023008473779,15.5009142008377,16.2411654381523,11.8102904302661
221.6,7.75,7.75,7.75114918541222,7.75045625962755,6.613628421825,7.38273414575462,15.5022983708244,15.5009125192551,16.2412786408384,11.8103148711042
221.7,7.75,7.75,7.75114794857213,7.750455420117,6.61361936433101,7.382731881567,15.5022958971443,15.500910840234,16.2413917402472,11.8103392556919
221.8,7.75,7.75,7.75114671314613,7.75045458186686,6.61361031504416,7.38272962237231,15.5022934262923,15.5009091637337,16.2415047379751,11.8103635849233
221.9,7.75,7.75,7.75114547913265,7.75045374487543,6.61360127395701,7.38272736816398,15.5022909582653,15.5009074897509,16.2416176341134,11.8103878588717
222,7.75,7.75,7.75114424653006,7.750452909141,6.61359224106216,7.38272511893543,15.5022884930601,15.500905818282,16.2417304287529,11.8104120776105
222.1,7.75,7.75,7.75114301578473,7.75045207506073,6.61358321895492,7.38272287626021,15.5022860315695,15.5009041501215,16.2418430897373,11.8104362236948
222.2,7.75,7.75,7.75114178646633,7.75045124225094,6.61357420513862,7.38272063861849,15.5022835729327,15.5009024845019,16.2419556479984,11.8104603139752
222.3,7.75,7.75,7.75114055855245,7.75045041069141,6.61356519948503,7.3827184059303,15.5022811171049,15.5009008213828,16.2420681051241,11.8104843493387
222.4,7.75,7.75,7.75113933204151,7.75044958038045,6.61355620198676,7.3827161781891,15.502278664083,15.5008991607609,16.242180461205,11.8105083298582
222.5,7.75,7.75,7.75113810693193,7.75044875131641,6.61354721263644,7.38271395538837,15.5022762138639,15.5008975026328,16.2422927163315,11.8105322556064
222.6,7.75,7.75,7.75113688366702,7.75044792389321,6.61353823401537,7.38271173908924,15.502273767334,15.5008958477864,16.2424048385197,11.8105561092772
222.7,7.75,7.75,7.75113566181939,7.75044709773028,6.61352926364037,7.38270952778384,15.5022713236388,15.5008941954606,16.2425168585354,11.8105799075875
222.8,7.75,7.75,7.75113444136677,7.75044627280756,6.61352030138392,7.38270732139286,15.5022688827335,15.5008925456151,16.2426287779579,11.8106036514171
222.9,7.75,7.75,7.7511332223076,7.75044544912339,6.61351134723868,7.38270511990979,15.5022664446152,15.5008908982468,16.2427405968773,11.8106273408385
223,7.75,7.75,7.7511320046403,7.7504446266761,6.61350240119731,7.38270292332815,15.5022640092806,15.5008892533522,16.2428523153835,11.810650975924
223.1,7.75,7.75,7.75113078880521,7.75044380585649,6.61349346582715,7.38270073319673,15.5022615776104,15.500887611713,16.242963901664,11.810674539505
223.2,7.75,7.75,7.75112957437779,7.75044298628701,6.61348453865847,7.38269854801959,15.5022591487556,15.500885972574,16.2430753863195,11.8106980481656
223.3,7.75,7.75,7.75112836133597,7.75044216794778,6.61347561956443,7.382696367718,15.5022567226719,15.5008843358956,16.2431867709209,11.8107215027788
223.4,7.75,7.75,7.75112714967816,7.75044135083715,6.61346670853774,7.38269419228553,15.5022542993563,15.5008827016743,16.2432980555578,11.8107449034165
223.5,7.75,7.75,7.75112593940282,7.75044053495346,6.61345780557111,7.38269202171573,15.5022518788056,15.5008810699069,16.2434092403196,11.8107682501506
223.6,7.75,7.75,7.75112473094729,7.75043972068438,6.61344891321801,7.38268985754514,15.5022494618946,15.5008794413688,16.2435202935639,11.810791525949
223.7,7.75,7.75,7.75112352388994,7.7504389076554,6.61344002902205,7.38268769828963,15.5022470477799,15.5008778153108,16.2436312457278,11.8108147472642
223.8,7.75,7.75,7.7511223182088,7.7504380958468,6.61343115285708,7.3826855438711,15.5022446364176,15.5008761916936,16.2437420983734,11.8108379149621
223.9,7.75,7.75,7.75112111390234,7.75043728525693,6.61342228471587,7.38268339428316,15.5022422278047,15.5008745705139,16.24385285159,11.8108610291142
224,7.75,7.75,7.751119910969,7.75043647588417,6.61341342459116,7.38268124951941,15.502239821938,15.5008729517683,16.2439635054663,11.8108840897917
224.1,7.75,7.75,7.75111870984318,7.75043566811305,6.61340457502262,7.38267911110422,15.5022374196864,15.5008713362261,16.2440740285295,11.8109070800986
224.2,7.75,7.75,7.75111751010609,7.75043486157208,6.61339573356716,7.38267697756519,15.5022350202122,15.5008697231442,16.2441844510533,11.8109300163561
224.3,7.75,7.75,7.75111631173593,7.75043405624169,6.61338690009931,7.38267484882485,15.5022326234719,15.5008681124834,16.2442947745918,11.8109528994235
224.4,7.75,7.75,7.75111511473116,7.75043325212027,6.61337807461187,7.38267272487684,15.5022302294623,15.5008665042405,16.2444049992335,11.8109757293717
224.5,7.75,7.75,7.75111391909024,7.75043244920619,6.61336925709763,7.38267060571481,15.5022278381805,15.5008648984124,16.2445151250667,11.8109985062715
224.6,7.75,7.75,7.75111272524464,7.7504316478809,6.61336045008255,7.38266849285103,15.5022254504893,15.5008632957618,16.2446251207869,11.8110212133615
224.7,7.75,7.75,7.75111153277839,7.75043084777591,6.61335165113674,7.38266638482479,15.5022230655568,15.5008616955518,16.2447350165059,11.811043866833
224.8,7.75,7.75,7.75111034166986,7.75043004887179,6.61334286013541,7.3826642815592,15.5022206833397,15.5008600977436,16.2448448137692,11.8110664675385
224.9,7.75,7.75,7.7511091519175,7.75042925116695,6.61333407707139,7.38266218304796,15.502218303835,15.5008585023339,16.2449545126648,11.8110890155484
225,7.75,7.75,7.75110796351978,7.75042845465976,6.61332530193754,7.38266008928476,15.5022159270396,15.5008569093195,16.2450641132807,11.8111115109331
225.1,7.75,7.75,7.75110677690528,7.75042765972865,6.61331653724618,7.38265800176988,15.5022135538106,15.5008553194573,16.2451735844797,11.8111339370648
225.2,7.75,7.75,7.75110559166083,7.75042686600804,6.61330778058052,7.38265591905416,15.5022111833217,15.5008537320161,16.2452829562123,11.8111563100058
225.3,7.75,7.75,7.75110440776493,7.75042607347869,6.61329903181647,7.38265384106134,15.5022088155299,15.5008521469574,16.2453922300159,11.811178630602
225.4,7.75,7.75,7.75110322521607,7.75042528213901,6.61329029094691,7.38265176778515,15.5022064504321,15.500850564278,16.2455014059779,11.8112008989232
225.5,7.75,7.75,7.75110204401272,7.75042449198739,6.61328155796471,7.38264969921933,15.5022040880254,15.5008489839748,16.2456104841858,11.8112231150392
225.6,7.75,7.75,7.75110086458056,7.75042370339922,6.61327283536867,7.38264763685225,15.5022017291611,15.5008474067984,16.2457194336687,11.8112452624553
225.7,7.75,7.75,7.75109968650922,7.75042291601186,6.61326412075503,7.38264557924624,15.5021993730184,15.5008458320237,16.2458282842172,11.8112673571055
225.8,7.75,7.75,7.75109850977734,7.75042212980622,6.61325541400038,7.38264352632563,15.5021970195547,15.5008442596124,16.2459370373601,11.8112893998289
225.9,7.75,7.75,7.75109733438343,7.75042134478072,6.61324671509764,7.38264147808421,15.5021946687669,15.5008426895614,16.2460456931845,11.811311390695
226,7.75,7.75,7.75109616032596,7.75042056093378,6.61323802403972,7.38263943451574,15.5021923206519,15.5008411218676,16.2461542517772,11.811333329773
226.1,7.75,7.75,7.75109498802775,7.75041977863777,6.61322934331194,7.38263739709678,15.5021899760555,15.5008395572755,16.2462626823331,11.8113552007001
226.2,7.75,7.75,7.7510938170812,7.75041899753296,6.61322067052354,7.38263536440107,15.5021876341624,15.5008379950659,16.2463710144831,11.8113770192832
226.3,7.75,7.75,7.75109264746509,7.75041821760042,6.61321200555175,7.38263333635354,15.5021852949302,15.5008364352008,16.2464792497481,11.8113987863547
226.4,7.75,7.75,7.75109147917794,7.75041743883857,6.61320334838953,7.382631312948,15.5021829583559,15.5008348776771,16.2465873882146,11.8114205019834
226.5,7.75,7.75,7.75109031221823,7.75041666124585,6.61319469902985,7.38262929417829,15.5021806244365,15.5008333224917,16.2466954299689,11.8114421662383
226.6,7.75,7.75,7.75108914700595,7.75041588519166,6.61318605994464,7.38262728150919,15.5021782940119,15.5008317703833,16.2468033443703,11.8114637628874
226.7,7.75,7.75,7.75108798313622,7.75041511031914,6.613177428756,7.38262527352579,15.5021759662724,15.5008302206383,16.2469111608915,11.8114853076113
226.8,7.75,7.75,7.75108682058798,7.75041433660952,6.61316880534186,7.3826232701536,15.502173641176,15.500828673219,16.2470188810452,11.8115068012358
226.9,7.75,7.75,7.75108565935976,7.75041356406122,6.61316018969521,7.38262127138649,15.5021713187195,15.5008271281224,16.2471265049173,11.8115282438293
227,7.75,7.75,7.75108449945005,7.75041279267271,6.61315158180907,7.38261927721834,15.5021689989001,15.5008255853454,16.2472340325936,11.8115496354602
227.1,7.75,7.75,7.75108334127601,7.75041202281043,6.61314298414203,7.38261728910225,15.502166682552,15.5008240456209,16.2473414335971,11.8115709600265
227.2,7.75,7.75,7.7510821844355,7.75041125412038,6.61313439432904,7.38261530563458,15.502164368871,15.5008225082408,16.2474487372429,11.8115922330835
227.3,7.75,7.75,7.7510810289076,7.75041048658392,6.61312581224866,7.38261332674142,15.5021620578152,15.5008209731678,16.2475559450357,11.8116134554504
227.4,7.75,7.75,7.75107987469083,7.75040972019952,6.61311723789395,7.38261135241667,15.5021597493817,15.500819440399,16.2476630570608,11.8116346271951
227.5,7.75,7.75,7.75107872178372,7.75040895496563,6.61310867125795,7.38260938265426,15.5021574435674,15.5008179099313,16.2477700734036,11.8116557483855
227.6,7.75,7.75,7.75107757060061,7.75040819124577,6.61310011478603,7.38260741889573,15.5021551412012,15.5008163824915,16.2478769637496,11.8116768030488
227.7,7.75,7.75,7.75107642074206,7.75040742868878,6.61309156612587,7.38260545974859,15.5021528414841,15.5008148573776,16.2479837572575,11.8116978066157
227.8,7.75,7.75,7.7510752721873,7.75040666727618,6.6130830251567,7.38260350513951,15.5021505443746,15.5008133345524,16.2480904554238,11.8117187598988
227.9,7.75,7.75,7.75107412493487,7.75040590700642,6.6130744918716,7.38260155506246,15.5021482498697,15.5008118140128,16.2481970583333,11.8117396629657
228,7.75,7.75,7.75107297898329,7.750405147878,6.61306596626367,7.38259960951139,15.5021459579666,15.500810295756,16.2483035660711,11.8117605158836
228.1,7.75,7.75,7.75107183474414,7.75040439025152,6.61305745076512,7.38259766991635,15.5021436694883,15.500808780503,16.2484099484842,11.8117813028081
228.2,7.75,7.75,7.75107069182066,7.75040363377862,6.61304894303629,7.38259573489592,15.5021413836413,15.5008072675572,16.2485162345756,11.8118020390462
228.3,7.75,7.75,7.75106955019221,7.75040287844097,6.61304044295707,7.38259380437739,15.5021391003844,15.5008057568819,16.2486224258339,11.8118227254039
228.4,7.75,7.75,7.75106840985734,7.75040212423705,6.61303195052058,7.38259187835474,15.5021368197147,15.5008042484741,16.2487285223435,11.8118433619485
228.5,7.75,7.75,7.7510672708146,7.75040137116535,6.61302346571995,7.38258995682197,15.5021345416292,15.5008027423307,16.2488345241888,11.8118639487466
228.6,7.75,7.75,7.75106613347278,7.75040061958361,6.61301499097432,7.38258804119771,15.5021322669456,15.5008012391672,16.2489404013776,11.8118844700812
228.7,7.75,7.75,7.75106499743781,7.75039986914626,6.61300652395663,7.38258613011157,15.5021299948756,15.5007997382925,16.2490461827582,11.8119049411364
228.8,7.75,7.75,7.75106386268918,7.75039911983509,6.61299806454741,7.3825842234914,15.5021277253784,15.5007982396702,16.2491518698113,11.8119253627119
228.9,7.75,7.75,7.75106272922545,7.75039837164861,6.61298961273982,7.38258232133122,15.5021254584509,15.5007967432972,16.2492574626207,11.8119457348744
229,7.75,7.75,7.75106159704518,7.75039762458532,6.61298116852703,7.38258042362509,15.5021231940904,15.5007952491706,16.2493629612704,11.8119660576901
229.1,7.75,7.75,7.75106046655443,7.75039687900011,6.61297273431517,7.38257853178029,15.5021209331089,15.5007937580002,16.2494683359277,11.8119863155685
229.2,7.75,7.75,7.75105933736176,7.75039613455016,6.61296430778972,7.38257664443737,15.5021186747235,15.5007922691003,16.2495736152876,11.8120065235715
229.3,7.75,7.75,7.7510582094468,7.75039539121741,6.61295588883182,7.38257476152474,15.5021164188936,15.5007907824348,16.2496788008224,11.8120266824927
229.4,7.75,7.75,7.75105708280813,7.75039464900039,6.6129474774347,7.38257288303648,15.5021141656163,15.5007892980008,16.2497838926156,11.8120467923981
229.5,7.75,7.75,7.75105595744432,7.75039390789761,6.61293907359158,7.38257100896668,15.5021119148886,15.5007878157952,16.2498888907507,11.8120668533537
229.6,7.75,7.75,7.7510548337587,7.75039316826112,6.61293067969564,7.38256914071137,15.5021096675174,15.5007863365222,16.2499937655541,11.8120868498942
229.7,7.75,7.75,7.75105371136246,7.75039242975085,6.6129222934448,7.38256727692196,15.5021074227249,15.5007848595017,16.2500985455674,11.8121067969607
229.8,7.75,7.75,7.75105259023538,7.75039169234889,6.61291391472086,7.38256541752741,15.5021051804708,15.5007833846978,16.2502032322553,11.8121266953403
229.9,7.75,7.75,7.75105147037603,7.75039095605376,6.61290554351709,7.38256356252186,15.5021029407521,15.5007819121075,16.2503078257009,11.8121465450986
230,7.75,7.75,7.751050351783,7.75039022086399,6.61289717982672,7.38256171189943,15.502100703566,15.500780441728,16.250412325987,11.8121663463012
230.1,7.75,7.75,7.75104923485692,7.75038948712883,6.61288882603012,7.38255986704499,15.5020984697138,15.5007789742577,16.2505167035979,11.8121860836073
230.2,7.75,7.75,7.75104811921159,7.75038875451092,6.61288047983755,7.38255802662071,15.5020962384232,15.5007775090218,16.2506209869235,11.8122057718378
230.3,7.75,7.75,7.75104700482692,7.7503880229925,6.61287214113148,7.38255619055613,15.5020940096538,15.500776045985,16.2507251774204,11.8122254117736
230.4,7.75,7.75,7.75104589170149,7.7503872925721,6.61286380990518,7.38255435884543,15.502091783403,15.5007745851442,16.2508292751713,11.8122450034799
230.5,7.75,7.75,7.7510447798339,7.75038656324826,6.61285548615195,7.38255253148276,15.5020895596678,15.5007731264965,16.2509332802585,11.8122645470216
230.6,7.75,7.75,7.75104366962211,7.75038583536745,6.61284717223938,7.3825507098419,15.5020873392442,15.5007716707349,16.2510371633233,11.8122840271817
230.7,7.75,7.75,7.75104256068249,7.750385108595,6.61283886589002,7.38254889259573,15.502085121365,15.50077021719,16.2511409526045,11.8123034586619
230.8,7.75,7.75,7.7510414529951,7.75038438291328,6.61283056698698,7.38254707967434,15.5020829059902,15.5007687658266,16.2512446495508,11.8123228422368
230.9,7.75,7.75,7.75104034655852,7.75038365832085,6.61282227552357,7.38254527107195,15.502080693117,15.5007673166417,16.2513482542445,11.8123421779711
231,7.75,7.75,7.75103924137137,7.75038293481625,6.61281399149312,7.38254346678275,15.5020784827427,15.5007658696325,16.2514517667675,11.8123614659292
231.1,7.75,7.75,7.75103813782895,7.75038221274321,6.61280571725052,7.38254166816953,15.5020762756579,15.5007644254864,16.2515551579171,11.8123806910171
231.2,7.75,7.75,7.75103703555019,7.75038149176971,6.61279745053058,7.38253987391576,15.5020740711004,15.5007629835394,16.2516584557818,11.8123998678178
231.3,7.75,7.75,7.75103593451528,7.75038077187826,6.61278919121699,7.38253808395211,15.5020718690306,15.5007615437565,16.2517616618027,11.8124189970998
231.4,7.75,7.75,7.75103483472283,7.75038005306744,6.61278093930312,7.38253629827283,15.5020696694457,15.5007601061349,16.2518647760615,11.8124380789273
231.5,7.75,7.75,7.75103373617146,7.7503793353358,6.61277269478236,7.38253451687215,15.5020674723429,15.5007586706716,16.2519677986396,11.8124571133644
231.6,7.75,7.75,7.75103263925381,7.75037861902434,6.61276445999696,7.38253274110193,15.5020652785076,15.5007572380487,16.2520707004896,11.8124760854389
231.7,7.75,7.75,7.75103154359139,7.75037790380367,6.61275623269386,7.38253096965618,15.5020630871828,15.5007558076073,16.2521735095505,11.8124950096162
231.8,7.75,7.75,7.7510304491645,7.75037718965646,6.61274801275742,7.38252920246613,15.502060898329,15.5007543793129,16.2522762272559,11.8125138866587
231.9,7.75,7.75,7.75102935597177,7.75037647658129,6.61273980018103,7.38252743952606,15.5020587119435,15.5007529531626,16.2523788536868,11.8125327166301
232,7.75,7.75,7.75102826401182,7.75037576457672,6.6127315949581,7.38252568083027,15.5020565280236,15.5007515291534,16.2524813889243,11.812551499594
232.1,7.75,7.75,7.7510271736747,7.75037505398104,6.61272339941835,7.38252392771971,15.5020543473494,15.5007501079621,16.2525838040751,11.8125702206994
232.2,7.75,7.75,7.75102608458441,7.75037434446749,6.6127152113208,7.38252217889892,15.5020521691688,15.500748688935,16.2526861269299,11.8125888942948
232.3,7.75,7.75,7.75102499672141,7.75037363601888,6.61270703055042,7.38252043429964,15.5020499934428,15.5007472720378,16.2527883589144,11.8126075211365
232.4,7.75,7.75,7.75102391008433,7.75037292863378,6.61269885710066,7.3825186939162,15.5020478201687,15.5007458572676,16.2528905001093,11.8126261012878
232.5,7.75,7.75,7.7510228246718,7.75037222231078,6.61269069096496,7.38251695774294,15.5020456493436,15.5007444446216,16.2529925505952,11.8126446348118
232.6,7.75,7.75,7.75102174087126,7.75037151738549,6.61268253446056,7.38251522711005,15.5020434817425,15.500743034771,16.2530944816322,11.8126631069778
232.7,7.75,7.75,7.75102065830923,7.75037081353373,6.6126743853585,7.38251350073243,15.5020413166185,15.5007416270675,16.2531963208633,11.8126815320182
232.8,7.75,7.75,7.75101957696631,7.75037011073846,6.61266624354436,7.3825117785424,15.5020391539326,15.5007402214769,16.2532980697066,11.8126999106834
232.9,7.75,7.75,7.75101849684113,7.75036940899825,6.61265810901162,7.38251006053431,15.5020369936823,15.5007388179965,16.2533997282425,11.8127182430361
233,7.75,7.75,7.75101741793233,7.75036870831172,6.61264998175378,7.38250834670255,15.5020348358647,15.5007374166234,16.2535012965508,11.8127365291391
233.1,7.75,7.75,7.75101634062476,7.75036800901179,6.61264186407566,7.38250663836658,15.5020326812495,15.5007360180236,16.2536027460444,11.8127547543809
233.2,7.75,7.75,7.75101526454746,7.75036731077689,6.61263375376024,7.38250493425167,15.5020305290949,15.5007346215538,16.2537041042193,11.812772932879
233.3,7.75,7.75,7.75101418968112,7.75036661359007,6.61262565069373,7.38250323429064,15.5020283793622,15.5007332271801,16.2538053724863,11.8127910653775
233.4,7.75,7.75,7.75101311602441,7.75036591744996,6.61261755486964,7.38250153847791,15.5020262320488,15.5007318348999,16.2539065509249,11.8128091519388
233.5,7.75,7.75,7.75101204357597,7.75036522235517,6.61260946628151,7.38249984680789,15.5020240871519,15.5007304447103,16.2540076396149,11.8128271926251
233.6,7.75,7.75,7.75101097271809,7.75036452863598,6.61260138722183,7.38249816058942,15.5020219454362,15.500729057272,16.2541086101205,11.8128451729437
233.7,7.75,7.75,7.75100990308228,7.75036383597337,6.61259331548545,7.38249647855801,15.5020198061646,15.5007276719467,16.2542094897919,11.8128631068976
233.8,7.75,7.75,7.75100883464936,7.75036314435053,6.61258525095919,7.38249480064703,15.5020176692987,15.5007262887011,16.2543102800323,11.8128809952249
233.9,7.75,7.75,7.75100776741801,7.7503624537661,6.6125771936366,7.38249312685093,15.502015534836,15.5007249075322,16.2544109809209,11.8128988379876
234,7.75,7.75,7.75100670138689,7.75036176421869,6.61256914351125,7.38249145716417,15.5020134027738,15.5007235284374,16.2545115925368,11.8129166352476
234.1,7.75,7.75,7.75100563693573,7.75036107603599,6.61256110286338,7.38248979288503,15.5020112738715,15.500722152072,16.2546120865951,11.8129343726296
234.2,7.75,7.75,7.7510045736985,7.75036038890149,6.61255306949965,7.38248813275921,15.502009147397,15.500720777803,16.2547124903009,11.8129520640233
234.3,7.75,7.75,7.75100351165615,7.75035970279852,6.61254504330746,7.3824864767206,15.5020070233123,15.500719405597,16.2548128050498,11.8129697101607
234.4,7.75,7.75,7.75100245080737,7.75035901772573,6.61253702428043,7.3824848247637,15.5020049016147,15.5007180354515,16.2549130309206,11.8129873111036
234.5,7.75,7.75,7.75100139115083,7.75035833368174,6.61252901241215,7.38248317688299,15.5020027823017,15.5007166673635,16.255013167992,11.8130048669131
234.6,7.75,7.75,7.75100033306374,7.75035765099165,6.61252100997068,7.3824815343663,15.5020006661275,15.5007153019833,16.2551131881289,11.8130223633311
234.7,7.75,7.75,7.75099927618249,7.75035696934145,6.6125130147744,7.38247989596941,15.501998552365,15.5007139386829,16.2552131183922,11.8130398141344
234.8,7.75,7.75,7.75099822048818,7.75035628871461,6.61250502671133,7.38247826162675,15.5019964409764,15.5007125774292,16.2553129601701,11.8130572200492
234.9,7.75,7.75,7.7509971659795,7.7503556091098,6.61249704577512,7.38247663133286,15.501994331959,15.5007112182196,16.2554127135408,11.8130745811367
235,7.75,7.75,7.75099611265512,7.75035493052563,6.6124890719594,7.38247500508226,15.5019922253102,15.5007098610513,16.2555123785826,11.8130918974578
235.1,7.75,7.75,7.75099506088975,7.75035425328465,6.61248110752011,7.38247338415237,15.5019901217795,15.5007085065693,16.2556119273095,11.8131091548702
235.2,7.75,7.75,7.75099401032221,7.75035357707532,6.61247315028729,7.38247176730901,15.5019880206444,15.5007071541506,16.2557113866389,11.8131263670389
235.3,7.75,7.75,7.75099296093372,7.75035290188125,6.61246520014959,7.38247015448714,15.5019859218674,15.5007058037625,16.2558107579515,11.8131435346842
235.4,7.75,7.75,7.75099191272296,7.75035222770111,6.61245725710065,7.38246854568133,15.5019838254459,15.5007044554022,16.2559100413252,11.813160657867
235.5,7.75,7.75,7.75099086568864,7.75035155453355,6.61244932113418,7.38246694088615,15.5019817313773,15.5007031090671,16.2560092368378,11.8131777366475
235.6,7.75,7.75,7.75098982020297,7.75035088269853,6.61244139449404,7.38246534136868,15.5019796404059,15.5007017653971,16.2561083166515,11.8131947569989
235.7,7.75,7.75,7.75098877590716,7.750350211887,6.6124334750219,7.3824637459047,15.5019775518143,15.500700423774,16.2562073075409,11.8132117324748
235.8,7.75,7.75,7.75098773278257,7.7503495420827,6.61242556260698,7.38246215442971,15.5019754655651,15.5006990841654,16.2563062108796,11.81322866379
235.9,7.75,7.75,7.75098669082789,7.75034887328431,6.61241765724298,7.38246056693831,15.5019733816558,15.5006977465686,16.2564050267449,11.8132455510046
236,7.75,7.75,7.75098565004183,7.75034820549049,6.61240975892362,7.3824589834251,15.5019713000837,15.500696410981,16.2565037552142,11.8132623941788
236.1,7.75,7.75,7.75098461079413,7.75034753901866,6.61240186988082,7.3824574051469,15.5019692215883,15.5006950780373,16.256602368597,11.8132791793997
236.2,7.75,7.75,7.7509835727284,7.75034687356224,6.61239398796774,7.38245583088941,15.5019671454568,15.5006937471245,16.2567008935261,11.8132959201109
236.3,7.75,7.75,7.7509825358261,7.75034620910508,6.61238611307422,7.38245426058861,15.5019650716522,15.5006924182102,16.2567993313677,11.8133126170213
236.4,7.75,7.75,7.75098150008595,7.75034554564587,6.61237824519399,7.38245269423917,15.5019630001719,15.5006910912917,16.2568976821989,11.8133292701906
236.5,7.75,7.75,7.75098046550665,7.75034488318329,6.6123703843208,7.38245113183571,15.5019609310133,15.5006897663666,16.2569959460964,11.8133458796786
236.6,7.75,7.75,7.75097943245551,7.75034422203226,6.61236253267468,7.38244957462488,15.501958864911,15.5006884440645,16.2570940955162,11.813362431686
236.7,7.75,7.75,7.75097840057849,7.7503435618886,6.61235468812024,7.3824480214022,15.501956801157,15.5006871237772,16.2571921569503,11.8133789395468
236.8,7.75,7.75,7.75097736985719,7.7503429027363,6.6123468505479,7.38244647210416,15.5019547397144,15.5006858054726,16.2572901317574,11.8133954039641
236.9,7.75,7.75,7.75097634029032,7.75034224457407,6.61233901995146,7.38244492672545,15.5019526805806,15.5006844891481,16.2573880200143,11.8134118249973
237,7.75,7.75,7.75097531187661,7.75034158740059,6.61233119632467,7.38244338526076,15.5019506237532,15.5006831748012,16.2574858217973,11.8134282027056
237.1,7.75,7.75,7.75097428498092,7.7503409315283,6.61232338187574,7.38244184894662,15.5019485699618,15.5006818630566,16.2575835097079,11.8134445234027
237.2,7.75,7.75,7.75097325925155,7.75034027665542,6.61231557448068,7.38244031658828,15.5019465185031,15.5006805533108,16.2576811100979,11.8134608003136
237.3,7.75,7.75,7.75097223467025,7.75033962276607,6.6123077740305,7.38243878812277,15.5019444693405,15.5006792455321,16.2577786243189,11.8134770341359
237.4,7.75,7.75,7.75097121123572,7.75033896985897,6.612299980519,7.38243726354482,15.5019424224714,15.5006779397179,16.2578760524472,11.8134932249284
237.5,7.75,7.75,7.7509701889467,7.75033831793281,6.61229219394002,7.38243574284913,15.5019403778934,15.5006766358656,16.2579733945587,11.8135093727501
237.6,7.75,7.75,7.75096916816564,7.75033766729756,6.61228441648997,7.3824342272622,15.5019383363313,15.5006753345951,16.2580706233995,11.8135254640265
237.7,7.75,7.75,7.75096814854319,7.75033701765383,6.61227664605619,7.38243271559898,15.5019362970864,15.5006740353077,16.2581677651823,11.8135415118746
237.8,7.75,7.75,7.75096713006118,7.75033636898587,6.61226888253028,7.38243120779699,15.5019342601224,15.5006727379717,16.2582648212515,11.8135575169863
237.9,7.75,7.75,7.75096611271835,7.7503357212924,6.61226112590608,7.38242970385099,15.5019322254367,15.5006714425848,16.2583617916827,11.8135734794202
238,7.75,7.75,7.75096509651344,7.75033507457213,6.61225337617746,7.38242820375575,15.5019301930269,15.5006701491443,16.2584586765515,11.8135893992347
238.1,7.75,7.75,7.75096408180651,7.75033442913258,6.61224563552913,7.38242670872778,15.501928163613,15.5006688582652,16.2585554487481,11.8136052629664
238.2,7.75,7.75,7.7509630682505,7.75033378467673,6.6122379018597,7.38242521759164,15.501926136501,15.5006675693535,16.2586521343464,11.8136210836253
238.3,7.75,7.75,7.75096205582738,7.75033314118895,6.61223017506134,7.38242373028537,15.5019241116548,15.5006662823779,16.2587487346838,11.8136368618975
238.4,7.75,7.75,7.75096104453591,7.75033249866796,6.61222245512793,7.38242224680376,15.5019220890718,15.5006649973359,16.2588452498355,11.8136525978413
238.5,7.75,7.75,7.75096003437482,7.7503318571125,6.61221474205338,7.38242076714161,15.5019200687496,15.500663714225,16.2589416798766,11.8136682915146
238.6,7.75,7.75,7.75095902570179,7.75033121682766,6.61220703801076,7.38241929250553,15.5019180514036,15.5006624336553,16.2590379978403,11.8136839295644
238.7,7.75,7.75,7.75095801817207,7.75033057751875,6.61219934090989,7.38241782172965,15.5019160363441,15.5006611550375,16.2591342296629,11.8136995248942
238.8,7.75,7.75,7.75095701176774,7.75032993917028,6.6121916506435,7.38241635475249,15.5019140235355,15.5006598783406,16.2592303766746,11.8137150781847
238.9,7.75,7.75,7.75095600648757,7.75032930178098,6.61218396720552,7.38241489156889,15.5019120129751,15.500658603562,16.2593264389503,11.8137305894936
239,7.75,7.75,7.75095500233031,7.7503286653496,6.61217629058989,7.38241343217366,15.5019100046606,15.5006573306992,16.2594224165646,11.8137460588784
239.1,7.75,7.75,7.75095399965125,7.75032803017881,6.61216862295812,7.38241197776362,15.5019079993025,15.5006560603576,16.2595182826929,11.8137614730957
239.2,7.75,7.75,7.75095299810795,7.75032739597626,6.61216096223116,7.38241052718235,15.5019059962159,15.5006547919525,16.2596140631347,11.8137768449433
239.3,7.75,7.75,7.7509519976826,7.75032676272659,6.61215330830231,7.38240908036888,15.5019039953652,15.5006535254532,16.259709759213,11.8137921750964
239.4,7.75,7.75,7.75095099837398,7.75032613042852,6.61214566116555,7.38240763731807,15.501901996748,15.500652260857,16.2598053710024,11.8138074636122
239.5,7.75,7.75,7.75095000018083,7.75032549908081,6.61213802081483,7.3824061980248,15.5019000003617,15.5006509981616,16.259900898577,11.813822710548
239.6,7.75,7.75,7.75094900345613,7.75032486898377,6.61213038940019,7.38240476367611,15.5018980069123,15.5006497379675,16.2599963152536,11.813837902769
239.7,7.75,7.75,7.75094800785967,7.75032423984734,6.61212276485362,7.382403333125,15.5018960157193,15.5006484796947,16.2600916466955,11.8138530529681
239.8,7.75,7.75,7.75094701337377,7.75032361165628,6.61211514706902,7.38240190631098,15.5018940267475,15.5006472233126,16.260186894219,11.8138681618151
239.9,7.75,7.75,7.75094601999722,7.75032298440933,6.61210753604037,7.38240048322896,15.5018920399944,15.5006459688187,16.2602820578979,11.8138832293667
240,7.75,7.75,7.75094502772878,7.75032235810525,6.61209993176169,7.38239906387385,15.5018900554576,15.5006447162105,16.260377137806,11.8138982556797
240.1,7.75,7.75,7.75094403691909,7.75032173304199,6.61209233637158,7.382397649423,15.5018880738382,15.500643466084,16.2604721074008,11.8139132277275
240.2,7.75,7.75,7.75094304723018,7.75032110893177,6.61208474781303,7.38239623873876,15.5018860944604,15.5006422178635,16.2605669922103,11.8139281580987
240.3,7.75,7.75,7.7509420586445,7.75032048575948,6.61207716598049,7.38239483176113,15.501884117289,15.500640971519,16.2606617935435,11.8139430474576
240.4,7.75,7.75,7.75094107116085,7.75031986352386,6.61206959086801,7.38239342848505,15.5018821423217,15.5006397270477,16.2607565114741,11.8139578958606
240.5,7.75,7.75,7.75094008477799,7.7503192422237,6.61206202246961,7.38239202890547,15.501880169556,15.5006384844474,16.2608511460754,11.8139727033641
240.6,7.75,7.75,7.75093909984424,7.75031862215458,6.61205446291254,7.38239063419012,15.5018781996885,15.5006372443092,16.2609456709447,11.8139874570487
240.7,7.75,7.75,7.75093811602388,7.75031800303101,6.61204691015074,7.38238924321063,15.5018762320478,15.500636006062,16.2610401114753,11.8140021693996
240.8,7.75,7.75,7.75093713329948,7.75031738483798,6.61203936407923,7.38238785590748,15.501874266599,15.500634769676,16.2611344689695,11.8140168410756
240.9,7.75,7.75,7.75093615166982,7.75031676757425,6.61203182469206,7.38238647227567,15.5018723033396,15.5006335351485,16.2612287435003,11.8140314721327
241,7.75,7.75,7.75093517113369,7.75031615123861,6.61202429198331,7.38238509231015,15.5018703422674,15.5006323024772,16.2613229351408,11.8140460626271
241.1,7.75,7.75,7.75093419203712,7.75031553612434,6.61201676806893,7.38238371716912,15.5018683840742,15.5006310722487,16.2614170176272,11.8140605997455
241.2,7.75,7.75,7.7509332140466,7.75031492194818,6.61200925091373,7.38238234573343,15.5018664280932,15.5006298438964,16.261511016219,11.8140750958706
241.3,7.75,7.75,7.7509322371448,7.75031430869523,6.61200174041329,7.38238097794403,15.5018644742896,15.5006286173905,16.2616049322116,11.8140895516559
241.4,7.75,7.75,7.75093126133052,7.75031369636428,6.6119942365617,7.38237961379594,15.501862522661,15.5006273927286,16.2616987656778,11.814103967157
241.5,7.75,7.75,7.75093028660257,7.75031308495412,6.61198673935308,7.38237825328417,15.5018605732051,15.5006261699082,16.2617925166899,11.8141183424295
241.6,7.75,7.75,7.75092931330469,7.75031247475571,6.61197925089214,7.38237689755744,15.5018586266094,15.5006249495114,16.2618861591225,11.814132664766
241.7,7.75,7.75,7.75092834110556,7.75031186548805,6.6119717691545,7.38237554550573,15.5018566822111,15.5006237309761,16.2619797181022,11.8141469464472
241.8,7.75,7.75,7.75092736998798,7.75031125713633,6.6119642940363,7.38237419707048,15.501854739976,15.5006225142727,16.2620731949173,11.8141611881211
241.9,7.75,7.75,7.75092639995076,7.75031064969937,6.61195682553167,7.38237285224674,15.5018527999015,15.5006212993987,16.2621665896403,11.8141753898432
242,7.75,7.75,7.75092543099271,7.75031004317596,6.61194936363474,7.38237151102957,15.5018508619854,15.5006200863519,16.2622599023431,11.8141895516684
242.1,7.75,7.75,7.7509244634553,7.75030943785478,6.61194191043909,7.38237017455825,15.5018489269106,15.5006188757096,16.2623531070377,11.8142036609944
242.2,7.75,7.75,7.75092349700941,7.75030883345703,6.61193446393107,7.38236884173185,15.5018469940188,15.5006176669141,16.2624462287184,11.8142177300006
242.3,7.75,7.75,7.75092253163795,7.75030822996803,6.61192702400737,7.3823675124923,15.5018450632759,15.5006164599361,16.2625392686667,11.8142317593299
242.4,7.75,7.75,7.75092156733973,7.75030762738659,6.61191959066216,7.38236618683467,15.5018431346795,15.5006152547732,16.2626322269547,11.8142457490371
242.5,7.75,7.75,7.75092060411357,7.75030702571153,6.61191216388961,7.38236486475405,15.5018412082271,15.5006140514231,16.2627251036539,11.814259699177
242.6,7.75,7.75,7.7509196422987,7.75030642522925,6.61190474577219,7.3823635473804,15.5018392845974,15.5006128504585,16.2628178729129,11.8142735972513
242.7,7.75,7.75,7.75091868156817,7.75030582566315,6.61189733430694,7.38236223362179,15.5018373631363,15.5006116513263,16.2629105595944,11.8142874553389
242.8,7.75,7.75,7.75091772190499,7.75030522699866,6.6118899293911,7.38236092342061,15.50183544381,15.5006104539973,16.2630031649734,11.8143012740775
242.9,7.75,7.75,7.75091676330799,7.75030462923461,6.61188253101888,7.38235961677198,15.501833526616,15.5006092584692,16.2630956891213,11.8143150535215
243,7.75,7.75,7.75091580577601,7.75030403236981,6.61187513918447,7.38235831367103,15.501831611552,15.5006080647396,16.2631881321093,11.8143287937252
243.1,7.75,7.75,7.75091484964602,7.75030343668844,6.61186775595931,7.38235701523842,15.501829699292,15.5006068733769,16.2632804682218,11.814342482294
243.2,7.75,7.75,7.75091389459324,7.75030284191604,6.61186037935107,7.38235572039119,15.5018277891865,15.5006056838321,16.2633727221908,11.8143561312068
243.3,7.75,7.75,7.7509129406008,7.75030224803818,6.61185300925753,7.38235442907219,15.5018258812016,15.5006044960764,16.2634648952845,11.8143697410961
243.4,7.75,7.75,7.75091198766752,7.7503016550537,6.61184564567293,7.38235314127658,15.501823975335,15.5006033101074,16.263556987574,11.8143833120159
243.5,7.75,7.75,7.75091103579225,7.7503010629614,6.61183828859152,7.38235185699952,15.5018220715845,15.5006021259228,16.26364899913,11.8143968440203
243.6,7.75,7.75,7.75091008530976,7.75030047204324,6.61183094007373,7.38235057735246,15.5018201706195,15.5006009440865,16.263740904372,11.8144103248171
243.7,7.75,7.75,7.7509091358974,7.75029988202693,6.61182359813782,7.38234930126132,15.5018182717948,15.5005997640539,16.263832727902,11.8144237662863
243.8,7.75,7.75,7.75090818753841,7.75029929289813,6.6118162626821,7.38234802866943,15.5018163750768,15.5005985857963,16.2639244709815,11.8144371690553
243.9,7.75,7.75,7.75090724023162,7.7502987046557,6.61180893370085,7.38234675957197,15.5018144804632,15.5005974093114,16.264016133681,11.8144505331776
244,7.75,7.75,7.75090629397589,7.75029811729846,6.61180161118834,7.38234549396413,15.5018125879518,15.5005962345969,16.2641077160712,11.8144638587068
244.1,7.75,7.75,7.75090534910379,7.75029753110615,6.61179429719412,7.38234423294823,15.5018106982076,15.5005950622123,16.2641991927055,11.8144771334529
244.2,7.75,7.75,7.75090440529478,7.75029694580861,6.61178698974692,7.38234297545901,15.5018088105896,15.5005938916172,16.2642905880569,11.8144903691974
244.3,7.75,7.75,7.75090346253223,7.75029636139163,6.61177968874561,7.38234172144025,15.5018069250645,15.5005927227833,16.2643819033801,11.8145035665625
244.4,7.75,7.75,7.75090252081496,7.75029577785405,6.6117723941845,7.38234047088718,15.5018050416299,15.5005915557081,16.2644731387453,11.8145167256015
244.5,7.75,7.75,7.75090158014186,7.75029519519473,6.61176510605789,7.38233922379502,15.5018031602837,15.5005903903895,16.2645642942226,11.8145298463675
244.6,7.75,7.75,7.7509006408433,7.75029461369121,6.6117578264045,7.382337981257,15.5018012816866,15.5005892273824,16.2646553444992,11.8145429167717
244.7,7.75,7.75,7.75089970260086,7.75029403307543,6.61175055326347,7.38233674221664,15.5017994052017,15.5005880661509,16.2647463139193,11.8145559484981
244.8,7.75,7.75,7.75089876539799,7.75029345333332,6.61174328653424,7.38233550661815,15.501797530796,15.5005869066666,16.2648372037311,11.8145689421636
244.9,7.75,7.75,7.75089782923357,7.75029287446372,6.61173602621112,7.38233427445681,15.5017956584671,15.5005857489274,16.2649280140045,11.8145818978211
245,7.75,7.75,7.75089689410644,7.7502922964655,6.61172877228847,7.38233304572787,15.5017937882129,15.500584592931,16.2650187448091,11.8145948155235
245.1,7.75,7.75,7.75089596034484,7.75029171961401,6.61172152679421,7.38233182151556,15.5017919206897,15.500583439228,16.2651093709648,11.8146076832825
245.2,7.75,7.75,7.75089502763243,7.75029114364331,6.61171428777788,7.38233060077206,15.5017900552649,15.5005822872866,16.2651999166881,11.8146205126849
245.3,7.75,7.75,7.75089409595279,7.75029056853943,6.61170705513943,7.38232938344209,15.5017881919056,15.5005811370789,16.2652903832207,11.8146333043428
245.4,7.75,7.75,7.75089316530477,7.75028999430123,6.61169982887322,7.38232816952091,15.5017863306095,15.5005799886025,16.2653807706319,11.8146460583087
245.5,7.75,7.75,7.75089223568724,7.75028942092758,6.61169260897364,7.38232695900384,15.5017844713745,15.5005788418552,16.2654710789911,11.8146587746349
245.6,7.75,7.75,7.75089130742629,7.75028884869167,6.61168539745788,7.38232575296613,15.5017826148526,15.5005776973833,16.26556128325,11.814671441433
245.7,7.75,7.75,7.75089038020766,7.75028827732967,6.61167819238581,7.38232455036863,15.5017807604153,15.5005765546593,16.2656514074982,11.8146840701937
245.8,7.75,7.75,7.75088945401501,7.7502877068277,6.61167099365792,7.38232335115647,15.50177890803,15.5005754136554,16.2657414529707,11.8146966615238
245.9,7.75,7.75,7.75088852884723,7.75028713718462,6.61166380126858,7.38232215532498,15.5017770576945,15.5005742743692,16.2658314197366,11.8147092154755
246,7.75,7.75,7.75088760470319,7.75028656839932,6.61165661521223,7.3823209628695,15.5017752094064,15.5005731367986,16.2659213078647,11.8147217321009
246.1,7.75,7.75,7.75088668190684,7.75028600074286,6.6116494374954,7.38231977485639,15.5017733638137,15.5005720014857,16.2660110924381,11.8147341996105
246.2,7.75,7.75,7.75088576014597,7.75028543395347,6.61164226618822,7.38231859025508,15.5017715202919,15.5005708679069,16.26610079742,11.8147466293994
246.3,7.75,7.75,7.75088483940437,7.75028486801737,6.61163510119168,7.38231740901114,15.5017696788087,15.5005697360347,16.266190424039,11.8147590220695
246.4,7.75,7.75,7.75088391968092,7.75028430293344,6.61162794250023,7.38231623111995,15.5017678393618,15.5005686058669,16.2662799723636,11.8147713776726
246.5,7.75,7.75,7.75088300097452,7.75028373870058,6.61162079010831,7.38231505657685,15.501766001949,15.5005674774012,16.2663694424625,11.8147836962604
246.6,7.75,7.75,7.75088208360697,7.75028317558773,6.61161364601187,7.38231388643941,15.5017641672139,15.5005663511755,16.2664588095489,11.8147959661418
246.7,7.75,7.75,7.75088116726813,7.75028261333515,6.61160650829122,7.38231271968555,15.5017623345363,15.5005652266703,16.2665480974607,11.8148081986169
246.8,7.75,7.75,7.75088025194188,7.7502820519292,6.61159937684791,7.38231155626131,15.5017605038838,15.5005641038584,16.26663730742,11.8148203942829
246.9,7.75,7.75,7.75087933762713,7.75028149136875,6.61159225167639,7.38231039616207,15.5017586752543,15.5005629827375,16.2667264394949,11.8148325531909
247,7.75,7.75,7.75087842432275,7.75028093165271,6.61158513277114,7.38230923938324,15.5017568486455,15.5005618633054,16.2668154937535,11.8148446753925
247.1,7.75,7.75,7.75087751234848,7.75028037304792,6.61157802211758,7.38230808697361,15.501755024697,15.5005607460958,16.266904445539,11.8148567492941
247.2,7.75,7.75,7.75087660139618,7.75027981529667,6.61157091780617,7.38230693791954,15.5017532027924,15.5005596305933,16.2669933185643,11.8148687861016
247.3,7.75,7.75,7.75087569144985,7.75027925838543,6.61156381973896,7.38230579216753,15.5017513828997,15.5005585167709,16.267082114045,11.8148807864072
247.4,7.75,7.75,7.7508747825084,7.75027870231308,6.61155672791044,7.38230464971299,15.5017495650168,15.5005574046262,16.267170832049,11.8148927502619
247.5,7.75,7.75,7.75087387457072,7.75027814707853,6.61154964231513,7.38230351055136,15.5017477491414,15.5005562941571,16.2672594726439,11.8149046777167
247.6,7.75,7.75,7.75087296795445,7.75027759294655,6.61154256492798,7.38230237572272,15.5017459359089,15.5005551858931,16.2673480113019,11.814916557275
247.7,7.75,7.75,7.75087206235346,7.75027703966145,6.61153549384952,7.38230124422185,15.5017441247069,15.5005540793229,16.2674364716117,11.8149284000492
247.8,7.75,7.75,7.75087115775187,7.75027648720977,6.61152842898232,7.38230011599567,15.5017423155037,15.5005529744195,16.2675248547826,11.8149402066266
247.9,7.75,7.75,7.75087025414859,7.75027593559044,6.61152137032092,7.38229899103962,15.5017405082972,15.5005518711809,16.2676131608821,11.8149519770578
248,7.75,7.75,7.75086935154251,7.75027538480236,6.61151431785985,7.38229786934916,15.501738703085,15.5005507696047,16.2677013899773,11.8149637113934
248.1,7.75,7.75,7.75086845024921,7.75027483510823,6.61150727356365,7.38229675195578,15.5017369004984,15.5005496702165,16.2677895176688,11.8149753982332
248.2,7.75,7.75,7.75086754996457,7.75027428625435,6.61150023554289,7.38229563786256,15.5017350999291,15.5005485725087,16.2678775674217,11.8149870485966
248.3,7.75,7.75,7.75086665067279,7.7502737382274,6.61149320370064,7.38229452701684,15.5017333013456,15.5005474764548,16.2679655404391,11.8149986630662
248.4,7.75,7.75,7.75086575237279,7.75027319102629,6.61148617803146,7.38229341941412,15.5017315047456,15.5005463820526,16.2680534367879,11.815010241692
248.5,7.75,7.75,7.7508648550635,7.75027264464994,6.61147915852994,7.3822923150499,15.501729710127,15.5005452892999,16.2681412565351,11.8150217845245
248.6,7.75,7.75,7.7508639590584,7.75027209935899,6.61147214715026,7.38229121494706,15.5017279181168,15.500544198718,16.2682289754086,11.8150332802588
248.7,7.75,7.75,7.75086306405537,7.75027155490173,6.61146514201294,7.38229011811698,15.5017261281107,15.5005431098035,16.2683166167509,11.8150447398223
248.8,7.75,7.75,7.75086217003872,7.75027101126494,6.61145814302158,7.38228902450742,15.5017243400774,15.5005420225299,16.2684041817586,11.8150561637926
248.9,7.75,7.75,7.75086127700739,7.75027046844754,6.61145115017078,7.38228793411392,15.5017225540148,15.5005409368951,16.2684916704985,11.8150675522197
249,7.75,7.75,7.75086038496029,7.75026992644846,6.61144416345512,7.382286846932,15.5017207699206,15.5005398528969,16.2685790830369,11.8150789051533
249.1,7.75,7.75,7.75085949420887,7.7502693855263,6.61143718481854,7.38228576397605,15.5017189884177,15.5005387710526,16.2686663952287,11.8150902113836
249.2,7.75,7.75,7.75085860445298,7.75026884543134,6.61143021239143,7.38228468426563,15.501717208906,15.5005376908627,16.2687536302942,11.8151014817465
249.3,7.75,7.75,7.75085771567705,7.75026830615043,6.61142324607791,7.38228360774896,15.5017154313541,15.5005366123009,16.268840789424,11.8151127168147
249.4,7.75,7.75,7.75085682787999,7.75026776768252,6.61141628587262,7.3822825344216,15.50171365576,15.500535535365,16.2689278726841,11.8151239166379
249.5,7.75,7.75,7.75085594106075,7.75026723002654,6.61140933177017,7.3822814642791,15.5017118821215,15.5005344600531,16.2690148801409,11.8151350812654
249.6,7.75,7.75,7.75085505552874,7.75026669343909,6.61140238570424,7.3822803983274,15.5017101110575,15.5005333868782,16.2691017877749,11.8151461995817
249.7,7.75,7.75,7.75085417098578,7.75026615767237,6.61139544581511,7.38227933559422,15.5017083419716,15.5005323153447,16.2691886186854,11.8151572823317
249.8,7.75,7.75,7.75085328741637,7.75026562271335,6.61138851200739,7.3822782760282,15.5017065748327,15.5005312454267,16.2692753740565,11.8151683300835
249.9,7.75,7.75,7.75085240481946,7.75026508856099,6.61138158427574,7.38227721962491,15.5017048096389,15.500530177122,16.2693620539541,11.8151793428862
250,7.75,7.75,7.750851523194,7.75026455521423,6.61137466261482,7.38227616637997,15.501703046388,15.5005291104285,16.269448658444,11.815190320789
250.1,7.75,7.75,7.75085064284737,7.75026402292766,6.61136774894814,7.38227511729092,15.5017012856947,15.5005280458553,16.2695351636321,11.8152012527697
250.2,7.75,7.75,7.75084976348334,7.75026349145541,6.61136084142575,7.38227407139356,15.5016995269667,15.5005269829108,16.2696215924971,11.8152121494831
250.3,7.75,7.75,7.75084888508653,7.75026296078458,6.61135393995277,7.38227302863696,15.5016977701731,15.5005259215692,16.2697079462169,11.8152230114926
250.4,7.75,7.75,7.75084800765588,7.75026243091411,6.61134704452391,7.38227198901674,15.5016960153118,15.5005248618282,16.269794224857,11.8152338388469
250.5,7.75,7.75,7.75084713119035,7.75026190184295,6.61134015513383,7.38227095252851,15.5016942623807,15.5005238036859,16.2698804284827,11.8152446315949
250.6,7.75,7.75,7.75084625599532,7.75026137382372,6.61133327369595,7.38226992016151,15.5016925119906,15.5005227476474,16.2699665333247,11.8152553788071
250.7,7.75,7.75,7.7508453817765,7.75026084661247,6.61132639837005,7.38226889095958,15.501690763553,15.5005216932249,16.2700525622416,11.8152660910489
250.8,7.75,7.75,7.75084450851859,7.75026032019639,6.61131952906176,7.3822678648722,15.5016890170372,15.5005206403928,16.2701385164053,11.8152767688789
250.9,7.75,7.75,7.75084363622056,7.75025979457442,6.6113126657658,7.38226684189501,15.5016872724411,15.5005195891488,16.2702243958808,11.8152874123456
251,7.75,7.75,7.75084276488135,7.75025926974554,6.61130580847688,7.38226582202368,15.5016855297627,15.5005185394911,16.2703102007331,11.8152980214973
251.1,7.75,7.75,7.75084189480439,7.75025874596039,6.61129895909836,7.38226480623916,15.5016837896088,15.5005174919208,16.2703959073166,11.815308585497
251.2,7.75,7.75,7.75084102569728,7.75025822297693,6.61129211579969,7.38226379359327,15.5016820513946,15.5005164459539,16.270481538371,11.8153191148209
251.3,7.75,7.75,7.75084015754483,7.75025770078242,6.611285278487,7.38226278403591,15.5016803150897,15.5005154015648,16.2705670950617,11.815329610023
251.4,7.75,7.75,7.75083929034601,7.75025717937586,6.61127844715504,7.38226177756276,15.501678580692,15.5005143587517,16.2706525774536,11.8153400711514
251.5,7.75,7.75,7.75083842409977,7.7502566587562,6.61127162179857,7.3822607741695,15.5016768481995,15.5005133175124,16.2707379856112,11.8153504982543
251.6,7.75,7.75,7.75083755910758,7.75025613917214,6.61126480431093,7.38225977482888,15.5016751182152,15.5005122783443,16.2708232960121,11.8153608805859
251.7,7.75,7.75,7.75083669507891,7.75025562038352,6.6112579928712,7.38225877860064,15.5016733901578,15.500511240767,16.2709085312774,11.8153712285344
251.8,7.75,7.75,7.75083583199871,7.75025510237772,6.61125118738601,7.38225778543511,15.5016716639974,15.5005102047554,16.2709936925666,11.815381542649
251.9,7.75,7.75,7.75083496986594,7.75025458515371,6.61124438785014,7.38225679532798,15.5016699397319,15.5005091703074,16.2710787799438,11.8153918229775
252,7.75,7.75,7.75083410867956,7.75025406871049,6.61123759425837,7.38225580827497,15.5016682173591,15.500508137421,16.2711637934736,11.8154020695678
252.1,7.75,7.75,7.75083324873906,7.7502535532948,6.61123080849411,7.38225482524068,15.5016664974781,15.5005071065896,16.2712487097558,11.8154122717648
252.2,7.75,7.75,7.75083238975584,7.75025303866836,6.61122402874601,7.38225384529272,15.5016647795117,15.5005060773367,16.2713335512937,11.8154224398692
252.3,7.75,7.75,7.75083153171492,7.75025252481864,6.61121725492119,7.38225286838181,15.5016630634298,15.5005050496373,16.2714183192407,11.8154325744255
252.4,7.75,7.75,7.75083067461526,7.75025201174464,6.61121048701445,7.38225189450369,15.5016613492305,15.5005040234893,16.2715030136606,11.8154426754814
252.5,7.75,7.75,7.75082981845586,7.75025149944534,6.61120372502062,7.3822509236541,15.5016596369117,15.5005029988907,16.2715876346175,11.8154527430841
252.6,7.75,7.75,7.75082896353424,7.75025098816557,6.61119697081321,7.38224995678955,15.5016579270685,15.5005019763311,16.2716721588332,11.815462766669
252.7,7.75,7.75,7.75082810956368,7.7502504776689,6.61119022259039,7.38224899298547,15.5016562191274,15.5005009553378,16.2717566086936,11.8154727564495
252.8,7.75,7.75,7.75082725652929,7.75024996794292,6.61118348025976,7.38224803219296,15.5016545130586,15.5004999358858,16.271840985346,11.8154827129659
252.9,7.75,7.75,7.75082640443007,7.75024945898662,6.61117674381618,7.38224707440782,15.5016528088601,15.5004989179732,16.2719252888541,11.8154926362652
253,7.75,7.75,7.75082555326498,7.75024895079898,6.61117001325446,7.38224611962581,15.50165110653,15.500497901598,16.2720095192815,11.8155025263945
253.1,7.75,7.75,7.75082470332966,7.75024844362296,6.61116329043834,7.38224516879542,15.5016494066593,15.5004968872459,16.272093653471,11.8155123728786
253.2,7.75,7.75,7.75082385433921,7.75024793722394,6.61115657357541,7.38224422099979,15.5016477086784,15.5004958744479,16.272177713692,11.8155221858447
253.3,7.75,7.75,7.75082300627887,7.75024743158961,6.61114986257377,7.38224327619047,15.5016460125577,15.5004948631792,16.2722617010859,11.8155319658283
253.4,7.75,7.75,7.75082215914761,7.75024692671897,6.6111431574283,7.38224233436325,15.5016443182952,15.5004938534379,16.272345615716,11.8155417128763
253.5,7.75,7.75,7.75082131294444,7.75024642261102,6.61113645813387,7.38224139551396,15.5016426258889,15.500492845222,16.2724294576454,11.8155514270354
253.6,7.75,7.75,7.75082046796304,7.75024591950681,6.6111297665444,7.38224046058308,15.5016409359261,15.5004918390136,16.2725132038374,11.8155610979193
253.7,7.75,7.75,7.7508196239204,7.75024541717357,6.61112308087693,7.38223952866147,15.5016392478408,15.5004908343471,16.2725968764456,11.8155707355692
253.8,7.75,7.75,7.75081878080183,7.75024491559907,6.61111640104003,7.38223859970108,15.5016375616037,15.5004898311981,16.2726804766053,11.8155803405165
253.9,7.75,7.75,7.75081793860632,7.75024441478233,6.61110972702859,7.38223767369772,15.5016358772126,15.5004888295647,16.2727640043795,11.8155899128076
254,7.75,7.75,7.75081709733287,7.75024391472235,6.61110305883753,7.38223675064725,15.5016341946657,15.5004878294447,16.2728474598309,11.8155994524887
254.1,7.75,7.75,7.75081625727328,7.7502434156583,6.61109639831107,7.38223583148224,15.5016325145466,15.5004868313166,16.2729308200427,11.815608949262
254.2,7.75,7.75,7.75081541814636,7.75024291735923,6.61108974367556,7.38223491530118,15.5016308362927,15.5004858347185,16.273014107053,11.8156184130835
254.3,7.75,7.75,7.75081457993752,7.750242419813,6.61108309484008,7.38223400205642,15.501629159875,15.500484839626,16.2730973219913,11.81562784448
254.4,7.75,7.75,7.75081374264576,7.75024192301863,6.61107645179955,7.38223309174381,15.5016274852915,15.5004838460373,16.2731804649202,11.8156372434976
254.5,7.75,7.75,7.75081290627009,7.75024142697516,6.61106981454891,7.38223218435923,15.5016258125402,15.5004828539503,16.2732635359022,11.8156466101825
254.6,7.75,7.75,7.75081207110041,7.75024093191987,6.61106318492272,7.3822312808274,15.5016241422008,15.5004818638397,16.2733465121392,11.815655934324
254.7,7.75,7.75,7.75081123685736,7.75024043762362,6.61105656115664,7.38223038025439,15.5016224737147,15.5004808752472,16.2734294155551,11.8156652257938
254.8,7.75,7.75,7.75081040352644,7.75023994407436,6.61104994316022,7.38222948259293,15.5016208070529,15.5004798881487,16.2735122472733,11.8156744851144
254.9,7.75,7.75,7.75080957110667,7.75023945127113,6.6110433309284,7.38222858783893,15.5016191422133,15.5004789025423,16.2735950073561,11.8156837123315
255,7.75,7.75,7.75080873959705,7.75023895921295,6.61103672445616,7.38222769598827,15.5016174791941,15.5004779184259,16.2736776958656,11.8156929074907
255.1,7.75,7.75,7.75080790928561,7.75023846813528,6.61103012556846,7.38222680795788,15.5016158185712,15.5004769362706,16.2737602901221,11.8157020604687
255.2,7.75,7.75,7.7508070798948,7.75023797781076,6.61102353251019,7.38222592286137,15.5016141597896,15.5004759556215,16.2738428119355,11.8157111810531
255.3,7.75,7.75,7.75080625141022,7.75023748822742,6.61101694519139,7.38222504065185,15.5016125028204,15.5004749764548,16.2739252624235,11.8157202697619
255.4,7.75,7.75,7.75080542383089,7.75023699938432,6.61101036360703,7.38222416132525,15.5016108476618,15.5004739987686,16.274007641648,11.8157293266406
255.5,7.75,7.75,7.75080459715582,7.75023651128048,6.6110037877521,7.3822232848775,15.5016091943116,15.500473022561,16.2740899496706,11.8157383517345
255.6,7.75,7.75,7.75080377167118,7.75023602414955,6.61099721944203,7.38222241221778,15.5016075433424,15.5004720482991,16.2741721639294,11.8157473350064
255.7,7.75,7.75,7.75080294710122,7.75023553776591,6.6109906569309,7.38222154246715,15.5016058942024,15.5004710755318,16.2742543061211,11.8157562861609
255.8,7.75,7.75,7.75080212343162,7.75023505211771,6.61098410012922,7.38222067557914,15.5016042468632,15.5004701042354,16.2743363773574,11.8157652057115
255.9,7.75,7.75,7.75080130066141,7.75023456720399,6.61097754903198,7.3822198115497,15.5016026013228,15.500469134408,16.2744183776999,11.8157740937034
256,7.75,7.75,7.75080047878962,7.75023408302381,6.61097100363421,7.38221895037479,15.5016009575792,15.5004681660476,16.2745003072099,11.8157829501816
256.1,7.75,7.75,7.75079965810056,7.75023359980897,6.61096446574185,7.38221809295589,15.5015993162011,15.5004671996179,16.2745821434426,11.8157917651946
256.2,7.75,7.75,7.75079883832026,7.75023311733563,6.61095793361811,7.3822172384215,15.5015976766405,15.5004662346713,16.2746639079818,11.8158005483641
256.3,7.75,7.75,7.75079801943451,7.75023263559202,6.61095140717396,7.38221638672552,15.501596038869,15.500465271184,16.2747456019336,11.8158093001996
256.4,7.75,7.75,7.75079720144233,7.7502321545772,6.61094488640444,7.38221553786393,15.5015944028847,15.5004643091544,16.2748272253593,11.8158180207458
256.5,7.75,7.75,7.75079638434277,7.75023167429021,6.6109383713046,7.38221469183273,15.5015927686855,15.5004633485804,16.2749087783198,11.8158267100473
256.6,7.75,7.75,7.75079556841829,7.75023119496109,6.61093186367093,7.38221384952576,15.5015911368366,15.5004623899222,16.2749902384865,11.8158353582379
256.7,7.75,7.75,7.7507947533967,7.75023071636771,6.61092536177574,7.38221301007887,15.5015895067934,15.5004614327354,16.2750716273314,11.8158439748572
256.8,7.75,7.75,7.75079393926388,7.7502302384984,6.61091886553047,7.38221217344637,15.5015878785278,15.5004604769968,16.2751529459549,11.8158525604101
256.9,7.75,7.75,7.75079312601887,7.75022976135222,6.61091237493017,7.38221133962427,15.5015862520377,15.5004595227044,16.2752341944176,11.8158611149412
257,7.75,7.75,7.7507923136607,7.75022928492824,6.61090588996993,7.38221050860857,15.5015846273214,15.5004585698565,16.2753153727805,11.8158696384949
257.1,7.75,7.75,7.75079150247003,7.75022880945469,6.61089941243687,7.38220968128555,15.5015830049401,15.5004576189094,16.2753964588303,11.8158781212892
257.2,7.75,7.75,7.75079069217642,7.75022833471118,6.61089294061232,7.38220885679839,15.5015813843528,15.5004566694224,16.2754774739279,11.8158865727823
257.3,7.75,7.75,7.75078988276583,7.75022786068613,6.61088647440817,7.38220803510175,15.5015797655317,15.5004557213723,16.2755584191678,11.8158949934749
257.4,7.75,7.75,7.75078907423732,7.7502273873786,6.61088001381952,7.38220721619168,15.5015781484746,15.5004547747572,16.2756392946105,11.8159033834113
257.5,7.75,7.75,7.75078826658994,7.75022691478766,6.61087355884148,7.38220640006422,15.5015765331799,15.5004538295753,16.2757201003164,11.8159117426354
257.6,7.75,7.75,7.75078746010251,7.7502264431398,6.61086711125184,7.38220558759811,15.501574920205,15.5004528862796,16.2758008141873,11.8159200614492
257.7,7.75,7.75,7.75078665450636,7.75022597221631,6.61086066934091,7.3822047779438,15.5015733090127,15.5004519444326,16.2758814574735,11.81592834923
257.8,7.75,7.75,7.75078584978754,7.75022550200571,6.61085423302105,7.38220397105632,15.5015716995751,15.5004510040114,16.2759620312637,11.8159366064743
257.9,7.75,7.75,7.7507850459451,7.75022503250707,6.61084780228737,7.38220316693176,15.5015700918902,15.5004500650141,16.2760425356181,11.8159448332258
258,7.75,7.75,7.75078424297811,7.75022456371948,6.61084137713502,7.38220236556619,15.5015684859562,15.500449127439,16.2761229705967,11.8159530295285
258.1,7.75,7.75,7.75078344116359,7.75022409586764,6.61083495933252,7.38220156783087,15.5015668823272,15.5004481917353,16.2762033142157,11.8159611857673
258.2,7.75,7.75,7.7507826402346,7.75022362873457,6.6108285471791,7.38220077288346,15.5015652804692,15.5004472574691,16.2762835876153,11.8159693112394
258.3,7.75,7.75,7.75078184017728,7.75022316230887,6.61082214058757,7.38219998067937,15.5015636803546,15.5004463246177,16.2763637918786,11.815977406437
258.4,7.75,7.75,7.7507810409907,7.75022269658961,6.6108157395531,7.38219919121471,15.5015620819814,15.5004453931792,16.2764439270654,11.8159854714036
258.5,7.75,7.75,7.75078024267391,7.75022223157589,6.61080934407084,7.38219840448558,15.5015604853478,15.5004444631518,16.2765239932353,11.8159935061826
258.6,7.75,7.75,7.75077944550218,7.75022176749068,6.61080295590009,7.38219762135584,15.5015588910044,15.5004435349814,16.2766039685185,11.8160015012419
258.7,7.75,7.75,7.75077864921026,7.75022130411866,6.61079657334897,7.38219684099028,15.5015572984205,15.5004426082373,16.2766838739454,11.8160094657987
258.8,7.75,7.75,7.75077785378441,7.75022084144854,6.61079019633074,7.38219606334471,15.5015557075688,15.5004416828971,16.2767637105936,11.8160174003411
258.9,7.75,7.75,7.75077705922367,7.75022037947939,6.61078382484059,7.38219528841526,15.5015541184473,15.5004407589588,16.2768434785227,11.8160253049124
259,7.75,7.75,7.75077626552713,7.75021991821031,6.6107774588737,7.38219451619805,15.5015525310543,15.5004398364206,16.2769231777918,11.8160331795555
259.1,7.75,7.75,7.75077547296827,7.75021945786255,6.61077110018022,7.38219374754957,15.5015509459365,15.5004389157251,16.2770027866441,11.8160410148205
259.2,7.75,7.75,7.75077468128355,7.75021899822247,6.61076474707707,7.38219298164174,15.5015493625671,15.5004379964449,16.2770823260013,11.8160488198453
259.3,7.75,7.75,7.75077389045932,7.75021853927884,6.61075839947799,7.38219221843072,15.5015477809186,15.5004370785577,16.2771617969355,11.816056595114
259.4,7.75,7.75,7.75077310049464,7.75021808103076,6.61075205737817,7.38219145791267,15.5015462009893,15.5004361620615,16.2772411995057,11.8160643406693
259.5,7.75,7.75,7.75077231138859,7.75021762347734,6.61074572077284,7.38219070008374,15.5015446227772,15.5004352469547,16.277320533771,11.8160720565543
259.6,7.75,7.75,7.7507715234129,7.7502171668381,6.61073939140302,7.38218994579313,15.5015430468258,15.5004343336762,16.2773997780867,11.8160797334001
259.7,7.75,7.75,7.75077073630573,7.75021671090106,6.61073306759441,7.38218919421979,15.5015414726115,15.5004334218021,16.2774789532665,11.8160873802662
259.8,7.75,7.75,7.75076995005351,7.75021625565509,6.61072674926119,7.38218844532025,15.501539900107,15.5004325113102,16.2775580603768,11.8160949976325
259.9,7.75,7.75,7.7507691646553,7.75021580109928,6.61072043639861,7.3821876990907,15.5015383293106,15.5004316021986,16.2776370994763,11.8161025855416
260,7.75,7.75,7.7507683801102,7.75021534723275,6.61071412900189,7.38218695552733,15.5015367602204,15.5004306944655,16.2777160706238,11.8161101440359
260.1,7.75,7.75,7.75076759668819,7.75021489427334,6.61070782880301,7.38218621547206,15.5015351933764,15.5004297885467,16.2777949522864,11.8161176638278
260.2,7.75,7.75,7.75076681412912,7.75021444201069,6.61070153413638,7.38218547811086,15.5015336282582,15.5004288840214,16.2778737651701,11.8161251538985
260.3,7.75,7.75,7.75076603241949,7.75021399043376,6.61069524491664,7.38218474340063,15.501532064839,15.5004279808675,16.277952510336,11.8161326147239
260.4,7.75,7.75,7.75076525155839,7.75021353954165,6.61068896113906,7.38218401133757,15.5015305031168,15.5004270790833,16.2780311878423,11.8161400463462
260.5,7.75,7.75,7.75076447154491,7.7502130893335,6.61068268279889,7.38218328191791,15.5015289430898,15.500426178667,16.2781097977474,11.8161474488077
260.6,7.75,7.75,7.7507636926473,7.75021264002544,6.6106764116191,7.38218255597637,15.5015273852946,15.5004252800509,16.2781883186296,11.8161548129009
260.7,7.75,7.75,7.75076291460707,7.75021219140876,6.61067014594278,7.38218183270585,15.5015258292141,15.5004243828175,16.2782667710881,11.8161621475296
260.8,7.75,7.75,7.75076213741084,7.75021174347249,6.610663885685,7.38218111206363,15.5015242748217,15.500423486945,16.2783451561783,11.8161694531656
260.9,7.75,7.75,7.75076136105768,7.75021129621576,6.61065763084107,7.38218039404594,15.5015227221154,15.5004225924315,16.2784234739581,11.816176729851
261,7.75,7.75,7.75076058554669,7.75021084963768,6.61065138140627,7.38217967864903,15.5015211710934,15.5004216992754,16.2785017244856,11.8161839776274
261.1,7.75,7.75,7.7507598111444,7.75021040395274,6.61064513909459,7.38217896670047,15.5015196222888,15.5004208079055,16.2785798864496,11.8161911873673
261.2,7.75,7.75,7.750759037594,7.75020995895384,6.61063890225776,7.38217825740006,15.501518075188,15.5004199179077,16.278657980343,11.8161983678976
261.3,7.75,7.75,7.75075826488216,7.75020951463009,6.61063267081129,7.38217755070543,15.5015165297643,15.5004190292602,16.2787360072155,11.816205519686
261.4,7.75,7.75,7.75075749300798,7.75020907098062,6.61062644475052,7.38217684661286,15.501514986016,15.5004181419612,16.278813967125,11.8162126427742
261.5,7.75,7.75,7.75075672197057,7.75020862800456,6.61062022407075,7.38217614511862,15.5015134439411,15.5004172560091,16.2788918601291,11.8162197372037
261.6,7.75,7.75,7.75075595203474,7.75020818591473,6.61061401047708,7.38217544704316,15.5015119040695,15.5004163718295,16.2789696650265,11.816226793926
261.7,7.75,7.75,7.75075518294532,7.75020774450564,6.6106078023298,7.38217475159315,15.5015103658906,15.5004154890113,16.2790474022043,11.8162338216916
261.8,7.75,7.75,7.75075441468908,7.75020730376648,6.61060159954487,7.38217405872659,15.5015088293782,15.500414607533,16.2791250727068,11.8162408209643
261.9,7.75,7.75,7.75075364726514,7.7502068636964,6.61059540211763,7.38217336843976,15.5015072945303,15.5004137273928,16.2792026765916,11.8162477917855
262,7.75,7.75,7.75075288067259,7.75020642429452,6.61058921004344,7.38217268072897,15.5015057613452,15.500412848589,16.2792802139159,11.8162547341965
262.1,7.75,7.75,7.75075211517455,7.75020598577203,6.61058302501852,7.38217199640762,15.5015042303491,15.5004119715441,16.2793576635877,11.816261639227
262.2,7.75,7.75,7.75075135051749,7.75020554792501,6.61057684541169,7.38217131468918,15.501502701035,15.50041109585,16.2794350458889,11.8162685155521
262.3,7.75,7.75,7.75075058668827,7.75020511074275,6.61057067113936,7.38217063553201,15.5015011733765,15.5004102214855,16.2795123618586,11.8162753636314
262.4,7.75,7.75,7.750749823686,7.7502046742244,6.61056450219689,7.38216995893241,15.501499647372,15.5004093484488,16.2795896115538,11.8162821835061
262.5,7.75,7.75,7.7507490615098,7.75020423836908,6.61055833857966,7.38216928488672,15.5014981230196,15.5004084767382,16.2796667950315,11.8162889752171
262.6,7.75,7.75,7.75074830042109,7.75020380338637,6.61055218197511,7.38216861420134,15.5014966008422,15.5004076067727,16.2797438913083,11.8162957298722
262.7,7.75,7.75,7.75074754016797,7.75020336907391,6.6105460307605,7.38216794609651,15.5014950803359,15.5004067381478,16.2798209205616,11.8163024560712
262.8,7.75,7.75,7.75074678073738,7.75020293542108,6.6105398848527,7.38216728053091,15.5014935614748,15.5004058708422,16.279897883825,11.8163091542698
262.9,7.75,7.75,7.75074602212844,7.75020250242702,6.61053374424708,7.38216661750089,15.5014920442569,15.500405004854,16.2799747811553,11.8163158245088
263,7.75,7.75,7.75074526434027,7.75020207009089,6.61052760893907,7.38216595700281,15.5014905286805,15.5004041401818,16.2800516126092,11.8163224668289
263.1,7.75,7.75,7.75074450763263,7.75020163862062,6.61052148060732,7.38216529983613,15.5014890152653,15.5004032772412,16.2801283573113,11.8163290724153
263.2,7.75,7.75,7.75074375175522,7.75020120781543,6.61051535763756,7.38216464522778,15.5014875035104,15.5004024156309,16.280205035335,11.8163356497931
263.3,7.75,7.75,7.75074299669508,7.75020077766477,6.61050923994705,7.3821639931368,15.5014859933902,15.5004015553295,16.2802816477085,11.816342199414
263.4,7.75,7.75,7.75074224245132,7.75020034816781,6.61050312753122,7.38216334355957,15.5014844849026,15.5004006963356,16.2803581944883,11.8163487213187
263.5,7.75,7.75,7.75074148902307,7.75019991932369,6.61049702038551,7.38216269649246,15.5014829780461,15.5003998386474,16.2804346757308,11.8163552155475
263.6,7.75,7.75,7.75074073666843,7.75019949133874,6.61049092017987,7.38216205272805,15.5014814733369,15.5003989826775,16.280511070668,11.8163616733624
263.7,7.75,7.75,7.75073998513872,7.75019906401375,6.61048482530839,7.38216141149991,15.5014799702774,15.5003981280275,16.2805873992699,11.8163681032143
263.8,7.75,7.75,7.75073923442103,7.75019863733824,6.6104787356888,7.38216077276745,15.5014784688421,15.5003972746765,16.2806636625596,11.8163745055512
263.9,7.75,7.75,7.7507384845145,7.75019821131137,6.61047265131653,7.38216013652705,15.501476969029,15.5003964226227,16.280739860593,11.8163808804134
264,7.75,7.75,7.75073773541827,7.75019778593231,6.61046657218705,7.38215950277513,15.5014754708365,15.5003955718646,16.2808159934263,11.8163872278409
264.1,7.75,7.75,7.75073698738876,7.7501973614058,6.61046049996165,7.38215887229741,15.5014739747775,15.5003947228116,16.2808920403983,11.8163935391719
264.2,7.75,7.75,7.75073624017891,7.75019693753415,6.61045443304277,7.38215824433407,15.5014724803578,15.5003938750683,16.2809680213762,11.8163998227839
264.3,7.75,7.75,7.75073549377588,7.75019651430697,6.61044837134854,7.38215761884486,15.5014709875518,15.5003930286139,16.2810439373777,11.816406079121
264.4,7.75,7.75,7.75073474817883,7.75019609172343,6.61044231487444,7.3821569958262,15.5014694963577,15.5003921834469,16.2811197884586,11.8164123082231
264.5,7.75,7.75,7.75073400338689,7.7501956697827,6.61043626361595,7.38215637527452,15.5014680067738,15.5003913395654,16.2811955746746,11.81641851013
264.6,7.75,7.75,7.75073325965486,7.75019524868794,6.61043021922578,7.38215575796875,15.5014665193097,15.5003904973759,16.2812712754708,11.8164246762556
264.7,7.75,7.75,7.75073251673723,7.75019482824299,6.61042418011462,7.38215514315563,15.5014650334745,15.500389656486,16.2813469106122,11.8164308149043
264.8,7.75,7.75,7.75073177462128,7.75019440843755,6.61041814620104,7.38215453079524,15.5014635492426,15.5003888168751,16.2814224811112,11.8164369265164
264.9,7.75,7.75,7.75073103330614,7.75019398927078,6.61041211748055,7.38215392088404,15.5014620666123,15.5003879785416,16.2814979870233,11.8164430111314
265,7.75,7.75,7.75073029279097,7.75019357074186,6.61040609394865,7.38215331341848,15.5014605855819,15.5003871414837,16.281573428404,11.816449068789
265.1,7.75,7.75,7.75072955332893,7.7501931530524,6.61040007724948,7.38215270917075,15.5014591066579,15.5003863061048,16.2816487848037,11.8164550909782
265.2,7.75,7.75,7.7507288146761,7.75019273600772,6.610394065802,7.3821521073941,15.5014576293522,15.5003854720154,16.2817240758859,11.8164610859308
265.3,7.75,7.75,7.75072807681981,7.75019231959762,6.61038805952518,7.38215150804895,15.5014561536396,15.5003846391952,16.2817993026579,11.8164670540833
265.4,7.75,7.75,7.75072733975923,7.75019190382128,6.61038205841456,7.38215091113178,15.5014546795185,15.5003838076426,16.2818744651748,11.8164729954752
265.5,7.75,7.75,7.7507266034935,7.75019148867787,6.61037606246567,7.38215031663907,15.501453206987,15.5003829773557,16.2819495634917,11.8164789101455
265.6,7.75,7.75,7.75072586827417,7.75019107436744,6.61037007331415,7.3821497253363,15.5014517365483,15.5003821487349,16.2820245772642,11.816484789658
265.7,7.75,7.75,7.75072513385888,7.75019066069684,6.61036408938713,7.3821491364832,15.5014502677178,15.5003813213937,16.2820995260547,11.8164906421726
265.8,7.75,7.75,7.75072440023506,7.75019024765592,6.610358110604,7.38214855004052,15.5014488004701,15.5003804953118,16.2821744108651,11.8164964681219
265.9,7.75,7.75,7.75072366740185,7.75018983524387,6.61035213696034,7.38214796600476,15.5014473348037,15.5003796704877,16.2822492317503,11.8165022675451
266,7.75,7.75,7.75072293535842,7.75018942345987,6.6103461684517,7.38214738437243,15.5014458707168,15.5003788469197,16.2823239887652,11.8165080404809
266.1,7.75,7.75,7.75072220435472,7.75018901250244,6.61034020670526,7.38214680590238,15.5014444087094,15.5003780250049,16.2823986616697,11.8165137785674
266.2,7.75,7.75,7.75072147414993,7.75018860217991,6.61033425015629,7.38214622986073,15.5014429482999,15.5003772043598,16.2824732699257,11.8165194898927
266.3,7.75,7.75,7.75072074473154,7.7501881924822,6.61032829872461,7.38214565620857,15.5014414894631,15.5003763849644,16.28254781453,11.816525174886
266.4,7.75,7.75,7.75072001609873,7.75018778340852,6.61032235240581,7.38214508494243,15.5014400321975,15.500375566817,16.2826222955372,11.8165308335858
266.5,7.75,7.75,7.75071928825066,7.75018737495806,6.61031641119547,7.38214451605885,15.5014385765013,15.5003747499161,16.2826967130017,11.816536466031
266.6,7.75,7.75,7.75071856143569,7.75018696732779,6.61031047671237,7.38214395031007,15.5014371228714,15.5003739346556,16.2827710467874,11.8165420639328
266.7,7.75,7.75,7.75071783541452,7.75018656032753,6.61030454739986,7.38214338696859,15.501435670829,15.5003731206551,16.2828453162563,11.8165476353086
266.8,7.75,7.75,7.75071711017475,7.75018615394728,6.61029862317819,7.38214282599582,15.5014342203495,15.5003723078946,16.2829195224001,11.8165531805837
266.9,7.75,7.75,7.75071638571554,7.75018574818626,6.61029270404296,7.38214226738833,15.5014327714311,15.5003714963725,16.2829936652729,11.8165586997966
267,7.75,7.75,7.75071566203607,7.75018534304365,6.61028678998979,7.38214171114268,15.5014313240721,15.5003706860873,16.283067744929,11.8165641929857
267.1,7.75,7.75,7.75071493938311,7.75018493871493,6.61028088262909,7.38214115800454,15.5014298787662,15.5003698774299,16.2831417413353,11.8165696519352
267.2,7.75,7.75,7.75071421751889,7.75018453501135,6.61027498041226,7.38214060725275,15.5014284350378,15.5003690700227,16.2832156737546,11.8165750845921
267.3,7.75,7.75,7.75071349643109,7.75018413192302,6.61026908325996,7.38214005884906,15.5014269928622,15.500368263846,16.2832895431734,11.8165804913781
267.4,7.75,7.75,7.75071277611888,7.75018372944914,6.61026319116783,7.38213951279005,15.5014255522378,15.5003674588983,16.2833633496457,11.8165858723313
267.5,7.75,7.75,7.75071205658144,7.75018332758892,6.6102573041315,7.38213896907229,15.5014241131629,15.5003666551778,16.2834370932253,11.8165912274898
267.6,7.75,7.75,7.75071133806397,7.75018292653631,6.61025142375307,7.38213842843499,15.5014226761279,15.5003658530726,16.2835107539818,11.8165965487105
267.7,7.75,7.75,7.75071062033021,7.75018252610405,6.61024554849194,7.38213789016322,15.5014212406604,15.5003650522081,16.2835843510792,11.8166018438702
267.8,7.75,7.75,7.75070990336793,7.75018212628228,6.61023967826919,7.38213735421909,15.5014198067359,15.5003642525646,16.2836578854989,11.816607113387
267.9,7.75,7.75,7.7507091871763,7.75018172707025,6.61023381308048,7.38213682059918,15.5014183743526,15.5003634541405,16.2837313572946,11.8166123572988
268,7.75,7.75,7.75070847175451,7.75018132846715,6.61022795292146,7.38213628930012,15.501416943509,15.5003626569343,16.2838047665199,11.8166175756434
268.1,7.75,7.75,7.75070775734618,7.75018093066544,6.61022209938596,7.38213576105462,15.5014155146924,15.5003618613309,16.2838780933463,11.8166227603495
268.2,7.75,7.75,7.75070704371659,7.7501805334793,6.61021625094135,7.38213523515402,15.5014140874332,15.5003610669586,16.2839513568397,11.8166279192248
268.3,7.75,7.75,7.75070633085356,7.75018013689898,6.61021040750911,7.38213471156072,15.5014126617071,15.500360273798,16.2840245579765,11.8166330526835
268.4,7.75,7.75,7.75070561875628,7.75017974092368,6.61020456908493,7.38213419027136,15.5014112375126,15.5003594818474,16.2840976968099,11.8166381607633
268.5,7.75,7.75,7.75070490742392,7.75017934555263,6.61019873566449,7.38213367128257,15.5014098148478,15.5003586911053,16.2841707733933,11.8166432435017
268.6,7.75,7.75,7.7507041970986,7.75017895097681,6.61019290883338,7.38213315532066,15.5014083941972,15.5003579019536,16.2842437679998,11.8166482928988
268.7,7.75,7.75,7.75070348754705,7.75017855701183,6.61018708706691,7.38213264168314,15.5014069750941,15.5003571140237,16.2843166995974,11.8166533166934
268.8,7.75,7.75,7.75070277875718,7.75017816364799,6.61018127028694,7.38213213033275,15.5014055575144,15.500356327296,16.2843895691576,11.8166583152962
268.9,7.75,7.75,7.75070207072819,7.75017777088453,6.6101754584892,7.38213162126616,15.5014041414564,15.5003555417691,16.2844623767333,11.8166632887445
269,7.75,7.75,7.75070136345927,7.75017737872068,6.61016965166939,7.38213111448,15.5014027269185,15.5003547574414,16.2845351223776,11.8166682370756
269.1,7.75,7.75,7.75070065719097,7.75017698734593,6.61016385140493,7.38213061069425,15.5014013143819,15.5003539746919,16.2846077864645,11.8166731523605
269.2,7.75,7.75,7.75069995169152,7.75017659657732,6.61015805617899,7.38213010921253,15.501399903383,15.5003531931546,16.2846803878649,11.8166780422695
269.3,7.75,7.75,7.75069924694892,7.75017620640524,6.61015226591384,7.38212960999793,15.5013984938978,15.5003524128105,16.2847529275453,11.8166829072097
269.4,7.75,7.75,7.75069854296236,7.75017581682891,6.61014648060523,7.3821291130471,15.5013970859247,15.5003516336578,16.2848254055583,11.8166877472183
269.5,7.75,7.75,7.75069783973103,7.75017542784758,6.61014070024889,7.38212861835675,15.5013956794621,15.5003508556952,16.2848978219567,11.8166925623322
269.6,7.75,7.75,7.75069713749396,7.75017503964929,6.61013492641411,7.38212812664049,15.5013942749879,15.5003500792986,16.2849701572148,11.8166973446928
269.7,7.75,7.75,7.75069643602087,7.75017465205248,6.61012915759188,7.38212763720808,15.5013928720417,15.500349304105,16.285042430107,11.8167021019025
269.8,7.75,7.75,7.75069573529981,7.75017426504761,6.61012339370489,7.38212715002289,15.5013914705996,15.5003485300952,16.2851146415948,11.8167068343648
269.9,7.75,7.75,7.75069503532998,7.75017387863391,6.61011763474889,7.38212666508163,15.50139007066,15.5003477572678,16.2851867917305,11.8167115421167
270,7.75,7.75,7.75069433611059,7.75017349281064,6.61011188071964,7.38212618238101,15.5013886722212,15.5003469856213,16.2852588805666,11.8167162251948
270.1,7.75,7.75,7.75069363787916,7.75017310776439,6.61010613317836,7.38212570262838,15.5013872757583,15.5003462155288,16.2853308886772,11.8167208758103
270.2,7.75,7.75,7.75069294040683,7.75017272331499,6.61010039062381,7.38212522513954,15.5013858808137,15.50034544663,16.2854028347407,11.8167255014982
270.3,7.75,7.75,7.75069224368177,7.75017233945298,6.61009465297907,7.3821247498782,15.5013844873635,15.500344678906,16.2854747197135,11.8167301026587
270.4,7.75,7.75,7.75069154770318,7.7501719561776,6.61008892023994,7.38212427684108,15.5013830954064,15.5003439123552,16.2855465436479,11.8167346793282
270.5,7.75,7.75,7.75069085247025,7.75017157348811,6.61008319240218,7.38212380602489,15.5013817049405,15.5003431469762,16.2856183065958,11.8167392315432
270.6,7.75,7.75,7.75069015821901,7.75017119156967,6.61007747101898,7.3821233381308,15.501380316438,15.5003423831393,16.2856899892306,11.8167437515843
270.7,7.75,7.75,7.75068946472207,7.75017081024349,6.61007175459684,7.3821228724806,15.5013789294441,15.500341620487,16.2857616101353,11.8167482469194
270.8,7.75,7.75,7.75068877196764,7.75017042950019,6.61006604305924,7.38212240903829,15.5013775439353,15.5003408590004,16.2858331702615,11.8167527179454
270.9,7.75,7.75,7.75068807995494,7.75017004933902,6.610060336402,7.38212194780063,15.5013761599099,15.500340098678,16.2859046696608,11.8167571646982
271,7.75,7.75,7.75068738868319,7.75016966975923,6.6100546346209,7.38212148876438,15.5013747773664,15.5003393395185,16.2859761083853,11.8167615872143
271.1,7.75,7.75,7.75068669838689,7.75016929094457,6.61004893926115,7.38212103262449,15.5013733967738,15.5003385818891,16.2860474672068,11.8167659778429
271.2,7.75,7.75,7.7506860088401,7.75016891271762,6.61004324883693,7.38212057870873,15.5013720176802,15.5003378254352,16.2861187646133,11.8167703439857
271.3,7.75,7.75,7.75068532003112,7.75016853506907,6.61003756327212,7.38212012698142,15.5013706400622,15.5003370701381,16.2861900015515,11.8167746860358
271.4,7.75,7.75,7.75068463195917,7.75016815799818,6.61003188256255,7.38211967743933,15.5013692639183,15.5003363159964,16.286261178073,11.8167790040293
271.5,7.75,7.75,7.75068394462346,7.7501677815042,6.61002620670405,7.38211923007924,15.5013678892469,15.5003355630084,16.2863322942293,11.816783298002
271.6,7.75,7.75,7.75068325825702,7.75016740576948,6.61002053723387,7.38211878558999,15.501366516514,15.500334811539,16.2864033308904,11.8167875603716
271.7,7.75,7.75,7.75068257263535,7.75016703061795,6.61001487267383,7.38211834330525,15.5013651452707,15.5003340612359,16.2864743064499,11.8167917984739
271.8,7.75,7.75,7.75068188774681,7.75016665604039,6.61000921294822,7.38211790318966,15.5013637754936,15.5003333120808,16.2865452218498,11.8167960126985
271.9,7.75,7.75,7.75068120359062,7.75016628203604,6.61000355805288,7.38211746524001,15.5013624071812,15.5003325640721,16.2866160771411,11.8168002030813
272,7.75,7.75,7.75068052016602,7.75016590860418,6.60999790798368,7.3821170294531,15.501361040332,15.5003318172084,16.2866868723751,11.8168043696577
272.1,7.75,7.75,7.75067983770454,7.75016553592574,6.60999226426995,7.38211659651167,15.5013596754091,15.5003310718515,16.2867575885195,11.8168085049134
272.2,7.75,7.75,7.75067915598311,7.75016516382602,6.60998662544113,7.38211616575529,15.5013583119662,15.500330327652,16.2868282438741,11.8168126161186
272.3,7.75,7.75,7.75067847499017,7.75016479229586,6.60998099142189,7.38211573714889,15.5013569499803,15.5003295845917,16.2868988393756,11.8168167036596
272.4,7.75,7.75,7.75067779472494,7.75016442133451,6.60997536220811,7.38211531068929,15.5013555894499,15.500328842669,16.2869693750752,11.8168207675719
272.5,7.75,7.75,7.75067711518667,7.75016405094125,6.60996973779565,7.38211488637331,15.5013542303733,15.5003281018825,16.2870398510238,11.8168248078907
272.6,7.75,7.75,7.75067643660542,7.75016368129563,6.60996411970602,7.38211446487766,15.5013528732108,15.5003273625913,16.2871102482859,11.8168288171691
272.7,7.75,7.75,7.75067575875954,7.7501633122243,6.6099585064762,7.38211404554772,15.5013515175191,15.5003266244486,16.2871805850681,11.8168328026122
272.8,7.75,7.75,7.75067508163753,7.75016294371814,6.60995289803126,7.38211362834874,15.5013501632751,15.5003258874363,16.2872508623024,11.8168367646031
272.9,7.75,7.75,7.75067440523864,7.75016257577643,6.60994729436709,7.38211321327756,15.5013488104773,15.5003251515529,16.2873210800395,11.8168407031767
273,7.75,7.75,7.75067372956209,7.75016220839846,6.60994169547959,7.38211280033103,15.5013474591242,15.5003244167969,16.28739123833,11.8168446183684
273.1,7.75,7.75,7.75067305483651,7.75016184176238,6.60993610288245,7.38211239017984,15.501346109673,15.5003236835248,16.2874613183351,11.8168485027977
273.2,7.75,7.75,7.75067238084165,7.75016147569618,6.60993051512016,7.38211198217517,15.5013447616833,15.5003229513924,16.2875313381684,11.8168523636054
273.3,7.75,7.75,7.75067170756609,7.75016111019083,6.60992493211819,7.38211157628258,15.5013434151322,15.5003222203817,16.2876012987571,11.8168562011712
273.4,7.75,7.75,7.75067103500906,7.75016074524559,6.60991935387245,7.38211117249893,15.5013420700181,15.5003214904912,16.2876712001518,11.8168600155298
273.5,7.75,7.75,7.75067036316981,7.75016038085976,6.60991378037886,7.38211077082109,15.5013407263396,15.5003207617195,16.2877410424027,11.8168638067163
273.6,7.75,7.75,7.75066969227553,7.75016001721014,6.60990821314335,7.38211037191379,15.5013393845511,15.5003200344203,16.2878108067669,11.8168675674165
273.7,7.75,7.75,7.75066902210733,7.75015965412602,6.60990265071788,7.38210997513398,15.5013380442147,15.500319308252,16.2878805112656,11.8168713047073
273.8,7.75,7.75,7.75066835265389,7.75015929159843,6.6098970930283,7.38210958044749,15.5013367053078,15.5003185831969,16.2879501568214,11.8168750189648
273.9,7.75,7.75,7.75066768391444,7.75015892962668,6.60989154007055,7.38210918785122,15.5013353678289,15.5003178592534,16.2880197434846,11.8168787102238
274,7.75,7.75,7.75066701588823,7.75015856821004,6.60988599184058,7.38210879734205,15.5013340317765,15.5003171364201,16.2880892713051,11.8168823785187
274.1,7.75,7.75,7.75066634880101,7.75015820752396,6.60988044983657,7.38210840957883,15.501332697602,15.5003164150479,16.2881587216353,11.8168860166016
274.2,7.75,7.75,7.7506656824353,7.75015784739904,6.60987491261795,7.38210802392418,15.5013313648706,15.5003156947981,16.2882281124047,11.8168896314855
274.3,7.75,7.75,7.75066501677982,7.7501574878264,6.60986938011092,7.38210764034424,15.5013300335596,15.5003149756528,16.2882974445313,11.8168932235435
274.4,7.75,7.75,7.75066435183382,7.75015712880531,6.60986385231146,7.38210725883593,15.5013287036676,15.5003142576106,16.2883667180648,11.8168967928099
274.5,7.75,7.75,7.75066368759657,7.75015677033509,6.60985832921553,7.38210687939617,15.5013273751931,15.5003135406702,16.288435933055,11.816900339319
274.6,7.75,7.75,7.75066302429236,7.75015641258982,6.60985281231366,7.38210650267792,15.5013260485847,15.5003128251796,16.2885050709493,11.816903855888
274.7,7.75,7.75,7.75066236170511,7.75015605540142,6.60984730017264,7.38210612804946,15.5013247234102,15.5003121108028,16.2885741495857,11.8169073494672
274.8,7.75,7.75,7.75066169982361,7.75015569876105,6.60984179271906,7.38210575547726,15.5013233996472,15.5003113975221,16.2886431698775,11.816910820426
274.9,7.75,7.75,7.75066103864712,7.75015534266802,6.60983628994892,7.38210538495823,15.5013220772942,15.500310685336,16.2887121318742,11.8169142687987
275,7.75,7.75,7.75066037817489,7.75015498712161,6.60983079185822,7.38210501648932,15.5013207563498,15.5003099742432,16.2887810356255,11.8169176946194
275.1,7.75,7.75,7.75065971862982,7.75015463229462,6.60982529992983,7.38210465071766,15.5013194372596,15.5003092645892,16.2888498626727,11.81692109077
275.2,7.75,7.75,7.75065905979718,7.75015427802021,6.6098198127379,7.38210428701717,15.5013181195944,15.5003085560404,16.2889186307634,11.8169244641383
275.3,7.75,7.75,7.75065840166584,7.75015392428964,6.6098143302094,7.3821039253546,15.5013168033317,15.5003078485793,16.288987340806,11.8169278150905
275.4,7.75,7.75,7.75065774423506,7.7501535711022,6.60980885234035,7.38210356572689,15.5013154884701,15.5003071422044,16.28905599285,11.8169311436604
275.5,7.75,7.75,7.75065708750409,7.75015321845721,6.60980337912677,7.382103208131,15.5013141750082,15.5003064369144,16.2891245869444,11.8169344498819
275.6,7.75,7.75,7.75065643169445,7.75015286652611,6.60979791204395,7.38210285320829,15.5013128633889,15.5003057330522,16.2891931047247,11.8169377267016
275.7,7.75,7.75,7.75065577659274,7.75015251514336,6.60979244967333,7.38210250033826,15.5013115531855,15.5003050302867,16.289261563848,11.8169409809448
275.8,7.75,7.75,7.7506551221879,7.75015216430029,6.60978699194227,7.38210214948794,15.5013102443758,15.5003043286006,16.2893299652182,11.8169442129745
275.9,7.75,7.75,7.7506544684792,7.75015181399618,6.60978153884681,7.38210180065431,15.5013089369584,15.5003036279924,16.2893983088844,11.8169474228245
276,7.75,7.75,7.75065381546591,7.75015146423037,6.60977609038298,7.38210145383434,15.5013076309318,15.5003029284607,16.2894665948954,11.8169506105283
276.1,7.75,7.75,7.75065316336813,7.75015111517297,6.60977064801853,7.38210110966365,15.5013063267363,15.5003022303459,16.2895348049799,11.8169537690962
276.2,7.75,7.75,7.75065251197382,7.75015076665973,6.60976521034217,7.38210076752728,15.5013050239476,15.5003015333195,16.2896029567053,11.8169569052922
276.3,7.75,7.75,7.750651861272,7.75015041868202,6.60975977728163,7.38210042739255,15.501303722544,15.500300837364,16.2896710509709,11.8169600194759
276.4,7.75,7.75,7.75065121126192,7.75015007123915,6.60975434883296,7.38210008925646,15.5013024225238,15.5003001424783,16.2897390878255,11.8169631116807
276.5,7.75,7.75,7.75065056194288,7.75014972433045,6.60974892499223,7.38209975311602,15.5013011238858,15.5002994486609,16.2898070673177,11.8169661819401
276.6,7.75,7.75,7.75064991353358,7.75014937812474,6.60974350721968,7.38209941960113,15.5012998270672,15.5002987562495,16.2898749712687,11.8169692233278
276.7,7.75,7.75,7.75064926582331,7.75014903245901,6.60973809411124,7.38209908810233,15.5012985316466,15.500298064918,16.2899428171569,11.8169722425464
276.8,7.75,7.75,7.75064861880117,7.75014868732472,6.60973268559501,7.38209875858724,15.5012972376023,15.5002973746494,16.290010605877,11.8169752399524
276.9,7.75,7.75,7.75064797246643,7.75014834272117,6.60972728166707,7.38209843105288,15.5012959449329,15.5002966854423,16.2900783374774,11.8169782155791
277,7.75,7.75,7.75064732681836,7.7501479986477,6.6097218823235,7.38209810549627,15.5012946536367,15.5002959972954,16.2901460120065,11.8169811694595
277.1,7.75,7.75,7.75064668207431,7.75014765527183,6.60971648901709,7.38209778254167,15.5012933641486,15.5002953105437,16.2902136113777,11.8169840947304
277.2,7.75,7.75,7.75064603802489,7.75014731243181,6.60971110035095,7.38209746158507,15.5012920760498,15.5002946248636,16.2902811529807,11.8169869980336
277.3,7.75,7.75,7.75064539465926,7.75014697011916,6.60970571625355,7.38209714259437,15.5012907893185,15.5002939402383,16.2903486377055,11.8169898797225
277.4,7.75,7.75,7.75064475197671,7.75014662833319,6.60970033672099,7.38209682556662,15.5012895039534,15.5002932566664,16.2904160656004,11.8169927398301
277.5,7.75,7.75,7.75064410997651,7.75014628707322,6.60969496174937,7.38209651049886,15.501288219953,15.5002925741464,16.2904834367134,11.816995578389
277.6,7.75,7.75,7.75064346887464,7.75014594650553,6.60968959278405,7.38209619800974,15.5012869377493,15.5002918930111,16.2905507330497,11.8169983885988
277.7,7.75,7.75,7.75064282846303,7.75014560646958,6.6096842284353,7.38209588750066,15.5012856569261,15.5002912129392,16.2906179719107,11.8170011770408
277.8,7.75,7.75,7.75064218873091,7.75014526695696,6.60967886863195,7.38209557893981,15.5012843774618,15.5002905339139,16.2906851541818,11.8170039440653
277.9,7.75,7.75,7.75064154967757,7.75014492796698,6.60967351337011,7.38209527232426,15.5012830993551,15.500289855934,16.2907522799112,11.8170066897049
278,7.75,7.75,7.75064091130229,7.75014458949899,6.60966816264592,7.38209496765107,15.5012818226046,15.500289178998,16.2908193491465,11.8170094139922
278.1,7.75,7.75,7.75064027381969,7.75014425171797,6.60966281789736,7.38209466553331,15.5012805476394,15.5002885034359,16.2908863439841,11.8170121101887
278.2,7.75,7.75,7.75063963702302,7.75014391446462,6.60965747774179,7.38209436537777,15.501279274046,15.5002878289292,16.2909532816376,11.8170147848159
278.3,7.75,7.75,7.75063900090156,7.7501435777306,6.60965214210841,7.38209406715292,15.5012780018031,15.5002871554612,16.2910201629881,11.8170174382208
278.4,7.75,7.75,7.75063836545462,7.75014324151522,6.60964681099336,7.38209377085585,15.5012767309092,15.5002864830304,16.2910869880832,11.8170200704359
278.5,7.75,7.75,7.75063773068147,7.75014290581783,6.60964148439279,7.38209347648363,15.5012754613629,15.5002858116357,16.2911537569706,11.8170226814937
278.6,7.75,7.75,7.75063709679539,7.75014257080214,6.60963616373736,7.38209318464382,15.5012741935908,15.5002851416043,16.2912204518371,11.817025264717
278.7,7.75,7.75,7.75063646359093,7.7501422363101,6.60963084765146,7.38209289474853,15.5012729271819,15.5002844726202,16.2912870898091,11.8170278265679
278.8,7.75,7.75,7.75063583105745,7.7501419023334,6.60962553606468,7.38209260676652,15.5012716621149,15.5002838046668,16.2913536717633,11.8170303673905
278.9,7.75,7.75,7.75063519919423,7.75014156887138,6.60962022897318,7.3820923206949,15.5012703983885,15.5002831377428,16.2914201977471,11.817032887217
279,7.75,7.75,7.75063456800059,7.75014123592338,6.60961492637312,7.38209203653076,15.5012691360012,15.5002824718468,16.2914866678076,11.8170353860794
279.1,7.75,7.75,7.75063393768844,7.75014090365188,6.60960962968787,7.38209175487616,15.5012678753769,15.5002818073038,16.2915530642221,11.8170378573619
279.2,7.75,7.75,7.75063330805363,7.75014057190001,6.60960433754885,7.38209147514853,15.5012666161073,15.5002811438,16.2916194040301,11.8170403074676
279.3,7.75,7.75,7.75063267908558,7.75014024065954,6.60959904988599,7.38209119731688,15.5012653581712,15.5002804813191,16.2916856881039,11.8170427367374
279.4,7.75,7.75,7.75063205078359,7.75013990992981,6.60959376669549,7.38209092137835,15.5012641015672,15.5002798198596,16.2917519164904,11.8170451452032
279.5,7.75,7.75,7.75063142314697,7.75013957971017,6.60958848797353,7.38209064733008,15.5012628462939,15.5002791594203,16.2918180892368,11.817047532897
279.6,7.75,7.75,7.75063079638632,7.75013925016185,6.60958321513621,7.38209037576864,15.5012615927726,15.5002785003237,16.2918841887098,11.8170498932635
279.7,7.75,7.75,7.75063017029875,7.75013892112918,6.60957794682195,7.38209010611673,15.5012603405975,15.5002778422584,16.2919502318628,11.8170522326473
279.8,7.75,7.75,7.75062954487376,7.750138592604,6.60957268296104,7.38208983834366,15.5012590897475,15.500277185208,16.2920162195634,11.8170545513862
279.9,7.75,7.75,7.75062892011065,7.75013826458566,6.60956742354968,7.38208957244657,15.5012578402213,15.5002765291713,16.2920821518585,11.8170568495119
280,7.75,7.75,7.75062829600873,7.75013793707351,6.6095621685841,7.38208930842262,15.5012565920175,15.500275874147,16.292148028795,11.8170591270561
280.1,7.75,7.75,7.75062767277728,7.75013761022754,6.60955691947316,7.38208904686298,15.5012553455546,15.5002752204551,16.2922138328286,11.8170613775239
280.2,7.75,7.75,7.7506270502147,7.75013728389328,6.60955167486224,7.38208878719557,15.5012541004294,15.5002745677866,16.2922795808269,11.8170636072015
280.3,7.75,7.75,7.75062642831054,7.75013695806263,6.60954643468198,7.38208852938995,15.5012528566211,15.5002739161253,16.2923452736534,11.8170658164239
280.4,7.75,7.75,7.75062580706412,7.75013663273493,6.6095411989286,7.38208827344331,15.5012516141282,15.5002732654699,16.2924109113544,11.8170680052224
280.5,7.75,7.75,7.75062518647474,7.75013630790956,6.60953596759835,7.38208801935282,15.5012503729495,15.5002726158191,16.2924764939767,11.8170701736286
280.6,7.75,7.75,7.75062456675037,7.75013598374527,6.60953074209294,7.38208776770428,15.5012491335007,15.5002719674905,16.2925420040646,11.8170723152072
280.7,7.75,7.75,7.75062394769068,7.75013566008878,6.60952552106462,7.38208751793079,15.5012478953814,15.5002713201776,16.2926074584005,11.817074436187
280.8,7.75,7.75,7.75062332928528,7.75013533693205,6.60952030444439,7.3820872700022,15.5012466585706,15.5002706738641,16.2926728578433,11.8170765368996
280.9,7.75,7.75,7.75062271153349,7.75013501427443,6.60951509222852,7.38208702391569,15.501245423067,15.5002700285489,16.2927382024392,11.8170786173764
281,7.75,7.75,7.75062209443464,7.75013469211528,6.60950988441325,7.38208677966846,15.5012441888693,15.5002693842306,16.2928034922347,11.8170806776485
281.1,7.75,7.75,7.75062147819537,7.75013437061217,6.60950468239316,7.38208653784099,15.5012429563907,15.5002687412243,16.2928687098622,11.8170827113402
281.2,7.75,7.75,7.75062086261662,7.75013404961298,6.60949948482738,7.38208629787153,15.5012417252332,15.500268099226,16.2929338720194,11.8170847246229
281.3,7.75,7.75,7.75062024768806,7.75013372910972,6.60949429164727,7.38208605973017,15.5012404953761,15.5002674582194,16.2929989795607,11.8170867178252
281.4,7.75,7.75,7.75061963340902,7.75013340910176,6.60948910284909,7.38208582341415,15.501239266818,15.5002668182035,16.2930640325322,11.8170886909782
281.5,7.75,7.75,7.75061901977882,7.75013308958846,6.60948391842912,7.38208558892067,15.5012380395576,15.5002661791769,16.2931290309799,11.817090644113
281.6,7.75,7.75,7.75061840700284,7.75013277072618,6.60947873977486,7.3820853568249,15.5012368140057,15.5002655414524,16.2931939576242,11.8170925709125
281.7,7.75,7.75,7.75061779488322,7.75013245236397,6.60947356555225,7.38208512657022,15.5012355897664,15.5002649047279,16.2932588290781,11.8170944774914
281.8,7.75,7.75,7.75061718340974,7.7501321344939,6.60946839569299,7.382084898127,15.5012343668195,15.5002642689878,16.2933236461918,11.8170963641753
281.9,7.75,7.75,7.75061657258171,7.75013181711535,6.60946323019338,7.38208467149246,15.5012331451634,15.5002636342307,16.2933884090112,11.8170982309952
282,7.75,7.75,7.75061596239845,7.75013150022767,6.60945806904972,7.38208444666385,15.5012319247969,15.5002630004553,16.293453117582,11.8171000779817
282.1,7.75,7.75,7.75061535306407,7.75013118398604,6.60945291364244,7.38208422421111,15.5012307061281,15.5002623679721,16.2935177547118,11.8171018988765
282.2,7.75,7.75,7.75061474438195,7.75013086824066,6.60944776264428,7.38208400358264,15.5012294887639,15.5002617364813,16.2935823369296,11.8171036997376
282.3,7.75,7.75,7.75061413634192,7.75013055298365,6.6094426159873,7.38208378474909,15.5012282726838,15.5002611059673,16.2936468650815,11.8171054808878
282.4,7.75,7.75,7.7506135289433,7.75013023821441,6.6094374736678,7.38208356770771,15.5012270578866,15.5002604764288,16.2937113392129,11.8171072423578
282.5,7.75,7.75,7.75061292218543,7.75012992393229,6.60943233568211,7.38208335245578,15.5012258443709,15.5002598478646,16.2937757593695,11.8171089841779
282.6,7.75,7.75,7.75061231627112,7.75012961029128,6.60942720340365,7.38208313955799,15.5012246325422,15.5002592205826,16.2938401084452,11.817110700148
282.7,7.75,7.75,7.750611711005,7.75012929714273,6.60942207551191,7.38208292846781,15.50122342201,15.5002585942855,16.2939044028861,11.81711239627
282.8,7.75,7.75,7.75061110637695,7.75012898447882,6.60941695193928,7.38208271915613,15.5012222127539,15.5002579689576,16.2939686435336,11.8171140728638
282.9,7.75,7.75,7.7506105023863,7.75012867229894,6.60941183268211,7.38208251162024,15.5012210047726,15.5002573445979,16.294032830433,11.8171157299598
283,7.75,7.75,7.7506098990324,7.75012836060248,6.60940671773673,7.38208230585742,15.5012197980648,15.500256721205,16.2940969636296,11.8171173675882
283.1,7.75,7.75,7.75060929651678,7.75012804954222,6.60940160846959,7.3820821024272,15.5012185930336,15.5002560990844,16.2941610261039,11.8171189796063
283.2,7.75,7.75,7.7506086946453,7.75012773897065,6.60939650356689,7.38208190078803,15.5012173892906,15.5002554779413,16.2942250342186,11.8171205719606
283.3,7.75,7.75,7.75060809340791,7.75012742888003,6.60939140296138,7.38208170091108,15.5012161868158,15.5002548577601,16.294288988811,11.8171221449681
283.4,7.75,7.75,7.75060749280394,7.75012711926974,6.6093863066494,7.38208150279364,15.5012149856079,15.5002542385395,16.2943528899263,11.8171236986588
283.5,7.75,7.75,7.75060689283273,7.75012681013917,6.60938121462733,7.38208130643302,15.5012137856655,15.5002536202783,16.2944167376094,11.8171252330628
283.6,7.75,7.75,7.75060629369457,7.75012650163995,6.60937612825467,7.38208111238361,15.5012125873891,15.5002530032799,16.2944805149264,11.8171267420946
283.7,7.75,7.75,7.75060569519653,7.75012619362569,6.6093710462243,7.38208092010884,15.5012113903931,15.5002523872514,16.2945442381577,11.8171282316453
283.8,7.75,7.75,7.75060509732862,7.7501258860887,6.6093659684693,7.3820807295801,15.5012101946572,15.5002517721774,16.2946079081364,11.8171297020293
283.9,7.75,7.75,7.75060450009018,7.75012557902837,6.60936089498605,7.38208054079473,15.5012090001804,15.5002511580567,16.2946715249073,11.8171311532762
284,7.75,7.75,7.75060390348054,7.7501252724441,6.60935582577094,7.38208035375006,15.5012078069611,15.5002505448882,16.2947350885151,11.817132585416
284.1,7.75,7.75,7.75060330769876,7.75012496648636,6.60935076217658,7.38208016899536,15.5012066153975,15.5002499329727,16.2947985821111,11.8171339924198
284.2,7.75,7.75,7.7506027125531,7.75012466100987,6.60934570290248,7.38207998599898,15.5012054251062,15.5002493220197,16.2948620218938,11.8171353801241
284.3,7.75,7.75,7.75060211803364,7.750124356007,6.60934064788207,7.3820798047326,15.5012042360673,15.500248712014,16.294925408692,11.8171367488402
284.4,7.75,7.75,7.75060152413971,7.75012405147716,6.60933559711174,7.38207962519356,15.5012030482794,15.5002481029543,16.2949887425502,11.8171380985978
284.5,7.75,7.75,7.75060093087067,7.75012374741975,6.6093305505879,7.38207944737919,15.5012018617413,15.5002474948395,16.2950520235129,11.8171394294263
284.6,7.75,7.75,7.75060033842432,7.75012344398407,6.60932550965632,7.38207927183373,15.5012006768486,15.5002468879681,16.2951152348162,11.8171407353534
284.7,7.75,7.75,7.75059974661013,7.75012314102597,6.60932047302308,7.38207909803041,15.5011994932203,15.5002462820519,16.295178392577,11.8171420221612
284.8,7.75,7.75,7.75059915541822,7.75012283853789,6.60931544062197,7.38207892594115,15.5011983108364,15.5002456770758,16.2952414976198,11.8171432901581
284.9,7.75,7.75,7.75059856484795,7.75012253651921,6.6093104124494,7.38207875556332,15.5011971296959,15.5002450730384,16.2953045499891,11.8171445393734
285,7.75,7.75,7.75059797489868,7.75012223496936,6.60930538850179,7.38207858689426,15.5011959497974,15.5002444699387,16.2953675497289,11.8171457698367
285.1,7.75,7.75,7.75059738576696,7.75012193403649,6.6093003701181,7.38207842047322,15.5011947715339,15.500243868073,16.2954304801598,11.8171469756313
285.2,7.75,7.75,7.75059679726345,7.75012163357756,6.60929535601097,7.38207825577823,15.5011935945269,15.5002432671551,16.2954933573175,11.8171481624854
285.3,7.75,7.75,7.75059620937836,7.75012133358505,6.60929034611453,7.3820780927815,15.5011924187567,15.5002426671701,16.2955561820223,11.8171493307045
285.4,7.75,7.75,7.75059562211103,7.75012103405837,6.6092853404252,7.38207793148039,15.5011912442221,15.5002420681167,16.2956189543184,11.817150480318
285.5,7.75,7.75,7.75059503546082,7.75012073499693,6.60928033893943,7.3820777718723,15.5011900709216,15.5002414699939,16.2956816742498,11.8171516113548
285.6,7.75,7.75,7.75059444962308,7.75012043654777,6.60927534298939,7.38207761449145,15.5011888992462,15.5002408730955,16.2957443252207,11.8171527179541
285.7,7.75,7.75,7.75059386440964,7.75012013856893,6.60927035129426,7.38207745882071,15.5011877288193,15.5002402771379,16.295806923186,11.8171538057903
285.8,7.75,7.75,7.75059327981075,7.75011984105295,6.60926536378849,7.38207730483253,15.5011865596215,15.5002396821059,16.2958694689623,11.8171548751663
285.9,7.75,7.75,7.75059269582579,7.75011954399925,6.60926038046854,7.3820771525243,15.5011853916516,15.5002390879985,16.2959319625932,11.817155926111
286,7.75,7.75,7.7505921124541,7.75011924740723,6.60925540133086,7.38207700189343,15.5011842249082,15.5002384948145,16.2959944041225,11.8171569586533
286.1,7.75,7.75,7.75059152988981,7.75011895142282,6.60925042770089,7.38207685346919,15.5011830597796,15.5002379028456,16.2960567770378,11.8171579669874
286.2,7.75,7.75,7.75059094794594,7.75011865590514,6.60924545830429,7.38207670673924,15.5011818958919,15.5002373118103,16.2961190972139,11.8171589567347
286.3,7.75,7.75,7.7505903666128,7.75011836084679,6.60924049307584,7.38207656167627,15.5011807332256,15.5002367216936,16.296181365463,11.817159928195
286.4,7.75,7.75,7.75058978588976,7.75011806624719,6.60923553201203,7.38207641827769,15.5011795717795,15.5002361324944,16.2962435818288,11.8171608813972
286.5,7.75,7.75,7.75058920577618,7.75011777210575,6.60923057510933,7.38207627654092,15.5011784115524,15.5002355442115,16.2963057463547,11.8171618163701
286.6,7.75,7.75,7.75058862646498,7.75011747856728,6.60922562368646,7.38207613699033,15.50117725293,15.5002349571346,16.2963678426111,11.8171627273622
286.7,7.75,7.75,7.75058804777033,7.75011718549198,6.60922067647556,7.38207599911832,15.5011760955407,15.500234370984,16.2964298863932,11.8171636199424
286.8,7.75,7.75,7.75058746968262,7.7501168928725,6.60921573341172,7.38207586289782,15.5011749393652,15.500233785745,16.296491878509,11.8171644944078
286.9,7.75,7.75,7.7505868922012,7.75011660070827,6.60921079449145,7.38207572832627,15.5011737844024,15.5002332014165,16.2965538190019,11.8171653507869
287,7.75,7.75,7.75058631532546,7.75011630899871,6.60920585971125,7.38207559540111,15.5011726306509,15.5002326179974,16.2966157079152,11.8171661891083
287.1,7.75,7.75,7.75058573924711,7.75011601788752,6.60920093038318,7.38207546464183,15.5011714784942,15.500232035775,16.2966775289016,11.8171670036749
287.2,7.75,7.75,7.75058516378147,7.75011572723596,6.60919600524576,7.38207533554552,15.5011703275629,15.5002314544719,16.2967392976771,11.817167800003
287.3,7.75,7.75,7.75058458891899,7.75011543703675,6.60919108423446,7.38207520808538,15.501169177838,15.5002308740735,16.2968010150456,11.8171685783872
287.4,7.75,7.75,7.75058401465905,7.75011514728932,6.60918616734577,7.38207508225887,15.5011680293181,15.5002302945786,16.2968626810502,11.8171693388557
287.5,7.75,7.75,7.75058344100101,7.75011485799308,6.60918125457622,7.38207495806343,15.501166882002,15.5002297159862,16.2969242957339,11.8171700814368
287.6,7.75,7.75,7.7505828681354,7.75011456929065,6.60917634723124,7.38207483601372,15.5011657362708,15.5002291385813,16.2969858428316,11.8171708004875
287.7,7.75,7.75,7.75058229587871,7.75011428104435,6.60917144405575,7.3820747156115,15.5011645917574,15.5002285620887,16.2970473379802,11.8171715014719
287.8,7.75,7.75,7.75058172422142,7.75011399324694,6.60916654498552,7.38207459683022,15.5011634484428,15.5002279864939,16.2971087819797,11.8171721846818
287.9,7.75,7.75,7.75058115316293,7.75011370589787,6.60916165001707,7.38207447966735,15.5011623063259,15.5002274117957,16.2971701748728,11.8171728501454
288,7.75,7.75,7.7505805827026,7.75011341899654,6.60915675914696,7.38207436412035,15.5011611654052,15.5002268379931,16.2972315167024,11.8171734978907
288.1,7.75,7.75,7.75058001302978,7.7501131326845,6.60915187367402,7.38207425069908,15.5011600260596,15.500226265369,16.2972927912848,11.8171741223281
288.2,7.75,7.75,7.75057944396209,7.75011284682511,6.60914699234951,7.38207413890994,15.5011588879242,15.5002256936502,16.2973540141786,11.8171747288702
288.3,7.75,7.75,7.75057887549008,7.75011256141119,6.60914211510952,7.38207402872662,15.5011577509802,15.5002251228224,16.2974151861796,11.817175317806
288.4,7.75,7.75,7.75057830761315,7.75011227644218,6.6091372419506,7.3820739201466,15.5011566152263,15.5002245528844,16.2974763073304,11.8171758891636
288.5,7.75,7.75,7.75057774033067,7.75011199191751,6.60913237286933,7.38207381316737,15.5011554806613,15.500223983835,16.2975373776737,11.8171764429708
288.6,7.75,7.75,7.75057717383081,7.75011170797762,6.60912750915798,7.38207370829402,15.5011543476616,15.5002234159552,16.2975983811067,11.8171769736909
288.7,7.75,7.75,7.75057660793233,7.75011142448693,6.60912264957411,7.38207360503755,15.5011532158647,15.5002228489739,16.2976593331101,11.8171774866854
288.8,7.75,7.75,7.75057604262583,7.75011114143832,6.60911779405416,7.38207350337189,15.5011520852517,15.5002222828766,16.2977202344756,11.8171779822408
288.9,7.75,7.75,7.75057547791071,7.75011085883123,6.60911294259469,7.38207340329453,15.5011509558214,15.5002217176625,16.2977810852457,11.8171784603846
289,7.75,7.75,7.75057491378636,7.75011057666508,6.60910809519228,7.38207330480301,15.5011498275727,15.5002211533302,16.2978418854627,11.8171789211445
289.1,7.75,7.75,7.75057435043977,7.75011029507927,6.6091032531327,7.38207320839765,15.5011487008795,15.5002205901585,16.2979026191047,11.8171793590367
289.2,7.75,7.75,7.75057378769082,7.75011001393922,6.60909841517978,7.38207311359403,15.5011475753816,15.5002200278784,16.2979633015745,11.8171797793717
289.3,7.75,7.75,7.75057322553019,7.75010973323788,6.60909358127027,7.38207302036633,15.5011464510604,15.5002194664758,16.29802393366,11.8171801824332
289.4,7.75,7.75,7.75057266395728,7.75010945297469,6.60908875140077,7.38207292871206,15.5011453279146,15.5002189059494,16.2980845154034,11.8171805682488
289.5,7.75,7.75,7.75057210297146,7.75010917314909,6.60908392556786,7.38207283862875,15.5011442059429,15.5002183462982,16.2981450468468,11.8171809368459
289.6,7.75,7.75,7.75057154275858,7.7501088938994,6.60907910505084,7.38207275061206,15.5011430855172,15.5002177877988,16.2982055120484,11.8171812827928
289.7,7.75,7.75,7.75057098313964,7.75010861509207,6.60907428861978,7.38207266418208,15.5011419662793,15.5002172301841,16.2982659263339,11.8171816113497
289.8,7.75,7.75,7.75057042410538,7.75010833672011,6.60906947621174,7.38207257931323,15.5011408482108,15.5002166734402,16.2983262904873,11.8171819227976
289.9,7.75,7.75,7.75056986565518,7.75010805878296,6.60906466782333,7.38207249600304,15.5011397313104,15.5002161175659,16.2983866045505,11.8171822171639
290,7.75,7.75,7.75056930778844,7.75010778128006,6.60905986345118,7.38207241424908,15.5011386155769,15.5002155625601,16.2984468685654,11.8171824944757
290.1,7.75,7.75,7.75056875068986,7.75010750434867,6.60905506436812,7.3820723345423,15.5011375013797,15.5002150086973,16.2985070666698,11.8171827493534
290.2,7.75,7.75,7.75056819418153,7.75010722785628,6.60905026935043,7.38207225640735,15.5011363883631,15.5002144557126,16.2985672141129,11.817182987007
290.3,7.75,7.75,7.75056763825425,7.75010695179594,6.60904547833549,7.38207217981883,15.5011352765085,15.5002139035919,16.2986273116746,11.8171832077148
290.4,7.75,7.75,7.75056708290742,7.75010667616709,6.60904069131993,7.38207210477432,15.5011341658148,15.5002133523342,16.2986873593966,11.8171834115041
290.5,7.75,7.75,7.75056652814044,7.75010640096919,6.6090359083004,7.38207203127139,15.5011330562809,15.5002128019384,16.2987473573206,11.8171835984019
290.6,7.75,7.75,7.75056597413685,7.75010612633844,6.60903113054331,7.38207195979639,15.5011319482737,15.5002122526769,16.2988072896637,11.8171837630799
290.7,7.75,7.75,7.75056542071986,7.75010585214335,6.60902635683112,7.3820718898784,15.5011308414397,15.5002117042867,16.2988671715987,11.8171839106984
290.8,7.75,7.75,7.75056486788033,7.75010557837701,6.60902158710152,7.38207182149229,15.5011297357607,15.500211156754,16.2989270039017,11.8171840415333
290.9,7.75,7.75,7.75056431561766,7.75010530503887,6.60901682135116,7.38207175463564,15.5011286312353,15.5002106100777,16.2989867866141,11.8171841556114
291,7.75,7.75,7.75056376393123,7.7501050321284,6.6090120595767,7.38207168930603,15.5011275278625,15.5002100642568,16.2990465197774,11.8171842529597
291.1,7.75,7.75,7.75056321300349,7.75010475978076,6.60900730303821,7.38207162598523,15.501126426007,15.5002095195615,16.2991061876875,11.8171843283009
291.2,7.75,7.75,7.75056266265871,7.75010448786545,6.60900255052424,7.38207156420675,15.5011253253174,15.5002089757309,16.2991658054414,11.8171843867461
291.3,7.75,7.75,7.75056211288781,7.75010421637562,6.60899780197282,7.3820715039457,15.5011242257756,15.5002084327512,16.2992253738113,11.8171844285686
291.4,7.75,7.75,7.7505615636902,7.75010394531074,6.60899305738062,7.38207144519966,15.5011231273804,15.5002078906215,16.2992848928383,11.8171844537949
291.5,7.75,7.75,7.75056101506528,7.75010367467026,6.60898831674431,7.38207138796625,15.5011220301306,15.5002073493405,16.2993443625637,11.8171844624518
291.6,7.75,7.75,7.75056046719434,7.75010340458833,6.60898358131761,7.38207133272266,15.5011209343887,15.5002068091767,16.2994037673618,11.8171844493128
291.7,7.75,7.75,7.75055991990277,7.75010313493543,6.6089788498952,7.38207127900682,15.5011198398055,15.5002062698709,16.2994631222542,11.81718441944
291.8,7.75,7.75,7.75055937318152,7.75010286570478,6.6089741224154,7.38207122679404,15.501118746363,15.5002057314096,16.2995224280092,11.8171843731041
291.9,7.75,7.75,7.75055882703002,7.75010259689583,6.6089693988749,7.38207117608195,15.50111765406,15.5002051937917,16.2995816846677,11.8171843103315
292,7.75,7.75,7.75055828144767,7.75010232850805,6.6089646792704,7.38207112686817,15.5011165628953,15.5002046570161,16.2996408922707,11.8171842311487
292.1,7.75,7.75,7.75055773661463,7.75010206067456,6.60895996484932,7.38207107962538,15.5011154732293,15.5002041213491,16.2997000352706,11.8171841303796
292.2,7.75,7.75,7.75055719235738,7.75010179326683,6.60895525441238,7.38207103389585,15.5011143847148,15.5002035865337,16.2997591286138,11.8171840130377
292.3,7.75,7.75,7.75055664866694,7.75010152627814,6.60895054789824,7.38207098965516,15.5011132973339,15.5002030525563,16.2998181730649,11.8171838793911
292.4,7.75,7.75,7.75055610554271,7.75010125970793,6.6089458453036,7.38207094690092,15.5011122110854,15.5002025194159,16.2998771686644,11.8171837294661
292.5,7.75,7.75,7.75055556298412,7.75010099355569,6.60894114662517,7.38207090563079,15.5011111259682,15.5002019871114,16.2999361154533,11.8171835632889
292.6,7.75,7.75,7.75055502117022,7.75010072795351,6.6089364531041,7.38207086631295,15.5011100423404,15.500201455907,16.2999949979613,11.8171833757334
292.7,7.75,7.75,7.75055447992855,7.75010046277385,6.60893176354716,7.38207082849401,15.5011089598571,15.5002009255477,16.3000538310603,11.8171831717649
292.8,7.75,7.75,7.75055393925018,7.75010019801003,6.6089270778933,7.38207079214977,15.5011078785004,15.5002003960201,16.3001126155111,11.8171829516489
292.9,7.75,7.75,7.75055339913453,7.75009993366152,6.60892239613925,7.38207075727787,15.5011067982691,15.500199867323,16.300171351354,11.8171827154116
293,7.75,7.75,7.75055285958103,7.75009966972778,6.60891771828173,7.38207072387596,15.5011057191621,15.5001993394556,16.3002300386296,11.817182463079
293.1,7.75,7.75,7.75055232076761,7.75009940633991,6.60891304555567,7.38207069240779,15.5011046415352,15.5001988126798,16.300288661945,11.8171821895745
293.2,7.75,7.75,7.75055178252289,7.75009914337136,6.60890837677383,7.38207066242427,15.5011035650458,15.5001982867427,16.3003472360977,11.8171818998155
293.3,7.75,7.75,7.750551244838,7.75009888081547,6.60890371187547,7.38207063390141,15.501102489676,15.5001977616309,16.3004057618446,11.8171815940652
293.4,7.75,7.75,7.75055070771236,7.75009861867172,6.60889905085734,7.38207060683688,15.5011014154247,15.5001972373434,16.300464239226,11.8171812723494
293.5,7.75,7.75,7.75055017114539,7.75009835693958,6.60889439371617,7.38207058122835,15.5011003422908,15.5001967138792,16.3005226682822,11.8171809346941
293.6,7.75,7.75,7.75054963531394,7.75009809574917,6.6088897416807,7.38207055753513,15.5010992706279,15.5001961914983,16.3005810336968,11.8171805760717
293.7,7.75,7.75,7.75054910004768,7.75009783497486,6.60888509356965,7.38207053531242,15.5010982000954,15.5001956699497,16.3006393501938,11.8171802013522
293.8,7.75,7.75,7.75054856533779,7.75009757461008,6.60888044932259,7.38207051453644,15.5010971306756,15.5001951492202,16.3006976185261,11.8171798107963
293.9,7.75,7.75,7.7505480311837,7.75009731465431,6.60887580893628,7.38207049520488,15.5010960623674,15.5001946293086,16.300755838734,11.8171794044296
294,7.75,7.75,7.75054749758484,7.75009705510701,6.60887117240748,7.38207047731543,15.5010949951697,15.500194110214,16.3008140108573,11.8171789822778
294.1,7.75,7.75,7.75054696471697,7.75009679609731,6.60886654095877,7.38207046132301,15.5010939294339,15.5001935921946,16.300872119656,11.8171785393624
294.2,7.75,7.75,7.7505464324108,7.75009653750055,6.60886191341478,7.38207044678705,15.5010928648216,15.5001930750011,16.3009301797808,11.8171780805061
294.3,7.75,7.75,7.75054590065756,7.75009627931019,6.6088572897154,7.382070433684,15.5010918013151,15.5001925586204,16.3009881919807,11.8171776059671
294.4,7.75,7.75,7.75054536945671,7.75009602152572,6.6088526698574,7.38207042201158,15.5010907389134,15.5001920430514,16.3010461562958,11.8171771157708
294.5,7.75,7.75,7.75054483880765,7.75009576414662,6.60884805383757,7.38207041176747,15.5010896776153,15.5001915282932,16.3011040727657,11.8171766099428
294.6,7.75,7.75,7.75054430888508,7.75009550730102,6.60884344287234,7.38207040340225,15.5010886177702,15.500191014602,16.3011619262263,11.817176083553
294.7,7.75,7.75,7.75054377952075,7.75009525086523,6.60883883579227,7.38207039647955,15.5010875590415,15.5001905017305,16.3012197312552,11.8171755413773
294.8,7.75,7.75,7.75054325070595,7.75009499483273,6.60883423253753,7.38207039097604,15.5010865014119,15.5001899896655,16.3012774885978,11.8171749836715
294.9,7.75,7.75,7.75054272244013,7.75009473920304,6.60882963310491,7.38207038688945,15.5010854448803,15.5001894784061,16.3013351982938,11.8171744104609
295,7.75,7.75,7.7505421947227,7.75009448397563,6.60882503749122,7.38207038421751,15.5010843894454,15.5001889679513,16.3013928603828,11.8171738217707
295.1,7.75,7.75,7.75054166772729,7.75009422927766,6.6088204469068,7.38207038340643,15.5010833354546,15.5001884585553,16.3014504597759,11.817173212719
295.2,7.75,7.75,7.75054114128667,7.75009397498636,6.60881586018807,7.38207038402405,15.5010822825733,15.5001879499727,16.3015080109783,11.8171725880353
295.3,7.75,7.75,7.75054061539221,7.75009372109531,6.60881127727549,7.38207038604724,15.5010812307844,15.5001874421906,16.3015655147316,11.8171719479729
295.4,7.75,7.75,7.75054009004334,7.75009346760398,6.6088066981659,7.38207038947375,15.5010801800867,15.500186935208,16.3016229710752,11.8171712925568
295.5,7.75,7.75,7.75053956523949,7.75009321451187,6.60880212285609,7.38207039430132,15.501079130479,15.5001864290237,16.3016803800486,11.8171706218123
295.6,7.75,7.75,7.75053904115321,7.75009296194517,6.60879755255037,7.38207040097189,15.5010780823064,15.5001859238903,16.3017377266379,11.8171699309051
295.7,7.75,7.75,7.75053851761831,7.75009270978206,6.60879298609097,7.38207040905742,15.5010770352366,15.5001854195641,16.301795025276,11.8171692245185
295.8,7.75,7.75,7.7505379946262,7.75009245801613,6.60878842341867,7.38207041853501,15.5010759892524,15.5001849160323,16.301852276701,11.8171685029036
295.9,7.75,7.75,7.75053747217633,7.75009220664689,6.60878386453031,7.38207042940243,15.5010749443527,15.5001844132938,16.301909480952,11.8171677660851
296,7.75,7.75,7.75053695026813,7.75009195567383,6.60877930942271,7.38207044165742,15.5010739005363,15.5001839113477,16.3019666380682,11.8171670140881
296.1,7.75,7.75,7.75053642907307,7.75009170522218,6.60877475929414,7.38207045573768,15.5010728581461,15.5001834104444,16.3020237331103,11.8171662421256
296.2,7.75,7.75,7.75053590842601,7.75009145517104,6.60877021299264,7.38207047121926,15.501071816852,15.5001829103421,16.3020807804396,11.8171654548354
296.3,7.75,7.75,7.75053538831841,7.75009120551406,6.60876567045928,7.3820704880795,15.5010707766368,15.5001824110281,16.3021377807902,11.8171646524659
296.4,7.75,7.75,7.75053486874969,7.75009095625075,6.60876113169093,7.38207050631617,15.5010697374994,15.5001819125015,16.3021947342013,11.8171638350419
296.5,7.75,7.75,7.75053434971933,7.75009070738061,6.60875659668442,7.38207052592704,15.5010686994387,15.5001814147612,16.3022516407117,11.8171630025881
296.6,7.75,7.75,7.75053383139772,7.7500904590279,6.60875206663202,7.38207054734556,15.5010676627954,15.5001809180558,16.3023084854565,11.8171621503647
296.7,7.75,7.75,7.75053331362074,7.75009021107266,6.60874754038755,7.38207057015188,15.5010666272415,15.5001804221453,16.3023652827252,11.8171612829639
296.8,7.75,7.75,7.75053279637989,7.75008996350858,6.60874301789237,7.38207059432355,15.5010655927598,15.5001799270172,16.3024220332487,11.8171604006319
296.9,7.75,7.75,7.75053227967463,7.75008971633517,6.60873849914336,7.38207061985836,15.5010645593493,15.5001794326703,16.3024787370657,11.8171595033932
297,7.75,7.75,7.75053176350441,7.75008946955193,6.60873398413738,7.38207064675408,15.5010635270088,15.5001789391039,16.3025353942149,11.8171585912724
297.1,7.75,7.75,7.75053124803859,7.75008922328219,6.60872947406075,7.38207067543999,15.5010624960772,15.5001784465644,16.302591989905,11.8171576595763
297.2,7.75,7.75,7.75053073311405,7.75008897740689,6.60872496777299,7.38207070550028,15.5010614662281,15.5001779548138,16.3026485383548,11.8171567128521
297.3,7.75,7.75,7.75053021872235,7.75008873191978,6.60872046521579,7.3820707369127,15.5010604374447,15.5001774638396,16.3027050402914,11.8171557513436
297.4,7.75,7.75,7.75052970486294,7.75008848682036,6.60871596638602,7.38207076967505,15.5010594097259,15.5001769736407,16.3027614957532,11.8171547750751
297.5,7.75,7.75,7.75052919153529,7.75008824210815,6.60871147128058,7.38207080378516,15.5010583830706,15.5001764842163,16.3028179047788,11.8171537840711
297.6,7.75,7.75,7.75052867890771,7.75008799790552,6.60870698107984,7.3820708396681,15.5010573578154,15.500175995811,16.3028742526503,11.8171527736845
297.7,7.75,7.75,7.75052816681809,7.75008775409433,6.60870249464906,7.38207087691209,15.5010563336362,15.5001755081887,16.3029305535158,11.8171517484182
297.8,7.75,7.75,7.75052765525804,7.75008751066837,6.60869801193018,7.38207091549511,15.5010553105161,15.5001750213367,16.3029868080988,11.8171507085132
297.9,7.75,7.75,7.75052714422701,7.75008726762716,6.60869353292012,7.38207095541497,15.501054288454,15.5001745352543,16.3030430164376,11.817149653994
298,7.75,7.75,7.75052663372447,7.75008702497021,6.60868905761578,7.3820709966695,15.5010532674489,15.5001740499404,16.3030991785705,11.8171485848846
298.1,7.75,7.75,7.75052612391771,7.75008678281896,6.60868458719163,7.38207103967965,15.5010522478354,15.5001735656379,16.3031552798525,11.8171474965841
298.2,7.75,7.75,7.75052561464561,7.75008654105617,6.60868012051861,7.38207108403764,15.5010512292912,15.5001730821123,16.3032113343616,11.8171463935508
298.3,7.75,7.75,7.75052510589983,7.75008629967569,6.60867565753897,7.38207112972163,15.5010502117997,15.5001725993514,16.3032673428177,11.8171452760237
298.4,7.75,7.75,7.75052459767982,7.75008605867702,6.60867119824962,7.38207117672947,15.5010491953596,15.500172117354,16.3033233052587,11.8171441440267
298.5,7.75,7.75,7.75052408998506,7.75008581805968,6.60866674264748,7.382071225059,15.5010481799701,15.5001716361194,16.3033792217229,11.8171429975839
298.6,7.75,7.75,7.75052358298182,7.75008557794421,6.60866229190118,7.38207127512707,15.5010471659636,15.5001711558884,16.3034350776379,11.8171418321401
298.7,7.75,7.75,7.75052307650994,7.75008533821423,6.60865784488729,7.38207132652984,15.5010461530199,15.5001706764285,16.3034908870117,11.8171406521093
298.8,7.75,7.75,7.75052257056117,7.75008509886365,6.60865340154833,7.38207137924571,15.5010451411223,15.5001701977273,16.3035466505606,11.8171394577282
298.9,7.75,7.75,7.75052206513494,7.75008485989198,6.60864896188125,7.38207143327253,15.5010441302699,15.500169719784,16.3036023683225,11.8171382490208
299,7.75,7.75,7.75052156023074,7.75008462129873,6.60864452588298,7.38207148860816,15.5010431204615,15.5001692425975,16.3036580403353,11.8171370260108
299.1,7.75,7.75,7.75052105601382,7.75008438320354,6.60864009471633,7.38207154566536,15.5010421120276,15.5001687664071,16.3037136520988,11.8171357841883
299.2,7.75,7.75,7.75052055232501,7.7500841454909,6.60863566726345,7.38207160404426,15.50104110465,15.5001682909818,16.3037692175517,11.8171345279236
299.3,7.75,7.75,7.75052004915609,7.75008390815478,6.60863124346719,7.38207166372342,15.5010400983122,15.5001678163096,16.3038247374066,11.8171332574513
299.4,7.75,7.75,7.75051954650652,7.75008367119468,6.60862682332449,7.38207172470074,15.501039093013,15.5001673423894,16.3038802117012,11.8171319727949
299.5,7.75,7.75,7.75051904437577,7.75008343461013,6.6086224068323,7.38207178697408,15.5010380887515,15.5001668692203,16.3039356404733,11.817130673978
299.6,7.75,7.75,7.75051854292809,7.75008319851983,6.60861799514763,7.38207185095217,15.5010370858562,15.5001663970397,16.3039910092943,11.8171293565357
299.7,7.75,7.75,7.75051804200529,7.75008296280919,6.60861358715822,7.38207191623902,15.5010360840106,15.5001659256184,16.3040463320339,11.817128024795
299.8,7.75,7.75,7.7505175415992,7.75008272747219,6.60860918280719,7.38207198281342,15.5010350831984,15.5001654549444,16.3041016094012,11.8171266789881
299.9,7.75,7.75,7.75051704170927,7.75008249250836,6.60860478209152,7.38207205067327,15.5010340834185,15.5001649850167,16.3041568414337,11.8171253191384
300,7.75,7.75,7.75051654233499,7.75008225791722,6.60860038500816,7.38207211981645,15.50103308467,15.5001645158344,16.304212028169,11.8171239452693
300.1,7.75,7.75,7.7505160436396,7.75008202381657,6.60859599270836,7.38207219064768,15.5010320872792,15.5001640476331,16.3042671552497,11.8171225529604
300.2,7.75,7.75,7.75051554546587,7.75008179009269,6.60859160408541,7.38207226277484,15.5010310909317,15.5001635801854,16.3043222364771,11.8171211464958
300.3,7.75,7.75,7.75051504780568,7.75008155673961,6.6085872190827,7.38207233617693,15.5010300956114,15.5001631134792,16.3043772725567,11.8171197261053
300.4,7.75,7.75,7.7505145506585,7.75008132375686,6.60858283769724,7.38207241085185,15.501029101317,15.5001626475137,16.3044322635257,11.8171182918122
300.5,7.75,7.75,7.75051405402382,7.75008109114396,6.608578459926,7.38207248679752,15.5010281080476,15.5001621822879,16.3044872094214,11.8171168436398
300.6,7.75,7.75,7.75051355806386,7.75008085901782,6.60857408691449,7.38207256441466,15.5010271161277,15.5001617180356,16.3045420959576,11.8171153772118
300.7,7.75,7.75,7.75051306262237,7.75008062726558,6.60856971756152,7.382072643315,15.5010261252447,15.5001612545312,16.3045969368672,11.8171138967697
300.8,7.75,7.75,7.75051256769129,7.75008039588132,6.60856535181077,7.38207272347774,15.5010251353826,15.5001607917626,16.3046517328522,11.817112402541
300.9,7.75,7.75,7.75051207327008,7.75008016486457,6.60856098965924,7.38207280490079,15.5010241465402,15.5001603297291,16.3047064839496,11.8171108945488
301,7.75,7.75,7.75051157935822,7.75007993421486,6.60855663110395,7.38207288758208,15.5010231587164,15.5001598684297,16.3047611901965,11.8171093728162
301.1,7.75,7.75,7.75051108611696,7.75007970404821,6.60855227728469,7.38207297191841,15.5010221722339,15.5001594080964,16.3048158373773,11.817107833011
301.2,7.75,7.75,7.75051059339101,7.75007947425261,6.60854792710575,7.38207305752529,15.501021186782,15.5001589485052,16.3048704391569,11.8171062793321
301.3,7.75,7.75,7.75051010117234,7.75007924482219,6.60854358051111,7.38207314438215,15.5010202023447,15.5001584896444,16.3049249962339,11.8171047120048
301.4,7.75,7.75,7.75050960946042,7.75007901575649,6.60853923749778,7.38207323248689,15.5010192189208,15.500158031513,16.3049795086452,11.8171031310521
301.5,7.75,7.75,7.75050911825474,7.75007878705503,6.6085348980628,7.38207332183747,15.5010182365095,15.5001575741101,16.3050339764275,11.817101536497
301.6,7.75,7.75,7.75050862771557,7.75007855883296,6.60853056334027,7.38207341282676,15.5010172554311,15.5001571176659,16.3050883854355,11.8170999240507
301.7,7.75,7.75,7.75050813768855,7.75007833097912,6.60852623223997,7.38207350507407,15.5010162753771,15.5001566619582,16.3051427492665,11.8170982978701
301.8,7.75,7.75,7.75050764816571,7.75007810348768,6.60852190470613,7.382073598559,15.5010152963314,15.5001562069754,16.3051970686156,11.8170966581784
301.9,7.75,7.75,7.75050715914653,7.75007787635818,6.60851758073579,7.3820736932795,15.5010143182931,15.5001557527164,16.3052513435195,11.8170950049983
302,7.75,7.75,7.75050667063049,7.75007764959016,6.60851326032599,7.38207378923353,15.501013341261,15.5001552991803,16.3053055740149,11.8170933383526
302.1,7.75,7.75,7.75050618277689,7.75007742329787,6.60850894460523,7.38207388681006,15.5010123655538,15.5001548465957,16.3053597460261,11.8170916539958
302.2,7.75,7.75,7.75050569543231,7.75007719737102,6.60850463248868,7.38207398563217,15.5010113908646,15.500154394742,16.3054138730833,11.8170899560431
302.3,7.75,7.75,7.75050520858883,7.7500769718038,6.60850032392086,7.38207408567965,15.5010104171777,15.5001539436076,16.3054679558782,11.8170882447154
302.4,7.75,7.75,7.75050472224594,7.75007674659578,6.60849601889882,7.38207418695046,15.5010094444919,15.5001534931916,16.3055219944473,11.8170865200353
302.5,7.75,7.75,7.75050423640312,7.75007652174648,6.60849171741963,7.38207428944259,15.5010084728062,15.500153043493,16.3055759888269,11.8170847820255
302.6,7.75,7.75,7.75050375121869,7.7500762973693,6.60848742060617,7.38207439354114,15.5010075024374,15.5001525947386,16.3056299250109,11.8170830264833
302.7,7.75,7.75,7.75050326654018,7.75007607335476,6.60848312737901,7.38207449887291,15.5010065330804,15.5001521467095,16.3056838164628,11.8170812574824
302.8,7.75,7.75,7.7505027823597,7.75007584969714,6.60847883768295,7.3820746054179,15.5010055647194,15.5001516993943,16.3057376638706,11.8170794752417
302.9,7.75,7.75,7.75050229867676,7.75007562639597,6.60847455151506,7.38207471317409,15.5010045973535,15.5001512527919,16.3057914672707,11.8170776797836
303,7.75,7.75,7.75050181549084,7.7500754034508,6.60847026887242,7.38207482213946,15.5010036309817,15.5001508069016,16.3058452266994,11.8170758711304
303.1,7.75,7.75,7.75050133295929,7.75007518097416,6.60846599087233,7.38207493269529,15.5010026659186,15.5001503619483,16.3058989282194,11.8170740451224
303.2,7.75,7.75,7.75050085093057,7.7500749588574,6.60846171644073,7.38207504447209,15.5010017018611,15.5001499177148,16.3059525852278,11.8170722057919
303.3,7.75,7.75,7.75050036939685,7.75007473709484,6.6084574455227,7.38207515745005,15.5010007387937,15.5001494741897,16.3060061984094,11.8170703533557
303.4,7.75,7.75,7.75049988835763,7.75007451568602,6.60845317811532,7.38207527162715,15.5009997767153,15.500149031372,16.3060597678002,11.8170684878359
303.5,7.75,7.75,7.7504994078124,7.7500742946305,6.60844891421568,7.3820753870014,15.5009988156248,15.500148589261,16.3061132934362,11.8170666092549
303.6,7.75,7.75,7.75049892791755,7.75007407403993,6.60844465493555,7.38207550395028,15.5009978558351,15.5001481480799,16.3061667614491,11.817064713495
303.7,7.75,7.75,7.75049844852246,7.75007385380652,6.6084403992062,7.38207562210797,15.5009968970449,15.500147707613,16.3062201851696,11.8170628045479
303.8,7.75,7.75,7.75049796961936,7.75007363392461,6.60843614697297,7.38207574145484,15.5009959392387,15.5001472678492,16.3062735652793,11.8170608826282
303.9,7.75,7.75,7.75049749120774,7.75007341439374,6.60843189823297,7.38207586198889,15.5009949824155,15.5001468287875,16.306326901814,11.8170589477578
304,7.75,7.75,7.7504970132871,7.75007319521348,6.60842765298331,7.38207598370815,15.5009940265742,15.500146390427,16.3063801948094,11.8170569999589
304.1,7.75,7.75,7.75049653601288,7.75007297649465,6.60842341233025,7.38207610698632,15.5009930720258,15.5001459529893,16.3064334304656,11.8170550351558
304.2,7.75,7.75,7.75049605923538,7.75007275813026,6.60841917521034,7.38207623146122,15.5009921184708,15.5001455162605,16.3064866220475,11.8170530572997
304.3,7.75,7.75,7.75049558294686,7.75007254011469,6.60841494156922,7.38207635711342,15.5009911658937,15.5001450802294,16.3065397702334,11.817051066603
304.4,7.75,7.75,7.75049510714683,7.7500723224475,6.60841071140401,7.38207648394095,15.5009902142937,15.500144644895,16.3065928750588,11.8170490630876
304.5,7.75,7.75,7.75049463183479,7.75007210512824,6.60840648471182,7.38207661194183,15.5009892636696,15.5001442102565,16.3066459365594,11.8170470467754
304.6,7.75,7.75,7.75049415716522,7.75007188826691,6.60840226259343,7.38207674148602,15.5009883143304,15.5001437765338,16.3066989410029,11.8170450136323
304.7,7.75,7.75,7.75049368298936,7.75007167175731,6.60839804399069,7.38207687221496,15.5009873659787,15.5001433435146,16.3067519015893,11.8170429675695
304.8,7.75,7.75,7.7504932092995,7.75007145559389,6.60839382884949,7.38207700410941,15.500986418599,15.5001429111878,16.3068048189931,11.817040908797
304.9,7.75,7.75,7.75049273609515,7.75007123977619,6.60838961716696,7.3820771371674,15.5009854721903,15.5001424795524,16.3068576932498,11.8170388373367
305,7.75,7.75,7.75049226337582,7.75007102430379,6.60838540894025,7.38207727138699,15.5009845267516,15.5001420486076,16.306910524395,11.8170367532104
305.1,7.75,7.75,7.75049179129506,7.75007080928582,6.60838120526467,7.38207740713441,15.5009835825901,15.5001416185716,16.3069632987638,11.8170346524253
305.2,7.75,7.75,7.75049131970499,7.75007059461692,6.60837700508731,7.38207754405469,15.50098263941,15.5001411892338,16.3070160294912,11.8170325388525
305.3,7.75,7.75,7.75049084859797,7.75007038029155,6.60837280835434,7.38207768212877,15.5009816971959,15.5001407605831,16.3070687172485,11.8170304127001
305.4,7.75,7.75,7.75049037797351,7.75007016630929,6.60836861506291,7.38207782135471,15.500980755947,15.5001403326186,16.3071213620709,11.8170282739899
305.5,7.75,7.75,7.75048990783112,7.75006995266969,6.60836442521018,7.38207796173057,15.5009798156622,15.5001399053394,16.3071739639938,11.8170261227433
305.6,7.75,7.75,7.7504894383234,7.75006973948106,6.60836023988604,7.38207810361891,15.5009788766468,15.5001394789621,16.3072265094196,11.8170239550086
305.7,7.75,7.75,7.7504889693034,7.75006952663885,6.6083560580428,7.3820782466683,15.5009779386068,15.5001390532777,16.3072790114185,11.8170217746174
305.8,7.75,7.75,7.7504885007635,7.75006931413756,6.6083518796269,7.38207839085988,15.500977001527,15.5001386282751,16.3073314706585,11.8170195817758
305.9,7.75,7.75,7.75048803270323,7.75006910197676,6.60834770463549,7.38207853619173,15.5009760654065,15.5001382039535,16.3073838871748,11.8170173765051
306,7.75,7.75,7.7504875651221,7.75006889015602,6.60834353306576,7.3820786826619,15.5009751302442,15.500137780312,16.3074362610024,11.8170151588268
306.1,7.75,7.75,7.75048709817178,7.75006867878283,6.6083393660022,7.38207883062931,15.5009741963436,15.5001373575657,16.3074885786105,11.8170129248299
306.2,7.75,7.75,7.75048663170621,7.75006846775341,6.60833520240231,7.38207897974606,15.5009732634124,15.5001369355068,16.3075408530052,11.8170106783065
306.3,7.75,7.75,7.75048616571784,7.75006825706233,6.60833104221279,7.38207912999348,15.5009723314357,15.5001365141247,16.3075930848511,11.8170084194608
306.4,7.75,7.75,7.75048570020617,7.75006804670914,6.60832688543083,7.38207928136964,15.5009714004123,15.5001360934183,16.3076452741831,11.817006148314
306.5,7.75,7.75,7.75048523517072,7.75006783669343,6.60832273205361,7.38207943387265,15.5009704703414,15.5001356733869,16.3076974210362,11.8170038648874
306.6,7.75,7.75,7.75048477076227,7.75006762712186,6.60831858316027,7.38207958785775,15.5009695415245,15.5001352542437,16.307749511946,11.8170015653102
306.7,7.75,7.75,7.75048430683561,7.75006741789146,6.60831443771347,7.38207974298058,15.5009686136712,15.5001348357829,16.3078015598546,11.8169992533358
306.8,7.75,7.75,7.75048384338325,7.75006720899681,6.60831029566017,7.38207989922264,15.5009676867665,15.5001344179936,16.3078535654233,11.8169969291661
306.9,7.75,7.75,7.75048338040469,7.75006700043749,6.60830615699757,7.38208005658202,15.5009667608094,15.500134000875,16.307905528687,11.8169945928222
307,7.75,7.75,7.75048291789947,7.75006679221307,6.60830202172288,7.38208021505684,15.5009658357989,15.5001335844261,16.3079574496803,11.8169922443252
307.1,7.75,7.75,7.75048245601743,7.75006658442942,6.6082978909099,7.38208037499873,15.5009649120349,15.5001331688588,16.3080093150048,11.8169898798446
307.2,7.75,7.75,7.75048199461426,7.75006637698434,6.60829376352642,7.38208053606682,15.5009639892285,15.5001327539687,16.3080611375393,11.8169875030949
307.3,7.75,7.75,7.75048153368251,7.75006616987246,6.60828963951966,7.38208069824278,15.500963067365,15.5001323397449,16.3081129179417,11.8169851142761
307.4,7.75,7.75,7.75048107322169,7.75006596309336,6.60828551888685,7.38208086152474,15.5009621464434,15.5001319261867,16.3081646562467,11.816982713409
307.5,7.75,7.75,7.75048061323133,7.75006575664662,6.6082814016252,7.38208102591081,15.5009612264627,15.5001315132932,16.3082163524887,11.8169803005147
307.6,7.75,7.75,7.75048015386037,7.75006555063729,6.6082772888032,7.38208119174905,15.5009603077207,15.5001311012746,16.3082679933352,11.8169778718022
307.7,7.75,7.75,7.75047969496537,7.75006534496396,6.60827317939377,7.38208135870204,15.5009593899307,15.5001306899279,16.3083195916014,11.8169754309479
307.8,7.75,7.75,7.75047923653893,7.75006513962129,6.60826907334438,7.38208152675165,15.5009584730779,15.5001302792426,16.3083711479424,11.8169729781496
307.9,7.75,7.75,7.75047877858056,7.75006493460887,6.60826497065226,7.38208169589599,15.5009575571611,15.5001298692177,16.3084226623923,11.8169705134281
308,7.75,7.75,7.7504783210898,7.75006472992628,6.60826087131465,7.38208186613321,15.5009566421796,15.5001294598526,16.3084741349856,11.8169680368041
308.1,7.75,7.75,7.75047786421468,7.75006452567778,6.60825677639478,7.38208203780782,15.5009557284294,15.5001290513556,16.3085255524549,11.8169655445264
308.2,7.75,7.75,7.75047740781264,7.75006432176271,6.6082526848706,7.38208221058582,15.5009548156253,15.5001286435254,16.3085769275528,11.8169630402329
308.3,7.75,7.75,7.75047695187632,7.7500641181758,6.60824859668989,7.38208238444926,15.5009539037526,15.5001282363516,16.308628260931,11.8169605241196
308.4,7.75,7.75,7.75047649640523,7.75006391491663,6.60824451184987,7.38208255939627,15.5009529928105,15.5001278298333,16.3086795526235,11.8169579962073
308.5,7.75,7.75,7.75047604139891,7.75006371198477,6.6082404303478,7.382082735425,15.5009520827978,15.5001274239695,16.3087308026645,11.8169554565163
308.6,7.75,7.75,7.75047558700449,7.7500635094837,6.60823635324166,7.38208291287646,15.500951174009,15.5001270189674,16.3087819978517,11.8169529013347
308.7,7.75,7.75,7.7504751330803,7.75006330731353,6.60823227951446,7.38208309142003,15.5009502661606,15.5001266146271,16.3088331508752,11.8169503342625
308.8,7.75,7.75,7.75047467961899,7.75006310546902,6.60822820911422,7.38208327103794,15.500949359238,15.500126210938,16.3088842623833,11.8169477554938
308.9,7.75,7.75,7.75047422662009,7.75006290394975,6.60822414203819,7.38208345172835,15.5009484532402,15.5001258078995,16.30893533241,11.8169451650491
309,7.75,7.75,7.75047377408316,7.75006270275531,6.60822007828364,7.38208363348942,15.5009475481663,15.5001254055106,16.3089863609892,11.8169425629488
309.1,7.75,7.75,7.75047332215442,7.75006250198838,6.60821601890334,7.38208381665864,15.5009466443088,15.5001250039768,16.3090373349834,11.8169399455195
309.2,7.75,7.75,7.75047287069305,7.75006230154983,6.60821196288531,7.3820840009088,15.5009457413861,15.5001246030997,16.3090882670202,11.816937316324
309.3,7.75,7.75,7.75047241969176,7.75006210143447,6.60820791017782,7.38208418622228,15.5009448393835,15.5001242028689,16.3091391577451,11.8169346755543
309.4,7.75,7.75,7.75047196915009,7.75006190164187,6.60820386077816,7.38208437259727,15.5009439383002,15.5001238032837,16.3091900071916,11.8169320232307
309.5,7.75,7.75,7.75047151906757,7.75006170217164,6.6081998146836,7.38208456003194,15.5009430381351,15.5001234043433,16.3092408153936,11.8169293593734
309.6,7.75,7.75,7.75047106958958,7.75006150312566,6.60819577294171,7.38208474886031,15.5009421391792,15.5001230062513,16.3092915692778,11.8169266803478
309.7,7.75,7.75,7.75047062057611,7.75006130440556,6.60819173454553,7.38208493875851,15.5009412411522,15.5001226088111,16.30934228141,11.8169239896793
309.8,7.75,7.75,7.75047017201995,7.75006110600619,6.60818769944357,7.38208512970912,15.5009403440399,15.5001222120124,16.3093929524324,11.816921287558
309.9,7.75,7.75,7.75046972392062,7.75006090792714,6.60818366763313,7.38208532171032,15.5009394478412,15.5001218158543,16.3094435823784,11.816918574004
310,7.75,7.75,7.75046927627767,7.75006071016799,6.6081796391115,7.3820855147603,15.5009385525553,15.500121420336,16.3094941712818,11.8169158490374
310.1,7.75,7.75,7.75046882923558,7.75006051282987,6.6081756149211,7.38208570918965,15.5009376584712,15.5001210256597,16.3095447061332,11.8169131090617
310.2,7.75,7.75,7.75046838265521,7.75006031581515,6.60817159405991,7.3820859046778,15.5009367653104,15.5001206316303,16.3095951994368,11.8169103575656
310.3,7.75,7.75,7.75046793652938,7.75006011911872,6.60816757647673,7.38208610120753,15.5009358730588,15.5001202382374,16.3096456518317,11.816907594737
310.4,7.75,7.75,7.75046749085761,7.75005992274017,6.60816356216885,7.38208629877702,15.5009349817152,15.5001198454803,16.3096960633512,11.8169048205961
310.5,7.75,7.75,7.75046704563946,7.7500597266791,6.60815955113358,7.38208649738448,15.5009340912789,15.5001194533582,16.3097464340287,11.8169020351627
310.6,7.75,7.75,7.75046660101854,7.75005953103585,6.6081555444082,7.38208669735707,15.5009332020371,15.5001190620717,16.3097967509185,11.8168992348783
310.7,7.75,7.75,7.75046615685655,7.75005933571354,6.60815154099566,7.38208689837754,15.5009323137131,15.5001186714271,16.3098470264637,11.8168964231949
310.8,7.75,7.75,7.75046571314634,7.7500591407071,6.60814754084497,7.38208710042882,15.5009314262927,15.5001182814142,16.3098972613001,11.8168936002985
310.9,7.75,7.75,7.75046526988746,7.75005894601612,6.60814354395346,7.38208730350912,15.5009305397749,15.5001178920322,16.309947455461,11.8168907662092
311,7.75,7.75,7.75046482707945,7.7500587516402,6.60813955031845,7.38208750761666,15.5009296541589,15.5001175032804,16.3099976089795,11.8168879209466
311.1,7.75,7.75,7.75046438486506,7.75005855767892,6.60813556097213,7.3820877130752,15.5009287697301,15.5001171153578,16.3100477089732,11.8168850609899
311.2,7.75,7.75,7.75046394310682,7.75005836403615,6.60813157492232,7.38208791957079,15.5009278862136,15.5001167280723,16.3100977678243,11.8168821897547
311.3,7.75,7.75,7.75046350179764,7.75005817070684,6.60812759211833,7.3820881270865,15.5009270035953,15.5001163414137,16.3101477861656,11.8168793074251
311.4,7.75,7.75,7.75046306093706,7.75005797769059,6.60812361255748,7.38208833562056,15.5009261218741,15.5001159553812,16.31019776403,11.816876414021
311.5,7.75,7.75,7.75046262052462,7.750057784987,6.60811963623711,7.38208854517122,15.5009252410492,15.500115569974,16.3102477014507,11.8168735095619
311.6,7.75,7.75,7.75046218070222,7.75005759269491,6.60811566418432,7.38208875605887,15.5009243614044,15.5001151853898,16.3102975856078,11.8168705905644
311.7,7.75,7.75,7.75046174133321,7.75005740071889,6.60811169541185,7.38208896797279,15.5009234826664,15.5001148014378,16.3103474288234,11.8168676604079
311.8,7.75,7.75,7.75046130241055,7.75005720905396,6.60810772986921,7.38208918089625,15.5009226048211,15.5001144181079,16.310397231727,11.8168647192748
311.9,7.75,7.75,7.75046086393378,7.7500570176997,6.60810376755378,7.38208939482748,15.5009217278676,15.5001140353994,16.3104469943513,11.8168617671846
312,7.75,7.75,7.75046042590245,7.75005682665573,6.60809980846288,7.38208960976474,15.5009208518049,15.5001136533115,16.3104967167293,11.8168588041569
312.1,7.75,7.75,7.75045998845758,7.75005663602012,6.6080958536186,7.38208982602507,15.5009199769152,15.5001132720402,16.3105463861039,11.8168558267452
312.2,7.75,7.75,7.75045955146338,7.75005644569818,6.6080919020385,7.382090043301,15.5009191029268,15.5001128913964,16.3105960147367,11.8168528382932
312.3,7.75,7.75,7.75045911491283,7.75005625568496,6.60808795367236,7.38209026157595,15.5009182298257,15.5001125113699,16.3106456032542,11.8168498389814
312.4,7.75,7.75,7.75045867880548,7.75005606598005,6.60808400851756,7.38209048084818,15.500917357611,15.5001121319601,16.3106951516891,11.8168468288291
312.5,7.75,7.75,7.75045824314088,7.75005587658306,6.60808006657146,7.38209070111594,15.5009164862818,15.5001117531661,16.3107446600741,11.8168438078557
312.6,7.75,7.75,7.75045780805921,7.75005568759133,6.60807612885111,7.38209092269299,15.5009156161184,15.5001113751827,16.3107941157142,11.8168407726517
312.7,7.75,7.75,7.75045737342548,7.75005549891089,6.60807219437889,7.38209114527502,15.500914746851,15.5001109978218,16.3108435308113,11.8168377265251
312.8,7.75,7.75,7.75045693923273,7.75005531053681,6.60806826310486,7.38209136884564,15.5009138784655,15.5001106210736,16.3108929059887,11.8168346696545
312.9,7.75,7.75,7.7504565054805,7.7500551224687,6.60806433502639,7.38209159340313,15.500913010961,15.5001102449374,16.310942241279,11.8168316020592
313,7.75,7.75,7.75045607216835,7.75005493470617,6.60806041014086,7.38209181894574,15.5009121443367,15.5001098694123,16.3109915367147,11.8168285237584
313.1,7.75,7.75,7.75045563943562,7.75005474734582,6.60805648946032,7.38209204578393,15.5009112788712,15.5001094946916,16.3110407796628,11.8168254313791
313.2,7.75,7.75,7.75045520714813,7.75005456029438,6.60805257201198,7.3820922736166,15.5009104142963,15.5001091205888,16.3110899822654,11.8168223281939
313.3,7.75,7.75,7.75045477529895,7.75005437354698,6.60804865774611,7.3820925024275,15.5009095505979,15.500108747094,16.3111391451431,11.8168192143799
313.4,7.75,7.75,7.75045434388764,7.75005418710322,6.60804474666012,7.38209273221492,15.5009086877753,15.5001083742064,16.3111882683281,11.8168160899559
313.5,7.75,7.75,7.75045391291376,7.75005400096271,6.6080408387514,7.38209296297715,15.5009078258275,15.5001080019254,16.3112373518527,11.8168129549411
313.6,7.75,7.75,7.7504534825158,7.75005381522132,6.60803693502702,7.38209319502137,15.5009069650316,15.5001076304426,16.3112863831454,11.8168098059987
313.7,7.75,7.75,7.7504530525604,7.75005362978649,6.60803303451899,7.38209342804962,15.5009061051208,15.500107259573,16.3113353742894,11.8168066463664
313.8,7.75,7.75,7.75045262304067,7.75005344465339,6.60802913717782,7.38209366204584,15.5009052460813,15.5001068893068,16.3113843259019,11.8168034762193
313.9,7.75,7.75,7.75045219395618,7.75005325982161,6.60802524300092,7.38209389700831,15.5009043879124,15.5001065196432,16.3114332380151,11.8168002955762
314,7.75,7.75,7.75045176530648,7.75005307529079,6.6080213519857,7.38209413293534,15.500903530613,15.5001061505816,16.3114821106611,11.8167971044561
314.1,7.75,7.75,7.75045133722923,7.75005289115604,6.60801746513431,7.38209437013088,15.5009026744585,15.5001057823121,16.3115309313296,11.8167938995582
314.2,7.75,7.75,7.75045090959187,7.75005270732553,6.60801358148347,7.38209460830009,15.5009018191837,15.5001054146511,16.3115797120449,11.8167906840854
314.3,7.75,7.75,7.75045048238756,7.75005252379443,6.60800970098398,7.38209484742707,15.5009009647751,15.5001050475889,16.3116284534213,11.8167874582111
314.4,7.75,7.75,7.75045005561586,7.75005234056238,6.60800582363324,7.38209508751013,15.5009001112317,15.5001046811248,16.3116771554906,11.8167842219538
314.5,7.75,7.75,7.75044962927634,7.75005215762899,6.60800194942867,7.38209532854757,15.5008992585527,15.500104315258,16.3117258182849,11.8167809753324
314.6,7.75,7.75,7.75044920350582,7.75005197508866,6.60799807936753,7.38209557084015,15.5008984070116,15.5001039501773,16.3117744293548,11.8167777150818
314.7,7.75,7.75,7.75044877817255,7.75005179285025,6.60799421249125,7.38209581409611,15.5008975563451,15.5001035857005,16.3118230006659,11.8167744443705
314.8,7.75,7.75,7.75044835326972,7.75005161090898,6.60799034875087,7.38209605829973,15.5008967065394,15.500103221818,16.3118715328294,11.8167711633699
314.9,7.75,7.75,7.7504479287969,7.75005142926448,6.60798648814381,7.38209630344932,15.5008958575938,15.500102858529,16.3119200258773,11.8167678720987
315,7.75,7.75,7.75044750475365,7.75005124791636,6.60798263066751,7.38209654954321,15.5008950095073,15.5001024958327,16.3119684798412,11.8167645705753
315.1,7.75,7.75,7.75044708127599,7.75005106695832,6.60797877731432,7.38209679687895,15.500894162552,15.5001021339166,16.3120168823323,11.8167612555702
315.2,7.75,7.75,7.75044665823294,7.7500508862999,6.60797492713041,7.38209704516789,15.5008933164659,15.5001017725998,16.312065245258,11.8167579302177
315.3,7.75,7.75,7.75044623561774,7.75005070593636,6.60797108006702,7.38209729439443,15.5008924712355,15.5001014118727,16.3121135692267,11.8167545946874
315.4,7.75,7.75,7.75044581342996,7.75005052586732,6.60796723612162,7.38209754455693,15.5008916268599,15.5001010517346,16.3121618542698,11.8167512489977
315.5,7.75,7.75,7.75044539166917,7.75005034609242,6.60796339529164,7.3820977956537,15.5008907833383,15.5001006921848,16.3122101004191,11.8167478931671
315.6,7.75,7.75,7.75044497047057,7.75005016670462,6.60795955856459,7.38209804797916,15.5008899409411,15.5001003334092,16.3122582953459,11.8167445240011
315.7,7.75,7.75,7.75044454970396,7.75004998761416,6.60795572499129,7.38209830124768,15.5008890994079,15.5000999752283,16.3123064508996,11.8167411446
315.8,7.75,7.75,7.75044412936264,7.75004980881634,6.60795189452325,7.38209855544386,15.5008882587253,15.5000996176327,16.3123545676857,11.8167377551318
315.9,7.75,7.75,7.75044370944617,7.75004963031078,6.60794806715792,7.38209881056603,15.5008874188923,15.5000992606216,16.3124026457354,11.8167343556146
316,7.75,7.75,7.75044328995412,7.75004945209712,6.60794424289277,7.38209906661255,15.5008865799082,15.5000989041942,16.3124506850803,11.8167309460669
316.1,7.75,7.75,7.75044287102087,7.75004927426761,6.60794042271047,7.38209932387468,15.5008857420417,15.5000985485352,16.3124986734516,11.8167275233289
316.2,7.75,7.75,7.75044245251703,7.75004909673319,6.60793660566649,7.38209958206982,15.5008849050341,15.5000981934664,16.3125466226412,11.8167240904674
316.3,7.75,7.75,7.75044203443592,7.75004891948917,6.60793279171257,7.38209984118274,15.5008840688718,15.5000978389783,16.3125945332515,11.8167206476484
316.4,7.75,7.75,7.7504416167771,7.75004874253519,6.60792898084619,7.38210010121179,15.5008832335542,15.5000974850704,16.3126424053136,11.8167171948902
316.5,7.75,7.75,7.75044119954016,7.75004856587089,6.60792517306482,7.38210036215532,15.5008823990803,15.5000971317418,16.3126902388589,11.8167137322108
316.6,7.75,7.75,7.75044078285866,7.75004838958781,6.60792136934632,7.38210062430148,15.5008815657173,15.5000967791756,16.3127380216782,11.8167102564853
316.7,7.75,7.75,7.75044036660399,7.75004821359757,6.6079175687508,7.3821008873707,15.500880733208,15.5000964271951,16.312785765506,11.8167067707469
316.8,7.75,7.75,7.75043995076951,7.75004803789554,6.60791377123024,7.38210115134788,15.500879901539,15.5000960757911,16.3128334709418,11.8167032751599
316.9,7.75,7.75,7.75043953535479,7.75004786248133,6.60790997678211,7.38210141623139,15.5008790707096,15.5000957249627,16.3128811380166,11.8166997697424
317,7.75,7.75,7.75043912035941,7.75004768735458,6.60790618540391,7.38210168201961,15.5008782407188,15.5000953747092,16.3129287667616,11.8166962545124
317.1,7.75,7.75,7.75043870591615,7.75004751260617,6.60790239806873,7.38210194899757,15.5008774118323,15.5000950252123,16.3129763450269,11.8166927263792
317.2,7.75,7.75,7.75043829189715,7.75004733814837,6.60789861384126,7.38210221688871,15.5008765837943,15.5000946762967,16.3130238844899,11.8166891883429
317.3,7.75,7.75,7.75043787829581,7.75004716397657,6.60789483267372,7.38210248567807,15.5008757565916,15.5000943279531,16.3130713857472,11.8166856405661
317.4,7.75,7.75,7.75043746511172,7.75004699009041,6.6078910545636,7.38210275536405,15.5008749302234,15.5000939801808,16.3131188488297,11.8166820830666
317.5,7.75,7.75,7.75043705234445,7.75004681648953,6.60788727950841,7.38210302594502,15.5008741046889,15.5000936329791,16.3131662737683,11.8166785158625
317.6,7.75,7.75,7.75043664012598,7.75004664326409,6.60788350847649,7.38210329770298,15.500873280252,15.5000932865282,16.313213648472,11.8166749358969
317.7,7.75,7.75,7.75043622832923,7.75004647032705,6.60787974053709,7.38210357036428,15.5008724566585,15.5000929406541,16.3132609845618,11.8166713461373
317.8,7.75,7.75,7.75043581694764,7.75004629767384,6.60787597564268,7.38210384391416,15.5008716338953,15.5000925953477,16.3133082826311,11.8166677467443
317.9,7.75,7.75,7.7504354059808,7.7500461253041,6.60787221379076,7.38210411835101,15.5008708119616,15.5000922506082,16.3133555427107,11.8166641377358
318,7.75,7.75,7.75043499542827,7.75004595321746,6.60786845497885,7.38210439367322,15.5008699908565,15.5000919064349,16.3134027648314,11.8166605191295
318.1,7.75,7.75,7.75043458542126,7.75004578150341,6.60786470017057,7.38210467015972,15.5008691708425,15.5000915630068,16.3134499369609,11.8166568879026
318.2,7.75,7.75,7.75043417583344,7.75004561007557,6.60786094843971,7.38210494753985,15.5008683516669,15.5000912201511,16.3134970706635,11.8166532469896
318.3,7.75,7.75,7.75043376665829,7.75004543892939,6.60785719973898,7.38210522579896,15.5008675333166,15.5000908778588,16.31354416653,11.8166495965497
318.4,7.75,7.75,7.75043335789539,7.75004526806451,6.60785345406588,7.38210550493547,15.5008667157908,15.500090536129,16.3135912245909,11.8166459366005
318.5,7.75,7.75,7.75043294954434,7.75004509748059,6.60784971141796,7.38210578494779,15.5008658990887,15.5000901949612,16.313638244877,11.8166422671597
318.6,7.75,7.75,7.75043254173553,7.75004492726642,6.60784597275413,7.38210606611183,15.5008650834711,15.5000898545328,16.3136852154139,11.8166385852377
318.7,7.75,7.75,7.75043213434339,7.75004475733627,6.60784223715271,7.38210634815982,15.5008642686868,15.5000895146725,16.3137321477103,11.8166348937371
318.8,7.75,7.75,7.75043172736146,7.75004458768565,6.60783850456662,7.3821066310773,15.5008634547229,15.5000891753713,16.3137790423538,11.8166311928151
318.9,7.75,7.75,7.75043132078931,7.75004441831419,6.60783477499341,7.38210691486267,15.5008626415786,15.5000888366284,16.3138258993749,11.8166274824892
319,7.75,7.75,7.75043091462653,7.75004424922154,6.60783104843062,7.38210719951436,15.5008618292531,15.5000884984431,16.313872718804,11.8166237627769
319.1,7.75,7.75,7.75043050900275,7.75004408049583,6.60782732583249,7.3821074853053,15.5008610180055,15.5000881609917,16.313919488725,11.8166200307221
319.2,7.75,7.75,7.75043010379315,7.75004391205198,6.60782360628184,7.38210777197061,15.5008602075863,15.500087824104,16.3139662205906,11.816616289195
319.3,7.75,7.75,7.7504296989913,7.75004374388552,6.60781988973181,7.38210805949595,15.5008593979826,15.500087487771,16.3140129149857,11.8166125383512
319.4,7.75,7.75,7.75042929459677,7.7500435759961,6.60781617617998,7.38210834787978,15.5008585891935,15.5000871519922,16.3140595719405,11.8166087782082
319.5,7.75,7.75,7.75042889060918,7.75004340838337,6.60781246562389,7.38210863712051,15.5008577812184,15.5000868167667,16.3141061914853,11.8166050087832
319.6,7.75,7.75,7.75042848715734,7.75004324113478,6.60780875901312,7.3821089274881,15.5008569743147,15.5000864822696,16.3141527617616,11.8166012271533
319.7,7.75,7.75,7.75042808411721,7.75004307416591,6.60780505543499,7.38210921872054,15.5008561682344,15.5000861483318,16.3141992941666,11.8165974361566
319.8,7.75,7.75,7.75042768148239,7.75004290747231,6.60780135484287,7.38210951080366,15.5008553629648,15.5000858149446,16.3142457892825,11.8165936359471
319.9,7.75,7.75,7.75042727925246,7.75004274105365,6.60779765723432,7.38210980373591,15.5008545585049,15.5000854821073,16.3142922471392,11.8165898265422
320,7.75,7.75,7.75042687742702,7.75004257490957,6.60779396260693,7.38211009751574,15.500853754854,15.5000851498191,16.314338667767,11.816586007959
320.1,7.75,7.75,7.75042647613414,7.75004240912686,6.60779027190564,7.38211039241013,15.5008529522683,15.5000848182537,16.3143850393646,11.8165821773072
320.2,7.75,7.75,7.7504260752505,7.75004224362172,6.60778658422222,7.38211068815994,15.500852150501,15.5000844872434,16.3144313732741,11.8165783373934
320.3,7.75,7.75,7.75042567476974,7.75004207838978,6.60778289951026,7.38211098475113,15.5008513495395,15.5000841567796,16.3144776700747,11.81657448837
320.4,7.75,7.75,7.75042527469146,7.75004191343067,6.60777921776735,7.38211128218218,15.5008505493829,15.5000838268613,16.3145239297965,11.8165706302541
320.5,7.75,7.75,7.75042487501524,7.75004174874405,6.60777553899107,7.38211158045153,15.5008497500305,15.5000834974881,16.3145701524692,11.8165667630627
320.6,7.75,7.75,7.7504244758684,7.75004158441604,6.60777186412178,7.38211187982325,15.5008489517368,15.5000831688321,16.3146163263489,11.8165628839381
320.7,7.75,7.75,7.75042407712836,7.75004142036351,6.60776819225567,7.38211218004103,15.5008481542567,15.500082840727,16.3146624627226,11.8165589956555
320.8,7.75,7.75,7.75042367878879,7.75004125658207,6.60776452334656,7.38211248109097,15.5008473575776,15.5000825131641,16.3147085621669,11.8165550983655
320.9,7.75,7.75,7.75042328084928,7.7500410930714,6.60776085739205,7.38211278297156,15.5008465616986,15.5000821861428,16.3147546247114,11.8165511920852
321,7.75,7.75,7.75042288330945,7.75004092983114,6.60775719438973,7.38211308568127,15.5008457666189,15.5000818596623,16.314800650386,11.8165472768315
321.1,7.75,7.75,7.75042248629583,7.75004076694677,6.60775353527541,7.38211338948124,15.5008449725917,15.5000815338935,16.3148466275033,11.8165433497788
321.2,7.75,7.75,7.75042208968657,7.75004060433576,6.60774987914963,7.38211369411798,15.5008441793731,15.5000812086715,16.3148925672959,11.8165394136713
321.3,7.75,7.75,7.75042169347539,7.75004044199379,6.60774622596648,7.38211399957773,15.5008433869508,15.5000808839876,16.3149384703373,11.8165354686579
321.4,7.75,7.75,7.75042129766189,7.75004027992052,6.60774257572355,7.382114305859,15.5008425953238,15.500080559841,16.3149843366574,11.8165315147556
321.5,7.75,7.75,7.75042090224567,7.7500401181156,6.60773892841846,7.38211461296026,15.5008418044913,15.5000802362312,16.3150301662855,11.8165275519811
321.6,7.75,7.75,7.75042050735252,7.75003995666386,6.60773528498246,7.38211492113978,15.500841014705,15.5000799133277,16.3150759475908,11.8165235775408
321.7,7.75,7.75,7.75042011286132,7.7500397954834,6.60773164452047,7.38211523014685,15.5008402257226,15.5000795909668,16.3151216917517,11.816519594148
321.8,7.75,7.75,7.75041971876582,7.75003963456993,6.6077280069868,7.38211553996786,15.5008394375316,15.5000792691399,16.3151673993388,11.8165156019501
321.9,7.75,7.75,7.75041932506563,7.75003947392311,6.60772437237907,7.38211585060131,15.5008386501313,15.5000789478462,16.3152130703818,11.8165116009639
322,7.75,7.75,7.75041893176034,7.7500393135426,6.60772074069489,7.38211616204571,15.5008378635207,15.5000786270852,16.3152587049101,11.8165075912059
322.1,7.75,7.75,7.75041853897501,7.75003915351257,6.60771711286098,7.38211647455646,15.50083707795,15.5000783070251,16.3153042913487,11.8165035699143
322.2,7.75,7.75,7.75041814658922,7.75003899375176,6.60771348798665,7.38211678788559,15.5008362931784,15.5000779875035,16.3153498408221,11.8164995397718
322.3,7.75,7.75,7.75041775459678,7.75003883425591,6.60770986602641,7.38211710201967,15.5008355091936,15.5000776685118,16.3153953538983,11.8164955009241
322.4,7.75,7.75,7.75041736299728,7.75003867502467,6.60770624697788,7.3821174169572,15.5008347259946,15.5000773500493,16.3154408306067,11.8164914533877
322.5,7.75,7.75,7.75041697179034,7.75003851605771,6.6077026308387,7.3821177326967,15.5008339435807,15.5000770321154,16.3154862709764,11.8164873971794
322.6,7.75,7.75,7.75041658110024,7.75003835743857,6.6076990185311,7.38211804949072,15.5008331622005,15.5000767148771,16.3155316634886,11.8164833295686
322.7,7.75,7.75,7.75041619080731,7.75003819908659,6.6076954091687,7.38211836709405,15.5008323816146,15.5000763981732,16.3155770192137,11.8164792532076
322.8,7.75,7.75,7.75041580090537,7.75003804099755,6.60769180270623,7.38211868549339,15.5008316018107,15.5000760819951,16.3156223387173,11.8164751682405
322.9,7.75,7.75,7.75041541139404,7.75003788317111,6.60768819914134,7.38211900468727,15.5008308227881,15.5000757663422,16.3156676220283,11.8164710746839
323,7.75,7.75,7.75041502227292,7.75003772560693,6.60768459847169,7.38211932467418,15.5008300445458,15.5000754512139,16.315712869176,11.8164669725541
323.1,7.75,7.75,7.75041463366556,7.75003756838792,6.607681001615,7.38211964570391,15.5008292673311,15.5000751367758,16.3157580686967,11.816462859152
323.2,7.75,7.75,7.75041424545301,7.75003741143403,6.60767740768921,7.38211996753393,15.500828490906,15.5000748228681,16.3158032316078,11.8164587370997
323.3,7.75,7.75,7.75041385762912,7.75003725474108,6.60767381664929,7.3821202901511,15.5008277152582,15.5000745094822,16.3158483584718,11.8164546065396
323.4,7.75,7.75,7.75041347019351,7.75003709830873,6.60767022849289,7.38212061355395,15.500826940387,15.5000741966175,16.3158934493178,11.8164504674882
323.5,7.75,7.75,7.75041308314578,7.75003694213664,6.60766664321766,7.382120937741,15.5008261662916,15.5000738842733,16.3159385041746,11.8164463199618
323.6,7.75,7.75,7.75041269660875,7.75003678630708,6.60766306173691,7.38212126295922,15.5008253932175,15.5000735726142,16.315983511634,11.8164421612922
323.7,7.75,7.75,7.75041231046418,7.75003663074064,6.60765948317285,7.3821215889688,15.5008246209284,15.5000732614813,16.3160284826602,11.8164379940715
323.8,7.75,7.75,7.75041192470595,7.75003647543314,6.60765590748064,7.38212191575673,15.5008238494119,15.5000729508663,16.3160734178129,11.8164338184407
323.9,7.75,7.75,7.75041153933369,7.75003632038425,6.60765233465797,7.38212224332155,15.5008230786674,15.5000726407685,16.316118317121,11.816429634416
324,7.75,7.75,7.750411154347,7.75003616559364,6.60764876470251,7.38212257166181,15.500822308694,15.5000723311873,16.3161631806133,11.8164254420137
324.1,7.75,7.75,7.75041076986797,7.75003601114295,6.60764519852312,7.38212290102168,15.5008215397359,15.5000720222859,16.3162079969365,11.8164212385962
324.2,7.75,7.75,7.75041038577906,7.75003585695337,6.60764163524628,7.38212323116405,15.5008207715581,15.5000717139067,16.3162527770018,11.816417026726
324.3,7.75,7.75,7.7504100020742,7.75003570302075,6.60763807482738,7.38212356207604,15.5008200041484,15.5000714060415,16.3162975213663,11.8164128065426
324.4,7.75,7.75,7.750409618753,7.75003554934478,6.60763451726409,7.38212389375621,15.500819237506,15.5000710986896,16.3163422300588,11.816408578062
324.5,7.75,7.75,7.75040923581508,7.75003539592512,6.60763096255412,7.38212422620311,15.5008184716302,15.5000707918502,16.316386903108,11.8164043413003
324.6,7.75,7.75,7.7504088533818,7.75003524284279,6.60762741160193,7.38212455965816,15.5008177067636,15.5000704856856,16.3164315292149,11.8164000936506
324.7,7.75,7.75,7.75040847133632,7.75003509001957,6.60762386353822,7.38212489388692,15.5008169426726,15.5000701800391,16.3164761192384,11.8163958376458
324.8,7.75,7.75,7.7504080896726,7.75003493745136,6.6076203183186,7.38212522887664,15.5008161793452,15.5000698749027,16.316520673733,11.8163915734238
324.9,7.75,7.75,7.75040770839025,7.75003478513783,6.60761677594077,7.38212556462588,15.5008154167805,15.5000695702757,16.3165651927272,11.8163873010006
325,7.75,7.75,7.75040732748892,7.75003463307867,6.60761323640243,7.38212590113321,15.5008146549778,15.5000692661573,16.3166096762495,11.8163830203921
325.1,7.75,7.75,7.75040694708922,7.75003448135426,6.60760970060366,7.38212623863735,15.5008138941784,15.5000689627085,16.3166541130553,11.8163787290217
325.2,7.75,7.75,7.750406567075,7.75003432988699,6.60760616767939,7.38212657690645,15.50081313415,15.500068659774,16.3166985139513,11.816374429393
325.3,7.75,7.75,7.75040618744028,7.75003417867278,6.60760263758544,7.38212691592792,15.5008123748806,15.5000683573456,16.3167428794892,11.8163701216425
325.4,7.75,7.75,7.75040580818467,7.75003402771132,6.60759911031952,7.38212725570033,15.5008116163693,15.5000680554226,16.3167872096973,11.816365805786
325.5,7.75,7.75,7.7504054293078,7.75003387700227,6.60759558587935,7.38212759622227,15.5008108586156,15.5000677540045,16.3168315046041,11.8163614818392
325.6,7.75,7.75,7.75040505092959,7.75003372662543,6.60759206516064,7.38212793772973,15.5008101018592,15.5000674532509,16.3168757530191,11.8163571472556
325.7,7.75,7.75,7.75040467293457,7.75003357650376,6.60758854730253,7.38212827999349,15.5008093458691,15.5000671530075,16.3169199656968,11.8163528045098
325.8,7.75,7.75,7.75040429531678,7.75003342663323,6.60758503226103,7.3821286230011,15.5008085906336,15.5000668532665,16.3169641431863,11.8163484537368
325.9,7.75,7.75,7.75040391807586,7.75003327701351,6.60758152003388,7.38212896675113,15.5008078361517,15.500066554027,16.3170082855159,11.8163440949522
326,7.75,7.75,7.75040354121142,7.75003312764429,6.6075780106188,7.38212931124219,15.5008070824228,15.5000662552886,16.3170523927137,11.8163397281716
326.1,7.75,7.75,7.75040316484268,7.75003297860474,6.6075745049072,7.38212965670758,15.5008063296854,15.5000659572095,16.3170964536431,11.8163353508784
326.2,7.75,7.75,7.75040278885486,7.75003282981842,6.60757100204234,7.38213000292068,15.5008055777097,15.5000656596368,16.3171404790069,11.8163309655183
326.3,7.75,7.75,7.75040241324203,7.75003268128131,6.60756750198048,7.38213034986917,15.5008048264841,15.5000653625626,16.3171844693515,11.8163265722248
326.4,7.75,7.75,7.75040203800382,7.75003253299311,6.60756400471935,7.38213069755164,15.5008040760076,15.5000650659862,16.317228424705,11.8163221710134
326.5,7.75,7.75,7.75040166313987,7.75003238495349,6.6075605102567,7.38213104596669,15.5008033262797,15.500064769907,16.3172723450955,11.8163177618996
326.6,7.75,7.75,7.75040128876866,7.75003223724103,6.60755701947962,7.38213139534497,15.5008025775373,15.5000644744821,16.3173162194397,11.8163133423964
326.7,7.75,7.75,7.75040091477611,7.75003208977986,6.60755353153552,7.38213174546244,15.5008018295522,15.5000641795597,16.3173600583891,11.8163089149208
326.8,7.75,7.75,7.75040054115633,7.75003194256601,6.60755004638087,7.3821320963069,15.5008010823127,15.500063885132,16.3174038624874,11.8163044796049
326.9,7.75,7.75,7.75040016790896,7.75003179559917,6.60754656401342,7.38213244787696,15.5008003358179,15.5000635911983,16.3174476317626,11.8163000364641
327,7.75,7.75,7.7503997950336,7.75003164887901,6.60754308443092,7.38213280017124,15.5007995900672,15.500063297758,16.3174913662425,11.8162955855137
327.1,7.75,7.75,7.75039942264808,7.75003150248351,6.60753960851618,7.38213315341774,15.5007988452962,15.500063004967,16.3175350548971,11.816291124296
327.2,7.75,7.75,7.75039905063896,7.75003135633739,6.60753613542073,7.38213350739495,15.5007981012779,15.5000627126748,16.3175787083267,11.8162866551999
327.3,7.75,7.75,7.75039867900041,7.7500312104367,6.60753266510126,7.38213386209083,15.5007973580008,15.5000624208734,16.3176223270725,11.8162821783557
327.4,7.75,7.75,7.75039830773204,7.75003106478113,6.60752919755553,7.382134217504,15.5007966154641,15.5000621295623,16.3176659111622,11.8162776937788
327.5,7.75,7.75,7.75039793683349,7.75003091937036,6.60752573278129,7.38213457363308,15.500795873667,15.5000618387407,16.3177094606236,11.8162732014845
327.6,7.75,7.75,7.75039756642187,7.75003077428177,6.6075222716571,7.38213493070345,15.5007951328437,15.5000615485635,16.3177529644794,11.8162686990441
327.7,7.75,7.75,7.75039719638442,7.75003062944067,6.60751881333859,7.38213528849614,15.5007943927688,15.5000612588813,16.3177964332791,11.8162641888184
327.8,7.75,7.75,7.75039682671533,7.75003048484312,6.60751535778266,7.38213564699924,15.5007936534307,15.5000609696862,16.3178398675613,11.8162596709363
327.9,7.75,7.75,7.75039645741424,7.75003034048881,6.60751190498707,7.38213600621138,15.5007929148285,15.5000606809776,16.3178832673536,11.8162551454129
328,7.75,7.75,7.75039608848078,7.75003019637745,6.60750845494961,7.38213636613119,15.5007921769616,15.5000603927549,16.3179266326836,11.8162506122635
328.1,7.75,7.75,7.75039572003135,7.7500300525858,6.60750500854456,7.38213672698144,15.5007914400627,15.5000601051716,16.3179699526266,11.8162460690883
328.2,7.75,7.75,7.75039535195388,7.75002990903975,6.60750156493167,7.38213708854569,15.5007907039078,15.5000598180795,16.3180132376815,11.8162415182201
328.3,7.75,7.75,7.75039498424259,7.75002976573539,6.60749812406802,7.38213745081216,15.5007899684852,15.5000595314708,16.3180564883843,11.8162369597864
328.4,7.75,7.75,7.75039461689711,7.75002962267242,6.60749468595139,7.38213781377947,15.5007892337942,15.5000592453448,16.3180997047625,11.8162323938022
328.5,7.75,7.75,7.75039424991709,7.75002947985054,6.60749125057958,7.38213817744628,15.5007884998342,15.5000589597011,16.3181428868435,11.8162278202826
328.6,7.75,7.75,7.75039388341823,7.75002933734594,6.60748781882267,7.38213854203278,15.5007877668365,15.5000586746919,16.3181860237549,11.8162232368565
328.7,7.75,7.75,7.75039351728913,7.75002919508505,6.60748438984445,7.38213890732501,15.5007870345783,15.5000583901701,16.3182291259454,11.8162186458291
328.8,7.75,7.75,7.75039315152403,7.75002905306402,6.60748096360221,7.38213927331132,15.5007863030481,15.500058106128,16.3182721939483,11.8162140473263
328.9,7.75,7.75,7.75039278612258,7.75002891128253,6.60747754009375,7.38213963999036,15.5007855722452,15.5000578225651,16.318315227791,11.8162094413632
329,7.75,7.75,7.75039242108442,7.75002876974028,6.60747411931687,7.38214000736079,15.5007848421688,15.5000575394806,16.3183582275006,11.8162048279546
329.1,7.75,7.75,7.75039205652458,7.7500286285129,6.60747070213746,7.38214037564023,15.5007841130492,15.5000572570258,16.318401182257,11.8162002047578
329.2,7.75,7.75,7.75039169233231,7.75002848752736,6.60746728772335,7.38214074461721,15.5007833846646,15.5000569750547,16.3184441024587,11.8161955740506
329.3,7.75,7.75,7.75039132850188,7.75002834677985,6.60746387603203,7.3821411142802,15.5007826570038,15.5000566935597,16.3184869886364,11.8161909359575
329.4,7.75,7.75,7.75039096503296,7.75002820627006,6.60746046706132,7.38214148462786,15.5007819300659,15.5000564125401,16.3185298408174,11.8161862904934
329.5,7.75,7.75,7.75039060192517,7.75002806599768,6.60745706080902,7.38214185565886,15.5007812038503,15.5000561319954,16.3185726590287,11.816181637673
329.6,7.75,7.75,7.75039023929286,7.75002792603776,6.60745365813687,7.38214222758828,15.5007804785857,15.5000558520755,16.3186154325019,11.8161769751819
329.7,7.75,7.75,7.75038987702596,7.75002778631785,6.60745025821669,7.38214260020711,15.5007797540519,15.5000555726357,16.3186581715856,11.8161723052706
329.8,7.75,7.75,7.75038951511876,7.75002764683414,6.60744686100619,7.38214297350394,15.5007790302375,15.5000552936683,16.3187008768082,11.8161676280621
329.9,7.75,7.75,7.75038915357092,7.75002750758633,6.60744346650319,7.38214334747746,15.5007783071418,15.5000550151727,16.3187435481966,11.8161629435713
330,7.75,7.75,7.75038879238207,7.75002736857412,6.60744007470552,7.38214372212633,15.5007775847641,15.5000547371482,16.3187861857779,11.8161582518127
330.1,7.75,7.75,7.75038843166591,7.75002722987199,6.60743668647075,7.38214409766312,15.5007768633318,15.500054459744,16.318828778835,11.8161535504999
330.2,7.75,7.75,7.75038807131298,7.75002709140802,6.60743330097471,7.38214447388124,15.500776142626,15.500054182816,16.3188713376671,11.8161488418563
330.3,7.75,7.75,7.75038771131763,7.75002695317846,6.60742991817529,7.38214485076942,15.5007754226353,15.5000539063569,16.3189138627999,11.8161441260037
330.4,7.75,7.75,7.75038735167951,7.750026815183,6.60742653807035,7.38214522832636,15.500774703359,15.500053630366,16.3189563542604,11.8161394029565
330.5,7.75,7.75,7.75038699239827,7.75002667742134,6.60742316065771,7.38214560655073,15.5007739847965,15.5000533548427,16.3189988120753,11.8161346727296
330.6,7.75,7.75,7.75038663358691,7.75002653996738,6.60741978679083,7.38214598565259,15.5007732671738,15.5000530799348,16.3190412255787,11.8161299330638
330.7,7.75,7.75,7.75038627513664,7.75002640274978,6.60741641564949,7.38214636542778,15.5007725502733,15.5000528054996,16.3190836050208,11.8161251861562
330.8,7.75,7.75,7.75038591704184,7.75002626576478,6.60741304719182,7.38214674586516,15.5007718340837,15.5000525315296,16.3191259509246,11.8161204321268
330.9,7.75,7.75,7.75038555930216,7.7500261290121,6.60740968141565,7.38214712696342,15.5007711186043,15.5000522580242,16.3191682633169,11.8161156709902
331,7.75,7.75,7.75038520191725,7.75002599249143,6.60740631831884,7.38214750872126,15.5007704038345,15.5000519849829,16.3192105422244,11.8161109027608
331.1,7.75,7.75,7.75038484499945,7.75002585627612,6.60740295875073,7.38214789134624,15.5007696899989,15.5000517125522,16.3192527770322,11.8161061252073
331.2,7.75,7.75,7.7503844884406,7.75002572029535,6.60739960189505,7.38214827463661,15.5007689768812,15.5000514405907,16.3192949779413,11.8161013405
331.3,7.75,7.75,7.75038413223511,7.75002558454542,6.60739624771014,7.38214865858135,15.5007682644702,15.5000511690908,16.3193371454722,11.8160965487576
331.4,7.75,7.75,7.75038377638266,7.75002544902602,6.60739289619383,7.38214904317917,15.5007675527653,15.500050898052,16.3193792796517,11.8160917499945
331.5,7.75,7.75,7.75038342088288,7.75002531373686,6.607389547344,7.38214942842877,15.5007668417658,15.5000506274737,16.3194213805062,11.8160869442251
331.6,7.75,7.75,7.75038306584744,7.75002517875072,6.60738620200592,7.38214981453526,15.5007661316949,15.5000503575014,16.3194634374716,11.8160821292454
331.7,7.75,7.75,7.75038271116884,7.75002504399734,6.60738285936723,7.38215020129925,15.5007654223377,15.5000500879947,16.3195054607,11.8160773071991
331.8,7.75,7.75,7.75038235684153,7.75002490947303,6.60737951938646,7.38215058870986,15.5007647136831,15.5000498189461,16.3195474507097,11.8160724782037
331.9,7.75,7.75,7.75038200286515,7.75002477517749,6.60737618206149,7.38215097676579,15.5007640057303,15.500049550355,16.319589407527,11.8160676422735
332,7.75,7.75,7.75038164923937,7.75002464111043,6.60737284739018,7.38215136546578,15.5007632984787,15.5000492822209,16.3196313311785,11.8160627994228
332.1,7.75,7.75,7.7503812960752,7.75002450734408,6.60736951621374,7.38215175501247,15.5007625921504,15.5000490146882,16.3196732111501,11.8160579474745
332.2,7.75,7.75,7.75038094326575,7.7500243738087,6.60736618772373,7.38215214520885,15.5007618865315,15.5000487476174,16.3197150575458,11.8160530885463
332.3,7.75,7.75,7.75038059080552,7.75002424050064,6.60736286187888,7.38215253604415,15.500761181611,15.5000484810013,16.3197568708811,11.8160482227544
332.4,7.75,7.75,7.75038023869415,7.75002410741961,6.60735953867707,7.3821529275171,15.5007604773883,15.5000482148392,16.3197986511825,11.8160433501128
332.5,7.75,7.75,7.75037988693132,7.75002397456531,6.60735621811617,7.38215331962642,15.5007597738626,15.5000479491306,16.3198403984761,11.8160384706357
332.6,7.75,7.75,7.75037953562736,7.75002384200942,6.60735290103337,7.38215371257236,15.5007590712547,15.5000476840188,16.3198821022983,11.8160335821731
332.7,7.75,7.75,7.75037918467605,7.75002370968274,6.60734958662411,7.38215410616022,15.5007583693521,15.5000474193655,16.3199237727045,11.8160286868165
332.8,7.75,7.75,7.75037883407189,7.75002357758163,6.6073462748473,7.38215450037938,15.5007576681438,15.5000471551633,16.3199654102081,11.8160237846808
332.9,7.75,7.75,7.75037848381454,7.75002344570582,6.60734296570085,7.38215489522855,15.5007569676291,15.5000468914116,16.3200070148351,11.8160188757799
333,7.75,7.75,7.75037813390366,7.75002331405501,6.60733965918264,7.38215529070649,15.5007562678073,15.50004662811,16.3200485866117,11.8160139601279
333.1,7.75,7.75,7.75037778444896,7.75002318270032,6.60733635612584,7.38215568701102,15.5007555688979,15.5000463654006,16.320090115124,11.8160090356013
333.2,7.75,7.75,7.75037743534482,7.75002305157309,6.60733305572974,7.38215608394979,15.5007548706896,15.5000461031462,16.3201316103796,11.8160041042662
333.3,7.75,7.75,7.75037708658579,7.75002292066972,6.60732975795348,7.38215648151227,15.5007541731716,15.5000458413394,16.3201730728893,11.8159991662358
333.4,7.75,7.75,7.75037673817153,7.75002278998991,6.60732646279495,7.38215687969721,15.5007534763431,15.5000455799798,16.3202145026791,11.8159942215241
333.5,7.75,7.75,7.7503763901017,7.75002265953339,6.60732317025206,7.38215727850336,15.5007527802034,15.5000453190668,16.320255899775,11.815989270145
333.6,7.75,7.75,7.75037604248535,7.75002252937072,6.60731988115398,7.38215767812617,15.5007520849707,15.5000450587414,16.3202972538127,11.8159843100015
333.7,7.75,7.75,7.75037569521751,7.75002239943377,6.60731659470384,7.38215807837557,15.500751390435,15.5000447988675,16.320338574752,11.815979343134
333.8,7.75,7.75,7.75037534829274,7.75002226971896,6.60731331086098,7.38215847924118,15.5007506965855,15.5000445394379,16.3203798631014,11.8159743696545
333.9,7.75,7.75,7.75037500171071,7.75002214022602,6.6073100296233,7.38215888072175,15.5007500034214,15.500044280452,16.3204211188866,11.8159693895769
334,7.75,7.75,7.75037465547108,7.75002201095464,6.60730675098872,7.38215928281603,15.5007493109422,15.5000440219093,16.3204623421337,11.8159644029149
334.1,7.75,7.75,7.75037430968227,7.75002188197488,6.60730347578244,7.38215968571711,15.5007486193645,15.5000437639498,16.3205035225274,11.8159594075978
334.2,7.75,7.75,7.7503739642399,7.7500217532191,6.60730020321142,7.38216008923721,15.5007479284798,15.5000435064382,16.3205446699804,11.8159544056407
334.3,7.75,7.75,7.7503736191386,7.75002162468377,6.60729693323518,7.38216049336606,15.5007472382772,15.5000432493675,16.3205857849984,11.8159493971542
334.4,7.75,7.75,7.75037327437801,7.75002149636861,6.60729366585164,7.38216089810243,15.500746548756,15.5000429927372,16.3206268676073,11.815944382152
334.5,7.75,7.75,7.75037292995781,7.75002136827332,6.60729040105873,7.38216130344508,15.5007458599156,15.5000427365466,16.3206679178329,11.8159393606478
334.6,7.75,7.75,7.75037258598578,7.7500212404674,6.6072871396777,7.38216170958474,15.5007451719716,15.5000424809348,16.320708925409,11.815934330597
334.7,7.75,7.75,7.75037224235815,7.75002111288377,6.6072838809193,7.38216211633592,15.5007444847163,15.5000422257675,16.320749900201,11.8159292939893
334.8,7.75,7.75,7.75037189906957,7.75002098551889,6.60728062474326,7.38216252368845,15.5007437981391,15.5000419710378,16.3207908427124,11.8159242509343
334.9,7.75,7.75,7.75037155611971,7.75002085837249,6.6072773711475,7.38216293164111,15.5007431122394,15.500041716745,16.3208317529688,11.8159192014453
335,7.75,7.75,7.75037121350824,7.75002073144429,6.60727412012998,7.38216334019268,15.5007424270165,15.5000414628886,16.3208726309958,11.8159141455362
335.1,7.75,7.75,7.7503708713423,7.75002060480325,6.60727087250799,7.38216374953156,15.5007417426846,15.5000412096065,16.3209134665762,11.8159090811879
335.2,7.75,7.75,7.75037052951873,7.75002047838279,6.60726762749608,7.38216415947449,15.5007410590375,15.5000409567656,16.3209542695284,11.8159040103654
335.3,7.75,7.75,7.75037018803223,7.75002035217941,6.60726438505417,7.38216457001145,15.5007403760645,15.5000407043588,16.3209950403533,11.8158989331767
335.4,7.75,7.75,7.75036984688245,7.75002022619283,6.6072611451802,7.38216498114121,15.5007396937649,15.5000404523857,16.3210357790766,11.8158938496354
335.5,7.75,7.75,7.75036950606906,7.75002010042278,6.60725790787213,7.38216539286257,15.5007390121381,15.5000402008456,16.3210764857237,11.8158887597549
335.6,7.75,7.75,7.7503691656986,7.7500199749377,6.60725467394334,7.3821658053616,15.5007383313972,15.5000399498754,16.3211171501258,11.815883661542
335.7,7.75,7.75,7.75036882566849,7.7500198496715,6.60725144261216,7.3821662184573,15.500737651337,15.500039699343,16.3211577820548,11.8158785569368
335.8,7.75,7.75,7.75036848597347,7.75001972462072,6.60724821383867,7.38216663213974,15.5007369719469,15.5000394492414,16.3211983820092,11.8158734460461
335.9,7.75,7.75,7.75036814661319,7.75001959978509,6.60724498762085,7.38216704640772,15.5007362932264,15.5000391995702,16.3212389500144,11.8158683288832
336,7.75,7.75,7.75036780758733,7.75001947516433,6.60724176395664,7.38216746126003,15.5007356151747,15.5000389503287,16.3212794860957,11.8158632054616
336.1,7.75,7.75,7.75036746900178,7.75001935082636,6.60723854365557,7.38216787688048,15.5007349380036,15.5000387016527,16.3213199801328,11.8158580738133
336.2,7.75,7.75,7.7503671307546,7.75001922670559,6.60723532593968,7.38216829309025,15.5007342615092,15.5000384534112,16.3213604418509,11.8158529358541
336.3,7.75,7.75,7.75036679284053,7.7500191027986,6.60723211076926,7.38216870987955,15.5007335856811,15.5000382055972,16.3214008717462,11.8158477916894
336.4,7.75,7.75,7.75036645525924,7.7500189791051,6.60722889814229,7.38216912724717,15.5007329105185,15.5000379582102,16.3214412698441,11.8158426413324
336.5,7.75,7.75,7.75036611801041,7.75001885562483,6.60722568805673,7.38216954519192,15.5007322360208,15.5000377112497,16.3214816361696,11.8158374847965
336.6,7.75,7.75,7.7503657811993,7.75001873242518,6.60722248131824,7.38216996389534,15.5007315623986,15.5000374648504,16.3215219606504,11.8158323201388
336.7,7.75,7.75,7.75036544472458,7.75001860944107,6.60721927715257,7.3821703831808,15.5007308894492,15.5000372188821,16.3215622529656,11.8158271492509
336.8,7.75,7.75,7.75036510858101,7.7500184866691,6.60721607552021,7.38217080303862,15.500730217162,15.5000369733382,16.3216025136091,11.8158219722368
336.9,7.75,7.75,7.75036477276827,7.75001836410899,6.60721287641915,7.38217122346762,15.5007295455365,15.500036728218,16.3216427426059,11.8158167891096
337,7.75,7.75,7.75036443728603,7.75001824176048,6.60720967984736,7.38217164446662,15.5007288745721,15.500036483521,16.3216829399812,11.8158115998826
337.1,7.75,7.75,7.75036410223895,7.75001811969043,6.60720648660665,7.38217206621486,15.5007282044779,15.5000362393809,16.3217230957102,11.8158064026382
337.2,7.75,7.75,7.75036376752628,7.75001799783428,6.60720329592648,7.38217248853794,15.5007275350526,15.5000359956686,16.3217632194263,11.8158011992433
337.3,7.75,7.75,7.75036343314282,7.75001787618864,6.60720010776753,7.38217291142628,15.5007268662856,15.5000357523773,16.3218033116208,11.815795989801
337.4,7.75,7.75,7.75036309908825,7.75001775475324,6.60719692212778,7.3821733348787,15.5007261981765,15.5000355095065,16.3218433723187,11.8157907743243
337.5,7.75,7.75,7.75036276536224,7.7500176335278,6.60719373900524,7.38217375889402,15.5007255307245,15.5000352670556,16.321883401545,11.8157855528262
337.6,7.75,7.75,7.75036243206884,7.75001751257871,6.60719055919787,7.38217418364927,15.5007248641377,15.5000350251574,16.3219233893226,11.815780323414
337.7,7.75,7.75,7.75036209910789,7.75001739184187,6.60718738193883,7.3821746089722,15.5007241982158,15.5000347836837,16.3219633452388,11.8157750879307
337.8,7.75,7.75,7.75036176647422,7.75001727131393,6.60718420718897,7.38217503485333,15.5007235329484,15.5000345426279,16.322003269783,11.815769846478
337.9,7.75,7.75,7.75036143416751,7.75001715099462,6.60718103494629,7.3821754612915,15.500722868335,15.5000343019892,16.3220431629798,11.8157645990689
338,7.75,7.75,7.75036110218744,7.75001703088367,6.60717786520881,7.38217588828555,15.5007222043749,15.5000340617673,16.3220830248542,11.8157593457164
338.1,7.75,7.75,7.75036077063744,7.75001691104693,6.60717469877068,7.38217631601028,15.5007215412749,15.5000338220939,16.3221228454762,11.8157540845521
338.2,7.75,7.75,7.75036043941794,7.75001679142083,6.60717153486873,7.38217674429558,15.5007208788359,15.5000335828417,16.3221626343879,11.8157488173955
338.3,7.75,7.75,7.7503601085238,7.75001667200203,6.60716837346399,7.38217717313209,15.5007202170476,15.5000333440041,16.322202392076,11.8157435443469
338.4,7.75,7.75,7.75035977795471,7.75001655279025,6.60716521455449,7.38217760251867,15.5007195559094,15.5000331055805,16.3222421185654,11.8157382654193
338.5,7.75,7.75,7.75035944771034,7.75001643378524,6.60716205813823,7.38217803245414,15.5007188954207,15.5000328675705,16.3222818138806,11.8157329806254
338.6,7.75,7.75,7.75035911789353,7.75001631505235,6.60715890500559,7.38217846311112,15.5007182357871,15.5000326301047,16.3223214681388,11.8157276881215
338.7,7.75,7.75,7.75035878840528,7.75001619652847,6.60715575439704,7.38217889432161,15.5007175768106,15.5000323930569,16.3223610908368,11.8157223897033
338.8,7.75,7.75,7.75035845924048,7.7500160782103,6.60715260627381,7.38217932607639,15.500716918481,15.5000321564206,16.3224006824592,11.81571708547
338.9,7.75,7.75,7.75035813039883,7.75001596009757,6.60714946063391,7.38217975837431,15.5007162607977,15.5000319201951,16.3224402430304,11.8157117754344
339,7.75,7.75,7.75035780188,7.75001584219002,6.60714631747537,7.3821801912142,15.50071560376,15.50003168438,16.322479772575,11.8157064596091
339.1,7.75,7.75,7.75035747378623,7.7500157245525,6.60714317758482,7.3821806247665,15.5007149475725,15.500031449105,16.322519261257,11.8157011361746
339.2,7.75,7.75,7.75035714601909,7.75001560712239,6.60714004020632,7.38218105886532,15.5007142920382,15.5000312142448,16.3225587185281,11.8156958069033
339.3,7.75,7.75,7.75035681857351,7.75001548989642,6.6071369053013,7.38218149350155,15.500713637147,15.5000309797928,16.3225981448705,11.8156904718931
339.4,7.75,7.75,7.75035649144919,7.75001537287431,6.60713377286779,7.38218192867404,15.5007129828984,15.5000307457486,16.3226375403088,11.8156851311566
339.5,7.75,7.75,7.7503561646458,7.75001525605581,6.60713064290382,7.38218236438164,15.5007123292916,15.5000305121116,16.3226769048672,11.8156797847065
339.6,7.75,7.75,7.75035583826497,7.75001513950526,6.60712751619228,7.38218280079262,15.5007116765299,15.5000302790105,16.3227162287563,11.8156744307472
339.7,7.75,7.75,7.75035551220888,7.75001502316054,6.60712439198082,7.38218323774319,15.5007110244178,15.5000300463211,16.322755521383,11.815669071028
339.8,7.75,7.75,7.75035518647246,7.75001490701839,6.60712127023107,7.38218367522434,15.5007103729449,15.5000298140368,16.3227947832274,11.8156637056454
339.9,7.75,7.75,7.75035486105542,7.75001479107854,6.60711815094107,7.38218411323493,15.5007097221108,15.5000295821571,16.3228340143136,11.815658334612
340,7.75,7.75,7.75035453595744,7.75001467534073,6.60711503410885,7.38218455177384,15.5007090719149,15.5000293506815,16.3228732146661,11.8156529579405
340.1,7.75,7.75,7.75035421127954,7.75001455986883,6.60711192051357,7.38218499100716,15.5007084225591,15.5000291197377,16.3229123745414,11.8156475738589
340.2,7.75,7.75,7.75035388692448,7.75001444460116,6.60710880940649,7.38218543077319,15.500707773849,15.5000288892023,16.3229515033022,11.8156421840935
340.3,7.75,7.75,7.75035356288723,7.75001432953452,6.6071057007494,7.38218587106302,15.5007071257745,15.500028659069,16.3229906014261,11.8156367887398
340.4,7.75,7.75,7.75035323916749,7.75001421466862,6.60710259454036,7.38218631187554,15.500706478335,15.5000284293372,16.3230296689373,11.8156313878102
340.5,7.75,7.75,7.75035291576493,7.75001410000321,6.60709949077741,7.38218675320962,15.5007058315299,15.5000282000064,16.3230687058599,11.8156259813172
340.6,7.75,7.75,7.75035259278002,7.75001398560167,6.607096390236,7.38218719522923,15.50070518556,15.5000279712033,16.3231077024965,11.8156205675126
340.7,7.75,7.75,7.75035227011605,7.75001387140281,6.60709329217096,7.38218763777472,15.5007045402321,15.5000277428056,16.3231466681657,11.8156151480998
340.8,7.75,7.75,7.75035194776803,7.75001375740342,6.60709019654425,7.38218808083731,15.5007038955361,15.5000275148068,16.3231856033426,11.815609723173
340.9,7.75,7.75,7.75035162573567,7.75001364360323,6.60708710335395,7.38218852441587,15.5007032514713,15.5000272872065,16.3232245080514,11.8156042927446
341,7.75,7.75,7.75035130401864,7.750013530002,6.60708401259811,7.38218896850929,15.5007026080373,15.500027060004,16.323263382316,11.815598856827
341.1,7.75,7.75,7.75035098271682,7.75001341666261,6.60708092504851,7.38218941327943,15.5007019654336,15.5000268333252,16.323302216485,11.8155934136953
341.2,7.75,7.75,7.75035066173406,7.75001330352434,6.6070778399635,7.38218985856868,15.5007013234681,15.5000266070487,16.3233410198326,11.8155879650305
341.3,7.75,7.75,7.75035034106541,7.75001319058401,6.60707475730523,7.38219030436836,15.5007006821308,15.500026381168,16.323379792832,11.8155825109255
341.4,7.75,7.75,7.75035002071057,7.75001307784136,6.60707167707179,7.38219075067736,15.5007000414211,15.5000261556827,16.323418535507,11.8155770513925
341.5,7.75,7.75,7.75034970066923,7.75001296529614,6.60706859926126,7.38219119749458,15.5006994013385,15.5000259305923,16.3234572478816,11.8155715864439
341.6,7.75,7.75,7.75034938104066,7.75001285301075,6.60706552464172,7.38219164497977,15.5006987620813,15.5000257060215,16.3234959203497,11.815566114378
341.7,7.75,7.75,7.7503490617293,7.75001274092493,6.60706245247507,7.38219209297736,15.5006981234586,15.5000254818499,16.3235345621419,11.8155606368533
341.8,7.75,7.75,7.75034874273021,7.75001262903553,6.60705938272363,7.38219254147877,15.5006974854604,15.5000252580711,16.323573173729,11.8155551539617
341.9,7.75,7.75,7.7503484240431,7.7500125173423,6.60705631538551,7.3821929904829,15.5006968480862,15.5000250346846,16.3236117551349,11.8155496657152
342,7.75,7.75,7.75034810566766,7.75001240584497,6.60705325045878,7.38219343998865,15.5006962113353,15.5000248116899,16.3236503063833,11.8155441721259
342.1,7.75,7.75,7.75034778770259,7.75001229460548,6.60705018870791,7.38219389015371,15.5006955754052,15.500024589211,16.3236888179133,11.8155386715155
342.2,7.75,7.75,7.75034747005287,7.75001218356404,6.60704712939827,7.3821943408245,15.5006949401057,15.5000243671281,16.3237272989121,11.8155331655201
342.3,7.75,7.75,7.75034715271361,7.7500120727175,6.60704407249239,7.38219479199255,15.5006943054272,15.500024145435,16.3237657498483,11.8155276542302
342.4,7.75,7.75,7.7503468356845,7.75001196206563,6.60704101798836,7.38219524365677,15.500693671369,15.5000239241313,16.3238041707455,11.815522137658
342.5,7.75,7.75,7.75034651896524,7.75001185160816,6.60703796588428,7.38219569581609,15.5006930379305,15.5000237032163,16.3238425616273,11.8155166158154
342.6,7.75,7.75,7.75034620265396,7.75001174140654,6.60703491694098,7.3821961486261,15.5006924053079,15.5000234828131,16.3238809129781,11.815511087047
342.7,7.75,7.75,7.75034588665619,7.75001163140144,6.60703187042734,7.38219660193524,15.5006917733124,15.5000232628029,16.3239192339415,11.8155055529666
342.8,7.75,7.75,7.75034557096708,7.75001152158976,6.60702882630605,7.38219705573513,15.5006911419342,15.5000230431795,16.323957524984,11.8155000136638
342.9,7.75,7.75,7.7503452555863,7.75001141197124,6.60702578457522,7.38219751002471,15.5006905111726,15.5000228239425,16.323995786129,11.8154944691506
343,7.75,7.75,7.75034494051358,7.75001130254563,6.60702274523295,7.38219796480289,15.5006898810272,15.5000226050913,16.3240340174,11.8154889194389
343.1,7.75,7.75,7.75034462584645,7.75001119337391,6.60701970903648,7.38219842022323,15.5006892516929,15.5000223867478,16.3240722093263,11.8154833628957
343.2,7.75,7.75,7.750344311491,7.75001108439721,6.60701667525814,7.38219887613614,15.500688622982,15.5000221687944,16.3241103710083,11.8154778011132
343.3,7.75,7.75,7.75034399744241,7.75001097561242,6.60701364386081,7.38219933253336,15.5006879948848,15.5000219512248,16.3241485029102,11.8154722341797
343.4,7.75,7.75,7.75034368370037,7.75001086701932,6.60701061484261,7.38219978941382,15.5006873674007,15.5000217340386,16.3241866050555,11.815466662107
343.5,7.75,7.75,7.75034337026458,7.75001075861765,6.60700758820165,7.38220024677645,15.5006867405292,15.5000215172353,16.3242246774676,11.8154610849071
343.6,7.75,7.75,7.75034305723202,7.75001065046791,6.60700456469157,7.38220070477278,15.500686114464,15.5000213009358,16.32426271072,11.8154555009694
343.7,7.75,7.75,7.75034274450933,7.75001054251169,6.60700154358817,7.38220116325517,15.5006854890187,15.5000210850234,16.3243007138706,11.8154499118644
343.8,7.75,7.75,7.75034243209171,7.75001043474592,6.60699852485449,7.38220162221548,15.5006848641834,15.5000208694918,16.3243386873813,11.8154443176792
343.9,7.75,7.75,7.75034211997885,7.75001032717035,6.60699550848868,7.38220208165263,15.5006842399577,15.5000206543407,16.3243766312754,11.8154387184256
344,7.75,7.75,7.75034180817046,7.75001021978474,6.60699249448884,7.38220254156557,15.5006836163409,15.5000204395695,16.3244145455761,11.8154331141154
344.1,7.75,7.75,7.75034149676296,7.75001011264913,6.60698948360504,7.38220300210381,15.5006829935259,15.5000202252983,16.3244524209016,11.8154275031604
344.2,7.75,7.75,7.75034118566352,7.75001000570555,6.60698647511652,7.38220346312166,15.500682371327,15.5000200114111,16.3244902662667,11.8154218871094
344.3,7.75,7.75,7.75034087486737,7.75000989895096,6.60698346898652,7.38220392461109,15.5006817497347,15.5000197979019,16.3245280821315,11.8154162660485
344.4,7.75,7.75,7.75034056437422,7.7500097923851,6.60698046521315,7.38220438657102,15.5006811287484,15.5000195847702,16.3245658685189,11.8154106399894
344.5,7.75,7.75,7.75034025418376,7.75000968600775,6.60697746379456,7.38220484900041,15.5006805083675,15.5000193720155,16.3246036254522,11.8154050089437
344.6,7.75,7.75,7.75033994439185,7.75000957987847,6.60697446547727,7.38220531204677,15.5006798887837,15.5000191597569,16.3246413435934,11.8153993713454
344.7,7.75,7.75,7.75033963490622,7.75000947393974,6.60697146954391,7.38220577556635,15.5006792698124,15.5000189478795,16.3246790319153,11.815393728722
344.8,7.75,7.75,7.75033932572212,7.75000936818855,6.6069684759579,7.3822062395512,15.5006786514442,15.5000187363771,16.3247166908754,11.8153880811583
344.9,7.75,7.75,7.75033901683924,7.75000926262464,6.60696548471738,7.38220670400027,15.5006780336785,15.5000185252493,16.3247543204968,11.815382428666
345,7.75,7.75,7.7503387082573,7.75000915724779,6.60696249582049,7.38220716891252,15.5006774165146,15.5000183144956,16.3247919208025,11.8153767712566
345.1,7.75,7.75,7.75033840007159,7.7500090521171,6.60695951001023,7.38220763443347,15.5006768001432,15.5000181042342,16.3248294824985,11.8153711073861
345.2,7.75,7.75,7.75033809219038,7.7500089471755,6.60695652657263,7.38220810042131,15.5006761843808,15.500017894351,16.3248670145152,11.8153654385607
345.3,7.75,7.75,7.75033778460894,7.75000884241998,6.60695354547127,7.38220856686817,15.5006755692179,15.50001768484,16.3249045173081,11.8153597648641
345.4,7.75,7.75,7.75033747732698,7.75000873785032,6.6069505667043,7.38220903377301,15.500674954654,15.5000174757006,16.3249419909002,11.8153540863079
345.5,7.75,7.75,7.75033717034421,7.75000863346627,6.60694759026988,7.38220950113481,15.5006743406884,15.5000172669325,16.3249794353143,11.8153484029035
345.6,7.75,7.75,7.75033686375536,7.75000852932649,6.60694461690749,7.38220996909711,15.5006737275107,15.500017058653,16.3250168412999,11.8153427131288
345.7,7.75,7.75,7.75033655746925,7.75000842537434,6.60694164590655,7.38221043751999,15.5006731149385,15.5000168507487,16.3250542177458,11.8153370184687
345.8,7.75,7.75,7.75033625148117,7.75000832160684,6.6069386772308,7.38221090639571,15.5006725029623,15.5000166432137,16.3250915651051,11.8153313190061
345.9,7.75,7.75,7.75033594579082,7.75000821802377,6.60693571087841,7.38221137572323,15.5006718915816,15.5000164360475,16.3251288834006,11.8153256147523
346,7.75,7.75,7.75033564039792,7.75000811462488,6.60693274684754,7.38221184550152,15.5006712807958,15.5000162292498,16.3251661726551,11.8153199057187
346.1,7.75,7.75,7.75033533539666,7.75000801146838,6.60692978587419,7.38221231587219,15.5006706707933,15.5000160229368,16.3252034236616,11.8153141904047
346.2,7.75,7.75,7.75033503069638,7.75000790849806,6.60692682725113,7.3822127866972,15.5006700613928,15.5000158169961,16.325240645267,11.8153084702745
346.3,7.75,7.75,7.75033472629239,7.75000780571099,6.60692387094227,7.3822132579689,15.5006694525848,15.500015611422,16.3252778379223,11.8153027454097
346.4,7.75,7.75,7.75033442218441,7.75000770310691,6.6069209169458,7.38221372968626,15.5006688443688,15.5000154062138,16.3253150016502,11.8152970158217
346.5,7.75,7.75,7.75033411837215,7.7500076006856,6.60691796525989,7.38221420184827,15.5006682367443,15.5000152013712,16.3253521364734,11.8152912815216
346.6,7.75,7.75,7.75033381494927,7.75000749850481,6.60691501661704,7.3822146745946,15.5006676298985,15.5000149970096,16.3253892332281,11.8152855410303
346.7,7.75,7.75,7.7503335118256,7.75000739650878,6.60691207031338,7.38221514778907,15.5006670236512,15.5000147930176,16.3254263007194,11.8152797957914
346.8,7.75,7.75,7.75033320899652,7.75000729469457,6.60690912631301,7.38221562142414,15.500666417993,15.5000145893891,16.3254633393965,11.8152740458853
346.9,7.75,7.75,7.75033290646172,7.75000719306195,6.6069061846141,7.38221609549878,15.5006658129234,15.5000143861239,16.325500349282,11.8152682913233
347,7.75,7.75,7.75033260422093,7.75000709161068,6.60690324521484,7.382216570012,15.5006652084419,15.5000141832214,16.3255373303982,11.8152625321165
347.1,7.75,7.75,7.75033230236726,7.7500069903981,6.60690030884429,7.38221704510153,15.5006646047345,15.5000139807962,16.3255742736244,11.8152567668071
347.2,7.75,7.75,7.75033200081107,7.75000688936884,6.60689737480189,7.38221752063306,15.5006640016221,15.5000137787377,16.3256111877246,11.8152509968179
347.3,7.75,7.75,7.75033169954775,7.75000678852,6.60689444305189,7.38221799659915,15.5006633990955,15.50001357704,16.3256480731455,11.8152452222285
347.4,7.75,7.75,7.75033139857701,7.75000668785136,6.60689151359251,7.38221847299877,15.500662797154,15.5000133757027,16.3256849299097,11.8152394430499
347.5,7.75,7.75,7.75033109789857,7.75000658736268,6.60688858642193,7.38221894983095,15.5006621957971,15.5000131747254,16.3257217580396,11.8152336592932
347.6,7.75,7.75,7.750330797605,7.75000648711083,6.60688566226576,7.3822194272315,15.50066159521,15.5000129742217,16.325758548457,11.8152278695217
347.7,7.75,7.75,7.7503304976072,7.7500063870409,6.60688274042676,7.38221990506797,15.5006609952144,15.5000127740818,16.3257953098848,11.8152220751378
347.8,7.75,7.75,7.75033019790056,7.75000628715,6.60687982086936,7.38222038333299,15.5006603958011,15.5000125743,16.3258320427677,11.81521627622
347.9,7.75,7.75,7.75032989848481,7.75000618743791,6.60687690359177,7.38222086202556,15.5006597969696,15.5000123748758,16.3258687471281,11.8152104727793
348,7.75,7.75,7.75032959935967,7.75000608790439,6.60687398859218,7.3822213411447,15.5006591987193,15.5000121758088,16.3259054229884,11.8152046648267
348.1,7.75,7.75,7.75032930061717,7.75000598860588,6.6068710765928,7.38222182082435,15.5006586012343,15.5000119772118,16.3259420613128,11.8151988509462
348.2,7.75,7.75,7.75032900216871,7.75000588948788,6.60686816689966,7.38222230093387,15.5006580043374,15.5000117789758,16.3259786707833,11.8151930325203
348.3,7.75,7.75,7.75032870400974,7.75000579054754,6.60686525947737,7.382222781466,15.5006574080195,15.5000115810951,16.3260152518427,11.8151872096262
348.4,7.75,7.75,7.75032840613997,7.75000569178462,6.60686235432414,7.38222326241975,15.5006568122799,15.5000113835692,16.3260518045131,11.815181382275
348.5,7.75,7.75,7.75032810855913,7.7500055931989,6.60685945143818,7.38222374379412,15.5006562171183,15.5000111863978,16.3260883288167,11.8151755504774
348.6,7.75,7.75,7.7503278113587,7.75000549484638,6.6068565515383,7.38222422572121,15.5006556227174,15.5000109896928,16.3261248157602,11.8151697128383
348.7,7.75,7.75,7.75032751445062,7.75000539667298,6.60685365393379,7.38222470807218,15.5006550289012,15.500010793346,16.3261612739848,11.81516387072
348.8,7.75,7.75,7.75032721783035,7.75000529867587,6.60685075858942,7.38222519083985,15.5006544356607,15.5000105973517,16.3261977039312,11.8151580241989
348.9,7.75,7.75,7.7503269214976,7.75000520085481,6.60684786550343,7.38222567402325,15.5006538429952,15.5000104017096,16.3262341056215,11.8151521732857
349,7.75,7.75,7.75032662545211,7.75000510320959,6.60684497467404,7.3822261576214,15.5006532509042,15.5000102064192,16.3262704790778,11.8151463179913
349.1,7.75,7.75,7.75032632978483,7.75000500579576,6.60684208681665,7.38222664176452,15.5006526595697,15.5000100115915,16.3263068153486,11.815140456941
349.2,7.75,7.75,7.75032603440821,7.75000490855968,6.60683920124383,7.38222712632558,15.5006520688164,15.5000098171194,16.3263431230349,11.8151345914773
349.3,7.75,7.75,7.75032573931773,7.75000481149852,6.60683631792052,7.38222761129748,15.5006514786355,15.500009622997,16.3263794025753,11.8151287216754
349.4,7.75,7.75,7.75032544451312,7.75000471461205,6.60683343684495,7.38222809667928,15.5006508890262,15.5000094292241,16.3264156539917,11.8151228475461
349.5,7.75,7.75,7.75032514999409,7.75000461790007,6.60683055801535,7.38222858246999,15.5006502999882,15.5000092358001,16.326451877306,11.8151169691001
349.6,7.75,7.75,7.75032485585109,7.75000452141769,6.60682768214378,7.38222906879799,15.5006497117022,15.5000090428354,16.3264880636088,11.8151110849831
349.7,7.75,7.75,7.75032456199706,7.75000442511169,6.60682480854602,7.38222955553804,15.5006491239941,15.5000088502234,16.3265242214608,11.8151051965179
349.8,7.75,7.75,7.75032426842753,7.75000432897927,6.60682193718719,7.38223004268313,15.5006485368551,15.5000086579585,16.3265603512983,11.8150993037788
349.9,7.75,7.75,7.7503239751422,7.75000423302019,6.60681906806552,7.38223053023231,15.5006479502844,15.5000084660404,16.3265964531432,11.8150934067763
350,7.75,7.75,7.75032368214081,7.75000413723424,6.60681620117926,7.38223101818463,15.5006473642816,15.5000082744685,16.3266325270175,11.8150875055211
350.1,7.75,7.75,7.75032338951327,7.75000404167614,6.6068133372371,7.38223150666662,15.5006467790265,15.5000080833523,16.3266685640532,11.8150815986792
350.2,7.75,7.75,7.75032309717304,7.75000394629304,6.60681047555807,7.3822319955548,15.5006461943461,15.5000078925861,16.3267045727708,11.8150756875537
350.3,7.75,7.75,7.75032280511565,7.75000385108218,6.60680761610744,7.38223248484228,15.5006456102313,15.5000077021644,16.326740553605,11.815069772218
350.4,7.75,7.75,7.75032251334082,7.75000375604334,6.60680475888345,7.3822329745281,15.5006450266816,15.5000075120867,16.3267765065773,11.8150638526824
350.5,7.75,7.75,7.75032222184829,7.75000366117628,6.60680190388437,7.38223346461132,15.5006444436966,15.5000073223526,16.3268124317096,11.8150579289577
350.6,7.75,7.75,7.75032193072746,7.75000356653531,6.60679905181554,7.38223395521666,15.5006438614549,15.5000071330706,16.3268483201753,11.8150519997297
350.7,7.75,7.75,7.75032163989227,7.75000347206799,6.60679620199921,7.38223444622238,15.5006432797845,15.500006944136,16.3268841804553,11.8150460662823
350.8,7.75,7.75,7.75032134933828,7.75000337777159,6.60679335440079,7.3822349376217,15.5006426986766,15.5000067555432,16.3269200129819,11.8150401286878
350.9,7.75,7.75,7.75032105906523,7.75000328364587,6.60679050901857,7.38223542941367,15.5006421181305,15.5000065672917,16.3269558177767,11.8150341869565
351,7.75,7.75,7.75032076907285,7.75000318969061,6.60678766585078,7.38223592159733,15.5006415381457,15.5000063793812,16.3269915948615,11.8150282410989
351.1,7.75,7.75,7.75032047945001,7.75000309595969,6.6067848255995,7.38223641429563,15.5006409589,15.5000061919194,16.3270273354508,11.8150222898209
351.2,7.75,7.75,7.75032019011117,7.75000300240109,6.60678198759012,7.38223690738856,15.5006403802223,15.5000060048022,16.3270630479858,11.8150163343873
351.3,7.75,7.75,7.75031990105191,7.75000290901207,6.60677915178825,7.38223740086942,15.5006398021038,15.5000058180241,16.327098732897,11.815010374869
351.4,7.75,7.75,7.75031961227196,7.75000281579242,6.60677631819216,7.38223789473727,15.5006392245439,15.5000056315848,16.3271343902059,11.8150044112765
351.5,7.75,7.75,7.75031932377106,7.75000272274192,6.60677348680011,7.38223838899117,15.5006386475421,15.5000054454838,16.3271700199339,11.8149984436201
351.6,7.75,7.75,7.75031903563757,7.75000262991403,6.60677065831086,7.38223888375229,15.5006380712751,15.5000052598281,16.3272056133367,11.8149924706255
351.7,7.75,7.75,7.75031874778644,7.75000253725712,6.606767832053,7.38223937890233,15.5006374955729,15.5000050745142,16.327241178816,11.8149864935383
351.8,7.75,7.75,7.75031846021327,7.75000244476848,6.60676500799228,7.38223987443468,15.5006369204265,15.500004889537,16.3272767168004,11.8149805124285
351.9,7.75,7.75,7.75031817291781,7.75000235244791,6.60676218612698,7.38224037034842,15.5006363458356,15.5000047048958,16.3273122273111,11.8149745273065
352,7.75,7.75,7.75031788589978,7.75000226029517,6.60675936645538,7.38224086664261,15.5006357717996,15.5000045205903,16.3273477103695,11.8149685381827
352.1,7.75,7.75,7.75031759924705,7.75000216836332,6.60675654967297,7.38224136343664,15.5006351984941,15.5000043367266,16.327383157272,11.814962543802
352.2,7.75,7.75,7.75031731287504,7.75000207660114,6.60675373511148,7.38224186061395,15.5006346257501,15.5000041532023,16.3274185763813,11.8149565453912
352.3,7.75,7.75,7.7503170267794,7.75000198500593,6.60675092273681,7.38224235816799,15.5006340535588,15.5000039700119,16.3274539681237,11.8149505430196
352.4,7.75,7.75,7.75031674095985,7.75000189357748,6.60674811254727,7.38224285609786,15.5006334819197,15.500003787155,16.3274893325204,11.8149445366971
352.5,7.75,7.75,7.75031645541615,7.75000180231557,6.60674530454115,7.38224335440263,15.5006329108323,15.5000036046311,16.3275246695929,11.8149385264342
352.6,7.75,7.75,7.75031617023562,7.75000171127284,6.60674249941065,7.38224385319993,15.5006323404712,15.5000034225457,16.3275599706778,11.8149325109953
352.7,7.75,7.75,7.75031588533421,7.75000162039846,6.60673969649066,7.38224435237489,15.5006317706684,15.5000032407969,16.327595244099,11.8149264915883
352.8,7.75,7.75,7.75031560070757,7.75000152968977,6.60673689574725,7.38224485192107,15.5006312014151,15.5000030593795,16.3276304902808,11.8149204682815
352.9,7.75,7.75,7.75031531635544,7.75000143914655,6.60673409717872,7.38224535183756,15.5006306327109,15.5000028782931,16.3276657092443,11.814914441085
353,7.75,7.75,7.75031503227755,7.75000134876858,6.60673130078337,7.38224585212344,15.5006300645551,15.5000026975372,16.3277009010106,11.8149084100088
353.1,7.75,7.75,7.75031474856076,7.7500012586081,6.60672850725017,7.38224635289461,15.5006294971215,15.5000025172162,16.3277360569571,11.8149023738367
353.2,7.75,7.75,7.75031446512146,7.75000116861467,6.60672571591711,7.38224685403786,15.5006289302429,15.5000023372293,16.3277711853687,11.8148963337582
353.3,7.75,7.75,7.75031418195536,7.75000107878564,6.60672292675044,7.38224735554687,15.5006283639107,15.5000021575713,16.3278062866675,11.8148902898403
353.4,7.75,7.75,7.75031389906218,7.7500009891208,6.60672013974846,7.38224785742071,15.5006277981244,15.5000019782416,16.3278413608748,11.8148842420932
353.5,7.75,7.75,7.75031361644167,7.75000089961993,6.60671735490947,7.38224835965848,15.5006272328833,15.5000017992399,16.3278764080116,11.8148781905268
353.6,7.75,7.75,7.75031333418017,7.75000081033487,6.60671457291923,7.38224886237434,15.5006266683603,15.5000016206697,16.3279114194952,11.814872133944
353.7,7.75,7.75,7.75031305219457,7.75000072121557,6.60671179311883,7.38224936545678,15.5006261043891,15.5000014424311,16.3279464035719,11.8148660735158
353.8,7.75,7.75,7.75031277048059,7.75000063225939,6.60670901547467,7.38224986889953,15.5006255409612,15.5000012645188,16.3279813606621,11.8148600093083
353.9,7.75,7.75,7.75031248903797,7.75000054346614,6.60670623998506,7.38225037270169,15.5006249780759,15.5000010869323,16.3280162907868,11.8148539413314
354,7.75,7.75,7.75031220786644,7.75000045483559,6.60670346664832,7.38225087686236,15.5006244157329,15.5000009096712,16.3280511939668,11.8148478695953
354.1,7.75,7.75,7.75031192705186,7.75000036641918,6.60670069614699,7.38225138149401,15.5006238541037,15.5000007328384,16.3280860616595,11.8148417929215
354.2,7.75,7.75,7.75031164651159,7.75000027816724,6.60669792782524,7.38225188648675,15.5006232930232,15.5000005563345,16.3281209020727,11.8148357124628
354.3,7.75,7.75,7.75031136624137,7.75000019007717,6.60669516164965,7.38225239183441,15.5006227324827,15.5000003801543,16.3281557156249,11.8148296282844
354.4,7.75,7.75,7.75031108624095,7.75000010214876,6.60669239761853,7.38225289753611,15.5006221724819,15.5000002042975,16.3281905023369,11.8148235403961
354.5,7.75,7.75,7.75031080651006,7.75000001438179,6.60668963573019,7.38225340359094,15.5006216130201,15.5000000287636,16.3282252622296,11.8148174488078
354.6,7.75,7.75,7.75031052713407,7.7499999268273,6.60668687666401,7.38225391010968,15.5006210542681,15.4999998536546,16.3282599867998,11.8148113523601
354.7,7.75,7.75,7.75031024803081,7.74999983943601,6.60668411976721,7.38225441698408,15.5006204960616,15.499999678872,16.3282946842174,11.8148052521875
354.8,7.75,7.75,7.75030996919606,7.74999975220534,6.60668136500653,7.38225492420806,15.5006199383921,15.4999995044107,16.3283293548987,11.8147991483543
354.9,7.75,7.75,7.75030969062954,7.74999966513507,6.60667861238028,7.38225543178074,15.5006193812591,15.4999993302701,16.3283639988646,11.8147930408701
355,7.75,7.75,7.75030941233101,7.749999578225,6.60667586188681,7.38225593970123,15.500618824662,15.49999915645,16.3283986161358,11.8147869297449
355.1,7.75,7.75,7.75030913438534,7.74999949152576,6.60667311420229,7.3822564480786,15.5006182687707,15.4999989830515,16.3284331982485,11.8147808138377
355.2,7.75,7.75,7.75030885671083,7.74999940498845,6.60667036867702,7.38225695680626,15.5006177134217,15.4999988099769,16.3284677533348,11.8147746942651
355.3,7.75,7.75,7.75030857930327,7.74999931861052,6.60666762527787,7.3822574658782,15.5006171586065,15.499998637221,16.328502281809,11.8147685710904
355.4,7.75,7.75,7.75030830216242,7.74999923239175,6.60666488400318,7.38225797529355,15.5006166043248,15.4999984647835,16.3285367836917,11.8147624443233
355.5,7.75,7.75,7.75030802528801,7.74999914633194,6.6066621448513,7.38225848505142,15.500616050576,15.4999982926639,16.3285712590037,11.8147563139736
355.6,7.75,7.75,7.75030774876443,7.74999906048132,6.60665940849524,7.38225899525923,15.5006154975289,15.4999981209626,16.3286056993206,11.8147501789187
355.7,7.75,7.75,7.75030747251046,7.74999897479139,6.60665667428834,7.38225950581197,15.5006149450209,15.4999979495828,16.3286401127363,11.8147440402575
355.8,7.75,7.75,7.75030719652191,7.74999888925959,6.60665394219764,7.38226001670375,15.5006143930438,15.4999977785192,16.3286744996635,11.8147378980522
355.9,7.75,7.75,7.75030692079853,7.74999880388572,6.60665121222146,7.38226052793368,15.5006138415971,15.4999976077714,16.3287088601228,11.8147317523125
356,7.75,7.75,7.75030664534006,7.74999871866958,6.60664848435818,7.3822610395009,15.5006132906801,15.4999974373392,16.3287431941345,11.8147256030481
356.1,7.75,7.75,7.7503063702304,7.749998633661,6.60664575927767,7.38226155151116,15.5006127404608,15.499997267322,16.3287774933135,11.8147194491548
356.2,7.75,7.75,7.75030609538881,7.74999854881187,6.60664303633628,7.38226206386106,15.5006121907776,15.4999970976237,16.3288117657161,11.8147132917136
356.3,7.75,7.75,7.75030582081111,7.74999846411965,6.6066403155012,7.38226257654478,15.5006116416222,15.4999969282393,16.3288460117531,11.814707130786
356.4,7.75,7.75,7.75030554649706,7.74999837958413,6.60663759677078,7.38226308956145,15.5006110929941,15.4999967591683,16.3288802314449,11.8147009663814
356.5,7.75,7.75,7.7503052724464,7.74999829520512,6.60663488014339,7.38226360291021,15.5006105448928,15.4999965904102,16.3289144248119,11.8146947985096
356.6,7.75,7.75,7.75030499874255,7.74999821103207,6.60663216628578,7.38226411669517,15.5006099974851,15.4999964220641,16.3289485835076,11.8146886260844
356.7,7.75,7.75,7.75030472530522,7.74999812701722,6.60662945455731,7.38226463081452,15.5006094506104,15.4999962540344,16.3289827155511,11.8146824501694
356.8,7.75,7.75,7.75030445213028,7.74999804315806,6.60662674492532,7.38226514526252,15.5006089042606,15.4999960863161,16.3290168213512,11.8146762708251
356.9,7.75,7.75,7.75030417921746,7.74999795945439,6.60662403738817,7.3822656600383,15.5006083584349,15.4999959189088,16.3290509009282,11.8146700880609
357,7.75,7.75,7.75030390656654,7.74999787590601,6.60662133194424,7.38226617514103,15.5006078131331,15.499995751812,16.3290849543024,11.8146639018863
357.1,7.75,7.75,7.75030363426042,7.749997792562,6.60661862925716,7.38226669067317,15.5006072685208,15.499995585124,16.3291189731661,11.8146577112333
357.2,7.75,7.75,7.75030336221931,7.74999770937496,6.6066159286893,7.38226720653449,15.5006067244386,15.4999954187499,16.329152965501,11.8146515171481
357.3,7.75,7.75,7.75030309043907,7.74999762634241,6.60661323020814,7.38226772271934,15.5006061808781,15.4999952526848,16.3291869317142,11.8146453196901
357.4,7.75,7.75,7.75030281891946,7.74999754346414,6.60661053381205,7.38226823922686,15.5006056378389,15.4999950869283,16.3292208718257,11.8146391188689
357.5,7.75,7.75,7.75030254766023,7.74999746073996,6.60660783949942,7.3822687560562,15.5006050953205,15.4999949214799,16.3292547858558,11.8146329146937
357.6,7.75,7.75,7.75030227674384,7.74999737821855,6.60660514793079,7.38226927330824,15.5006045534877,15.4999947564371,16.3292886655352,11.8146267061144
357.7,7.75,7.75,7.75030200609093,7.74999729585291,6.6066024584715,7.38226979088429,15.5006040121819,15.4999945917058,16.3293225188087,11.81462049416
357.8,7.75,7.75,7.7503017356974,7.74999721364054,6.60659977108918,7.38227030877878,15.5006034713948,15.4999944272811,16.3293563460814,11.814614278889
357.9,7.75,7.75,7.750301465563,7.74999713158127,6.60659708578222,7.38227082699087,15.500602931126,15.4999942631625,16.3293901473733,11.8146080603107
358,7.75,7.75,7.7503011956875,7.74999704967488,6.606594402549,7.38227134551971,15.500602391375,15.4999940993498,16.3294239227046,11.8146018384346
358.1,7.75,7.75,7.75030092615287,7.74999696796969,6.60659172204701,7.38227186446457,15.5006018523057,15.4999939359394,16.3294576638441,11.814595612228
358.2,7.75,7.75,7.7503006568802,7.74999688641906,6.60658904364452,7.38227238372834,15.5006013137604,15.4999937728381,16.3294913787,11.8145893827028
358.3,7.75,7.75,7.75030038786543,7.74999680502052,6.60658636730932,7.38227290330549,15.5006007757309,15.499993610041,16.3295250676754,11.8145831499168
358.4,7.75,7.75,7.75030011910832,7.74999672377387,6.60658369303983,7.38227342319521,15.5006002382166,15.4999934475477,16.3295587307903,11.8145769138791
358.5,7.75,7.75,7.7502998506086,7.74999664267893,6.60658102083442,7.38227394339667,15.5005997012172,15.4999932853579,16.3295923680645,11.8145706745991
358.6,7.75,7.75,7.75029958244781,7.74999656178363,6.60657835134751,7.38227446400752,15.5005991648956,15.4999931235673,16.3296259713052,11.8145644310617
358.7,7.75,7.75,7.75029931454749,7.74999648104168,6.60657568395033,7.38227498493219,15.500598629095,15.4999929620834,16.329659548384,11.8145581842618
358.8,7.75,7.75,7.75029904690359,7.74999640045064,6.60657301861083,7.38227550616526,15.5005980938072,15.4999928009013,16.3296930997019,11.8145519342562
358.9,7.75,7.75,7.75029877951586,7.74999632001032,6.60657035532741,7.38227602770591,15.5005975590317,15.4999926400206,16.3297266252788,11.8145456810542
359,7.75,7.75,7.75029851238406,7.74999623972052,6.60656769409846,7.3822765495533,15.5005970247681,15.499992479441,16.3297601251346,11.8145394246649
359.1,7.75,7.75,7.75029824558925,7.74999615962881,6.60656503557537,7.38227707180353,15.5005964911785,15.4999923192576,16.3297935911143,11.8145331640906
359.2,7.75,7.75,7.75029797905341,7.74999607968926,6.60656237913228,7.38227759436254,15.5005959581068,15.4999921593785,16.3298270310529,11.8145269003095
359.3,7.75,7.75,7.75029771277252,7.74999599989945,6.60655972473729,7.382278117225,15.500595425545,15.4999919997989,16.3298604453497,11.8145206333775
359.4,7.75,7.75,7.75029744674634,7.74999592025919,6.60655707238882,7.38227864039008,15.5005948934927,15.4999918405184,16.3298938340246,11.8145143633037
359.5,7.75,7.75,7.75029718097464,7.74999584076827,6.60655442208527,7.38227916385695,15.5005943619493,15.4999916815365,16.3299271970972,11.8145080900971
359.6,7.75,7.75,7.75029691553798,7.74999576147391,6.60655177447499,7.38227968772018,15.500593831076,15.4999915229478,16.3299605264502,11.8145018127775
359.7,7.75,7.75,7.75029665035882,7.74999568233053,6.60654912893503,7.38228021188718,15.5005933007176,15.4999913646611,16.3299938298825,11.8144955323062
359.8,7.75,7.75,7.75029638543315,7.74999560333571,6.60654648543366,7.38228073635271,15.5005927708663,15.4999912066714,16.3300271077914,11.8144892487383
359.9,7.75,7.75,7.75029612076074,7.74999552448929,6.60654384396928,7.38228126111596,15.5005922415215,15.4999910489786,16.3300603601968,11.8144829620828
360,7.75,7.75,7.75029585634134,7.74999544579105,6.60654120454032,7.3822817861761,15.5005917126827,15.4999908915821,16.3300935871181,11.8144766723487
360.1,7.75,7.75,7.75029559225507,7.74999536728784,6.60653856779211,7.38228231162613,15.5005911845101,15.4999907345757,16.3301267804755,11.8144703785728
360.2,7.75,7.75,7.75029532842483,7.74999528893443,6.60653593310461,7.38228283737499,15.5005906568497,15.4999905778689,16.3301599480319,11.8144640816999
360.3,7.75,7.75,7.75029506484663,7.74999521072843,6.60653330044621,7.38228336341751,15.5005901296933,15.4999904214569,16.3301930901828,11.8144577817842
360.4,7.75,7.75,7.75029480152024,7.74999513266967,6.60653066981534,7.38228388975287,15.5005896030405,15.4999902653393,16.3302262069479,11.8144514788347
360.5,7.75,7.75,7.75029453844542,7.74999505475795,6.60652804121043,7.38228441638027,15.5005890768908,15.4999901095159,16.3302592983465,11.8144451728603
360.6,7.75,7.75,7.75029427570183,7.74999497703973,6.60652541527382,7.38228494339116,15.5005885514037,15.4999899540795,16.3302923563362,11.8144388629147
360.7,7.75,7.75,7.75029401321279,7.74999489947014,6.60652279138835,7.38228547069598,15.5005880264256,15.4999897989403,16.3303253886439,11.8144325499263
360.8,7.75,7.75,7.75029375097437,7.74999482204683,6.60652016952255,7.38228599828961,15.5005875019487,15.4999896440937,16.3303583956634,11.8144262339486
360.9,7.75,7.75,7.7502934889863,7.7499947447696,6.60651754967487,7.38228652617126,15.5005869779726,15.4999894895392,16.330391377414,11.8144199149903
361,7.75,7.75,7.75029322724837,7.74999466763827,6.60651493184375,7.38228705434012,15.5005864544967,15.4999893352765,16.3304243339154,11.8144135930603
361.1,7.75,7.75,7.75029296583979,7.74999459069894,6.60651231666852,7.38228758288614,15.5005859316796,15.4999891813979,16.3304572571619,11.8144072672292
361.2,7.75,7.75,7.7502927046843,7.74999451390708,6.60650970353492,7.38228811172121,15.5005854093686,15.4999890278142,16.3304901548448,11.8144009384091
361.3,7.75,7.75,7.75029244377799,7.74999443726036,6.60650709241162,7.3822886408403,15.500584887556,15.4999888745207,16.3305230273561,11.8143946066525
361.4,7.75,7.75,7.75029218312062,7.74999436075858,6.60650448329707,7.38228917024262,15.5005843662412,15.4999887215172,16.3305558747152,11.8143882719683
361.5,7.75,7.75,7.75029192271195,7.74999428440157,6.60650187618972,7.38228969992738,15.5005838454239,15.4999885688031,16.3305886969414,11.8143819343651
361.6,7.75,7.75,7.75029166263074,7.74999420823506,6.60649927172594,7.382290229983,15.5005833252615,15.4999884164701,16.3306214860659,11.8143755929302
361.7,7.75,7.75,7.75029140280119,7.74999413221487,6.60649666929431,7.38229076032284,15.5005828056024,15.4999882644297,16.3306542497448,11.8143692485597
361.8,7.75,7.75,7.7502911432194,7.7499940563387,6.60649406886366,7.38229129094195,15.5005822864388,15.4999881126774,16.330686988368,11.8143629013052
361.9,7.75,7.75,7.75029088388512,7.74999398060634,6.60649147043245,7.38229182183955,15.5005817677702,15.4999879612127,16.3307197019549,11.8143565511755
362,7.75,7.75,7.75029062479812,7.74999390501761,6.60648887399912,7.38229235301484,15.5005812495962,15.4999878100352,16.3307523905248,11.8143501981791
362.1,7.75,7.75,7.75029036603672,7.7499938296179,6.60648628019711,7.38229288455476,15.5005807320734,15.4999876592358,16.3307850461455,11.8143438414199
362.2,7.75,7.75,7.75029010752554,7.74999375436338,6.60648368841782,7.38229341637411,15.5005802150511,15.4999875087268,16.3308176764378,11.8143374817779
362.3,7.75,7.75,7.7502898492607,7.74999367925174,6.60648109863023,7.38229394846802,15.5005796985214,15.4999873585035,16.3308502817898,11.814331119304
362.4,7.75,7.75,7.75028959124197,7.7499936042828,6.60647851083282,7.3822944808357,15.5005791824839,15.4999872085656,16.3308828622208,11.8143247540067
362.5,7.75,7.75,7.75028933346911,7.74999352945637,6.60647592502402,7.38229501347638,15.5005786669382,15.4999870589127,16.33091541775,11.8143183858948
362.6,7.75,7.75,7.75028907601998,7.74999345481749,6.60647334183435,7.38229554647551,15.50057815204,15.499986909635,16.3309479404818,11.8143120140882
362.7,7.75,7.75,7.75028881881966,7.74999338032267,6.60647076065803,7.38229607974931,15.5005776376393,15.4999867606453,16.3309804380017,11.8143056394514
362.8,7.75,7.75,7.75028856186426,7.74999330596962,6.60646818146419,7.382296613293,15.5005771237285,15.4999866119392,16.3310129106962,11.8142992620341
362.9,7.75,7.75,7.75028830515358,7.74999323175815,6.60646560425128,7.3822971471058,15.5005766103072,15.4999864635163,16.3310453585844,11.8142928818451
363,7.75,7.75,7.75028804868736,7.74999315768808,6.6064630290178,7.38229768118694,15.5005760973747,15.4999863153762,16.3310777816853,11.8142864988928
363.1,7.75,7.75,7.75028779254303,7.7499930838041,6.6064604563913,7.38229821562038,15.5005755850861,15.4999861676082,16.3311101721398,11.8142801123136
363.2,7.75,7.75,7.75028753664609,7.74999301006304,6.60645788576883,7.38229875032379,15.5005750732922,15.4999860201261,16.3311425374984,11.8142737229561
363.3,7.75,7.75,7.75028728099268,7.74999293646266,6.60645531711966,7.38229928529246,15.5005745619854,15.4999858729253,16.3311748781459,11.8142673308693
363.4,7.75,7.75,7.75028702558258,7.74999286300275,6.60645275044225,7.38229982052561,15.5005740511652,15.4999857260055,16.3312071941011,11.8142609360619
363.5,7.75,7.75,7.75028677041556,7.74999278968315,6.6064501857351,7.38230035602247,15.5005735408311,15.4999855793663,16.3312394853831,11.8142545385421
363.6,7.75,7.75,7.7502865155686,7.74999271654817,6.60644762362287,7.38230089186557,15.5005730311372,15.4999854330963,16.3312717441688,11.8142481374626
363.7,7.75,7.75,7.75028626096761,7.74999264355502,6.60644506350539,7.38230142797396,15.5005725219352,15.49998528711,16.3313039779741,11.8142417336563
363.8,7.75,7.75,7.75028600660878,7.74999257070143,6.60644250535208,7.38230196434301,15.5005720132176,15.4999851414029,16.3313361871817,11.8142353271715
363.9,7.75,7.75,7.75028575249187,7.74999249798722,6.60643994916141,7.38230250097195,15.5005715049837,15.4999849959744,16.3313683718108,11.8142289180166
364,7.75,7.75,7.75028549861665,7.74999242541222,6.60643739493187,7.38230303786003,15.5005709972333,15.4999848508244,16.33140053188,11.8142225062001
364.1,7.75,7.75,7.75028524505967,7.74999235302042,6.60643484328526,7.3823035750883,15.5005704901193,15.4999847060408,16.3314326596022,11.8142160908902
364.2,7.75,7.75,7.75028499174725,7.74999228076932,6.60643229362416,7.38230411257725,15.5005699834945,15.4999845615386,16.3314647624588,11.8142096729047
364.3,7.75,7.75,7.75028473867562,7.7499922086567,6.60642974591815,7.38230465032229,15.5005694773512,15.4999844173134,16.3314968408309,11.814203252291
364.4,7.75,7.75,7.75028448584453,7.74999213668238,6.60642720016571,7.38230518832268,15.5005689716891,15.4999842733648,16.3315288947373,11.8141968290574
364.5,7.75,7.75,7.75028423325376,7.74999206484617,6.60642465636533,7.38230572657766,15.5005684665075,15.4999841296923,16.3315609241966,11.8141904032123
364.6,7.75,7.75,7.75028398097942,7.74999199319173,6.60642211513592,7.38230626516687,15.5005679619588,15.4999839863835,16.3315929214577,11.8141839739399
364.7,7.75,7.75,7.75028372894825,7.7499919216769,6.60641957588287,7.38230680401214,15.5005674578965,15.4999838433538,16.3316248939673,11.8141775420425
364.8,7.75,7.75,7.7502834771565,7.74999185029946,6.60641703857585,7.382307343109,15.500566954313,15.4999837005989,16.3316568421048,11.8141711075667
364.9,7.75,7.75,7.75028322560392,7.74999177905924,6.60641450321337,7.38230788245669,15.5005664512078,15.4999835581185,16.3316887658889,11.8141646705208
365,7.75,7.75,7.75028297429029,7.74999170795606,6.60641196979394,7.38230842205447,15.5005659485806,15.4999834159121,16.3317206653383,11.8141582309131
365.1,7.75,7.75,7.75028272329129,7.74999163703323,6.6064094389336,7.38230896198054,15.5005654465826,15.4999832740665,16.3317525327372,11.8141517879435
365.2,7.75,7.75,7.75028247253409,7.74999156624891,6.60640691004048,7.38230950215814,15.5005649450682,15.4999831324978,16.3317843754983,11.8141453423992
365.3,7.75,7.75,7.75028222201493,7.74999149560092,6.60640438308441,7.38231004258284,15.5005644440299,15.4999829912018,16.3318161939991,11.8141388943259
365.4,7.75,7.75,7.75028197173359,7.74999142508907,6.60640185806389,7.3823105832539,15.5005639434672,15.4999828501781,16.3318479882584,11.8141324437319
365.5,7.75,7.75,7.75028172168984,7.74999135471319,6.60639933497745,7.38231112417057,15.5005634433797,15.4999827094264,16.3318797582946,11.8141259906254
365.6,7.75,7.75,7.75028147195894,7.74999128451624,6.60639681443828,7.38231166540966,15.5005629439179,15.4999825690325,16.3319114964274,11.8141195342218
365.7,7.75,7.75,7.75028122246846,7.74999121445673,6.60639429585724,7.38231220689577,15.5005624449369,15.4999824289135,16.3319432100353,11.8141130752932
365.8,7.75,7.75,7.75028097321467,7.74999114453248,6.60639177920431,7.38231274862453,15.5005619464293,15.499982289065,16.3319748994943,11.8141066138848
365.9,7.75,7.75,7.75028072419735,7.7499910747433,6.60638926447801,7.38231329059521,15.5005614483947,15.4999821494866,16.332006564823,11.8141001500045
366,7.75,7.75,7.75028047541627,7.74999100508904,6.60638675167684,7.38231383280708,15.5005609508325,15.4999820101781,16.3320382060396,11.8140936836606
366.1,7.75,7.75,7.75028022694626,7.7499909356123,6.6063842414112,7.38231437533555,15.5005604538925,15.4999818712246,16.3320698154991,11.8140872140839
366.2,7.75,7.75,7.7502799787153,7.74999086627194,6.60638173309465,7.38231491810655,15.5005599574306,15.4999817325439,16.3321014005463,11.8140807420317
366.3,7.75,7.75,7.75027973071969,7.74999079706577,6.60637922669731,7.3823154611158,15.5005594614394,15.4999815941315,16.3321329615552,11.8140742675481
366.4,7.75,7.75,7.75027948295921,7.74999072799362,6.60637672221771,7.38231600436258,15.5005589659184,15.4999814559872,16.3321644985444,11.8140677906412
366.5,7.75,7.75,7.75027923543363,7.74999065905532,6.60637421965436,7.38231654784616,15.5005584708673,15.4999813181106,16.3321960115321,11.8140613113191
366.6,7.75,7.75,7.75027898821735,7.74999059029317,6.60637171961484,7.38231709164055,15.5005579764347,15.4999811805863,16.3322274929082,11.814054828828
366.7,7.75,7.75,7.75027874123876,7.74999052166632,6.60636922151543,7.38231763567303,15.5005574824775,15.4999810433326,16.3322589499838,11.8140483439103
366.8,7.75,7.75,7.75027849449419,7.74999045317262,6.60636672532638,7.38231817993941,15.5005569889884,15.4999809063452,16.3322903831314,11.8140418566094
366.9,7.75,7.75,7.75027824798342,7.74999038481189,6.60636423104622,7.38231872443895,15.5005564959668,15.4999807696238,16.3323217923692,11.8140353669333
367,7.75,7.75,7.75027800170621,7.74999031658396,6.60636173867347,7.38231926917093,15.5005560034124,15.4999806331679,16.3323531777155,11.8140288748901
367.1,7.75,7.75,7.75027775573654,7.7499902485308,6.60635924881293,7.382319814208,15.5005555114731,15.4999804970616,16.332384531595,11.814022379741
367.2,7.75,7.75,7.75027751000323,7.74999018061188,6.60635676088354,7.38232035947876,15.5005550200065,15.4999803612238,16.3324158612853,11.8140158822139
367.3,7.75,7.75,7.7502772645026,7.74999011282507,6.60635427485572,7.38232090497908,15.5005545290052,15.4999802256501,16.3324471671571,11.8140093823513
367.4,7.75,7.75,7.75027701923444,7.74999004517019,6.60635179072799,7.38232145070824,15.5005540384689,15.4999800903404,16.3324784492286,11.8140028801613
367.5,7.75,7.75,7.75027677419852,7.74998997764707,6.60634930849888,7.38232199666553,15.500553548397,15.4999799552941,16.3325097075181,11.8139963756516
367.6,7.75,7.75,7.75027652946841,7.74998991029735,6.6063468287704,7.38232254292222,15.5005530589368,15.4999798205947,16.3325409344847,11.8139898680989
367.7,7.75,7.75,7.7502762849733,7.74998984308082,6.60634435096419,7.38232308940824,15.5005525699466,15.4999796861616,16.3325721373729,11.8139833582161
367.8,7.75,7.75,7.75027604070956,7.74998977599536,6.60634187505077,7.38232363611953,15.5005520814191,15.4999795519907,16.3326033165515,11.8139768460453
367.9,7.75,7.75,7.75027579667697,7.7499897090408,6.6063394010287,7.38232418305538,15.5005515933539,15.4999794180816,16.3326344720388,11.8139703315942
368,7.75,7.75,7.75027555287531,7.74998964221697,6.60633692889652,7.38232473021507,15.5005511057506,15.4999792844339,16.3326656038529,11.8139638148708
368.1,7.75,7.75,7.75027530937771,7.74998957556518,6.60633445925344,7.38232527766853,15.5005506187554,15.4999791511304,16.3326967044874,11.8139572951664
368.2,7.75,7.75,7.75027506611379,7.74998950904554,6.60633199152378,7.382325825347,15.5005501322276,15.4999790180911,16.3327277811536,11.8139507731796
368.3,7.75,7.75,7.75027482307993,7.74998944265594,6.6063295256782,7.38232637324648,15.5005496461599,15.4999788853119,16.3327588342188,11.8139442489518
368.4,7.75,7.75,7.75027458027591,7.74998937639621,6.60632706171526,7.38232692136627,15.5005491605518,15.4999787527924,16.3327898637009,11.8139377224906
368.5,7.75,7.75,7.75027433770151,7.7499893102662,6.60632459963352,7.38232746970566,15.500548675403,15.4999786205324,16.332820869618,11.8139311938038
368.6,7.75,7.75,7.75027409542945,7.74998924430687,6.60632214002942,7.38232801833323,15.5005481908589,15.4999784886137,16.3328518444982,11.8139246621976
368.7,7.75,7.75,7.75027385338975,7.74998917847865,6.60631968232994,7.38232856718152,15.5005477067795,15.4999783569573,16.3328827955196,11.8139181283564
368.8,7.75,7.75,7.75027361157881,7.74998911277946,6.60631722650587,7.38232911624661,15.5005472231576,15.4999782255589,16.3329137230478,11.8139115923206
368.9,7.75,7.75,7.75027336999639,7.74998904720912,6.60631477255579,7.38232966552778,15.5005467399928,15.4999780944182,16.3329446271009,11.8139050540979
369,7.75,7.75,7.7502731286423,7.74998898176747,6.60631232047824,7.38233021502435,15.5005462572846,15.4999779635349,16.3329755076965,11.8138985136961
369.1,7.75,7.75,7.75027288758885,7.74998891649518,6.60630987086694,7.38233076480357,15.5005457751777,15.4999778329904,16.3330063573971,11.8138919704358
369.2,7.75,7.75,7.75027264676643,7.74998885135297,6.60630742315151,7.38233131479926,15.5005452935329,15.4999777027059,16.333037183348,11.8138854249875
369.3,7.75,7.75,7.75027240617148,7.74998878633877,6.60630497730286,7.38233186500756,15.500544812343,15.4999775726775,16.333067985913,11.8138788773906
369.4,7.75,7.75,7.75027216580376,7.74998872145241,6.60630253331958,7.38233241542776,15.5005443316075,15.4999774429048,16.33309876511,11.813872327653
369.5,7.75,7.75,7.75027192566308,7.74998865669374,6.60630009120023,7.38233296605919,15.5005438513262,15.4999773133875,16.3331295209568,11.8138657757822
369.6,7.75,7.75,7.75027168582133,7.74998859210309,6.6062976515358,7.38233351696778,15.5005433716427,15.4999771842062,16.3331602460496,11.8138592211135
369.7,7.75,7.75,7.75027144620931,7.7499885276415,6.60629521375852,7.38233406808863,15.5005428924186,15.499977055283,16.3331909475011,11.8138526643031
369.8,7.75,7.75,7.75027120682346,7.74998846330691,6.60629277783945,7.38233461941793,15.5005424136469,15.4999769266138,16.3332216256736,11.81384610539
369.9,7.75,7.75,7.75027096766358,7.74998839909917,6.60629034377717,7.38233517095501,15.5005419353272,15.4999767981983,16.3332522805847,11.8138395443818
370,7.75,7.75,7.75027072872943,7.74998833501811,6.60628791157026,7.38233572269917,15.5005414574589,15.4999766700362,16.3332829122522,11.813832981286
370.1,7.75,7.75,7.75027049009253,7.74998827110375,6.60628548180699,7.38233627471505,15.5005409801851,15.4999765422075,16.3333135133061,11.8138264154523
370.2,7.75,7.75,7.75027025168407,7.74998820731744,6.6062830539222,7.382336826939,15.5005405033681,15.4999764146349,16.3333440908266,11.8138198475231
370.3,7.75,7.75,7.7502700135005,7.74998814365714,6.60628062788709,7.3823373793673,15.500540027001,15.4999762873143,16.3333746451742,11.8138132775364
370.4,7.75,7.75,7.75026977554161,7.74998808012269,6.60627820370025,7.38233793199926,15.5005395510832,15.4999761602454,16.3334051763666,11.8138067054999
370.5,7.75,7.75,7.75026953780719,7.74998801671392,6.60627578136025,7.38233848483421,15.5005390756144,15.4999760334278,16.3334356844215,11.813800131421
370.6,7.75,7.75,7.75026930036833,7.74998795347055,6.60627336145268,7.38233903793548,15.5005386007367,15.4999759069411,16.3334661620024,11.8137935546637
370.7,7.75,7.75,7.75026906315661,7.74998789035422,6.60627094341496,7.38233959124069,15.5005381263132,15.4999757807084,16.3334966161572,11.8137869758564
370.8,7.75,7.75,7.75026882616852,7.7499878273629,6.60626852721844,7.38234014474616,15.500537652337,15.4999756547258,16.3335270472448,11.8137803950368
370.9,7.75,7.75,7.75026858940384,7.74998776449645,6.6062661128617,7.38234069845123,15.5005371788077,15.4999755289929,16.3335574552829,11.8137738122121
371,7.75,7.75,7.75026835286237,7.74998770175469,6.60626370034333,7.38234125235522,15.5005367057247,15.4999754035094,16.3335878402889,11.8137672273899
371.1,7.75,7.75,7.75026811661478,7.74998763917703,6.60626129024623,7.38234180652018,15.5005362332296,15.4999752783541,16.3336181949598,11.8137606399482
371.2,7.75,7.75,7.75026788059306,7.74998757672541,6.6062588820104,7.38234236088497,15.5005357611861,15.4999751534508,16.3336485263114,11.8137540505019
371.3,7.75,7.75,7.7502676447937,7.74998751439783,6.60625647560732,7.38234291544598,15.5005352895874,15.4999750287957,16.333678834701,11.8137474590877
371.4,7.75,7.75,7.75026740921648,7.74998745219412,6.60625407103559,7.38234347020255,15.500534818433,15.4999749043882,16.333709120146,11.8137408657129
371.5,7.75,7.75,7.75026717386121,7.74998739011413,6.6062516682938,7.38234402515401,15.5005343477224,15.4999747802283,16.3337393826639,11.8137342703851
371.6,7.75,7.75,7.75026693879817,7.74998732819695,6.60624926796217,7.38234458036114,15.5005338775963,15.4999746563939,16.333769614985,11.8137276724962
371.7,7.75,7.75,7.75026670395973,7.74998726640482,6.60624686948329,7.38234513576402,15.5005334079195,15.4999745328096,16.333799824093,11.8137210726476
371.8,7.75,7.75,7.75026646934238,7.74998720473575,6.60624447282875,7.38234569135913,15.5005329386848,15.4999744094715,16.3338300103435,11.8137144708753
371.9,7.75,7.75,7.75026623494593,7.74998714318958,6.60624207799716,7.38234624714578,15.5005324698919,15.4999742863792,16.333860173754,11.8137078671865
372,7.75,7.75,7.75026600077017,7.74998708176616,6.60623968498712,7.38234680312334,15.5005320015403,15.4999741635323,16.3338903143418,11.8137012615886
372.1,7.75,7.75,7.750265766885,7.74998702050426,6.60623729437621,7.3823473593513,15.50053153377,15.4999740410085,16.3339204248702,11.8136946534877
372.2,7.75,7.75,7.75026553322315,7.74998695936643,6.60623490560955,7.38234791577098,15.5005310664463,15.4999739187329,16.3339505122913,11.8136880434715
372.3,7.75,7.75,7.75026529978115,7.74998689835069,6.60623251865887,7.38234847237891,15.5005305995623,15.4999737967014,16.3339805769589,11.8136814315754
372.4,7.75,7.75,7.75026506655881,7.74998683745689,6.60623013352279,7.38234902917443,15.5005301331176,15.4999736749138,16.3340106188905,11.8136748178065
372.5,7.75,7.75,7.75026483355591,7.74998677668486,6.60622775019993,7.38234958615687,15.5005296671118,15.4999735533697,16.3340406381032,11.8136682021722
372.6,7.75,7.75,7.75026460084196,7.74998671607309,6.60622536926519,7.38235014338452,15.5005292016839,15.4999734321462,16.3340706273934,11.8136615840923
372.7,7.75,7.75,7.75026436835006,7.74998665558441,6.60622299016627,7.38235070079988,15.5005287367001,15.4999733111688,16.3341005936814,11.8136549641412
372.8,7.75,7.75,7.75026413607679,7.74998659521687,6.60622061287501,7.38235125839956,15.5005282721536,15.4999731904337,16.3341305373195,11.8136483423536
372.9,7.75,7.75,7.75026390402193,7.7499865349703,6.60621823739005,7.38235181618288,15.5005278080439,15.4999730699406,16.3341604583249,11.8136417187366
373,7.75,7.75,7.75026367218528,7.74998647484454,6.60621586371,7.38235237414922,15.5005273443706,15.4999729496891,16.3341903567148,11.8136350932974
373.1,7.75,7.75,7.75026344063595,7.74998641487778,6.60621349240715,7.38235293235558,15.5005268812719,15.4999728297556,16.3342202253183,11.8136284654695
373.2,7.75,7.75,7.75026320930742,7.74998635503314,6.60621112293171,7.38235349074569,15.5005264186148,15.4999727100663,16.3342500710241,11.8136218358142
373.3,7.75,7.75,7.75026297819629,7.74998629530868,6.60620875525566,7.38235404931621,15.5005259563926,15.4999725906174,16.3342798941831,11.8136152043653
373.4,7.75,7.75,7.75026274730233,7.74998623570424,6.60620638937765,7.38235460806648,15.5005254946047,15.4999724714085,16.3343096948123,11.81360857113
373.5,7.75,7.75,7.75026251662535,7.74998617621967,6.60620402529628,7.38235516699586,15.5005250332507,15.4999723524393,16.3343394729288,11.8136019361155
373.6,7.75,7.75,7.75026228623408,7.74998611689283,6.60620166358124,7.38235572616016,15.5005245724682,15.4999722337857,16.3343692213943,11.8135952987687
373.7,7.75,7.75,7.75026205606237,7.74998605768716,6.60619930368525,7.38235628550427,15.5005241121247,15.4999721153743,16.3343989470662,11.8135886596377
373.8,7.75,7.75,7.75026182610683,7.74998599860071,6.60619694558043,7.38235684502491,15.5005236522137,15.4999719972014,16.3344286502936,11.8135820187559
373.9,7.75,7.75,7.75026159636724,7.74998593963335,6.60619458926541,7.38235740472145,15.5005231927345,15.4999718792667,16.3344583310937,11.8135753761302
374,7.75,7.75,7.75026136684341,7.7499858807849,6.60619223473883,7.38235796459323,15.5005227336868,15.4999717615698,16.3344879894834,11.8135687317678
374.1,7.75,7.75,7.75026113760367,7.74998582209295,6.60618988256776,7.38235852469485,15.5005222752073,15.4999716441859,16.3345176183567,11.813562085129
374.2,7.75,7.75,7.75026090858227,7.74998576352121,6.60618753220742,7.38235908497238,15.5005218171645,15.4999715270424,16.33454722454,11.8135554367491
374.3,7.75,7.75,7.75026067977581,7.74998570506775,6.60618518363007,7.38235964542261,15.5005213595516,15.4999714101355,16.3345768083807,11.8135487866606
374.4,7.75,7.75,7.75026045118409,7.74998564673244,6.60618283683434,7.3823602060449,15.5005209023682,15.4999712934649,16.334606369896,11.8135421348704
374.5,7.75,7.75,7.75026022280692,7.7499855885151,6.60618049181887,7.38236076683862,15.5005204456138,15.4999711770302,16.3346359091026,11.8135354813856
374.6,7.75,7.75,7.75025999471224,7.74998553045303,6.60617814914816,7.38236132785713,15.5005199894245,15.4999710609061,16.3346654189269,11.81352882568
374.7,7.75,7.75,7.75025976683466,7.74998547251021,6.60617580827989,7.38236188904769,15.5005195336693,15.4999709450204,16.3346949061641,11.8135221682757
374.8,7.75,7.75,7.75025953917083,7.74998541468476,6.60617346918648,7.38236245040715,15.5005190783417,15.4999708293695,16.3347243711602,11.8135155092048
374.9,7.75,7.75,7.75025931172052,7.7499853569765,6.60617113186655,7.38236301193486,15.500518623441,15.499970713953,16.3347538139321,11.813508848474
375,7.75,7.75,7.75025908448356,7.7499852993853,6.60616879631875,7.38236357363021,15.5005181689671,15.4999705987706,16.3347832344967,11.8135021860904
375.1,7.75,7.75,7.75025885752749,7.74998524194814,6.60616646310499,7.38236413554538,15.500517715055,15.4999704838963,16.3348126258122,11.8134955215409
375.2,7.75,7.75,7.75025863078732,7.74998518462929,6.60616413168546,7.38236469762875,15.5005172615746,15.4999703692586,16.3348419946431,11.813488855335
375.3,7.75,7.75,7.75025840425968,7.74998512742687,6.60616180203267,7.38236525987725,15.5005168085194,15.4999702548537,16.3348713413338,11.8134821875039
375.4,7.75,7.75,7.75025817794437,7.74998507034073,6.60615947414527,7.38236582229024,15.5005163558887,15.4999701406815,16.3349006659011,11.8134755180544
375.5,7.75,7.75,7.7502579518412,7.74998501337072,6.60615714802192,7.3823663848671,15.5005159036824,15.4999700267414,16.3349299683618,11.8134688469936
375.6,7.75,7.75,7.75025772601736,7.74998495655353,6.60615482422195,7.38236694765884,15.5005154520347,15.4999699131071,16.3349592417061,11.8134621738213
375.7,7.75,7.75,7.75025750040819,7.74998489985371,6.60615250220803,7.38236751061498,15.5005150008164,15.4999697997074,16.3349884926677,11.8134554990344
375.8,7.75,7.75,7.75025727501036,7.74998484326942,6.60615018195278,7.38236807373251,15.5005145500207,15.4999696865388,16.3350177215895,11.8134488226635
375.9,7.75,7.75,7.75025704982367,7.74998478680048,6.60614786345487,7.38236863701081,15.5005140996473,15.499969573601,16.3350469284882,11.8134421447154
376,7.75,7.75,7.75025682484793,7.74998473044675,6.60614554671296,7.38236920044925,15.5005136496959,15.4999694608935,16.3350761133805,11.8134354651969
376.1,7.75,7.75,7.75025660014995,7.74998467424464,6.60614323228384,7.38236976409765,15.5005132002999,15.4999693484893,16.3351052692883,11.813428783621
376.2,7.75,7.75,7.75025637566543,7.74998461815897,6.60614091963262,7.3823703279067,15.5005127513309,15.4999692363179,16.3351344029149,11.813422100472
376.3,7.75,7.75,7.75025615139106,7.74998456218791,6.60613860873205,7.38237089187342,15.5005123027821,15.4999691243758,16.3351635146015,11.8134154157797
376.4,7.75,7.75,7.75025592732666,7.74998450633129,6.60613629958082,7.38237145599722,15.5005118546533,15.4999690126626,16.3351926043648,11.813408729551
376.5,7.75,7.75,7.75025570347201,7.74998445058898,6.60613399217757,7.38237202027747,15.500511406944,15.499968901178,16.3352216722214,11.8134020417925
376.6,7.75,7.75,7.75025547989357,7.74998439499708,6.60613168707658,7.38237258476281,15.5005109597871,15.4999687899942,16.3352507112247,11.8133953520301
376.7,7.75,7.75,7.75025525652738,7.74998433952071,6.60612938374537,7.38237314940507,15.5005105130548,15.4999686790414,16.3352797280478,11.8133886607358
376.8,7.75,7.75,7.75025503337018,7.74998428415803,6.60612708215685,7.38237371420134,15.5005100667404,15.4999685683161,16.3353087230303,11.8133819679387
376.9,7.75,7.75,7.75025481042176,7.7499842289089,6.60612478230968,7.382374279151,15.5005096208435,15.4999684578178,16.3353376961887,11.8133752736454
377,7.75,7.75,7.75025458768191,7.74998417377316,6.60612248420254,7.38237484425345,15.5005091753638,15.4999683475463,16.3353666475395,11.8133685778627
377.1,7.75,7.75,7.75025436521672,7.74998411878665,6.60612018838717,7.38237540955619,15.5005087304334,15.4999682375733,16.3353955701678,11.8133618801292
377.2,7.75,7.75,7.75025414296261,7.74998406391475,6.60611789433352,7.38237597501214,15.5005082859252,15.4999681278295,16.3354244707162,11.8133551809045
377.3,7.75,7.75,7.7502539209163,7.74998400915565,6.60611560201462,7.38237654061845,15.5005078418326,15.4999680183113,16.3354533495228,11.813348480217
377.4,7.75,7.75,7.75025369907759,7.7499839545092,6.60611331142914,7.38237710637453,15.5005073981552,15.4999679090184,16.3354822066041,11.8133417780735
377.5,7.75,7.75,7.7502534774463,7.74998389997524,6.60611102257578,7.38237767227976,15.5005069548926,15.4999677999505,16.3355110419765,11.8133350744805
377.6,7.75,7.75,7.75025325608812,7.74998384558932,6.60610873600373,7.3823782383805,15.5005065121762,15.4999676911786,16.3355398487563,11.8133283689892
377.7,7.75,7.75,7.75025303493984,7.74998379131712,6.6061064511854,7.38237880463079,15.5005060698797,15.4999675826342,16.335568633556,11.8133216620471
377.8,7.75,7.75,7.75025281399819,7.74998373715681,6.60610416809392,7.38237937102783,15.5005056279964,15.4999674743136,16.3355973967123,11.8133149536819
377.9,7.75,7.75,7.75025259326298,7.74998368310826,6.60610188672797,7.38237993757103,15.500505186526,15.4999673662165,16.3356261382416,11.8133082439004
378,7.75,7.75,7.75025237273403,7.74998362917132,6.60609960708624,7.3823805042598,15.5005047454681,15.4999672583426,16.3356548581601,11.813301532709
378.1,7.75,7.75,7.75025215247666,7.74998357538124,6.60609732971547,7.38238107113933,15.5005043049533,15.4999671507625,16.3356835496154,11.8132948196715
378.2,7.75,7.75,7.750251932428,7.74998352170398,6.60609505409042,7.38238163816477,15.500503864856,15.499967043408,16.3357122191899,11.8132881052231
378.3,7.75,7.75,7.75025171258483,7.74998346813773,6.60609278018437,7.38238220533339,15.5005034251697,15.4999669362755,16.3357408672188,11.8132813893911
378.4,7.75,7.75,7.75025149294694,7.74998341468235,6.60609050799601,7.3823827726446,15.5005029858939,15.4999668293647,16.3357694937185,11.813274672182
378.5,7.75,7.75,7.75025127351415,7.74998336133769,6.60608823752403,7.3823833400978,15.5005025470283,15.4999667226754,16.3357980987051,11.8132679536023
378.6,7.75,7.75,7.75025105435142,7.74998330813874,6.60608596931266,7.38238390773708,15.5005021087028,15.4999666162775,16.335826675357,11.8132612332282
378.7,7.75,7.75,7.75025083539623,7.7499832550517,6.6060837028391,7.38238447551866,15.5005016707925,15.4999665101034,16.335855230227,11.8132545114828
378.8,7.75,7.75,7.75025061664538,7.7499832020748,6.60608143807671,7.38238504343988,15.5005012332908,15.4999664041496,16.3358837636489,11.8132477883928
378.9,7.75,7.75,7.75025039809866,7.74998314920788,6.60607917502419,7.38238561150015,15.5005007961973,15.4999662984158,16.3359122756386,11.8132410639647
379,7.75,7.75,7.75025017975589,7.74998309645082,6.60607691368026,7.38238617969887,15.5005003595118,15.4999661929016,16.3359407662125,11.813234338205
379.1,7.75,7.75,7.75024996168167,7.7499830438383,6.60607465458667,7.38238674807902,15.5004999233633,15.4999660876766,16.3359692285796,11.8132276107019
379.2,7.75,7.75,7.75024974381384,7.74998299133681,6.60607239722299,7.3823873165979,15.5004994876277,15.4999659826736,16.3359976692633,11.8132208818669
379.3,7.75,7.75,7.75024952614919,7.74998293894458,6.60607014156271,7.3823878852529,15.5004990522984,15.4999658778892,16.3360260885956,11.8132141517261
379.4,7.75,7.75,7.75024930868754,7.74998288666147,6.60606788760453,7.38238845404343,15.5004986173751,15.4999657733229,16.3360544865925,11.8132074202857
379.5,7.75,7.75,7.7502490914287,7.74998283448733,6.60606563534718,7.38238902296893,15.5004981828574,15.4999656689747,16.3360828632703,11.8132006875522
379.6,7.75,7.75,7.7502488744369,7.74998278245659,6.60606338532995,7.38238959207123,15.5004977488738,15.4999655649132,16.3361112118686,11.8131939531262
379.7,7.75,7.75,7.75024865765033,7.74998273053601,6.60606113703477,7.38239016130873,15.5004973153007,15.499965461072,16.3361395388813,11.8131872174072
379.8,7.75,7.75,7.75024844106581,7.74998267872381,6.60605889043525,7.38239073067886,15.5004968821316,15.4999653574476,16.336167844639,11.8131804804206
379.9,7.75,7.75,7.75024822468315,7.74998262701987,6.60605664553011,7.38239130018105,15.5004964493663,15.4999652540397,16.3361961291576,11.8131737421728
380,7.75,7.75,7.75024800850217,7.74998257542404,6.60605440231807,7.38239186981472,15.5004960170043,15.4999651508481,16.3362243924532,11.8131670026701
380.1,7.75,7.75,7.75024779258673,7.74998252397047,6.60605216133599,7.38239243962064,15.5004955851735,15.4999650479409,16.336252627796,11.8131602615251
380.2,7.75,7.75,7.75024757687538,7.74998247262617,6.60604992206813,7.38239300955823,15.5004951537508,15.4999649452523,16.3362808416506,11.8131535191259
380.3,7.75,7.75,7.75024736136496,7.74998242138941,6.60604768448825,7.38239357962501,15.5004947227299,15.4999648427788,16.3363090343459,11.813146775497
380.4,7.75,7.75,7.75024714605526,7.74998237026004,6.60604544859505,7.3823941498204,15.5004942921105,15.4999647405201,16.336337205898,11.8131400306448
380.5,7.75,7.75,7.75024693094611,7.74998231923791,6.60604321438728,7.38239472014383,15.5004938618922,15.4999646384758,16.3363653563228,11.8131332845756
380.6,7.75,7.75,7.75024671610103,7.74998226835693,6.60604098239934,7.38239529063497,15.5004934322021,15.4999645367139,16.3363934789208,11.813126536914
380.7,7.75,7.75,7.75024650145889,7.74998221758434,6.60603875211786,7.38239586125431,15.5004930029178,15.4999644351687,16.3364215801274,11.8131197880363
380.8,7.75,7.75,7.75024628701655,7.74998216691844,6.60603652351669,7.38239643199942,15.5004925740331,15.4999643338369,16.3364496602701,11.8131130379666
380.9,7.75,7.75,7.75024607277382,7.74998211635907,6.60603429659456,7.38239700286971,15.5004921455476,15.4999642327181,16.3364777193649,11.8131062867113
381,7.75,7.75,7.75024585873052,7.7499820659061,6.60603207135021,7.38239757386463,15.500491717461,15.4999641318122,16.3365057574276,11.8130995342765
381.1,7.75,7.75,7.75024564494981,7.74998201559315,6.60602984831563,7.38239814502278,15.5004912898996,15.4999640311863,16.3365337677889,11.8130927802986
381.2,7.75,7.75,7.75024543137091,7.74998196538773,6.60602762697977,7.38239871630568,15.5004908627418,15.4999639307755,16.3365617568551,11.8130860251426
381.3,7.75,7.75,7.75024521799069,7.74998191528815,6.60602540731661,7.38239928771095,15.5004904359814,15.4999638305763,16.3365897249524,11.813079268832
381.4,7.75,7.75,7.75024500480897,7.74998186529426,6.60602318932488,7.38239985923803,15.5004900096179,15.4999637305885,16.3366176720965,11.8130725113729
381.5,7.75,7.75,7.75024479182556,7.74998181540592,6.60602097300332,7.38240043088634,15.5004895836511,15.4999636308118,16.3366455983032,11.8130657527716
381.6,7.75,7.75,7.75024457910328,7.74998176565648,6.60601875888152,7.38240100269343,15.5004891582066,15.499963531313,16.3366734969332,11.8130589926761
381.7,7.75,7.75,7.75024436658168,7.74998171601372,6.60601654645075,7.38240157462186,15.5004887331634,15.4999634320274,16.3367013743641,11.8130522314401
381.8,7.75,7.75,7.75024415425766,7.74998166647595,6.60601433568509,7.3824021466693,15.5004883085153,15.4999633329519,16.3367292309204,11.8130454690864
381.9,7.75,7.75,7.75024394213103,7.74998161704304,6.6060121265833,7.38240271883518,15.5004878842621,15.4999632340861,16.3367570666179,11.8130387056213
382,7.75,7.75,7.7502437302016,7.74998156771483,6.60600991914411,7.38240329111896,15.5004874604032,15.4999631354297,16.3367848814722,11.8130319410507
382.1,7.75,7.75,7.75024351853184,7.74998151852442,6.60600771389472,7.38240386355709,15.5004870370637,15.4999630370488,16.3368126688739,11.8130251750345
382.2,7.75,7.75,7.75024330706165,7.74998146943985,6.60600551032869,7.38240443611318,15.5004866141233,15.4999629388797,16.3368404351719,11.813018407915
382.3,7.75,7.75,7.75024309578792,7.74998142045943,6.60600330842025,7.38240500878494,15.5004861915758,15.4999628409189,16.3368681806892,11.8130116397145
382.4,7.75,7.75,7.75024288471049,7.74998137158302,6.60600110816814,7.38240558157182,15.500485769421,15.499962743166,16.3368959054416,11.8130048704391
382.5,7.75,7.75,7.75024267382916,7.74998132281049,6.60599890957111,7.38240615447327,15.5004853476583,15.499962645621,16.3369236094444,11.8129981000948
382.6,7.75,7.75,7.75024246320606,7.74998127417466,6.60599671315396,7.38240672752471,15.5004849264121,15.4999625483493,16.3369512861183,11.812991328353
382.7,7.75,7.75,7.75024225278141,7.74998122564382,6.60599451841256,7.38240730069075,15.5004845055628,15.4999624512876,16.3369789417832,11.8129845555448
382.8,7.75,7.75,7.75024204255213,7.74998117721631,6.60599232532125,7.38240787396915,15.5004840851043,15.4999623544326,16.337006576761,11.8129777816919
382.9,7.75,7.75,7.75024183251805,7.74998112889198,6.60599013387877,7.38240844735938,15.5004836650361,15.499962257784,16.3370341910671,11.8129710068003
383,7.75,7.75,7.75024162267898,7.7499810806707,6.60598794408388,7.38240902086088,15.500483245358,15.4999621613414,16.337061784717,11.8129642308761
383.1,7.75,7.75,7.75024141309669,7.74998103258503,6.60598575645902,7.38240959450804,15.5004828261934,15.4999620651701,16.3370893511607,11.812957453602
383.2,7.75,7.75,7.75024120371176,7.74998098460352,6.60598357050233,7.38241016826647,15.5004824074235,15.499961969207,16.33711689669,11.812950675298
383.3,7.75,7.75,7.7502409945211,7.74998093672451,6.60598138618825,7.38241074213399,15.5004819890422,15.499961873449,16.337144421625,11.8129438959854
383.4,7.75,7.75,7.75024078552456,7.74998088894786,6.60597920351557,7.38241131611008,15.5004815710491,15.4999617778957,16.3371719259813,11.81293711567
383.5,7.75,7.75,7.75024057672194,7.74998084127344,6.60597702248302,7.38241189019416,15.5004811534439,15.4999616825469,16.3371994097742,11.8129303343579
383.6,7.75,7.75,7.75024036817468,7.74998079373354,6.60597484361069,7.38241246441961,15.5004807363494,15.4999615874671,16.3372268664831,11.8129235517431
383.7,7.75,7.75,7.75024015982366,7.74998074629697,6.60597266639899,7.38241303875304,15.5004803196473,15.4999614925939,16.3372543023715,11.8129167681347
383.8,7.75,7.75,7.75023995166585,7.74998069896209,6.60597049082248,7.38241361319232,15.5004799033317,15.4999613979242,16.3372817177582,11.8129099835533
383.9,7.75,7.75,7.75023974370107,7.74998065172875,6.60596831687995,7.38241418773691,15.5004794874021,15.4999613034575,16.3373091126585,11.8129031980047
384,7.75,7.75,7.75023953592913,7.74998060459682,6.60596614457013,7.38241476238628,15.5004790718583,15.4999612091936,16.3373364870878,11.812896411495
384.1,7.75,7.75,7.75023932841113,7.74998055759835,6.60596397441078,7.38241533717275,15.5004786568223,15.4999611151967,16.3373638345547,11.8128896237293
384.2,7.75,7.75,7.75023912108828,7.74998051070237,6.60596180590456,7.38241591206394,15.5004782421766,15.4999610214047,16.3373911612945,11.812882835006
384.3,7.75,7.75,7.75023891395756,7.74998046390727,6.60595963902615,7.38241648705775,15.5004778279151,15.4999609278145,16.3374184676247,11.8128760453449
384.4,7.75,7.75,7.75023870701879,7.74998041721291,6.60595747377432,7.38241706215367,15.5004774140376,15.4999608344258,16.3374457535604,11.8128692547521
384.5,7.75,7.75,7.7502385002718,7.74998037061915,6.60595531014785,7.38241763735116,15.5004770005436,15.4999607412383,16.337473019117,11.8128624632333
384.6,7.75,7.75,7.75023829377733,7.74998032415777,6.60595314866213,7.38241821268155,15.5004765875547,15.4999606483155,16.3375002578321,11.8128556705049
384.7,7.75,7.75,7.75023808747692,7.74998027779808,6.60595098882207,7.3824187881134,15.5004761749538,15.4999605555962,16.3375274759132,11.8128488768545
384.8,7.75,7.75,7.75023788136758,7.74998023153845,6.60594883060248,7.3824193636447,15.5004757627352,15.4999604630769,16.3375546736762,11.8128420823014
384.9,7.75,7.75,7.75023767544913,7.74998018537876,6.60594667400213,7.38241993927491,15.5004753508983,15.4999603707575,16.3375818511362,11.8128352868514
385,7.75,7.75,7.75023746972138,7.74998013931886,6.6059445190198,7.38242051500353,15.5004749394428,15.4999602786377,16.3376090083085,11.8128284905104
385.1,7.75,7.75,7.75023726424475,7.7499800933903,6.60594236616855,7.38242109086085,15.5004745284895,15.4999601867806,16.3376361387597,11.8128216930058
385.2,7.75,7.75,7.7502370589611,7.7499800475626,6.60594021495555,7.38242166681643,15.5004741179222,15.4999600951252,16.3376632486693,11.8128148946144
385.3,7.75,7.75,7.75023685386746,7.74998000183417,6.60593806535571,7.3824222428683,15.5004737077349,15.4999600036683,16.337690338352,11.812808095355
385.4,7.75,7.75,7.75023664896364,7.74997995620487,6.6059359173678,7.38242281901594,15.5004732979273,15.4999599124097,16.3377174078227,11.8128012952334
385.5,7.75,7.75,7.75023644424947,7.74997991067458,6.60593377099061,7.38242339525882,15.5004728884989,15.4999598213492,16.3377444570965,11.8127944942554
385.6,7.75,7.75,7.75023623978502,7.74997986527456,6.6059316267349,7.38242397162628,15.50047247957,15.4999597305491,16.3377714797691,11.8127876921592
385.7,7.75,7.75,7.75023603551249,7.74997981997461,6.60592948411005,7.38242454808881,15.500472071025,15.4999596399492,16.3377984819922,11.8127808892112
385.8,7.75,7.75,7.7502358314289,7.74997977477313,6.60592734309107,7.3824251246445,15.5004716628578,15.4999595495463,16.3378254640789,11.8127740854297
385.9,7.75,7.75,7.75023562753409,7.74997972966999,6.60592520367677,7.38242570129283,15.5004712550682,15.49995945934,16.3378524260442,11.8127672808202
386,7.75,7.75,7.75023542382786,7.74997968466506,6.60592306586593,7.38242627803329,15.5004708476557,15.4999593693301,16.3378793679032,11.8127604753886
386.1,7.75,7.75,7.75023522036997,7.74997963978936,6.605920930167,7.38242685489421,15.5004704407399,15.4999592795787,16.33790628328,11.812753668884
386.2,7.75,7.75,7.75023501710293,7.74997959501293,6.60591879609158,7.38242743184706,15.5004700342059,15.4999591900259,16.337933178299,11.8127468615622
386.3,7.75,7.75,7.75023481402379,7.74997955033419,6.6059166636148,7.38242800888997,15.5004696280476,15.4999591006684,16.3379600532716,11.8127400534409
386.4,7.75,7.75,7.75023461113237,7.74997950575299,6.60591453273546,7.38242858602242,15.5004692222647,15.499959011506,16.337986908213,11.8127332445258
386.5,7.75,7.75,7.7502344084285,7.74997946126922,6.60591240345237,7.38242916324391,15.500468816857,15.4999589225384,16.3380137431381,11.8127264348225
386.6,7.75,7.75,7.75023420597158,7.74997941691365,6.60591027627167,7.38242974058178,15.5004684119432,15.4999588338273,16.3380405516996,11.8127196240908
386.7,7.75,7.75,7.75023400370445,7.74997937265655,6.60590815070717,7.38243031800846,15.5004680074089,15.4999587453131,16.3380673399943,11.8127128125763
386.8,7.75,7.75,7.75023380162418,7.74997932849635,6.60590602673411,7.38243089552213,15.5004676032484,15.4999586569927,16.3380941083325,11.812706000296
386.9,7.75,7.75,7.75023359973058,7.74997928443292,6.6059039043513,7.38243147312227,15.5004671994612,15.4999585688658,16.338120856729,11.8126991872556
387,7.75,7.75,7.7502333980235,7.74997924046614,6.60590178355753,7.38243205080838,15.500466796047,15.4999584809323,16.3381475851988,11.8126923734607
387.1,7.75,7.75,7.750233196562,7.74997919662653,6.60589966485672,7.38243262860686,15.500466393124,15.4999583932531,16.3381742874229,11.8126855586817
387.2,7.75,7.75,7.75023299528923,7.7499791528846,6.60589754776481,7.38243320649104,15.5004659905785,15.4999583057692,16.3382009694709,11.8126787431539
387.3,7.75,7.75,7.75023279420229,7.7499791092388,6.60589543225719,7.38243378445916,15.5004655884046,15.4999582184776,16.3382276316516,11.8126719268938
387.4,7.75,7.75,7.75023259330099,7.74997906568899,6.60589331833266,7.38243436251071,15.500465186602,15.499958131378,16.3382542739799,11.8126651099069
387.5,7.75,7.75,7.75023239258516,7.74997902223505,6.60589120599003,7.3824349406452,15.5004647851703,15.4999580444701,16.3382808964705,11.8126582921989
387.6,7.75,7.75,7.75023219211356,7.74997897890726,6.60588909573092,7.38243551888805,15.5004643842271,15.4999579578145,16.3383074928329,11.8126514735507
387.7,7.75,7.75,7.75023199182965,7.74997893567637,6.60588698707349,7.38243609721355,15.5004639836593,15.4999578713527,16.3383340691093,11.8126446541874
387.8,7.75,7.75,7.75023179173052,7.74997889254084,6.60588487999322,7.38243667561996,15.500463583461,15.4999577850817,16.3383606256073,11.8126378341249
387.9,7.75,7.75,7.75023159181601,7.74997884950053,6.60588277448892,7.3824372541068,15.500463183632,15.4999576990011,16.3383871623415,11.8126310133688
388,7.75,7.75,7.75023139208595,7.74997880655532,6.6058806705594,7.38243783267355,15.5004627841719,15.4999576131106,16.3384136793267,11.8126241919246
388.1,7.75,7.75,7.75023119259876,7.74997876373525,6.60587856870404,7.38243841134472,15.5004623851975,15.4999575274705,16.3384401703005,11.8126173695837
388.2,7.75,7.75,7.75023099329822,7.74997872101131,6.60587646844316,7.38243899009549,15.5004619865964,15.4999574420226,16.338466641278,11.812610546561
388.3,7.75,7.75,7.75023079418144,7.74997867838195,6.60587436975234,7.38243956892418,15.5004615883629,15.4999573567639,16.3384930925654,11.812603722872
388.4,7.75,7.75,7.75023059524826,7.74997863584705,6.60587227263041,7.38244014783031,15.5004611904965,15.4999572716941,16.3385195241774,11.8125968985222
388.5,7.75,7.75,7.75023039649849,7.74997859340649,6.60587017707619,7.38244072681338,15.500460792997,15.499957186813,16.3385459361286,11.812590073517
388.6,7.75,7.75,7.75023019799026,7.74997855109007,6.6058680835868,7.38244130589693,15.5004603959805,15.4999571021801,16.3385723221845,11.8125832476582
388.7,7.75,7.75,7.75022999966764,7.74997850886899,6.60586599168473,7.38244188505707,15.5004599993353,15.499957017738,16.3385986883335,11.8125764211507
388.8,7.75,7.75,7.75022980152777,7.74997846674175,6.60586390134567,7.38244246429217,15.5004596030555,15.4999569334835,16.3386250348802,11.8125695940094
388.9,7.75,7.75,7.75022960357048,7.7499784247082,6.60586181256845,7.38244304360176,15.500459207141,15.4999568494164,16.3386513618394,11.8125627662398
389,7.75,7.75,7.75022940579559,7.74997838276824,6.60585972535189,7.38244362298532,15.5004588115912,15.4999567655365,16.3386776692256,11.8125559378473
389.1,7.75,7.75,7.75022920826089,7.74997834095142,6.6058576401909,7.38244420246549,15.5004584165218,15.4999566819028,16.338703950832,11.8125491086439
389.2,7.75,7.75,7.75022901091079,7.74997829922917,6.60585555661009,7.38244478201925,15.5004580218216,15.4999565984583,16.3387302126203,11.8125422788245
389.3,7.75,7.75,7.75022881374242,7.7499782576,6.60585347458527,7.38244536164505,15.5004576274848,15.4999565152,16.338756454894,11.8125354484036
389.4,7.75,7.75,7.75022861675561,7.74997821606379,6.60585139411528,7.38244594134238,15.5004572335112,15.4999564321276,16.3387826776674,11.8125286173866
389.5,7.75,7.75,7.7502284199502,7.74997817462039,6.60584931519896,7.38244652111077,15.5004568399004,15.4999563492408,16.3388088809551,11.8125217857788
389.6,7.75,7.75,7.75022822338365,7.74997813329915,6.60584723832897,7.38244710097192,15.5004564467673,15.4999562665983,16.3388350585781,11.8125149534024
389.7,7.75,7.75,7.75022802700068,7.74997809207173,6.60584516303207,7.3824476809037,15.5004560540014,15.4999561841435,16.3388612164714,11.8125081204425
389.8,7.75,7.75,7.75022783079843,7.74997805093664,6.60584308928418,7.3824482609046,15.5004556615969,15.4999561018733,16.338887354937,11.812501286913
389.9,7.75,7.75,7.75022763477675,7.74997800989375,6.60584101708415,7.38244884097413,15.5004552695535,15.4999560197875,16.3389134739894,11.8124944528193
390,7.75,7.75,7.75022743893546,7.74997796894293,6.6058389464308,7.38244942111183,15.5004548778709,15.4999559378859,16.338939573643,11.8124876181667
390.1,7.75,7.75,7.75022724333171,7.74997792811329,6.60583687781461,7.38245000133845,15.5004544866634,15.4999558562266,16.3389656477462,11.8124807827873
390.2,7.75,7.75,7.75022704791051,7.74997788737671,6.60583481076446,7.38245058163278,15.500454095821,15.4999557747534,16.3389917022076,11.8124739468567
390.3,7.75,7.75,7.75022685266905,7.74997784673172,6.60583274525637,7.38245116199335,15.5004537053381,15.4999556934634,16.339017737328,11.8124671103881
390.4,7.75,7.75,7.75022665760715,7.74997780617818,6.6058306812892,7.38245174241967,15.5004533152143,15.4999556123564,16.3390437531217,11.812460273387
390.5,7.75,7.75,7.75022646272465,7.74997776571599,6.60582861886177,7.38245232291127,15.5004529254493,15.499955531432,16.339069749603,11.8124534358584
390.6,7.75,7.75,7.75022626807837,7.74997772537398,6.60582655846237,7.38245290348802,15.5004525361567,15.499955450748,16.3390957206478,11.8124465976446
390.7,7.75,7.75,7.75022607361365,7.74997768512429,6.60582449962199,7.38245348412958,15.5004521472273,15.4999553702486,16.3391216721384,11.8124397589113
390.8,7.75,7.75,7.75022587932766,7.74997764496545,6.60582244231676,7.38245406483451,15.5004517586553,15.4999552899309,16.339147604374,11.8124329196716
390.9,7.75,7.75,7.75022568522024,7.74997760489734,6.60582038654554,7.38245464560235,15.5004513704405,15.4999552097947,16.339173517369,11.8124260799305
391,7.75,7.75,7.75022549129123,7.74997756491982,6.60581833230717,7.38245522643262,15.5004509825825,15.4999551298396,16.3391994111376,11.8124192396933
391.1,7.75,7.75,7.75022529759714,7.74997752506153,6.60581628008773,7.38245580734429,15.5004505951943,15.4999550501231,16.339225279583,11.812412398812
391.2,7.75,7.75,7.7502251040836,7.74997748529481,6.60581422942033,7.38245638831789,15.5004502081672,15.4999549705896,16.3392511285612,11.8124055574429
391.3,7.75,7.75,7.75022491074781,7.7499774456182,6.60581218028121,7.38245696935203,15.5004498214956,15.4999548912364,16.3392769583702,11.8123987155983
391.4,7.75,7.75,7.7502247175896,7.74997740603159,6.60581013266922,7.38245755044625,15.5004494351792,15.4999548120632,16.3393027690243,11.8123918732834
391.5,7.75,7.75,7.75022452460882,7.74997736653484,6.60580808658322,7.38245813160008,15.5004490492176,15.4999547330697,16.3393285605375,11.8123850305033
391.6,7.75,7.75,7.75022433186166,7.74997732715637,6.60580604250712,7.38245871283159,15.5004486637233,15.4999546543127,16.3393543268402,11.8123781871199
391.7,7.75,7.75,7.75022413929405,7.74997728786872,6.6058039999761,7.38245929412219,15.5004482785881,15.4999545757374,16.3393800737623,11.8123713432799
391.8,7.75,7.75,7.75022394690321,7.74997724867046,6.60580195896651,7.38245987547052,15.5004478938064,15.4999544973409,16.3394058016005,11.8123644989952
391.9,7.75,7.75,7.75022375468897,7.74997720956147,6.60579991947723,7.38246045687612,15.5004475093779,15.4999544191229,16.339431510369,11.812357654271
392,7.75,7.75,7.75022356265118,7.74997717054163,6.6057978815071,7.38246103833854,15.5004471253024,15.4999543410833,16.3394572000818,11.8123508091123
392.1,7.75,7.75,7.75022337084573,7.74997713163909,6.60579584553787,7.38246161987496,15.5004467416915,15.4999542632782,16.3394828646962,11.8123439633906
392.2,7.75,7.75,7.75022317921884,7.74997709282665,6.60579381110682,7.38246220146764,15.5004463584377,15.4999541856533,16.3395085100162,11.8123371172434
392.3,7.75,7.75,7.75022298776774,7.74997705410288,6.60579177819039,7.38246278311528,15.5004459755355,15.4999541082058,16.3395341363372,11.8123302706819
392.4,7.75,7.75,7.75022279649227,7.74997701546766,6.60578974678746,7.38246336481741,15.5004455929845,15.4999540309353,16.3395597436731,11.8123234237114
392.5,7.75,7.75,7.75022260539227,7.74997697692086,6.6057877168969,7.38246394657359,15.5004452107845,15.4999539538417,16.3395853320382,11.8123165763367
392.6,7.75,7.75,7.75022241452333,7.74997693849043,6.60578568899828,7.38246452840013,15.5004448290467,15.4999538769809,16.3396108954164,11.8123097284391
392.7,7.75,7.75,7.75022222383196,7.74997690014936,6.60578366263096,7.38246511028012,15.5004444476639,15.4999538002987,16.339636439586,11.8123028801466
392.8,7.75,7.75,7.75022203331542,7.74997686189625,6.60578163777149,7.38246569221231,15.5004440666308,15.4999537237925,16.3396619648409,11.8122960314702
392.9,7.75,7.75,7.75022184297354,7.74997682373096,6.60577961441875,7.38246627419626,15.5004436859471,15.4999536474619,16.3396874711953,11.8122891824148
393,7.75,7.75,7.75022165280617,7.74997678565339,6.60577759257162,7.38246685623151,15.5004433056123,15.4999535713068,16.339712958663,11.8122823329854
393.1,7.75,7.75,7.75022146286858,7.74997674769124,6.60577557270753,7.38246743833349,15.5004429257372,15.4999534953825,16.3397384212548,11.8122754830726
393.2,7.75,7.75,7.75022127310758,7.74997670981774,6.6057735543679,7.38246802048616,15.5004425462152,15.4999534196355,16.3397638647234,11.8122686327954
393.3,7.75,7.75,7.75022108352045,7.74997667203148,6.60577153752937,7.3824686026883,15.5004421670409,15.499953344063,16.3397892893614,11.8122617821642
393.4,7.75,7.75,7.75022089410702,7.74997663433234,6.60576952219085,7.38246918493948,15.500441788214,15.4999532686647,16.3398146951826,11.8122549311838
393.5,7.75,7.75,7.75022070486713,7.7499765967202,6.6057675083512,7.38246976723922,15.5004414097343,15.4999531934404,16.3398400822011,11.8122480798594
393.6,7.75,7.75,7.75022051585576,7.74997655922255,6.60576549648574,7.38247034960214,15.5004410317115,15.4999531184451,16.3398654444542,11.8122412280908
393.7,7.75,7.75,7.75022032702001,7.74997652181284,6.60576348613792,7.38247093201298,15.50044065404,15.4999530436257,16.3398907876689,11.8122343759879
393.8,7.75,7.75,7.75022013835717,7.74997648448965,6.60576147728452,7.3824715144706,15.5004402767143,15.4999529689793,16.3399161121366,11.8122275235606
393.9,7.75,7.75,7.75021994986707,7.74997644725288,6.60575946992441,7.38247209697455,15.5004398997341,15.4999528945058,16.339941417871,11.8122206708138
394,7.75,7.75,7.75021976154956,7.74997641010241,6.60575746405648,7.38247267952438,15.5004395230991,15.4999528202048,16.3399667048862,11.8122138177525
394.1,7.75,7.75,7.75021957345931,7.74997637306551,6.60575546015393,7.38247326213382,15.5004391469186,15.499952746131,16.3399919672459,11.8122069642859
394.2,7.75,7.75,7.75021938554372,7.74997633611582,6.60575345776225,7.38247384478848,15.5004387710874,15.4999526722316,16.3400172106516,11.8122001105148
394.3,7.75,7.75,7.75021919780008,7.74997629925196,6.6057514568583,7.38247442748723,15.5004383956002,15.4999525985039,16.3400424353935,11.8121932564488
394.4,7.75,7.75,7.75021901022824,7.74997626247383,6.60574945744099,7.38247501022963,15.5004380204565,15.4999525249477,16.3400676414853,11.8121864020925
394.5,7.75,7.75,7.75021882282803,7.74997622578129,6.60574745950921,7.38247559301524,15.5004376456561,15.4999524515626,16.3400928289408,11.812179547451
394.6,7.75,7.75,7.75021863565383,7.74997618920139,6.60574546353403,7.38247617585697,15.5004372713077,15.4999523784028,16.3401179918501,11.8121726924427
394.7,7.75,7.75,7.75021844865333,7.74997615270801,6.60574346906297,7.3824767587412,15.5004368973067,15.499952305416,16.3401431358896,11.8121658371595
394.8,7.75,7.75,7.75021826182384,7.74997611629976,6.60574147607302,7.38247734166687,15.5004365236477,15.4999522325995,16.3401682613479,11.8121589816104
394.9,7.75,7.75,7.7502180751652,7.74997607997654,6.60573948456307,7.38247792463355,15.5004361503304,15.4999521599531,16.3401933682388,11.8121521258002
395,7.75,7.75,7.75021788867725,7.74997604373822,6.60573749453202,7.38247850764079,15.5004357773545,15.4999520874764,16.340218456576,11.8121452697337
395.1,7.75,7.75,7.75021770241407,7.74997600761163,6.60573550644885,7.38247909070066,15.5004354048281,15.4999520152233,16.3402435204759,11.8121384133386
395.2,7.75,7.75,7.75021751632363,7.74997597157085,6.6057335198631,7.38247967380036,15.5004350326473,15.4999519431417,16.3402685655895,11.812131556698
395.3,7.75,7.75,7.75021733040326,7.74997593561452,6.60573153475185,7.38248025693888,15.5004346608065,15.499951871229,16.3402935922043,11.8121246998202
395.4,7.75,7.75,7.7502171446528,7.74997589974253,6.60572955111401,7.38248084011578,15.5004342893056,15.4999517994851,16.340318600334,11.81211784271
395.5,7.75,7.75,7.75021695907209,7.74997586395475,6.60572756894847,7.38248142333061,15.5004339181442,15.4999517279095,16.3403435899922,11.8121109853723
395.6,7.75,7.75,7.75021677371492,7.74997582827779,6.60572558872213,7.38248200659463,15.5004335474298,15.4999516565556,16.3403685553212,11.8121041277438
395.7,7.75,7.75,7.75021658852954,7.74997579268595,6.60572360998653,7.38248258989584,15.5004331770591,15.4999515853719,16.3403935019472,11.8120972698988
395.8,7.75,7.75,7.75021640351329,7.74997575717787,6.60572163271887,7.38248317323326,15.5004328070266,15.4999515143557,16.3404184301564,11.8120904118451
395.9,7.75,7.75,7.75021621866602,7.74997572175343,6.60571965691805,7.38248375660645,15.500432437332,15.4999514435069,16.3404433399622,11.8120835535877
396,7.75,7.75,7.75021603398758,7.74997568641253,6.60571768258298,7.38248434001499,15.5004320679752,15.4999513728251,16.3404682313784,11.8120766951311
396.1,7.75,7.75,7.75021584953144,7.74997565118156,6.60571571017847,7.38248492346929,15.5004316990629,15.4999513023631,16.3404930985731,11.8120698364211
396.2,7.75,7.75,7.75021566524614,7.74997561603501,6.60571373925806,7.38248550695817,15.5004313304923,15.49995123207,16.3405179471475,11.8120629775234
396.3,7.75,7.75,7.75021548112906,7.74997558097154,6.60571176979905,7.38248609048066,15.5004309622581,15.4999511619431,16.3405427773866,11.8120561184453
396.4,7.75,7.75,7.75021529718002,7.74997554599104,6.60570980180035,7.38248667403636,15.50043059436,15.4999510919821,16.3405675893038,11.8120492591917
396.5,7.75,7.75,7.75021511339888,7.74997551109339,6.60570783526088,7.38248725762483,15.5004302267978,15.4999510221868,16.3405923829128,11.8120423997671
396.6,7.75,7.75,7.75021492983883,7.74997547630478,6.60570587064336,7.38248784125568,15.5004298596777,15.4999509526096,16.3406171524074,11.8120355401262
396.7,7.75,7.75,7.75021474644868,7.7499754415999,6.60570390750335,7.3824884249185,15.5004294928974,15.4999508831998,16.3406419033642,11.812028680326
396.8,7.75,7.75,7.75021456322582,7.74997540697743,6.60570194581823,7.38248900861239,15.5004291264516,15.4999508139549,16.3406666360666,11.8120218203735
396.9,7.75,7.75,7.75021438017009,7.74997537243725,6.60569998558693,7.38248959233693,15.5004287603402,15.4999507448745,16.3406913505283,11.8120149602733
397,7.75,7.75,7.75021419728133,7.74997533797925,6.60569802680835,7.3824901760917,15.5004283945627,15.4999506759585,16.3407160467627,11.8120081000302
397.1,7.75,7.75,7.75021401461244,7.7499753036294,6.60569606994319,7.38249075988548,15.5004280292249,15.4999506072588,16.3407407189893,11.8120012396075
397.2,7.75,7.75,7.75021383211254,7.74997526936261,6.60569411454896,7.38249134370867,15.5004276642251,15.4999505387252,16.3407653727601,11.8119943790536
397.3,7.75,7.75,7.75021364977899,7.74997523517755,6.60569216060315,7.38249192756039,15.500427299558,15.4999504703551,16.3407900083572,11.8119875183752
397.4,7.75,7.75,7.75021346761167,7.74997520107411,6.60569020810468,7.38249251144024,15.5004269352233,15.4999504021482,16.3408146257942,11.8119806575769
397.5,7.75,7.75,7.7502132856104,7.74997516705219,6.60568825705249,7.38249309534777,15.5004265712208,15.4999503341044,16.3408392250845,11.8119737966632
397.6,7.75,7.75,7.75021310382779,7.74997513313753,6.6056863079052,7.38249367929103,15.5004262076556,15.4999502662751,16.3408638004731,11.8119669356064
397.7,7.75,7.75,7.75021292221324,7.74997509930526,6.6056843602223,7.38249426326112,15.5004258444265,15.4999501986105,16.3408883574874,11.8119600744463
397.8,7.75,7.75,7.75021274076414,7.74997506555405,6.60568241398139,7.38249484725724,15.5004254815283,15.4999501311081,16.3409128964083,11.8119532131892
397.9,7.75,7.75,7.75021255948035,7.7499750318838,6.60568046918139,7.38249543127898,15.5004251189607,15.4999500637676,16.3409374172494,11.8119463518396
398,7.75,7.75,7.7502123783617,7.74997499829441,6.60567852582123,7.38249601532591,15.5004247567234,15.4999499965888,16.3409619200238,11.811939490402
398.1,7.75,7.75,7.75021219746052,7.7499749648114,6.60567658435751,7.38249659940526,15.500424394921,15.4999499296228,16.3409863990022,11.8119326288573
398.2,7.75,7.75,7.75021201672647,7.7499749314101,6.60567464435168,7.38249718350893,15.5004240334529,15.4999498628202,16.3410108596873,11.811925767237
398.3,7.75,7.75,7.75021183615697,7.74997489808921,6.60567270578142,7.38249776763614,15.5004236723139,15.4999497961784,16.3410353023591,11.8119189055469
398.4,7.75,7.75,7.75021165575187,7.74997486484863,6.60567076864568,7.38249835178649,15.5004233115037,15.4999497296973,16.3410597270307,11.8119120437914
398.5,7.75,7.75,7.75021147551101,7.74997483168823,6.60566883294339,7.38249893595955,15.500422951022,15.4999496633765,16.3410841337155,11.8119051819752
398.6,7.75,7.75,7.75021129548643,7.74997479863335,6.60566689912911,7.38249952016178,15.5004225909729,15.4999495972667,16.3411085167093,11.8118983200874
398.7,7.75,7.75,7.75021111562806,7.74997476565953,6.60566496676625,7.38250010438581,15.5004222312561,15.4999495313191,16.3411328814906,11.8118914581516
398.8,7.75,7.75,7.75021093593334,7.74997473276545,6.60566303583258,7.38250068863094,15.5004218718667,15.4999494655309,16.341157228338,11.8118845961728
398.9,7.75,7.75,7.75021075640212,7.74997469995102,6.60566110632707,7.38250127289673,15.5004215128042,15.499949399902,16.3411815572647,11.8118777341557
399,7.75,7.75,7.75021057703424,7.74997466721612,6.60565917824863,7.3825018571828,15.5004211540685,15.4999493344322,16.3412058682839,11.8118708721045
399.1,7.75,7.75,7.75021039788146,7.74997463458589,6.60565725204984,7.38250244149479,15.5004207957629,15.4999492691718,16.3412301557167,11.8118640100173
399.2,7.75,7.75,7.75021021889398,7.74997460203604,6.60565532729602,7.38250302582611,15.500420437788,15.4999492040721,16.3412544250172,11.8118571479091
399.3,7.75,7.75,7.75021004006926,7.74997456956529,6.60565340396506,7.38250361017608,15.5004200801385,15.4999491391306,16.341278676463,11.8118502857847
399.4,7.75,7.75,7.75020986140714,7.74997453717354,6.6056514820559,7.3825041945443,15.5004197228143,15.4999490743471,16.341302910067,11.8118434236486
399.5,7.75,7.75,7.75020968290746,7.74997450486068,6.6056495615675,7.38250477893034,15.5004193658149,15.4999490097214,16.3413271258426,11.8118365615051
399.6,7.75,7.75,7.75020950462171,7.74997447265162,6.6056476429504,7.38250536333912,15.5004190092434,15.4999489453032,16.3413513181357,11.8118296993605
399.7,7.75,7.75,7.75020932650036,7.74997444052229,6.60564572577186,7.38250594776478,15.5004186530007,15.4999488810446,16.3413754923765,11.8118228372218
399.8,7.75,7.75,7.75020914854087,7.74997440847141,6.60564381000988,7.38250653220667,15.5004182970817,15.4999488169428,16.3413996488412,11.8118159750933
399.9,7.75,7.75,7.75020897074309,7.74997437649889,6.6056418956634,7.38250711666438,15.5004179414862,15.4999487529978,16.3414237875429,11.8118091129795
400,7.75,7.75,7.75020879310687,7.74997434460461,6.60563998273137,7.38250770113752,15.5004175862137,15.4999486892092,16.3414479084946,11.8118022508847
400.1,7.75,7.75,7.7502086156834,7.74997431281329,6.60563807166234,7.38250828563023,15.5004172313668,15.4999486256266,16.3414720060673,11.8117953888235
400.2,7.75,7.75,7.75020843842344,7.74997428110104,6.60563616202551,7.38250887013738,15.5004168768469,15.4999485622021,16.3414960856673,11.8117885267948
400.3,7.75,7.75,7.75020826132446,7.74997424946661,6.60563425379894,7.38250945465837,15.5004165226489,15.4999484989332,16.3415201475694,11.8117816648026
400.4,7.75,7.75,7.7502080843863,7.74997421790988,6.60563234698161,7.38251003919279,15.5004161687726,15.4999484358198,16.3415441917868,11.8117748028511
400.5,7.75,7.75,7.75020790760882,7.74997418643076,6.60563044157246,7.38251062374026,15.5004158152176,15.4999483728615,16.3415682183324,11.8117679409448
400.6,7.75,7.75,7.75020773104293,7.74997415505376,6.60562853801807,7.38251120830415,15.5004154620859,15.4999483101075,16.341592221602,11.8117610791064
400.7,7.75,7.75,7.75020755463965,7.74997412375519,6.60562663588952,7.38251179288009,15.5004151092793,15.4999482475104,16.3416162069779,11.8117542173268
400.8,7.75,7.75,7.75020737839646,7.74997409253379,6.60562473516499,7.38251237746749,15.5004147567929,15.4999481850676,16.341640174734,11.8117473556097
400.9,7.75,7.75,7.75020720231323,7.74997406138947,6.60562283584345,7.38251296206595,15.5004144046265,15.4999481227789,16.3416641248832,11.8117404939592
401,7.75,7.75,7.7502070263898,7.74997403032212,6.60562093792386,7.3825135466751,15.5004140527796,15.4999480606442,16.3416880574383,11.8117336323797
401.1,7.75,7.75,7.7502068506768,7.74997399935604,6.60561904185081,7.38251413129757,15.5004137013536,15.4999479987121,16.3417119668198,11.8117267709022
401.2,7.75,7.75,7.75020667512552,7.74997396846776,6.6056171471973,7.38251471592969,15.500413350251,15.4999479369355,16.3417358583865,11.8117199095096
401.3,7.75,7.75,7.75020649973346,7.74997393765602,6.60561525394159,7.38251530057092,15.5004129994669,15.499947875312,16.3417597324108,11.8117130482051
401.4,7.75,7.75,7.75020632450049,7.74997390692072,6.60561336208266,7.38251588522088,15.500412649001,15.4999478138414,16.3417835889057,11.8117061869929
401.5,7.75,7.75,7.75020614942644,7.74997387626176,6.60561147161947,7.38251646987919,15.5004122988529,15.4999477525235,16.3418074278839,11.8116993258773
401.6,7.75,7.75,7.75020597456167,7.74997384570325,6.60560958299465,7.38251705454773,15.5004119491233,15.4999476914065,16.3418312437905,11.8116924648974
401.7,7.75,7.75,7.75020579985775,7.74997381522189,6.60560769578308,7.38251763922356,15.5004115997155,15.4999476304438,16.3418550419606,11.8116856040282
401.8,7.75,7.75,7.75020562531218,7.74997378481645,6.60560580996314,7.38251822390618,15.5004112506244,15.4999475696329,16.3418788226654,11.8116787432726
401.9,7.75,7.75,7.75020545092482,7.74997375448682,6.6056039255338,7.38251880859521,15.5004109018496,15.4999475089736,16.3419025859179,11.8116718826347
402,7.75,7.75,7.75020527669552,7.74997372423291,6.60560204249403,7.38251939329026,15.500410553391,15.4999474484658,16.3419263317308,11.8116650221188
402.1,7.75,7.75,7.75020510267436,7.74997369407862,6.60560016128449,7.38251997799249,15.5004102053487,15.4999473881572,16.3419500545734,11.8116581617718
402.2,7.75,7.75,7.75020492881317,7.74997366400085,6.60559828148196,7.38252056269968,15.5004098576263,15.4999473280017,16.3419737597574,11.8116513015613
402.3,7.75,7.75,7.75020475510946,7.74997363399838,6.6055964030649,7.38252114741136,15.5004095102189,15.4999472679968,16.3419974475531,11.8116444414895
402.4,7.75,7.75,7.7502045815631,7.7499736040711,6.60559452603229,7.38252173212714,15.5004091631262,15.4999472081422,16.342021117973,11.8116375815606
402.5,7.75,7.75,7.75020440817395,7.74997357421891,6.60559265038311,7.38252231684664,15.5004088163479,15.4999471484378,16.3420447710299,11.8116307217787
402.6,7.75,7.75,7.7502042349918,7.74997354446554,6.60559077655607,7.38252290157032,15.5004084699836,15.4999470889311,16.3420684012175,11.8116238621988
402.7,7.75,7.75,7.75020406196874,7.74997351478805,6.60558890412982,7.38252348629663,15.5004081239375,15.4999470295761,16.3420920138242,11.8116170027807
402.8,7.75,7.75,7.75020388910231,7.74997348518523,6.60558703308292,7.38252407102514,15.5004077782046,15.4999469703705,16.3421156091188,11.8116101435263
402.9,7.75,7.75,7.75020371639237,7.749973455657,6.60558516341435,7.38252465575548,15.5004074327847,15.499946911314,16.3421391871139,11.8116032844397
403,7.75,7.75,7.75020354383878,7.74997342620324,6.6055832951231,7.38252524048727,15.5004070876776,15.4999468524065,16.3421627478224,11.811596425525
403.1,7.75,7.75,7.75020337149107,7.74997339684747,6.60558142864594,7.38252582522025,15.5004067429821,15.4999467936949,16.3421862857619,11.811589566845
403.2,7.75,7.75,7.75020319930158,7.74997336756698,6.60557956356338,7.38252640995356,15.5004063986032,15.499946735134,16.3422098061977,11.8115827083519
403.3,7.75,7.75,7.75020302726787,7.74997333836054,6.60557769985409,7.38252699468681,15.5004060545357,15.4999466767211,16.3422333093974,11.8115758500472
403.4,7.75,7.75,7.75020285538979,7.74997330922807,6.60557583751703,7.38252757941963,15.5004057107796,15.4999466184561,16.3422567953736,11.8115689919349
403.5,7.75,7.75,7.75020268366721,7.74997328016947,6.60557397655122,7.38252816415166,15.5004053673344,15.4999465603389,16.342280264139,11.8115621340192
403.6,7.75,7.75,7.75020251214939,7.74997325120805,6.60557211739149,7.38252874888189,15.5004050242988,15.4999465024161,16.3423037102353,11.8115552763706
403.7,7.75,7.75,7.75020234078893,7.74997322232128,6.6055702596202,7.38252933361019,15.5004046815779,15.4999464446426,16.3423271389047,11.8115484189337
403.8,7.75,7.75,7.75020216958339,7.74997319350797,6.6055684032161,7.3825299183362,15.5004043391668,15.4999463870159,16.3423505504136,11.8115415617097
403.9,7.75,7.75,7.75020199853265,7.74997316476801,6.6055665481782,7.38253050305955,15.5004039970653,15.499946329536,16.3423739447747,11.8115347047026
404,7.75,7.75,7.75020182763656,7.74997313610131,6.60556469450548,7.38253108777986,15.5004036552731,15.4999462722026,16.3423973220003,11.8115278479164
404.1,7.75,7.75,7.75020165694411,7.749973107531,6.60556284263088,7.38253167249546,15.5004033138882,15.499946215062,16.3424206766564,11.8115209914294
404.2,7.75,7.75,7.75020148640817,7.74997307903472,6.6055609921386,7.38253225720686,15.5004029728163,15.4999461580694,16.342444013962,11.8115141351787
404.3,7.75,7.75,7.75020131602631,7.74997305061129,6.60555914300748,7.38253284191376,15.5004026320526,15.4999461012226,16.3424673341823,11.8115072791652
404.4,7.75,7.75,7.7502011457984,7.74997302226061,6.60555729523653,7.38253342661578,15.5004022915968,15.4999460445212,16.3424906373298,11.8115004233927
404.5,7.75,7.75,7.7502009757243,7.74997299398259,6.60555544882474,7.38253401131257,15.5004019514486,15.4999459879652,16.3425139234172,11.8114935678652
404.6,7.75,7.75,7.75020080585273,7.74997296580016,6.60555360420314,7.38253459600172,15.5004016117055,15.4999459316003,16.3425371870339,11.8114867126688
404.7,7.75,7.75,7.75020063613682,7.74997293769116,6.60555176095776,7.38253518068446,15.5004012722736,15.4999458753823,16.3425604333761,11.8114798577331
404.8,7.75,7.75,7.75020046657415,7.74997290965441,6.60554991906755,7.38253576536049,15.5004009331483,15.4999458193088,16.3425836627079,11.8114730030584
404.9,7.75,7.75,7.7502002971646,7.74997288168981,6.6055480785315,7.38253635002945,15.5004005943292,15.4999457633796,16.3426068750418,11.8114661486487
405,7.75,7.75,7.75020012790802,7.74997285379726,6.60554623934863,7.38253693469099,15.500400255816,15.4999457075945,16.3426300703902,11.8114592945081
405.1,7.75,7.75,7.75019995885287,7.74997282599952,6.60554440194805,7.38253751934203,15.5003999177057,15.499945651999,16.3426532433664,11.8114524407298
405.2,7.75,7.75,7.75019978995253,7.7499727982746,6.60554256591764,7.38253810398443,15.5003995799051,15.4999455965492,16.3426763991437,11.8114455872365
405.3,7.75,7.75,7.75019962120461,7.74997277062133,6.60554073123641,7.38253868861796,15.5003992424092,15.4999455412427,16.3426995379852,11.8114387340279
405.4,7.75,7.75,7.75019945260897,7.74997274303962,6.60553889790339,7.38253927324226,15.5003989052179,15.4999454860792,16.3427226599032,11.8114318811081
405.5,7.75,7.75,7.75019928416546,7.74997271552937,6.60553706591759,7.38253985785695,15.5003985683309,15.4999454310587,16.3427457649101,11.8114250284809
405.6,7.75,7.75,7.7501991159223,7.74997268811315,6.60553523570623,7.38254044245829,15.5003982318446,15.4999453762263,16.3427688476427,11.8114181762473
405.7,7.75,7.75,7.7501989478331,7.74997266076914,6.605533406859,7.38254102704882,15.5003978956662,15.4999453215383,16.3427919132518,11.8114113243225
405.8,7.75,7.75,7.75019877989549,7.7499726334962,6.60553157935501,7.38254161162831,15.500397559791,15.4999452669924,16.3428149619991,11.811404472706
405.9,7.75,7.75,7.75019861210934,7.74997260629423,6.6055297531933,7.38254219619643,15.5003972242187,15.4999452125885,16.342837993897,11.8113976214017
406,7.75,7.75,7.75019844447449,7.74997257916312,6.60552792837286,7.38254278075279,15.500396888949,15.4999451583262,16.3428610089578,11.8113907704135
406.1,7.75,7.75,7.7501982770389,7.74997255212526,6.60552610531907,7.38254336529299,15.5003965540778,15.4999451042505,16.3428840018418,11.8113839198497
406.2,7.75,7.75,7.75019810975644,7.74997252515903,6.6055242836234,7.38254394982019,15.5003962195129,15.4999450503181,16.3429069776771,11.8113770696183
406.3,7.75,7.75,7.75019794262475,7.74997249826327,6.60552246326506,7.38254453433424,15.5003958852495,15.4999449965265,16.3429299367245,11.8113702197186
406.4,7.75,7.75,7.75019777564368,7.74997247143789,6.60552064424309,7.38254511883478,15.5003955512874,15.4999449428758,16.3429528789962,11.8113633701543
406.5,7.75,7.75,7.75019760881311,7.74997244468279,6.60551882655649,7.38254570332145,15.5003952176262,15.4999448893656,16.3429758045044,11.8113565209294
406.6,7.75,7.75,7.7501974421807,7.74997241802018,6.60551701062876,7.38254628778915,15.5003948843614,15.4999448360404,16.3429987079327,11.8113496721593
406.7,7.75,7.75,7.7501972757006,7.74997239142859,6.60551519605318,7.38254687224171,15.5003945514012,15.4999447828572,16.343021594387,11.8113428237451
406.8,7.75,7.75,7.75019710937045,7.7499723649069,6.60551338280905,7.38254745667901,15.5003942187409,15.4999447298138,16.3430444641266,11.8113359756856
406.9,7.75,7.75,7.75019694319011,7.749972338455,6.60551157089541,7.38254804110069,15.5003938863802,15.49994467691,16.3430673171639,11.8113291279846
407,7.75,7.75,7.75019677715944,7.7499723120728,6.60550976031128,7.38254862550639,15.5003935543189,15.4999446241456,16.343090153511,11.8113222806459
407.1,7.75,7.75,7.75019661132587,7.74997228578233,6.60550795147828,7.38254920989036,15.5003932226517,15.4999445715647,16.3431129678748,11.8113154337923
407.2,7.75,7.75,7.75019644564378,7.74997225956229,6.60550614399148,7.38254979425707,15.5003928912876,15.4999445191246,16.3431357653386,11.8113085873178
407.3,7.75,7.75,7.75019628011082,7.74997223341157,6.60550433783029,7.38255037860642,15.5003925602216,15.4999444668231,16.3431585461609,11.8113017412208
407.4,7.75,7.75,7.75019611472686,7.74997220733006,6.60550253299373,7.38255096293806,15.5003922294537,15.4999444146601,16.3431813103538,11.8112948955051
407.5,7.75,7.75,7.75019594949176,7.74997218131768,6.60550072948084,7.38255154725164,15.5003918989835,15.4999443626354,16.3432040579294,11.8112880501744
407.6,7.75,7.75,7.75019578445269,7.74997215539626,6.60549892771138,7.38255213154076,15.5003915689054,15.4999443107925,16.3432267836177,11.8112812053587
407.7,7.75,7.75,7.75019561956427,7.7499721295447,6.60549712728222,7.38255271581051,15.5003912391285,15.4999442590894,16.3432494924799,11.8112743609452
407.8,7.75,7.75,7.75019545482419,7.74997210376187,6.60549532817283,7.38255330006082,15.5003909096484,15.4999442075237,16.3432721847732,11.8112675169317
407.9,7.75,7.75,7.75019529023229,7.7499720780477,6.60549353038226,7.38255388429136,15.5003905804646,15.4999441560954,16.3432948605097,11.8112606733221
408,7.75,7.75,7.75019512578845,7.74997205240207,6.60549173390954,7.38255446850178,15.5003902515769,15.4999441048041,16.3433175197015,11.81125383012
408.1,7.75,7.75,7.75019496153958,7.74997202684665,6.60548993917261,7.38255505268502,15.5003899230792,15.4999440536933,16.3433401571015,11.8112469874626
408.2,7.75,7.75,7.75019479744054,7.7499720013605,6.60548814577008,7.38255563684681,15.5003895948811,15.499944002721,16.3433627777488,11.81124014523
408.3,7.75,7.75,7.75019463348903,7.74997197594253,6.60548635368153,7.38255622098711,15.5003892669781,15.4999439518851,16.3433853818995,11.8112333034199
408.4,7.75,7.75,7.75019446968491,7.74997195059263,6.60548456290602,7.3825568051056,15.5003889393698,15.4999439011853,16.3434079695657,11.811226462036
408.5,7.75,7.75,7.75019430602804,7.74997192531072,6.60548277344256,7.38255738920192,15.5003886120561,15.4999438506214,16.3434305407594,11.8112196210819
408.6,7.75,7.75,7.75019414256508,7.74997190011826,6.60548098570728,7.38255797326837,15.5003882851302,15.4999438002365,16.3434530902564,11.8112127807019
408.7,7.75,7.75,7.75019397925115,7.7499718749945,6.60547919930053,7.38255855731131,15.5003879585023,15.499943749989,16.3434756230738,11.8112059407692
408.8,7.75,7.75,7.75019381608395,7.74997184993835,6.60547741420201,7.38255914133074,15.5003876321679,15.4999436998767,16.3434981394665,11.8111991012811
408.9,7.75,7.75,7.75019365306333,7.74997182494971,6.60547563041076,7.38255972532632,15.5003873061267,15.4999436498994,16.3435206394467,11.8111922622413
409,7.75,7.75,7.75019349018918,7.74997180002849,6.60547384792581,7.38256030929771,15.5003869803784,15.499943600057,16.3435431230261,11.8111854236534
409.1,7.75,7.75,7.75019332750788,7.74997177519598,6.60547206716146,7.38256089323657,15.5003866550158,15.499943550392,16.3435655850034,11.8111785856686
409.2,7.75,7.75,7.75019316497481,7.74997175043161,6.60547028771981,7.38256147714987,15.5003863299496,15.4999435008632,16.3435880303739,11.8111717481534
409.3,7.75,7.75,7.75019300258767,7.74997172573427,6.60546850958066,7.38256206103766,15.5003860051753,15.4999434514685,16.3436104593913,11.8111649111048
409.4,7.75,7.75,7.75019284034632,7.74997170110389,6.60546673274304,7.38256264489959,15.5003856806926,15.4999434022078,16.3436328720676,11.8111580745263
409.5,7.75,7.75,7.75019267825064,7.74997167654037,6.605464957206,7.38256322873533,15.5003853565013,15.4999433530807,16.3436552684147,11.8111512384217
409.6,7.75,7.75,7.75019251634678,7.74997165206482,6.605463183382,7.3825638125359,15.5003850326936,15.4999433041296,16.3436776432539,11.8111444029488
409.7,7.75,7.75,7.75019235459034,7.74997162765684,6.60546141087492,7.38256439630889,15.5003847091807,15.4999432553137,16.3437000015585,11.8111375679676
409.8,7.75,7.75,7.75019219297904,7.74997160331534,6.60545963966462,7.38256498005438,15.5003843859581,15.4999432066307,16.3437223435814,11.8111307334747
409.9,7.75,7.75,7.75019203151275,7.74997157904024,6.60545786975015,7.38256556377202,15.5003840630255,15.4999431580805,16.3437446693343,11.8111238994737
410,7.75,7.75,7.75019187019134,7.74997155483144,6.60545610113057,7.38256614746149,15.5003837403827,15.4999431096629,16.3437669788291,11.8111170659681
410.1,7.75,7.75,7.75019170906071,7.74997153070988,6.60545433421652,7.38256673111319,15.5003834181214,15.4999430614198,16.3437892669097,11.8111102331227
410.2,7.75,7.75,7.7501915480767,7.74997150665533,6.60545256861362,7.3825673147353,15.5003830961534,15.4999430133107,16.3438115385277,11.8111034007909
410.3,7.75,7.75,7.75019138723705,7.7499714826667,6.60545080430182,7.38256789832793,15.5003827744741,15.4999429653334,16.3438337939349,11.8110965689688
410.4,7.75,7.75,7.75019122654163,7.74997145874392,6.60544904128017,7.38256848189076,15.5003824530833,15.4999429174878,16.343856033143,11.8110897376601
410.5,7.75,7.75,7.7501910659903,7.74997143488689,6.60544727954773,7.38256906542346,15.5003821319806,15.4999428697738,16.3438782561637,11.8110829068682
410.6,7.75,7.75,7.75019090562872,7.74997141111638,6.60544551951337,7.38256964891578,15.5003818112574,15.4999428222328,16.3439004578634,11.8110760767647
410.7,7.75,7.75,7.75019074541298,7.74997138741231,6.60544376078441,7.38257023237655,15.500381490826,15.4999427748246,16.3439226431723,11.8110692471964
410.8,7.75,7.75,7.75019058534081,7.74997136377363,6.6054420033409,7.38257081580588,15.5003811706816,15.4999427275473,16.3439448123407,11.8110624181591
410.9,7.75,7.75,7.75019042541209,7.74997134020024,6.6054402471819,7.38257139920346,15.5003808508242,15.4999426804005,16.3439669653806,11.8110555896564
411,7.75,7.75,7.75019026562669,7.74997131669205,6.60543849230646,7.38257198256897,15.5003805312534,15.4999426333841,16.3439891023036,11.8110487616917
411.1,7.75,7.75,7.75019010603001,7.74997129326965,6.60543673912167,7.38257256589154,15.50038021206,15.4999425865393,16.3440112179983,11.8110419344433
411.2,7.75,7.75,7.75018994657837,7.74997126991315,6.60543498723657,7.3825731491806,15.5003798931567,15.4999425398263,16.3440333173734,11.8110351077516
411.3,7.75,7.75,7.75018978726954,7.74997124662148,6.6054332366313,7.38257373243629,15.5003795745391,15.499942493243,16.3440554006783,11.8110282816119
411.4,7.75,7.75,7.75018962810338,7.74997122339457,6.60543148730491,7.3825743156583,15.5003792562068,15.4999424467891,16.3440774679248,11.8110214560278
411.5,7.75,7.75,7.75018946907977,7.74997120023231,6.60542973925647,7.38257489884631,15.5003789381595,15.4999424004646,16.3440995191245,11.8110146310027
411.6,7.75,7.75,7.75018931024386,7.74997117715513,6.60542799289129,7.38257548198886,15.5003786204877,15.4999423543103,16.3441215491882,11.8110078067215
411.7,7.75,7.75,7.75018915155221,7.74997115414329,6.60542624782011,7.38257606509594,15.5003783031044,15.4999423082866,16.3441435630032,11.8110009830181
411.8,7.75,7.75,7.7501889930026,7.74997113119575,6.60542450402316,7.38257664816775,15.5003779860052,15.4999422623915,16.3441655608179,11.8109941598877
411.9,7.75,7.75,7.75018883459489,7.74997110831242,6.60542276149951,7.38257723120397,15.5003776691898,15.4999422166248,16.344187542644,11.8109873373336
412,7.75,7.75,7.75018867632896,7.7499710854932,6.60542102024823,7.38257781420428,15.5003773526579,15.4999421709864,16.344209508493,11.8109805153593
412.1,7.75,7.75,7.75018851824972,7.74997106275836,6.60541928067284,7.38257839715663,15.5003770364994,15.4999421255167,16.3442314532978,11.8109736941563
412.2,7.75,7.75,7.75018836031396,7.7499710400883,6.6054175423858,7.38257898007158,15.5003767206279,15.4999420801766,16.3442533819245,11.810966873552
412.3,7.75,7.75,7.75018820251947,7.74997101748201,6.60541580536742,7.38257956294937,15.5003764050389,15.499942034964,16.3442752946205,11.8109600535413
412.4,7.75,7.75,7.75018804486612,7.74997099493939,6.60541406961677,7.38258014578967,15.5003760897322,15.4999419898788,16.3442971913973,11.8109532341276
412.5,7.75,7.75,7.75018788735378,7.74997097246035,6.60541233513293,7.38258072859218,15.5003757747076,15.4999419449207,16.3443190722664,11.8109464153143
412.6,7.75,7.75,7.75018773002713,7.74997095006498,6.60541060231766,7.38258131134425,15.5003754600543,15.49994190013,16.3443409321826,11.8109395972992
412.7,7.75,7.75,7.75018757284319,7.74997092773386,6.60540887078512,7.38258189405702,15.5003751456864,15.4999418554677,16.3443627759911,11.8109327799037
412.8,7.75,7.75,7.75018741579975,7.74997090546596,6.6054071405157,7.38258247673074,15.5003748315995,15.4999418109319,16.344384603938,11.8109259631221
412.9,7.75,7.75,7.75018725889669,7.74997088326121,6.60540541150847,7.38258305936511,15.5003745177934,15.4999417665224,16.3444064160347,11.8109191469579
413,7.75,7.75,7.75018710213389,7.7499708611195,6.60540368376252,7.38258364195983,15.5003742042678,15.499941722239,16.3444282122928,11.8109123314145
413.1,7.75,7.75,7.75018694555577,7.74997083906076,6.60540195767786,7.38258422450164,15.5003738911115,15.4999416781215,16.3444499876891,11.8109055166961
413.2,7.75,7.75,7.75018678911959,7.74997081706573,6.60540023287032,7.38258480700226,15.5003735782392,15.4999416341315,16.3444717470474,11.8108987026178
413.3,7.75,7.75,7.75018663282316,7.7499707951334,6.60539850932039,7.38258538946199,15.5003732656463,15.4999415902668,16.344493490613,11.8108918891737
413.4,7.75,7.75,7.75018647666636,7.74997077326368,6.60539678702715,7.38258597188052,15.5003729533327,15.4999415465274,16.3445152183972,11.8108850763671
413.5,7.75,7.75,7.75018632064905,7.74997075145648,6.60539506598968,7.38258655425753,15.5003726412981,15.499941502913,16.3445369304115,11.8108782642014
413.6,7.75,7.75,7.75018616481543,7.74997072973155,6.60539334660624,7.38258713657921,15.5003723296309,15.4999414594631,16.3445586216545,11.8108714528872
413.7,7.75,7.75,7.75018600912299,7.7499707080698,6.60539162849436,7.38258771885783,15.500372018246,15.4999414161396,16.344580296929,11.8108646422335
413.8,7.75,7.75,7.75018585356955,7.74997068647022,6.6053899116346,7.38258830109373,15.5003717071391,15.4999413729404,16.3446019564793,11.810857832234
413.9,7.75,7.75,7.75018569815498,7.74997066493273,6.60538819602605,7.38258888328658,15.50037139631,15.4999413298655,16.3446236003167,11.810851022892
414,7.75,7.75,7.75018554287915,7.74997064345723,6.60538648166779,7.3825894654361,15.5003710857583,15.4999412869145,16.3446452284525,11.8108442142108
414.1,7.75,7.75,7.75018538778603,7.74997062206331,6.60538476895635,7.38259004752787,15.5003707755721,15.4999412441266,16.344666835907,11.8108374064074
414.2,7.75,7.75,7.75018523283333,7.74997060073205,6.60538305751093,7.38259062957474,15.5003704656667,15.4999412014641,16.3446884274623,11.8108305992846
414.3,7.75,7.75,7.75018507801887,7.74997057946243,6.60538134731216,7.38259121157706,15.5003701560377,15.4999411589249,16.3447100033615,11.8108237928357
414.4,7.75,7.75,7.75018492334254,7.74997055825438,6.60537963835915,7.38259179353452,15.5003698466851,15.4999411165088,16.3447315636159,11.8108169870642
414.5,7.75,7.75,7.75018476880421,7.74997053710781,6.60537793065099,7.38259237544683,15.5003695376084,15.4999410742156,16.3447531082368,11.8108101819731
414.6,7.75,7.75,7.7501846144476,7.74997051604213,6.60537622458247,7.38259295729902,15.5003692288952,15.4999410320843,16.344774632266,11.8108033777859
414.7,7.75,7.75,7.75018446023066,7.74997049503857,6.60537451977444,7.38259353910448,15.5003689204613,15.4999409900771,16.3447961404649,11.8107965742991
414.8,7.75,7.75,7.75018430615122,7.74997047409615,6.60537281620764,7.38259412086358,15.5003686123024,15.4999409481923,16.3448176330754,11.8107897715059
414.9,7.75,7.75,7.75018415220916,7.74997045321477,6.60537111388117,7.38259470257604,15.5003683044183,15.4999409064295,16.3448391101089,11.8107829694095
415,7.75,7.75,7.75018399840436,7.74997043239436,6.60536941279413,7.38259528424154,15.5003679968087,15.4999408647887,16.3448605715766,11.8107761680133
415.1,7.75,7.75,7.7501838447803,7.74997041165416,6.60536771333958,7.38259586584456,15.5003676895606,15.4999408233083,16.3448820125417,11.8107693675464
415.2,7.75,7.75,7.75018369129516,7.74997039097556,6.60536601514004,7.38259644739904,15.5003673825903,15.4999407819511,16.3449034377451,11.8107625677998
415.3,7.75,7.75,7.75018353794678,7.74997037035758,6.60536431817632,7.38259702890539,15.5003670758936,15.4999407407152,16.3449248474277,11.8107557687662
415.4,7.75,7.75,7.75018338473505,7.74997034980013,6.60536262244753,7.38259761036331,15.5003667694701,15.4999406996003,16.3449462416006,11.8107489704487
415.5,7.75,7.75,7.75018323165984,7.74997032930313,6.60536092795276,7.3825981917725,15.5003664633197,15.4999406586063,16.3449676202751,11.8107421728507
415.6,7.75,7.75,7.7501830787644,7.74997030888567,6.60535923508339,7.38259877311688,15.5003661575288,15.4999406177713,16.3449889785358,11.8107353762076
415.7,7.75,7.75,7.75018292600712,7.7499702885293,6.60535754346357,7.38259935441092,15.5003658520142,15.4999405770586,16.3450103211029,11.8107285803041
415.8,7.75,7.75,7.75018277338588,7.74997026823303,6.60535585307419,7.38259993565506,15.5003655467718,15.4999405364661,16.3450316482163,11.8107217851328
415.9,7.75,7.75,7.75018262090055,7.74997024799679,6.60535416391436,7.38260051684902,15.5003652418011,15.4999404959936,16.3450529598872,11.8107149906969
416,7.75,7.75,7.75018246855101,7.74997022782048,6.60535247598319,7.38260109799249,15.500364937102,15.499940455641,16.3450742561267,11.8107081969996
416.1,7.75,7.75,7.75018231638028,7.74997020772305,6.60535078967034,7.38260167906883,15.5003646327606,15.4999404154461,16.3450955320407,11.8107014042822
416.2,7.75,7.75,7.75018216434697,7.74997018768619,6.6053491046016,7.38260226009306,15.5003643286939,15.4999403753724,16.345116792329,11.8106946123239
416.3,7.75,7.75,7.75018201244896,7.74997016770892,6.60534742075795,7.38260284106565,15.5003640248979,15.4999403354178,16.3451380372304,11.8106878211168
416.4,7.75,7.75,7.75018186068613,7.74997014779118,6.6053457381385,7.38260342198631,15.5003637213723,15.4999402955824,16.345159266756,11.810681030664
416.5,7.75,7.75,7.75018170905836,7.74997012793287,6.60534405674237,7.38260400285475,15.5003634181167,15.4999402558657,16.345180480917,11.8106742409687
416.6,7.75,7.75,7.75018155760845,7.74997010815276,6.60534237695753,7.38260458365376,15.5003631152169,15.4999402163055,16.3452016748403,11.8106674522783
416.7,7.75,7.75,7.75018140629521,7.74997008843272,6.60534069841139,7.38260516439891,15.5003628125904,15.4999401768654,16.3452228532054,11.810660664366
416.8,7.75,7.75,7.75018125511656,7.74997006877177,6.60533902108502,7.3826057450907,15.5003625102331,15.4999401375435,16.3452440162502,11.8106538772237
416.9,7.75,7.75,7.75018110407236,7.74997004916984,6.60533734497752,7.38260632572882,15.5003622081447,15.4999400983397,16.3452651639857,11.8106470908545
417,7.75,7.75,7.7501809531625,7.74997002962684,6.60533567008803,7.382606906313,15.500361906325,15.4999400592537,16.3452862964228,11.8106403052615
417.1,7.75,7.75,7.75018080242953,7.74997001016138,6.60533399680281,7.38260748682549,15.5003616048591,15.4999400203228,16.3453074087097,11.810633520698
417.2,7.75,7.75,7.75018065183251,7.74996999075548,6.60533232475092,7.38260806728238,15.500361303665,15.499939981511,16.3453285055057,11.8106267369316
417.3,7.75,7.75,7.75018050136935,7.74996997140818,6.60533065391349,7.3826086476842,15.5003610027387,15.4999399428164,16.3453495870475,11.8106199539538
417.4,7.75,7.75,7.75018035103993,7.7499699521194,6.60532898428966,7.38260922803064,15.5003607020799,15.4999399042388,16.345370653346,11.8106131717677
417.5,7.75,7.75,7.75018020084412,7.74996993288905,6.60532731587853,7.38260980832144,15.5003604016882,15.4999398657781,16.3453917044123,11.8106063903763
417.6,7.75,7.75,7.75018005082425,7.74996991373559,6.60532564906471,7.38261038853831,15.5003601016485,15.4999398274712,16.3454127354154,11.8105996100388
417.7,7.75,7.75,7.75017990093962,7.74996989464118,6.60532398347886,7.38261096869786,15.5003598018792,15.4999397892824,16.3454337509944,11.8105928305171
417.8,7.75,7.75,7.75017975118812,7.74996987560487,6.60532231910221,7.38261154880063,15.5003595023762,15.4999397512097,16.345454751385,11.8105860518023
417.9,7.75,7.75,7.75017960156964,7.74996985662659,6.60532065593387,7.38261212884635,15.5003592031393,15.4999397132532,16.3454757365982,11.8105792738977
418,7.75,7.75,7.75017945208405,7.74996983770625,6.60531899397297,7.38261270883474,15.5003589041681,15.4999396754125,16.345496706645,11.8105724968061
418.1,7.75,7.75,7.75017930277347,7.74996981886214,6.60531733360246,7.38261328874698,15.5003586055469,15.4999396377243,16.345517656715,11.8105657207925
418.2,7.75,7.75,7.7501791535974,7.74996980007659,6.60531567445459,7.3826138686002,15.5003583071948,15.4999396001532,16.3455385914275,11.8105589456133
418.3,7.75,7.75,7.75017900455375,7.74996978134865,6.60531401651066,7.38261444839496,15.5003580091075,15.4999395626973,16.3455595110172,11.8105521712592
418.4,7.75,7.75,7.7501788556424,7.74996976267824,6.6053123597698,7.382615028131,15.5003577112848,15.4999395253565,16.345580415495,11.8105453977334
418.5,7.75,7.75,7.75017870686325,7.74996974406528,6.60531070423115,7.38261560780804,15.5003574137265,15.4999394881306,16.3456013048716,11.8105386250388
418.6,7.75,7.75,7.75017855825816,7.74996972552792,6.60530905027599,7.38261618740673,15.5003571165163,15.4999394510558,16.3456221743578,11.8105318534461
418.7,7.75,7.75,7.75017840978685,7.74996970704861,6.60530739753815,7.38261676694471,15.5003568195737,15.4999394140972,16.3456430285526,11.8105250827061
418.8,7.75,7.75,7.75017826144726,7.74996968862642,6.60530574599905,7.38261734642258,15.5003565228945,15.4999393772528,16.3456638676898,11.8105183128092
418.9,7.75,7.75,7.75017811323927,7.74996967026128,6.6053040956578,7.38261792584008,15.5003562264785,15.4999393405226,16.3456846917802,11.8105115437586
419,7.75,7.75,7.75017796516275,7.7499696519531,6.60530244651354,7.38261850519691,15.5003559303255,15.4999393039062,16.3457055008347,11.8105047755572
419.1,7.75,7.75,7.75017781725938,7.74996963371988,6.6053007989459,7.38261908447323,15.5003556345188,15.4999392674398,16.3457262900843,11.8104980084813
419.2,7.75,7.75,7.75017766948907,7.74996961554421,6.60529915259032,7.38261966368717,15.5003553389781,15.4999392310884,16.3457470641085,11.8104912422761
419.3,7.75,7.75,7.75017752184977,7.74996959742519,6.60529750742826,7.38262024283937,15.5003550436995,15.4999391948504,16.34576782314,11.810484476932
419.4,7.75,7.75,7.75017737434136,7.74996957936273,6.60529586345887,7.38262082192954,15.5003547486827,15.4999391587255,16.3457885671895,11.8104777124519
419.5,7.75,7.75,7.75017722696373,7.74996956135675,6.60529422068129,7.38262140095742,15.5003544539275,15.4999391227135,16.3458092962679,11.8104709488388
419.6,7.75,7.75,7.75017707975832,7.74996954342509,6.60529257947349,7.38262197990264,15.5003541595166,15.4999390868502,16.3458300056267,11.8104641863746
419.7,7.75,7.75,7.75017693268526,7.7499695255505,6.6052909394725,7.38262255878383,15.5003538653705,15.499939051101,16.3458506998257,11.8104574247991
419.8,7.75,7.75,7.75017678574251,7.74996950773206,6.60528930065987,7.38262313760164,15.500353571485,15.4999390154641,16.3458713790965,11.8104506641022
419.9,7.75,7.75,7.75017663892995,7.74996948996971,6.60528766303474,7.38262371635581,15.5003532778599,15.4999389799394,16.3458920434499,11.8104439042871
420,7.75,7.75,7.75017649224747,7.74996947226336,6.60528602659625,7.38262429504608,15.5003529844949,15.4999389445267,16.3459126928965,11.8104371453564
420.1,7.75,7.75,7.75017634573628,7.7499694546307,6.60528439172075,7.38262487365155,15.5003526914726,15.4999389092614,16.3459333227086,11.8104303875978
420.2,7.75,7.75,7.75017619935674,7.74996943705462,6.60528275804683,7.38262545219135,15.5003523987135,15.4999388741092,16.3459539374261,11.8104236307456
420.3,7.75,7.75,7.75017605310682,7.74996941953423,6.60528112555613,7.38262603066618,15.5003521062136,15.4999388390685,16.3459745372796,11.8104168747895
420.4,7.75,7.75,7.75017590698639,7.74996940206944,6.60527949424779,7.38262660907576,15.5003518139728,15.4999388041389,16.3459951222799,11.8104101197325
420.5,7.75,7.75,7.75017576099535,7.74996938466018,6.60527786412095,7.38262718741983,15.5003515219907,15.4999387693204,16.3460156924376,11.8104033655775
420.6,7.75,7.75,7.75017561517468,7.74996936732397,6.60527623555034,7.382627765677,15.5003512303494,15.4999387346479,16.3460362430452,11.8103966126173
420.7,7.75,7.75,7.75017546948496,7.74996935004387,6.60527460817611,7.38262834386689,15.5003509389699,15.4999387000877,16.3460567786232,11.8103898605812
420.8,7.75,7.75,7.75017532392416,7.74996933281898,6.60527298197997,7.38262892199021,15.5003506478483,15.499938665638,16.3460772994012,11.8103831094584
420.9,7.75,7.75,7.75017517849217,7.74996931564922,6.60527135696108,7.3826295000467,15.5003503569843,15.4999386312984,16.3460978053898,11.810376359252
421,7.75,7.75,7.75017503318887,7.74996929853451,6.60526973311858,7.38263007803609,15.5003500663777,15.499938597069,16.3461182965996,11.8103696099647
421.1,7.75,7.75,7.75017488805503,7.74996928149224,6.60526811082558,7.3826306559365,15.5003497761101,15.4999385629845,16.3461387683435,11.8103628618949
421.2,7.75,7.75,7.75017474305144,7.7499692645056,6.60526648972378,7.38263123376803,15.5003494861029,15.4999385290112,16.3461592251223,11.8103561147665
421.3,7.75,7.75,7.75017459817609,7.7499692475737,6.60526486979498,7.38263181153141,15.5003491963522,15.4999384951474,16.3461796671647,11.8103493685686
421.4,7.75,7.75,7.75017445342886,7.74996923069646,6.60526325103834,7.38263238922639,15.5003489068577,15.4999384613929,16.3462000944814,11.8103426233041
421.5,7.75,7.75,7.75017430880963,7.7499692138738,6.60526163345301,7.38263296685271,15.5003486176193,15.4999384277476,16.3462205070828,11.8103358789757
421.6,7.75,7.75,7.75017416435897,7.74996919712296,6.60526001741047,7.38263354438798,15.5003483287179,15.4999383942459,16.3462409003019,11.8103291358873
421.7,7.75,7.75,7.75017402003785,7.74996918042727,6.605258402554,7.38263412185279,15.5003480400757,15.4999383608545,16.3462612786202,11.8103223937573
421.8,7.75,7.75,7.75017387584429,7.74996916378586,6.60525678886545,7.38263469924789,15.5003477516886,15.4999383275717,16.3462816422655,11.8103156525748
421.9,7.75,7.75,7.75017373177816,7.74996914719864,6.60525517634399,7.38263527657304,15.5003474635563,15.4999382943973,16.3463019912483,11.8103089123426
422,7.75,7.75,7.75017358783936,7.74996913066555,6.60525356498877,7.38263585382797,15.5003471756787,15.4999382613311,16.3463223255791,11.8103021730633
422.1,7.75,7.75,7.75017344406822,7.74996911420365,6.60525195516969,7.38263643098981,15.5003468881364,15.4999382284073,16.3463426406107,11.8102954350461
422.2,7.75,7.75,7.75017330042594,7.74996909779644,6.60525034653155,7.38263700807963,15.5003466008519,15.4999381955929,16.3463629408057,11.8102886980045
422.3,7.75,7.75,7.75017315691053,7.74996908144304,6.60524873905629,7.3826375850982,15.5003463138211,15.4999381628861,16.3463832263906,11.8102819619269
422.4,7.75,7.75,7.75017301352188,7.74996906514337,6.60524713274307,7.38263816204528,15.5003460270438,15.4999381302867,16.3464034973759,11.8102752268163
422.5,7.75,7.75,7.75017287025987,7.74996904889736,6.60524552759108,7.38263873892061,15.5003457405197,15.4999380977947,16.3464237537721,11.8102684926754
422.6,7.75,7.75,7.75017272716464,7.74996903272194,6.60524392396857,7.38263931570083,15.5003454543293,15.4999380654439,16.3464439909521,11.8102617598185
422.7,7.75,7.75,7.75017258419758,7.74996901660074,6.60524232152191,7.38263989240747,15.5003451683952,15.4999380332015,16.346464213359,11.8102550279539
422.8,7.75,7.75,7.75017244135671,7.74996900053289,6.60524072023311,7.38264046904135,15.5003448827134,15.4999380010658,16.3464844212186,11.81024829707
422.9,7.75,7.75,7.75017229864192,7.74996898451832,6.60523912010134,7.3826410456022,15.5003445972838,15.4999379690366,16.3465046145412,11.8102415671695
423,7.75,7.75,7.75017215605311,7.74996896855694,6.60523752112577,7.38264162208979,15.5003443121062,15.4999379371139,16.3465247933374,11.8102348382552
423.1,7.75,7.75,7.75017201363018,7.74996895266555,6.6052359236731,7.38264219848028,15.5003440272604,15.4999379053311,16.3465449529997,11.8102281106465
423.2,7.75,7.75,7.75017187133474,7.74996893682792,6.60523432739119,7.38264277479565,15.5003437426695,15.4999378736558,16.3465650979524,11.8102213840468
423.3,7.75,7.75,7.75017172916482,7.74996892104318,6.60523273226216,7.38264335103674,15.5003434583296,15.4999378420864,16.3465852284201,11.8102146584442
423.4,7.75,7.75,7.75017158712031,7.74996890531125,6.60523113828516,7.38264392720332,15.5003431742406,15.4999378106225,16.3466053444133,11.8102079338413
423.5,7.75,7.75,7.7501714452011,7.74996888963207,6.60522954545938,7.38264450329511,15.5003428904022,15.4999377792641,16.3466254459423,11.8102012102409
423.6,7.75,7.75,7.75017130344689,7.74996887402228,6.60522795414993,7.38264507928783,15.5003426068938,15.4999377480446,16.3466455284194,11.8101944879676
423.7,7.75,7.75,7.7501711618195,7.74996885846578,6.60522636400618,7.38264565520392,15.500342323639,15.4999377169316,16.34666559625,11.8101877667197
423.8,7.75,7.75,7.75017102031696,7.74996884296173,6.60522477501035,7.38264623104424,15.5003420406339,15.4999376859235,16.3466856496578,11.810181046485
423.9,7.75,7.75,7.75017087893916,7.74996882751004,6.60522318716158,7.38264680680855,15.5003417578783,15.4999376550201,16.346705688653,11.8101743272663
424,7.75,7.75,7.75017073768599,7.74996881211063,6.60522160045907,7.38264738249659,15.500341475372,15.4999376242213,16.346725713246,11.8101676090661
424.1,7.75,7.75,7.75017059659695,7.74996879678003,6.60522001526635,7.3826479580836,15.5003411931939,15.4999375935601,16.3467457188688,11.8101608922143
424.2,7.75,7.75,7.75017045563405,7.74996878150226,6.60521843123431,7.38264853359248,15.5003409112681,15.4999375630045,16.3467657099079,11.8101541764041
424.3,7.75,7.75,7.75017031479533,7.74996876627648,6.60521684834524,7.38264910902412,15.5003406295907,15.499937532553,16.3467856865858,11.8101474616232
424.4,7.75,7.75,7.7501701740807,7.74996875110262,6.60521526659829,7.38264968437827,15.5003403481614,15.4999375022052,16.346805648913,11.8101407478742
424.5,7.75,7.75,7.75017003349004,7.7499687359806,6.60521368599266,7.38265025965468,15.5003400669801,15.4999374719612,16.3468255968997,11.8101340351597
424.6,7.75,7.75,7.75016989306262,7.74996872092679,6.60521210689032,7.38265083482812,15.5003397861252,15.4999374418536,16.3468455259975,11.8101273238145
424.7,7.75,7.75,7.75016975276068,7.74996870592535,6.60521052894366,7.38265140992195,15.5003395055214,15.4999374118507,16.3468654405739,11.8101206135272
424.8,7.75,7.75,7.75016961258226,7.74996869097547,6.60520895213504,7.38265198493708,15.5003392251645,15.4999373819509,16.3468853408507,11.8101139042848
424.9,7.75,7.75,7.75016947252727,7.74996867607705,6.60520737646363,7.38265255987325,15.5003389450545,15.4999373521541,16.3469052268382,11.8101071960902
425,7.75,7.75,7.75016933259558,7.74996866123003,6.60520580192862,7.38265313473024,15.5003386651912,15.4999373224601,16.3469250985466,11.8101004889459
425.1,7.75,7.75,7.75016919282628,7.74996864645063,6.60520422889043,7.38265370948234,15.5003383856526,15.4999372929013,16.3469449514469,11.8100937831917
425.2,7.75,7.75,7.75016905318178,7.74996863172316,6.60520265700295,7.38265428415336,15.5003381063636,15.4999372634463,16.346964789888,11.8100870785111
425.3,7.75,7.75,7.75016891366015,7.74996861704679,6.60520108624861,7.38265485874423,15.5003378273203,15.4999372340936,16.3469846140908,11.8100803748913
425.4,7.75,7.75,7.75016877426129,7.74996860242145,6.60519951662658,7.38265543325471,15.5003375485226,15.4999372048429,16.3470044240653,11.8100736723348
425.5,7.75,7.75,7.75016863498509,7.74996858784706,6.60519794813606,7.38265600768456,15.5003372699702,15.4999371756941,16.3470242198218,11.8100669708443
425.6,7.75,7.75,7.7501684958704,7.74996857333971,6.60519638113592,7.38265658200763,15.5003369917408,15.4999371466794,16.3470439968508,11.8100602707642
425.7,7.75,7.75,7.75016835687986,7.74996855888385,6.60519481528154,7.38265715624817,15.5003367137597,15.4999371177677,16.3470637594823,11.8100535717737
425.8,7.75,7.75,7.75016821801153,7.74996854447864,6.60519325055542,7.38265773040712,15.5003364360231,15.4999370889573,16.3470835079364,11.8100468738593
425.9,7.75,7.75,7.75016807926532,7.74996853012403,6.60519168695675,7.38265830448426,15.5003361585306,15.4999370602481,16.3471032422231,11.8100401770238
426,7.75,7.75,7.75016794064112,7.74996851581993,6.60519012448472,7.38265887847934,15.5003358812822,15.4999370316399,16.3471229623526,11.8100334812696
426.1,7.75,7.75,7.75016780217757,7.74996850158229,6.60518856349666,7.38265945236577,15.5003356043551,15.4999370031646,16.3471426638346,11.8100267869463
426.2,7.75,7.75,7.75016766383751,7.7499684873957,6.60518700364943,7.38266002616823,15.500335327675,15.4999369747914,16.3471623509808,11.810020093728
426.3,7.75,7.75,7.75016752561902,7.74996847325932,6.60518544492562,7.38266059988769,15.500335051238,15.4999369465186,16.3471820240101,11.8100134016012
426.4,7.75,7.75,7.75016738752199,7.7499684591731,6.6051838873244,7.38266117352393,15.500334775044,15.4999369183462,16.3472016829326,11.8100067105685
426.5,7.75,7.75,7.75016724954633,7.74996844513696,6.60518233084499,7.3826617470767,15.5003344990927,15.4999368902739,16.3472213277584,11.8100000206325
426.6,7.75,7.75,7.75016711173047,7.74996843116671,6.60518077584315,7.38266232051897,15.5003342234609,15.4999368623334,16.3472409540163,11.8099933321473
426.7,7.75,7.75,7.75016697403744,7.74996841724706,6.60517922197726,7.38266289387583,15.5003339480749,15.4999368344941,16.3472605659997,11.8099866447826
426.8,7.75,7.75,7.75016683646534,7.7499684033772,6.60517766922995,7.38266346714831,15.5003336729307,15.4999368067544,16.3472801639265,11.8099799585245
426.9,7.75,7.75,7.75016669901406,7.74996838955706,6.60517611760042,7.38266404033616,15.5003333980281,15.4999367791141,16.3472997478068,11.8099732733757
427,7.75,7.75,7.75016656168349,7.74996837578656,6.60517456708786,7.38266461343915,15.500333123367,15.4999367515731,16.3473193176506,11.8099665893386
427.1,7.75,7.75,7.75016642451189,7.74996836208139,6.60517301804656,7.38266518642981,15.5003328490238,15.4999367241628,16.3473388690059,11.8099599067722
427.2,7.75,7.75,7.75016628746246,7.74996834842638,6.6051714701363,7.38266575933366,15.5003325749249,15.4999366968528,16.3473584061475,11.8099532253415
427.3,7.75,7.75,7.75016615053332,7.74996833482073,6.60516992333983,7.38266633215173,15.5003323010666,15.4999366696415,16.3473779292926,11.8099465450325
427.4,7.75,7.75,7.75016601372436,7.74996832126437,6.60516837765633,7.3826669048838,15.5003320274487,15.4999366425287,16.3473974384511,11.8099398658476
427.5,7.75,7.75,7.75016587703547,7.74996830775722,6.60516683308501,7.38266747752963,15.5003317540709,15.4999366155144,16.347416933633,11.8099331877894
427.6,7.75,7.75,7.75016574050471,7.74996829431484,6.60516528997862,7.38266805006131,15.5003314810094,15.4999365886297,16.3474364104053,11.8099265112215
427.7,7.75,7.75,7.75016560409547,7.74996828092218,6.60516374799844,7.38266862250479,15.5003312081909,15.4999365618444,16.3474558730246,11.8099198358044
427.8,7.75,7.75,7.75016546780588,7.74996826757846,6.60516220712725,7.38266919486113,15.5003309356118,15.4999365351569,16.3474753217072,11.8099131615238
427.9,7.75,7.75,7.75016533163584,7.7499682542836,6.60516066736426,7.38266976713009,15.5003306632717,15.4999365085672,16.3474947564628,11.8099064883821
428,7.75,7.75,7.75016519558524,7.74996824103753,6.60515912870869,7.38267033931145,15.5003303911705,15.4999364820751,16.3475141773015,11.8098998163818
428.1,7.75,7.75,7.75016505969191,7.74996822785566,6.60515759151175,7.38267091137688,15.5003301193838,15.4999364557113,16.3475335798091,11.8098931458912
428.2,7.75,7.75,7.75016492391948,7.74996821472308,6.60515605543619,7.38267148335272,15.500329847839,15.4999364294462,16.3475529682241,11.8098864765663
428.3,7.75,7.75,7.75016478826606,7.74996820163902,6.60515452046487,7.38267205524007,15.5003295765321,15.499936403278,16.3475723427617,11.8098798083925
428.4,7.75,7.75,7.75016465273155,7.74996818860339,6.605152986597,7.38267262703869,15.5003293054631,15.4999363772068,16.3475917034318,11.8098731413723
428.5,7.75,7.75,7.75016451731585,7.74996817561613,6.60515145383179,7.38267319874836,15.5003290346317,15.4999363512323,16.3476110502443,11.8098664755081
428.6,7.75,7.75,7.7501643820566,7.74996816269252,6.60514992251896,7.38267377034031,15.5003287641132,15.499936325385,16.3476303788039,11.8098598111728
428.7,7.75,7.75,7.75016424691759,7.74996814981778,6.6051483923227,7.38267434184133,15.5003284938352,15.4999362996356,16.347649693331,11.8098531480179
428.8,7.75,7.75,7.75016411189697,7.74996813699112,6.60514686322595,7.38267491325251,15.5003282237939,15.4999362739822,16.3476689940398,11.8098464860286
428.9,7.75,7.75,7.75016397699464,7.74996812421248,6.60514533522791,7.38267548457363,15.5003279539893,15.499936248425,16.3476882809402,11.8098398252074
429,7.75,7.75,7.75016384221048,7.74996811148179,6.60514380832781,7.38267605580446,15.500327684421,15.4999362229636,16.3477075540421,11.8098331655565
429.1,7.75,7.75,7.75016370758195,7.74996809881419,6.60514228287387,7.38267662691582,15.5003274151639,15.4999361976284,16.3477268089688,11.8098265074536
429.2,7.75,7.75,7.75016357307302,7.74996808619504,6.60514075853172,7.3826771979349,15.500327146146,15.4999361723901,16.3477460499227,11.8098198505456
429.3,7.75,7.75,7.75016343868185,7.74996807362356,6.60513923528435,7.38267776886282,15.5003268773637,15.4999361472471,16.3477652771174,11.8098131948176
429.4,7.75,7.75,7.75016330440835,7.74996806109968,6.60513771313101,7.38267833969935,15.5003266088167,15.4999361221994,16.3477844905624,11.8098065402718
429.5,7.75,7.75,7.75016317025239,7.74996804862333,6.60513619207089,7.38267891044428,15.5003263405048,15.4999360972467,16.3478036902676,11.8097998869108
429.6,7.75,7.75,7.75016303625124,7.74996803620953,6.60513467245074,7.382679481068,15.5003260725025,15.4999360724191,16.3478228718751,11.8097932351164
429.7,7.75,7.75,7.75016290236906,7.74996802384375,6.60513315393761,7.38268005159811,15.5003258047381,15.4999360476875,16.3478420395693,11.8097865845314
429.8,7.75,7.75,7.75016276860403,7.74996801152522,6.60513163651459,7.38268062203574,15.5003255372081,15.4999360230504,16.3478611935628,11.8097799351404
429.9,7.75,7.75,7.75016263495603,7.74996799925389,6.6051301201809,7.38268119238069,15.5003252699121,15.4999359985078,16.3478803338652,11.8097732869459
430,7.75,7.75,7.75016250142496,7.74996798702967,6.60512860493575,7.38268176263272,15.5003250028499,15.4999359740593,16.3478994604863,11.8097666399502
430.1,7.75,7.75,7.75016236804787,7.74996797486745,6.60512709112442,7.38268233276183,15.5003247360957,15.4999359497349,16.3479185690867,11.8097599945398
430.2,7.75,7.75,7.75016223478913,7.74996796275284,6.60512557841536,7.38268290279601,15.5003244695783,15.4999359255057,16.347937663833,11.8097533503528
430.3,7.75,7.75,7.75016210164691,7.74996795068507,6.60512406679175,7.38268347273642,15.5003242032938,15.4999359013701,16.3479567449368,11.809746707374
430.4,7.75,7.75,7.75016196862111,7.74996793866408,6.6051225562528,7.38268404258285,15.5003239372422,15.4999358773282,16.3479758124079,11.8097400656056
430.5,7.75,7.75,7.75016183571162,7.7499679266898,6.60512104679775,7.38268461233508,15.5003236714232,15.4999358533796,16.3479948662559,11.80973342505
430.6,7.75,7.75,7.7501617029553,7.74996791477698,6.60511953877037,7.38268518196268,15.5003234059106,15.499935829554,16.3480139021597,11.8097267860979
430.7,7.75,7.75,7.75016157031671,7.74996790291134,6.60511803184056,7.38268575149405,15.5003231406334,15.4999358058227,16.3480329242685,11.8097201483834
430.8,7.75,7.75,7.75016143779402,7.74996789109215,6.60511652599154,7.38268632093038,15.500322875588,15.4999357821843,16.3480519327928,11.8097135118909
430.9,7.75,7.75,7.75016130538714,7.74996787931932,6.60511502122255,7.38268689027143,15.5003226107743,15.4999357586386,16.3480709277423,11.8097068766226
431,7.75,7.75,7.75016117309595,7.7499678675928,6.60511351753283,7.38268745951702,15.5003223461919,15.4999357351856,16.3480899091265,11.8097002425809
431.1,7.75,7.75,7.75016104095713,7.7499678559272,6.60511201526467,7.3826880286363,15.5003220819143,15.4999357118544,16.348108872643,11.8096936101608
431.2,7.75,7.75,7.75016090893541,7.74996784430838,6.60511051408938,7.38268859765806,15.5003218178708,15.4999356886168,16.3481278224231,11.8096869789923
431.3,7.75,7.75,7.75016077702898,7.74996783273558,6.60510901399027,7.38268916658351,15.500321554058,15.4999356654712,16.3481467586764,11.8096803490594
431.4,7.75,7.75,7.75016064523775,7.74996782120876,6.60510751496658,7.38268973541243,15.5003212904755,15.4999356424175,16.3481656814125,11.8096737203644
431.5,7.75,7.75,7.7501605135616,7.74996780972783,6.60510601701753,7.38269030414461,15.5003210271232,15.4999356194557,16.3481845906412,11.8096670929095
431.6,7.75,7.75,7.75016038203702,7.74996779830729,6.60510452048398,7.38269087274883,15.500320764074,15.4999355966146,16.3482034820779,11.8096604670943
431.7,7.75,7.75,7.75016025062891,7.74996778693312,6.60510302503863,7.38269144125426,15.5003205012578,15.4999355738662,16.3482223598366,11.8096538425443
431.8,7.75,7.75,7.7501601193355,7.74996777560458,6.60510153066486,7.38269200966212,15.500320238671,15.4999355512092,16.3482412241259,11.8096472192435
431.9,7.75,7.75,7.75015998815667,7.7499677643216,6.60510003736191,7.38269257797219,15.5003199763133,15.4999355286432,16.3482600749556,11.8096405971942
432,7.75,7.75,7.75015985709232,7.74996775308413,6.60509854512901,7.38269314618428,15.5003197141846,15.4999355061683,16.348278912335,11.8096339763984
432.1,7.75,7.75,7.75015972617873,7.7499677419065,6.60509705430557,7.38269371426678,15.5003194523575,15.499935483813,16.3482977319982,11.8096273572599
432.2,7.75,7.75,7.75015959538101,7.74996773077485,6.60509556456568,7.38269428224921,15.500319190762,15.4999354615497,16.3483165380413,11.8096207394004
432.3,7.75,7.75,7.75015946469738,7.74996771968843,6.6050940758928,7.38269485013284,15.5003189293948,15.4999354393769,16.3483353306723,11.8096141228034
432.4,7.75,7.75,7.75015933412772,7.74996770864717,6.60509258828616,7.38269541791746,15.5003186682554,15.4999354172943,16.3483541099008,11.8096075074711
432.5,7.75,7.75,7.75015920367195,7.74996769765101,6.60509110174502,7.38269598560285,15.5003184073439,15.499935395302,16.3483728757361,11.8096008934057
432.6,7.75,7.75,7.75015907336614,7.74996768671418,6.6050896166073,7.38269655315702,15.5003181467323,15.4999353734284,16.3483916239304,11.8095942810152
432.7,7.75,7.75,7.75015894317559,7.74996767582292,6.60508813254852,7.38269712060989,15.5003178863512,15.4999353516458,16.3484103585624,11.8095876699171
432.8,7.75,7.75,7.75015881309852,7.74996766497649,6.6050866495522,7.38269768796273,15.500317626197,15.499935329953,16.3484290798392,11.8095810600946
432.9,7.75,7.75,7.75015868313484,7.74996765417484,6.60508516761757,7.38269825521533,15.5003173662697,15.4999353083497,16.3484477877702,11.8095744515501
433,7.75,7.75,7.75015855328443,7.74996764341788,6.60508368674388,7.38269882236749,15.5003171065689,15.4999352868358,16.3484664823651,11.8095678442857
433.1,7.75,7.75,7.7501584235832,7.74996763271974,6.60508220726764,7.38269938938682,15.5003168471664,15.4999352654395,16.3484851593936,11.8095612387135
433.2,7.75,7.75,7.75015829399662,7.74996762206676,6.60508072886573,7.38269995630362,15.5003165879932,15.4999352441335,16.3485038229173,11.8095546344468
433.3,7.75,7.75,7.75015816452293,7.74996761145822,6.60507925152174,7.38270052311918,15.5003163290459,15.4999352229164,16.3485224731426,11.809548031469
433.4,7.75,7.75,7.75015803516202,7.74996760089406,6.60507777523492,7.38270108983328,15.500316070324,15.4999352017881,16.3485411100787,11.8095414297821
433.5,7.75,7.75,7.7501579059138,7.74996759037421,6.60507630000452,7.38270165644575,15.5003158118276,15.4999351807484,16.3485597337351,11.8095348293884
433.6,7.75,7.75,7.75015777681396,7.74996757991266,6.60507482616562,7.3827022229238,15.5003155536279,15.4999351598253,16.3485783398996,11.8095282307039
433.7,7.75,7.75,7.75015764782818,7.74996756949587,6.60507335339646,7.3827027892981,15.5003152956564,15.4999351389917,16.3485969326167,11.8095216333382
433.8,7.75,7.75,7.75015751895468,7.74996755912314,6.60507188168071,7.38270335556995,15.5003150379094,15.4999351182463,16.3486155120915,11.8095150372741
433.9,7.75,7.75,7.75015739019338,7.74996754879439,6.60507041101763,7.38270392173917,15.5003147803868,15.4999350975888,16.3486340783336,11.8095084425139
434,7.75,7.75,7.75015726154417,7.74996753850956,6.60506894140646,7.38270448780555,15.5003145230883,15.4999350770191,16.3486526313522,11.8095018490598
434.1,7.75,7.75,7.75015713304257,7.74996752828252,6.60506747318086,7.38270505373594,15.5003142660851,15.499935056565,16.3486711669531,11.8094952573317
434.2,7.75,7.75,7.75015700465442,7.74996751809985,6.60506600602045,7.38270561956138,15.5003140093088,15.4999350361997,16.3486896891634,11.8094886669354
434.3,7.75,7.75,7.75015687637797,7.74996750796085,6.60506453990896,7.3827061852832,15.5003137527559,15.4999350159217,16.3487081981877,11.8094820778536
434.4,7.75,7.75,7.75015674821312,7.74996749786544,6.60506307484566,7.38270675090119,15.5003134964262,15.4999349957309,16.3487266940352,11.8094754900883
434.5,7.75,7.75,7.75015662015978,7.74996748781357,6.60506161082979,7.38270731641517,15.5003132403196,15.4999349756271,16.3487451767152,11.8094689036418
434.6,7.75,7.75,7.75015649225326,7.74996747781897,6.60506014819358,7.38270788179161,15.5003129845065,15.4999349556379,16.3487636420513,11.8094623189381
434.7,7.75,7.75,7.75015636445961,7.74996746786836,6.60505868661803,7.3827084470619,15.5003127289192,15.4999349357367,16.3487820940535,11.809455735579
434.8,7.75,7.75,7.75015623677706,7.74996745796103,6.60505722608694,7.38270901222741,15.5003124735541,15.4999349159221,16.3488005329255,11.809449153547
434.9,7.75,7.75,7.75015610920553,7.7499674480969,6.60505576659957,7.38270957728792,15.5003122184111,15.4999348961938,16.3488189586765,11.8094425728441
435,7.75,7.75,7.75015598174492,7.74996743827594,6.60505430815517,7.38271014224324,15.5003119634898,15.4999348765519,16.3488373713157,11.8094359934725
435.1,7.75,7.75,7.75015585443037,7.74996742851174,6.60505285108457,7.3827107070595,15.5003117088607,15.4999348570235,16.3488557666844,11.8094294158603
435.2,7.75,7.75,7.75015572722808,7.74996741879113,6.60505139507011,7.38271127176845,15.5003114544562,15.4999348375823,16.3488741487757,11.8094228396053
435.3,7.75,7.75,7.75015560013632,7.74996740911343,6.60504994009566,7.38271183637143,15.5003112002726,15.4999348182269,16.3488925177922,11.8094162646898
435.4,7.75,7.75,7.750155473155,7.74996739947855,6.60504848616049,7.38271240086828,15.50031094631,15.4999347989571,16.3489108737433,11.809409691116
435.5,7.75,7.75,7.75015534628401,7.74996738988645,6.60504703326386,7.38271296525878,15.500310692568,15.4999347797729,16.3489292166381,11.8094031188858
435.6,7.75,7.75,7.75015521955831,7.74996738035062,6.60504558173518,7.38271352950871,15.5003104391166,15.4999347607012,16.3489475423354,11.8093965484314
435.7,7.75,7.75,7.75015509294429,7.749967370858,6.60504413125815,7.38271409365015,15.5003101858886,15.499934741716,16.3489658548114,11.8093899793467
435.8,7.75,7.75,7.75015496644022,7.74996736140789,6.60504268181671,7.38271465768449,15.5003099328804,15.4999347228158,16.348984154268,11.8093834116138
435.9,7.75,7.75,7.75015484004599,7.74996735200024,6.60504123341013,7.38271522161155,15.500309680092,15.4999347040005,16.3490024407144,11.8093768452349
436,7.75,7.75,7.75015471376153,7.74996734263498,6.60503978603768,7.38271578543113,15.5003094275231,15.49993468527,16.3490207141597,11.8093702802119
436.1,7.75,7.75,7.7501545876216,7.7499673333255,6.60503834002736,7.38271634910863,15.5003091752432,15.499934666651,16.3490389704802,11.8093637169807
436.2,7.75,7.75,7.75015446159275,7.74996732405884,6.60503689506421,7.38271691267651,15.5003089231855,15.4999346481177,16.3490572136353,11.8093571551317
436.3,7.75,7.75,7.75015433567328,7.74996731483432,6.60503545113226,7.38271747613615,15.5003086713466,15.4999346296686,16.349075443826,11.8093505946467
436.4,7.75,7.75,7.75015420986309,7.74996730565189,6.60503400823078,7.38271803948737,15.5003084197262,15.4999346113038,16.3490936610614,11.8093440355277
436.5,7.75,7.75,7.75015408416207,7.74996729651146,6.60503256635902,7.38271860273,15.5003081683241,15.4999345930229,16.3491118653507,11.8093374777768
436.6,7.75,7.75,7.75015395860483,7.74996728742632,6.6050311258436,7.38271916582906,15.5003079172097,15.4999345748526,16.3491300525875,11.8093309218337
436.7,7.75,7.75,7.7501538331581,7.74996727838363,6.60502968637092,7.38271972881736,15.5003076663162,15.4999345567673,16.3491482267146,11.809324367285
436.8,7.75,7.75,7.75015370782016,7.74996726938271,6.60502824792505,7.38272029169631,15.5003074156403,15.4999345387654,16.349166387932,11.8093178141123
436.9,7.75,7.75,7.75015358259093,7.74996726042349,6.60502681050527,7.38272085446573,15.5003071651819,15.499934520847,16.3491845362489,11.8093112623176
437,7.75,7.75,7.7501534574703,7.74996725150591,6.60502537411084,7.38272141712543,15.5003069149406,15.4999345030118,16.3492026716743,11.809304711903
437.1,7.75,7.75,7.7501533324927,7.74996724264313,6.60502393906699,7.38272197964011,15.5003066649854,15.4999344852863,16.3492207901193,11.8092981633119
437.2,7.75,7.75,7.75015320762503,7.74996723382242,6.60502250506145,7.3827225420429,15.5003064152501,15.4999344676448,16.3492388955098,11.8092916161273
437.3,7.75,7.75,7.75015308286558,7.7499672250431,6.60502107207836,7.38272310433524,15.5003061657312,15.4999344500862,16.3492569880452,11.8092850703306
437.4,7.75,7.75,7.75015295821427,7.74996721630512,6.60501964011701,7.38272366651695,15.5003059164285,15.4999344326102,16.3492750677345,11.8092785259238
437.5,7.75,7.75,7.75015283367099,7.74996720760841,6.60501820917665,7.38272422858784,15.500305667342,15.4999344152168,16.3492931345867,11.8092719829088
437.6,7.75,7.75,7.75015270926999,7.74996719896601,6.60501677958115,7.38272479051226,15.50030541854,15.499934397932,16.3493111845302,11.809265441733
437.7,7.75,7.75,7.75015258497834,7.74996719036531,6.60501535101955,7.38272535232367,15.5003051699567,15.4999343807306,16.3493292214743,11.8092589019755
437.8,7.75,7.75,7.75015246079435,7.74996718180563,6.60501392347606,7.38272591402355,15.5003049215887,15.4999343636113,16.3493472456175,11.8092523636177
437.9,7.75,7.75,7.75015233671793,7.74996717328693,6.60501249694997,7.38272647561171,15.5003046734359,15.4999343465739,16.3493652569687,11.8092458266616
438,7.75,7.75,7.75015221274899,7.74996716480913,6.60501107144055,7.38272703708796,15.500304425498,15.4999343296183,16.3493832555371,11.809239291109
438.1,7.75,7.75,7.75015208892157,7.74996715638515,6.60500964727028,7.38272759841631,15.5003041778431,15.4999343127703,16.349401237268,11.8092327574109
438.2,7.75,7.75,7.75015196520293,7.7499671480025,6.60500822412953,7.38272815963056,15.5003039304059,15.499934296005,16.3494192060544,11.8092262251429
438.3,7.75,7.75,7.75015184159139,7.74996713966052,6.60500680200257,7.38272872073219,15.5003036831828,15.499934279321,16.3494371620938,11.8092196942862
438.4,7.75,7.75,7.75015171808685,7.74996713135914,6.6050053808887,7.38272928172103,15.5003034361737,15.4999342627183,16.3494551053953,11.8092131648427
438.5,7.75,7.75,7.75015159468922,7.7499671230983,6.60500396078718,7.38272984259688,15.5003031893784,15.4999342461966,16.3494730359678,11.8092066368143
438.6,7.75,7.75,7.75015147143239,7.7499671148908,6.60500254201914,7.38273040332342,15.5003029428648,15.4999342297816,16.3494909497738,11.8092001106556
438.7,7.75,7.75,7.75015134828376,7.74996710672426,6.60500112427625,7.38273096393478,15.5003026965675,15.4999342134485,16.3495088506897,11.8091935859387
438.8,7.75,7.75,7.75015122524167,7.74996709859803,6.60499970754286,7.38273152443245,15.5003024504833,15.4999341971961,16.3495267389125,11.8091870626445
438.9,7.75,7.75,7.75015110230603,7.74996709051203,6.60499829181826,7.38273208481626,15.5003022046121,15.4999341810241,16.349544614451,11.809180540775
439,7.75,7.75,7.75015097947673,7.74996708246622,6.60499687710173,7.38273264508603,15.5003019589535,15.4999341649324,16.3495624773141,11.809174020332
439.1,7.75,7.75,7.75015085678749,7.74996707447328,6.60499546371302,7.38273320520509,15.500301713575,15.4999341489466,16.3495803234814,11.8091675017736
439.2,7.75,7.75,7.7501507342059,7.74996706652092,6.60499405134513,7.3827337652079,15.5003014684118,15.4999341330418,16.3495981568129,11.8091609846686
439.3,7.75,7.75,7.75015061173028,7.74996705860851,6.60499263998246,7.38273432509596,15.5003012234606,15.499934117217,16.3496159775047,11.8091544689976
439.4,7.75,7.75,7.75015048936056,7.74996705073599,6.6049912296243,7.38273488486911,15.5003009787211,15.499934101472,16.3496337855657,11.8091479547626
439.5,7.75,7.75,7.75015036709663,7.74996704290329,6.60498982026995,7.38273544452717,15.5003007341933,15.4999340858066,16.3496515810046,11.8091414419653
439.6,7.75,7.75,7.75015024497202,7.74996703512298,6.6049884122378,7.38273600403314,15.500300489944,15.499934070246,16.349669359818,11.8091349310676
439.7,7.75,7.75,7.75015012295449,7.7499670273829,6.60498700522213,7.3827365634218,15.500300245909,15.4999340547658,16.3496871258497,11.8091284216345
439.8,7.75,7.75,7.75015000104239,7.7499670196824,6.60498559920744,7.38273712269467,15.5003000020848,15.4999340393648,16.3497048792949,11.8091219136466
439.9,7.75,7.75,7.75014987923563,7.74996701202144,6.60498419419301,7.38273768185159,15.5002997584713,15.4999340240429,16.3497226201624,11.8091154071059
440,7.75,7.75,7.75014975753411,7.74996700439994,6.60498279017813,7.38273824089239,15.5002995150682,15.4999340087999,16.349740348461,11.8091089020141
440.1,7.75,7.75,7.75014963597118,7.74996699683036,6.60498138747986,7.38273879977973,15.5002992719424,15.4999339936607,16.349758060204,11.8091023988364
440.2,7.75,7.75,7.75014951451478,7.74996698930066,6.60497998579378,7.38273935854871,15.5002990290296,15.4999339786013,16.3497757592192,11.8090958971346
440.3,7.75,7.75,7.75014939316325,7.74996698181019,6.60497858510443,7.38273991720088,15.5002987863265,15.4999339636204,16.3497934457007,11.8090893968891
440.4,7.75,7.75,7.75014927191651,7.74996697435889,6.60497718541111,7.38274047573607,15.500298543833,15.4999339487178,16.3498111196575,11.8090828981017
440.5,7.75,7.75,7.75014915077446,7.74996696694671,6.60497578671312,7.38274103415411,15.5002983015489,15.4999339338934,16.3498287810983,11.8090764007743
440.6,7.75,7.75,7.75014902977029,7.74996695958598,6.60497438932617,7.38274159241735,15.5002980595406,15.499933919172,16.349846426053,11.8090699053754
440.7,7.75,7.75,7.75014890887207,7.74996695226477,6.60497299294712,7.38274215056119,15.5002978177441,15.4999339045295,16.3498640583335,11.8090634114635
440.8,7.75,7.75,7.75014878807819,7.74996694498244,6.6049715975606,7.3827427085872,15.5002975761564,15.4999338899649,16.349881678133,11.8090569190189
440.9,7.75,7.75,7.75014866738855,7.74996693773893,6.60497020316589,7.38274326649522,15.5002973347771,15.4999338754779,16.3498992854605,11.8090504280432
441,7.75,7.75,7.75014854680306,7.74996693053419,6.60496880976231,7.38274382428508,15.5002970936061,15.4999338610684,16.3499168803245,11.8090439385383
441.1,7.75,7.75,7.75014842635471,7.74996692338044,6.60496741766421,7.38274438191881,15.5002968527094,15.4999338467609,16.3499344587718,11.8090374509763
441.2,7.75,7.75,7.75014830601178,7.74996691626585,6.60496602656977,7.38274493943212,15.5002966120236,15.4999338325317,16.3499520245981,11.8090309649123
441.3,7.75,7.75,7.75014818577264,7.74996690918979,6.60496463646365,7.3827454968266,15.5002963715453,15.4999338183796,16.349969577996,11.8090244803262
441.4,7.75,7.75,7.75014806563719,7.74996690215221,6.60496324734516,7.38274605410208,15.5002961312744,15.4999338043044,16.3499871189741,11.8090179972199
441.5,7.75,7.75,7.75014794560535,7.74996689515303,6.60496185921361,7.38274661125839,15.5002958912107,15.4999337903061,16.3500046475412,11.8090115155951
441.6,7.75,7.75,7.75014782570994,7.74996688820441,6.60496047238203,7.38274716825726,15.5002956514199,15.4999337764088,16.3500221597606,11.8090050359272
441.7,7.75,7.75,7.7501477059194,7.74996688129458,6.60495908654986,7.3827477251347,15.5002954118388,15.4999337625892,16.3500396594119,11.8089985577682
441.8,7.75,7.75,7.7501475862321,7.74996687442295,6.60495770170184,7.38274828189232,15.5002951724642,15.4999337488459,16.350057146687,11.8089920810977
441.9,7.75,7.75,7.75014746664796,7.74996686758943,6.60495631783728,7.38274883852995,15.5002949332959,15.4999337351789,16.3500746215945,11.8089856059176
442,7.75,7.75,7.75014734716689,7.74996686079399,6.60495493495549,7.38274939504743,15.5002946943338,15.499933721588,16.3500920841432,11.8089791322297
442.1,7.75,7.75,7.75014722782153,7.74996685404864,6.60495355336819,7.38274995140617,15.5002944556431,15.4999337080973,16.3501095304127,11.8089726605126
442.2,7.75,7.75,7.7501471085805,7.74996684734174,6.60495217277607,7.38275050764248,15.500294217161,15.4999336946835,16.350126964167,11.808966190315
442.3,7.75,7.75,7.75014698944217,7.74996684067268,6.60495079316395,7.38275106375798,15.5002939788843,15.4999336813454,16.3501443855969,11.8089597216165
442.4,7.75,7.75,7.75014687040646,7.74996683404141,6.60494941453114,7.38275161975252,15.5002937408129,15.4999336680828,16.3501617947112,11.8089532544189
442.5,7.75,7.75,7.75014675147328,7.74996682744786,6.60494803687695,7.38275217562593,15.5002935029466,15.4999336548957,16.3501791915185,11.8089467887239
442.6,7.75,7.75,7.75014663267512,7.74996682090395,6.60494666051179,7.3827527313393,15.5002932653502,15.4999336418079,16.350196572115,11.8089403250135
442.7,7.75,7.75,7.75014651398073,7.74996681439815,6.60494528513761,7.38275328692928,15.5002930279615,15.4999336287963,16.3502139402488,11.8089338628331
442.8,7.75,7.75,7.75014639538852,7.74996680792984,6.6049439107393,7.38275384239747,15.500292790777,15.4999336158597,16.3502312961099,11.8089274021623
442.9,7.75,7.75,7.75014627689839,7.74996680149899,6.60494253731617,7.38275439774374,15.5002925537968,15.499933602998,16.3502486397071,11.8089209430026
443,7.75,7.75,7.75014615851025,7.74996679510551,6.60494116486752,7.38275495296791,15.5002923170205,15.499933590211,16.3502659710489,11.8089144853558
443.1,7.75,7.75,7.75014604025643,7.74996678876123,6.60493979370247,7.38275550803078,15.5002920805129,15.4999335775225,16.3502832862479,11.8089080297073
443.2,7.75,7.75,7.75014592210584,7.74996678245471,6.60493842352422,7.38275606296927,15.5002918442117,15.4999335649094,16.3503005890363,11.8089015755992
443.3,7.75,7.75,7.7501458040569,7.74996677618535,6.60493705431773,7.38275661778503,15.5002916081138,15.4999335523707,16.3503178796037,11.8088951230109
443.4,7.75,7.75,7.75014568610951,7.74996676995309,6.6049356860823,7.38275717247791,15.500291372219,15.4999335399062,16.3503351579584,11.808888671944
443.5,7.75,7.75,7.75014556826358,7.74996676375789,6.60493431881725,7.38275772704774,15.5002911365272,15.4999335275158,16.3503524241092,11.8088822224002
443.6,7.75,7.75,7.75014545055127,7.74996675761142,6.60493295283039,7.38275828145501,15.5002909011025,15.4999335152228,16.3503696741848,11.8088757748681
443.7,7.75,7.75,7.75014533294165,7.74996675150239,6.60493158782617,7.38275883573695,15.5002906658833,15.4999335030048,16.3503869119019,11.8088693288866
443.8,7.75,7.75,7.75014521543315,7.74996674543017,6.60493022378961,7.38275938989521,15.5002904308663,15.4999334908603,16.3504041374491,11.8088628844351
443.9,7.75,7.75,7.75014509802568,7.74996673939473,6.60492886072002,7.38275994392963,15.5002901960514,15.4999334787895,16.3504213508349,11.808856441515
444,7.75,7.75,7.75014498071914,7.749966733396,6.60492749861673,7.38276049784007,15.5002899614383,15.499933466792,16.3504385520679,11.8088500001282
444.1,7.75,7.75,7.75014486354552,7.74996672744556,6.60492613778623,7.38276105158672,15.500289727091,15.4999334548911,16.350455737293,11.8088435607663
444.2,7.75,7.75,7.75014474647407,7.74996672153222,6.60492477793425,7.38276160520708,15.5002894929481,15.4999334430644,16.3504729102114,11.8088371229652
444.3,7.75,7.75,7.75014462950321,7.74996671565537,6.60492341904584,7.38276215870284,15.5002892590064,15.4999334313107,16.3504900710109,11.8088306867039
444.4,7.75,7.75,7.75014451263284,7.74996670981495,6.60492206112034,7.38276271207382,15.5002890252657,15.4999334196299,16.3505072196999,11.8088242519842
444.5,7.75,7.75,7.75014439586289,7.74996670401091,6.60492070415706,7.38276326531989,15.5002887917258,15.4999334080218,16.3505243562869,11.8088178188076
444.6,7.75,7.75,7.75014427922517,7.74996669825473,6.60491934846121,7.38276381840095,15.5002885584503,15.4999333965095,16.3505414769332,11.808811387669
444.7,7.75,7.75,7.75014416268908,7.74996669253531,6.60491799373976,7.38276437135479,15.5002883253782,15.4999333850706,16.3505585853242,11.8088049581012
444.8,7.75,7.75,7.75014404625306,7.74996668685205,6.60491663997784,7.38276492418308,15.5002880925061,15.4999333737041,16.350575681647,11.8087985300832
444.9,7.75,7.75,7.75014392991702,7.74996668120489,6.60491528717476,7.3827654768857,15.500287859834,15.4999333624098,16.3505927659101,11.8087921036165
445,7.75,7.75,7.75014381368086,7.74996667559378,6.60491393532986,7.38276602946249,15.5002876273617,15.4999333511876,16.3506098381218,11.8087856787028
445.1,7.75,7.75,7.75014369757625,7.74996667003009,6.60491258474706,7.38276658187305,15.5002873951525,15.4999333400602,16.3506268944594,11.8087792558399
445.2,7.75,7.75,7.75014358157275,7.74996666450283,6.60491123513456,7.38276713415546,15.5002871631455,15.4999333290057,16.3506439385931,11.8087728345579
445.3,7.75,7.75,7.75014346566879,7.74996665901139,6.60490988647754,7.38276768631142,15.5002869313376,15.4999333180228,16.3506609707091,11.8087664148352
445.4,7.75,7.75,7.7501433498643,7.74996665355574,6.60490853877534,7.3827682383408,15.5002866997286,15.4999333071115,16.3506779908158,11.8087599966737
445.5,7.75,7.75,7.75014323415917,7.7499666481358,6.60490719202729,7.38276879024343,15.5002864683183,15.4999332962716,16.3506949989215,11.8087535800747
445.6,7.75,7.75,7.75014311858491,7.74996664276286,6.60490584653602,7.38276934197865,15.5002862371698,15.4999332855257,16.3507119912196,11.8087471655394
445.7,7.75,7.75,7.75014300311123,7.74996663742601,6.60490450201098,7.38276989358481,15.5002860062225,15.499933274852,16.3507289713648,11.8087407525947
445.8,7.75,7.75,7.75014288773657,7.74996663212466,6.6049031584374,7.38277044506362,15.5002857754731,15.4999332642493,16.3507459395425,11.808734341219
445.9,7.75,7.75,7.75014277246087,7.74996662685876,6.60490181581462,7.38277099641494,15.5002855449217,15.4999332537175,16.350762895761,11.8087279314139
446,7.75,7.75,7.75014265728401,7.74996662162826,6.60490047414198,7.38277154763863,15.500285314568,15.4999332432565,16.3507798400288,11.8087215231811
446.1,7.75,7.75,7.75014254223735,7.74996661644433,6.60489913372085,7.38277209869372,15.5002850844747,15.4999332328887,16.3507967685551,11.8087151170244
446.2,7.75,7.75,7.75014242729074,7.74996661129615,6.60489779426188,7.38277264961885,15.5002848545815,15.4999332225923,16.3508136849792,11.808708712468
446.3,7.75,7.75,7.75014231244265,7.74996660618316,6.60489645575038,7.38277320041574,15.5002846248853,15.4999332123663,16.3508305894858,11.8087023094901
446.4,7.75,7.75,7.75014219769298,7.74996660110529,6.60489511818568,7.38277375108426,15.500284395386,15.4999332022106,16.3508474820833,11.8086959080923
446.5,7.75,7.75,7.75014208304167,7.7499665960625,6.60489378156713,7.38277430162426,15.5002841660833,15.499933192125,16.35086436278,11.8086895082761
446.6,7.75,7.75,7.75014196851986,7.74996659106585,6.60489244619483,7.38277485199451,15.5002839370397,15.4999331821317,16.3508812278008,11.8086831105486
446.7,7.75,7.75,7.75014185409759,7.74996658610462,6.60489111178064,7.38277540223389,15.5002837081952,15.4999331722092,16.3508980807701,11.8086767144308
446.8,7.75,7.75,7.75014173977333,7.74996658117826,6.60488977830995,7.38277595234417,15.5002834795467,15.4999331623565,16.3509149218717,11.8086703199008
446.9,7.75,7.75,7.75014162554699,7.74996657628671,6.60488844578209,7.38277650232519,15.500283251094,15.4999331525734,16.3509317511139,11.8086639269604
447,7.75,7.75,7.75014151141848,7.74996657142991,6.60488711419639,7.38277705217682,15.500283022837,15.4999331428598,16.3509485685049,11.8086575356109
447.1,7.75,7.75,7.75014139741882,7.74996656661883,6.60488578385172,7.38277760185756,15.5002827948376,15.4999331332377,16.3509653702856,11.8086511463622
447.2,7.75,7.75,7.75014128351818,7.74996656184286,6.60488445446115,7.38277815140654,15.5002825670364,15.4999331236857,16.350982160065,11.8086447587327
447.3,7.75,7.75,7.75014116971503,7.74996655710143,6.6048831260101,7.38277870082556,15.5002823394301,15.4999331142029,16.3509989380263,11.8086383727003
447.4,7.75,7.75,7.7501410560093,7.74996655239448,6.60488179849793,7.38277925011446,15.5002821120186,15.499933104789,16.3510157041777,11.8086319882666
447.5,7.75,7.75,7.7501409424009,7.74996654772197,6.60488047192397,7.3827797992731,15.5002818848018,15.4999330954439,16.3510324585274,11.8086256054331
447.6,7.75,7.75,7.75014082892067,7.74996654309477,6.60487914658583,7.38278034825971,15.5002816578413,15.4999330861895,16.3510491973318,11.8086192247125
447.7,7.75,7.75,7.75014071553895,7.74996653850235,6.60487782219778,7.38278089711371,15.5002814310779,15.4999330770047,16.3510659241851,11.8086128456203
447.8,7.75,7.75,7.75014060225423,7.74996653394415,6.60487649874531,7.38278144583688,15.5002812045085,15.4999330678883,16.3510826392696,11.8086064681344
447.9,7.75,7.75,7.75014048906641,7.74996652942013,6.60487517622779,7.38278199442909,15.5002809781328,15.4999330588403,16.3510993425934,11.8086000922562
448,7.75,7.75,7.75014037597542,7.74996652493022,6.60487385464454,7.38278254289018,15.5002807519508,15.4999330498604,16.3511160341647,11.8085937179873
448.1,7.75,7.75,7.75014026301194,7.74996652048521,6.60487253429193,7.38278309117812,15.5002805260239,15.4999330409704,16.3511327102557,11.8085873458432
448.2,7.75,7.75,7.75014015014646,7.74996651607465,6.60487121488542,7.38278363933259,15.5002803002929,15.4999330321493,16.3511493744453,11.8085809753367
448.3,7.75,7.75,7.75014003737747,7.74996651169801,6.60486989641058,7.38278418735539,15.5002800747549,15.499933023396,16.3511660269151,11.8085746064455
448.4,7.75,7.75,7.75013992470489,7.74996650735523,6.60486857886676,7.38278473524638,15.5002798494098,15.4999330147105,16.3511826676734,11.8085682391709
448.5,7.75,7.75,7.75013981212864,7.74996650304625,6.6048672622533,7.38278528300542,15.5002796242573,15.4999330060925,16.3511992967282,11.8085618735147
448.6,7.75,7.75,7.75013969967924,7.74996649878175,6.60486594686531,7.3827858305902,15.5002793993585,15.4999329975635,16.3512159103671,11.808555509995
448.7,7.75,7.75,7.75013958732733,7.7499664945514,6.60486463241947,7.38278637804066,15.5002791746547,15.4999329891028,16.3512325121542,11.8085491481219
448.8,7.75,7.75,7.75013947507141,7.74996649035464,6.60486331890139,7.38278692535862,15.5002789501428,15.4999329807093,16.3512491022705,11.808542787873
448.9,7.75,7.75,7.7501393629114,7.74996648619143,6.60486200631043,7.38278747254394,15.5002787258228,15.4999329723829,16.3512656807239,11.8085364292496
449,7.75,7.75,7.75013925084723,7.74996648206172,6.60486069464593,7.38278801959648,15.5002785016945,15.4999329641234,16.3512822475227,11.8085300722533
449.1,7.75,7.75,7.75013913890924,7.74996647797607,6.60485938420177,7.38278856647367,15.5002782778185,15.4999329559521,16.3512987989698,11.8085237174053
449.2,7.75,7.75,7.75013902706825,7.74996647392426,6.60485807469581,7.38278911321571,15.5002780541365,15.4999329478485,16.3513153386145,11.8085173642127
449.3,7.75,7.75,7.75013891532275,7.74996646990574,6.60485676611372,7.38278965982442,15.5002778306455,15.4999329398115,16.3513318666369,11.8085110126531
449.4,7.75,7.75,7.75013880367267,7.74996646592045,6.60485545845487,7.38279020629967,15.5002776073453,15.4999329318409,16.3513483830451,11.8085046627277
449.5,7.75,7.75,7.75013869211792,7.74996646196836,6.60485415171861,7.38279075264131,15.5002773842358,15.4999329239367,16.3513648878471,11.8084983144382
449.6,7.75,7.75,7.75013858068871,7.74996645805992,6.60485284619758,7.38279129880654,15.5002771613774,15.4999329161198,16.3513813773613,11.8084919683083
449.7,7.75,7.75,7.75013846935599,7.749966454185,6.60485154161081,7.38279184483578,15.500276938712,15.49993290837,16.3513978551224,11.8084856238428
449.8,7.75,7.75,7.75013835811828,7.74996645034306,6.60485023794406,7.38279239073089,15.5002767162366,15.4999329006861,16.3514143213095,11.8084792810188
449.9,7.75,7.75,7.75013824697549,7.74996644653406,6.60484893519668,7.38279293649172,15.500276493951,15.4999328930681,16.3514307759307,11.8084729398377
450,7.75,7.75,7.75013813592754,7.74996644275794,6.60484763336802,7.38279348211814,15.5002762718551,15.4999328855159,16.3514472189941,11.808466600301
450.1,7.75,7.75,7.75013802500448,7.74996643902507,6.60484633274952,7.38279402756708,15.500276050009,15.4999328780501,16.3514636468333,11.8084602629354
450.2,7.75,7.75,7.75013791417741,7.74996643532542,6.60484503306137,7.38279457287922,15.5002758283548,15.4999328706508,16.3514800629682,11.8084539272426
450.3,7.75,7.75,7.75013780344486,7.74996643165844,6.60484373428938,7.38279511805642,15.5002756068897,15.4999328633169,16.3514964675774,11.8084475932
450.4,7.75,7.75,7.75013769280674,7.74996642802409,6.60484243643292,7.38279566309855,15.5002753856135,15.4999328560482,16.3515128606687,11.8084412608088
450.5,7.75,7.75,7.75013758226298,7.74996642442232,6.60484113949134,7.38279620800548,15.500275164526,15.4999328488446,16.3515292422503,11.8084349300705
450.6,7.75,7.75,7.75013747184346,7.7499664208634,6.60483984375485,7.38279675273387,15.5002749436869,15.4999328417268,16.3515456086711,11.8084286015143
450.7,7.75,7.75,7.75013736151944,7.74996641733739,6.60483854894482,7.38279729732466,15.5002747230389,15.4999328346748,16.3515619634362,11.8084222746397
450.8,7.75,7.75,7.75013725128944,7.74996641384376,6.60483725504713,7.38279784177971,15.5002745025789,15.4999328276875,16.3515783067235,11.8084159494235
450.9,7.75,7.75,7.75013714115339,7.74996641038244,6.60483596206114,7.38279838609891,15.5002742823068,15.4999328207649,16.3515946385408,11.8084096258672
451,7.75,7.75,7.75013703111121,7.74996640695341,6.6048346699862,7.38279893028211,15.5002740622224,15.4999328139068,16.3516109588963,11.8084033039721
451.1,7.75,7.75,7.75013692119263,7.74996640356683,6.60483337911132,7.38279947428575,15.5002738423853,15.4999328071337,16.3516272641539,11.8083969842701
451.2,7.75,7.75,7.75013681136906,7.74996640021285,6.60483208915903,7.38280001815099,15.5002736227381,15.4999328004257,16.3516435578044,11.8083906662582
451.3,7.75,7.75,7.75013670163903,7.74996639689095,6.60483080011527,7.38280056187971,15.5002734032781,15.4999327937819,16.3516598400247,11.808384349913
451.4,7.75,7.75,7.75013659200246,7.74996639360107,6.60482951197939,7.3828011054718,15.5002731840049,15.4999327872021,16.3516761108227,11.8083780352359
451.5,7.75,7.75,7.75013648245928,7.74996639034317,6.60482822475076,7.38280164892712,15.5002729649186,15.4999327806863,16.3516923702065,11.8083717222283
451.6,7.75,7.75,7.75013637303906,7.74996638712733,6.60482693871717,7.38280219220184,15.5002727460781,15.4999327742547,16.3517086145552,11.8083654114248
451.7,7.75,7.75,7.75013626371336,7.74996638394379,6.60482565360233,7.38280273533739,15.5002725274267,15.4999327678876,16.3517248473449,11.8083591023195
451.8,7.75,7.75,7.75013615448072,7.74996638079203,6.60482436939221,7.38280327833565,15.5002723089614,15.4999327615841,16.3517410687519,11.8083527948891
451.9,7.75,7.75,7.75013604534106,7.74996637767199,6.60482308608618,7.38280382119651,15.5002720906821,15.499932755344,16.3517572787841,11.8083464891351
452,7.75,7.75,7.7501359362943,7.74996637458363,6.60482180368363,7.38280436391982,15.5002718725886,15.4999327491673,16.3517734774495,11.8083401850587
452.1,7.75,7.75,7.75013582736988,7.74996637153695,6.60482052247112,7.38280490646154,15.5002716547398,15.4999327430739,16.3517896611422,11.808333883197
452.2,7.75,7.75,7.75013571853948,7.74996636852226,6.60481924217352,7.38280544886331,15.500271437079,15.4999327370445,16.3518058333239,11.8083275830418
452.3,7.75,7.75,7.75013560980167,7.74996636553906,6.60481796277687,7.38280599112703,15.5002712196033,15.4999327310781,16.3518219941701,11.8083212845696
452.4,7.75,7.75,7.75013550115636,7.74996636258729,6.60481668428054,7.38280653325259,15.5002710023127,15.4999327251746,16.3518381436888,11.8083149877817
452.5,7.75,7.75,7.75013539260347,7.7499663596669,6.60481540668391,7.38280707523985,15.5002707852069,15.4999327193338,16.3518542818877,11.8083086926795
452.6,7.75,7.75,7.75013528417229,7.74996635678779,6.60481413027236,7.38280761704452,15.5002705683446,15.4999327135756,16.3518704051762,11.8083023998026
452.7,7.75,7.75,7.75013517583466,7.74996635394039,6.6048128547719,7.38280815870847,15.5002703516693,15.4999327078808,16.3518865170014,11.8082961086403
452.8,7.75,7.75,7.75013506758913,7.74996635112417,6.60481158016864,7.38280870023363,15.5002701351783,15.4999327022483,16.3519026175382,11.8082898191689
452.9,7.75,7.75,7.75013495943562,7.74996634833909,6.60481030646194,7.38280924161988,15.5002699188712,15.4999326966782,16.3519187067945,11.8082835313899
453,7.75,7.75,7.75013485137406,7.7499663455851,6.60480903365118,7.38280978286708,15.5002697027481,15.4999326911702,16.3519347847779,11.8082772453044
453.1,7.75,7.75,7.75013474343358,7.74996634287202,6.60480776202057,7.38281032393071,15.5002694868672,15.499932685744,16.3519508479127,11.8082709614546
453.2,7.75,7.75,7.75013463558617,7.74996634019033,6.60480649129724,7.38281086485287,15.5002692711723,15.4999326803807,16.3519668996318,11.8082646793273
453.3,7.75,7.75,7.75013452783039,7.74996633753954,6.60480522146737,7.3828114056355,15.5002690556608,15.4999326750791,16.3519829401093,11.8082583988989
453.4,7.75,7.75,7.75013442016616,7.7499663349196,6.60480395253033,7.38281194627848,15.5002688403323,15.4999326698392,16.351998969353,11.8082521201706
453.5,7.75,7.75,7.75013431259341,7.74996633233046,6.6048026844855,7.38281248678168,15.5002686251868,15.4999326646609,16.3520149873707,11.8082458431436
453.6,7.75,7.75,7.75013420514111,7.74996632978184,6.60480141761589,7.38281302710033,15.5002684102822,15.4999326595637,16.3520309906012,11.8082395683626
453.7,7.75,7.75,7.7501340977814,7.74996632726433,6.60480015164979,7.38281356727678,15.5002681955628,15.4999326545287,16.3520469824634,11.8082332953121
453.8,7.75,7.75,7.75013399051285,7.74996632477742,6.60479888657342,7.38281410731296,15.5002679810257,15.4999326495548,16.3520629631306,11.8082270239681
453.9,7.75,7.75,7.75013388333538,7.74996632232108,6.60479762238616,7.38281464720876,15.5002677666708,15.4999326446422,16.3520789326105,11.8082207543319
454,7.75,7.75,7.75013377624892,7.74996631989525,6.60479635908739,7.38281518696405,15.5002675524978,15.4999326397905,16.3520948909108,11.8082144864048
454.1,7.75,7.75,7.7501336692823,7.74996631750955,6.60479509695895,7.38281572653385,15.5002673385646,15.4999326350191,16.3521108344854,11.8082082207338
454.2,7.75,7.75,7.75013356240779,7.74996631515467,6.60479383573025,7.3828162659607,15.5002671248156,15.4999326303093,16.3521267667386,11.808201956801
454.3,7.75,7.75,7.75013345562397,7.74996631283011,6.60479257538758,7.38281680524657,15.5002669112479,15.4999326256602,16.3521426878432,11.8081956945823
454.4,7.75,7.75,7.75013334893076,7.74996631053583,6.60479131593032,7.38281734439134,15.5002666978615,15.4999326210717,16.3521585978069,11.8081894340791
454.5,7.75,7.75,7.75013324232809,7.74996630827177,6.60479005735785,7.38281788339489,15.5002664846562,15.4999326165435,16.3521744966374,11.8081831752926
454.6,7.75,7.75,7.75013313584464,7.74996630604748,6.60478879995083,7.382818422212,15.5002662716893,15.499932612095,16.352190380803,11.8081769187721
454.7,7.75,7.75,7.75013302945283,7.74996630385371,6.60478754343982,7.38281896088544,15.5002660589057,15.4999326077074,16.3522062536942,11.8081706639974
454.8,7.75,7.75,7.75013292315125,7.74996630168998,6.60478628781114,7.38281949941719,15.5002658463025,15.49993260338,16.3522221154829,11.8081644109444
454.9,7.75,7.75,7.75013281693982,7.74996629955623,6.60478503306419,7.38282003780713,15.5002656338796,15.4999325991125,16.3522379661767,11.8081581596144
455,7.75,7.75,7.75013271081846,7.74996629745243,6.60478377919834,7.38282057605514,15.5002654216369,15.4999325949049,16.3522538057835,11.8081519100086
455.1,7.75,7.75,7.75013260481571,7.74996629538802,6.6047825264931,7.38282111411578,15.5002652096314,15.499932590776,16.3522696307861,11.8081456626786
455.2,7.75,7.75,7.75013249890413,7.74996629335385,6.60478127468014,7.38282165203204,15.5002649978083,15.4999325867077,16.3522854445609,11.808139417102
455.3,7.75,7.75,7.75013239308232,7.74996629134943,6.60478002374584,7.38282218980591,15.5002647861646,15.4999325826989,16.3523012472791,11.8081331732545
455.4,7.75,7.75,7.75013228735019,7.74996628937472,6.60477877368959,7.38282272743727,15.5002645747004,15.4999325787494,16.3523170389484,11.8081269311373
455.5,7.75,7.75,7.75013218170767,7.74996628742966,6.60477752451079,7.38282326492601,15.5002643634153,15.4999325748593,16.3523328195765,11.8081206907517
455.6,7.75,7.75,7.75013207618315,7.74996628552363,6.60477627648778,7.38282380222645,15.5002641523663,15.4999325710473,16.3523485856608,11.8081144526516
455.7,7.75,7.75,7.75013197074934,7.74996628364755,6.60477502935332,7.38282433938182,15.5002639414987,15.4999325672951,16.3523643405638,11.8081082163123
455.8,7.75,7.75,7.75013186540483,7.74996628180094,6.60477378309388,7.3828248763941,15.5002637308097,15.4999325636019,16.3523800844559,11.8081019817094
455.9,7.75,7.75,7.75013176014954,7.74996627998376,6.60477253770884,7.38282541326318,15.5002635202991,15.4999325599675,16.3523958173448,11.8080957488442
456,7.75,7.75,7.75013165498341,7.74996627819597,6.6047712931976,7.38282594998895,15.5002633099668,15.4999325563919,16.3524115392381,11.8080895177178
456.1,7.75,7.75,7.75013154993467,7.74996627644682,6.60477004983734,7.38282648652553,15.5002630998693,15.4999325528936,16.3524272466477,11.8080832888865
456.2,7.75,7.75,7.75013144497618,7.74996627472734,6.60476880736195,7.38282702291633,15.5002628899524,15.4999325494547,16.3524429429222,11.8080770618233
456.3,7.75,7.75,7.75013134010652,7.74996627303706,6.60476756575793,7.38282755916337,15.500262680213,15.4999325460741,16.3524586282314,11.8080708365037
456.4,7.75,7.75,7.75013123532564,7.74996627137592,6.60476632502469,7.38282809526653,15.5002624706513,15.4999325427518,16.3524743025829,11.8080646129289
456.5,7.75,7.75,7.75013113063345,7.74996626974389,6.60476508516161,7.3828286312257,15.5002622612669,15.4999325394878,16.3524899659841,11.8080583911002
456.6,7.75,7.75,7.75013102605806,7.74996626815015,6.60476384644473,7.38282916699478,15.5002620521161,15.4999325363003,16.3525056149616,11.8080521715759
456.7,7.75,7.75,7.75013092157244,7.74996626658579,6.60476260860905,7.38282970261741,15.5002618431449,15.4999325331716,16.3525212528499,11.808045953827
456.8,7.75,7.75,7.75013081717522,7.74996626505036,6.60476137164112,7.3828302380956,15.5002616343504,15.4999325301007,16.3525368798182,11.8080397378287
456.9,7.75,7.75,7.7501307128663,7.7499662635438,6.60476013554035,7.38283077342923,15.5002614257326,15.4999325270876,16.352552495874,11.8080335235824
457,7.75,7.75,7.75013060864563,7.74996626206606,6.60475890030613,7.38283130861821,15.5002612172913,15.4999325241321,16.3525681010248,11.8080273110891
457.1,7.75,7.75,7.75013050454116,7.74996626062625,6.60475766621335,7.38283184361623,15.5002610090823,15.4999325212525,16.3525836918114,11.8080211009096
457.2,7.75,7.75,7.750130400526,7.74996625921555,6.60475643299811,7.38283237846712,15.500260801052,15.4999325184311,16.3525992715547,11.8080148925125
457.3,7.75,7.75,7.75013029659878,7.74996625783349,6.60475520064702,7.3828329131729,15.5002605931976,15.499932515667,16.352614840423,11.8080086858732
457.4,7.75,7.75,7.75013019275942,7.74996625648003,6.60475396915949,7.38283344773347,15.5002603855188,15.4999325129601,16.3526303984238,11.8080024809927
457.5,7.75,7.75,7.75013008900786,7.74996625515513,6.60475273853492,7.38283398214873,15.5002601780157,15.4999325103103,16.3526459455647,11.8079962778722
457.6,7.75,7.75,7.75012998537189,7.74996625386779,6.60475150904705,7.38283451637215,15.5002599707438,15.4999325077356,16.3526614784007,11.8079900770746
457.7,7.75,7.75,7.75012988182479,7.74996625260929,6.60475028043309,7.38283505044778,15.5002597636496,15.4999325052186,16.3526770002389,11.8079838780665
457.8,7.75,7.75,7.75012977836517,7.74996625137916,6.60474905267968,7.38283558437765,15.5002595567303,15.4999325027583,16.352692511247,11.807977680823
457.9,7.75,7.75,7.75012967499297,7.74996625017735,6.60474782578626,7.38283611816167,15.5002593499859,15.4999325003547,16.3527080114325,11.8079714853452
458,7.75,7.75,7.7501295717081,7.74996624900383,6.60474659975221,7.38283665179971,15.5002591434162,15.4999324980077,16.3527235008028,11.8079652916343
458.1,7.75,7.75,7.75012946853825,7.74996624786751,6.60474537485015,7.38283718524506,15.5002589370765,15.499932495735,16.3527389759272,11.8079591002552
458.2,7.75,7.75,7.75012936545681,7.74996624675976,6.60474415081837,7.38283771854197,15.5002587309136,15.4999324935195,16.3527544400992,11.8079529106726
458.3,7.75,7.75,7.7501292624624,7.74996624568011,6.60474292764358,7.38283825169248,15.5002585249248,15.4999324913602,16.3527698934858,11.8079467228613
458.4,7.75,7.75,7.75012915955497,7.74996624462852,6.60474170532521,7.38283878469648,15.5002583191099,15.499932489257,16.3527853360943,11.8079405368225
458.5,7.75,7.75,7.75012905673442,7.74996624360494,6.60474048386265,7.38283931755387,15.5002581134688,15.4999324872099,16.3528007679324,11.8079343525574
458.6,7.75,7.75,7.7501289540283,7.74996624261821,6.60473926352739,7.38283985021774,15.5002579080566,15.4999324852364,16.3528161855832,11.807928170633
458.7,7.75,7.75,7.75012885141013,7.74996624165977,6.6047380440588,7.38284038273251,15.5002577028203,15.4999324833195,16.3528315923267,11.8079219905118
458.8,7.75,7.75,7.75012874887856,7.74996624072917,6.60473682544366,7.38284091510025,15.5002574977571,15.4999324814583,16.3528469883293,11.8079158121686
458.9,7.75,7.75,7.75012864643351,7.74996623982635,6.60473560768138,7.38284144732084,15.500257292867,15.4999324796527,16.3528623735983,11.8079096356046
459,7.75,7.75,7.75012854407491,7.74996623895128,6.60473439077137,7.3828419793942,15.5002570881498,15.4999324779026,16.3528777481411,11.8079034608209
459.1,7.75,7.75,7.75012844183016,7.74996623811271,6.60473317498399,7.3828425112732,15.5002568836603,15.4999324762254,16.3528931085552,11.8078972883867
459.2,7.75,7.75,7.7501283396729,7.74996623730216,6.60473196005968,7.38284304300246,15.5002566793458,15.4999324746043,16.3529084581069,11.8078911177623
459.3,7.75,7.75,7.7501282376018,7.74996623651919,6.60473074598529,7.38284357458407,15.5002564752036,15.4999324730384,16.352923796962,11.8078849489226
459.4,7.75,7.75,7.75012813561678,7.74996623576373,6.60472953276023,7.38284410601791,15.5002562712336,15.4999324715275,16.3529391251276,11.8078787818687
459.5,7.75,7.75,7.75012803371777,7.74996623503575,6.60472832038392,7.38284463730389,15.5002560674355,15.4999324700715,16.3529544426113,11.8078726166015
459.6,7.75,7.75,7.75012793193202,7.74996623434393,6.60472710912558,7.38284516839469,15.500255863864,15.4999324686879,16.3529697460244,11.8078664536925
459.7,7.75,7.75,7.75012783023332,7.74996623367986,6.60472589872674,7.38284569933513,15.5002556604666,15.4999324673597,16.3529850386199,11.8078602925999
459.8,7.75,7.75,7.75012772862035,7.74996623304309,6.60472468917431,7.3828462301273,15.5002554572407,15.4999324660862,16.3530003205627,11.8078541332985
459.9,7.75,7.75,7.75012762709301,7.74996623243358,6.60472348046769,7.38284676077108,15.500255254186,15.4999324648672,16.3530155918602,11.8078479757892
460,7.75,7.75,7.75012752565123,7.74996623185129,6.6047222726063,7.38284729126639,15.5002550513025,15.4999324637026,16.3530308525196,11.8078418200733
460.1,7.75,7.75,7.75012742432215,7.74996623130481,6.60472106585826,7.38284782156571,15.5002548486443,15.4999324626096,16.3530460991664,11.8078356667239
460.2,7.75,7.75,7.75012732307967,7.74996623078581,6.60471985996617,7.38284835171406,15.5002546461593,15.4999324615716,16.35306133504,11.8078295151975
460.3,7.75,7.75,7.75012722192248,7.74996623029385,6.60471865491698,7.38284888171353,15.500254443845,15.4999324605877,16.3530765603049,11.8078233654686
460.4,7.75,7.75,7.75012712085048,7.7499662298289,6.60471745071011,7.38284941156401,15.500254241701,15.4999324596578,16.3530917749682,11.8078172175382
460.5,7.75,7.75,7.75012701986362,7.74996622939089,6.60471624734496,7.3828499412654,15.5002540397272,15.4999324587818,16.3531069790372,11.8078110714075
460.6,7.75,7.75,7.75012691898887,7.74996622898835,6.60471504508856,7.38285047077002,15.5002538379777,15.4999324579767,16.3531221691512,11.8078049276517
460.7,7.75,7.75,7.75012681820029,7.74996622861303,6.60471384368458,7.38285100012305,15.5002536364006,15.4999324572261,16.3531373485364,11.8077987857253
460.8,7.75,7.75,7.75012671749655,7.7499662282645,6.60471264312001,7.38285152932659,15.5002534349931,15.499932456529,16.3531525173564,11.8077926456027
460.9,7.75,7.75,7.75012661687759,7.7499662279427,6.60471144339427,7.38285205838056,15.5002532337552,15.4999324558854,16.3531676756185,11.8077865072849
461,7.75,7.75,7.75012651634332,7.74996622764761,6.60471024450679,7.38285258728484,15.5002530326866,15.4999324552952,16.3531828233298,11.807780370773
461.1,7.75,7.75,7.75012641592058,7.74996622738762,6.60470904672346,7.38285311599156,15.5002528318412,15.4999324547752,16.3531979571435,11.8077742366442
461.2,7.75,7.75,7.75012631558359,7.74996622715461,6.60470784978903,7.3828536445461,15.5002526311672,15.4999324543092,16.3532130802726,11.8077681043511
461.3,7.75,7.75,7.750126215331,7.74996622694811,6.60470665369054,7.38285417295056,15.500252430662,15.4999324538962,16.3532281928798,11.807761973868
461.4,7.75,7.75,7.75012611516275,7.7499662267681,6.60470545842742,7.38285470120485,15.5002522303255,15.4999324535362,16.3532432949725,11.8077558451959
461.5,7.75,7.75,7.75012601507876,7.74996622661453,6.60470426399909,7.38285522930887,15.5002520301575,15.4999324532291,16.3532583865579,11.8077497183358
461.6,7.75,7.75,7.75012591510575,7.74996622649573,6.60470307067036,7.38285575721457,15.5002518302115,15.4999324529915,16.3532734643027,11.807743593867
461.7,7.75,7.75,7.75012581521803,7.74996622640364,6.60470187818702,7.38285628496748,15.5002516304361,15.4999324528073,16.3532885314067,11.80773747124
461.8,7.75,7.75,7.75012571541429,7.74996622633782,6.60470068653617,7.38285681256973,15.5002514308286,15.4999324526756,16.3533035880322,11.8077313504291
461.9,7.75,7.75,7.75012561569446,7.74996622629823,6.60469949571723,7.38285734002124,15.5002512313889,15.4999324525965,16.3533186341863,11.8077252314353
462,7.75,7.75,7.75012551605847,7.74996622628481,6.60469830572963,7.3828578673219,15.5002510321169,15.4999324525696,16.3533336698762,11.8077191142596
462.1,7.75,7.75,7.75012541653289,7.74996622630585,6.6046971168371,7.38285839442347,15.5002508330658,15.4999324526117,16.3533486917824,11.8077129994831
462.2,7.75,7.75,7.75012531709216,7.74996622635332,6.60469592878646,7.38285892137168,15.5002506341843,15.4999324527066,16.3533637030915,11.8077068865545
462.3,7.75,7.75,7.75012521773499,7.74996622642681,6.60469474156488,7.38285944816865,15.50025043547,15.4999324528536,16.3533787039651,11.8077007754481
462.4,7.75,7.75,7.7501251184613,7.74996622652627,6.60469355517178,7.38285997481431,15.5002502369226,15.4999324530525,16.3533936944103,11.8076946661647
462.5,7.75,7.75,7.75012501927103,7.74996622665167,6.60469236960659,7.38286050130855,15.5002500385421,15.4999324533033,16.3534086744343,11.8076885587053
462.6,7.75,7.75,7.75012492019059,7.74996622681117,6.60469118513195,7.38286102760294,15.5002498403812,15.4999324536223,16.3534236407312,11.807682453653
462.7,7.75,7.75,7.75012482119459,7.74996622699686,6.60469000149573,7.38286155374341,15.5002496423892,15.4999324539937,16.3534385964745,11.8076763504547
462.8,7.75,7.75,7.75012472228172,7.74996622720832,6.60468881868514,7.38286207973208,15.5002494445634,15.4999324544166,16.353453541825,11.8076702490843
462.9,7.75,7.75,7.7501246234519,7.7499662274455,6.60468763669961,7.38286260556886,15.5002492469038,15.499932454891,16.35346847679,11.8076641495429
463,7.75,7.75,7.75012452470507,7.74996622770835,6.60468645553859,7.38286313125367,15.5002490494101,15.4999324554167,16.3534834013765,11.8076580518315
463.1,7.75,7.75,7.75012442606752,7.74996622800498,6.60468527546361,7.3828636567379,15.500248852135,15.49993245601,16.3534983122922,11.8076519565348
463.2,7.75,7.75,7.75012432751398,7.74996622832755,6.60468409622359,7.38286418206763,15.500248655028,15.4999324566551,16.3535132126976,11.8076458630979
463.3,7.75,7.75,7.75012422904314,7.74996622867563,6.60468291780581,7.38286470724501,15.5002484580863,15.4999324573513,16.3535281027529,11.8076397714949
463.4,7.75,7.75,7.75012413065494,7.74996622904918,6.60468174020968,7.38286523226995,15.5002482613099,15.4999324580984,16.3535429824652,11.8076336817266
463.5,7.75,7.75,7.7501240323493,7.74996622944817,6.60468056343466,7.38286575714235,15.5002480646986,15.4999324588963,16.3535578518417,11.807627593794
463.6,7.75,7.75,7.7501239341524,7.7499662298806,6.6046793877412,7.38286628181346,15.5002478683048,15.4999324597612,16.3535727076033,11.8076215082838
463.7,7.75,7.75,7.75012383603907,7.74996623033871,6.60467821287927,7.38286680632951,15.5002476720781,15.4999324606774,16.3535875528977,11.8076154246392
463.8,7.75,7.75,7.75012373800802,7.74996623082209,6.60467703883618,7.38286733069266,15.500247476016,15.4999324616442,16.3536023878845,11.8076093428342
463.9,7.75,7.75,7.75012364005919,7.74996623133069,6.60467586561137,7.38286785490282,15.5002472801184,15.4999324626614,16.3536172125707,11.8076032628696
464,7.75,7.75,7.7501235421925,7.74996623186447,6.60467469320427,7.38286837895991,15.500247084385,15.4999324637289,16.3536320269633,11.8075971847464
464.1,7.75,7.75,7.750123444434,7.74996623243138,6.60467352187429,7.38286890281499,15.500246888868,15.4999324648628,16.353646827797,11.807591109053
464.2,7.75,7.75,7.75012334675864,7.74996623302372,6.6046723513724,7.38286942651445,15.5002466935173,15.4999324660474,16.3536616182063,11.807585035231
464.3,7.75,7.75,7.75012324916516,7.74996623364108,6.60467118168598,7.38286995006048,15.5002464983303,15.4999324672822,16.3536763983502,11.8075789632541
464.4,7.75,7.75,7.75012315165347,7.74996623428341,6.60467001281447,7.38287047345299,15.5002463033069,15.4999324685668,16.3536911682357,11.8075728931233
464.5,7.75,7.75,7.75012305422351,7.74996623495069,6.60466884475731,7.38287099669188,15.500246108447,15.4999324699014,16.3537059278699,11.8075668248395
464.6,7.75,7.75,7.75012295690118,7.74996623565076,6.60466767777283,7.38287151972806,15.5002459138024,15.4999324713015,16.3537206740005,11.8075607589929
464.7,7.75,7.75,7.75012285966157,7.74996623637601,6.60466651161304,7.38287204260808,15.5002457193231,15.499932472752,16.3537354097496,11.8075546950233
464.8,7.75,7.75,7.75012276250343,7.74996623712604,6.60466534626535,7.38287256533415,15.5002455250069,15.4999324742521,16.3537501352753,11.8075486329043
464.9,7.75,7.75,7.75012266542666,7.7499662379008,6.60466418172923,7.38287308790616,15.5002453308533,15.4999324758016,16.3537648505845,11.8075425726369
465,7.75,7.75,7.75012256843121,7.74996623870026,6.60466301800409,7.38287361032402,15.5002451368624,15.4999324774005,16.3537795556844,11.807536514222
465.1,7.75,7.75,7.75012247154284,7.74996623953219,6.60466185534723,7.38287413253848,15.5002449430857,15.4999324790644,16.3537942473361,11.8075304582515
465.2,7.75,7.75,7.75012237473678,7.74996624038907,6.60466069351165,7.38287465459625,15.5002447494736,15.4999324807781,16.3538089286486,11.8075244041636
465.3,7.75,7.75,7.75012227801176,7.74996624127047,6.60465953248485,7.38287517649954,15.5002445560235,15.4999324825409,16.3538235997796,11.8075183519318
465.4,7.75,7.75,7.75012218136772,7.74996624217636,6.60465837226627,7.38287569824825,15.5002443627354,15.4999324843527,16.353838260736,11.8075123015569
465.5,7.75,7.75,7.75012208480457,7.74996624310671,6.60465721285534,7.38287621984231,15.5002441696091,15.4999324862134,16.3538529115248,11.80750625304
465.6,7.75,7.75,7.75012198834797,7.74996624406921,6.60465605450829,7.38287674123226,15.5002439766959,15.4999324881384,16.3538675489204,11.8075002069746
465.7,7.75,7.75,7.75012189197326,7.74996624505641,6.60465489697915,7.38287726246502,15.5002437839465,15.4999324901128,16.3538821760192,11.8074941627971
465.8,7.75,7.75,7.75012179567917,7.7499662460679,6.60465374025546,7.38287778354277,15.5002435913583,15.4999324921358,16.353896792978,11.8074881204812
465.9,7.75,7.75,7.75012169946565,7.74996624710364,6.60465258433666,7.38287830446543,15.5002433989313,15.4999324942073,16.3539113998039,11.8074820800275
466,7.75,7.75,7.75012160333262,7.74996624816358,6.6046514292222,7.38287882523293,15.5002432066652,15.4999324963272,16.3539259965038,11.8074760414371
466.1,7.75,7.75,7.75012150730559,7.74996624925538,6.60465027516724,7.38287934579565,15.5002430146112,15.4999324985108,16.3539405798652,11.8074700053051
466.2,7.75,7.75,7.75012141136004,7.74996625037162,6.60464912192683,7.38287986620066,15.5002428227201,15.4999325007432,16.3539551529719,11.8074639710666
466.3,7.75,7.75,7.75012131549471,7.74996625151192,6.60464796948856,7.38288038645016,15.5002426309894,15.4999325030238,16.3539697159802,11.8074579386947
466.4,7.75,7.75,7.75012121970953,7.74996625267622,6.60464681785187,7.38288090654407,15.5002424394191,15.4999325053524,16.3539842688969,11.8074519081904
466.5,7.75,7.75,7.75012112400444,7.7499662538645,6.60464566701622,7.3828814264823,15.5002422480089,15.499932507729,16.353998811729,11.8074458795546
466.6,7.75,7.75,7.75012102840481,7.74996625508432,6.60464451723572,7.38288194621511,15.5002420568096,15.4999325101686,16.3540133412771,11.8074398533841
466.7,7.75,7.75,7.75012093288625,7.74996625632833,6.60464336826642,7.38288246578969,15.5002418657725,15.4999325126567,16.3540278606125,11.8074338291123
466.8,7.75,7.75,7.7501208374475,7.74996625759617,6.60464222009596,7.38288298520826,15.500241674895,15.4999325151923,16.3540423698906,11.8074278067123
466.9,7.75,7.75,7.7501207420885,7.74996625888778,6.6046410727238,7.38288350447075,15.500241484177,15.4999325177756,16.3540568691184,11.8074217861851
467,7.75,7.75,7.75012064680918,7.74996626020312,6.60463992614938,7.38288402357706,15.5002412936184,15.4999325204062,16.3540713583028,11.8074157675315
467.1,7.75,7.75,7.75012055163479,7.74996626154969,6.60463878062578,7.3828845424773,15.5002411032696,15.4999325230994,16.3540858342575,11.8074097513499
467.2,7.75,7.75,7.75012045654105,7.74996626292022,6.60463763591005,7.38288506121881,15.5002409130821,15.4999325258404,16.3541003000411,11.8074037370722
467.3,7.75,7.75,7.75012036152673,7.74996626431433,6.60463649198989,7.38288557980383,15.5002407230535,15.4999325286287,16.3541147558086,11.8073977246715
467.4,7.75,7.75,7.75012026659175,7.74996626573199,6.60463534886474,7.38288609823226,15.5002405331835,15.499932531464,16.3541292015668,11.8073917141485
467.5,7.75,7.75,7.75012017173604,7.74996626717314,6.60463420653406,7.38288661650404,15.5002403434721,15.4999325343463,16.3541436373226,11.8073857055042
467.6,7.75,7.75,7.75012007698474,7.74996626864521,6.60463306524988,7.3828871345691,15.5002401539695,15.4999325372904,16.3541580599027,11.8073796993387
467.7,7.75,7.75,7.75011998231369,7.74996627014101,6.60463192477026,7.38288765247495,15.5002399646274,15.499932540282,16.3541724723533,11.807373695082
467.8,7.75,7.75,7.75011988772164,7.74996627166015,6.60463078508295,7.38288817022382,15.5002397754433,15.4999325433203,16.3541868748286,11.8073676927073
467.9,7.75,7.75,7.75011979320854,7.7499662732026,6.60462964618738,7.38288868781563,15.5002395864171,15.4999325464052,16.3542012673354,11.8073616922154
468,7.75,7.75,7.75011969877431,7.74996627476832,6.60462850808303,7.3828892052503,15.5002393975486,15.4999325495366,16.3542156498806,11.8073556936071
468.1,7.75,7.75,7.75011960444395,7.74996627636464,6.60462737102089,7.38288972247763,15.5002392088879,15.4999325527293,16.354230019304,11.8073496974841
468.2,7.75,7.75,7.75011951019344,7.74996627798446,6.60462623476001,7.38289023954525,15.5002390203869,15.4999325559689,16.3542443786391,11.807343703275
468.3,7.75,7.75,7.75011941602154,7.7499662796274,6.60462509928818,7.38289075645543,15.5002388320431,15.4999325592548,16.3542587280397,11.8073377109527
468.4,7.75,7.75,7.75011932192818,7.74996628129341,6.60462396460486,7.38289127320807,15.5002386438564,15.4999325625868,16.3542730675124,11.8073317205182
468.5,7.75,7.75,7.7501192279133,7.74996628298246,6.60462283070951,7.3828917898031,15.5002384558266,15.4999325659649,16.3542873970642,11.8073257319721
468.6,7.75,7.75,7.75011913400177,7.74996628470181,6.60462169785208,7.38289230619016,15.5002382680035,15.4999325694036,16.3543017135476,11.8073197459177
468.7,7.75,7.75,7.75011904016967,7.74996628644442,6.60462056579264,7.38289282241706,15.5002380803393,15.4999325728888,16.3543160199839,11.8073137617821
468.8,7.75,7.75,7.75011894641579,7.74996628820991,6.60461943451902,7.38289333848603,15.5002378928316,15.4999325764198,16.3543303165262,11.8073077795382
468.9,7.75,7.75,7.75011885274006,7.74996628999825,6.60461830403067,7.382893854397,15.5002377054801,15.4999325799965,16.3543446031811,11.8073017991869
469,7.75,7.75,7.75011875914241,7.7499662918094,6.60461717432706,7.38289437014991,15.5002375182848,15.4999325836188,16.3543588799555,11.8072958207288
469.1,7.75,7.75,7.75011866564759,7.74996629365055,6.60461604565713,7.38289488569423,15.5002373312952,15.4999325873011,16.3543731437148,11.8072898447686
469.2,7.75,7.75,7.7501185722318,7.74996629551473,6.60461491778192,7.38289540107791,15.5002371444636,15.4999325910295,16.3543873974679,11.8072838707321
469.3,7.75,7.75,7.75011847889383,7.74996629740157,6.6046137906893,7.38289591630322,15.5002369577877,15.4999325948031,16.3544016413673,11.8072778985921
469.4,7.75,7.75,7.75011838563362,7.74996629931102,6.60461266437873,7.38289643137007,15.5002367712672,15.499932598622,16.3544158754197,11.8072719283493
469.5,7.75,7.75,7.75011829245109,7.74996630124305,6.6046115388497,7.38289694627839,15.5002365849022,15.4999326024861,16.3544300996317,11.8072659600045
469.6,7.75,7.75,7.75011819937087,7.74996630320479,6.60461041435011,7.38289746097754,15.5002363987417,15.4999326064096,16.3544443108817,11.8072599941638
469.7,7.75,7.75,7.75011810636929,7.74996630518932,6.60460929064198,7.38289797551558,15.5002362127386,15.4999326103786,16.3544585121663,11.8072540302515
469.8,7.75,7.75,7.75011801344514,7.74996630719628,6.60460816771324,7.3828984898948,15.5002360268903,15.4999326143926,16.3544727036373,11.8072480682403
469.9,7.75,7.75,7.75011792059835,7.74996630922564,6.60460704556336,7.38289900411511,15.5002358411967,15.4999326184513,16.3544868853013,11.807242108131
470,7.75,7.75,7.75011782782885,7.74996631127735,6.60460592419181,7.38289951817645,15.5002356556577,15.4999326225547,16.3545010571651,11.8072361499243
470.1,7.75,7.75,7.75011773516115,7.74996631335847,6.60460480384549,7.38290003202801,15.5002354703223,15.4999326267169,16.3545152161197,11.8072301942279
470.2,7.75,7.75,7.75011764257169,7.74996631546215,6.6046036842874,7.38290054571803,15.5002352851434,15.4999326309243,16.3545293651494,11.8072242404644
470.3,7.75,7.75,7.75011755005926,7.74996631758804,6.6046025655055,7.38290105924878,15.5002351001185,15.4999326351761,16.3545435044054,11.8072182886067
470.4,7.75,7.75,7.75011745762381,7.7499663197361,6.60460144749927,7.38290157262017,15.5002349152476,15.4999326394722,16.3545576338944,11.8072123386554
470.5,7.75,7.75,7.75011736526526,7.74996632190629,6.60460033026819,7.38290208583215,15.5002347305305,15.4999326438126,16.3545717536231,11.8072063906112
470.6,7.75,7.75,7.75011727300799,7.74996632410558,6.60459921405815,7.38290259883378,15.500234546016,15.4999326482112,16.354585860495,11.8072004450832
470.7,7.75,7.75,7.75011718082857,7.74996632632723,6.6045980986331,7.38290311167341,15.5002343616571,15.4999326526545,16.3545999574825,11.8071945014929
470.8,7.75,7.75,7.7501170887258,7.74996632857085,6.60459698398109,7.38290362435334,15.5002341774516,15.4999326571417,16.354614044736,11.8071885598127
470.9,7.75,7.75,7.75011699669962,7.74996633083642,6.60459587010157,7.38290413687348,15.5002339933992,15.4999326616728,16.3546281222623,11.8071826200434
471,7.75,7.75,7.75011690474995,7.74996633312389,6.60459475699402,7.38290464923378,15.5002338094999,15.4999326662478,16.354642190068,11.8071766821857
471.1,7.75,7.75,7.75011681290105,7.74996633544019,6.60459364490335,7.38290516138315,15.5002336258021,15.4999326708804,16.3546562450692,11.8071707468501
471.2,7.75,7.75,7.75011672112961,7.7499663377786,6.60459253359446,7.3829056733701,15.5002334422592,15.4999326755572,16.354670290226,11.8071648134566
471.3,7.75,7.75,7.75011662943443,7.74996634013877,6.60459142305544,7.38290618519691,15.5002332588689,15.4999326802775,16.3546843256886,11.8071588819777
471.4,7.75,7.75,7.75011653781544,7.74996634252067,6.60459031328575,7.3829066968635,15.5002330756309,15.4999326850413,16.3546983514635,11.807152952414
471.5,7.75,7.75,7.7501164462726,7.74996634492426,6.60458920428489,7.38290720836982,15.5002328925452,15.4999326898485,16.3547123675573,11.8071470247664
471.6,7.75,7.75,7.75011635483001,7.74996634735637,6.60458809629674,7.38290771966467,15.50023270966,15.4999326947127,16.3547263708986,11.8071410996465
471.7,7.75,7.75,7.75011626346449,7.74996634981037,6.60458698908718,7.38290823079665,15.500232526929,15.4999326996207,16.3547403644357,11.8071351764732
471.8,7.75,7.75,7.75011617217485,7.74996635228592,6.60458588264435,7.38290874176807,15.5002323443497,15.4999327045718,16.3547543483178,11.8071292552188
471.9,7.75,7.75,7.75011608096103,7.74996635478298,6.60458477696771,7.38290925257887,15.5002321619221,15.499932709566,16.3547683225517,11.8071233358839
472,7.75,7.75,7.75011598982295,7.7499663573015,6.60458367205676,7.38290976322896,15.5002319796459,15.499932714603,16.3547822871437,11.8071174184694
472.1,7.75,7.75,7.75011589878464,7.74996635984826,6.60458256815438,7.38291027366703,15.5002317975693,15.4999327196965,16.3547962390351,11.8071115035883
472.2,7.75,7.75,7.750115807823,7.74996636241669,6.60458146502741,7.38291078394182,15.500231615646,15.4999327248334,16.3548101811621,11.807105590658
472.3,7.75,7.75,7.75011571693686,7.74996636500645,6.60458036266404,7.38291129405564,15.5002314338737,15.4999327300129,16.3548241136734,11.8070996796509
472.4,7.75,7.75,7.75011562612616,7.7499663676175,6.60457926106374,7.38291180400841,15.5002312522523,15.499932735235,16.3548380365755,11.8070937705676
472.5,7.75,7.75,7.75011553539082,7.74996637024979,6.60457816022599,7.38291231380007,15.5002310707816,15.4999327404996,16.354851949875,11.8070878634089
472.6,7.75,7.75,7.75011544475474,7.74996637291004,6.6045770603927,7.38291282337917,15.5002308895095,15.4999327458201,16.3548658505255,11.8070819587891
472.7,7.75,7.75,7.75011535419496,7.74996637559174,6.60457596133166,7.38291333279458,15.5002307083899,15.4999327511835,16.3548797414511,11.8070760561244
472.8,7.75,7.75,7.75011526371029,7.74996637829455,6.60457486303109,7.3829138420486,15.5002305274206,15.4999327565891,16.3548936228001,11.807070155387
472.9,7.75,7.75,7.75011517330068,7.74996638101844,6.60457376549049,7.38291435114117,15.5002303466014,15.4999327620369,16.354907494579,11.8070642565776
473,7.75,7.75,7.75011508296606,7.74996638376336,6.60457266870932,7.38291486007223,15.5002301659321,15.4999327675267,16.3549213567942,11.8070583596968
473.1,7.75,7.75,7.7501149927302,7.74996638653594,6.60457157292852,7.38291536879019,15.5002299854604,15.4999327730719,16.3549352064117,11.8070524653605
473.2,7.75,7.75,7.75011490257024,7.74996638932976,6.60457047791681,7.38291587734405,15.5002298051405,15.4999327786595,16.3549490463439,11.8070465729834
473.3,7.75,7.75,7.75011481248503,7.74996639214448,6.60456938366248,7.38291638573613,15.5002296249701,15.499932784289,16.3549628767382,11.8070406825377
473.4,7.75,7.75,7.7501147224745,7.74996639498005,6.60456829016501,7.38291689396637,15.500229444949,15.4999327899601,16.3549766976013,11.807034794024
473.5,7.75,7.75,7.75011463253858,7.74996639783645,6.60456719742388,7.38291740203469,15.5002292650772,15.4999327956729,16.3549905089395,11.8070289074431
473.6,7.75,7.75,7.75011454270092,7.74996640072023,6.60456610567904,7.38291790988939,15.5002290854018,15.4999328014405,16.3550043077311,11.8070230234119
473.7,7.75,7.75,7.7501144529388,7.74996640362503,6.60456501470016,7.3829184175796,15.5002289058776,15.4999328072501,16.3550180968766,11.807017141344
473.8,7.75,7.75,7.75011436325104,7.74996640655052,6.60456392447557,7.38291892510763,15.5002287265021,15.499932813101,16.3550318765231,11.8070112612115
473.9,7.75,7.75,7.75011427363758,7.74996640949664,6.60456283500475,7.38291943247342,15.5002285472752,15.4999328189933,16.3550456466768,11.8070053830151
474,7.75,7.75,7.75011418409836,7.74996641246338,6.60456174628719,7.38291993967691,15.5002283681967,15.4999328249268,16.3550594073443,11.8069995067554
474.1,7.75,7.75,7.75011409465691,7.74996641545722,6.60456065856186,7.38292044666627,15.5002281893138,15.4999328309144,16.3550731555161,11.8069936330506
474.2,7.75,7.75,7.75011400529062,7.74996641847187,6.60455957159937,7.38292095349074,15.5002280105812,15.4999328369437,16.355086894081,11.8069877613132
474.3,7.75,7.75,7.75011391599831,7.74996642150699,6.60455848538809,7.38292146015265,15.5002278319966,15.499932843014,16.3551006231852,11.806981891515
474.4,7.75,7.75,7.75011382677994,7.74996642456254,6.60455739992752,7.38292196665194,15.5002276535599,15.4999328491251,16.3551143428352,11.8069760236569
474.5,7.75,7.75,7.75011373763543,7.74996642763849,6.60455631521714,7.38292247298854,15.5002274752709,15.499932855277,16.3551280530374,11.8069701577393
474.6,7.75,7.75,7.7501136485882,7.74996643074127,6.60455523149494,7.38292297911051,15.5002272971764,15.4999328614825,16.3551417507946,11.8069642943819
474.7,7.75,7.75,7.75011355961575,7.74996643386465,6.60455414853248,7.3829234850672,15.5002271192315,15.4999328677293,16.3551554389837,11.8069584329956
474.8,7.75,7.75,7.75011347071692,7.74996643700828,6.60455306631817,7.38292399086095,15.5002269414338,15.4999328740166,16.3551691177505,11.8069525735526
474.9,7.75,7.75,7.75011338189164,7.74996644017214,6.60455198485151,7.3829244964917,15.5002267637833,15.4999328803443,16.3551827871014,11.8069467160533
475,7.75,7.75,7.75011329313987,7.74996644335619,6.60455090413199,7.3829250019594,15.5002265862797,15.4999328867124,16.3551964470428,11.8069408604985
475.1,7.75,7.75,7.75011320448489,7.74996644656679,6.60454982439663,7.38292550721197,15.5002264089698,15.4999328931336,16.3552100945895,11.8069350075088
475.2,7.75,7.75,7.75011311590431,7.74996644979777,6.60454874541791,7.38292601229888,15.5002262318086,15.4999328995955,16.3552237326069,11.8069291564942
475.3,7.75,7.75,7.75011302739698,7.74996645304881,6.6045476671843,7.38292651722248,15.500226054794,15.4999329060976,16.3552373612401,11.8069233074265
475.4,7.75,7.75,7.75011293896284,7.74996645631986,6.6045465896953,7.38292702198271,15.5002258779257,15.4999329126397,16.3552509804956,11.8069174603064
475.5,7.75,7.75,7.75011285060183,7.74996645961089,6.6045455129504,7.38292752657952,15.5002257012037,15.4999329192218,16.3552645903797,11.8069116151345
475.6,7.75,7.75,7.75011276233712,7.74996646292821,6.60454443718565,7.38292803096071,15.5002255246742,15.4999329258564,16.3552781879192,11.8069057725327
475.7,7.75,7.75,7.75011267414645,7.7499664662657,6.60454336217447,7.38292853517587,15.5002253482929,15.4999329325314,16.355291775968,11.8068999319096
475.8,7.75,7.75,7.75011258602866,7.74996646962303,6.60454228790537,7.38292903922736,15.5002251720573,15.4999329392461,16.3553053546707,11.8068940932372
475.9,7.75,7.75,7.75011249798369,7.74996647300017,6.60454121437784,7.38292954311512,15.5002249959674,15.4999329460003,16.3553189240335,11.8068882565161
476,7.75,7.75,7.75011241001149,7.74996647639709,6.60454014159138,7.38293004683909,15.500224820023,15.4999329527942,16.3553324840627,11.8068824217468
476.1,7.75,7.75,7.75011232213512,7.74996647982002,6.6045390697811,7.38293055034697,15.5002246442702,15.49993295964,16.3553460317975,11.8068765895524
476.2,7.75,7.75,7.7501122343324,7.74996648326292,6.60453799872132,7.38293105368845,15.5002244686648,15.4999329665258,16.3553595700798,11.8068707593405
476.3,7.75,7.75,7.7501121466022,7.74996648672545,6.6045369284006,7.38293155686591,15.5002242932044,15.4999329734509,16.3553730990538,11.8068649310829
476.4,7.75,7.75,7.75011205894446,7.74996649020759,6.60453585881844,7.38293205987928,15.5002241178889,15.4999329804152,16.3553866187258,11.8068591047801
476.5,7.75,7.75,7.75011197135912,7.7499664937093,6.60453478997434,7.3829325627285,15.5002239427182,15.4999329874186,16.355400129102,11.8068532804328
476.6,7.75,7.75,7.75011188386913,7.74996649723676,6.60453372210245,7.38293306536117,15.5002237677383,15.4999329944735,16.3554136272333,11.8068474586651
476.7,7.75,7.75,7.75011179645242,7.74996650078397,6.60453265497801,7.38293356782709,15.5002235929048,15.4999330015679,16.3554271159505,11.8068416388835
476.8,7.75,7.75,7.75011170910787,7.74996650435062,6.60453158858962,7.38293407012862,15.5002234182157,15.4999330087012,16.3554405953969,11.8068358210598
476.9,7.75,7.75,7.75011162183542,7.74996650793667,6.6045305229368,7.38293457226572,15.5002232436708,15.4999330158733,16.355454065579,11.8068300051944
477,7.75,7.75,7.75011153463501,7.74996651154209,6.60452945801904,7.38293507423832,15.50022306927,15.4999330230842,16.3554675265027,11.8068241912881
477.1,7.75,7.75,7.75011144752947,7.74996651517299,6.60452839406954,7.38293557599391,15.5002228950589,15.499933030346,16.3554809752312,11.8068183799659
477.2,7.75,7.75,7.75011136049685,7.74996651882344,6.60452733086444,7.38293607758241,15.5002227209937,15.4999330376469,16.3554944145835,11.8068125706334
477.3,7.75,7.75,7.75011127353603,7.74996652249313,6.60452626839242,7.38293657900617,15.5002225470721,15.4999330449863,16.3555078447026,11.8068067632622
477.4,7.75,7.75,7.75011118664694,7.74996652618201,6.60452520665298,7.38293708026516,15.5002223732939,15.499933052364,16.3555212655946,11.8068009578529
477.5,7.75,7.75,7.75011109982953,7.74996652989007,6.60452414564561,7.3829375813593,15.5002221996591,15.4999330597801,16.3555346772658,11.806795154406
477.6,7.75,7.75,7.75011101310652,7.74996653362333,6.60452308560256,7.38293808223599,15.500222026213,15.4999330672467,16.355548076791,11.8067893535479
477.7,7.75,7.75,7.75011092645607,7.74996653737595,6.60452202630091,7.38293858294523,15.5002218529121,15.4999330747519,16.3555614669778,11.8067835546828
477.8,7.75,7.75,7.75011083987705,7.7499665411476,6.60452096772936,7.38293908348941,15.5002216797541,15.4999330822952,16.3555748479688,11.8067777577825
477.9,7.75,7.75,7.75011075336941,7.74996654493825,6.6045199098874,7.38293958386847,15.5002215067388,15.4999330898765,16.3555882197699,11.8067719628475
478,7.75,7.75,7.75011066693309,7.74996654874787,6.60451885277455,7.38294008408236,15.5002213338662,15.4999330974957,16.3556015823875,11.8067661698782
478.1,7.75,7.75,7.7501105805907,7.74996655258244,6.60451779662211,7.38294058407835,15.5002211611814,15.4999331051649,16.3556149329079,11.8067603795021
478.2,7.75,7.75,7.7501104943205,7.74996655643616,6.60451674120806,7.38294108390656,15.500220988641,15.4999331128723,16.3556282741279,11.8067545911226
478.3,7.75,7.75,7.75011040812138,7.74996656030871,6.60451568652114,7.38294158356937,15.5002208162428,15.4999331206174,16.355641606189,11.806748804711
478.4,7.75,7.75,7.75011032199329,7.74996656420007,6.60451463256086,7.38294208306674,15.5002206439866,15.4999331284001,16.3556549290974,11.8067430202681
478.5,7.75,7.75,7.75011023593616,7.7499665681102,6.60451357932674,7.3829425823986,15.5002204718723,15.4999331362204,16.3556682428592,11.8067372377943
478.6,7.75,7.75,7.75011014997249,7.74996657204501,6.60451252704912,7.38294308151214,15.500220299945,15.49993314409,16.3556815445729,11.8067314579179
478.7,7.75,7.75,7.75011006408065,7.74996657599878,6.6045114755069,7.38294358045756,15.5002201281613,15.4999331519976,16.3556948370235,11.8067256800414
478.8,7.75,7.75,7.75010997825953,7.74996657997118,6.60451042468887,7.38294407923726,15.5002199565191,15.4999331599424,16.3557081203521,11.8067199041362
478.9,7.75,7.75,7.75010989250909,7.74996658396219,6.60450937459453,7.3829445778512,15.5002197850182,15.4999331679244,16.3557213945651,11.8067141302028
479,7.75,7.75,7.75010980682926,7.74996658797178,6.60450832522339,7.3829450762993,15.5002196136585,15.4999331759436,16.3557346596684,11.8067083582417
479.1,7.75,7.75,7.75010972124241,7.74996659200579,6.6045072768049,7.38294557452866,15.5002194424848,15.4999331840116,16.355747912772,11.8067025888824
479.2,7.75,7.75,7.75010963572704,7.74996659605855,6.60450622911881,7.38294607258958,15.5002192714541,15.4999331921171,16.3557611566499,11.8066968215262
479.3,7.75,7.75,7.75010955028205,7.74996660012976,6.60450518215398,7.38294657048447,15.5002191005641,15.4999332002595,16.3557743914427,11.8066910561444
479.4,7.75,7.75,7.75010946490737,7.74996660421938,6.60450413590991,7.38294706821326,15.5002189298147,15.4999332084388,16.3557876171565,11.8066852927377
479.5,7.75,7.75,7.75010937960295,7.74996660832737,6.60450309038611,7.38294756577592,15.5002187592059,15.4999332166547,16.3558008337974,11.8066795313064
479.6,7.75,7.75,7.75010929439106,7.74996661245954,6.6045020458111,7.38294806311941,15.5002185887821,15.4999332249191,16.355814038487,11.806673772481
479.7,7.75,7.75,7.75010920925028,7.74996661661026,6.60450100196553,7.38294856029414,15.5002184185006,15.4999332332205,16.3558272339881,11.8066680156619
479.8,7.75,7.75,7.75010912417954,7.74996662077924,6.60449995883829,7.38294905730253,15.5002182483591,15.4999332415585,16.3558404204407,11.8066622608204
479.9,7.75,7.75,7.75010903917875,7.74996662496643,6.60449891642889,7.38294955414453,15.5002180783575,15.4999332499329,16.3558535978508,11.806656507957
480,7.75,7.75,7.75010895424788,7.7499666291718,6.60449787473685,7.38295005082007,15.5002179084958,15.4999332583436,16.3558667662246,11.8066507570721
480.1,7.75,7.75,7.75010886940907,7.74996663340109,6.60449683398975,7.38295054727604,15.5002177388181,15.4999332668022,16.3558799226952,11.8066450087972
480.2,7.75,7.75,7.75010878464102,7.74996663764875,6.60449579396914,7.38295104356294,15.500217569282,15.4999332752975,16.3558930700144,11.8066392625317
480.3,7.75,7.75,7.75010869994265,7.74996664191445,6.60449475466395,7.3829515396832,15.5002173998853,15.4999332838289,16.3559062083214,11.8066335182468
480.4,7.75,7.75,7.7501086153139,7.74996664619819,6.6044937160737,7.38295203563675,15.5002172306278,15.4999332923964,16.3559193376225,11.806627775943
480.5,7.75,7.75,7.75010853075471,7.74996665049992,6.6044926781979,7.38295253142355,15.5002170615094,15.4999333009998,16.3559324579236,11.8066220356208
480.6,7.75,7.75,7.75010844628712,7.74996665482531,6.60449164126322,7.38295302699037,15.5002168925742,15.4999333096506,16.3559455663694,11.8066162979126
480.7,7.75,7.75,7.75010836188995,7.74996665916886,6.60449060505209,7.38295352238784,15.5002167237799,15.4999333183377,16.3559586657006,11.8066105622167
480.8,7.75,7.75,7.75010827756211,7.74996666353029,6.60448956955349,7.38295401761835,15.5002165551242,15.4999333270606,16.3559717560561,11.8066048285044
480.9,7.75,7.75,7.75010819330353,7.74996666790954,6.60448853476693,7.38295451268186,15.5002163866071,15.4999333358191,16.3559848374417,11.8065990967762
481,7.75,7.75,7.75010810911417,7.74996667230661,6.60448750069194,7.38295500757832,15.5002162182283,15.4999333446132,16.3559979098636,11.8065933670326
481.1,7.75,7.75,7.75010802501597,7.74996667672708,6.60448646755426,7.38295550225442,15.5002160500319,15.4999333534542,16.356010970478,11.8065876399068
481.2,7.75,7.75,7.75010794098782,7.74996668116553,6.6044854351372,7.38295599676086,15.5002158819756,15.4999333623311,16.3560240220144,11.8065819147962
481.3,7.75,7.75,7.75010785702866,7.74996668562165,6.60448440342979,7.38295649110005,15.5002157140573,15.4999333712433,16.3560370646112,11.8065761916722
481.4,7.75,7.75,7.75010777313843,7.74996669009542,6.60448337243154,7.38295698527195,15.5002155462769,15.4999333801908,16.3560500982743,11.8065704705352
481.5,7.75,7.75,7.75010768931706,7.7499666945868,6.60448234214199,7.38295747927652,15.5002153786341,15.4999333891736,16.3560631230096,11.8065647513857
481.6,7.75,7.75,7.75010760558639,7.74996669910135,6.60448131278595,7.38295797306034,15.5002152111728,15.4999333982027,16.356076135985,11.8065590348577
481.7,7.75,7.75,7.75010752192544,7.74996670363368,6.60448028414762,7.38295846667421,15.5002150438509,15.4999334072674,16.3560891399189,11.8065533203479
481.8,7.75,7.75,7.75010743833313,7.7499667081835,6.60447925621607,7.38295896012054,15.5002148766663,15.499933416367,16.3561021349491,11.8065476078274
481.9,7.75,7.75,7.7501073548094,7.74996671275077,6.60447822899083,7.3829594533993,15.5002147096188,15.4999334255015,16.3561151210815,11.8065418972968
482,7.75,7.75,7.7501072713542,7.74996671733548,6.6044772024714,7.38295994651044,15.5002145427084,15.499933434671,16.3561280983221,11.8065361887565
482.1,7.75,7.75,7.75010718798925,7.7499667219431,6.60447617688173,7.38296043940047,15.5002143759785,15.4999334438862,16.3561410638499,11.8065304828413
482.2,7.75,7.75,7.75010710469366,7.74996672656831,6.60447515200686,7.38296093212025,15.5002142093873,15.4999334531366,16.3561540203727,11.8065247789473
482.3,7.75,7.75,7.75010702146638,7.74996673121083,6.60447412783592,7.38296142467222,15.5002140429328,15.4999334624217,16.3561669680275,11.8065190770453
482.4,7.75,7.75,7.75010693830733,7.74996673587061,6.60447310436843,7.38296191705634,15.5002138766147,15.4999334717412,16.3561799068203,11.8065133771359
482.5,7.75,7.75,7.75010685521648,7.74996674054764,6.60447208160391,7.38296240927255,15.500213710433,15.4999334810953,16.356192836757,11.8065076792196
482.6,7.75,7.75,7.75010677221542,7.74996674524734,6.60447105976538,7.38296290126729,15.5002135444308,15.4999334904947,16.3562057550281,11.806501983932
482.7,7.75,7.75,7.75010668928338,7.74996674996444,6.60447003863879,7.3829633930915,15.5002133785668,15.4999334999289,16.3562186643302,11.8064962906683
482.8,7.75,7.75,7.75010660641931,7.74996675469867,6.60446901821327,7.38296388474764,15.5002132128386,15.4999335093973,16.3562315648,11.8064905993994
482.9,7.75,7.75,7.75010652362314,7.74996675944997,6.60446799848836,7.38296437623564,15.5002130472463,15.4999335188999,16.3562444564434,11.8064849101257
483,7.75,7.75,7.75010644089482,7.74996676421834,6.60446697946358,7.38296486755547,15.5002128817896,15.4999335284367,16.3562573392663,11.8064792228478
483.1,7.75,7.75,7.75010635825586,7.74996676900914,6.60446596136107,7.38296535865347,15.5002127165117,15.4999335380183,16.3562702104704,11.8064735382021
483.2,7.75,7.75,7.75010627568557,7.74996677381715,6.6044649439676,7.38296584958067,15.5002125513711,15.4999335476343,16.3562830727415,11.806467855583
483.3,7.75,7.75,7.75010619318291,7.74996677864209,6.60446392727239,7.38296634033952,15.5002123863658,15.4999335572842,16.3562959262158,11.8064621749613
483.4,7.75,7.75,7.75010611074781,7.74996678348394,6.60446291127495,7.38296683092998,15.5002122214956,15.4999335669679,16.3563087708991,11.8064564963375
483.5,7.75,7.75,7.75010602838023,7.74996678834266,6.60446189597484,7.382967321352,15.5002120567605,15.4999335766853,16.3563216067973,11.806450819712
483.6,7.75,7.75,7.75010594610155,7.74996679322357,6.60446088159325,7.38296781155183,15.5002118922031,15.4999335864471,16.3563344311234,11.8064451457223
483.7,7.75,7.75,7.75010586389122,7.74996679812152,6.60445986791785,7.38296830158061,15.5002117277824,15.499933596243,16.3563472465523,11.8064394737617
483.8,7.75,7.75,7.75010578174818,7.74996680303621,6.60445885493789,7.38296879144077,15.5002115634964,15.4999336060724,16.3563600532197,11.8064338038011
483.9,7.75,7.75,7.75010569967236,7.74996680796763,6.60445784265291,7.38296928113227,15.5002113993447,15.4999336159353,16.3563728511314,11.8064281358409
484,7.75,7.75,7.75010561766373,7.74996681291573,6.60445683106242,7.38296977065508,15.5002112353275,15.4999336258315,16.3563856402933,11.8064224698816
484.1,7.75,7.75,7.75010553574356,7.74996681788579,6.60445582038676,7.38297025995535,15.5002110714871,15.4999336357716,16.3563984179294,11.8064168065614
484.2,7.75,7.75,7.7501054538914,7.7499668228727,6.60445481041444,7.38297074908431,15.5002109077828,15.4999336457454,16.3564111867041,11.8064111452729
484.3,7.75,7.75,7.75010537210619,7.74996682787617,6.60445380113477,7.38297123804441,15.5002107442124,15.4999336557523,16.3564239467523,11.8064054859868
484.4,7.75,7.75,7.75010529038787,7.74996683289619,6.60445279254725,7.38297172683559,15.5002105807757,15.4999336657924,16.35643669808,11.8063998287037
484.5,7.75,7.75,7.75010520873641,7.74996683793272,6.60445178465144,7.38297221545781,15.5002104174728,15.4999336758654,16.356449440693,11.806394173424
484.6,7.75,7.75,7.75010512717297,7.74996684299096,6.60445077766677,7.38297270385718,15.5002102543459,15.4999336859819,16.3564621718264,11.8063885207866
484.7,7.75,7.75,7.7501050456772,7.74996684806587,6.60444977138262,7.38297319208498,15.5002100913544,15.4999336961317,16.3564748941339,11.8063828701833
484.8,7.75,7.75,7.75010496424805,7.74996685315717,6.60444876578831,7.38297368014365,15.5002099284961,15.4999337063143,16.35648760775,11.806377221585
484.9,7.75,7.75,7.75010488288547,7.74996685826483,6.60444776088337,7.38297416803317,15.5002097657709,15.4999337165297,16.3565003126805,11.8063715749921
485,7.75,7.75,7.7501048015894,7.74996686338882,6.60444675666735,7.38297465575348,15.5002096031788,15.4999337267776,16.3565130089311,11.8063659304049
485.1,7.75,7.75,7.75010472038093,7.74996686853429,6.60444575335881,7.38297514325061,15.5002094407619,15.4999337370686,16.3565256937482,11.8063602884633
485.2,7.75,7.75,7.75010463923978,7.74996687369624,6.60444475074795,7.38297563057592,15.5002092784796,15.4999337473925,16.3565383697748,11.8063546485582
485.3,7.75,7.75,7.75010455816493,7.74996687887441,6.60444374882416,7.38297611773187,15.5002091163299,15.4999337577488,16.3565510371448,11.8063490106604
485.4,7.75,7.75,7.75010447715632,7.74996688406876,6.60444274758698,7.38297660471841,15.5002089543126,15.4999337681375,16.356563695864,11.8063433747704
485.5,7.75,7.75,7.75010439621389,7.74996688927927,6.60444174703593,7.3829770915355,15.5002087924278,15.4999337785585,16.3565763459381,11.8063377408884
485.6,7.75,7.75,7.75010431535862,7.74996689451102,6.60444074738871,7.3829775781291,15.5002086307172,15.499933789022,16.3565889846245,11.8063321096551
485.7,7.75,7.75,7.75010423457035,7.74996689975907,6.60443974843637,7.38297806455063,15.5002084691407,15.4999337995181,16.3566016145555,11.8063264804607
485.8,7.75,7.75,7.75010415384805,7.74996690502317,6.60443875016833,7.38297855080256,15.5002083076961,15.4999338100463,16.3566142358646,11.8063208532759
485.9,7.75,7.75,7.75010407319165,7.74996691030327,6.60443775258412,7.38297903688485,15.5002081463833,15.4999338206065,16.3566268485576,11.8063152281011
486,7.75,7.75,7.75010399260111,7.74996691559935,6.6044367556833,7.38297952279745,15.5002079852022,15.4999338311987,16.3566394526401,11.8063096049368
486.1,7.75,7.75,7.7501039120973,7.74996692091644,6.60443575968267,7.38298000848625,15.5002078241946,15.4999338418329,16.3566520453804,11.806303984424
486.2,7.75,7.75,7.75010383166016,7.74996692624966,6.60443476437412,7.38298049400275,15.5002076633203,15.4999338524993,16.3566646294005,11.8062983659525
486.3,7.75,7.75,7.75010375128866,7.74996693159874,6.60443376974712,7.38298097934941,15.5002075025773,15.4999338631975,16.3566772048331,11.8062927494928
486.4,7.75,7.75,7.75010367098274,7.74996693696365,6.6044327758012,7.3829814645262,15.5002073419655,15.4999338739273,16.3566897716841,11.8062871350454
486.5,7.75,7.75,7.75010359074235,7.74996694234437,6.60443178253592,7.38298194953307,15.5002071814847,15.4999338846887,16.356702329959,11.8062815226107
486.6,7.75,7.75,7.75010351058826,7.74996694774587,6.60443079016721,7.38298243431584,15.5002070211765,15.4999338954917,16.3567148769372,11.8062759128304
486.7,7.75,7.75,7.75010343050051,7.74996695316332,6.6044297984878,7.38298291892607,15.500206861001,15.4999339063266,16.35672741523,11.8062703050935
486.8,7.75,7.75,7.75010335047807,7.74996695859646,6.60442880748719,7.38298340336624,15.5002067009561,15.4999339171929,16.3567399449698,11.8062646993708
486.9,7.75,7.75,7.7501032705209,7.74996696404525,6.60442781716494,7.38298388763631,15.5002065410418,15.4999339280905,16.3567524661621,11.8062590956625
487,7.75,7.75,7.75010319062893,7.74996696950968,6.60442682752058,7.38298437173624,15.5002063812579,15.4999339390194,16.3567649788128,11.8062534939689
487.1,7.75,7.75,7.75010311082283,7.74996697499466,6.60442583876919,7.38298485561177,15.5002062216457,15.4999339499893,16.3567774802119,11.8062478949327
487.2,7.75,7.75,7.75010303108275,7.74996698049542,6.60442485070433,7.38298533931454,15.5002060621655,15.4999339609908,16.3567899729603,11.8062422979421
487.3,7.75,7.75,7.75010295140765,7.74996698601169,6.60442386331555,7.38298582284702,15.5002059028153,15.4999339720234,16.3568024571899,11.8062367029677
487.4,7.75,7.75,7.7501028717975,7.74996699154345,6.60442287660239,7.38298630620919,15.500205743595,15.4999339830869,16.3568149329063,11.8062311100099
487.5,7.75,7.75,7.75010279225223,7.74996699709067,6.60442189056441,7.382986789401,15.5002055845045,15.4999339941813,16.3568274001151,11.8062255190689
487.6,7.75,7.75,7.75010271279241,7.74996700265821,6.6044209054158,7.38298727236812,15.5002054255848,15.4999340053164,16.3568398561173,11.806219930788
487.7,7.75,7.75,7.75010263339827,7.74996700824136,6.60441992095097,7.38298775516225,15.5002052667965,15.4999340164827,16.3568523035035,11.8062143445548
487.8,7.75,7.75,7.75010255406881,7.74996701383985,6.6044189371595,7.38298823778589,15.5002051081376,15.4999340276797,16.3568647424048,11.8062087603399
487.9,7.75,7.75,7.75010247480396,7.74996701945366,6.60441795404095,7.382988720239,15.5002049496079,15.4999340389073,16.3568771728269,11.8062031781436
488,7.75,7.75,7.75010239560368,7.74996702508275,6.60441697159486,7.38298920252153,15.5002047912074,15.4999340501655,16.3568895947755,11.8061975979662
488.1,7.75,7.75,7.75010231648843,7.74996703073195,6.60441599003456,7.38298968457909,15.5002046329769,15.4999340614639,16.3569020055622,11.8061920204516
488.2,7.75,7.75,7.75010223743853,7.74996703639658,6.60441500915531,7.38299016646346,15.5002044748771,15.4999340727932,16.3569144077673,11.8061864449867
488.3,7.75,7.75,7.75010215845299,7.74996704207638,6.60441402894671,7.38299064817712,15.500204316906,15.4999340841528,16.3569268015214,11.806180871542
488.4,7.75,7.75,7.75010207953175,7.74996704777133,6.60441304940833,7.38299112972003,15.5002041590635,15.4999340955427,16.3569391868303,11.806175300118
488.5,7.75,7.75,7.75010200067475,7.7499670534814,6.60441207053971,7.38299161109217,15.5002040013495,15.4999341069628,16.3569515636994,11.8061697307148
488.6,7.75,7.75,7.75010192190237,7.74996705921134,6.60441109255333,7.38299209223906,15.5002038438047,15.4999341184227,16.3569639294512,11.806164163977
488.7,7.75,7.75,7.75010184319502,7.74996706495655,6.60441011524526,7.38299257321255,15.50020368639,15.4999341299131,16.3569762866557,11.806158599291
488.8,7.75,7.75,7.7501017645517,7.74996707071676,6.60440913860516,7.38299305401513,15.5002035291034,15.4999341414335,16.3569886354429,11.8061530366271
488.9,7.75,7.75,7.75010168597237,7.74996707649195,6.60440816263258,7.38299353464675,15.5002033719447,15.4999341529839,16.3570009758186,11.8061474759857
489,7.75,7.75,7.75010160745697,7.74996708228209,6.60440718732708,7.3829940151074,15.5002032149139,15.4999341645642,16.3570133077882,11.8061419173672
489.1,7.75,7.75,7.75010152902576,7.74996708809189,6.60440621290029,7.38299449534254,15.5002030580515,15.4999341761838,16.3570256286849,11.8061363614165
489.2,7.75,7.75,7.75010145065926,7.74996709391678,6.60440523914908,7.38299497540407,15.5002029013185,15.4999341878336,16.3570379410684,11.8061308075194
489.3,7.75,7.75,7.75010137235649,7.7499670997565,6.60440426606315,7.38299545529448,15.500202744713,15.499934199513,16.3570502450682,11.8061252556465
489.4,7.75,7.75,7.75010129411738,7.74996710561104,6.60440329364208,7.38299593501376,15.5002025882348,15.4999342112221,16.3570625406899,11.8061197057979
489.5,7.75,7.75,7.75010121594189,7.74996711148036,6.60440232188541,7.38299641456185,15.5002024318838,15.4999342229607,16.3570748279392,11.806114157974
489.6,7.75,7.75,7.75010113785017,7.74996711736912,6.60440135100392,7.38299689388418,15.5002022757003,15.4999342347382,16.3570871041598,11.8061086128204
489.7,7.75,7.75,7.75010105982286,7.7499671232728,6.60440038079531,7.3829973730327,15.5002021196457,15.4999342465456,16.357099371901,11.8061030697223
489.8,7.75,7.75,7.75010098185895,7.74996712919116,6.60439941124933,7.38299785200991,15.5002019637179,15.4999342583823,16.357111631292,11.80609752865
489.9,7.75,7.75,7.75010090395839,7.74996713512416,6.60439844236552,7.38299833081579,15.5002018079168,15.4999342702483,16.3571238823384,11.806091989604
490,7.75,7.75,7.75010082612114,7.74996714107178,6.60439747414346,7.3829988094503,15.5002016522423,15.4999342821436,16.3571361250458,11.8060864525845
490.1,7.75,7.75,7.75010074836725,7.74996714703862,6.60439650679307,7.38299928785878,15.5002014967345,15.4999342940772,16.3571483567683,11.8060809182375
490.2,7.75,7.75,7.75010067067744,7.74996715302021,6.60439554011287,7.38299976609327,15.5002013413549,15.4999343060404,16.3571605800453,11.8060753859479
490.3,7.75,7.75,7.75010059305072,7.74996715901631,6.60439457409264,7.38300024415627,15.5002011861014,15.4999343180326,16.3571727950054,11.806069855686
490.4,7.75,7.75,7.75010051548705,7.7499671650269,6.60439360873193,7.38300072204774,15.5002010309741,15.4999343300538,16.3571850016541,11.806064327452
490.5,7.75,7.75,7.75010043798637,7.74996717105193,6.60439264403032,7.38300119976765,15.5002008759727,15.4999343421039,16.357197199997,11.8060588012462
490.6,7.75,7.75,7.75010036056864,7.74996717709598,6.60439168019689,7.38300167726129,15.5002007211373,15.499934354192,16.3572093873989,11.8060532777153
490.7,7.75,7.75,7.75010028321468,7.74996718315461,6.60439071703096,7.38300215458076,15.5002005664294,15.4999343663092,16.3572215663889,11.8060477562435
490.8,7.75,7.75,7.7501002059235,7.74996718922758,6.60438975452236,7.38300263172854,15.500200411847,15.4999343784552,16.3572337370951,11.806042236801
490.9,7.75,7.75,7.75010012869505,7.74996719531488,6.60438879267065,7.38300310870462,15.5002002573901,15.4999343906298,16.3572458995231,11.8060367193882
491,7.75,7.75,7.75010005152929,7.74996720141647,6.60438783147539,7.38300358550896,15.5002001030586,15.4999344028329,16.3572580536783,11.8060312040052
491.1,7.75,7.75,7.75009997444607,7.74996720753685,6.60438687114484,7.3830040620868,15.5001999488921,15.4999344150737,16.357270196936,11.8060256912994
491.2,7.75,7.75,7.7500998974263,7.74996721367165,6.60438591147912,7.38300453849028,15.5001997948526,15.4999344273433,16.3572823318154,11.8060201806543
491.3,7.75,7.75,7.75009982046901,7.74996721982063,6.6043849524681,7.38300501472189,15.500199640938,15.4999344396413,16.357294458444,11.8060146720402
491.4,7.75,7.75,7.75009974357414,7.74996722598377,6.60438399411133,7.38300549078163,15.5001994871483,15.4999344519675,16.3573065768273,11.8060091654574
491.5,7.75,7.75,7.75009966674165,7.74996723216104,6.60438303640839,7.38300596666945,15.5001993334833,15.4999344643221,16.3573186869708,11.8060036609061
491.6,7.75,7.75,7.7500995899913,7.74996723835689,6.60438207956671,7.38300644233053,15.5001991799826,15.4999344767138,16.3573307862602,11.805998159034
491.7,7.75,7.75,7.75009951330408,7.749967244567,6.6043811233872,7.38300691781708,15.5001990266082,15.499934489134,16.3573428772046,11.8059926592243
491.8,7.75,7.75,7.75009943667904,7.74996725079114,6.60438016785976,7.3830073931316,15.5001988733581,15.4999345015823,16.3573549599311,11.8059871614472
491.9,7.75,7.75,7.75009936011611,7.74996725702927,6.60437921298396,7.38300786827406,15.5001987202322,15.4999345140585,16.357367034445,11.8059816657029
492,7.75,7.75,7.75009928361525,7.74996726328137,6.60437825875938,7.38300834324444,15.5001985672305,15.4999345265627,16.3573791007519,11.8059761719917
492.1,7.75,7.75,7.75009920719613,7.74996726955183,6.60437730539261,7.38300881798786,15.5001984143923,15.4999345391037,16.3573911562479,11.8059706809618
492.2,7.75,7.75,7.75009913083984,7.7499672758364,6.60437635268536,7.38300929255657,15.5001982616797,15.4999345516728,16.3574032034322,11.8059651919958
492.3,7.75,7.75,7.75009905454541,7.74996728213483,6.60437540062758,7.38300976695308,15.5001981090908,15.4999345642697,16.3574152424311,11.805959705064
492.4,7.75,7.75,7.75009897831279,7.74996728844709,6.60437444921884,7.38301024117737,15.5001979566256,15.4999345768942,16.3574272732502,11.8059542201665
492.5,7.75,7.75,7.75009890214194,7.74996729477317,6.60437349845871,7.38301071522941,15.5001978042839,15.4999345895463,16.357439295895,11.8059487373036
492.6,7.75,7.75,7.75009882605242,7.7499673011174,6.60437254855296,7.38301118905428,15.5001976521048,15.4999346022348,16.3574513077718,11.8059432571239
492.7,7.75,7.75,7.75009875002543,7.74996730747558,6.60437159930409,7.38301166270427,15.5001975000509,15.4999346149512,16.3574633113699,11.8059377790097
492.8,7.75,7.75,7.75009867405999,7.74996731384745,6.60437065070211,7.3830121361819,15.50019734812,15.4999346276949,16.3574753068152,11.8059323029311
492.9,7.75,7.75,7.75009859815606,7.74996732023301,6.60436970274657,7.38301260948715,15.5001971963121,15.499934640466,16.3574872941133,11.8059268288883
493,7.75,7.75,7.7500985223136,7.74996732663222,6.60436875543705,7.38301308261998,15.5001970446272,15.4999346532644,16.3574992732694,11.8059213568816
493.1,7.75,7.75,7.75009844655207,7.74996733304939,6.6043678089785,7.38301355552543,15.5001968931041,15.4999346660988,16.3575112417005,11.80591588756
493.2,7.75,7.75,7.75009837085275,7.74996733948032,6.6043668631742,7.38301402825585,15.5001967417055,15.4999346789606,16.3575232018857,11.8059104203053
493.3,7.75,7.75,7.7500982952147,7.74996734592481,6.60436591801421,7.38301450081375,15.5001965904294,15.4999346918496,16.3575351539505,11.8059049550876
493.4,7.75,7.75,7.75009821963785,7.74996735238282,6.60436497349807,7.38301497319911,15.5001964392757,15.4999347047656,16.3575470979005,11.8058994919072
493.5,7.75,7.75,7.75009814412216,7.74996735885433,6.60436402962538,7.3830154454119,15.5001962882443,15.4999347177087,16.3575590337408,11.8058940307642
493.6,7.75,7.75,7.75009806868701,7.74996736534359,6.60436308660026,7.38301591739711,15.500196137374,15.4999347306872,16.3575709588987,11.8058885723082
493.7,7.75,7.75,7.75009799331377,7.74996737184646,6.60436214422679,7.38301638920712,15.5001959866275,15.4999347436929,16.3575828758435,11.8058831159205
493.8,7.75,7.75,7.75009791800149,7.74996737836272,6.60436120249505,7.38301686084446,15.500195836003,15.4999347567254,16.3575947847002,11.8058776615711
493.9,7.75,7.75,7.75009784275011,7.74996738489236,6.60436026140459,7.38301733230912,15.5001956855002,15.4999347697847,16.3576066854742,11.8058722092603
494,7.75,7.75,7.7500977675596,7.74996739143533,6.60435932095501,7.38301780360105,15.5001955351192,15.4999347828707,16.3576185781709,11.8058667589884
494.1,7.75,7.75,7.75009769244923,7.74996739799585,6.60435838134963,7.3830182746652,15.5001953848985,15.4999347959917,16.3576304602275,11.8058613114052
494.2,7.75,7.75,7.75009761740047,7.74996740456982,6.60435744239328,7.38301874555401,15.5001952348009,15.4999348091396,16.3576423341036,11.8058558658915
494.3,7.75,7.75,7.75009754241237,7.74996741115704,6.60435650407611,7.38301921627,15.5001950848247,15.4999348223141,16.3576541999237,11.8058504224176
494.4,7.75,7.75,7.75009746748487,7.74996741775747,6.60435556639767,7.38301968681316,15.5001949349697,15.4999348355149,16.3576660576932,11.8058449809836
494.5,7.75,7.75,7.75009739261794,7.74996742437109,6.60435462935754,7.38302015718345,15.5001947852359,15.4999348487422,16.3576779074174,11.8058395415896
494.6,7.75,7.75,7.75009731783076,7.74996743100205,6.60435369315825,7.38302062732577,15.5001946356615,15.4999348620041,16.3576897465438,11.8058341048861
494.7,7.75,7.75,7.75009724310489,7.74996743764631,6.60435275760541,7.3830210972926,15.5001944862098,15.4999348752926,16.3577015775221,11.8058286702535
494.8,7.75,7.75,7.75009716843938,7.74996744430366,6.60435182268919,7.38302156708647,15.5001943368788,15.4999348886073,16.3577134004764,11.8058232376618
494.9,7.75,7.75,7.75009709383418,7.74996745097407,6.60435088840916,7.38302203670736,15.5001941876684,15.4999349019481,16.3577252154121,11.8058178071112
495,7.75,7.75,7.75009701928925,7.74996745765751,6.6043499547649,7.38302250615525,15.5001940385785,15.499934915315,16.3577370223343,11.805812378602
495.1,7.75,7.75,7.75009694482368,7.74996746435809,6.60434902195811,7.38302297537498,15.5001938896474,15.4999349287162,16.3577488187008,11.8058069527848
495.2,7.75,7.75,7.75009687041912,7.74996747107182,6.60434808979521,7.38302344441908,15.5001937408382,15.4999349421436,16.3577606069515,11.8058015290398
495.3,7.75,7.75,7.75009679607462,7.74996747779849,6.60434715826638,7.38302391329009,15.5001935921492,15.499934955597,16.3577723872101,11.8057961073368
495.4,7.75,7.75,7.75009672179014,7.74996748453806,6.60434622737122,7.38302438198798,15.5001934435803,15.4999349690761,16.3577841594818,11.8057906876762
495.5,7.75,7.75,7.75009664756563,7.74996749129052,6.60434529710929,7.38302485051273,15.5001932951313,15.499934982581,16.3577959237718,11.8057852700581
495.6,7.75,7.75,7.7500965734201,7.74996749805992,6.6043443676815,7.38302531880915,15.5001931468402,15.4999349961198,16.3578076775479,11.8057798551336
495.7,7.75,7.75,7.75009649933527,7.74996750484232,6.60434343889502,7.3830257869298,15.5001929986705,15.4999350096846,16.3578194232405,11.8057744422824
495.8,7.75,7.75,7.75009642531022,7.74996751163749,6.6043425107401,7.38302625487723,15.5001928506204,15.499935023275,16.3578311609726,11.8057690314745
495.9,7.75,7.75,7.75009635134489,7.74996751844543,6.60434158321631,7.3830267226514,15.5001927026898,15.4999350368909,16.3578428907494,11.80576362271
496,7.75,7.75,7.75009627743924,7.7499675252661,6.60434065632324,7.38302719025231,15.5001925548785,15.4999350505322,16.3578546125763,11.8057582159892
496.1,7.75,7.75,7.75009620361218,7.74996753210351,6.60433973026099,7.38302765762471,15.5001924072244,15.499935064207,16.3578663239308,11.8057528119634
496.2,7.75,7.75,7.75009612984553,7.74996753895377,6.6043388048375,7.38302812482122,15.5001922596911,15.4999350779075,16.3578780272339,11.8057474100121
496.3,7.75,7.75,7.75009605613836,7.74996754581666,6.60433788004305,7.38302859184437,15.5001921122767,15.4999350916333,16.3578897226079,11.8057420101051
496.4,7.75,7.75,7.75009598249063,7.74996755269215,6.60433695587722,7.38302905869415,15.5001919649813,15.4999351053843,16.3579014100583,11.8057366122426
496.5,7.75,7.75,7.75009590890227,7.74996755958024,6.60433603233959,7.38302952537052,15.5001918178045,15.4999351191605,16.3579130895902,11.8057312164249
496.6,7.75,7.75,7.75009583539213,7.74996756648486,6.60433510962948,7.38302999181823,15.5001916707843,15.4999351329697,16.3579247586912,11.8057258233037
496.7,7.75,7.75,7.7500957619421,7.74996757340219,6.60433418755559,7.38303045808992,15.5001915238842,15.4999351468044,16.3579364197726,11.8057204322579
496.8,7.75,7.75,7.75009568855126,7.74996758033199,6.60433326610823,7.38303092418813,15.5001913771025,15.499935160664,16.3579480729565,11.8057150432576
496.9,7.75,7.75,7.75009561521957,7.74996758727426,6.60433234528699,7.38303139011285,15.5001912304391,15.4999351745485,16.357959718248,11.8057096563028
497,7.75,7.75,7.75009554194696,7.74996759422896,6.60433142509147,7.38303185586404,15.5001910838939,15.4999351884579,16.3579713556524,11.8057042713938
497.1,7.75,7.75,7.75009546875219,7.74996760120002,6.60433050572015,7.3830323213864,15.5001909375044,15.4999352024,16.3579829826672,11.8056988891826
497.2,7.75,7.75,7.75009539561724,7.74996760818362,6.60432958698254,7.38303278673263,15.5001907912345,15.4999352163672,16.3579946016942,11.8056935090478
497.3,7.75,7.75,7.75009532254118,7.74996761517955,6.60432866886896,7.38303325190526,15.5001906450824,15.4999352303591,16.3580062128548,11.8056881309595
497.4,7.75,7.75,7.75009524952399,7.7499676221878,6.60432775137902,7.38303371690427,15.500190499048,15.4999352443756,16.3580178161543,11.8056827549177
497.5,7.75,7.75,7.7500951765656,7.74996762920834,6.60432683451229,7.38303418172965,15.5001903531312,15.4999352584167,16.3580294115979,11.8056773809227
497.6,7.75,7.75,7.75009510368465,7.74996763624504,6.60432591846651,7.38303464632604,15.5001902073693,15.4999352724901,16.3580409966931,11.8056720096267
497.7,7.75,7.75,7.75009503086324,7.74996764329413,6.6043250030519,7.38303511074618,15.5001900617265,15.4999352865883,16.358052573832,11.8056666404081
497.8,7.75,7.75,7.75009495810044,7.74996765035542,6.60432408825886,7.38303557499261,15.5001899162009,15.4999353007108,16.3580641431357,11.805661273237
497.9,7.75,7.75,7.7500948853962,7.74996765742887,6.60432317408697,7.38303603906532,15.5001897707924,15.4999353148577,16.3580757046094,11.8056559081133
498,7.75,7.75,7.75009481275049,7.74996766451447,6.60432226053581,7.38303650296427,15.500189625501,15.4999353290289,16.3580872582582,11.8056505450372
498.1,7.75,7.75,7.75009474018184,7.74996767161603,6.60432134780235,7.3830369666341,15.5001894803637,15.4999353432321,16.3580988015995,11.8056451846615
498.2,7.75,7.75,7.75009466767244,7.74996767872984,6.60432043569754,7.38303743012756,15.5001893353449,15.4999353574597,16.358110337016,11.805639826364
498.3,7.75,7.75,7.75009459522136,7.7499676858557,6.60431952421183,7.3830378934472,15.5001891904427,15.4999353717114,16.3581218646283,11.8056344701148
498.4,7.75,7.75,7.75009452282857,7.74996769299358,6.60431861334481,7.383038356593,15.5001890456571,15.4999353859872,16.3581333844415,11.805629115914
498.5,7.75,7.75,7.75009445049401,7.74996770014346,6.60431770309606,7.38303881956495,15.500188900988,15.4999354002869,16.3581448964608,11.8056237637618
498.6,7.75,7.75,7.75009437823614,7.74996770730912,6.60431679366174,7.38303928230764,15.5001887564723,15.4999354146182,16.3581563982133,11.8056184143109
498.7,7.75,7.75,7.75009430603723,7.74996771448688,6.60431588485358,7.38303974487385,15.5001886120745,15.4999354289738,16.3581678920724,11.8056130669392
498.8,7.75,7.75,7.75009423389636,7.74996772167654,6.60431497666207,7.38304020726613,15.5001884677927,15.4999354433531,16.358179378158,11.8056077216165
498.9,7.75,7.75,7.75009416181349,7.74996772887808,6.60431406908679,7.38304066948448,15.500188323627,15.4999354577562,16.3581908564754,11.8056023783431
499,7.75,7.75,7.75009408978856,7.74996773609148,6.60431316212733,7.38304113152887,15.5001881795771,15.499935472183,16.3582023270296,11.8055970371191
499.1,7.75,7.75,7.75009401783996,7.74996774332047,6.60431225597906,7.38304159334385,15.5001880356799,15.4999354866409,16.3582137873577,11.8055916985975
499.2,7.75,7.75,7.75009394595002,7.74996775056141,6.60431135045449,7.38304205498226,15.5001878919,15.4999355011228,16.3582252398234,11.8055863621559
499.3,7.75,7.75,7.75009387411785,7.74996775781412,6.6043104455441,7.38304251644665,15.5001877482357,15.4999355156282,16.3582366845465,11.8055810277642
499.4,7.75,7.75,7.75009380234339,7.74996776507856,6.60430954124749,7.383042977737,15.5001876046868,15.4999355301571,16.358248121532,11.8055756954225
499.5,7.75,7.75,7.7500937306266,7.74996777235471,6.60430863756425,7.38304343885329,15.5001874612532,15.4999355447094,16.358259550785,11.8055703651308
499.6,7.75,7.75,7.75009365898576,7.74996777964627,6.60430773468901,7.38304389974005,15.5001873179715,15.4999355592925,16.3582709698522,11.8055650375427
499.7,7.75,7.75,7.75009358740329,7.74996778694964,6.60430683243497,7.38304436045014,15.5001871748066,15.4999355738993,16.3582823810881,11.8055597120353
499.8,7.75,7.75,7.75009351587831,7.74996779426462,6.60430593079269,7.38304482098611,15.5001870317566,15.4999355885292,16.3582937846119,11.8055543885785
499.9,7.75,7.75,7.75009344441076,7.74996780159121,6.60430502976175,7.38304528134794,15.5001868888215,15.4999356031824,16.3583051804287,11.8055490671725
500,7.75,7.75,7.75009337300061,7.74996780892937,6.60430412934175,7.38304574153563,15.5001867460012,15.4999356178587,16.3583165685435,11.8055437478172
500.1,7.75,7.75,7.75009330166603,7.74996781628274,6.60430322972654,7.38304620149367,15.5001866033321,15.4999356325655,16.3583279465128,11.8055384311664
500.2,7.75,7.75,7.75009323038954,7.74996782364778,6.60430233073007,7.38304666127494,15.5001864607791,15.4999356472956,16.3583393166816,11.8055331165971
500.3,7.75,7.75,7.75009315917026,7.7499678310243,6.60430143234293,7.383047120882,15.5001863183405,15.4999356620486,16.3583506791687,11.805527804079
500.4,7.75,7.75,7.75009308800813,7.74996783841228,6.60430053456471,7.38304758031484,15.5001861760163,15.4999356768246,16.3583620339792,11.8055224936124
500.5,7.75,7.75,7.75009301690311,7.74996784581169,6.60429963739502,7.38304803957343,15.5001860338062,15.4999356916234,16.3583733811182,11.8055171851972
500.6,7.75,7.75,7.75009294587331,7.74996785322613,6.60429874102691,7.38304849860226,15.5001858917466,15.4999357064523,16.3583847181516,11.8055118794873
500.7,7.75,7.75,7.75009287490131,7.74996786065211,6.6042978452751,7.38304895745423,15.5001857498026,15.4999357213042,16.3583960474153,11.8055065758596
500.8,7.75,7.75,7.75009280398625,7.74996786808942,6.6042969501302,7.38304941613191,15.5001856079725,15.4999357361788,16.3584073690277,11.8055012742838
500.9,7.75,7.75,7.75009273312805,7.74996787553805,6.60429605559182,7.38304987463528,15.5001854662561,15.4999357510761,16.3584186829937,11.80549597476
501,7.75,7.75,7.75009266232669,7.74996788299797,6.60429516165954,7.38305033296433,15.5001853246534,15.4999357659959,16.3584299893184,11.8054906772884
501.1,7.75,7.75,7.75009259160018,7.74996789047274,6.60429426852568,7.38305079106349,15.5001851832004,15.4999357809455,16.3584412855773,11.8054853825229
501.2,7.75,7.75,7.7500925209312,7.7499678979589,6.60429337600567,7.38305124898572,15.5001850418624,15.4999357959178,16.3584525740973,11.8054800898401
501.3,7.75,7.75,7.75009245031887,7.74996790545626,6.60429248409017,7.38305170673357,15.5001849006377,15.4999358109125,16.358463854996,11.8054747992098
501.4,7.75,7.75,7.75009237976314,7.7499679129648,6.60429159277879,7.38305216430703,15.5001847595263,15.4999358259296,16.3584751282785,11.8054695106321
501.5,7.75,7.75,7.75009230926396,7.7499679204845,6.60429070207111,7.38305262170609,15.5001846185279,15.499935840969,16.3584863939498,11.8054642241072
501.6,7.75,7.75,7.75009223883927,7.74996792801887,6.60428981215868,7.38305307887516,15.5001844776785,15.4999358560377,16.3584976495951,11.8054589402891
501.7,7.75,7.75,7.75009216847183,7.74996793556448,6.60428892285768,7.38305353586721,15.5001843369437,15.499935871129,16.3585088975318,11.8054536585542
501.8,7.75,7.75,7.75009209816076,7.74996794312116,6.60428803415879,7.38305399268481,15.5001841963215,15.4999358862423,16.3585201378773,11.8054483788725
501.9,7.75,7.75,7.75009202790602,7.74996795068888,6.60428714606162,7.38305444932794,15.500184055812,15.4999359013778,16.3585313706367,11.8054431012439
502,7.75,7.75,7.75009195770756,7.74996795826762,6.60428625856577,7.38305490579659,15.5001839154151,15.4999359165352,16.3585425958148,11.8054378256686
502.1,7.75,7.75,7.75009188758323,7.74996796586085,6.60428537186203,7.38305536203516,15.5001837751665,15.4999359317217,16.3585538110063,11.8054325528007
502.2,7.75,7.75,7.75009181751587,7.74996797346519,6.60428448576729,7.38305581809663,15.5001836350317,15.4999359469304,16.3585650185197,11.8054272820167
502.3,7.75,7.75,7.7500917475046,7.74996798108046,6.60428360027229,7.38305627398358,15.5001834950092,15.4999359621609,16.3585762184717,11.8054220132863
502.4,7.75,7.75,7.7500916775494,7.74996798870664,6.60428271537662,7.38305672969598,15.5001833550988,15.4999359774133,16.3585874108675,11.8054167466095
502.5,7.75,7.75,7.7500916076502,7.7499679963437,6.6042818310799,7.38305718523384,15.5001832153004,15.4999359926874,16.3585985957118,11.8054114819864
502.6,7.75,7.75,7.75009153782476,7.74996800399507,6.60428094757215,7.38305764054151,15.5001830756495,15.4999360079901,16.3586097706089,11.8054062200715
502.7,7.75,7.75,7.75009146805602,7.74996801165742,6.60428006467099,7.38305809567203,15.500182936112,15.4999360233148,16.3586209378581,11.8054009602408
502.8,7.75,7.75,7.75009139834311,7.74996801933056,6.6042791823672,7.38305855062794,15.5001827966862,15.4999360386611,16.3586320975757,11.8053957024642
502.9,7.75,7.75,7.75009132868598,7.74996802701447,6.60427830066037,7.38305900540925,15.500182657372,15.4999360540289,16.3586432497667,11.8053904467416
503,7.75,7.75,7.75009125908459,7.74996803470913,6.60427741955012,7.38305946001594,15.5001825181692,15.4999360694183,16.3586543944361,11.8053851930733
503.1,7.75,7.75,7.7500911895566,7.74996804241792,6.60427653922572,7.38305991439235,15.5001823791132,15.4999360848358,16.3586655291973,11.8053799421136
503.2,7.75,7.75,7.75009112008504,7.74996805013755,6.60427565950551,7.38306036859154,15.5001822401701,15.4999361002751,16.3586766563407,11.8053746932386
503.3,7.75,7.75,7.75009105066904,7.74996805786785,6.60427478038031,7.38306082261607,15.5001821013381,15.4999361157357,16.3586877759822,11.805369446418
503.4,7.75,7.75,7.75009098130854,7.74996806560878,6.60427390184972,7.38306127646593,15.5001819626171,15.4999361312176,16.3586988881267,11.8053642016519
503.5,7.75,7.75,7.75009091200352,7.74996807336033,6.60427302391335,7.3830617301411,15.500181824007,15.4999361467207,16.3587099927792,11.8053589589404
503.6,7.75,7.75,7.75009084277154,7.74996808112583,6.60427214675972,7.38306218358593,15.5001816855431,15.4999361622517,16.3587210875624,11.8053537189381
503.7,7.75,7.75,7.75009077359571,7.74996808890204,6.6042712702079,7.38306263685346,15.5001815471914,15.4999361778041,16.3587321747578,11.8053484810208
503.8,7.75,7.75,7.75009070447518,7.74996809668878,6.60427039424873,7.38306308994627,15.5001814089504,15.4999361933776,16.3587432544808,11.8053432451583
503.9,7.75,7.75,7.75009063540988,7.74996810448602,6.60426951888183,7.38306354286435,15.5001812708198,15.499936208972,16.3587543267362,11.8053380113507
504,7.75,7.75,7.75009056639979,7.74996811229375,6.60426864410679,7.38306399560769,15.5001811327996,15.4999362245875,16.3587653915291,11.805332779598
504.1,7.75,7.75,7.75009049746239,7.74996812011526,6.60426777011141,7.3830644481206,15.5001809949248,15.4999362402305,16.3587764464915,11.8053275505549
504.2,7.75,7.75,7.75009042858087,7.74996812794734,6.60426689671546,7.38306490045616,15.5001808571617,15.4999362558947,16.3587874938959,11.8053223235971
504.3,7.75,7.75,7.75009035975437,7.74996813578982,6.60426602390982,7.38306535261694,15.5001807195087,15.4999362715796,16.3587985338573,11.8053170986945
504.4,7.75,7.75,7.75009029098284,7.74996814364267,6.6042651516941,7.38306580460293,15.5001805819657,15.4999362872853,16.3588095663805,11.8053118758471
504.5,7.75,7.75,7.75009022226625,7.74996815150588,6.60426428006792,7.38306625641413,15.5001804445325,15.4999363030118,16.3588205914704,11.8053066550548
504.6,7.75,7.75,7.750090153622,7.74996815938269,6.60426340921831,7.38306670799483,15.500180307244,15.4999363187654,16.3588316067685,11.8053014369725
504.7,7.75,7.75,7.75009008503336,7.74996816726995,6.60426253896578,7.38306715939813,15.5001801700667,15.4999363345399,16.3588426145383,11.805296220976
504.8,7.75,7.75,7.75009001649948,7.74996817516747,6.60426166930122,7.38306761062659,15.500180032999,15.4999363503349,16.3588536148943,11.8052910070347
504.9,7.75,7.75,7.75008994802031,7.74996818307523,6.60426080022425,7.38306806168021,15.5001798960406,15.4999363661505,16.3588646078413,11.8052857951489
505,7.75,7.75,7.7500898795958,7.74996819099322,6.6042599317345,7.38306851255899,15.5001797591916,15.4999363819864,16.3588755933843,11.8052805853186
505.1,7.75,7.75,7.75008981124328,7.74996819892464,6.60425906401825,7.3830689632072,15.5001796224866,15.4999363978493,16.3588865691739,11.8052753781986
505.2,7.75,7.75,7.75008974294611,7.74996820686638,6.60425819689672,7.38306941367796,15.5001794858922,15.4999364137328,16.3588975374647,11.8052701731644
505.3,7.75,7.75,7.75008967470343,7.74996821481825,6.60425733036085,7.38306986397384,15.5001793494069,15.4999364296365,16.3589084983708,11.8052649701859
505.4,7.75,7.75,7.75008960651519,7.74996822278023,6.60425646441026,7.38307031409482,15.5001792130304,15.4999364455605,16.3589194518971,11.805259769263
505.5,7.75,7.75,7.75008953838136,7.74996823075231,6.60425559904456,7.38307076404093,15.5001790767627,15.4999364615046,16.3589303980483,11.8052545703958
505.6,7.75,7.75,7.75008947031917,7.74996823873766,6.60425473444931,7.38307121375639,15.5001789406383,15.4999364774753,16.3589413344845,11.8052493742392
505.7,7.75,7.75,7.75008940231206,7.74996824673318,6.60425387044644,7.38307166329437,15.5001788046241,15.4999364934664,16.3589522634513,11.8052441801686
505.8,7.75,7.75,7.75008933435917,7.74996825473871,6.60425300702692,7.38307211265742,15.5001786687183,15.4999365094774,16.3589631850624,11.8052389881538
505.9,7.75,7.75,7.75008926646046,7.74996826275423,6.60425214419037,7.38307256184553,15.5001785329209,15.4999365255085,16.3589740993226,11.8052337981949
506,7.75,7.75,7.7500891986159,7.74996827077972,6.6042512819364,7.38307301085871,15.5001783972318,15.4999365415594,16.3589850062367,11.8052286102917
506.1,7.75,7.75,7.75008913084263,7.7499682788183,6.60425042044986,7.38307345964121,15.5001782616853,15.4999365576366,16.3589959034739,11.8052234250994
506.2,7.75,7.75,7.75008906312417,7.74996828686693,6.60424955955335,7.38307390824617,15.5001781262483,15.4999365737339,16.359006793271,11.8052182419933
506.3,7.75,7.75,7.75008899545968,7.74996829492544,6.6042486992379,7.38307435667617,15.5001779909194,15.4999365898509,16.3590176757413,11.8052130609431
506.4,7.75,7.75,7.75008892784911,7.74996830299382,6.60424783950312,7.38307480493119,15.5001778556982,15.4999366059876,16.3590285508894,11.8052078819488
506.5,7.75,7.75,7.75008886029242,7.74996831107203,6.60424698034862,7.38307525301124,15.5001777205848,15.4999366221441,16.3590394187203,11.8052027050105
506.6,7.75,7.75,7.75008879280668,7.74996831916317,6.60424612195854,7.38307570086056,15.5001775856134,15.4999366383263,16.3590502769122,11.8051975307831
506.7,7.75,7.75,7.75008872537549,7.74996832726423,6.60424526415616,7.3830761485323,15.500177450751,15.4999366545285,16.3590611276932,11.8051923586421
506.8,7.75,7.75,7.750088657998,7.74996833537505,6.60424440693254,7.38307659602904,15.500177315996,15.4999366707501,16.3590719711761,11.805187188557
506.9,7.75,7.75,7.75008859067417,7.7499683434956,6.60424355028731,7.38307704335077,15.5001771813483,15.4999366869912,16.3590828073656,11.805182020528
507,7.75,7.75,7.75008852340396,7.74996835162587,6.60424269422008,7.3830774904975,15.5001770468079,15.4999367032517,16.3590936362665,11.805176854555
507.1,7.75,7.75,7.75008845620437,7.7499683597689,6.60424183891425,7.38307793741344,15.5001769124087,15.4999367195378,16.3591044555662,11.8051716912931
507.2,7.75,7.75,7.75008838905905,7.74996836792172,6.60424098419381,7.38307838415177,15.5001767781181,15.4999367358434,16.359115267484,11.8051665301175
507.3,7.75,7.75,7.75008832196718,7.74996837608417,6.60424013004986,7.38307883071508,15.5001766439344,15.4999367521683,16.3591260721323,11.805161370998
507.4,7.75,7.75,7.75008825492872,7.74996838425623,6.60423927648202,7.38307927710334,15.5001765098574,15.4999367685125,16.3591368695158,11.8051562139346
507.5,7.75,7.75,7.75008818794361,7.74996839243788,6.6042384234899,7.38307972331656,15.5001763758872,15.4999367848758,16.3591476596392,11.8051510589272
507.6,7.75,7.75,7.75008812102878,7.74996840063213,6.60423757125618,7.38308016929897,15.5001762420576,15.4999368012643,16.3591584401991,11.8051459066309
507.7,7.75,7.75,7.75008805416796,7.74996840883604,6.60423671960556,7.38308061510373,15.5001761083359,15.4999368176721,16.359169213406,11.805140756421
507.8,7.75,7.75,7.75008798736034,7.74996841704946,6.60423586852915,7.38308106073343,15.5001759747207,15.4999368340989,16.3591799793718,11.8051356082672
507.9,7.75,7.75,7.75008792060586,7.74996842527237,6.60423501802658,7.38308150618807,15.5001758412117,15.4999368505447,16.3591907381013,11.8051304621694
508,7.75,7.75,7.75008785390448,7.74996843350474,6.60423416809748,7.38308195146764,15.500175707809,15.4999368670095,16.3592014895992,11.8051253181277
508.1,7.75,7.75,7.75008778727304,7.74996844174954,6.60423331892378,7.38308239651636,15.5001755745461,15.4999368834991,16.3592122315709,11.805120176797
508.2,7.75,7.75,7.75008772069536,7.74996845000389,6.60423247033089,7.38308284138741,15.5001754413907,15.4999369000078,16.3592229662185,11.8051150375527
508.3,7.75,7.75,7.75008765417061,7.74996845826762,6.60423162230996,7.38308328608337,15.5001753083412,15.4999369165352,16.3592336936533,11.8051099003644
508.4,7.75,7.75,7.75008758769875,7.74996846654071,6.60423077486061,7.38308373060425,15.5001751753975,15.4999369330814,16.3592444138801,11.8051047652322
508.5,7.75,7.75,7.75008752127973,7.74996847482315,6.60422992798247,7.38308417495003,15.5001750425595,15.4999369496463,16.3592551269036,11.8050996321559
508.6,7.75,7.75,7.75008745493032,7.74996848311785,6.60422908185678,7.38308461906493,15.5001749098606,15.4999369662357,16.3592658304383,11.8050945017907
508.7,7.75,7.75,7.7500873886344,7.74996849142198,6.60422823630959,7.38308506300214,15.5001747772688,15.499936982844,16.3592765266774,11.8050893735117
508.8,7.75,7.75,7.75008732239116,7.74996849973536,6.60422739133212,7.38308550676425,15.5001746447823,15.4999369994707,16.359287215732,11.8050842472887
508.9,7.75,7.75,7.75008725620056,7.74996850805799,6.60422654692399,7.38308595035124,15.5001745124011,15.499937016116,16.3592978976068,11.8050791231217
509,7.75,7.75,7.75008719006255,7.74996851638983,6.60422570308482,7.38308639376312,15.5001743801251,15.4999370327797,16.3593085723065,11.8050740010105
509.1,7.75,7.75,7.75008712399381,7.74996852473379,6.60422485999514,7.3830868369441,15.5001742479876,15.4999370494676,16.3593192375544,11.8050688816102
509.2,7.75,7.75,7.7500870579783,7.74996853308704,6.6042240174817,7.38308727994737,15.5001741159566,15.4999370661741,16.3593298955354,11.8050637642961
509.3,7.75,7.75,7.75008699201523,7.74996854144943,6.60422317553574,7.38308772277552,15.5001739840305,15.4999370828989,16.3593405463599,11.8050586490378
509.4,7.75,7.75,7.75008692610453,7.74996854982094,6.60422233415687,7.38308816542854,15.5001738522091,15.4999370996419,16.3593511900327,11.8050535358353
509.5,7.75,7.75,7.75008686024617,7.74996855820155,6.60422149334474,7.38308860790643,15.5001737204923,15.4999371164031,16.3593618265584,11.8050484246887
509.6,7.75,7.75,7.75008679445675,7.74996856659411,6.60422065327914,7.3830890501534,15.5001735889135,15.4999371331882,16.3593724536694,11.8050433162526
509.7,7.75,7.75,7.75008672872031,7.74996857499584,6.60421981378753,7.38308949222265,15.5001734574406,15.4999371499917,16.3593830735417,11.8050382099026
509.8,7.75,7.75,7.75008666303604,7.7499685834066,6.60421897486115,7.38308993411676,15.5001733260721,15.4999371668132,16.3593936862856,11.8050331056083
509.9,7.75,7.75,7.7500865974039,7.74996859182634,6.60421813649966,7.38309037583573,15.5001731948078,15.4999371836527,16.3594042919058,11.8050280033697
510,7.75,7.75,7.75008653182386,7.74996860025507,6.60421729870267,7.38309081737956,15.5001730636477,15.4999372005101,16.3594148904067,11.8050229031866
510.1,7.75,7.75,7.75008646631241,7.7499686086956,6.60421646164929,7.38309125869245,15.5001729326248,15.4999372173912,16.3594254795297,11.805017805714
510.2,7.75,7.75,7.75008640085369,7.74996861714518,6.60421562516763,7.38309169982761,15.5001728017074,15.4999372342904,16.3594360614424,11.8050127103272
510.3,7.75,7.75,7.7500863354469,7.74996862560365,6.604214789249,7.38309214078763,15.5001726708938,15.4999372512073,16.3594466362545,11.8050076169959
510.4,7.75,7.75,7.75008627009198,7.74996863407101,6.60421395389303,7.38309258157249,15.500172540184,15.499937268142,16.3594572039707,11.80500252572
510.5,7.75,7.75,7.75008620478891,7.74996864254722,6.60421311909935,7.38309302218221,15.5001724095778,15.4999372850944,16.3594677645955,11.8049974364996
510.6,7.75,7.75,7.7500861395541,7.74996865103507,6.60421228504636,7.38309346256097,15.5001722791082,15.4999373020701,16.3594783158789,11.8049923499892
510.7,7.75,7.75,7.75008607437178,7.74996865953186,6.60421145156286,7.383093902762,15.5001721487436,15.4999373190637,16.3594888599802,11.8049872655645
510.8,7.75,7.75,7.75008600924112,7.74996866803742,6.60421061864017,7.38309434278788,15.5001720184822,15.4999373360748,16.3594993970087,11.804982183195
510.9,7.75,7.75,7.7500859441621,7.74996867655175,6.60420978627793,7.3830947826386,15.5001718883242,15.4999373531035,16.3595099269689,11.8049771028807
511,7.75,7.75,7.75008587913466,7.74996868507482,6.60420895447577,7.38309522231417,15.5001717582693,15.4999373701496,16.3595204498654,11.8049720246216
511.1,7.75,7.75,7.75008581417517,7.74996869360937,6.6042081234114,7.38309566175878,15.5001716283503,15.4999373872187,16.3595309634571,11.8049669490722
511.2,7.75,7.75,7.75008574926791,7.74996870215273,6.60420729291429,7.38309610102565,15.5001714985358,15.4999374043055,16.3595414698946,11.8049618756082
511.3,7.75,7.75,7.75008568441207,7.74996871070476,6.60420646297579,7.38309654011737,15.5001713688241,15.4999374214095,16.3595519692869,11.8049568041991
511.4,7.75,7.75,7.75008561960762,7.74996871926543,6.60420563359554,7.38309697903393,15.5001712392152,15.4999374385309,16.3595624616385,11.804951734845
511.5,7.75,7.75,7.7500855548545,7.74996872783472,6.60420480477318,7.38309741777534,15.500171109709,15.4999374556694,16.3595729469541,11.8049466675457
511.6,7.75,7.75,7.75008549016901,7.74996873641535,6.60420397668572,7.38309785628579,15.500170980338,15.4999374728307,16.359583423001,11.8049416029557
511.7,7.75,7.75,7.75008542553549,7.74996874500467,6.60420314916328,7.38309829461851,15.500170851071,15.4999374900093,16.3595938919218,11.8049365404508
511.8,7.75,7.75,7.75008536095314,7.74996875360253,6.60420232219727,7.38309873277606,15.5001707219063,15.4999375072051,16.3596043538248,11.8049314800006
511.9,7.75,7.75,7.75008529642194,7.74996876220892,6.60420149578733,7.38309917075847,15.5001705928439,15.4999375244178,16.3596148087146,11.8049264216049
512,7.75,7.75,7.75008523194183,7.74996877082382,6.60420066993309,7.38309960856572,15.5001704638837,15.4999375416476,16.3596252565957,11.8049213652638
512.1,7.75,7.75,7.75008516752901,7.7499687794499,6.60419984481086,7.38310004614202,15.500170335058,15.4999375588998,16.3596356952444,11.8049163116315
512.2,7.75,7.75,7.75008510316793,7.74996878808456,6.60419902025145,7.38310048354059,15.5001702063359,15.4999375761691,16.3596461267948,11.804911260084
512.3,7.75,7.75,7.75008503885777,7.74996879672764,6.60419819624629,7.38310092076401,15.5001700777155,15.4999375934553,16.3596565513547,11.8049062105907
512.4,7.75,7.75,7.75008497459851,7.74996880537914,6.60419737279501,7.38310135781227,15.500169949197,15.4999376107583,16.3596669689287,11.8049011631517
512.5,7.75,7.75,7.75008491039009,7.74996881403903,6.60419654989726,7.3831017946854,15.5001698207802,15.4999376280781,16.3596773795214,11.8048961177668
512.6,7.75,7.75,7.75008484624865,7.74996882270994,6.60419572772866,7.38310223132758,15.5001696924973,15.4999376454199,16.3596877809177,11.8048910750903
512.7,7.75,7.75,7.75008478215869,7.74996883138932,6.60419490612067,7.38310266779203,15.5001695643174,15.4999376627786,16.3596981752433,11.8048860344981
512.8,7.75,7.75,7.75008471811942,7.74996884007701,6.60419408506476,7.38310310408134,15.5001694362388,15.499937680154,16.3597085626056,11.8048809959599
512.9,7.75,7.75,7.75008465413079,7.749968848773,6.60419326456056,7.38310354019552,15.5001693082616,15.499937697546,16.3597189430094,11.8048759594754
513,7.75,7.75,7.75008459019277,7.74996885747727,6.60419244460773,7.38310397613455,15.5001691803855,15.4999377149545,16.359729316459,11.8048709250447
513.1,7.75,7.75,7.75008452632141,7.74996886619241,6.60419162538119,7.38310441184266,15.5001690526428,15.4999377323848,16.359739680748,11.8048658933218
513.2,7.75,7.75,7.75008446250127,7.7499688749159,6.60419080671306,7.38310484737306,15.5001689250025,15.4999377498318,16.3597500379939,11.8048608636828
513.3,7.75,7.75,7.75008439873159,7.7499688836476,6.60418998859486,7.38310528272832,15.5001687974632,15.4999377672952,16.3597603883037,11.8048558360972
513.4,7.75,7.75,7.7500843350123,7.74996889238747,6.60418917102621,7.38310571790845,15.5001686700246,15.4999377847749,16.359770731682,11.8048508105651
513.5,7.75,7.75,7.75008427134339,7.74996890113551,6.60418835400676,7.38310615291346,15.5001685426868,15.499937802271,16.3597810681332,11.8048457870862
513.6,7.75,7.75,7.7500842077408,7.74996890989428,6.60418753771077,7.38310658768757,15.5001684154816,15.4999378197886,16.3597913954595,11.8048407663146
513.7,7.75,7.75,7.75008414418921,7.74996891866128,6.60418672197101,7.38310702228396,15.5001682883784,15.4999378373226,16.3598017157701,11.8048357476264
513.8,7.75,7.75,7.75008408068782,7.74996892743636,6.60418590677901,7.38310745670525,15.5001681613756,15.4999378548727,16.3598120291716,11.8048307309912
513.9,7.75,7.75,7.75008401723659,7.74996893621952,6.60418509213443,7.38310789095143,15.5001680344732,15.499937872439,16.3598223356685,11.8048257164088
514,7.75,7.75,7.75008395383549,7.74996894501073,6.6041842780369,7.3831083250225,15.500167907671,15.4999378900215,16.3598326352654,11.8048207038793
514.1,7.75,7.75,7.7500838905004,7.74996895381252,6.60418346465999,7.38310875886268,15.5001677810008,15.499937907625,16.3598429257729,11.8048156940564
514.2,7.75,7.75,7.75008382721606,7.74996896262243,6.60418265183715,7.38310919252518,15.5001676544321,15.4999379252449,16.359853209292,11.8048106863164
514.3,7.75,7.75,7.75008376398168,7.74996897144032,6.60418183955992,7.38310962601258,15.5001675279634,15.4999379428806,16.3598634859289,11.8048056806288
514.4,7.75,7.75,7.75008370079723,7.74996898026616,6.60418102782797,7.38311005932489,15.5001674015945,15.4999379605323,16.3598737556881,11.8048006769937
514.5,7.75,7.75,7.75008363766266,7.74996898909995,6.60418021664093,7.38311049246212,15.5001672753253,15.4999379781999,16.3598840185741,11.8047956754108
514.6,7.75,7.75,7.75008357459379,7.74996899794417,6.6041794061717,7.38311092536849,15.5001671491876,15.4999379958883,16.359894272406,11.8047906765338
514.7,7.75,7.75,7.75008351157542,7.74996900679639,6.60417859625436,7.38311135809719,15.5001670231508,15.4999380135928,16.3599045192767,11.8047856797392
514.8,7.75,7.75,7.75008344860678,7.74996901565648,6.60417778688052,7.38311179065082,15.5001668972136,15.499938031313,16.359914759292,11.8047806849965
514.9,7.75,7.75,7.75008338568783,7.74996902452442,6.60417697804981,7.38311222302938,15.5001667713757,15.4999380490488,16.3599249924564,11.8047756923057
515,7.75,7.75,7.75008332281852,7.74996903340019,6.60417616976189,7.38311265523288,15.500166645637,15.4999380668004,16.3599352187743,11.8047707016666
515.1,7.75,7.75,7.7500832600146,7.74996904228625,6.60417536218898,7.38311308720555,15.5001665200292,15.4999380845725,16.3599454360734,11.8047657137326
515.2,7.75,7.75,7.75008319726094,7.7499690511802,6.6041745551658,7.38311351900058,15.5001663945219,15.4999381023604,16.3599556464382,11.8047607278804
515.3,7.75,7.75,7.75008313455676,7.7499690600819,6.60417374868399,7.38311395062057,15.5001662691135,15.4999381201638,16.3599658499744,11.8047557440795
515.4,7.75,7.75,7.75008307190204,7.74996906899135,6.60417294274319,7.38311438206551,15.5001661438041,15.4999381379827,16.3599760466862,11.8047507623299
515.5,7.75,7.75,7.75008300929673,7.74996907790852,6.60417213734307,7.38311481333542,15.5001660185935,15.499938155817,16.3599862365782,11.8047457826314
515.6,7.75,7.75,7.75008294675649,7.74996908683583,6.60417133265516,7.38311524437453,15.500165893513,15.4999381736717,16.3599964174864,11.8047408056373
515.7,7.75,7.75,7.75008288426627,7.74996909577092,6.60417052851483,7.38311567523604,15.5001657685325,15.4999381915418,16.3600065914873,11.8047358307243
515.8,7.75,7.75,7.7500828218253,7.74996910471366,6.60416972491377,7.38311610592253,15.5001656436506,15.4999382094273,16.3600167586861,11.8047308578621
515.9,7.75,7.75,7.75008275943355,7.74996911366403,6.60416892185161,7.383116536434,15.5001655188671,15.4999382273281,16.3600269190871,11.8047258870504
516,7.75,7.75,7.75008269709097,7.74996912262201,6.604168119328,7.38311696677047,15.5001653941819,15.499938245244,16.3600370726947,11.8047209182893
516.1,7.75,7.75,7.75008263481316,7.74996913158999,6.60416731751383,7.38311739687619,15.5001652696263,15.49993826318,16.3600472173534,11.8047159522317
516.2,7.75,7.75,7.75008257258512,7.74996914056565,6.60416651624512,7.38311782680433,15.5001651451702,15.4999382811313,16.3600573551317,11.8047109882546
516.3,7.75,7.75,7.75008251040611,7.74996914954884,6.60416571551355,7.38311825655748,15.5001650208122,15.4999382990977,16.3600674861343,11.8047060263275
516.4,7.75,7.75,7.75008244827607,7.74996915853955,6.60416491531879,7.38311868613565,15.5001648965521,15.4999383170791,16.3600776103655,11.8047010664504
516.5,7.75,7.75,7.75008238619497,7.74996916753777,6.60416411566048,7.38311911553885,15.5001647723899,15.4999383350755,16.3600877278297,11.8046961086231
516.6,7.75,7.75,7.75008232417833,7.74996917654585,6.60416331670884,7.38311954471134,15.5001646483567,15.4999383530917,16.3600978363797,11.8046911534985
516.7,7.75,7.75,7.75008226221123,7.7499691855615,6.60416251830053,7.38311997370629,15.5001645244225,15.499938371123,16.3601079380761,11.8046862004537
516.8,7.75,7.75,7.75008220029292,7.74996919458457,6.60416172042727,7.3831204025263,15.5001644005858,15.4999383891691,16.360118033023,11.8046812494582
516.9,7.75,7.75,7.75008213842335,7.74996920361506,6.60416092308872,7.38312083117135,15.5001642768467,15.4999384072301,16.3601281212248,11.804676300512
517,7.75,7.75,7.75008207660249,7.74996921265294,6.60416012628454,7.38312125964147,15.500164153205,15.4999384253059,16.3601382026859,11.8046713536149
517.1,7.75,7.75,7.75008201484578,7.74996922170055,6.60415933018426,7.38312168788093,15.5001640296916,15.4999384434011,16.3601482752675,11.8046664094196
517.2,7.75,7.75,7.75008195313837,7.74996923075561,6.6041585346252,7.38312211594289,15.5001639062767,15.4999384615112,16.3601583410219,11.8046614673033
517.3,7.75,7.75,7.75008189147952,7.74996923981799,6.6041577395991,7.38312254382994,15.500163782959,15.499938479636,16.3601684000531,11.8046565272356
517.4,7.75,7.75,7.75008182986918,7.74996924888768,6.60415694510563,7.38312297154208,15.5001636597384,15.4999384977754,16.3601784523654,11.8046515892165
517.5,7.75,7.75,7.75008176830731,7.74996925796467,6.60415615114444,7.38312339907932,15.5001635366146,15.4999385159293,16.3601884979631,11.8046466532457
517.6,7.75,7.75,7.75008170680929,7.74996926705123,6.60415535788443,7.38312382638597,15.5001634136186,15.4999385341025,16.3601985347157,11.8046417199757
517.7,7.75,7.75,7.75008164536034,7.74996927614514,6.60415456516351,7.38312425351515,15.5001632907207,15.4999385522903,16.3602085646677,11.804636788784
517.8,7.75,7.75,7.75008158395971,7.74996928524627,6.60415377297348,7.38312468046945,15.5001631679194,15.4999385704925,16.3602185879225,11.8046318596401
517.9,7.75,7.75,7.75008152260737,7.74996929435461,6.604152981314,7.3831251072489,15.5001630452147,15.4999385887092,16.3602286044845,11.8046269325441
518,7.75,7.75,7.75008146130327,7.74996930347013,6.60415219018473,7.38312553385349,15.5001629226065,15.4999386069403,16.3602386143579,11.8046220074956
518.1,7.75,7.75,7.7500814000627,7.74996931259509,6.6041513997539,7.38312596022754,15.5001628001254,15.4999386251902,16.3602486154205,11.8046170851469
518.2,7.75,7.75,7.75008133887098,7.74996932172729,6.60415060986007,7.38312638642417,15.500162677742,15.4999386434546,16.3602586097089,11.8046121648756
518.3,7.75,7.75,7.75008127772735,7.74996933086661,6.60414982049506,7.38312681244597,15.5001625554547,15.4999386617332,16.3602685973261,11.8046072466514
518.4,7.75,7.75,7.75008121663177,7.74996934001302,6.60414903165854,7.38312723829296,15.5001624332635,15.499938680026,16.3602785782764,11.8046023304742
518.5,7.75,7.75,7.7500811555842,7.74996934916652,6.60414824335016,7.38312766396514,15.5001623111684,15.499938698333,16.360288552564,11.8045974163438
518.6,7.75,7.75,7.75008109459988,7.74996935832932,6.6041474557375,7.38312808940683,15.5001621891998,15.4999387166586,16.360298518075,11.804592504912
518.7,7.75,7.75,7.75008103366416,7.74996936749926,6.60414666865975,7.38312851467116,15.5001620673283,15.4999387349985,16.360308476838,11.8045875955569
518.8,7.75,7.75,7.7500809727763,7.74996937667621,6.60414588210877,7.3831289397607,15.5001619455526,15.4999387533524,16.3603184289556,11.804582688248
518.9,7.75,7.75,7.75008091193627,7.74996938586015,6.60414509608421,7.38312936467548,15.5001618238725,15.4999387717203,16.3603283744322,11.8045777829853
519,7.75,7.75,7.75008085114402,7.74996939505107,6.60414431058574,7.3831297894155,15.500161702288,15.4999387901021,16.360338313272,11.8045728797685
519.1,7.75,7.75,7.75008079041471,7.74996940425116,6.60414352578028,7.38313021392511,15.5001615808294,15.4999388085023,16.3603482433691,11.8045679792492
519.2,7.75,7.75,7.75008072973377,7.74996941345828,6.60414274150765,7.38313063825739,15.5001614594675,15.4999388269166,16.3603581667443,11.8045630808058
519.3,7.75,7.75,7.75008066910048,7.74996942267231,6.60414195775974,7.38313106241495,15.500161338201,15.4999388453446,16.3603680835,11.8045581844077
519.4,7.75,7.75,7.75008060851477,7.74996943189323,6.60414117453621,7.38313148639779,15.5001612170295,15.4999388637865,16.3603779936402,11.8045532900548
519.5,7.75,7.75,7.75008054797663,7.74996944112103,6.60414039183672,7.38313191020593,15.5001610959533,15.4999388822421,16.3603878971694,11.8045483977471
519.6,7.75,7.75,7.75008048750112,7.74996945035786,6.60413960982754,7.38313233378372,15.5001609750022,15.4999389007157,16.3603977919898,11.8045435081357
519.7,7.75,7.75,7.75008042707377,7.74996945960161,6.60413882834912,7.38313275718424,15.5001608541475,15.4999389192032,16.3604076801143,11.8045386205992
519.8,7.75,7.75,7.75008036669382,7.74996946885217,6.60413804739338,7.38313318041009,15.5001607333876,15.4999389377043,16.3604175616449,11.8045337351072
519.9,7.75,7.75,7.75008030636124,7.74996947810953,6.60413726695998,7.38313360346128,15.5001606127225,15.4999389562191,16.3604274365857,11.8045288516596
520,7.75,7.75,7.750080246076,7.74996948737365,6.60413648704858,7.38313402633782,15.500160492152,15.4999389747473,16.3604373049409,11.8045239702561
520.1,7.75,7.75,7.75008018585309,7.74996949664668,6.60413570782482,7.38313444898409,15.5001603717062,15.4999389932934,16.3604471646211,11.8045190915478
520.2,7.75,7.75,7.7500801256781,7.74996950592653,6.60413492912974,7.38313487145315,15.5001602513562,15.4999390118531,16.3604570176314,11.8045142149134
520.3,7.75,7.75,7.7500800655503,7.74996951521309,6.60413415095532,7.38313529374759,15.5001601311006,15.4999390304262,16.3604668640732,11.8045093403226
520.4,7.75,7.75,7.75008000546965,7.74996952450633,6.6041333733012,7.38313571586743,15.5001600109393,15.4999390490127,16.3604767039507,11.8045044677752
520.5,7.75,7.75,7.7500799454361,7.74996953380625,6.60413259616706,7.38313613781268,15.5001598908722,15.4999390676125,16.3604865372682,11.8044995972711
520.6,7.75,7.75,7.7500798854646,7.74996954311493,6.60413181971788,7.38313655952773,15.5001597709292,15.4999390862299,16.3604963619442,11.8044947294608
520.7,7.75,7.75,7.75007982554079,7.74996955243034,6.60413104379533,7.38313698106564,15.5001596510816,15.4999391048607,16.360506179976,11.8044898637235
520.8,7.75,7.75,7.75007976566394,7.74996956175235,6.60413026839141,7.38313740242899,15.5001595313279,15.4999391235047,16.3605159914648,11.8044850000288
520.9,7.75,7.75,7.75007970583401,7.74996957108095,6.60412949350578,7.3831378236178,15.500159411668,15.4999391421619,16.3605257964147,11.8044801383766
521,7.75,7.75,7.75007964605097,7.74996958041612,6.60412871913811,7.38313824463208,15.5001592921019,15.4999391608322,16.3605355948299,11.8044752787666
521.1,7.75,7.75,7.75007958632967,7.74996958975993,6.60412794545273,7.38313866541624,15.5001591726593,15.4999391795199,16.360545384637,11.8044704218493
521.2,7.75,7.75,7.75007952665585,7.74996959911036,6.60412717229195,7.38313908602333,15.5001590533117,15.4999391982207,16.3605551678257,11.8044655670039
521.3,7.75,7.75,7.75007946702876,7.74996960846729,6.60412639964778,7.38313950645592,15.5001589340575,15.4999392169346,16.3605649444966,11.8044607142001
521.4,7.75,7.75,7.75007940744837,7.74996961783072,6.60412562751988,7.38313992671403,15.5001588148967,15.4999392356614,16.3605747146539,11.8044558634377
521.5,7.75,7.75,7.75007934791464,7.74996962720062,6.60412485590793,7.38314034679767,15.5001586958293,15.4999392544012,16.3605844783018,11.8044510147167
521.6,7.75,7.75,7.75007928844238,7.74996963657902,6.60412408497563,7.38314076665129,15.5001585768848,15.499939273158,16.3605942333748,11.8044461686869
521.7,7.75,7.75,7.75007922901735,7.74996964596394,6.60412331456589,7.3831411863279,15.5001584580347,15.4999392919279,16.360603981855,11.804441324728
521.8,7.75,7.75,7.75007916963884,7.74996965535527,6.60412254467075,7.38314160583008,15.5001583392777,15.4999393107105,16.3606137238425,11.8044364828097
521.9,7.75,7.75,7.7500791103068,7.74996966475299,6.60412177528989,7.38314202515784,15.5001582206136,15.499939329506,16.3606234593417,11.8044316429318
522,7.75,7.75,7.75007905102122,7.74996967415708,6.60412100642296,7.3831424443112,15.5001581020424,15.4999393483142,16.3606331883566,11.8044268050941
522.1,7.75,7.75,7.75007899179679,7.74996968356955,6.60412023823305,7.38314286323463,15.5001579835936,15.4999393671391,16.3606429088297,11.8044219699464
522.2,7.75,7.75,7.75007893261939,7.74996969298844,6.60411947056367,7.38314328198112,15.5001578652388,15.4999393859769,16.3606526227355,11.8044171368684
522.3,7.75,7.75,7.75007887348828,7.74996970241364,6.6041187034069,7.38314370055324,15.5001577469766,15.4999394048273,16.3606623301737,11.80441230583
522.4,7.75,7.75,7.75007881440343,7.74996971184513,6.60411793676241,7.38314411895103,15.5001576288069,15.4999394236903,16.3606720311486,11.804407476831
522.5,7.75,7.75,7.7500787553648,7.7499697212829,6.60411717062986,7.38314453717448,15.5001575107296,15.4999394425658,16.3606817256642,11.8044026498712
522.6,7.75,7.75,7.75007869638705,7.74996973072892,6.60411640517171,7.38314495516809,15.5001573927741,15.4999394614578,16.3606914116711,11.8043978255997
522.7,7.75,7.75,7.75007863745609,7.74996974018126,6.60411564023206,7.38314537298482,15.5001572749122,15.4999394803625,16.3607010911359,11.8043930033971
522.8,7.75,7.75,7.75007857857121,7.74996974963981,6.60411487580304,7.38314579062728,15.5001571571424,15.4999394992796,16.3607107641582,11.8043881832328
522.9,7.75,7.75,7.75007851973237,7.74996975910456,6.60411411188431,7.38314620809546,15.5001570394647,15.4999395182091,16.3607204307421,11.8043833651069
523,7.75,7.75,7.75007846093954,7.74996976857549,6.60411334847554,7.38314662538939,15.5001569218791,15.499939537151,16.3607300908917,11.804378549019
523.1,7.75,7.75,7.75007840220729,7.74996977805453,6.60411258573855,7.38314704245356,15.5001568044146,15.4999395561091,16.3607397425653,11.804373735618
523.2,7.75,7.75,7.75007834352162,7.7499697875398,6.60411182351806,7.38314745934095,15.5001566870432,15.4999395750796,16.3607493877222,11.8043689242847
523.3,7.75,7.75,7.7500782848818,7.74996979703119,6.60411106180621,7.38314787605412,15.5001565697636,15.4999395940624,16.3607590264613,11.8043641149888
523.4,7.75,7.75,7.75007822628781,7.74996980652868,6.60411030060267,7.3831482925931,15.5001564525756,15.4999396130574,16.3607686587869,11.8043593077299
523.5,7.75,7.75,7.75007816773961,7.74996981603225,6.60410953990713,7.3831487089579,15.5001563354792,15.4999396320645,16.360778284703,11.804354502508
523.6,7.75,7.75,7.75007810925171,7.74996982554382,6.60410877988075,7.38314912509305,15.5001562185034,15.4999396510876,16.3607879021759,11.8043496999716
523.7,7.75,7.75,7.75007805081016,7.74996983506151,6.60410802036887,7.38314954105148,15.5001561016203,15.499939670123,16.3607975131572,11.8043448995016
523.8,7.75,7.75,7.75007799241425,7.74996984458522,6.60410726136367,7.38314995683579,15.5001559848285,15.4999396891704,16.3608071177454,11.8043401010678
523.9,7.75,7.75,7.75007793406395,7.74996985411494,6.60410650286481,7.38315037244598,15.5001558681279,15.4999397082299,16.3608167159449,11.80433530467
524,7.75,7.75,7.75007787575922,7.74996986365065,6.60410574487198,7.38315078788206,15.5001557515184,15.4999397273013,16.3608263077595,11.8043305103079
524.1,7.75,7.75,7.75007781751451,7.74996987319422,6.60410498754571,7.3831512030886,15.500155635029,15.4999397463884,16.3608358911636,11.8043257186298
524.2,7.75,7.75,7.75007775931593,7.74996988274382,6.60410423073196,7.38315161811851,15.5001555186319,15.4999397654876,16.3608454681009,11.8043209290169
524.3,7.75,7.75,7.75007770116278,7.74996989229936,6.60410347442292,7.38315203297437,15.5001554023256,15.4999397845987,16.36085503867,11.804316141439
524.4,7.75,7.75,7.75007764305502,7.7499699018608,6.60410271861827,7.38315244765619,15.50015528611,15.4999398037216,16.3608646028748,11.8043113558959
524.5,7.75,7.75,7.75007758499262,7.74996991142814,6.60410196331768,7.38315286216399,15.5001551699852,15.4999398228563,16.3608741607195,11.8043065723874
524.6,7.75,7.75,7.75007752698995,7.74996992100322,6.60410120868108,7.38315327644236,15.5001550539799,15.4999398420064,16.360883710186,11.8043017915613
524.7,7.75,7.75,7.7500774690332,7.74996993058423,6.60410045455501,7.38315369054417,15.5001549380664,15.4999398611685,16.3608932532107,11.8042970127991
524.8,7.75,7.75,7.75007741112166,7.74996994017108,6.6040997009317,7.38315410447202,15.5001548222433,15.4999398803422,16.3609027898917,11.8042922360708
524.9,7.75,7.75,7.75007735325529,7.74996994976374,6.60409894781082,7.38315451822592,15.5001547065106,15.4999398995275,16.3609123202329,11.804287461376
525,7.75,7.75,7.75007729543407,7.74996995936221,6.60409819519206,7.38315493180588,15.5001545908681,15.4999399187244,16.3609218442386,11.8042826887146
525.1,7.75,7.75,7.7500772376723,7.7499699689683,6.60409744323472,7.38315534515652,15.5001544753446,15.4999399379366,16.3609313598982,11.8042779187339
525.2,7.75,7.75,7.75007717995623,7.74996997858022,6.60409669178593,7.3831557583307,15.5001543599125,15.4999399571604,16.3609408691409,11.8042731508159
525.3,7.75,7.75,7.75007712228516,7.74996998819789,6.60409594083795,7.38315617133099,15.5001542445703,15.4999399763958,16.3609503720643,11.8042683849306
525.4,7.75,7.75,7.75007706465905,7.74996999782128,6.60409519039047,7.38315658415742,15.5001541293181,15.4999399956426,16.3609598686724,11.8042636210775
525.5,7.75,7.75,7.75007700707787,7.74997000745038,6.60409444044315,7.38315699681,15.5001540141557,15.4999400149008,16.3609693589692,11.8042588592565
525.6,7.75,7.75,7.75007694955586,7.74997001708697,6.60409369115471,7.38315740923337,15.5001538991117,15.4999400341739,16.3609788409523,11.8042541001146
525.7,7.75,7.75,7.75007689207934,7.74997002672932,6.60409294237285,7.38315782148037,15.5001537841587,15.4999400534586,16.3609883165431,11.8042493430342
525.8,7.75,7.75,7.75007683464761,7.74997003637731,6.60409219408986,7.38315823355358,15.5001536692952,15.4999400727546,16.3609977858388,11.804244587985
525.9,7.75,7.75,7.75007677726062,7.74997004603093,6.60409144630543,7.38315864545302,15.5001535545212,15.4999400920619,16.3610072488436,11.8042398349669
526,7.75,7.75,7.75007671991836,7.74997005569017,6.60409069901924,7.38315905717868,15.5001534398367,15.4999401113803,16.3610167055615,11.8042350839796
526.1,7.75,7.75,7.75007666263499,7.74997006535679,6.60408995238937,7.38315946867527,15.50015332527,15.4999401307136,16.3610261539975,11.8042303356697
526.2,7.75,7.75,7.75007660539688,7.74997007502906,6.60408920626413,7.38315987999557,15.5001532107938,15.4999401500581,16.3610355960659,11.8042255894199
526.3,7.75,7.75,7.75007654820335,7.74997008470688,6.60408846063583,7.38316029114218,15.5001530964067,15.4999401694138,16.3610450318635,11.8042208452001
526.4,7.75,7.75,7.75007649105437,7.74997009439025,6.60408771550416,7.3831607021151,15.5001529821087,15.4999401887805,16.3610544613943,11.80421610301
526.5,7.75,7.75,7.75007643394989,7.74997010407914,6.60408697086881,7.38316111291435,15.5001528678998,15.4999402081583,16.3610638846623,11.8042113628495
526.6,7.75,7.75,7.75007637690403,7.74997011377528,6.60408622688724,7.38316152348464,15.5001527538081,15.4999402275506,16.3610732996804,11.8042066253646
526.7,7.75,7.75,7.75007631990322,7.74997012347699,6.60408548340835,7.38316193387874,15.5001526398064,15.499940246954,16.3610827083553,11.8042018899384
526.8,7.75,7.75,7.75007626294678,7.74997013318417,6.60408474042449,7.38316234409924,15.5001525258936,15.4999402663683,16.3610921107836,11.8041971565409
526.9,7.75,7.75,7.75007620603467,7.74997014289679,6.60408399793533,7.38316275414614,15.5001524120693,15.4999402857936,16.3611015069691,11.8041924251719
527,7.75,7.75,7.75007614916686,7.74997015261485,6.60408325594057,7.38316316401948,15.5001522983337,15.4999403052297,16.361110896916,11.804187695831
527.1,7.75,7.75,7.75007609235739,7.74997016234005,6.60408251459708,7.38316357366398,15.5001521847148,15.4999403246801,16.3611202786447,11.8041829691639
527.2,7.75,7.75,7.75007603559276,7.74997017207071,6.60408177375432,7.38316398313238,15.5001520711855,15.4999403441414,16.3611296540545,11.8041782445543
527.3,7.75,7.75,7.75007597887229,7.74997018180675,6.60408103340468,7.38316439242729,15.5001519577446,15.4999403636135,16.3611390232418,11.8041735219719
527.4,7.75,7.75,7.75007592219595,7.74997019154815,6.60408029354784,7.3831648015487,15.5001518443919,15.4999403830963,16.3611483862103,11.8041688014166
527.5,7.75,7.75,7.75007586556369,7.7499702012949,6.60407955418349,7.38316521049663,15.5001517311274,15.4999404025898,16.3611577429641,11.8041640828881
527.6,7.75,7.75,7.75007580898949,7.74997021104867,6.60407881546788,7.38316561921585,15.500151617979,15.4999404220973,16.3611670915312,11.8041593670316
527.7,7.75,7.75,7.75007575245994,7.74997022080781,6.60407807725108,7.38316602775909,15.5001515049199,15.4999404416156,16.3611764338039,11.8041546532312
527.8,7.75,7.75,7.75007569597433,7.74997023057224,6.60407733952549,7.38316643612892,15.5001513919487,15.4999404611445,16.3611857698778,11.8041499414566
527.9,7.75,7.75,7.75007563953264,7.74997024034194,6.6040766022908,7.38316684432535,15.5001512790653,15.4999404806839,16.361195099757,11.8041452317077
528,7.75,7.75,7.75007558313482,7.7499702501169,6.6040758655467,7.38316725234842,15.5001511662696,15.4999405002338,16.3612044234453,11.8041405239842
528.1,7.75,7.75,7.7500755267948,7.74997025989876,6.60407512944884,7.3831676601429,15.5001510535896,15.4999405197975,16.3612137389783,11.8041358189308
528.2,7.75,7.75,7.75007547049921,7.74997026968591,6.60407439384787,7.38316806776151,15.5001509409984,15.4999405393718,16.3612230482411,11.8041311159321
528.3,7.75,7.75,7.75007541424736,7.74997027947826,6.60407365873621,7.3831684752068,15.5001508284947,15.4999405589565,16.3612323513289,11.8041264149578
528.4,7.75,7.75,7.75007535803922,7.74997028927579,6.60407292411356,7.38316888247881,15.5001507160784,15.4999405785516,16.3612416482457,11.8041217160078
528.5,7.75,7.75,7.75007530187475,7.74997029907849,6.6040721899796,7.38316928957755,15.5001506037495,15.499940598157,16.3612509389955,11.8041170190817
528.6,7.75,7.75,7.7500752457678,7.74997030888797,6.6040714564894,7.38316969644784,15.5001504915356,15.4999406177759,16.3612602216213,11.804112324824
528.7,7.75,7.75,7.75007518970507,7.74997031870265,6.60407072349416,7.38317010314236,15.5001503794101,15.4999406374053,16.3612694980009,11.8041076326193
528.8,7.75,7.75,7.75007513368588,7.74997032852245,6.60406999098635,7.38317050966368,15.5001502673718,15.4999406570449,16.3612787682293,11.8041029424377
528.9,7.75,7.75,7.75007507771019,7.74997033834734,6.60406925896566,7.38317091601181,15.5001501554204,15.4999406766947,16.3612880323103,11.8040982542789
529,7.75,7.75,7.75007502177797,7.74997034817731,6.60406852743179,7.38317132218677,15.5001500435559,15.4999406963546,16.361297290248,11.8040935681426
529.1,7.75,7.75,7.75007496590301,7.74997035801395,6.60406779653918,7.38317172813344,15.500149931806,15.4999407160279,16.3613065400929,11.8040888846727
529.2,7.75,7.75,7.75007491007205,7.7499703678557,6.60406706613963,7.38317213390444,15.5001498201441,15.4999407357114,16.3613157837155,11.8040842032544
529.3,7.75,7.75,7.75007485428442,7.74997037770247,6.60406633622564,7.38317253950234,15.5001497085688,15.4999407554049,16.3613250212106,11.8040795238576
529.4,7.75,7.75,7.7500747985401,7.74997038755425,6.60406560679689,7.38317294492717,15.5001495970802,15.4999407751085,16.3613342525818,11.8040748464822
529.5,7.75,7.75,7.75007474283903,7.74997039741103,6.60406487785307,7.38317335017893,15.5001494856781,15.4999407948221,16.3613434778333,11.8040701711278
529.6,7.75,7.75,7.75007468719496,7.74997040727437,6.60406414954806,7.38317375520254,15.5001493743899,15.4999408145487,16.361352695023,11.8040654984378
529.7,7.75,7.75,7.75007463159468,7.74997041714272,6.60406342173421,7.38317416005059,15.5001492631894,15.4999408342854,16.3613619060144,11.804060827798
529.8,7.75,7.75,7.75007457603753,7.74997042701602,6.60406269440404,7.38317456472566,15.5001491520751,15.499940854032,16.3613711109016,11.8040561591782
529.9,7.75,7.75,7.75007452052349,7.74997043689423,6.60406196755724,7.38317496922776,15.500149041047,15.4999408737885,16.3613803096886,11.8040514925782
530,7.75,7.75,7.7500744650525,7.74997044677736,6.60406124119351,7.38317537355691,15.500148930105,15.4999408935547,16.3613895023792,11.8040468279978
530.1,7.75,7.75,7.75007440963823,7.74997045666692,6.60406051546612,7.38317577765805,15.5001488192765,15.4999409133338,16.361398687039,11.8040421660797
530.2,7.75,7.75,7.75007435426755,7.74997046656143,6.60405979022799,7.38317618158375,15.5001487085351,15.4999409331229,16.3614078655242,11.8040375062103
530.3,7.75,7.75,7.75007429893981,7.74997047646079,6.6040590654717,7.38317658533658,15.5001485978796,15.4999409529216,16.3614170379287,11.8040328483593
530.4,7.75,7.75,7.75007424365496,7.74997048636498,6.60405834119691,7.38317698891655,15.5001484873099,15.49994097273,16.3614262042563,11.8040281925267
530.5,7.75,7.75,7.75007418841296,7.74997049627399,6.60405761740333,7.38317739232368,15.5001483768259,15.499940992548,16.3614353645109,11.804023538712
530.6,7.75,7.75,7.75007413322742,7.74997050618934,6.60405689424365,7.38317779550296,15.5001482664548,15.4999410123787,16.3614445167654,11.8040188875577
530.7,7.75,7.75,7.75007407808528,7.74997051610954,6.60405617157134,7.38317819850691,15.5001481561706,15.4999410322191,16.361453662869,11.8040142384505
530.8,7.75,7.75,7.75007402298585,7.7499705260345,6.60405544937901,7.38317860133809,15.5001480459717,15.499941052069,16.3614628029152,11.8040095913602
530.9,7.75,7.75,7.75007396792913,7.74997053596422,6.60405472766634,7.38317900399654,15.5001479358583,15.4999410719284,16.3614719369078,11.8040049462866
531,7.75,7.75,7.75007391291506,7.74997054589867,6.60405400643302,7.38317940648227,15.5001478258301,15.4999410917973,16.3614810648506,11.8040003032295
531.1,7.75,7.75,7.75007385795717,7.74997055583935,6.60405328583116,7.38317980874029,15.5001477159143,15.4999411116787,16.3614901848241,11.8039956628306
531.2,7.75,7.75,7.75007380304248,7.74997056578478,6.6040525657148,7.38318021082311,15.500147606085,15.4999411315696,16.3614992986702,11.8039910244772
531.3,7.75,7.75,7.75007374817031,7.74997057573491,6.60405184607657,7.38318061273328,15.5001474963406,15.4999411514698,16.361508406482,11.8039863881392
531.4,7.75,7.75,7.75007369334064,7.7499705856897,6.60405112691615,7.38318101447083,15.5001473866813,15.4999411713794,16.3615175082634,11.8039817538164
531.5,7.75,7.75,7.75007363855343,7.74997059564914,6.60405040823324,7.38318141603577,15.5001472771069,15.4999411912983,16.3615266040183,11.8039771215084
531.6,7.75,7.75,7.75007358382214,7.74997060561469,6.60404969017936,7.38318181737317,15.5001471676443,15.4999412112294,16.3615356918343,11.8039724918565
531.7,7.75,7.75,7.75007352913383,7.74997061558493,6.60404897260912,7.38318221853548,15.5001470582677,15.4999412311699,16.3615447735464,11.8039678642485
531.8,7.75,7.75,7.75007347448786,7.74997062555976,6.60404825551517,7.38318261952526,15.5001469489757,15.4999412511195,16.3615538492473,11.8039632386543
531.9,7.75,7.75,7.75007341988418,7.74997063553918,6.60404753889719,7.38318302034255,15.5001468397684,15.4999412710784,16.3615629189408,11.8039586150736
532,7.75,7.75,7.75007336532276,7.74997064552317,6.6040468227549,7.38318342098735,15.5001467306455,15.4999412910463,16.361571982631,11.8039539935062
532.1,7.75,7.75,7.750073310817,7.74997065551316,6.60404610723921,7.38318382140476,15.500146621634,15.4999413110263,16.3615810384126,11.8039493745928
532.2,7.75,7.75,7.75007325635403,7.74997066550775,6.6040453922053,7.3831842216472,15.5001465127081,15.4999413310155,16.3615900881136,11.8039447577215
532.3,7.75,7.75,7.75007320193319,7.74997067550685,6.60404467764585,7.38318462171725,15.5001464038664,15.4999413510137,16.3615991318265,11.8039401428625
532.4,7.75,7.75,7.75007314755444,7.74997068551045,6.60404396356055,7.38318502161491,15.5001462951089,15.4999413710209,16.361608169555,11.8039355300153
532.5,7.75,7.75,7.75007309321776,7.74997069551855,6.60404324994909,7.38318542134021,15.5001461864355,15.4999413910371,16.361617201303,11.8039309191797
532.6,7.75,7.75,7.75007303893648,7.74997070553253,6.60404253696184,7.38318582083829,15.500146077873,15.4999414110651,16.3616262251728,11.803926310996
532.7,7.75,7.75,7.75007298469779,7.74997071555103,6.60404182445452,7.38318622016153,15.5001459693956,15.4999414311021,16.3616352429853,11.8039217048528
532.8,7.75,7.75,7.75007293050103,7.74997072557397,6.60404111241983,7.38318661931249,15.5001458610021,15.4999414511479,16.3616442548325,11.8039171007201
532.9,7.75,7.75,7.75007287634617,7.74997073560132,6.60404040085747,7.38318701829119,15.5001457526923,15.4999414712026,16.3616532607183,11.8039124985976
533,7.75,7.75,7.75007282223317,7.74997074563308,6.60403968976714,7.38318741709766,15.5001456444663,15.4999414912662,16.3616622606464,11.8039078984851
533.1,7.75,7.75,7.75007276817532,7.74997075567063,6.60403897929861,7.38318781567707,15.5001455363506,15.4999415113413,16.3616712527264,11.8039033010223
533.2,7.75,7.75,7.75007271415986,7.7499707657126,6.60403826930817,7.38318821408176,15.5001454283197,15.4999415314252,16.3616802387722,11.8038987055982
533.3,7.75,7.75,7.75007266018613,7.74997077575893,6.60403755978855,7.38318861231431,15.5001453203723,15.4999415515179,16.3616892188756,11.803894112183
533.4,7.75,7.75,7.75007260625411,7.7499707858096,6.60403685073945,7.38318901037473,15.5001452125082,15.4999415716192,16.3616981930403,11.8038895207763
533.5,7.75,7.75,7.75007255236376,7.7499707958646,6.60403614216056,7.38318940826304,15.5001451047275,15.4999415917292,16.3617071612702,11.8038849313778
533.6,7.75,7.75,7.75007249852829,7.74997080592527,6.60403543420109,7.38318980592445,15.5001449970566,15.4999416118505,16.3617161216819,11.8038803446268
533.7,7.75,7.75,7.75007244473502,7.74997081599029,6.60403472671788,7.38319020341128,15.50014488947,15.4999416319806,16.3617250760825,11.8038757599129
533.8,7.75,7.75,7.75007239098328,7.74997082605959,6.60403401970367,7.38319060072609,15.5001447819666,15.4999416521192,16.3617340245634,11.8038711772061
533.9,7.75,7.75,7.75007233727306,7.74997083613314,6.60403331315818,7.38319099786891,15.5001446745461,15.4999416722663,16.3617429671283,11.8038665965061
534,7.75,7.75,7.75007228360431,7.74997084621094,6.60403260708109,7.38319139483974,15.5001445672086,15.4999416924219,16.361751903781,11.8038620178127
534.1,7.75,7.75,7.75007222999019,7.74997085629431,6.60403190162106,7.38319179158386,15.5001444599804,15.4999417125886,16.3617608326454,11.8038574417644
534.2,7.75,7.75,7.75007217641807,7.74997086638195,6.60403119663544,7.38319218815352,15.5001443528361,15.4999417327639,16.3617697555217,11.8038528677515
534.3,7.75,7.75,7.75007212288729,7.74997087647378,6.60403049211704,7.38319258455129,15.5001442457746,15.4999417529476,16.3617786725009,11.8038482957439
534.4,7.75,7.75,7.75007206939783,7.74997088656979,6.60402978806555,7.3831929807772,15.5001441387957,15.4999417731396,16.3617875835866,11.8038437257414
534.5,7.75,7.75,7.75007201594965,7.74997089666997,6.60402908448068,7.38319337683126,15.5001440318993,15.4999417933399,16.3617964887828,11.8038391577437
534.6,7.75,7.75,7.75007196255584,7.74997090677562,6.60402838151048,7.38319377265877,15.5001439251117,15.4999418135512,16.3618053862204,11.803834592389
534.7,7.75,7.75,7.75007190920384,7.74997091688545,6.60402767901289,7.38319416831197,15.5001438184077,15.4999418337709,16.3618142776928,11.8038300290677
534.8,7.75,7.75,7.75007185589299,7.74997092699939,6.60402697698072,7.38319456379341,15.500143711786,15.4999418539988,16.3618231632905,11.8038254677501
534.9,7.75,7.75,7.75007180262326,7.74997093711744,6.60402627541368,7.38319495910312,15.5001436052465,15.4999418742349,16.3618320430174,11.8038209084358
535,7.75,7.75,7.75007174939463,7.74997094723957,6.60402557431146,7.38319535424111,15.5001434987893,15.4999418944791,16.3618409168771,11.8038163511245
535.1,7.75,7.75,7.75007169622011,7.74997095736707,6.60402487382156,7.38319574915274,15.5001433924402,15.4999419147341,16.3618497830079,11.8038117964538
535.2,7.75,7.75,7.7500716430872,7.74997096749867,6.60402417380246,7.38319614389019,15.5001432861744,15.4999419349973,16.3618586431962,11.8038072438149
535.3,7.75,7.75,7.75007158999525,7.74997097763431,6.604023474247,7.38319653845601,15.5001431799905,15.4999419552686,16.3618674975322,11.8038026931777
535.4,7.75,7.75,7.75007153694423,7.74997098777397,6.60402277515488,7.38319693285024,15.5001430738885,15.4999419755479,16.3618763460198,11.8037981445422
535.5,7.75,7.75,7.75007148393411,7.74997099791764,6.6040220765258,7.38319732707289,15.5001429678682,15.4999419958353,16.3618851886627,11.8037935979079
535.6,7.75,7.75,7.75007143097786,7.74997100806657,6.60402137850669,7.38319772106936,15.5001428619557,15.4999420161331,16.3618940236061,11.8037890539117
535.7,7.75,7.75,7.75007137806302,7.74997101821953,6.60402068095658,7.38319811489178,15.500142756126,15.4999420364391,16.3619028526296,11.8037845119455
535.8,7.75,7.75,7.75007132518895,7.74997102837645,6.60401998386833,7.38319850854272,15.5001426503779,15.4999420567529,16.3619116758233,11.8037799719793
535.9,7.75,7.75,7.75007127235563,7.74997103853731,6.60401928724165,7.3831989020222,15.5001425447113,15.4999420770746,16.3619204931908,11.8037754340129
536,7.75,7.75,7.75007121956301,7.7499710487021,6.60401859107624,7.38319929533024,15.500142439126,15.4999420974042,16.3619293047358,11.8037708980459
536.1,7.75,7.75,7.75007116682401,7.74997105887205,6.60401789551847,7.38319968841228,15.500142333648,15.4999421177441,16.3619381086108,11.8037663647147
536.2,7.75,7.75,7.75007111412623,7.74997106904595,6.6040172004279,7.38320008132043,15.5001422282525,15.4999421380919,16.3619469065885,11.8037618334116
536.3,7.75,7.75,7.75007106146903,7.74997107922373,6.60401650579741,7.38320047405722,15.5001421229381,15.4999421584475,16.3619556987585,11.8037573041067
536.4,7.75,7.75,7.75007100885238,7.74997108940538,6.60401581162673,7.3832008666227,15.5001420177048,15.4999421788108,16.3619644851245,11.8037527767997
536.5,7.75,7.75,7.75007095627625,7.74997109959088,6.60401511791555,7.38320125901688,15.5001419125525,15.4999421991818,16.3619732656903,11.8037482514903
536.6,7.75,7.75,7.75007090375349,7.74997110978144,6.60401442480969,7.38320165118524,15.500141807507,15.4999422195629,16.3619820386153,11.8037437288143
536.7,7.75,7.75,7.75007085127175,7.74997111997587,6.60401373216924,7.38320204317985,15.5001417025435,15.4999422399517,16.3619908056654,11.8037392081644
536.8,7.75,7.75,7.75007079883041,7.7499711301741,6.60401303998712,7.38320243500326,15.5001415976608,15.4999422603482,16.36199956693,11.803734689511
536.9,7.75,7.75,7.75007074642943,7.74997114037613,6.60401234826304,7.38320282665549,15.5001414928589,15.4999422807523,16.3620083224128,11.8037301728536
537,7.75,7.75,7.75007069406879,7.74997115058193,6.60401165699671,7.38320321813657,15.5001413881376,15.4999423011639,16.3620170721173,11.8037256581919
537.1,7.75,7.75,7.75007064176126,7.74997116079269,6.60401096633337,7.38320360939201,15.5001412835225,15.4999423215854,16.3620258142102,11.8037211461612
537.2,7.75,7.75,7.75007058949457,7.74997117100725,6.60401027613366,7.38320400047385,15.5001411789891,15.4999423420145,16.3620345504506,11.8037166361547
537.3,7.75,7.75,7.75007053726808,7.74997118122553,6.60400958639054,7.38320439138464,15.5001410745362,15.4999423624511,16.3620432809276,11.8037121281427
537.4,7.75,7.75,7.75007048508177,7.74997119144753,6.6040088971037,7.38320478212439,15.5001409701635,15.4999423828951,16.3620520056447,11.803707622125
537.5,7.75,7.75,7.7500704329356,7.74997120167323,6.60400820827286,7.38320517269313,15.5001408658712,15.4999424033465,16.3620607246056,11.8037031181011
537.6,7.75,7.75,7.75007038084231,7.74997121190379,6.60400752004271,7.38320556303643,15.5001407616846,15.4999424238076,16.3620694359838,11.8036986167056
537.7,7.75,7.75,7.75007032878966,7.74997122213807,6.60400683227441,7.38320595320627,15.5001406575793,15.4999424442761,16.3620781415318,11.8036941173325
537.8,7.75,7.75,7.75007027677703,7.749971232376,6.60400614496095,7.3832063432052,15.5001405535541,15.499942464752,16.3620868413383,11.803689619952
537.9,7.75,7.75,7.75007022480439,7.74997124261757,6.60400545810204,7.38320673303325,15.5001404496088,15.4999424852351,16.3620955354069,11.8036851245637
538,7.75,7.75,7.75007017287171,7.74997125286276,6.60400477169737,7.38320712269044,15.5001403457434,15.4999425057255,16.3621042237413,11.8036806311675
538.1,7.75,7.75,7.75007012099165,7.74997126311272,6.60400408589111,7.38320751212238,15.5001402419833,15.4999425262254,16.3621129045217,11.8036761403971
538.2,7.75,7.75,7.75007006915205,7.74997127336632,6.60400340054493,7.38320790138101,15.5001401383041,15.4999425467326,16.3621215794942,11.8036716516472
538.3,7.75,7.75,7.75007001735228,7.7499712836235,6.60400271565185,7.38320829046888,15.5001400347046,15.499942567247,16.362130248747,11.803667164888
538.4,7.75,7.75,7.75006996559232,7.74997129388424,6.60400203121158,7.38320867938601,15.5001399311846,15.4999425877685,16.3621389122837,11.8036626801191
538.5,7.75,7.75,7.75006991387213,7.74997130414854,6.60400134722382,7.38320906813243,15.5001398277443,15.4999426082971,16.362147570108,11.8036581973403
538.6,7.75,7.75,7.75006986220433,7.74997131441749,6.60400066383218,7.3832094566538,15.5001397244087,15.499942628835,16.3621562204072,11.8036537171848
538.7,7.75,7.75,7.75006981057679,7.74997132469002,6.60399998089886,7.38320984500202,15.5001396211536,15.49994264938,16.3621648649205,11.8036492390478
538.8,7.75,7.75,7.7500697589889,7.74997133496605,6.60399929841691,7.38321023317962,15.5001395179778,15.4999426699321,16.3621735037358,11.8036447628995
538.9,7.75,7.75,7.75006970744063,7.74997134524557,6.60399861638604,7.38321062118664,15.5001394148813,15.4999426904911,16.3621821368568,11.8036402887397
539,7.75,7.75,7.75006965593194,7.74997135552857,6.60399793480596,7.3832110090231,15.5001393118639,15.4999427110571,16.3621907642871,11.8036358165679
539.1,7.75,7.75,7.7500696044754,7.74997136581613,6.60399725381972,7.38321139663471,15.5001392089508,15.4999427316323,16.3621993842209,11.803631347017
539.2,7.75,7.75,7.75006955305894,7.74997137610719,6.60399657329005,7.38321178407332,15.5001391061179,15.4999427522144,16.3622079983908,11.8036268794825
539.3,7.75,7.75,7.75006950168194,7.74997138640168,6.60399589321003,7.38321217134147,15.5001390033639,15.4999427728034,16.3622166068844,11.8036224139348
539.4,7.75,7.75,7.75006945034438,7.74997139669959,6.60399521357936,7.38321255843918,15.5001389006888,15.4999427933992,16.3622252097054,11.8036179503735
539.5,7.75,7.75,7.75006939904622,7.74997140700091,6.60399453439776,7.38321294536649,15.5001387980924,15.4999428140018,16.3622338068573,11.8036134887984
539.6,7.75,7.75,7.75006934779996,7.74997141730669,6.60399385580773,7.38321333206915,15.5001386955999,15.4999428346134,16.3622423965411,11.8036090298415
539.7,7.75,7.75,7.7500692965936,7.74997142761589,6.60399317767254,7.38321371859897,15.5001385931872,15.4999428552318,16.362250980483,11.803604572899
539.8,7.75,7.75,7.75006924542652,7.74997143792845,6.60399249998528,7.38321410495848,15.500138490853,15.4999428758569,16.3622595587702,11.8036001179413
539.9,7.75,7.75,7.75006919429869,7.74997144824436,6.60399182274565,7.38321449114772,15.5001383885974,15.4999428964887,16.3622681314062,11.8035956649681
540,7.75,7.75,7.75006914321008,7.7499714585636,6.60399114595338,7.3832148771667,15.5001382864202,15.4999429171272,16.3622766983947,11.803591213979
540.1,7.75,7.75,7.75006909217313,7.74997146888721,6.60399046975042,7.38321526296124,15.5001381843463,15.4999429377744,16.3622852579436,11.8035867656055
540.2,7.75,7.75,7.7500690411759,7.74997147921417,6.60398979400056,7.3832156485831,15.5001380823518,15.4999429584283,16.3622938117723,11.8035823192444
540.3,7.75,7.75,7.75006899021776,7.74997148954442,6.60398911869692,7.3832160340348,15.5001379804355,15.4999429790888,16.3623023599678,11.8035778748661
540.4,7.75,7.75,7.75006893929869,7.74997149987794,6.60398844383922,7.38321641931639,15.5001378785974,15.4999429997559,16.3623109025336,11.8035734324702
540.5,7.75,7.75,7.75006888841867,7.74997151021473,6.60398776942716,7.38321680442787,15.5001377768373,15.4999430204295,16.3623194394733,11.8035689920565
540.6,7.75,7.75,7.75006883759006,7.74997152055579,6.60398709560217,7.38321718931513,15.5001376751801,15.4999430411116,16.3623279690017,11.8035645542557
540.7,7.75,7.75,7.75006878680098,7.74997153090013,6.60398642222855,7.38321757402987,15.500137573602,15.4999430618003,16.3623364928316,11.8035601184652
540.8,7.75,7.75,7.75006873605081,7.74997154124768,6.60398574929945,7.38321795857461,15.5001374721016,15.4999430824954,16.3623450110497,11.8035556846555
540.9,7.75,7.75,7.75006868533954,7.74997155159843,6.60398507681458,7.38321834294939,15.5001373706791,15.4999431031969,16.3623535236594,11.8035512528263
541,7.75,7.75,7.75006863466713,7.74997156195238,6.60398440477367,7.38321872715423,15.5001372693343,15.4999431239048,16.3623620306645,11.8035468229771
541.1,7.75,7.75,7.7500685840459,7.74997157231051,6.60398373331758,7.38321911113505,15.5001371680918,15.499943144621,16.3623705302863,11.8035423957381
541.2,7.75,7.75,7.75006853346401,7.74997158267184,6.60398306231114,7.38321949494351,15.500137066928,15.4999431653437,16.3623790242313,11.8035379705075
541.3,7.75,7.75,7.75006848292086,7.74997159303632,6.60398239174752,7.38321987858214,15.5001369658417,15.4999431860726,16.3623875125857,11.8035335472555
541.4,7.75,7.75,7.75006843241643,7.74997160340393,6.60398172162645,7.38322026205096,15.5001368648329,15.4999432068079,16.3623959953532,11.803529125982
541.5,7.75,7.75,7.75006838195067,7.74997161377466,6.60398105194763,7.38322064535002,15.5001367639013,15.4999432275493,16.3624044725372,11.8035247066864
541.6,7.75,7.75,7.75006833153586,7.74997162414948,6.60398038285141,7.38322102842526,15.5001366630717,15.499943248299,16.3624129423659,11.8035202899984
541.7,7.75,7.75,7.7500682811602,7.74997163452744,6.60397971420314,7.38322141132831,15.5001365623204,15.4999432690549,16.3624214065394,11.8035158753165
541.8,7.75,7.75,7.75006823082311,7.74997164490846,6.603979045996,7.38322179406169,15.5001364616462,15.4999432898169,16.3624298651435,11.8035114626113
541.9,7.75,7.75,7.75006818052455,7.74997165529255,6.60397837822971,7.38322217662542,15.5001363610491,15.4999433105851,16.3624383181819,11.8035070518825
542,7.75,7.75,7.75006813026449,7.74997166567969,6.603977710904,7.38322255901955,15.500136260529,15.4999433313594,16.3624467656579,11.8035026431295
542.1,7.75,7.75,7.75006808005514,7.74997167607084,6.60397704415866,7.38322294119008,15.5001361601103,15.4999433521417,16.3624552058066,11.8034982369813
542.2,7.75,7.75,7.75006802988477,7.74997168646504,6.60397637785956,7.38322332318858,15.5001360597695,15.4999433729301,16.3624636403215,11.8034938328372
542.3,7.75,7.75,7.75006797975279,7.74997169686224,6.60397571199992,7.38322370501758,15.5001359595056,15.4999433937245,16.3624720692882,11.8034894306677
542.4,7.75,7.75,7.75006792965915,7.74997170726244,6.60397504657946,7.3832240866771,15.5001358593183,15.4999434145249,16.3624804927101,11.8034850304724
542.5,7.75,7.75,7.75006787960384,7.74997171766563,6.60397438159789,7.38322446816718,15.5001357592077,15.4999434353313,16.3624889105909,11.8034806322509
542.6,7.75,7.75,7.75006782959901,7.74997172807272,6.60397371719449,7.38322484943388,15.500135659198,15.4999434561454,16.3624973211721,11.8034762366314
542.7,7.75,7.75,7.75006777963297,7.7499717384828,6.60397305323563,7.38322523052872,15.5001355592659,15.4999434769656,16.3625057261408,11.8034718430139
542.8,7.75,7.75,7.75006772970514,7.74997174889581,6.60397238971454,7.38322561145422,15.5001354594103,15.4999434977916,16.3625141255824,11.8034674513688
542.9,7.75,7.75,7.75006767981549,7.74997175931175,6.60397172663097,7.38322599221041,15.500135359631,15.4999435186235,16.3625225195002,11.8034630616959
543,7.75,7.75,7.75006762996398,7.74997176973061,6.60397106398462,7.38322637279732,15.500135259928,15.4999435394612,16.3625309078979,11.8034586739946
543.1,7.75,7.75,7.75006758016272,7.74997178015328,6.60397040191425,7.38322675316108,15.5001351603254,15.4999435603066,16.3625392890236,11.8034542888926
543.2,7.75,7.75,7.75006753040007,7.74997179057887,6.60396974028672,7.38322713335315,15.5001350608001,15.4999435811577,16.3625476645582,11.8034499057903
543.3,7.75,7.75,7.75006748067546,7.74997180100733,6.6039690790953,7.38322751337604,15.5001349613509,15.4999436020147,16.3625560345864,11.8034455246584
543.4,7.75,7.75,7.75006743098885,7.74997181143865,6.60396841833973,7.3832278932298,15.5001348619777,15.4999436228773,16.362564399112,11.8034411454964
543.5,7.75,7.75,7.7500673813402,7.74997182187281,6.60396775801971,7.38322827291444,15.5001347626804,15.4999436437456,16.3625727581382,11.803436768304
543.6,7.75,7.75,7.75006733174157,7.7499718323107,6.60396709827348,7.38322865237616,15.5001346634831,15.4999436646214,16.3625811099201,11.803432393708
543.7,7.75,7.75,7.75006728218138,7.74997184275144,6.60396643896841,7.38322903166635,15.5001345643628,15.4999436855029,16.3625894561319,11.8034280211096
543.8,7.75,7.75,7.75006723265904,7.74997185319499,6.6039657800978,7.38322941078754,15.5001344653181,15.49994370639,16.3625977968584,11.8034236504794
543.9,7.75,7.75,7.75006718317453,7.74997186364132,6.60396512166138,7.38322978973976,15.5001343663491,15.4999437272826,16.3626061321029,11.803419281817
544,7.75,7.75,7.75006713372781,7.74997187409043,6.60396446365885,7.38323016852305,15.5001342674556,15.4999437481809,16.362614461869,11.8034149151221
544.1,7.75,7.75,7.75006708433087,7.74997188454318,6.60396380622793,7.38323054708363,15.5001341686617,15.4999437690864,16.3626227844181,11.8034105510206
544.2,7.75,7.75,7.7500670349722,7.74997189499871,6.6039631492365,7.38323092547285,15.5001340699444,15.4999437899974,16.3626311014183,11.8034061889146
544.3,7.75,7.75,7.75006698565121,7.74997190545697,6.60396249267787,7.38323130369325,15.5001339713024,15.4999438109139,16.3626394129538,11.8034018287746
544.4,7.75,7.75,7.75006693636787,7.74997191591796,6.60396183655177,7.38323168174486,15.5001338727357,15.4999438318359,16.3626477190282,11.8033974706002
544.5,7.75,7.75,7.75006688712215,7.74997192638166,6.60396118085793,7.38323205962769,15.5001337742443,15.4999438527633,16.3626560196448,11.8033931143912
544.6,7.75,7.75,7.75006683792598,7.74997193684891,6.60396052573352,7.38323243728805,15.500133675852,15.4999438736978,16.3626643130718,11.8033887607727
544.7,7.75,7.75,7.7500667887679,7.74997194731888,6.60395987104693,7.38323281477723,15.5001335775358,15.4999438946378,16.3626726009708,11.8033844091474
544.8,7.75,7.75,7.75006673964733,7.74997195779151,6.6039592167915,7.38323319209776,15.5001334792947,15.499943915583,16.3626808834259,11.803380059486
544.9,7.75,7.75,7.75006669056423,7.7499719682668,6.60395856296696,7.38323356924967,15.5001333811285,15.4999439365336,16.3626891604405,11.803375711788
545,7.75,7.75,7.75006664151858,7.74997197874473,6.60395790957303,7.38323394623298,15.5001332830372,15.4999439574895,16.362697432018,11.8033713660531
545.1,7.75,7.75,7.75006659252225,7.74997198922613,6.60395725674637,7.38323432299405,15.5001331850445,15.4999439784523,16.362705696433,11.8033670229059
545.2,7.75,7.75,7.75006654356384,7.74997199971017,6.60395660435586,7.38323469958412,15.5001330871277,15.4999439994203,16.3627139553411,11.8033626817497
545.3,7.75,7.75,7.75006649464276,7.74997201019682,6.60395595239488,7.38323507600571,15.5001329892855,15.4999440203936,16.3627222088257,11.8033583425551
545.4,7.75,7.75,7.75006644575899,7.74997202068606,6.60395530086315,7.38323545225885,15.500132891518,15.4999440413721,16.3627304568904,11.8033540053218
545.5,7.75,7.75,7.75006639691249,7.74997203117787,6.6039546497604,7.38323582834358,15.500132793825,15.4999440623557,16.3627386995386,11.8033496700493
545.6,7.75,7.75,7.75006634811508,7.74997204167307,6.60395399922277,7.38323620420629,15.5001326962302,15.4999440833461,16.3627469350514,11.8033453373616
545.7,7.75,7.75,7.75006629935542,7.74997205217084,6.60395334911963,7.38323657989818,15.5001325987108,15.4999441043417,16.362755165078,11.8033410066627
545.8,7.75,7.75,7.75006625063292,7.74997206267116,6.60395269944438,7.38323695542177,15.5001325012658,15.4999441253423,16.3627633897017,11.8033366779231
545.9,7.75,7.75,7.75006620194755,7.74997207317399,6.60395205019676,7.38323733077709,15.5001324038951,15.499944146348,16.362771608926,11.8033323511425
546,7.75,7.75,7.75006615329928,7.74997208367934,6.6039514013765,7.38323770596417,15.5001323065986,15.4999441673587,16.3627798227542,11.8033280263206
546.1,7.75,7.75,7.75006610469989,7.74997209418798,6.6039507531192,7.38323808092948,15.5001322093998,15.499944188376,16.362788029474,11.8033237040805
546.2,7.75,7.75,7.75006605613806,7.74997210469914,6.60395010529474,7.38323845572414,15.5001321122761,15.4999442093983,16.3627962307284,11.8033193838269
546.3,7.75,7.75,7.75006600761322,7.74997211521277,6.60394945789656,7.38323883035068,15.5001320152264,15.4999442304255,16.3628044266003,11.8033150655304
546.4,7.75,7.75,7.75006595912534,7.74997212572886,6.60394881092439,7.38323920480914,15.5001319182507,15.4999442514577,16.3628126170931,11.8033107491906
546.5,7.75,7.75,7.7500659106744,7.7499721362474,6.60394816437794,7.38323957909952,15.5001318213488,15.4999442724948,16.3628208022103,11.8033064348073
546.6,7.75,7.75,7.7500658622721,7.74997214676915,6.60394751839233,7.38323995316837,15.5001317245442,15.4999442935383,16.3628289802459,11.8033021230028
546.7,7.75,7.75,7.7500658139072,7.74997215729335,6.60394687283792,7.38324032706677,15.5001316278144,15.4999443145867,16.3628371528367,11.8032978131825
546.8,7.75,7.75,7.75006576557911,7.74997216781995,6.60394622770817,7.38324070079722,15.5001315311582,15.4999443356399,16.3628453200653,11.803293505317
546.9,7.75,7.75,7.75006571728782,7.74997217834895,6.6039455830028,7.38324107435976,15.5001314345756,15.4999443566979,16.3628534819352,11.8032891994061
547,7.75,7.75,7.75006566903329,7.74997218888033,6.60394493872156,7.38324144775442,15.5001313380666,15.4999443777607,16.3628616384498,11.8032848954493
547.1,7.75,7.75,7.75006562082719,7.74997219941484,6.60394429499901,7.38324182092778,15.5001312416544,15.4999443988297,16.3628697879095,11.8032805940683
547.2,7.75,7.75,7.7500655726583,7.74997220995174,6.60394365170604,7.38324219393087,15.5001311453166,15.4999444199035,16.362877931945,11.8032762946692
547.3,7.75,7.75,7.75006552452607,7.74997222049098,6.60394300883612,7.3832425667662,15.5001310490521,15.499944440982,16.3628860706386,11.8032719972227
547.4,7.75,7.75,7.75006547643046,7.74997223103255,6.60394236638897,7.3832429394338,15.5001309528609,15.4999444620651,16.3628942039936,11.8032677017284
547.5,7.75,7.75,7.75006542837145,7.74997224157644,6.60394172436433,7.3832433119337,15.5001308567429,15.4999444831529,16.3629023320135,11.8032634081859
547.6,7.75,7.75,7.75006538036064,7.74997225212337,6.60394108289628,7.38324368421255,15.5001307607213,15.4999445042467,16.3629104530053,11.8032591172163
547.7,7.75,7.75,7.75006533238687,7.74997226267263,6.60394044185618,7.38324405632131,15.5001306647737,15.4999445253453,16.3629185685932,11.8032548282262
547.8,7.75,7.75,7.75006528444959,7.74997227322416,6.60393980123751,7.38324442826249,15.5001305688992,15.4999445464483,16.3629266788594,11.8032505411864
547.9,7.75,7.75,7.75006523654877,7.74997228377797,6.60393916104003,7.38324480003613,15.5001304730975,15.4999445675559,16.3629347838072,11.8032462560964
548,7.75,7.75,7.75006518868437,7.74997229433403,6.60393852126345,7.38324517164226,15.5001303773687,15.4999445886681,16.36294288344,11.8032419729561
548.1,7.75,7.75,7.75006514086795,7.74997230489305,6.60393788204136,7.38324554302757,15.5001302817359,15.4999446097861,16.3629509760711,11.8032376923855
548.2,7.75,7.75,7.75006509308842,7.74997231545433,6.60393724324559,7.38324591424298,15.5001301861768,15.4999446309087,16.3629590633188,11.8032334137921
548.3,7.75,7.75,7.7500650453452,7.74997232601783,6.60393660486966,7.383246285291,15.5001300906904,15.4999446520357,16.3629671452649,11.8032291371466
548.4,7.75,7.75,7.75006499763826,7.74997233658353,6.60393596691331,7.38324665617167,15.5001299952765,15.4999446731671,16.3629752219127,11.8032248624488
548.5,7.75,7.75,7.75006494996759,7.74997234715143,6.60393532937629,7.38324702688501,15.5001298999352,15.4999446943029,16.3629832932654,11.8032205896982
548.6,7.75,7.75,7.75006490234468,7.74997235772221,6.60393469239164,7.38324739737778,15.5001298046894,15.4999447154444,16.3629913576429,11.8032163195143
548.7,7.75,7.75,7.75006485475847,7.74997236829518,6.6039340558317,7.38324776770084,15.5001297095169,15.4999447365904,16.3629994166573,11.8032120513052
548.8,7.75,7.75,7.75006480720842,7.74997237887031,6.60393341969001,7.3832481378567,15.5001296144168,15.4999447577406,16.36300747039,11.8032077850417
548.9,7.75,7.75,7.75006475969449,7.74997238944758,6.60393278396633,7.38324850784539,15.500129519389,15.4999447788952,16.3630155188444,11.8032035207235
549,7.75,7.75,7.75006471221665,7.74997240002699,6.60393214866037,7.38324887766694,15.5001294244333,15.499944800054,16.3630235620238,11.8031992583501
549.1,7.75,7.75,7.75006466478636,7.74997241060919,6.60393151390469,7.38324924726817,15.5001293295727,15.4999448212184,16.3630315982542,11.8031949985404
549.2,7.75,7.75,7.7500646173926,7.74997242119353,6.60393087957212,7.38324961669988,15.5001292347852,15.4999448423871,16.3630396291417,11.8031907407031
549.3,7.75,7.75,7.75006457003484,7.74997243177995,6.60393024565623,7.38324998596457,15.5001291400697,15.4999448635599,16.3630476547674,11.8031864848091
549.4,7.75,7.75,7.75006452271302,7.74997244236847,6.60392961215675,7.38325035506229,15.500129045426,15.4999448847369,16.3630556751347,11.803182230858
549.5,7.75,7.75,7.75006447542714,7.74997245295905,6.60392897907341,7.38325072399306,15.5001289508543,15.4999449059181,16.3630636902468,11.8031779788494
549.6,7.75,7.75,7.75006442818858,7.74997246355236,6.60392834653829,7.38325109270375,15.5001288563772,15.4999449271047,16.3630716984361,11.8031737294014
549.7,7.75,7.75,7.75006438098639,7.74997247414773,6.60392771442466,7.38325146124512,15.5001287619728,15.4999449482955,16.3630797013027,11.8031694819233
549.8,7.75,7.75,7.75006433382003,7.74997248474514,6.60392708272613,7.38325182961967,15.5001286676401,15.4999449694903,16.3630876989273,11.8031652363862
549.9,7.75,7.75,7.75006428668945,7.74997249534457,6.60392645144245,7.38325219782742,15.5001285733789,15.4999449906891,16.3630956913133,11.8031609927896
550,7.75,7.75,7.75006423959464,7.74997250594601,6.60392582057333,7.38325256586842,15.5001284791893,15.499945011892,16.3631036784639,11.8031567511331
550.1,7.75,7.75,7.75006419254694,7.74997251655008,6.60392519025035,7.38325293368959,15.5001283850939,15.4999450331002,16.3631116587179,11.803152512034
550.2,7.75,7.75,7.75006414553544,7.74997252715617,6.60392456034727,7.38325330134164,15.5001282910709,15.4999450543123,16.363119633669,11.8031482749025
550.3,7.75,7.75,7.7500640985596,7.74997253776423,6.60392393085773,7.38325366882706,15.5001281971192,15.4999450755285,16.363127603398,11.8031440397096
550.4,7.75,7.75,7.75006405161939,7.74997254837426,6.60392330178146,7.38325403614588,15.5001281032388,15.4999450967485,16.3631355679081,11.8031398064547
550.5,7.75,7.75,7.75006400471478,7.74997255898623,6.60392267311819,7.38325440329813,15.5001280094296,15.4999451179725,16.3631435272025,11.8031355751376
550.6,7.75,7.75,7.75006395785706,7.74997256960076,6.60392204499899,7.38325477023082,15.5001279157141,15.4999451392015,16.3631514796262,11.8031313463748
550.7,7.75,7.75,7.75006391103539,7.74997258021724,6.60392141729811,7.38325513699457,15.5001278220708,15.4999451604345,16.3631594267671,11.8031271195771
550.8,7.75,7.75,7.7500638642492,7.74997259083564,6.60392079000921,7.38325550359189,15.5001277284984,15.4999451816713,16.3631673687054,11.8031228947156
550.9,7.75,7.75,7.75006381749849,7.74997260145594,6.603920163132,7.3832558700228,15.500127634997,15.4999452029119,16.3631753054445,11.8031186717897
551,7.75,7.75,7.75006377078321,7.74997261207813,6.60391953666625,7.38325623628734,15.5001275415664,15.4999452241563,16.3631832369875,11.8031144507992
551.1,7.75,7.75,7.7500637241146,7.74997262270279,6.60391891074251,7.38325660233256,15.5001274482292,15.4999452454056,16.3631911616857,11.8031102323598
551.2,7.75,7.75,7.75006367748188,7.74997263332935,6.60391828523551,7.38325696820906,15.5001273549638,15.4999452666587,16.3631990811209,11.803106015883
551.3,7.75,7.75,7.75006363088448,7.74997264395776,6.60391766013892,7.38325733391931,15.500127261769,15.4999452879155,16.3632069953732,11.80310180134
551.4,7.75,7.75,7.75006358432239,7.74997265458802,6.60391703545248,7.38325769946336,15.5001271686448,15.499945309176,16.3632149044458,11.8030975887303
551.5,7.75,7.75,7.75006353779558,7.74997266522011,6.60391641117594,7.38325806484122,15.5001270755912,15.4999453304402,16.3632228083419,11.8030933780535
551.6,7.75,7.75,7.75006349131522,7.7499726758546,6.60391578743937,7.38325843000003,15.5001269826304,15.4999453517092,16.3632307054188,11.8030891699245
551.7,7.75,7.75,7.75006344487059,7.74997268649092,6.60391516411796,7.38325879499031,15.5001268897412,15.4999453729818,16.3632385972526,11.8030849637558
551.8,7.75,7.75,7.75006339846112,7.74997269712904,6.60391454120541,7.38325915981454,15.5001267969222,15.4999453942581,16.363246483923,11.8030807595184
551.9,7.75,7.75,7.7500633520868,7.74997270776894,6.60391391870147,7.38325952447276,15.5001267041736,15.4999454155379,16.3632543654331,11.8030765572118
552,7.75,7.75,7.75006330574758,7.74997271841061,6.60391329660587,7.383259888965,15.5001266114952,15.4999454368212,16.3632622417862,11.8030723568357
552.1,7.75,7.75,7.75006325945462,7.74997272905461,6.6039126750482,7.38326025323845,15.5001265189092,15.4999454581092,16.3632701113458,11.8030681590042
552.2,7.75,7.75,7.75006321319722,7.74997273970038,6.60391205390414,7.38326061734356,15.5001264263944,15.4999454794008,16.3632779756819,11.8030639631305
552.3,7.75,7.75,7.75006316697482,7.74997275034789,6.60391143316739,7.38326098128283,15.5001263339496,15.4999455006958,16.3632858348741,11.8030597691856
552.4,7.75,7.75,7.7500631207874,7.74997276099712,6.6039108128377,7.38326134505628,15.5001262415748,15.4999455219942,16.3632936889253,11.8030555771691
552.5,7.75,7.75,7.75006307463494,7.74997277164807,6.60391019291482,7.38326170866395,15.5001261492699,15.4999455432961,16.363301537839,11.8030513870806
552.6,7.75,7.75,7.75006302852851,7.74997278230127,6.60390957352784,7.38326207205309,15.500126057057,15.4999455646025,16.3633093799846,11.8030471995335
552.7,7.75,7.75,7.75006298245748,7.74997279295618,6.6039089545529,7.3832624352741,15.500125964915,15.4999455859124,16.3633172169265,11.8030430139416
552.8,7.75,7.75,7.7500629364213,7.74997280361277,6.60390833598374,7.38326279832946,15.5001258728426,15.4999456072255,16.3633250487436,11.8030388302761
552.9,7.75,7.75,7.75006289041993,7.74997281427103,6.6039077178201,7.38326316121921,15.5001257808399,15.4999456285421,16.3633328754392,11.8030346485366
553,7.75,7.75,7.75006284445337,7.74997282493095,6.60390710006174,7.38326352394338,15.5001256889067,15.4999456498619,16.3633406970165,11.8030304687226
553.1,7.75,7.75,7.75006279853263,7.74997283559304,6.60390648283725,7.38326388644928,15.5001255970653,15.4999456711861,16.3633485118512,11.8030262914467
553.2,7.75,7.75,7.75006275264712,7.74997284625679,6.60390586602326,7.38326424878725,15.5001255052942,15.4999456925136,16.3633563215017,11.8030221161235
553.3,7.75,7.75,7.7500627067963,7.74997285692216,6.60390524961351,7.38326461095978,15.5001254135926,15.4999457138443,16.3633641260467,11.8030179427242
553.4,7.75,7.75,7.75006266098015,7.74997286758914,6.60390463360776,7.38326497296689,15.5001253219603,15.4999457351783,16.3633719254894,11.8030137712484
553.5,7.75,7.75,7.75006261519863,7.74997287825772,6.60390401800575,7.38326533480862,15.5001252303973,15.4999457565154,16.3633797198329,11.8030096016956
553.6,7.75,7.75,7.75006256946273,7.7499728889284,6.60390340293561,7.38326569643235,15.5001251389255,15.4999457778568,16.3633875074593,11.8030054346776
553.7,7.75,7.75,7.75006252376191,7.74997289960068,6.60390278827441,7.38326605788837,15.5001250475238,15.4999457992014,16.3633952899208,11.8030012696099
553.8,7.75,7.75,7.75006247809561,7.74997291027453,6.60390217401594,7.38326641917913,15.5001249561912,15.4999458205491,16.3634030672961,11.8029971064635
553.9,7.75,7.75,7.75006243246382,7.74997292094993,6.60390156015994,7.38326678030469,15.5001248649276,15.4999458418999,16.3634108395882,11.8029929452381
554,7.75,7.75,7.75006238686651,7.74997293162687,6.60390094670617,7.38326714126507,15.500124773733,15.4999458632537,16.3634186068003,11.8029887859332
554.1,7.75,7.75,7.75006234131461,7.74997294230584,6.60390033378225,7.38326750200771,15.5001246826292,15.4999458846117,16.3634263673204,11.8029846291599
554.2,7.75,7.75,7.75006229579762,7.74997295298635,6.60389972126573,7.38326786258285,15.5001245915952,15.4999459059727,16.3634341226951,11.8029804743342
554.3,7.75,7.75,7.750062250315,7.74997296366837,6.60389910915043,7.38326822299294,15.50012450063,15.4999459273367,16.3634418730025,11.8029763214273
554.4,7.75,7.75,7.75006220486673,7.74997297435189,6.60389849743608,7.38326858323802,15.5001244097335,15.4999459487038,16.3634496182459,11.8029721704389
554.5,7.75,7.75,7.75006215945279,7.74997298503689,6.60389788612243,7.38326894331814,15.5001243189056,15.4999459700738,16.3634573584284,11.8029680213685
554.6,7.75,7.75,7.75006211408405,7.74997299572385,6.60389727533666,7.38326930318079,15.5001242281681,15.4999459914477,16.3634650919439,11.8029638748264
554.7,7.75,7.75,7.75006206875006,7.74997300641229,6.60389666495675,7.38326966287613,15.5001241375001,15.4999460128246,16.3634728203334,11.8029597302293
554.8,7.75,7.75,7.75006202345029,7.74997301710219,6.60389605497654,7.38327002240664,15.5001240469006,15.4999460342044,16.3634805436746,11.8029555875485
554.9,7.75,7.75,7.75006197818471,7.74997302779353,6.60389544539578,7.38327038177235,15.5001239563694,15.4999460555871,16.3634882619708,11.8029514467837
555,7.75,7.75,7.7500619329533,7.7499730384863,6.60389483621421,7.38327074097329,15.5001238659066,15.4999460769726,16.363495975225,11.8029473079343
555.1,7.75,7.75,7.75006188776689,7.74997304918096,6.60389422755853,7.38327109995705,15.5001237755338,15.4999460983619,16.3635036818373,11.8029431716098
555.2,7.75,7.75,7.75006184261507,7.74997305987704,6.60389361930718,7.3832714587737,15.5001236852301,15.4999461197541,16.3635113833427,11.8029390372278
555.3,7.75,7.75,7.75006179749731,7.74997307057451,6.60389301145402,7.38327181742573,15.5001235949946,15.499946141149,16.3635190798188,11.8029349047596
555.4,7.75,7.75,7.75006175241359,7.74997308127338,6.60389240399881,7.38327217591316,15.5001235048272,15.4999461625468,16.3635267712687,11.8029307742048
555.5,7.75,7.75,7.75006170736388,7.74997309197363,6.6038917969413,7.38327253423603,15.5001234147278,15.4999461839473,16.3635344576957,11.8029266455629
555.6,7.75,7.75,7.75006166235896,7.74997310267568,6.60389119040769,7.38327289234199,15.5001233247179,15.4999462053514,16.3635421375055,11.8029225194425
555.7,7.75,7.75,7.75006161738848,7.74997311337911,6.60389058427689,7.38327325028106,15.500123234777,15.4999462267582,16.3635498122277,11.802918395262
555.8,7.75,7.75,7.75006157245191,7.74997312408388,6.60388997854279,7.38327360805571,15.5001231449038,15.4999462481678,16.3635574819394,11.8029142729927
555.9,7.75,7.75,7.75006152754922,7.74997313478998,6.60388937320514,7.38327396566597,15.5001230550984,15.49994626958,16.3635651466438,11.8029101526342
556,7.75,7.75,7.75006148268039,7.74997314549741,6.60388876826368,7.38327432311188,15.5001229653608,15.4999462909948,16.3635728063439,11.8029060341861
556.1,7.75,7.75,7.75006143785615,7.74997315620658,6.60388816384416,7.38327468034116,15.5001228757123,15.4999463124132,16.3635804594518,11.8029019182561
556.2,7.75,7.75,7.75006139306619,7.74997316691706,6.60388755982594,7.38327503740376,15.5001227861324,15.4999463338341,16.3635881074911,11.8028978042635
556.3,7.75,7.75,7.75006134830998,7.74997317762883,6.60388695620292,7.38327539430214,15.50012269662,15.4999463552577,16.3635957505386,11.8028936921794
556.4,7.75,7.75,7.7500613035875,7.74997318834188,6.60388635297485,7.38327575103635,15.500122607175,15.4999463766838,16.3636033885976,11.8028895820036
556.5,7.75,7.75,7.75006125889872,7.7499731990562,6.6038857501415,7.38327610760642,15.5001225177974,15.4999463981124,16.3636110216711,11.8028854737356
556.6,7.75,7.75,7.75006121425433,7.74997320977219,6.60388514782811,7.38327646396013,15.5001224285087,15.4999464195444,16.3636186481771,11.8028813679823
556.7,7.75,7.75,7.75006116964407,7.74997322048944,6.60388454591452,7.38327682014738,15.5001223392881,15.4999464409789,16.3636262696334,11.8028772641637
556.8,7.75,7.75,7.7500611250674,7.74997323120792,6.60388394439464,7.38327717617062,15.5001222501348,15.4999464624158,16.3636338861167,11.8028731622512
556.9,7.75,7.75,7.75006108052431,7.74997324192764,6.60388334326824,7.3832775320299,15.5001221610486,15.4999464838553,16.3636414976301,11.8028690622442
557,7.75,7.75,7.75006103601477,7.74997325264857,6.60388274253506,7.38327788772525,15.5001220720295,15.4999465052971,16.3636491041767,11.8028649641425
557.1,7.75,7.75,7.75006099154942,7.74997326337109,6.6038821423199,7.38327824320452,15.5001219830988,15.4999465267422,16.3636567041803,11.8028608685521
557.2,7.75,7.75,7.75006094711804,7.74997327409482,6.60388154250302,7.38327859851754,15.5001218942361,15.4999465481896,16.3636642991531,11.8028567748937
557.3,7.75,7.75,7.7500609027201,7.74997328481974,6.60388094307838,7.38327895366678,15.5001218054402,15.4999465696395,16.3636718891716,11.8028526831388
557.4,7.75,7.75,7.75006085835559,7.74997329554583,6.60388034404574,7.38327930865226,15.5001217167112,15.4999465910917,16.3636794742387,11.8028485932869
557.5,7.75,7.75,7.75006081402447,7.74997330627309,6.60387974540485,7.38327966347402,15.5001216280489,15.4999466125462,16.3636870543577,11.8028445053376
557.6,7.75,7.75,7.75006076973735,7.74997331700187,6.60387914728003,7.38328001807998,15.5001215394747,15.4999466340037,16.3636946279581,11.8028404198962
557.7,7.75,7.75,7.75006072548404,7.7499733277318,6.60387854955199,7.38328037251991,15.5001214509681,15.4999466554636,16.3637021965466,11.8028363363841
557.8,7.75,7.75,7.75006068126402,7.74997333846286,6.60387795221473,7.38328072679627,15.500121362528,15.4999466769257,16.3637097601992,11.8028322547729
557.9,7.75,7.75,7.75006063707727,7.74997334919505,6.60387735526798,7.38328108090908,15.5001212741545,15.4999466983901,16.3637173189191,11.8028281750621
558,7.75,7.75,7.75006059292377,7.74997335992835,6.60387675871151,7.3832814348584,15.5001211858475,15.4999467198567,16.3637248727093,11.8028240972513
558.1,7.75,7.75,7.75006054881406,7.74997337066311,6.60387616266918,7.38328178859219,15.5001210976281,15.4999467413262,16.3637324200054,11.8028200219449
558.2,7.75,7.75,7.75006050473801,7.74997338139896,6.60387556702214,7.38328214216017,15.500121009476,15.4999467627979,16.3637399623082,11.8028159485652
558.3,7.75,7.75,7.75006046069511,7.7499733921359,6.60387497176441,7.3832824955648,15.5001209213902,15.4999467842718,16.3637474996937,11.8028118770837
558.4,7.75,7.75,7.75006041668532,7.7499734028739,6.60387437689573,7.38328284880609,15.5001208333706,15.4999468057478,16.3637550321648,11.8028078075
558.5,7.75,7.75,7.75006037270864,7.74997341361297,6.60387378241586,7.3832832018841,15.5001207454173,15.4999468272259,16.3637625597247,11.8028037398137
558.6,7.75,7.75,7.75006032877554,7.74997342435342,6.60387318844819,7.38328355474688,15.5001206575511,15.4999468487068,16.3637700808147,11.8027996746283
558.7,7.75,7.75,7.75006028487595,7.74997343509492,6.60387259487434,7.38328390744406,15.5001205697519,15.4999468701898,16.3637775969302,11.8027956113668
558.8,7.75,7.75,7.75006024100936,7.74997344583745,6.60387200168833,7.3832842599781,15.5001204820187,15.4999468916749,16.3637851081467,11.802791550001
558.9,7.75,7.75,7.75006019717573,7.749973456581,6.60387140888991,7.38328461234902,15.5001203943515,15.499946913162,16.3637926144672,11.8027874905303
559,7.75,7.75,7.75006015337505,7.74997346732556,6.60387081647885,7.38328496455688,15.5001203067501,15.4999469346511,16.3638001158949,11.8027834329544
559.1,7.75,7.75,7.75006010961777,7.74997347807144,6.60387022457807,7.38328531654979,15.5001202192355,15.4999469561429,16.3638076108768,11.8027793778758
559.2,7.75,7.75,7.75006006589384,7.74997348881831,6.60386963306963,7.38328566837732,15.5001201317877,15.4999469776366,16.3638151009028,11.8027753247186
559.3,7.75,7.75,7.75006002220276,7.74997349956616,6.60386904194757,7.38328602004193,15.5001200444055,15.4999469991323,16.3638225860482,11.8027712734543
559.4,7.75,7.75,7.7500599785445,7.74997351031498,6.60386845121165,7.38328637154365,15.500119957089,15.49994702063,16.3638300663158,11.8027672240825
559.5,7.75,7.75,7.75005993491903,7.74997352106475,6.60386786086164,7.38328672288251,15.5001198698381,15.4999470421295,16.3638375417088,11.8027631766027
559.6,7.75,7.75,7.75005989133677,7.74997353181578,6.60386727101998,7.38328707400671,15.5001197826735,15.4999470636316,16.3638450106803,11.8027591316168
559.7,7.75,7.75,7.75005984778771,7.74997354256775,6.6038666815692,7.38328742496576,15.5001196955754,15.4999470851355,16.3638524747143,11.8027550885496
559.8,7.75,7.75,7.75005980427134,7.74997355332065,6.60386609250335,7.3832877757621,15.5001196085427,15.4999471066413,16.3638599338858,11.8027510473726
559.9,7.75,7.75,7.75005976078765,7.74997356407447,6.6038655038222,7.38328812639577,15.5001195215753,15.4999471281489,16.3638673881978,11.8027470080854
560,7.75,7.75,7.75005971733661,7.74997357482919,6.6038649155255,7.3832884768668,15.5001194346732,15.4999471496584,16.3638748376535,11.8027429706876
560.1,7.75,7.75,7.75005967392857,7.7499735855851,6.60386432773527,7.38328882712346,15.5001193478571,15.4999471711702,16.3638822807116,11.8027389357802
560.2,7.75,7.75,7.75005963055358,7.7499735963419,6.60386374033443,7.38328917721519,15.5001192611072,15.4999471926838,16.3638897188506,11.8027349027887
560.3,7.75,7.75,7.75005958721115,7.74997360709958,6.60386315331709,7.38328952714444,15.5001191744223,15.4999472141992,16.3638971521453,11.8027308716847
560.4,7.75,7.75,7.75005954390124,7.74997361785812,6.603862566683,7.38328987691123,15.5001190878025,15.4999472357162,16.3639045805987,11.8027268424679
560.5,7.75,7.75,7.75005950062383,7.74997362861753,6.60386198043193,7.3832902265156,15.5001190012477,15.4999472572351,16.3639120042139,11.8027228151378
560.6,7.75,7.75,7.75005945738922,7.74997363937805,6.60386139468541,7.3832905759059,15.5001189147784,15.4999472787561,16.3639194214553,11.8027187902945
560.7,7.75,7.75,7.75005941418753,7.74997365013942,6.60386080932684,7.38329092513148,15.5001188283751,15.4999473002788,16.363926833796,11.8027147673643
560.8,7.75,7.75,7.75005937101824,7.74997366090161,6.60386022435033,7.38329127419481,15.5001187420365,15.4999473218032,16.3639342413106,11.8027107463191
560.9,7.75,7.75,7.75005932788132,7.74997367166462,6.60385963975563,7.3832916230959,15.5001186557626,15.4999473433292,16.3639416440018,11.8027067271583
561,7.75,7.75,7.75005928477676,7.74997368242844,6.60385905554251,7.38329197183479,15.5001185695535,15.4999473648569,16.3639490418729,11.8027027098814
561.1,7.75,7.75,7.75005924171481,7.74997369319331,6.60385847183207,7.3832923203599,15.5001184834296,15.4999473863866,16.363956433394,11.8026986950879
561.2,7.75,7.75,7.75005919868562,7.74997370395898,6.60385788850811,7.38329266872053,15.5001183973712,15.499947407918,16.3639638200327,11.8026946822047
561.3,7.75,7.75,7.75005915568869,7.74997371472542,6.60385730556478,7.38329301691911,15.5001183113774,15.4999474294508,16.3639712018632,11.8026906712038
561.4,7.75,7.75,7.75005911272399,7.74997372549263,6.60385672300184,7.38329336495569,15.500118225448,15.4999474509853,16.3639785788884,11.8026866620845
561.5,7.75,7.75,7.7500590697915,7.7499737362606,6.60385614081905,7.38329371283029,15.500118139583,15.4999474725212,16.3639859511114,11.8026826548466
561.6,7.75,7.75,7.75005902690143,7.74997374702956,6.60385555913704,7.38329406049139,15.5001180538029,15.4999474940591,16.3639933170081,11.8026786500883
561.7,7.75,7.75,7.75005898404397,7.74997375779926,6.60385497784009,7.38329440798825,15.5001179680879,15.4999475155985,16.3640006780407,11.8026746472376
561.8,7.75,7.75,7.75005894121862,7.7499737685697,6.60385439692233,7.38329475532328,15.5001178824372,15.4999475371394,16.3640080342829,11.8026706462665
561.9,7.75,7.75,7.75005889842535,7.74997377934085,6.60385381638354,7.38329510249652,15.5001177968507,15.4999475586817,16.3640153857378,11.8026666471743
562,7.75,7.75,7.75005885566415,7.74997379011271,6.60385323622347,7.38329544950802,15.5001177113283,15.4999475802254,16.3640227324084,11.8026626499607
562.1,7.75,7.75,7.75005881294518,7.74997380088549,6.60385265656232,7.38329579630632,15.5001176258904,15.499947601771,16.3640300727763,11.8026586552232
562.2,7.75,7.75,7.75005877025867,7.74997381165898,6.60385207728478,7.38329614294059,15.5001175405173,15.499947623318,16.3640374082982,11.8026546623905
562.3,7.75,7.75,7.75005872760413,7.74997382243314,6.60385149838501,7.38329648941327,15.5001174552083,15.4999476448663,16.3640447390476,11.8026506714346
562.4,7.75,7.75,7.75005868498153,7.74997383320797,6.60385091986279,7.38329683572438,15.5001173699631,15.4999476664159,16.3640520650275,11.802646682355
562.5,7.75,7.75,7.75005864239085,7.74997384398347,6.60385034171788,7.38329718187397,15.5001172847817,15.4999476879669,16.3640593862408,11.8026426951512
562.6,7.75,7.75,7.75005859984221,7.74997385475982,6.60384976407002,7.38329752781066,15.5001171996844,15.4999477095196,16.364066701175,11.8026387104198
562.7,7.75,7.75,7.75005855732589,7.74997386553683,6.60384918680433,7.38329787358355,15.5001171146518,15.4999477310737,16.3640740112813,11.8026347275906
562.8,7.75,7.75,7.75005851484138,7.74997387631446,6.60384860991501,7.38329821919507,15.5001170296828,15.4999477526289,16.3640813166328,11.8026307466353
562.9,7.75,7.75,7.75005847238868,7.74997388709272,6.60384803340183,7.38329856464525,15.5001169447774,15.4999477741854,16.3640886172326,11.8026267675536
563,7.75,7.75,7.75005842996775,7.74997389787159,6.60384745726454,7.38329890993414,15.5001168599355,15.4999477957432,16.3640959130837,11.8026227903449
563.1,7.75,7.75,7.75005838758867,7.74997390865126,6.60384688162244,7.38329925501042,15.5001167751773,15.4999478173025,16.3641032026789,11.802618815605
563.2,7.75,7.75,7.75005834524176,7.74997391943153,6.60384630636108,7.38329959992314,15.5001166904835,15.4999478388631,16.3641104874642,11.8026148427645
563.3,7.75,7.75,7.75005830292653,7.74997393021239,6.60384573147469,7.38329994467471,15.5001166058531,15.4999478604248,16.3641177675125,11.8026108717953
563.4,7.75,7.75,7.75005826064296,7.74997394099382,6.60384515696302,7.38330028926517,15.5001165212859,15.4999478819876,16.3641250428267,11.8026069026967
563.5,7.75,7.75,7.75005821839102,7.74997395177582,6.60384458282585,7.38330063369456,15.500116436782,15.4999479035516,16.3641323134099,11.8026029354685
563.6,7.75,7.75,7.75005817618074,7.74997396255855,6.60384400918201,7.38330097791165,15.5001163523615,15.4999479251171,16.3641395777606,11.8025989707055
563.7,7.75,7.75,7.75005813400248,7.74997397334184,6.6038434359175,7.3833013219654,15.500116268005,15.4999479466837,16.3641468373192,11.802595007839
563.8,7.75,7.75,7.75005809185576,7.74997398412566,6.60384286302655,7.38330166585823,15.5001161837115,15.4999479682513,16.3641540921584,11.8025910468409
563.9,7.75,7.75,7.75005804974056,7.74997399491001,6.60384229050892,7.38330200959019,15.5001160994811,15.49994798982,16.3641613422812,11.8025870877108
564,7.75,7.75,7.75005800765684,7.74997400569488,6.60384171836439,7.3833023531613,15.5001160153137,15.4999480113898,16.3641685876906,11.8025831304483
564.1,7.75,7.75,7.7500579656146,7.74997401648043,6.60384114671135,7.38330269652041,15.5001159312292,15.4999480329609,16.3641758268907,11.8025791756473
564.2,7.75,7.75,7.75005792360424,7.74997402726648,6.60384057543622,7.38330303971641,15.5001158472085,15.499948054533,16.3641830613164,11.80257522274
564.3,7.75,7.75,7.75005788162527,7.74997403805302,6.60384000453325,7.38330338275173,15.5001157632505,15.499948076106,16.3641902910405,11.8025712716984
564.4,7.75,7.75,7.75005783967768,7.74997404884004,6.60383943400221,7.38330372562639,15.5001156793554,15.4999480976801,16.3641975160656,11.802567322522
564.5,7.75,7.75,7.75005779776143,7.74997405962754,6.60383886384288,7.38330406834045,15.5001155955229,15.4999481192551,16.3642047363948,11.8025633752103
564.6,7.75,7.75,7.75005775588647,7.74997407041565,6.6038382941732,7.3833044108428,15.5001155117729,15.4999481408313,16.3642119505379,11.8025594303565
564.7,7.75,7.75,7.75005771404325,7.74997408120422,6.60383772488002,7.38330475318229,15.5001154280865,15.4999481624084,16.3642191599244,11.8025554873936
564.8,7.75,7.75,7.75005767223128,7.74997409199323,6.60383715595761,7.38330509536131,15.5001153444626,15.4999481839865,16.3642263646266,11.8025515462935
564.9,7.75,7.75,7.75005763045054,7.74997410278268,6.60383658740575,7.38330543737991,15.5001152609011,15.4999482055654,16.3642335646474,11.8025476070559
565,7.75,7.75,7.75005758870101,7.74997411357256,6.6038360192242,7.38330577923814,15.500115177402,15.4999482271451,16.3642407599898,11.8025436696802
565.1,7.75,7.75,7.75005754699258,7.74997412436298,6.60383545153048,7.38330612088496,15.5001150939852,15.499948248726,16.364247949169,11.8025397347587
565.2,7.75,7.75,7.75005750531575,7.74997413515382,6.60383488421185,7.38330646236915,15.5001150106315,15.4999482703076,16.3642551336093,11.8025358017252
565.3,7.75,7.75,7.75005746367003,7.74997414594506,6.60383431726262,7.38330680369311,15.5001149273401,15.4999482918901,16.3642623133828,11.8025318705518
565.4,7.75,7.75,7.7500574220554,7.74997415673669,6.60383375068254,7.38330714485688,15.5001148441108,15.4999483134734,16.3642694884923,11.802527941238
565.5,7.75,7.75,7.75005738047184,7.74997416752871,6.60383318447139,7.3833074858605,15.5001147609437,15.4999483350574,16.3642766589407,11.8025240137834
565.6,7.75,7.75,7.75005733892919,7.74997417832121,6.60383261874626,7.38330782665303,15.5001146778584,15.4999483566424,16.3642838232489,11.8025200887792
565.7,7.75,7.75,7.750057297418,7.74997418911408,6.60383205339481,7.38330816728316,15.500114594836,15.4999483782282,16.3642909828358,11.8025161656602
565.8,7.75,7.75,7.75005725593778,7.7499741999073,6.60383148841138,7.3833085077533,15.5001145118756,15.4999483998146,16.3642981377732,11.8025122443985
565.9,7.75,7.75,7.75005721448851,7.74997421070087,6.60383092379573,7.38330884806348,15.500114428977,15.4999484214017,16.3643052880639,11.8025083249935
566,7.75,7.75,7.75005717307017,7.74997422149478,6.60383035954764,7.38330918821373,15.5001143461403,15.4999484429896,16.3643124337109,11.8025044074449
566.1,7.75,7.75,7.75005713169257,7.74997423228912,6.60382979578374,7.38330952815321,15.5001142633851,15.4999484645782,16.3643195732404,11.8025004923431
566.2,7.75,7.75,7.75005709034627,7.74997424308378,6.60382923239215,7.38330986793052,15.5001141806925,15.4999484861676,16.3643267080663,11.8024965791235
566.3,7.75,7.75,7.75005704903081,7.74997425387875,6.60382866936719,7.38331020754808,15.5001140980616,15.4999485077575,16.3643338382599,11.8024926677584
566.4,7.75,7.75,7.75005700774616,7.74997426467402,6.60382810670864,7.3833105470059,15.5001140154923,15.499948529348,16.3643409638241,11.8024887582473
566.5,7.75,7.75,7.7500569664923,7.74997427546958,6.60382754441628,7.38331088630404,15.5001139329846,15.4999485509392,16.3643480847618,11.8024848505896
566.6,7.75,7.75,7.75005692527899,7.74997428626551,6.60382698260631,7.38331122539171,15.500113850558,15.499948572531,16.3643551996047,11.802480945375
566.7,7.75,7.75,7.75005688409686,7.74997429706172,6.60382642116725,7.38331156431745,15.5001137681937,15.4999485941234,16.3643623097615,11.8024770420398
566.8,7.75,7.75,7.75005684294542,7.7499743078582,6.60382586009346,7.38331190308366,15.5001136858908,15.4999486157164,16.3643694153032,11.8024731405563
566.9,7.75,7.75,7.75005680182465,7.74997431865493,6.60382529938473,7.38331224169039,15.5001136036493,15.4999486373099,16.3643765162327,11.8024692409238
567,7.75,7.75,7.75005676073453,7.74997432945191,6.60382473904081,7.38331258013766,15.5001135214691,15.4999486589038,16.3643836125528,11.802465343142
567.1,7.75,7.75,7.75005671968479,7.7499743402492,6.60382417917749,7.38331291837477,15.5001134393696,15.4999486804984,16.3643907028008,11.8024614477995
567.2,7.75,7.75,7.75005667866607,7.74997435104673,6.60382361968369,7.38331325645019,15.5001133573321,15.4999487020935,16.3643977883801,11.8024575543336
567.3,7.75,7.75,7.75005663767791,7.74997436184447,6.6038230605538,7.38331359436632,15.5001132753558,15.4999487236889,16.3644048693614,11.8024536627164
567.4,7.75,7.75,7.75005659672029,7.74997437264243,6.6038225017876,7.38331393212319,15.5001131934406,15.4999487452849,16.3644119457476,11.8024497729474
567.5,7.75,7.75,7.75005655579319,7.7499743834406,6.60382194338487,7.38331426972085,15.5001131115864,15.4999487668812,16.3644190175416,11.8024458850263
567.6,7.75,7.75,7.75005651490627,7.74997439423902,6.60382138546094,7.38331460710865,15.5001130298125,15.499948788478,16.364426083286,11.8024419995407
567.7,7.75,7.75,7.75005647405024,7.74997440503762,6.60382082790515,7.383314944335,15.5001129481005,15.4999488100752,16.364433144379,11.8024381159288
567.8,7.75,7.75,7.75005643322464,7.74997441583641,6.60382027071193,7.3833152814023,15.5001128664493,15.4999488316728,16.364440200891,11.8024342341628
567.9,7.75,7.75,7.75005639242943,7.74997442663536,6.60381971388104,7.38331561831058,15.5001127848589,15.4999488532707,16.3644472528251,11.8024303542421
568,7.75,7.75,7.7500563516646,7.74997443743447,6.60381915741225,7.38331595505989,15.5001127033292,15.4999488748689,16.3644543001839,11.8024264761665
568.1,7.75,7.75,7.75005631093978,7.74997444823379,6.60381860142049,7.38331629159965,15.5001126218796,15.4999488964676,16.3644613415156,11.8024226005225
568.2,7.75,7.75,7.75005627024572,7.74997445903325,6.6038180457955,7.38331662797821,15.5001125404914,15.4999489180665,16.3644683782131,11.8024187267494
568.3,7.75,7.75,7.75005622958194,7.74997446983284,6.60381749053173,7.38331696419794,15.5001124591639,15.4999489396657,16.3644754103467,11.8024148548192
568.4,7.75,7.75,7.75005618894843,7.74997448063255,6.60381693562894,7.38331730025889,15.5001123778969,15.4999489612651,16.3644824379192,11.8024109847317
568.5,7.75,7.75,7.75005614834515,7.74997449143239,6.6038163810869,7.38331763616111,15.5001122966903,15.4999489828648,16.3644894609336,11.8024071164861
568.6,7.75,7.75,7.7500561077817,7.74997450223237,6.60381582702012,7.38331797185409,15.5001122155634,15.4999490044647,16.3644964779431,11.8024032506686
568.7,7.75,7.75,7.75005606724888,7.74997451303244,6.60381527331875,7.38331830738611,15.5001121344978,15.4999490260649,16.3645034903356,11.8023993867189
568.8,7.75,7.75,7.7500560267462,7.74997452383261,6.60381471997724,7.38331864275955,15.5001120534924,15.4999490476652,16.3645104981811,11.8023955246093
568.9,7.75,7.75,7.75005598627365,7.74997453463286,6.60381416699537,7.38331897797445,15.5001119725473,15.4999490692657,16.3645175014825,11.8023916643394
569,7.75,7.75,7.7500559458312,7.74997454543319,6.60381361437292,7.38331931303084,15.5001118916624,15.4999490908664,16.3645245002425,11.8023878059087
569.1,7.75,7.75,7.75005590542841,7.74997455623361,6.60381306222395,7.38331964787832,15.5001118108568,15.4999491124672,16.36453149302,11.8023839499022
569.2,7.75,7.75,7.75005586505609,7.74997456703408,6.60381251043903,7.38331998256508,15.5001117301122,15.4999491340682,16.3645384811976,11.8023800957606
569.3,7.75,7.75,7.75005582471379,7.7499745778346,6.60381195901263,7.38332031709349,15.5001116494276,15.4999491556692,16.3645454648451,11.8023762434562
569.4,7.75,7.75,7.75005578440149,7.74997458863516,6.60381140794455,7.38332065146361,15.500111568803,15.4999491772703,16.3645524439653,11.8023723929886
569.5,7.75,7.75,7.75005574411915,7.74997459943575,6.60381085723454,7.38332098567546,15.5001114882383,15.4999491988715,16.3645594185609,11.8023685443574
569.6,7.75,7.75,7.75005570387629,7.74997461023638,6.60381030699625,7.38332131967871,15.5001114077526,15.4999492204728,16.3645663871962,11.8023646981464
569.7,7.75,7.75,7.75005566366378,7.74997462103702,6.60380975712065,7.38332165352148,15.5001113273276,15.499949242074,16.3645733512486,11.8023608537975
569.8,7.75,7.75,7.75005562348114,7.74997463183766,6.60380920760226,7.38332198720615,15.5001112469623,15.4999492636753,16.3645803107877,11.8023570112829
569.9,7.75,7.75,7.75005558332836,7.74997464263831,6.60380865844083,7.38332232073275,15.5001111666567,15.4999492852766,16.3645872658162,11.8023531706022
570,7.75,7.75,7.75005554320543,7.74997465343895,6.60380810963615,7.38332265410134,15.5001110864109,15.4999493068779,16.364594216337,11.8023493317549
570.1,7.75,7.75,7.75005550312178,7.74997466423956,6.60380756130143,7.38332298726165,15.5001110062436,15.4999493284791,16.3646011609195,11.8023454953241
570.2,7.75,7.75,7.75005546306835,7.74997467504015,6.60380701332807,7.38332332026172,15.5001109261367,15.4999493500803,16.3646081009361,11.8023416607524
570.3,7.75,7.75,7.75005542304467,7.7499746858407,6.60380646571057,7.38332365310392,15.5001108460893,15.4999493716814,16.3646150364561,11.8023378280121
570.4,7.75,7.75,7.75005538305071,7.74997469664121,6.60380591844872,7.38332398578831,15.5001107661014,15.4999493932824,16.3646219674822,11.8023339971028
570.5,7.75,7.75,7.75005534308645,7.74997470744167,6.60380537154229,7.38332431831492,15.5001106861729,15.4999494148833,16.3646288940173,11.8023301680239
570.6,7.75,7.75,7.75005530316132,7.74997471824205,6.60380482510408,7.38332465063356,15.5001106063226,15.4999494364841,16.364635814636,11.8023263413578
570.7,7.75,7.75,7.75005526326626,7.74997472904236,6.60380427902587,7.38332498279222,15.5001105265325,15.4999494580847,16.3646427307058,11.8023225165477
570.8,7.75,7.75,7.75005522340081,7.7499747398426,6.60380373330221,7.38332531479325,15.5001104468016,15.4999494796852,16.3646496422956,11.8023186935662
570.9,7.75,7.75,7.75005518356496,7.74997475064275,6.60380318793287,7.38332564663671,15.5001103671299,15.4999495012855,16.3646565494081,11.8023148724127
571,7.75,7.75,7.75005514375868,7.74997476144281,6.60380264291764,7.38332597832263,15.5001102875174,15.4999495228856,16.3646634520463,11.8023110530869
571.1,7.75,7.75,7.75005510399135,7.74997477224274,6.60380209836888,7.3833263098009,15.5001102079827,15.4999495444855,16.36467034879,11.8023072361698
571.2,7.75,7.75,7.75005506425396,7.74997478304256,6.6038015541788,7.38332664111943,15.5001101285079,15.4999495660851,16.3646772410015,11.8023034211058
571.3,7.75,7.75,7.75005502454605,7.74997479384226,6.60380101034194,7.38332697228059,15.5001100490921,15.4999495876845,16.3646841287496,11.8022996078675
571.4,7.75,7.75,7.7500549848676,7.74997480464184,6.60380046685809,7.38332730328441,15.5001099697352,15.4999496092837,16.3646910120371,11.8022957964543
571.5,7.75,7.75,7.75005494521859,7.74997481544129,6.60379992372703,7.38332763413093,15.5001098904372,15.4999496308826,16.3646978908668,11.8022919868657
571.6,7.75,7.75,7.75005490560835,7.74997482624055,6.60379938106071,7.38332796477014,15.5001098112167,15.4999496524811,16.3647047638237,11.8022881796821
571.7,7.75,7.75,7.75005486602792,7.74997483703966,6.60379883875174,7.38332829524984,15.5001097320558,15.4999496740793,16.3647116322653,11.8022843743487
571.8,7.75,7.75,7.75005482647684,7.74997484783861,6.60379829679468,7.38332862557241,15.5001096529537,15.4999496956772,16.36471849626,11.8022805708379
571.9,7.75,7.75,7.7500547869551,7.7499748586374,6.60379775518932,7.3833289557379,15.5001095739102,15.4999497172748,16.3647253558105,11.8022767691493
572,7.75,7.75,7.75005474746266,7.74997486943602,6.60379721393544,7.38332928574632,15.5001094949253,15.499949738872,16.3647322109197,11.8022729692824
572.1,7.75,7.75,7.75005470800882,7.74997488023439,6.60379667314457,7.38332961554775,15.5001094160176,15.4999497604688,16.3647390601779,11.8022691718166
572.2,7.75,7.75,7.75005466858465,7.74997489103258,6.60379613270973,7.38332994518994,15.5001093371693,15.4999497820652,16.3647459049374,11.802265376198
572.3,7.75,7.75,7.75005462918971,7.74997490183057,6.60379559262549,7.38333027467523,15.5001092583794,15.4999498036611,16.3647527452665,11.8022615823991
572.4,7.75,7.75,7.75005458982396,7.74997491262835,6.60379505289164,7.38333060400367,15.5001091796479,15.4999498252567,16.3647595811678,11.8022577904194
572.5,7.75,7.75,7.75005455048739,7.74997492342593,6.60379451350797,7.38333093317531,15.5001091009748,15.4999498468519,16.3647664126442,11.8022540002585
572.6,7.75,7.75,7.75005451118925,7.74997493422321,6.6037939745856,7.38333126214027,15.5001090223785,15.4999498684464,16.3647732382913,11.8022502124948
572.7,7.75,7.75,7.75005447192066,7.74997494502026,6.60379343601793,7.38333159094624,15.5001089438413,15.4999498900405,16.3647800594563,11.8022464265753
572.8,7.75,7.75,7.75005443268115,7.74997495581708,6.60379289779957,7.38333191959556,15.5001088653623,15.4999499116342,16.3647868762072,11.8022426424725
572.9,7.75,7.75,7.75005439347071,7.74997496661365,6.60379235993029,7.38333224808827,15.5001087869414,15.4999499332273,16.3647936885468,11.8022388601861
573,7.75,7.75,7.75005435428932,7.74997497740996,6.6037918224099,7.38333257642443,15.5001087085786,15.4999499548199,16.3648004964777,11.8022350797154
573.1,7.75,7.75,7.75005431514619,7.74997498820594,6.60379128534909,7.38333290455424,15.5001086302924,15.4999499764119,16.3648072986009,11.8022313016381
573.2,7.75,7.75,7.75005427603247,7.74997499900165,6.60379074864167,7.38333323252529,15.5001085520649,15.4999499980033,16.3648140962585,11.8022275254019
573.3,7.75,7.75,7.75005423694771,7.74997500979708,6.60379021228226,7.38333356033995,15.5001084738954,15.4999500195942,16.3648208895184,11.8022237509795
573.4,7.75,7.75,7.75005419789189,7.74997502059222,6.60378967627065,7.38333388799825,15.5001083957838,15.4999500411844,16.3648276783832,11.8022199783704
573.5,7.75,7.75,7.75005415886499,7.74997503138708,6.60378914060662,7.38333421550024,15.50010831773,15.4999500627742,16.3648344628557,11.8022162075742
573.6,7.75,7.75,7.75005411987617,7.74997504218154,6.60378860540048,7.3833345427962,15.5001082397523,15.4999500843631,16.3648412415419,11.8022124391674
573.7,7.75,7.75,7.75005408091664,7.74997505297569,6.60378807054641,7.38333486993367,15.5001081618333,15.4999501059514,16.364848015779,11.8022086725987
573.8,7.75,7.75,7.75005404198594,7.74997506376953,6.60378753603906,7.38333519691498,15.5001080839719,15.4999501275391,16.3648547856346,11.8022049078409
573.9,7.75,7.75,7.75005400308405,7.74997507456304,6.60378700187822,7.38333552374019,15.5001080061681,15.4999501491261,16.3648615511113,11.8022011448935
574,7.75,7.75,7.75005396421094,7.74997508535623,6.60378646806368,7.38333585040932,15.5001079284219,15.4999501707125,16.364868312212,11.8021973837559
574.1,7.75,7.75,7.75005392537576,7.74997509614897,6.60378593470533,7.38333617687276,15.5001078507515,15.4999501922979,16.3648750675477,11.8021936250037
574.2,7.75,7.75,7.75005388656973,7.74997510694136,6.60378540169775,7.38333650317795,15.5001077731395,15.4999502138827,16.3648818184507,11.8021898680867
574.3,7.75,7.75,7.7500538477924,7.7499751177334,6.60378486903561,7.38333682932724,15.5001076955848,15.4999502354668,16.3648885649884,11.8021861129776
574.4,7.75,7.75,7.75005380904375,7.74997512852508,6.60378433671869,7.38333715532067,15.5001076180875,15.4999502570502,16.3648953071635,11.8021823596758
574.5,7.75,7.75,7.75005377032377,7.74997513931639,6.60378380474678,7.38333748115828,15.5001075406475,15.4999502786328,16.3649020449785,11.802178608181
574.6,7.75,7.75,7.75005373164153,7.74997515010721,6.60378327322938,7.38333780679051,15.5001074632831,15.4999503002144,16.3649087770499,11.8021748590677
574.7,7.75,7.75,7.75005369298832,7.74997516089764,6.60378274206144,7.38333813226475,15.5001073859766,15.4999503217953,16.364915504705,11.8021711117864
574.8,7.75,7.75,7.75005365436368,7.74997517168767,6.60378221123766,7.38333845758334,15.5001073087274,15.4999503433753,16.3649222280109,11.8021673663101
574.9,7.75,7.75,7.7500536157676,7.74997518247731,6.60378168075783,7.38333878274632,15.5001072315352,15.4999503649546,16.3649289469702,11.8021636226381
575,7.75,7.75,7.75005357720005,7.74997519326655,6.60378115062173,7.38333910775373,15.5001071544001,15.4999503865331,16.3649356615856,11.8021598807701
575.1,7.75,7.75,7.75005353867009,7.74997520405524,6.60378062093846,7.38333943255609,15.5001070773402,15.4999504081105,16.3649423704785,11.8021561412796
575.2,7.75,7.75,7.75005350016901,7.7499752148435,6.60378009160336,7.38333975720071,15.500107000338,15.499950429687,16.3649490749715,11.8021524036181
575.3,7.75,7.75,7.75005346169639,7.74997522563133,6.60377956261114,7.38334008168992,15.5001069233928,15.4999504512627,16.3649557751312,11.8021486677586
575.4,7.75,7.75,7.75005342325219,7.74997523641873,6.6037790339616,7.38334040602378,15.5001068465044,15.4999504728375,16.3649624709604,11.8021449337005
575.5,7.75,7.75,7.75005338483641,7.74997524720569,6.60377850565452,7.38334073020232,15.5001067696728,15.4999504944114,16.3649691624617,11.8021412014433
575.6,7.75,7.75,7.75005334645803,7.74997525799205,6.60377797779858,7.38334105417614,15.5001066929161,15.4999505159841,16.3649758482616,11.8021374715597
575.7,7.75,7.75,7.75005330810843,7.74997526877794,6.60377745028953,7.38334137799247,15.5001066162169,15.4999505375559,16.3649825296778,11.8021337435021
575.8,7.75,7.75,7.75005326978714,7.74997527956337,6.6037769231221,7.38334170165365,15.5001065395743,15.4999505591267,16.3649892067767,11.8021300172434
575.9,7.75,7.75,7.75005323149416,7.74997529034833,6.60377639629607,7.38334202515972,15.5001064629883,15.4999505806967,16.3649958795611,11.8021262927831
576,7.75,7.75,7.75005319322946,7.74997530113281,6.60377586981124,7.38334234851072,15.5001063864589,15.4999506022656,16.3650025480335,11.8021225701207
576.1,7.75,7.75,7.75005315500201,7.74997531191664,6.60377534377589,7.38334267165733,15.500106310004,15.4999506238333,16.3650092108256,11.8021188498279
576.2,7.75,7.75,7.75005311680319,7.74997532269998,6.60377481808613,7.38334299464671,15.5001062336064,15.4999506454,16.36501586925,11.8021151313581
576.3,7.75,7.75,7.75005307863258,7.74997533348281,6.60377429273673,7.38334331748119,15.5001061572652,15.4999506669656,16.3650225233731,11.8021114146842
576.4,7.75,7.75,7.75005304049014,7.74997534426513,6.60377376772747,7.38334364016081,15.5001060809803,15.4999506885303,16.3650291731976,11.8021076998057
576.5,7.75,7.75,7.75005300237585,7.74997535504693,6.60377324305815,7.38334396268561,15.5001060047517,15.4999507100939,16.365035818726,11.802103986722
576.6,7.75,7.75,7.75005296429866,7.74997536582804,6.60377271883664,7.38334428500636,15.5001059285973,15.4999507316561,16.365042458595,11.8021002760041
576.7,7.75,7.75,7.75005292624997,7.74997537660862,6.60377219495945,7.38334460717012,15.5001058524999,15.4999507532172,16.3650490941124,11.802096567106
576.8,7.75,7.75,7.75005288822935,7.74997538738865,6.60377167142136,7.38334492917924,15.5001057764587,15.4999507747773,16.3650557253444,11.8020928600008
576.9,7.75,7.75,7.75005285023678,7.74997539816814,6.60377114822216,7.38334525103376,15.5001057004736,15.4999507963363,16.3650623522936,11.802089154688
577,7.75,7.75,7.75005281227225,7.74997540894707,6.60377062536163,7.3833455727337,15.5001056245445,15.4999508178941,16.3650689749625,11.802085451167
577.1,7.75,7.75,7.75005277434464,7.74997541972527,6.60377010294726,7.38334589422993,15.5001055486893,15.4999508394505,16.3650755919928,11.8020817500077
577.2,7.75,7.75,7.75005273644541,7.74997543050289,6.60376958087594,7.38334621556943,15.5001054728908,15.4999508610058,16.3650822046876,11.8020780506652
577.3,7.75,7.75,7.75005269857413,7.74997544127993,6.60376905914247,7.38334653675453,15.5001053971483,15.4999508825599,16.3650888131128,11.8020743531126
577.4,7.75,7.75,7.75005266073078,7.74997545205639,6.60376853774663,7.38334685778528,15.5001053214616,15.4999509041128,16.3650954172708,11.8020706573493
577.5,7.75,7.75,7.75005262291533,7.74997546283226,6.60376801668821,7.38334717866172,15.5001052458307,15.4999509256645,16.3651020171644,11.8020669633749
577.6,7.75,7.75,7.75005258513665,7.74997547360735,6.6037674960743,7.38334749933477,15.5001051702733,15.4999509472147,16.3651086114402,11.8020632717581
577.7,7.75,7.75,7.75005254738621,7.74997548438182,6.60376697580218,7.38334781985136,15.5001050947724,15.4999509687636,16.3651152013964,11.8020595819551
577.8,7.75,7.75,7.75005250966361,7.74997549515568,6.60376645586665,7.3833481402138,15.5001050193272,15.4999509903114,16.3651217870987,11.8020558939389
577.9,7.75,7.75,7.75005247196881,7.74997550592893,6.60376593626751,7.38334846042213,15.5001049439376,15.4999510118579,16.3651283685496,11.802052207709
578,7.75,7.75,7.75005243430179,7.74997551670155,6.60376541700455,7.38334878047641,15.5001048686036,15.4999510334031,16.3651349457517,11.8020485232649
578.1,7.75,7.75,7.75005239667137,7.74997552747333,6.60376489818446,7.38334910032764,15.5001047933427,15.4999510549467,16.3651415173567,11.8020448411745
578.2,7.75,7.75,7.75005235906908,7.74997553824447,6.60376437970488,7.38334942002266,15.5001047181382,15.4999510764889,16.365148084658,11.8020411608947
578.3,7.75,7.75,7.75005232149449,7.74997554901496,6.60376386156066,7.38334973956378,15.500104642989,15.4999510980299,16.365154647721,11.8020374823987
578.4,7.75,7.75,7.75005228394758,7.7499755597848,6.60376334375158,7.38335005895106,15.5001045678952,15.4999511195696,16.3651612065482,11.802033805686
578.5,7.75,7.75,7.75005224642833,7.74997557055397,6.60376282627744,7.38335037818454,15.5001044928567,15.4999511411079,16.3651677611424,11.802030130756
578.6,7.75,7.75,7.75005220894552,7.74997558132227,6.60376230924454,7.3833506972153,15.500104417891,15.4999511626445,16.3651743101599,11.8020264581757
578.7,7.75,7.75,7.75005217149071,7.74997559208988,6.60376179255089,7.3833510160901,15.5001043429814,15.4999511841798,16.3651808548897,11.802022787403
578.8,7.75,7.75,7.75005213406349,7.74997560285681,6.60376127619136,7.38335133481128,15.500104268127,15.4999512057136,16.3651873953967,11.8020191184109
578.9,7.75,7.75,7.75005209666382,7.74997561362305,6.60376076016574,7.38335165337886,15.5001041933276,15.4999512272461,16.3651939316835,11.8020154511991
579,7.75,7.75,7.75005205929169,7.7499756243886,6.60376024447382,7.38335197179289,15.5001041185834,15.4999512487772,16.3652004637528,11.802011785767
579.1,7.75,7.75,7.75005202195584,7.74997563515322,6.60375972922151,7.38335229000454,15.5001040439117,15.4999512703064,16.3652069902661,11.8020081226806
579.2,7.75,7.75,7.75005198464786,7.74997564591712,6.60375921430721,7.3833526080605,15.5001039692957,15.4999512918342,16.3652135125072,11.8020044613986
579.3,7.75,7.75,7.75005194736735,7.74997565668031,6.60375869972579,7.38335292596308,15.5001038947347,15.4999513133606,16.3652200305412,11.8020008018942
579.4,7.75,7.75,7.75005191011427,7.74997566744277,6.60375818547704,7.38335324371232,15.5001038202285,15.4999513348855,16.3652265443705,11.8019971441671
579.5,7.75,7.75,7.75005187288861,7.7499756782045,6.60375767156077,7.38335356130826,15.5001037457772,15.499951356409,16.3652330539978,11.8019934882165
579.6,7.75,7.75,7.75005183569906,7.74997568896526,6.60375715808247,7.38335387870217,15.5001036713981,15.4999513779305,16.3652395580894,11.8019898346076
579.7,7.75,7.75,7.75005179853728,7.74997569972527,6.60375664494095,7.38335419594064,15.5001035970746,15.4999513994505,16.3652460579247,11.8019861828001
579.8,7.75,7.75,7.75005176140282,7.74997571048452,6.60375613213107,7.38335451302599,15.5001035228056,15.499951420969,16.3652525535682,11.8019825327671
579.9,7.75,7.75,7.75005172429569,7.74997572124302,6.60375561965265,7.38335482995826,15.5001034485914,15.499951442486,16.3652590450226,11.8019788845082
580,7.75,7.75,7.75005168721585,7.74997573200075,6.60375510750547,7.38335514673748,15.5001033744317,15.4999514640015,16.3652655322903,11.801975238023
580.1,7.75,7.75,7.75005165017196,7.74997574275747,6.60375459579465,7.38335546331501,15.5001033003439,15.4999514855149,16.3652720140427,11.8019715938752
580.2,7.75,7.75,7.75005161315572,7.74997575351339,6.60375408441937,7.38335577973736,15.5001032263114,15.4999515070268,16.3652784915544,11.8019679515258
580.3,7.75,7.75,7.75005157616668,7.74997576426853,6.60375357337451,7.38335609600685,15.5001031523334,15.4999515285371,16.3652849648898,11.8019643109478
580.4,7.75,7.75,7.75005153920485,7.74997577502288,6.60375306265987,7.38335641212351,15.5001030784097,15.4999515500458,16.3652914340513,11.8019606721409
580.5,7.75,7.75,7.75005150227019,7.74997578577644,6.60375255227527,7.38335672808739,15.5001030045404,15.4999515715529,16.3652978990416,11.8019570351045
580.6,7.75,7.75,7.75005146537132,7.74997579652893,6.60375204232542,7.38335704384991,15.5001029307426,15.4999515930579,16.3653043585369,11.8019534004016
580.7,7.75,7.75,7.75005142849997,7.7499758072806,6.60375153270985,7.38335735945751,15.5001028569999,15.4999516145612,16.365310813807,11.8019497674938
580.8,7.75,7.75,7.75005139165571,7.74997581803144,6.60375102342351,7.38335767491251,15.5001027833114,15.4999516360629,16.3653172649161,11.8019461363545
580.9,7.75,7.75,7.75005135483853,7.74997582878147,6.60375051446616,7.38335799021494,15.5001027096771,15.4999516575629,16.3653237118668,11.8019425069832
581,7.75,7.75,7.75005131804841,7.74997583953066,6.60375000583763,7.38335830536484,15.5001026360968,15.4999516790613,16.3653301546615,11.8019388793792
581.1,7.75,7.75,7.75005128129392,7.74997585027875,6.60374949764226,7.38335862031372,15.5001025625878,15.4999517005575,16.3653365919814,11.8019352541047
581.2,7.75,7.75,7.75005124456683,7.74997586102598,6.60374898977994,7.38335893510796,15.5001024891337,15.499951722052,16.3653430250916,11.8019316306223
581.3,7.75,7.75,7.75005120786672,7.74997587177235,6.60374848224562,7.38335924974984,15.5001024157334,15.4999517435447,16.365349454056,11.8019280089051
581.4,7.75,7.75,7.75005117119356,7.74997588251787,6.6037479750391,7.38335956423941,15.5001023423871,15.4999517650357,16.3653558788773,11.8019243889529
581.5,7.75,7.75,7.75005113454734,7.74997589326252,6.60374746816017,7.38335987857671,15.5001022690947,15.499951786525,16.3653622995579,11.801920770765
581.6,7.75,7.75,7.75005109793659,7.74997590400603,6.60374696171281,7.38336019271333,15.5001021958732,15.4999518080121,16.3653687147837,11.8019171549025
581.7,7.75,7.75,7.75005106135312,7.74997591474864,6.60374645559728,7.38336050669557,15.5001021227062,15.4999518294973,16.3653751258154,11.8019135408288
581.8,7.75,7.75,7.75005102479651,7.74997592549037,6.60374594980854,7.38336082052571,15.500102049593,15.4999518509807,16.3653815327165,11.8019099285174
581.9,7.75,7.75,7.75005098826674,7.7499759362312,6.60374544434638,7.3833611342038,15.5001019765335,15.4999518724624,16.3653879354896,11.8019063179678
582,7.75,7.75,7.75005095176378,7.74997594697114,6.60374493921062,7.38336144772989,15.5001019035276,15.4999518939423,16.3653943341372,11.8019027091795
582.1,7.75,7.75,7.75005091529615,7.74997595770989,6.60374443450484,7.38336176105563,15.5001018305923,15.4999519154198,16.3654007273501,11.8018991027124
582.2,7.75,7.75,7.75005087885567,7.74997596844771,6.60374393012966,7.38336207422725,15.5001017577113,15.4999519368954,16.3654071163841,11.8018954980311
582.3,7.75,7.75,7.75005084244193,7.74997597918462,6.60374342608007,7.38336238724704,15.5001016848839,15.4999519583692,16.3654135013028,11.801891895109
582.4,7.75,7.75,7.75005080605491,7.7499759899206,6.60374292235587,7.38336270011504,15.5001016121098,15.4999519798412,16.3654198821086,11.8018882939455
582.5,7.75,7.75,7.75005076969459,7.74997600065565,6.60374241895685,7.38336301283129,15.5001015393892,15.4999520013113,16.3654262588041,11.8018846945402
582.6,7.75,7.75,7.75005073336944,7.74997601138946,6.60374191598623,7.38336332534753,15.5001014667389,15.4999520227789,16.3654326300847,11.8018810974521
582.7,7.75,7.75,7.75005069707132,7.74997602212232,6.603741413345,7.38336363770992,15.5001013941426,15.4999520442446,16.3654389972019,11.8018775021466
582.8,7.75,7.75,7.75005066079983,7.74997603285422,6.60374091102816,7.38336394992074,15.5001013215997,15.4999520657084,16.3654453602187,11.8018739085972
582.9,7.75,7.75,7.75005062455494,7.74997604358517,6.60374040903551,7.38336426198002,15.5001012491099,15.4999520871703,16.3654517191378,11.8018703168033
583,7.75,7.75,7.75005058833663,7.74997605431516,6.60373990736686,7.38336457388782,15.5001011766733,15.4999521086303,16.3654580739616,11.8018667267645
583.1,7.75,7.75,7.75005055215333,7.74997606504387,6.60373940612501,7.38336488559596,15.5001011043067,15.4999521300877,16.3654644233904,11.8018631390389
583.2,7.75,7.75,7.75005051599695,7.74997607577159,6.60373890521135,7.3833651971505,15.5001010319939,15.4999521515432,16.365470768671,11.8018595530926
583.3,7.75,7.75,7.75005047986707,7.74997608649833,6.60373840462088,7.38336550855373,15.5001009597341,15.4999521729967,16.3654771098664,11.8018559688994
583.4,7.75,7.75,7.75005044376368,7.74997609722408,6.60373790435342,7.3833658198057,15.5001008875274,15.4999521944482,16.3654834469789,11.8018523864586
583.5,7.75,7.75,7.75005040768675,7.74997610794884,6.60373740440875,7.38336613090643,15.5001008153735,15.4999522158977,16.3654897800112,11.8018488057697
583.6,7.75,7.75,7.75005037164468,7.74997611867227,6.60373690488933,7.38336644180785,15.5001007432894,15.4999522373445,16.3654961076683,11.8018452273899
583.7,7.75,7.75,7.75005033562941,7.74997612939469,6.60373640569689,7.38336675255595,15.5001006712588,15.4999522587894,16.3655024311924,11.8018416507863
583.8,7.75,7.75,7.75005029964053,7.74997614011608,6.60373590682645,7.38336706315299,15.5001005992811,15.4999522802322,16.3655087506461,11.8018380759326
583.9,7.75,7.75,7.75005026367802,7.74997615083646,6.60373540827782,7.38336737359902,15.500100527356,15.4999523016729,16.3655150660321,11.8018345028282
584,7.75,7.75,7.75005022774186,7.74997616155582,6.60373491005081,7.38336768389409,15.5001004554837,15.4999523231116,16.3655213773527,11.8018309314727
584.1,7.75,7.75,7.7500501918404,7.74997617227381,6.60373441224749,7.38336799399018,15.5001003836808,15.4999523445476,16.3655276833178,11.801827362422
584.2,7.75,7.75,7.75005015596562,7.74997618299075,6.60373391476993,7.38336830393321,15.5001003119312,15.4999523659815,16.365533985165,11.8018237951445
584.3,7.75,7.75,7.75005012011712,7.74997619370664,6.6037334176132,7.38336861372546,15.5001002402342,15.4999523874133,16.3655402829569,11.8018202296137
584.4,7.75,7.75,7.75005008429487,7.74997620442148,6.60373292077709,7.38336892336696,15.5001001685897,15.499952408843,16.3655465766958,11.8018166658292
584.5,7.75,7.75,7.75005004849885,7.74997621513526,6.60373242426142,7.38336923285775,15.5001000969977,15.4999524302705,16.3655528663843,11.8018131037903
584.6,7.75,7.75,7.75005001273738,7.74997622584765,6.60373192816787,7.38336954214991,15.5001000254748,15.4999524516953,16.3655591507368,11.8018095440523
584.7,7.75,7.75,7.75004997700248,7.74997623655894,6.6037314323989,7.38336985128928,15.500099954005,15.4999524731179,16.3655654309866,11.8018059860842
584.8,7.75,7.75,7.75004994129374,7.74997624726916,6.60373093694958,7.38337016027813,15.5000998825875,15.4999524945383,16.3655717071958,11.8018024298596
584.9,7.75,7.75,7.75004990561113,7.7499762579783,6.60373044181971,7.38337046911649,15.5000998112223,15.4999525159566,16.365577979367,11.8017988753782
585,7.75,7.75,7.75004986995464,7.74997626868635,6.60372994700909,7.3833707778044,15.5000997399093,15.4999525373727,16.3655842475025,11.8017953226394
585.1,7.75,7.75,7.75004983433256,7.74997627939296,6.60372945261905,7.38337108629404,15.5000996686651,15.4999525587859,16.3655905103216,11.8017917721973
585.2,7.75,7.75,7.75004979873692,7.74997629009844,6.60372895855238,7.38337139463115,15.5000995974738,15.4999525801969,16.365596769053,11.8017882235219
585.3,7.75,7.75,7.75004976316732,7.74997630080282,6.6037284648042,7.383371702818,15.5000995263346,15.4999526016056,16.3656030237586,11.8017846765869
585.4,7.75,7.75,7.75004972762374,7.74997631150609,6.60372797137429,7.38337201085462,15.5000994552475,15.4999526230122,16.3656092744409,11.801781131392
585.5,7.75,7.75,7.75004969210617,7.74997632220825,6.60372747826246,7.38337231874107,15.5000993842123,15.4999526444165,16.3656155211023,11.8017775879365
585.6,7.75,7.75,7.75004965662285,7.74997633290891,6.60372698556967,7.38337262642958,15.5000993132457,15.4999526658178,16.3656217624669,11.8017740467735
585.7,7.75,7.75,7.75004962116587,7.74997634360843,6.60372649319907,7.38337293396583,15.5000992423317,15.4999526872169,16.3656279997585,11.8017705073741
585.8,7.75,7.75,7.75004958573481,7.74997635430681,6.60372600114577,7.38337324135207,15.5000991714696,15.4999527086136,16.3656342330392,11.8017669697121
585.9,7.75,7.75,7.75004955032965,7.74997636500405,6.60372550940958,7.38337354858836,15.5000991006593,15.4999527300081,16.3656404623113,11.8017634337868
586,7.75,7.75,7.75004951495039,7.74997637570014,6.60372501799031,7.38337385567474,15.5000990299008,15.4999527514003,16.3656466875772,11.8017598995979
586.1,7.75,7.75,7.75004947960523,7.7499763863947,6.60372452698853,7.38337416256353,15.5000989592105,15.4999527727894,16.3656529075655,11.8017563676974
586.2,7.75,7.75,7.75004944428629,7.74997639708809,6.60372403630776,7.38337446930033,15.5000988885726,15.4999527941762,16.365659123496,11.8017528375573
586.3,7.75,7.75,7.75004940899316,7.74997640778031,6.60372354594314,7.38337477588739,15.5000988179863,15.4999528155606,16.36566533543,11.8017493091514
586.4,7.75,7.75,7.75004937372582,7.74997641847135,6.60372305589446,7.38337508232475,15.5000987474516,15.4999528369427,16.3656715433702,11.8017457824791
586.5,7.75,7.75,7.75004933848426,7.74997642916122,6.60372256616153,7.38337538861246,15.5000986769685,15.4999528583224,16.3656777473188,11.8017422575401
586.6,7.75,7.75,7.75004930327666,7.74997643984953,6.60372207684456,7.38337569470294,15.5000986065533,15.4999528796991,16.3656839460092,11.8017387348852
586.7,7.75,7.75,7.75004926809515,7.74997645053662,6.60372158784743,7.38337600064169,15.5000985361903,15.4999529010732,16.3656901406564,11.8017352139876
586.8,7.75,7.75,7.75004923293934,7.74997646122252,6.60372109916528,7.38337630643097,15.5000984658787,15.499952922445,16.365696331322,11.801731694821
586.9,7.75,7.75,7.75004919780922,7.74997647190721,6.60372061079791,7.38337661207082,15.5000983956184,15.4999529438144,16.3657025180081,11.801728177385
587,7.75,7.75,7.75004916270476,7.7499764825907,6.60372012274514,7.38337691756128,15.5000983254095,15.4999529651814,16.3657087007174,11.801724661679
587.1,7.75,7.75,7.75004912763411,7.74997649327259,6.60371963510681,7.38337722285486,15.5000982552682,15.4999529865452,16.3657148781876,11.8017211482531
587.2,7.75,7.75,7.75004909258944,7.74997650395323,6.60371914778714,7.38337752799697,15.5000981851789,15.4999530079065,16.3657210516295,11.8017176365812
587.3,7.75,7.75,7.75004905757036,7.74997651463265,6.60371866078129,7.38337783298988,15.5000981151407,15.4999530292653,16.3657272211042,11.8017141266371
587.4,7.75,7.75,7.75004902257685,7.74997652531084,6.60371817408908,7.38337813783363,15.5000980451537,15.4999530506217,16.3657333866141,11.8017106184205
587.5,7.75,7.75,7.75004898760889,7.74997653598779,6.60371768771031,7.38337844252825,15.5000979752178,15.4999530719756,16.3657395481617,11.8017071119307
587.6,7.75,7.75,7.75004895267459,7.74997654666309,6.60371720174445,7.38337874702634,15.5000979053492,15.4999530933262,16.3657457044893,11.8017036077169
587.7,7.75,7.75,7.75004891776616,7.74997655733713,6.60371671609608,7.38337905137323,15.5000978355323,15.4999531146743,16.3657518568033,11.8017001052538
587.8,7.75,7.75,7.7500488828832,7.74997656800991,6.6037162307604,7.38337935557119,15.5000977657664,15.4999531360198,16.3657580051646,11.8016966045155
587.9,7.75,7.75,7.75004884802571,7.74997657868144,6.60371574573719,7.38337965962025,15.5000976960514,15.4999531573629,16.3657641495756,11.8016931055015
588,7.75,7.75,7.75004881319366,7.74997658935169,6.60371526102628,7.38337996352045,15.5000976263873,15.4999531787034,16.3657702900386,11.8016896082111
588.1,7.75,7.75,7.75004877839511,7.74997660002027,6.60371477672677,7.38338026722446,15.5000975567902,15.4999532000405,16.3657764253008,11.8016861131925
588.2,7.75,7.75,7.75004874362232,7.74997661068755,6.6037142927436,7.38338057077755,15.5000974872446,15.4999532213751,16.3657825565641,11.8016826199215
588.3,7.75,7.75,7.7500487088749,7.74997662135354,6.60371380907195,7.38338087418197,15.5000974177498,15.4999532427071,16.3657886838891,11.8016791283721
588.4,7.75,7.75,7.75004867415283,7.74997663201824,6.60371332571164,7.38338117743776,15.5000973483057,15.4999532640365,16.3657948072782,11.8016756385437
588.5,7.75,7.75,7.75004863945608,7.74997664268165,6.60371284266248,7.38338148054495,15.5000972789122,15.4999532853633,16.3658009267338,11.8016721504359
588.6,7.75,7.75,7.7500486047927,7.74997665334334,6.60371236002322,7.38338178345631,15.5000972095854,15.4999533066867,16.3658070410075,11.8016686645956
588.7,7.75,7.75,7.75004857015496,7.7499766640037,6.60371187769912,7.38338208621703,15.5000971403099,15.4999533280074,16.3658131512969,11.8016651804998
588.8,7.75,7.75,7.75004853554248,7.74997667466275,6.60371139568542,7.38338238882933,15.500097071085,15.4999533493255,16.3658192576624,11.8016616981223
588.9,7.75,7.75,7.75004850095523,7.74997668532048,6.60371091398191,7.38338269129326,15.5000970019105,15.499953370641,16.3658253601063,11.8016582174628
589,7.75,7.75,7.7500484663932,7.74997669597689,6.60371043258842,7.38338299360887,15.5000969327864,15.4999533919538,16.3658314586311,11.8016547385206
589.1,7.75,7.75,7.75004843186439,7.74997670663154,6.60370995160332,7.383383295729,15.5000968637288,15.4999534132631,16.3658375519929,11.8016512618418
589.2,7.75,7.75,7.75004839736111,7.74997671728484,6.60370947093223,7.38338359769875,15.5000967947222,15.4999534345697,16.365843641385,11.8016477869042
589.3,7.75,7.75,7.75004836288298,7.74997672793679,6.6037089905704,7.38338389952036,15.500096725766,15.4999534558736,16.3658497268674,11.8016443136819
589.4,7.75,7.75,7.75004832842998,7.7499767385874,6.60370851051763,7.38338420119386,15.50009665686,15.4999534771748,16.3658558084426,11.8016408421742
589.5,7.75,7.75,7.75004829400208,7.74997674923666,6.60370803077374,7.38338450271931,15.5000965880042,15.4999534984733,16.365861886113,11.8016373723808
589.6,7.75,7.75,7.75004825960725,7.74997675988413,6.60370755143675,7.38338480404963,15.5000965192145,15.4999535197683,16.3658679586392,11.8016339048466
589.7,7.75,7.75,7.75004822523785,7.74997677053021,6.60370707241262,7.38338510522985,15.5000964504757,15.4999535410604,16.3658740272101,11.8016304390503
589.8,7.75,7.75,7.75004819089348,7.74997678117492,6.60370659369662,7.38338540626218,15.500096381787,15.4999535623498,16.3658800918857,11.801626974966
589.9,7.75,7.75,7.75004815657413,7.74997679181825,6.60370611528854,7.38338570714668,15.5000963131483,15.4999535836365,16.3658861526683,11.8016235125934
590,7.75,7.75,7.75004812227978,7.74997680246021,6.60370563718821,7.3833860078834,15.5000962445596,15.4999536049204,16.3658922095603,11.8016200519317
590.1,7.75,7.75,7.75004808801835,7.74997681310034,6.6037051594933,7.38338630842534,15.5000961760367,15.4999536262007,16.3658982613269,11.8016165935251
590.2,7.75,7.75,7.75004805378224,7.74997682373905,6.60370468211011,7.38338660881744,15.5000961075645,15.4999536474781,16.3659043091527,11.8016131368532
590.3,7.75,7.75,7.75004801957105,7.74997683437637,6.6037042050339,7.38338690906194,15.5000960391421,15.4999536687527,16.3659103530972,11.8016096818902
590.4,7.75,7.75,7.75004798538477,7.74997684501229,6.60370372826451,7.38338720915887,15.5000959707695,15.4999536900246,16.365916393163,11.8016062286355
590.5,7.75,7.75,7.75004795122338,7.7499768556468,6.60370325180174,7.38338750910828,15.5000959024468,15.4999537112936,16.3659224293524,11.8016027770887
590.6,7.75,7.75,7.75004791709478,7.74997686627944,6.60370277574289,7.38338780886326,15.5000958341896,15.4999537325589,16.3659284604351,11.8015993277927
590.7,7.75,7.75,7.75004788299137,7.74997687691065,6.60370229999463,7.38338810846868,15.5000957659827,15.4999537538213,16.3659344875913,11.8015958802282
590.8,7.75,7.75,7.75004784891279,7.74997688754043,6.60370182455224,7.38338840792676,15.5000956978256,15.4999537750809,16.3659405108804,11.8015924343694
590.9,7.75,7.75,7.750047814859,7.74997689816878,6.60370134941553,7.38338870723755,15.500095629718,15.4999537963376,16.3659465303049,11.8015889902157
591,7.75,7.75,7.75004778082999,7.74997690879569,6.60370087458431,7.38338900640108,15.50009556166,15.4999538175914,16.3659525458671,11.8015855477667
591.1,7.75,7.75,7.75004774683363,7.74997691942071,6.60370040015556,7.38338930537054,15.5000954936673,15.4999538388414,16.3659585563412,11.8015821075644
591.2,7.75,7.75,7.75004771286235,7.74997693004426,6.60369992603624,7.38338960419071,15.5000954257247,15.4999538600885,16.3659645629031,11.8015786690903
591.3,7.75,7.75,7.75004767891579,7.74997694066635,6.60369945222169,7.38338990286381,15.5000953578316,15.4999538813327,16.3659705656121,11.8015752323187
591.4,7.75,7.75,7.75004764499391,7.74997695128699,6.60369897871169,7.38339020138989,15.5000952899878,15.499953902574,16.3659765644705,11.8015717972491
591.5,7.75,7.75,7.75004761109671,7.74997696190617,6.60369850550608,7.38339049976898,15.5000952221934,15.4999539238123,16.3659825594807,11.8015683638809
591.6,7.75,7.75,7.75004757723201,7.74997697252341,6.60369803270145,7.38339079795435,15.500095154464,15.4999539450468,16.3659885494214,11.8015649327552
591.7,7.75,7.75,7.7500475433923,7.74997698313916,6.60369756020514,7.38339109599071,15.5000950867846,15.4999539662783,16.365994535464,11.8015615033544
591.8,7.75,7.75,7.75004750957718,7.74997699375343,6.60369708801246,7.38339139388027,15.5000950191544,15.4999539875069,16.3660005176678,11.801558075653
591.9,7.75,7.75,7.75004747578665,7.74997700436621,6.60369661612325,7.38339169162306,15.5000949515733,15.4999540087324,16.366006496035,11.8015546496504
592,7.75,7.75,7.75004744202068,7.74997701497751,6.60369614453729,7.38339198921914,15.5000948840414,15.499954029955,16.366012470568,11.801551225346
592.1,7.75,7.75,7.75004740828707,7.74997702558683,6.60369567335086,7.38339228662187,15.5000948165741,15.4999540511737,16.3660184400499,11.8015478032799
592.2,7.75,7.75,7.75004737457833,7.74997703619464,6.60369520247161,7.38339258387584,15.5000947491567,15.4999540723893,16.366024405648,11.8015443829355
592.3,7.75,7.75,7.75004734089409,7.74997704680094,6.60369473189489,7.38339288098329,15.5000946817882,15.4999540936019,16.3660303674212,11.8015409642872
592.4,7.75,7.75,7.75004730723433,7.74997705740573,6.60369426162052,7.38339317794424,15.5000946144687,15.4999541148115,16.3660363253719,11.8015375473346
592.5,7.75,7.75,7.75004727359902,7.749977068009,6.60369379164832,7.38339347475876,15.500094547198,15.499954136018,16.3660422795022,11.8015341320769
592.6,7.75,7.75,7.75004723999594,7.74997707861027,6.60369332207417,7.38339377138026,15.5000944799919,15.4999541572205,16.3660482285999,11.8015307190533
592.7,7.75,7.75,7.75004720641761,7.74997708920999,6.60369285280609,7.3833940678533,15.5000944128352,15.49995417842,16.3660541738279,11.8015273077482
592.8,7.75,7.75,7.75004717286368,7.74997709980818,6.60369238383943,7.38339436418007,15.5000943457274,15.4999541996164,16.3660601152449,11.801523898136
592.9,7.75,7.75,7.75004713933412,7.74997711040483,6.60369191517401,7.38339466036063,15.5000942786682,15.4999542208097,16.3660660528532,11.8015204902162
593,7.75,7.75,7.75004710582891,7.74997712099994,6.60369144680966,7.38339495639501,15.5000942116578,15.4999542419999,16.3660719866552,11.8015170839882
593.1,7.75,7.75,7.75004707235577,7.74997713159302,6.6036909788419,7.38339525223674,15.5000941447115,15.499954263186,16.3660779154428,11.8015136799901
593.2,7.75,7.75,7.7500470389073,7.74997714218452,6.6036905111791,7.38339554793028,15.5000940778146,15.499954284369,16.3660838403748,11.8015102777071
593.3,7.75,7.75,7.7500470054831,7.74997715277446,6.60369004381662,7.38339584347782,15.5000940109662,15.4999543055489,16.3660897615097,11.8015068771139
593.4,7.75,7.75,7.75004697208317,7.74997716336284,6.60368957675429,7.38339613887942,15.5000939441663,15.4999543267257,16.3660956788497,11.8015034782099
593.5,7.75,7.75,7.75004693870749,7.74997717394965,6.60368910999191,7.38339643413511,15.500093877415,15.4999543478993,16.3661015923972,11.8015000809945
593.6,7.75,7.75,7.75004690536375,7.74997718453439,6.60368864362469,7.38339672919851,15.5000938107275,15.4999543690688,16.3661075009486,11.8014966860047
593.7,7.75,7.75,7.75004687204456,7.74997719511752,6.60368817756131,7.38339702411399,15.5000937440891,15.499954390235,16.3661134056584,11.8014932927268
593.8,7.75,7.75,7.75004683874954,7.74997720569908,6.60368771179716,7.38339731888374,15.5000936774991,15.4999544113982,16.3661193065849,11.8014899011355
593.9,7.75,7.75,7.75004680547868,7.74997721627905,6.60368724633206,7.38339761350782,15.5000936109574,15.4999544325581,16.3661252037304,11.8014865112301
594,7.75,7.75,7.75004677223197,7.74997722685742,6.60368678116582,7.38339790798627,15.5000935444639,15.4999544537148,16.3661310970971,11.8014831230102
594.1,7.75,7.75,7.75004673901705,7.74997723743369,6.6036863163933,7.38339820227278,15.5000934780341,15.4999544748674,16.3661369854859,11.8014797370116
594.2,7.75,7.75,7.75004670582658,7.74997724800833,6.6036858519235,7.38339849641165,15.5000934116532,15.4999544960167,16.366142870047,11.8014763527217
594.3,7.75,7.75,7.75004667266018,7.74997725858136,6.60368538775185,7.38339879040506,15.5000933453204,15.4999545171627,16.3661487508386,11.8014729701151
594.4,7.75,7.75,7.75004663951783,7.74997726915278,6.60368492387815,7.38339908425307,15.5000932790357,15.4999545383056,16.3661546278629,11.8014695891913
594.5,7.75,7.75,7.75004660639952,7.74997727972258,6.60368446030223,7.38339937795572,15.500093212799,15.4999545594452,16.3661605011222,11.8014662099497
594.6,7.75,7.75,7.75004657331288,7.74997729029025,6.60368399711858,7.38339967146679,15.5000931466258,15.4999545805805,16.3661663694216,11.8014628329252
594.7,7.75,7.75,7.75004654025057,7.74997730085626,6.60368353423657,7.38339996483049,15.5000930805011,15.4999546017125,16.3661722339073,11.8014594576061
594.8,7.75,7.75,7.75004650721223,7.74997731142063,6.6036830716516,7.38340025804901,15.5000930144245,15.4999546228413,16.3661780946371,11.8014560839671
594.9,7.75,7.75,7.75004647419783,7.74997732198337,6.6036826093635,7.38340055112239,15.5000929483957,15.4999546439667,16.3661839516134,11.8014527120077
595,7.75,7.75,7.75004644120738,7.74997733254447,6.6036821473721,7.38340084405069,15.5000928824148,15.4999546650889,16.3661898048383,11.8014493417272
595.1,7.75,7.75,7.75004640824844,7.74997734310339,6.60368168577154,7.38340113678776,15.5000928164969,15.4999546862068,16.3661956531214,11.8014459736596
595.2,7.75,7.75,7.75004637531374,7.74997735366064,6.60368122447151,7.38340142937774,15.5000927506275,15.4999547073213,16.3662014976046,11.8014426072942
595.3,7.75,7.75,7.7500463424029,7.74997736421622,6.60368076346745,7.38340172182281,15.5000926848058,15.4999547284324,16.3662073383456,11.8014392426056
595.4,7.75,7.75,7.75004630951591,7.74997737477015,6.60368030275918,7.38340201412303,15.5000926190318,15.4999547495403,16.3662131753466,11.8014358795934
595.5,7.75,7.75,7.75004627665274,7.7499773853224,6.60367984234652,7.38340230627842,15.5000925533055,15.4999547706448,16.3662190086099,11.801432518257
595.6,7.75,7.75,7.75004624382097,7.74997739587246,6.60367938232328,7.38340259824295,15.5000924876419,15.4999547917449,16.3662248369493,11.8014291591291
595.7,7.75,7.75,7.75004621101332,7.7499774064208,6.60367892259948,7.38340289006066,15.5000924220266,15.4999548128416,16.3662306615027,11.8014258017002
595.8,7.75,7.75,7.75004617822943,7.74997741696747,6.60367846317056,7.38340318173374,15.5000923564589,15.4999548339349,16.3662364823274,11.8014224459448
595.9,7.75,7.75,7.75004614546929,7.74997742751245,6.60367800403635,7.38340347326223,15.5000922909386,15.4999548550249,16.3662422994257,11.8014190918626
596,7.75,7.75,7.75004611273287,7.74997743805574,6.60367754519668,7.38340376464617,15.5000922254657,15.4999548761115,16.3662481127999,11.801415739453
596.1,7.75,7.75,7.7500460800277,7.74997744859679,6.60367708674502,7.38340405583962,15.5000921600554,15.4999548971936,16.3662539212681,11.8014123892477
596.2,7.75,7.75,7.75004604734656,7.74997745913611,6.6036766285917,7.38340434688651,15.5000920946931,15.4999549182722,16.3662597259639,11.801409040738
596.3,7.75,7.75,7.75004601468907,7.74997746967373,6.60367617073219,7.38340463778905,15.5000920293781,15.4999549393475,16.3662655269446,11.8014056938988
596.4,7.75,7.75,7.75004598205522,7.74997748020963,6.60367571316632,7.38340492854727,15.5000919641104,15.4999549604193,16.3662713242125,11.8014023487294
596.5,7.75,7.75,7.750045949445,7.74997749074382,6.6036752558939,7.38340521916121,15.50009189889,15.4999549814876,16.3662771177698,11.8013990052293
596.6,7.75,7.75,7.75004591686589,7.74997750127574,6.60367479900809,7.38340550958502,15.5000918337318,15.4999550025515,16.3662829064388,11.8013956639293
596.7,7.75,7.75,7.7500458843107,7.74997751180591,6.60367434241953,7.38340579986255,15.5000917686214,15.4999550236118,16.3662886913492,11.8013923243217
596.8,7.75,7.75,7.75004585177907,7.74997752233434,6.60367388612372,7.383406089996,15.5000917035581,15.4999550446687,16.366294472558,11.8013889863813
596.9,7.75,7.75,7.75004581927098,7.74997753286104,6.60367343012047,7.3834063799854,15.500091638542,15.4999550657221,16.3663002500674,11.8013856501075
597,7.75,7.75,7.7500457867864,7.749977543386,6.60367297440962,7.38340666983081,15.5000915735728,15.499955086772,16.3663060238797,11.8013823154998
597.1,7.75,7.75,7.75004575433281,7.74997755390866,6.60367251908395,7.38340695948643,15.5000915086656,15.4999551078173,16.3663117928214,11.801378983088
597.2,7.75,7.75,7.75004572190304,7.74997756442955,6.60367206405446,7.38340724899606,15.5000914438061,15.4999551288591,16.3663175580181,11.8013756523652
597.3,7.75,7.75,7.75004568949671,7.74997757494868,6.60367160931665,7.38340753836188,15.5000913789934,15.4999551498974,16.3663233195266,11.8013723233063
597.4,7.75,7.75,7.75004565711383,7.74997758546605,6.60367115487034,7.38340782758392,15.5000913142277,15.4999551709321,16.3663290773492,11.8013689959109
597.5,7.75,7.75,7.75004562475436,7.74997759598166,6.60367070071536,7.38340811666224,15.5000912495087,15.4999551919633,16.3663348314881,11.8013656701784
597.6,7.75,7.75,7.75004559242574,7.74997760649493,6.60367024694416,7.38340840555113,15.5000911848515,15.4999552129899,16.366340580774,11.8013623466374
597.7,7.75,7.75,7.75004556012083,7.74997761700641,6.60366979346807,7.38340869429432,15.5000911202417,15.4999552340128,16.3663463263286,11.8013590247822
597.8,7.75,7.75,7.75004552783928,7.74997762751611,6.60366934028259,7.38340898289396,15.5000910556786,15.4999552550322,16.3663520682083,11.8013557045877
597.9,7.75,7.75,7.75004549558106,7.74997763802402,6.60366888738755,7.38340927135011,15.5000909911621,15.499955276048,16.3663578064154,11.8013523860533
598,7.75,7.75,7.75004546334615,7.74997764853015,6.60366843478279,7.3834095596628,15.5000909266923,15.4999552970603,16.3663635409522,11.8013490691787
598.1,7.75,7.75,7.75004543114196,7.74997765903391,6.60366798256041,7.38340984778643,15.5000908622839,15.4999553180678,16.3663692706537,11.8013457544913
598.2,7.75,7.75,7.75004539896139,7.74997766953586,6.60366753063206,7.38341013576462,15.5000907979228,15.4999553390717,16.3663749966372,11.8013424414864
598.3,7.75,7.75,7.75004536680406,7.749977680036,6.60366707899327,7.38341042359955,15.5000907336081,15.499955360072,16.3663807189593,11.801339130139
598.4,7.75,7.75,7.75004533466997,7.74997769053433,6.60366662764386,7.38341071129125,15.5000906693399,15.4999553810687,16.3663864376221,11.8013358204485
598.5,7.75,7.75,7.7500453025591,7.74997770103086,6.60366617658367,7.38341099883978,15.5000906051182,15.4999554020617,16.3663921526278,11.8013325124144
598.6,7.75,7.75,7.7500452704788,7.74997771152499,6.60366572590448,7.3834112861996,15.5000905409576,15.49995542305,16.3663978628158,11.8013292065633
598.7,7.75,7.75,7.75004523842202,7.74997772201728,6.60366527551825,7.38341157341427,15.500090476844,15.4999554440346,16.3664035692993,11.8013259023915
598.8,7.75,7.75,7.75004520638838,7.74997773250774,6.60366482542052,7.38341186048595,15.5000904127768,15.4999554650155,16.3664092721346,11.8013225998738
598.9,7.75,7.75,7.75004517437788,7.74997774299637,6.60366437561113,7.38341214741467,15.5000903487558,15.4999554859927,16.3664149713239,11.8013192990099
599,7.75,7.75,7.7500451423905,7.74997775348317,6.6036639260899,7.38341243420049,15.500090284781,15.4999555069663,16.3664206668693,11.8013159997991
599.1,7.75,7.75,7.75004511043357,7.74997776396755,6.60366347694829,7.38341272079797,15.5000902208671,15.4999555279351,16.3664263576144,11.8013127027671
599.2,7.75,7.75,7.75004507850004,7.74997777445006,6.60366302809856,7.38341300725058,15.5000901570001,15.4999555489001,16.3664320446686,11.801309407411
599.3,7.75,7.75,7.75004504658957,7.74997778493072,6.6036625795363,7.38341329356046,15.5000900931791,15.4999555698614,16.3664377280877,11.8013061137058
599.4,7.75,7.75,7.75004501470213,7.74997779540952,6.60366213126133,7.38341357972767,15.5000900294043,15.499955590819,16.3664434078739,11.8013028216512
599.5,7.75,7.75,7.7500449828377,7.74997780588648,6.60366168327347,7.38341386575225,15.5000899656754,15.499955611773,16.3664490840296,11.8012995312464
599.6,7.75,7.75,7.7500449510036,7.74997781636098,6.60366123566385,7.38341415158885,15.5000899020072,15.499955632722,16.3664547554023,11.8012962430161
599.7,7.75,7.75,7.75004491918992,7.74997782683382,6.60366078830904,7.38341443729877,15.5000898383798,15.4999556536676,16.3664604235527,11.8012929562512
599.8,7.75,7.75,7.75004488740153,7.74997783730461,6.60366034127,7.38341472285165,15.5000897748031,15.4999556746092,16.3664660877102,11.8012896713029
599.9,7.75,7.75,7.75004485563753,7.7499778477734,6.6036598945352,7.38341500825318,15.5000897112751,15.4999556955468,16.3664717480206,11.8012863881052
600,7.75,7.75,7.75004482389788,7.74997785824019,6.6036594481044,7.38341529350342,15.5000896477958,15.4999557164804,16.3664774044866,11.8012831066576
