t,r1,r2,y1,y2,u1,u2,h1,h2,h3,h4
0,7,7,7,7,6.27535485569222,7.01752558584853,14,14,14.7903847353393,10.6541925826856
0.1,7,7,7,7,6.27535485569222,7.01752558584853,14,14,14.7903847353393,10.6541925826856
0.2,7,7,7,7,6.27535485569222,7.01752558584853,14,14,14.7903847353393,10.6541925826856
0.3,7,7,7,7,6.27535485569222,7.01752558584853,14,14,14.7903847353393,10.6541925826856
0.4,7,7,7,7,6.27535485569222,7.01752558584853,14,14,14.7903847353393,10.6541925826856
0.5,7,7,7,7,6.27535485569222,7.01752558584853,14,14,14.7903847353393,10.6541925826856
0.6,7,7,7,7,6.27535485569222,7.01752558584853,14,14,14.7903847353393,10.6541925826856
0.7,7,7,7,7,6.27535485569222,7.01752558584853,14,14,14.7903847353393,10.6541925826856
0.8,7,7,7,7,6.27535485569222,7.01752558584853,14,14,14.7903847353393,10.6541925826856
0.9,7,7,7,7,6.27535485569222,7.01752558584853,14,14,14.7903847353393,10.6541925826856
1,7,7,7,7,6.27535485569222,7.01752558584853,14,14,14.7903847353393,10.6541925826856
1.1,7,7,7,7,6.27535485569222,7.01752558584853,14,14,14.7903847353393,10.6541925826856
1.2,7,7,7,7,6.27535485569222,7.01752558584853,14,14,14.7903847353393,10.6541925826856
1.3,7,7,7,7,6.27535485569222,7.01752558584853,14,14,14.7903847353393,10.6541925826856
1.4,7,7,7,7,6.27535485569222,7.01752558584853,14,14,14.7903847353393,10.6541925826856
1.5,7,7,7,7,6.27535485569222,7.01752558584853,14,14,14.7903847353393,10.6541925826856
1.6,7,7,7,7,6.27535485569222,7.01752558584853,14,14,14.7903847353393,10.6541925826856
1.7,7,7,7,7,6.27535485569222,7.01752558584853,14,14,14.7903847353393,10.6541925826856
1.8,7,7,7,7,6.27535485569222,7.01752558584853,14,14,14.7903847353393,10.6541925826856
1.9,7,7,7,7,6.27535485569222,7.01752558584853,14,14,14.7903847353393,10.6541925826856
2,7,7,7,7,6.27535485569222,7.01752558584853,14,14,14.7903847353393,10.6541925826856
2.1,7,7,7,7,6.27535485569222,7.01752558584853,14,14,14.7903847353393,10.6541925826856
2.2,7,7,7,7,6.27535485569222,7.01752558584853,14,14,14.7903847353393,10.6541925826856
2.3,7,7,7,7,6.27535485569222,7.01752558584853,14,14,14.7903847353393,10.6541925826856
2.4,7,7,7,7,6.27535485569222,7.01752558584853,14,14,14.7903847353393,10.6541925826856
2.5,7,7,7,7,6.27535485569222,7.01752558584853,14,14,14.7903847353393,10.6541925826856
2.6,7,7,7,7,6.27535485569222,7.01752558584853,14,14,14.7903847353393,10.6541925826856
2.7,7,7,7,7,6.27535485569222,7.01752558584853,14,14,14.7903847353393,10.6541925826856
2.8,7,7,7,7,6.27535485569222,7.01752558584853,14,14,14.7903847353393,10.6541925826856
2.9,7,7,7,7,6.27535485569222,7.01752558584853,14,14,14.7903847353393,10.6541925826856
3,7,7,7,7,6.27535485569222,7.01752558584853,14,14,14.7903847353393,10.6541925826856
3.1,7,7,7,7,6.27535485569222,7.01752558584853,14,14,14.7903847353393,10.6541925826856
3.2,7,7,7,7,6.27535485569222,7.01752558584853,14,14,14.7903847353393,10.6541925826856
3.3,7,7,7,7,6.27535485569222,7.01752558584853,14,14,14.7903847353393,10.6541925826856
3.4,7,7,7,7,6.27535485569222,7.01752558584853,14,14,14.7903847353393,10.6541925826856
3.5,7,7,7,7,6.27535485569222,7.01752558584853,14,14,14.7903847353393,10.6541925826856
3.6,7,7,7,7,6.27535485569222,7.01752558584853,14,14,14.7903847353393,10.6541925826856
3.7,7,7,7,7,6.27535485569222,7.01752558584853,14,14,14.7903847353393,10.6541925826856
3.8,7,7,7,7,6.27535485569222,7.01752558584853,14,14,14.7903847353393,10.6541925826856
3.9,7,7,7,7,6.27535485569222,7.01752558584853,14,14,14.7903847353393,10.6541925826856
4,7,7,7,7,6.27535485569222,7.01752558584853,14,14,14.7903847353393,10.6541925826856
4.1,7,7,7,7,6.27535485569222,7.01752558584853,14,14,14.7903847353393,10.6541925826856
4.2,7,7,7,7,6.27535485569222,7.01752558584853,14,14,14.7903847353393,10.6541925826856
4.3,7,7,7,7,6.27535485569222,7.01752558584853,14,14,14.7903847353393,10.6541925826856
4.4,7,7,7,7,6.27535485569222,7.01752558584853,14,14,14.7903847353393,10.6541925826856
4.5,7,7,7,7,6.27535485569222,7.01752558584853,14,14,14.7903847353393,10.6541925826856
4.6,7,7,7,7,6.27535485569222,7.01752558584853,14,14,14.7903847353393,10.6541925826856
4.7,7,7,7,7,6.27535485569222,7.01752558584853,14,14,14.7903847353393,10.6541925826856
4.8,7,7,7,7,6.27535485569222,7.01752558584853,14,14,14.7903847353393,10.6541925826856
4.9,7,7,7,7,6.27535485569222,7.01752558584853,14,14,14.7903847353393,10.6541925826856
5,7,7,7,7,6.27535485569222,7.01752558584853,14,14,14.7903847353393,10.6541925826856
5.1,7,7,7,7,6.27535485569222,7.01752558584853,14,14,14.7903847353393,10.6541925826856
5.2,7,7,7,7,6.27535485569222,7.01752558584853,14,14,14.7903847353393,10.6541925826856
5.3,7,7,7,7,6.27535485569222,7.01752558584853,14,14,14.7903847353393,10.6541925826856
5.4,7,7,7,7,6.27535485569222,7.01752558584853,14,14,14.7903847353393,10.6541925826856
5.5,7,7,7,7,6.27535485569222,7.01752558584853,14,14,14.7903847353393,10.6541925826856
5.6,7,7,7,7,6.27535485569222,7.01752558584853,14,14,14.7903847353393,10.6541925826856
5.7,7,7,7,7,6.27535485569222,7.01752558584853,14,14,14.7903847353393,10.6541925826856
5.8,7,7,7,7,6.27535485569222,7.01752558584853,14,14,14.7903847353393,10.6541925826856
5.9,7,7,7,7,6.27535485569222,7.01752558584853,14,14,14.7903847353393,10.6541925826856
6,7,7,7,7,6.27535485569222,7.01752558584853,14,14,14.7903847353393,10.6541925826856
6.1,7,7,7,7,6.27535485569222,7.01752558584853,14,14,14.7903847353393,10.6541925826856
6.2,7,7,7,7,6.27535485569222,7.01752558584853,14,14,14.7903847353393,10.6541925826856
6.3,7,7,7,7,6.27535485569222,7.01752558584853,14,14,14.7903847353393,10.6541925826856
6.4,7,7,7,7,6.27535485569222,7.01752558584853,14,14,14.7903847353393,10.6541925826856
6.5,7,7,7,7,6.27535485569222,7.01752558584853,14,14,14.7903847353393,10.6541925826856
6.6,7,7,7,7,6.27535485569222,7.01752558584853,14,14,14.7903847353393,10.6541925826856
6.7,7,7,7,7,6.27535485569222,7.01752558584853,14,14,14.7903847353393,10.6541925826856
6.8,7,7,7,7,6.27535485569222,7.01752558584853,14,14,14.7903847353393,10.6541925826856
6.9,7,7,7,7,6.27535485569222,7.01752558584853,14,14,14.7903847353393,10.6541925826856
7,7,7,7,7,6.27535485569222,7.01752558584853,14,14,14.7903847353393,10.6541925826856
7.1,7,7,7,7,6.27535485569222,7.01752558584853,14,14,14.7903847353393,10.6541925826856
7.2,7,7,7,7,6.27535485569222,7.01752558584853,14,14,14.7903847353393,10.6541925826856
7.3,7,7,7,7,6.27535485569222,7.01752558584853,14,14,14.7903847353393,10.6541925826856
7.4,7,7,7,7,6.27535485569222,7.01752558584853,14,14,14.7903847353393,10.6541925826856
7.5,7,7,7,7,6.27535485569222,7.01752558584853,14,14,14.7903847353393,10.6541925826856
7.6,7,7,7,7,6.27535485569222,7.01752558584853,14,14,14.7903847353393,10.6541925826856
7.7,7,7,7,7,6.27535485569222,7.01752558584853,14,14,14.7903847353393,10.6541925826856
7.8,7,7,7,7,6.27535485569222,7.01752558584853,14,14,14.7903847353393,10.6541925826856
7.9,7,7,7,7,6.27535485569222,7.01752558584853,14,14,14.7903847353393,10.6541925826856
8,7,7,7,7,6.27535485569222,7.01752558584853,14,14,14.7903847353393,10.6541925826856
8.1,7,7,7,7,6.27535485569222,7.01752558584853,14,14,14.7903847353393,10.6541925826856
8.2,7,7,7,7,6.27535485569222,7.01752558584853,14,14,14.7903847353393,10.6541925826856
8.3,7,7,7,7,6.27535485569222,7.01752558584853,14,14,14.7903847353393,10.6541925826856
8.4,7,7,7,7,6.27535485569222,7.01752558584853,14,14,14.7903847353393,10.6541925826856
8.5,7,7,7,7,6.27535485569222,7.01752558584853,14,14,14.7903847353393,10.6541925826856
8.6,7,7,7,7,6.27535485569222,7.01752558584853,14,14,14.7903847353393,10.6541925826856
8.7,7,7,7,7,6.27535485569222,7.01752558584853,14,14,14.7903847353393,10.6541925826856
8.8,7,7,7,7,6.27535485569222,7.01752558584853,14,14,14.7903847353393,10.6541925826856
8.9,7,7,7,7,6.27535485569222,7.01752558584853,14,14,14.7903847353393,10.6541925826856
9,7,7,7,7,6.27535485569222,7.01752558584853,14,14,14.7903847353393,10.6541925826856
9.1,7,7,7,7,6.27535485569222,7.01752558584853,14,14,14.7903847353393,10.6541925826856
9.2,7,7,7,7,6.27535485569222,7.01752558584853,14,14,14.7903847353393,10.6541925826856
9.3,7,7,7,7,6.27535485569222,7.01752558584853,14,14,14.7903847353393,10.6541925826856
9.4,7,7,7,7,6.27535485569222,7.01752558584853,14,14,14.7903847353393,10.6541925826856
9.5,7,7,7,7,6.27535485569222,7.01752558584853,14,14,14.7903847353393,10.6541925826856
9.6,7,7,7,7,6.27535485569222,7.01752558584853,14,14,14.7903847353393,10.6541925826856
9.7,7,7,7,7,6.27535485569222,7.01752558584853,14,14,14.7903847353393,10.6541925826856
9.8,7,7,7,7,6.27535485569222,7.01752558584853,14,14,14.7903847353393,10.6541925826856
9.9,7,7,7,7,6.27535485569222,7.01752558584853,14,14,14.7903847353393,10.6541925826856
10,7,7,7,7,6.27535485569222,7.01752558584853,14,14,14.7903847353393,10.6541925826856
10.1,7,7,7,7,6.27535485569222,7.01752558584853,14,14,14.7903847353393,10.6541925826856
10.2,7,7,7,7,6.27535485569222,7.01752558584853,14,14,14.7903847353393,10.6541925826856
10.3,7,7,7,7,6.27535485569222,7.01752558584853,14,14,14.7903847353393,10.6541925826856
10.4,7,7,7,7,6.27535485569222,7.01752558584853,14,14,14.7903847353393,10.6541925826856
10.5,7,7,7,7,6.27535485569222,7.01752558584853,14,14,14.7903847353393,10.6541925826856
10.6,7,7,7,7,6.27535485569222,7.01752558584853,14,14,14.7903847353393,10.6541925826856
10.7,7,7,7,7,6.27535485569222,7.01752558584853,14,14,14.7903847353393,10.6541925826856
10.8,7,7,7,7,6.27535485569222,7.01752558584853,14,14,14.7903847353393,10.6541925826856
10.9,7,7,7,7,6.27535485569222,7.01752558584853,14,14,14.7903847353393,10.6541925826856
11,7,7,7,7,6.27535485569222,7.01752558584853,14,14,14.7903847353393,10.6541925826856
11.1,7,7,7,7,6.27535485569222,7.01752558584853,14,14,14.7903847353393,10.6541925826856
11.2,7,7,7,7,6.27535485569222,7.01752558584853,14,14,14.7903847353393,10.6541925826856
11.3,7,7,7,7,6.27535485569222,7.01752558584853,14,14,14.7903847353393,10.6541925826856
11.4,7,7,7,7,6.27535485569222,7.01752558584853,14,14,14.7903847353393,10.6541925826856
11.5,7,7,7,7,6.27535485569222,7.01752558584853,14,14,14.7903847353393,10.6541925826856
11.6,7,7,7,7,6.27535485569222,7.01752558584853,14,14,14.7903847353393,10.6541925826856
11.7,7,7,7,7,6.27535485569222,7.01752558584853,14,14,14.7903847353393,10.6541925826856
11.8,7,7,7,7,6.27535485569222,7.01752558584853,14,14,14.7903847353393,10.6541925826856
11.9,7,7,7,7,6.27535485569222,7.01752558584853,14,14,14.7903847353393,10.6541925826856
12,7,7,7,7,6.27535485569222,7.01752558584853,14,14,14.7903847353393,10.6541925826856
12.1,7,7,7,7,6.27535485569222,7.01752558584853,14,14,14.7903847353393,10.6541925826856
12.2,7,7,7,7,6.27535485569222,7.01752558584853,14,14,14.7903847353393,10.6541925826856
12.3,7,7,7,7,6.27535485569222,7.01752558584853,14,14,14.7903847353393,10.6541925826856
12.4,7,7,7,7,6.27535485569222,7.01752558584853,14,14,14.7903847353393,10.6541925826856
12.5,7,7,7,7,6.27535485569222,7.01752558584853,14,14,14.7903847353393,10.6541925826856
12.6,7,7,7,7,6.27535485569222,7.01752558584853,14,14,14.7903847353393,10.6541925826856
12.7,7,7,7,7,6.27535485569222,7.01752558584853,14,14,14.7903847353393,10.6541925826856
12.8,7,7,7,7,6.27535485569222,7.01752558584853,14,14,14.7903847353393,10.6541925826856
12.9,7,7,7,7,6.27535485569222,7.01752558584853,14,14,14.7903847353393,10.6541925826856
13,7,7,7,7,6.27535485569222,7.01752558584853,14,14,14.7903847353393,10.6541925826856
13.1,7,7,7,7,6.27535485569222,7.01752558584853,14,14,14.7903847353393,10.6541925826856
13.2,7,7,7,7,6.27535485569222,7.01752558584853,14,14,14.7903847353393,10.6541925826856
13.3,7,7,7,7,6.27535485569222,7.01752558584853,14,14,14.7903847353393,10.6541925826856
13.4,7,7,7,7,6.27535485569222,7.01752558584853,14,14,14.7903847353393,10.6541925826856
13.5,7,7,7,7,6.27535485569222,7.01752558584853,14,14,14.7903847353393,10.6541925826856
13.6,7,7,7,7,6.27535485569222,7.01752558584853,14,14,14.7903847353393,10.6541925826856
13.7,7,7,7,7,6.27535485569222,7.01752558584853,14,14,14.7903847353393,10.6541925826856
13.8,7,7,7,7,6.27535485569222,7.01752558584853,14,14,14.7903847353393,10.6541925826856
13.9,7,7,7,7,6.27535485569222,7.01752558584853,14,14,14.7903847353393,10.6541925826856
14,7,7,7,7,6.27535485569222,7.01752558584853,14,14,14.7903847353393,10.6541925826856
14.1,7,7,7,7,6.27535485569222,7.01752558584853,14,14,14.7903847353393,10.6541925826856
14.2,7,7,7,7,6.27535485569222,7.01752558584853,14,14,14.7903847353393,10.6541925826856
14.3,7,7,7,7,6.27535485569222,7.01752558584853,14,14,14.7903847353393,10.6541925826856
14.4,7,7,7,7,6.27535485569222,7.01752558584853,14,14,14.7903847353393,10.6541925826856
14.5,7,7,7,7,6.27535485569222,7.01752558584853,14,14,14.7903847353393,10.6541925826856
14.6,7,7,7,7,6.27535485569222,7.01752558584853,14,14,14.7903847353393,10.6541925826856
14.7,7,7,7,7,6.27535485569222,7.01752558584853,14,14,14.7903847353393,10.6541925826856
14.8,7,7,7,7,6.27535485569222,7.01752558584853,14,14,14.7903847353393,10.6541925826856
14.9,7,7,7,7,6.27535485569222,7.01752558584853,14,14,14.7903847353393,10.6541925826856
15,7,7,7,7,6.27535485569222,7.01752558584853,14,14,14.7903847353393,10.6541925826856
15.1,7,7,7,7,6.27535485569222,7.01752558584853,14,14,14.7903847353393,10.6541925826856
15.2,7,7,7,7,6.27535485569222,7.01752558584853,14,14,14.7903847353393,10.6541925826856
15.3,7,7,7,7,6.27535485569222,7.01752558584853,14,14,14.7903847353393,10.6541925826856
15.4,7,7,7,7,6.27535485569222,7.01752558584853,14,14,14.7903847353393,10.6541925826856
15.5,7,7,7,7,6.27535485569222,7.01752558584853,14,14,14.7903847353393,10.6541925826856
15.6,7,7,7,7,6.27535485569222,7.01752558584853,14,14,14.7903847353393,10.6541925826856
15.7,7,7,7,7,6.27535485569222,7.01752558584853,14,14,14.7903847353393,10.6541925826856
15.8,7,7,7,7,6.27535485569222,7.01752558584853,14,14,14.7903847353393,10.6541925826856
15.9,7,7,7,7,6.27535485569222,7.01752558584853,14,14,14.7903847353393,10.6541925826856
16,7,7,7,7,6.27535485569222,7.01752558584853,14,14,14.7903847353393,10.6541925826856
16.1,7,7,7,7,6.27535485569222,7.01752558584853,14,14,14.7903847353393,10.6541925826856
16.2,7,7,7,7,6.27535485569222,7.01752558584853,14,14,14.7903847353393,10.6541925826856
16.3,7,7,7,7,6.27535485569222,7.01752558584853,14,14,14.7903847353393,10.6541925826856
16.4,7,7,7,7,6.27535485569222,7.01752558584853,14,14,14.7903847353393,10.6541925826856
16.5,7,7,7,7,6.27535485569222,7.01752558584853,14,14,14.7903847353393,10.6541925826856
16.6,7,7,7,7,6.27535485569222,7.01752558584853,14,14,14.7903847353393,10.6541925826856
16.7,7,7,7,7,6.27535485569222,7.01752558584853,14,14,14.7903847353393,10.6541925826856
16.8,7,7,7,7,6.27535485569222,7.01752558584853,14,14,14.7903847353393,10.6541925826856
16.9,7,7,7,7,6.27535485569222,7.01752558584853,14,14,14.7903847353393,10.6541925826856
17,7,7,7,7,6.27535485569222,7.01752558584853,14,14,14.7903847353393,10.6541925826856
17.1,7,7,7,7,6.27535485569222,7.01752558584853,14,14,14.7903847353393,10.6541925826856
17.2,7,7,7,7,6.27535485569222,7.01752558584853,14,14,14.7903847353393,10.6541925826856
17.3,7,7,7,7,6.27535485569222,7.01752558584853,14,14,14.7903847353393,10.6541925826856
17.4,7,7,7,7,6.27535485569222,7.01752558584853,14,14,14.7903847353393,10.6541925826856
17.5,7,7,7,7,6.27535485569222,7.01752558584853,14,14,14.7903847353393,10.6541925826856
17.6,7,7,7,7,6.27535485569222,7.01752558584853,14,14,14.7903847353393,10.6541925826856
17.7,7,7,7,7,6.27535485569222,7.01752558584853,14,14,14.7903847353393,10.6541925826856
17.8,7,7,7,7,6.27535485569222,7.01752558584853,14,14,14.7903847353393,10.6541925826856
17.9,7,7,7,7,6.27535485569222,7.01752558584853,14,14,14.7903847353393,10.6541925826856
18,7,7,7,7,6.27535485569222,7.01752558584853,14,14,14.7903847353393,10.6541925826856
18.1,7,7,7,7,6.27535485569222,7.01752558584853,14,14,14.7903847353393,10.6541925826856
18.2,7,7,7,7,6.27535485569222,7.01752558584853,14,14,14.7903847353393,10.6541925826856
18.3,7,7,7,7,6.27535485569222,7.01752558584853,14,14,14.7903847353393,10.6541925826856
18.4,7,7,7,7,6.27535485569222,7.01752558584853,14,14,14.7903847353393,10.6541925826856
18.5,7,7,7,7,6.27535485569222,7.01752558584853,14,14,14.7903847353393,10.6541925826856
18.6,7,7,7,7,6.27535485569222,7.01752558584853,14,14,14.7903847353393,10.6541925826856
18.7,7,7,7,7,6.27535485569222,7.01752558584853,14,14,14.7903847353393,10.6541925826856
18.8,7,7,7,7,6.27535485569222,7.01752558584853,14,14,14.7903847353393,10.6541925826856
18.9,7,7,7,7,6.27535485569222,7.01752558584853,14,14,14.7903847353393,10.6541925826856
19,7,7,7,7,6.27535485569222,7.01752558584853,14,14,14.7903847353393,10.6541925826856
19.1,7,7,7,7,6.27535485569222,7.01752558584853,14,14,14.7903847353393,10.6541925826856
19.2,7,7,7,7,6.27535485569222,7.01752558584853,14,14,14.7903847353393,10.6541925826856
19.3,7,7,7,7,6.27535485569222,7.01752558584853,14,14,14.7903847353393,10.6541925826856
19.4,7,7,7,7,6.27535485569222,7.01752558584853,14,14,14.7903847353393,10.6541925826856
19.5,7,7,7,7,6.27535485569222,7.01752558584853,14,14,14.7903847353393,10.6541925826856
19.6,7,7,7,7,6.27535485569222,7.01752558584853,14,14,14.7903847353393,10.6541925826856
19.7,7,7,7,7,6.27535485569222,7.01752558584853,14,14,14.7903847353393,10.6541925826856
19.8,7,7,7,7,6.27535485569222,7.01752558584853,14,14,14.7903847353393,10.6541925826856
19.9,7,7,7,7,6.27535485569222,7.01752558584853,14,14,14.7903847353393,10.6541925826856
20,7,7,7,7,6.27535485569222,7.01752558584853,14,14,14.7903847353393,10.6541925826856
20.1,7,7,7,7,6.27535485569222,7.01752558584853,14,14,14.7903847353393,10.6541925826856
20.2,7,7,7,7,6.27535485569222,7.01752558584853,14,14,14.7903847353393,10.6541925826856
20.3,7,7,7,7,6.27535485569222,7.01752558584853,14,14,14.7903847353393,10.6541925826856
20.4,7,7,7,7,6.27535485569222,7.01752558584853,14,14,14.7903847353393,10.6541925826856
20.5,7,7,7,7,6.27535485569222,7.01752558584853,14,14,14.7903847353393,10.6541925826856
20.6,7,7,7,7,6.27535485569222,7.01752558584853,14,14,14.7903847353393,10.6541925826856
20.7,7,7,7,7,6.27535485569222,7.01752558584853,14,14,14.7903847353393,10.6541925826856
20.8,7,7,7,7,6.27535485569222,7.01752558584853,14,14,14.7903847353393,10.6541925826856
20.9,7,7,7,7,6.27535485569222,7.01752558584853,14,14,14.7903847353393,10.6541925826856
21,7,7,7,7,6.27535485569222,7.01752558584853,14,14,14.7903847353393,10.6541925826856
21.1,7,7,7,7,6.27535485569222,7.01752558584853,14,14,14.7903847353393,10.6541925826856
21.2,7,7,7,7,6.27535485569222,7.01752558584853,14,14,14.7903847353393,10.6541925826856
21.3,7,7,7,7,6.27535485569222,7.01752558584853,14,14,14.7903847353393,10.6541925826856
21.4,7,7,7,7,6.27535485569222,7.01752558584853,14,14,14.7903847353393,10.6541925826856
21.5,7,7,7,7,6.27535485569222,7.01752558584853,14,14,14.7903847353393,10.6541925826856
21.6,7,7,7,7,6.27535485569222,7.01752558584853,14,14,14.7903847353393,10.6541925826856
21.7,7,7,7,7,6.27535485569222,7.01752558584853,14,14,14.7903847353393,10.6541925826856
21.8,7,7,7,7,6.27535485569222,7.01752558584853,14,14,14.7903847353393,10.6541925826856
21.9,7,7,7,7,6.27535485569222,7.01752558584853,14,14,14.7903847353393,10.6541925826856
22,7,7,7,7,6.27535485569222,7.01752558584853,14,14,14.7903847353393,10.6541925826856
22.1,7,7,7,7,6.27535485569222,7.01752558584853,14,14,14.7903847353393,10.6541925826856
22.2,7,7,7,7,6.27535485569222,7.01752558584853,14,14,14.7903847353393,10.6541925826856
22.3,7,7,7,7,6.27535485569222,7.01752558584853,14,14,14.7903847353393,10.6541925826856
22.4,7,7,7,7,6.27535485569222,7.01752558584853,14,14,14.7903847353393,10.6541925826856
22.5,7,7,7,7,6.27535485569222,7.01752558584853,14,14,14.7903847353393,10.6541925826856
22.6,7,7,7,7,6.27535485569222,7.01752558584853,14,14,14.7903847353393,10.6541925826856
22.7,7,7,7,7,6.27535485569222,7.01752558584853,14,14,14.7903847353393,10.6541925826856
22.8,7,7,7,7,6.27535485569222,7.01752558584853,14,14,14.7903847353393,10.6541925826856
22.9,7,7,7,7,6.27535485569222,7.01752558584853,14,14,14.7903847353393,10.6541925826856
23,7,7,7,7,6.27535485569222,7.01752558584853,14,14,14.7903847353393,10.6541925826856
23.1,7,7,7,7,6.27535485569222,7.01752558584853,14,14,14.7903847353393,10.6541925826856
23.2,7,7,7,7,6.27535485569222,7.01752558584853,14,14,14.7903847353393,10.6541925826856
23.3,7,7,7,7,6.27535485569222,7.01752558584853,14,14,14.7903847353393,10.6541925826856
23.4,7,7,7,7,6.27535485569222,7.01752558584853,14,14,14.7903847353393,10.6541925826856
23.5,7,7,7,7,6.27535485569222,7.01752558584853,14,14,14.7903847353393,10.6541925826856
23.6,7,7,7,7,6.27535485569222,7.01752558584853,14,14,14.7903847353393,10.6541925826856
23.7,7,7,7,7,6.27535485569222,7.01752558584853,14,14,14.7903847353393,10.6541925826856
23.8,7,7,7,7,6.27535485569222,7.01752558584853,14,14,14.7903847353393,10.6541925826856
23.9,7,7,7,7,6.27535485569222,7.01752558584853,14,14,14.7903847353393,10.6541925826856
24,7,7,7,7,6.27535485569222,7.01752558584853,14,14,14.7903847353393,10.6541925826856
24.1,7,7,7,7,6.27535485569222,7.01752558584853,14,14,14.7903847353393,10.6541925826856
24.2,7,7,7,7,6.27535485569222,7.01752558584853,14,14,14.7903847353393,10.6541925826856
24.3,7,7,7,7,6.27535485569222,7.01752558584853,14,14,14.7903847353393,10.6541925826856
24.4,7,7,7,7,6.27535485569222,7.01752558584853,14,14,14.7903847353393,10.6541925826856
24.5,7,7,7,7,6.27535485569222,7.01752558584853,14,14,14.7903847353393,10.6541925826856
24.6,7,7,7,7,6.27535485569222,7.01752558584853,14,14,14.7903847353393,10.6541925826856
24.7,7,7,7,7,6.27535485569222,7.01752558584853,14,14,14.7903847353393,10.6541925826856
24.8,7,7,7,7,6.27535485569222,7.01752558584853,14,14,14.7903847353393,10.6541925826856
24.9,7,7,7,7,6.27535485569222,7.01752558584853,14,14,14.7903847353393,10.6541925826856
25,7,7,7,7,6.27535485569222,7.01752558584853,14,14,14.7903847353393,10.6541925826856
25.1,7,7,7,7,6.27535485569222,7.01752558584853,14,14,14.7903847353393,10.6541925826856
25.2,7,7,7,7,6.27535485569222,7.01752558584853,14,14,14.7903847353393,10.6541925826856
25.3,7,7,7,7,6.27535485569222,7.01752558584853,14,14,14.7903847353393,10.6541925826856
25.4,7,7,7,7,6.27535485569222,7.01752558584853,14,14,14.7903847353393,10.6541925826856
25.5,7,7,7,7,6.27535485569222,7.01752558584853,14,14,14.7903847353393,10.6541925826856
25.6,7,7,7,7,6.27535485569222,7.01752558584853,14,14,14.7903847353393,10.6541925826856
25.7,7,7,7,7,6.27535485569222,7.01752558584853,14,14,14.7903847353393,10.6541925826856
25.8,7,7,7,7,6.27535485569222,7.01752558584853,14,14,14.7903847353393,10.6541925826856
25.9,7,7,7,7,6.27535485569222,7.01752558584853,14,14,14.7903847353393,10.6541925826856
26,7,7,7,7,6.27535485569222,7.01752558584853,14,14,14.7903847353393,10.6541925826856
26.1,7,7,7,7,6.27535485569222,7.01752558584853,14,14,14.7903847353393,10.6541925826856
26.2,7,7,7,7,6.27535485569222,7.01752558584853,14,14,14.7903847353393,10.6541925826856
26.3,7,7,7,7,6.27535485569222,7.01752558584853,14,14,14.7903847353393,10.6541925826856
26.4,7,7,7,7,6.27535485569222,7.01752558584853,14,14,14.7903847353393,10.6541925826856
26.5,7,7,7,7,6.27535485569222,7.01752558584853,14,14,14.7903847353393,10.6541925826856
26.6,7,7,7,7,6.27535485569222,7.01752558584853,14,14,14.7903847353393,10.6541925826856
26.7,7,7,7,7,6.27535485569222,7.01752558584853,14,14,14.7903847353393,10.6541925826856
26.8,7,7,7,7,6.27535485569222,7.01752558584853,14,14,14.7903847353393,10.6541925826856
26.9,7,7,7,7,6.27535485569222,7.01752558584853,14,14,14.7903847353393,10.6541925826856
27,7,7,7,7,6.27535485569222,7.01752558584853,14,14,14.7903847353393,10.6541925826856
27.1,7,7,7,7,6.27535485569222,7.01752558584853,14,14,14.7903847353393,10.6541925826856
27.2,7,7,7,7,6.27535485569222,7.01752558584853,14,14,14.7903847353393,10.6541925826856
27.3,7,7,7,7,6.27535485569222,7.01752558584853,14,14,14.7903847353393,10.6541925826856
27.4,7,7,7,7,6.27535485569222,7.01752558584853,14,14,14.7903847353393,10.6541925826856
27.5,7,7,7,7,6.27535485569222,7.01752558584853,14,14,14.7903847353393,10.6541925826856
27.6,7,7,7,7,6.27535485569222,7.01752558584853,14,14,14.7903847353393,10.6541925826856
27.7,7,7,7,7,6.27535485569222,7.01752558584853,14,14,14.7903847353393,10.6541925826856
27.8,7,7,7,7,6.27535485569222,7.01752558584853,14,14,14.7903847353393,10.6541925826856
27.9,7,7,7,7,6.27535485569222,7.01752558584853,14,14,14.7903847353393,10.6541925826856
28,7,7,7,7,6.27535485569222,7.01752558584853,14,14,14.7903847353393,10.6541925826856
28.1,7,7,7,7,6.27535485569222,7.01752558584853,14,14,14.7903847353393,10.6541925826856
28.2,7,7,7,7,6.27535485569222,7.01752558584853,14,14,14.7903847353393,10.6541925826856
28.3,7,7,7,7,6.27535485569222,7.01752558584853,14,14,14.7903847353393,10.6541925826856
28.4,7,7,7,7,6.27535485569222,7.01752558584853,14,14,14.7903847353393,10.6541925826856
28.5,7,7,7,7,6.27535485569222,7.01752558584853,14,14,14.7903847353393,10.6541925826856
28.6,7,7,7,7,6.27535485569222,7.01752558584853,14,14,14.7903847353393,10.6541925826856
28.7,7,7,7,7,6.27535485569222,7.01752558584853,14,14,14.7903847353393,10.6541925826856
28.8,7,7,7,7,6.27535485569222,7.01752558584853,14,14,14.7903847353393,10.6541925826856
28.9,7,7,7,7,6.27535485569222,7.01752558584853,14,14,14.7903847353393,10.6541925826856
29,7,7,7,7,6.27535485569222,7.01752558584853,14,14,14.7903847353393,10.6541925826856
29.1,7,7,7,7,6.27535485569222,7.01752558584853,14,14,14.7903847353393,10.6541925826856
29.2,7,7,7,7,6.27535485569222,7.01752558584853,14,14,14.7903847353393,10.6541925826856
29.3,7,7,7,7,6.27535485569222,7.01752558584853,14,14,14.7903847353393,10.6541925826856
29.4,7,7,7,7,6.27535485569222,7.01752558584853,14,14,14.7903847353393,10.6541925826856
29.5,7,7,7,7,6.27535485569222,7.01752558584853,14,14,14.7903847353393,10.6541925826856
29.6,7,7,7,7,6.27535485569222,7.01752558584853,14,14,14.7903847353393,10.6541925826856
29.7,7,7,7,7,6.27535485569222,7.01752558584853,14,14,14.7903847353393,10.6541925826856
29.8,7,7,7,7,6.27535485569222,7.01752558584853,14,14,14.7903847353393,10.6541925826856
29.9,7,7,7,7,6.27535485569222,7.01752558584853,14,14,14.7903847353393,10.6541925826856
30,7,7,7,7,6.27535485569222,7.01752558584853,14,14,14.7903847353393,10.6541925826856
30.1,7,7,7,7,6.27535485569222,7.01752558584853,14,14,14.7903847353393,10.6541925826856
30.2,7,7,7,7,6.27535485569222,7.01752558584853,14,14,14.7903847353393,10.6541925826856
30.3,7,7,7,7,6.27535485569222,7.01752558584853,14,14,14.7903847353393,10.6541925826856
30.4,7,7,7,7,6.27535485569222,7.01752558584853,14,14,14.7903847353393,10.6541925826856
30.5,7,7,7,7,6.27535485569222,7.01752558584853,14,14,14.7903847353393,10.6541925826856
30.6,7,7,7,7,6.27535485569222,7.01752558584853,14,14,14.7903847353393,10.6541925826856
30.7,7,7,7,7,6.27535485569222,7.01752558584853,14,14,14.7903847353393,10.6541925826856
30.8,7,7,7,7,6.27535485569222,7.01752558584853,14,14,14.7903847353393,10.6541925826856
30.9,7,7,7,7,6.27535485569222,7.01752558584853,14,14,14.7903847353393,10.6541925826856
31,7,7,7,7,6.27535485569222,7.01752558584853,14,14,14.7903847353393,10.6541925826856
31.1,7,7,7,7,6.27535485569222,7.01752558584853,14,14,14.7903847353393,10.6541925826856
31.2,7,7,7,7,6.27535485569222,7.01752558584853,14,14,14.7903847353393,10.6541925826856
31.3,7,7,7,7,6.27535485569222,7.01752558584853,14,14,14.7903847353393,10.6541925826856
31.4,7,7,7,7,6.27535485569222,7.01752558584853,14,14,14.7903847353393,10.6541925826856
31.5,7,7,7,7,6.27535485569222,7.01752558584853,14,14,14.7903847353393,10.6541925826856
31.6,7,7,7,7,6.27535485569222,7.01752558584853,14,14,14.7903847353393,10.6541925826856
31.7,7,7,7,7,6.27535485569222,7.01752558584853,14,14,14.7903847353393,10.6541925826856
31.8,7,7,7,7,6.27535485569222,7.01752558584853,14,14,14.7903847353393,10.6541925826856
31.9,7,7,7,7,6.27535485569222,7.01752558584853,14,14,14.7903847353393,10.6541925826856
32,7,7,7,7,6.27535485569222,7.01752558584853,14,14,14.7903847353393,10.6541925826856
32.1,7,7,7,7,6.27535485569222,7.01752558584853,14,14,14.7903847353393,10.6541925826856
32.2,7,7,7,7,6.27535485569222,7.01752558584853,14,14,14.7903847353393,10.6541925826856
32.3,7,7,7,7,6.27535485569222,7.01752558584853,14,14,14.7903847353393,10.6541925826856
32.4,7,7,7,7,6.27535485569222,7.01752558584853,14,14,14.7903847353393,10.6541925826856
32.5,7,7,7,7,6.27535485569222,7.01752558584853,14,14,14.7903847353393,10.6541925826856
32.6,7,7,7,7,6.27535485569222,7.01752558584853,14,14,14.7903847353393,10.6541925826856
32.7,7,7,7,7,6.27535485569222,7.01752558584853,14,14,14.7903847353393,10.6541925826856
32.8,7,7,7,7,6.27535485569222,7.01752558584853,14,14,14.7903847353393,10.6541925826856
32.9,7,7,7,7,6.27535485569222,7.01752558584853,14,14,14.7903847353393,10.6541925826856
33,7,7,7,7,6.27535485569222,7.01752558584853,14,14,14.7903847353393,10.6541925826856
33.1,7,7,7,7,6.27535485569222,7.01752558584853,14,14,14.7903847353393,10.6541925826856
33.2,7,7,7,7,6.27535485569222,7.01752558584853,14,14,14.7903847353393,10.6541925826856
33.3,7,7,7,7,6.27535485569222,7.01752558584853,14,14,14.7903847353393,10.6541925826856
33.4,7,7,7,7,6.27535485569222,7.01752558584853,14,14,14.7903847353393,10.6541925826856
33.5,7,7,7,7,6.27535485569222,7.01752558584853,14,14,14.7903847353393,10.6541925826856
33.6,7,7,7,7,6.27535485569222,7.01752558584853,14,14,14.7903847353393,10.6541925826856
33.7,7,7,7,7,6.27535485569222,7.01752558584853,14,14,14.7903847353393,10.6541925826856
33.8,7,7,7,7,6.27535485569222,7.01752558584853,14,14,14.7903847353393,10.6541925826856
33.9,7,7,7,7,6.27535485569222,7.01752558584853,14,14,14.7903847353393,10.6541925826856
34,7,7,7,7,6.27535485569222,7.01752558584853,14,14,14.7903847353393,10.6541925826856
34.1,7,7,7,7,6.27535485569222,7.01752558584853,14,14,14.7903847353393,10.6541925826856
34.2,7,7,7,7,6.27535485569222,7.01752558584853,14,14,14.7903847353393,10.6541925826856
34.3,7,7,7,7,6.27535485569222,7.01752558584853,14,14,14.7903847353393,10.6541925826856
34.4,7,7,7,7,6.27535485569222,7.01752558584853,14,14,14.7903847353393,10.6541925826856
34.5,7,7,7,7,6.27535485569222,7.01752558584853,14,14,14.7903847353393,10.6541925826856
34.6,7,7,7,7,6.27535485569222,7.01752558584853,14,14,14.7903847353393,10.6541925826856
34.7,7,7,7,7,6.27535485569222,7.01752558584853,14,14,14.7903847353393,10.6541925826856
34.8,7,7,7,7,6.27535485569222,7.01752558584853,14,14,14.7903847353393,10.6541925826856
34.9,7,7,7,7,6.27535485569222,7.01752558584853,14,14,14.7903847353393,10.6541925826856
35,7,7,7,7,6.27535485569222,7.01752558584853,14,14,14.7903847353393,10.6541925826856
35.1,7,7,7,7,6.27535485569222,7.01752558584853,14,14,14.7903847353393,10.6541925826856
35.2,7,7,7,7,6.27535485569222,7.01752558584853,14,14,14.7903847353393,10.6541925826856
35.3,7,7,7,7,6.27535485569222,7.01752558584853,14,14,14.7903847353393,10.6541925826856
35.4,7,7,7,7,6.27535485569222,7.01752558584853,14,14,14.7903847353393,10.6541925826856
35.5,7,7,7,7,6.27535485569222,7.01752558584853,14,14,14.7903847353393,10.6541925826856
35.6,7,7,7,7,6.27535485569222,7.01752558584853,14,14,14.7903847353393,10.6541925826856
35.7,7,7,7,7,6.27535485569222,7.01752558584853,14,14,14.7903847353393,10.6541925826856
35.8,7,7,7,7,6.27535485569222,7.01752558584853,14,14,14.7903847353393,10.6541925826856
35.9,7,7,7,7,6.27535485569222,7.01752558584853,14,14,14.7903847353393,10.6541925826856
36,7,7,7,7,6.27535485569222,7.01752558584853,14,14,14.7903847353393,10.6541925826856
36.1,7,7,7,7,6.27535485569222,7.01752558584853,14,14,14.7903847353393,10.6541925826856
36.2,7,7,7,7,6.27535485569222,7.01752558584853,14,14,14.7903847353393,10.6541925826856
36.3,7,7,7,7,6.27535485569222,7.01752558584853,14,14,14.7903847353393,10.6541925826856
36.4,7,7,7,7,6.27535485569222,7.01752558584853,14,14,14.7903847353393,10.6541925826856
36.5,7,7,7,7,6.27535485569222,7.01752558584853,14,14,14.7903847353393,10.6541925826856
36.6,7,7,7,7,6.27535485569222,7.01752558584853,14,14,14.7903847353393,10.6541925826856
36.7,7,7,7,7,6.27535485569222,7.01752558584853,14,14,14.7903847353393,10.6541925826856
36.8,7,7,7,7,6.27535485569222,7.01752558584853,14,14,14.7903847353393,10.6541925826856
36.9,7,7,7,7,6.27535485569222,7.01752558584853,14,14,14.7903847353393,10.6541925826856
37,7,7,7,7,6.27535485569222,7.01752558584853,14,14,14.7903847353393,10.6541925826856
37.1,7,7,7,7,6.27535485569222,7.01752558584853,14,14,14.7903847353393,10.6541925826856
37.2,7,7,7,7,6.27535485569222,7.01752558584853,14,14,14.7903847353393,10.6541925826856
37.3,7,7,7,7,6.27535485569222,7.01752558584853,14,14,14.7903847353393,10.6541925826856
37.4,7,7,7,7,6.27535485569222,7.01752558584853,14,14,14.7903847353393,10.6541925826856
37.5,7,7,7,7,6.27535485569222,7.01752558584853,14,14,14.7903847353393,10.6541925826856
37.6,7,7,7,7,6.27535485569222,7.01752558584853,14,14,14.7903847353393,10.6541925826856
37.7,7,7,7,7,6.27535485569222,7.01752558584853,14,14,14.7903847353393,10.6541925826856
37.8,7,7,7,7,6.27535485569222,7.01752558584853,14,14,14.7903847353393,10.6541925826856
37.9,7,7,7,7,6.27535485569222,7.01752558584853,14,14,14.7903847353393,10.6541925826856
38,7,7,7,7,6.27535485569222,7.01752558584853,14,14,14.7903847353393,10.6541925826856
38.1,7,7,7,7,6.27535485569222,7.01752558584853,14,14,14.7903847353393,10.6541925826856
38.2,7,7,7,7,6.27535485569222,7.01752558584853,14,14,14.7903847353393,10.6541925826856
38.3,7,7,7,7,6.27535485569222,7.01752558584853,14,14,14.7903847353393,10.6541925826856
38.4,7,7,7,7,6.27535485569222,7.01752558584853,14,14,14.7903847353393,10.6541925826856
38.5,7,7,7,7,6.27535485569222,7.01752558584853,14,14,14.7903847353393,10.6541925826856
38.6,7,7,7,7,6.27535485569222,7.01752558584853,14,14,14.7903847353393,10.6541925826856
38.7,7,7,7,7,6.27535485569222,7.01752558584853,14,14,14.7903847353393,10.6541925826856
38.8,7,7,7,7,6.27535485569222,7.01752558584853,14,14,14.7903847353393,10.6541925826856
38.9,7,7,7,7,6.27535485569222,7.01752558584853,14,14,14.7903847353393,10.6541925826856
39,7,7,7,7,6.27535485569222,7.01752558584853,14,14,14.7903847353393,10.6541925826856
39.1,7,7,7,7,6.27535485569222,7.01752558584853,14,14,14.7903847353393,10.6541925826856
39.2,7,7,7,7,6.27535485569222,7.01752558584853,14,14,14.7903847353393,10.6541925826856
39.3,7,7,7,7,6.27535485569222,7.01752558584853,14,14,14.7903847353393,10.6541925826856
39.4,7,7,7,7,6.27535485569222,7.01752558584853,14,14,14.7903847353393,10.6541925826856
39.5,7,7,7,7,6.27535485569222,7.01752558584853,14,14,14.7903847353393,10.6541925826856
39.6,7,7,7,7,6.27535485569222,7.01752558584853,14,14,14.7903847353393,10.6541925826856
39.7,7,7,7,7,6.27535485569222,7.01752558584853,14,14,14.7903847353393,10.6541925826856
39.8,7,7,7,7,6.27535485569222,7.01752558584853,14,14,14.7903847353393,10.6541925826856
39.9,7,7,7,7,6.27535485569222,7.01752558584853,14,14,14.7903847353393,10.6541925826856
40,7,7,7,7,6.27535485569222,7.01752558584853,14,14,14.7903847353393,10.6541925826856
40.1,7,7,7,7,6.27535485569222,7.01752558584853,14,14,14.7903847353393,10.6541925826856
40.2,7,7,7,7,6.27535485569222,7.01752558584853,14,14,14.7903847353393,10.6541925826856
40.3,7,7,7,7,6.27535485569222,7.01752558584853,14,14,14.7903847353393,10.6541925826856
40.4,7,7,7,7,6.27535485569222,7.01752558584853,14,14,14.7903847353393,10.6541925826856
40.5,7,7,7,7,6.27535485569222,7.01752558584853,14,14,14.7903847353393,10.6541925826856
40.6,7,7,7,7,6.27535485569222,7.01752558584853,14,14,14.7903847353393,10.6541925826856
40.7,7,7,7,7,6.27535485569222,7.01752558584853,14,14,14.7903847353393,10.6541925826856
40.8,7,7,7,7,6.27535485569222,7.01752558584853,14,14,14.7903847353393,10.6541925826856
40.9,7,7,7,7,6.27535485569222,7.01752558584853,14,14,14.7903847353393,10.6541925826856
41,7,7,7,7,6.27535485569222,7.01752558584853,14,14,14.7903847353393,10.6541925826856
41.1,7,7,7,7,6.27535485569222,7.01752558584853,14,14,14.7903847353393,10.6541925826856
41.2,7,7,7,7,6.27535485569222,7.01752558584853,14,14,14.7903847353393,10.6541925826856
41.3,7,7,7,7,6.27535485569222,7.01752558584853,14,14,14.7903847353393,10.6541925826856
41.4,7,7,7,7,6.27535485569222,7.01752558584853,14,14,14.7903847353393,10.6541925826856
41.5,7,7,7,7,6.27535485569222,7.01752558584853,14,14,14.7903847353393,10.6541925826856
41.6,7,7,7,7,6.27535485569222,7.01752558584853,14,14,14.7903847353393,10.6541925826856
41.7,7,7,7,7,6.27535485569222,7.01752558584853,14,14,14.7903847353393,10.6541925826856
41.8,7,7,7,7,6.27535485569222,7.01752558584853,14,14,14.7903847353393,10.6541925826856
41.9,7,7,7,7,6.27535485569222,7.01752558584853,14,14,14.7903847353393,10.6541925826856
42,7,7,7,7,6.27535485569222,7.01752558584853,14,14,14.7903847353393,10.6541925826856
42.1,7,7,7,7,6.27535485569222,7.01752558584853,14,14,14.7903847353393,10.6541925826856
42.2,7,7,7,7,6.27535485569222,7.01752558584853,14,14,14.7903847353393,10.6541925826856
42.3,7,7,7,7,6.27535485569222,7.01752558584853,14,14,14.7903847353393,10.6541925826856
42.4,7,7,7,7,6.27535485569222,7.01752558584853,14,14,14.7903847353393,10.6541925826856
42.5,7,7,7,7,6.27535485569222,7.01752558584853,14,14,14.7903847353393,10.6541925826856
42.6,7,7,7,7,6.27535485569222,7.01752558584853,14,14,14.7903847353393,10.6541925826856
42.7,7,7,7,7,6.27535485569222,7.01752558584853,14,14,14.7903847353393,10.6541925826856
42.8,7,7,7,7,6.27535485569222,7.01752558584853,14,14,14.7903847353393,10.6541925826856
42.9,7,7,7,7,6.27535485569222,7.01752558584853,14,14,14.7903847353393,10.6541925826856
43,7,7,7,7,6.27535485569222,7.01752558584853,14,14,14.7903847353393,10.6541925826856
43.1,7,7,7,7,6.27535485569222,7.01752558584853,14,14,14.7903847353393,10.6541925826856
43.2,7,7,7,7,6.27535485569222,7.01752558584853,14,14,14.7903847353393,10.6541925826856
43.3,7,7,7,7,6.27535485569222,7.01752558584853,14,14,14.7903847353393,10.6541925826856
43.4,7,7,7,7,6.27535485569222,7.01752558584853,14,14,14.7903847353393,10.6541925826856
43.5,7,7,7,7,6.27535485569222,7.01752558584853,14,14,14.7903847353393,10.6541925826856
43.6,7,7,7,7,6.27535485569222,7.01752558584853,14,14,14.7903847353393,10.6541925826856
43.7,7,7,7,7,6.27535485569222,7.01752558584853,14,14,14.7903847353393,10.6541925826856
43.8,7,7,7,7,6.27535485569222,7.01752558584853,14,14,14.7903847353393,10.6541925826856
43.9,7,7,7,7,6.27535485569222,7.01752558584853,14,14,14.7903847353393,10.6541925826856
44,7,7,7,7,6.27535485569222,7.01752558584853,14,14,14.7903847353393,10.6541925826856
44.1,7,7,7,7,6.27535485569222,7.01752558584853,14,14,14.7903847353393,10.6541925826856
44.2,7,7,7,7,6.27535485569222,7.01752558584853,14,14,14.7903847353393,10.6541925826856
44.3,7,7,7,7,6.27535485569222,7.01752558584853,14,14,14.7903847353393,10.6541925826856
44.4,7,7,7,7,6.27535485569222,7.01752558584853,14,14,14.7903847353393,10.6541925826856
44.5,7,7,7,7,6.27535485569222,7.01752558584853,14,14,14.7903847353393,10.6541925826856
44.6,7,7,7,7,6.27535485569222,7.01752558584853,14,14,14.7903847353393,10.6541925826856
44.7,7,7,7,7,6.27535485569222,7.01752558584853,14,14,14.7903847353393,10.6541925826856
44.8,7,7,7,7,6.27535485569222,7.01752558584853,14,14,14.7903847353393,10.6541925826856
44.9,7,7,7,7,6.27535485569222,7.01752558584853,14,14,14.7903847353393,10.6541925826856
45,7,7,7,7,6.27535485569222,7.01752558584853,14,14,14.7903847353393,10.6541925826856
45.1,7,7,7,7,6.27535485569222,7.01752558584853,14,14,14.7903847353393,10.6541925826856
45.2,7,7,7,7,6.27535485569222,7.01752558584853,14,14,14.7903847353393,10.6541925826856
45.3,7,7,7,7,6.27535485569222,7.01752558584853,14,14,14.7903847353393,10.6541925826856
45.4,7,7,7,7,6.27535485569222,7.01752558584853,14,14,14.7903847353393,10.6541925826856
45.5,7,7,7,7,6.27535485569222,7.01752558584853,14,14,14.7903847353393,10.6541925826856
45.6,7,7,7,7,6.27535485569222,7.01752558584853,14,14,14.7903847353393,10.6541925826856
45.7,7,7,7,7,6.27535485569222,7.01752558584853,14,14,14.7903847353393,10.6541925826856
45.8,7,7,7,7,6.27535485569222,7.01752558584853,14,14,14.7903847353393,10.6541925826856
45.9,7,7,7,7,6.27535485569222,7.01752558584853,14,14,14.7903847353393,10.6541925826856
46,7,7,7,7,6.27535485569222,7.01752558584853,14,14,14.7903847353393,10.6541925826856
46.1,7,7,7,7,6.27535485569222,7.01752558584853,14,14,14.7903847353393,10.6541925826856
46.2,7,7,7,7,6.27535485569222,7.01752558584853,14,14,14.7903847353393,10.6541925826856
46.3,7,7,7,7,6.27535485569222,7.01752558584853,14,14,14.7903847353393,10.6541925826856
46.4,7,7,7,7,6.27535485569222,7.01752558584853,14,14,14.7903847353393,10.6541925826856
46.5,7,7,7,7,6.27535485569222,7.01752558584853,14,14,14.7903847353393,10.6541925826856
46.6,7,7,7,7,6.27535485569222,7.01752558584853,14,14,14.7903847353393,10.6541925826856
46.7,7,7,7,7,6.27535485569222,7.01752558584853,14,14,14.7903847353393,10.6541925826856
46.8,7,7,7,7,6.27535485569222,7.01752558584853,14,14,14.7903847353393,10.6541925826856
46.9,7,7,7,7,6.27535485569222,7.01752558584853,14,14,14.7903847353393,10.6541925826856
47,7,7,7,7,6.27535485569222,7.01752558584853,14,14,14.7903847353393,10.6541925826856
47.1,7,7,7,7,6.27535485569222,7.01752558584853,14,14,14.7903847353393,10.6541925826856
47.2,7,7,7,7,6.27535485569222,7.01752558584853,14,14,14.7903847353393,10.6541925826856
47.3,7,7,7,7,6.27535485569222,7.01752558584853,14,14,14.7903847353393,10.6541925826856
47.4,7,7,7,7,6.27535485569222,7.01752558584853,14,14,14.7903847353393,10.6541925826856
47.5,7,7,7,7,6.27535485569222,7.01752558584853,14,14,14.7903847353393,10.6541925826856
47.6,7,7,7,7,6.27535485569222,7.01752558584853,14,14,14.7903847353393,10.6541925826856
47.7,7,7,7,7,6.27535485569222,7.01752558584853,14,14,14.7903847353393,10.6541925826856
47.8,7,7,7,7,6.27535485569222,7.01752558584853,14,14,14.7903847353393,10.6541925826856
47.9,7,7,7,7,6.27535485569222,7.01752558584853,14,14,14.7903847353393,10.6541925826856
48,7,7,7,7,6.27535485569222,7.01752558584853,14,14,14.7903847353393,10.6541925826856
48.1,7,7,7,7,6.27535485569222,7.01752558584853,14,14,14.7903847353393,10.6541925826856
48.2,7,7,7,7,6.27535485569222,7.01752558584853,14,14,14.7903847353393,10.6541925826856
48.3,7,7,7,7,6.27535485569222,7.01752558584853,14,14,14.7903847353393,10.6541925826856
48.4,7,7,7,7,6.27535485569222,7.01752558584853,14,14,14.7903847353393,10.6541925826856
48.5,7,7,7,7,6.27535485569222,7.01752558584853,14,14,14.7903847353393,10.6541925826856
48.6,7,7,7,7,6.27535485569222,7.01752558584853,14,14,14.7903847353393,10.6541925826856
48.7,7,7,7,7,6.27535485569222,7.01752558584853,14,14,14.7903847353393,10.6541925826856
48.8,7,7,7,7,6.27535485569222,7.01752558584853,14,14,14.7903847353393,10.6541925826856
48.9,7,7,7,7,6.27535485569222,7.01752558584853,14,14,14.7903847353393,10.6541925826856
49,7,7,7,7,6.27535485569222,7.01752558584853,14,14,14.7903847353393,10.6541925826856
49.1,7,7,7,7,6.27535485569222,7.01752558584853,14,14,14.7903847353393,10.6541925826856
49.2,7,7,7,7,6.27535485569222,7.01752558584853,14,14,14.7903847353393,10.6541925826856
49.3,7,7,7,7,6.27535485569222,7.01752558584853,14,14,14.7903847353393,10.6541925826856
49.4,7,7,7,7,6.27535485569222,7.01752558584853,14,14,14.7903847353393,10.6541925826856
49.5,7,7,7,7,6.27535485569222,7.01752558584853,14,14,14.7903847353393,10.6541925826856
49.6,7,7,7,7,6.27535485569222,7.01752558584853,14,14,14.7903847353393,10.6541925826856
49.7,7,7,7,7,6.27535485569222,7.01752558584853,14,14,14.7903847353393,10.6541925826856
49.8,7,7,7,7,6.27535485569222,7.01752558584853,14,14,14.7903847353393,10.6541925826856
49.9,7,7,7,7,6.27535485569222,7.01752558584853,14,14,14.7903847353393,10.6541925826856
50,7,7,7,7,6.27535485569222,7.01752558584853,14,14,14.7903847353393,10.6541925826856
50.1,7,7,7,7,6.27535485569222,7.01752558584853,14,14,14.7903847353393,10.6541925826856
50.2,7,7,7,7,6.27535485569222,7.01752558584853,14,14,14.7903847353393,10.6541925826856
50.3,7,7,7,7,6.27535485569222,7.01752558584853,14,14,14.7903847353393,10.6541925826856
50.4,7,7,7,7,6.27535485569222,7.01752558584853,14,14,14.7903847353393,10.6541925826856
50.5,7,7,7,7,6.27535485569222,7.01752558584853,14,14,14.7903847353393,10.6541925826856
50.6,7,7,7,7,6.27535485569222,7.01752558584853,14,14,14.7903847353393,10.6541925826856
50.7,7,7,7,7,6.27535485569222,7.01752558584853,14,14,14.7903847353393,10.6541925826856
50.8,7,7,7,7,6.27535485569222,7.01752558584853,14,14,14.7903847353393,10.6541925826856
50.9,7,7,7,7,6.27535485569222,7.01752558584853,14,14,14.7903847353393,10.6541925826856
51,7,7,7,7,6.27535485569222,7.01752558584853,14,14,14.7903847353393,10.6541925826856
51.1,7,7,7,7,6.27535485569222,7.01752558584853,14,14,14.7903847353393,10.6541925826856
51.2,7,7,7,7,6.27535485569222,7.01752558584853,14,14,14.7903847353393,10.6541925826856
51.3,7,7,7,7,6.27535485569222,7.01752558584853,14,14,14.7903847353393,10.6541925826856
51.4,7,7,7,7,6.27535485569222,7.01752558584853,14,14,14.7903847353393,10.6541925826856
51.5,7,7,7,7,6.27535485569222,7.01752558584853,14,14,14.7903847353393,10.6541925826856
51.6,7,7,7,7,6.27535485569222,7.01752558584853,14,14,14.7903847353393,10.6541925826856
51.7,7,7,7,7,6.27535485569222,7.01752558584853,14,14,14.7903847353393,10.6541925826856
51.8,7,7,7,7,6.27535485569222,7.01752558584853,14,14,14.7903847353393,10.6541925826856
51.9,7,7,7,7,6.27535485569222,7.01752558584853,14,14,14.7903847353393,10.6541925826856
52,7,7,7,7,6.27535485569222,7.01752558584853,14,14,14.7903847353393,10.6541925826856
52.1,7,7,7,7,6.27535485569222,7.01752558584853,14,14,14.7903847353393,10.6541925826856
52.2,7,7,7,7,6.27535485569222,7.01752558584853,14,14,14.7903847353393,10.6541925826856
52.3,7,7,7,7,6.27535485569222,7.01752558584853,14,14,14.7903847353393,10.6541925826856
52.4,7,7,7,7,6.27535485569222,7.01752558584853,14,14,14.7903847353393,10.6541925826856
52.5,7,7,7,7,6.27535485569222,7.01752558584853,14,14,14.7903847353393,10.6541925826856
52.6,7,7,7,7,6.27535485569222,7.01752558584853,14,14,14.7903847353393,10.6541925826856
52.7,7,7,7,7,6.27535485569222,7.01752558584853,14,14,14.7903847353393,10.6541925826856
52.8,7,7,7,7,6.27535485569222,7.01752558584853,14,14,14.7903847353393,10.6541925826856
52.9,7,7,7,7,6.27535485569222,7.01752558584853,14,14,14.7903847353393,10.6541925826856
53,7,7,7,7,6.27535485569222,7.01752558584853,14,14,14.7903847353393,10.6541925826856
53.1,7,7,7,7,6.27535485569222,7.01752558584853,14,14,14.7903847353393,10.6541925826856
53.2,7,7,7,7,6.27535485569222,7.01752558584853,14,14,14.7903847353393,10.6541925826856
53.3,7,7,7,7,6.27535485569222,7.01752558584853,14,14,14.7903847353393,10.6541925826856
53.4,7,7,7,7,6.27535485569222,7.01752558584853,14,14,14.7903847353393,10.6541925826856
53.5,7,7,7,7,6.27535485569222,7.01752558584853,14,14,14.7903847353393,10.6541925826856
53.6,7,7,7,7,6.27535485569222,7.01752558584853,14,14,14.7903847353393,10.6541925826856
53.7,7,7,7,7,6.27535485569222,7.01752558584853,14,14,14.7903847353393,10.6541925826856
53.8,7,7,7,7,6.27535485569222,7.01752558584853,14,14,14.7903847353393,10.6541925826856
53.9,7,7,7,7,6.27535485569222,7.01752558584853,14,14,14.7903847353393,10.6541925826856
54,7,7,7,7,6.27535485569222,7.01752558584853,14,14,14.7903847353393,10.6541925826856
54.1,7,7,7,7,6.27535485569222,7.01752558584853,14,14,14.7903847353393,10.6541925826856
54.2,7,7,7,7,6.27535485569222,7.01752558584853,14,14,14.7903847353393,10.6541925826856
54.3,7,7,7,7,6.27535485569222,7.01752558584853,14,14,14.7903847353393,10.6541925826856
54.4,7,7,7,7,6.27535485569222,7.01752558584853,14,14,14.7903847353393,10.6541925826856
54.5,7,7,7,7,6.27535485569222,7.01752558584853,14,14,14.7903847353393,10.6541925826856
54.6,7,7,7,7,6.27535485569222,7.01752558584853,14,14,14.7903847353393,10.6541925826856
54.7,7,7,7,7,6.27535485569222,7.01752558584853,14,14,14.7903847353393,10.6541925826856
54.8,7,7,7,7,6.27535485569222,7.01752558584853,14,14,14.7903847353393,10.6541925826856
54.9,7,7,7,7,6.27535485569222,7.01752558584853,14,14,14.7903847353393,10.6541925826856
55,7,7,7,7,6.27535485569222,7.01752558584853,14,14,14.7903847353393,10.6541925826856
55.1,7,7,7,7,6.27535485569222,7.01752558584853,14,14,14.7903847353393,10.6541925826856
55.2,7,7,7,7,6.27535485569222,7.01752558584853,14,14,14.7903847353393,10.6541925826856
55.3,7,7,7,7,6.27535485569222,7.01752558584853,14,14,14.7903847353393,10.6541925826856
55.4,7,7,7,7,6.27535485569222,7.01752558584853,14,14,14.7903847353393,10.6541925826856
55.5,7,7,7,7,6.27535485569222,7.01752558584853,14,14,14.7903847353393,10.6541925826856
55.6,7,7,7,7,6.27535485569222,7.01752558584853,14,14,14.7903847353393,10.6541925826856
55.7,7,7,7,7,6.27535485569222,7.01752558584853,14,14,14.7903847353393,10.6541925826856
55.8,7,7,7,7,6.27535485569222,7.01752558584853,14,14,14.7903847353393,10.6541925826856
55.9,7,7,7,7,6.27535485569222,7.01752558584853,14,14,14.7903847353393,10.6541925826856
56,7,7,7,7,6.27535485569222,7.01752558584853,14,14,14.7903847353393,10.6541925826856
56.1,7,7,7,7,6.27535485569222,7.01752558584853,14,14,14.7903847353393,10.6541925826856
56.2,7,7,7,7,6.27535485569222,7.01752558584853,14,14,14.7903847353393,10.6541925826856
56.3,7,7,7,7,6.27535485569222,7.01752558584853,14,14,14.7903847353393,10.6541925826856
56.4,7,7,7,7,6.27535485569222,7.01752558584853,14,14,14.7903847353393,10.6541925826856
56.5,7,7,7,7,6.27535485569222,7.01752558584853,14,14,14.7903847353393,10.6541925826856
56.6,7,7,7,7,6.27535485569222,7.01752558584853,14,14,14.7903847353393,10.6541925826856
56.7,7,7,7,7,6.27535485569222,7.01752558584853,14,14,14.7903847353393,10.6541925826856
56.8,7,7,7,7,6.27535485569222,7.01752558584853,14,14,14.7903847353393,10.6541925826856
56.9,7,7,7,7,6.27535485569222,7.01752558584853,14,14,14.7903847353393,10.6541925826856
57,7,7,7,7,6.27535485569222,7.01752558584853,14,14,14.7903847353393,10.6541925826856
57.1,7,7,7,7,6.27535485569222,7.01752558584853,14,14,14.7903847353393,10.6541925826856
57.2,7,7,7,7,6.27535485569222,7.01752558584853,14,14,14.7903847353393,10.6541925826856
57.3,7,7,7,7,6.27535485569222,7.01752558584853,14,14,14.7903847353393,10.6541925826856
57.4,7,7,7,7,6.27535485569222,7.01752558584853,14,14,14.7903847353393,10.6541925826856
57.5,7,7,7,7,6.27535485569222,7.01752558584853,14,14,14.7903847353393,10.6541925826856
57.6,7,7,7,7,6.27535485569222,7.01752558584853,14,14,14.7903847353393,10.6541925826856
57.7,7,7,7,7,6.27535485569222,7.01752558584853,14,14,14.7903847353393,10.6541925826856
57.8,7,7,7,7,6.27535485569222,7.01752558584853,14,14,14.7903847353393,10.6541925826856
57.9,7,7,7,7,6.27535485569222,7.01752558584853,14,14,14.7903847353393,10.6541925826856
58,7,7,7,7,6.27535485569222,7.01752558584853,14,14,14.7903847353393,10.6541925826856
58.1,7,7,7,7,6.27535485569222,7.01752558584853,14,14,14.7903847353393,10.6541925826856
58.2,7,7,7,7,6.27535485569222,7.01752558584853,14,14,14.7903847353393,10.6541925826856
58.3,7,7,7,7,6.27535485569222,7.01752558584853,14,14,14.7903847353393,10.6541925826856
58.4,7,7,7,7,6.27535485569222,7.01752558584853,14,14,14.7903847353393,10.6541925826856
58.5,7,7,7,7,6.27535485569222,7.01752558584853,14,14,14.7903847353393,10.6541925826856
58.6,7,7,7,7,6.27535485569222,7.01752558584853,14,14,14.7903847353393,10.6541925826856
58.7,7,7,7,7,6.27535485569222,7.01752558584853,14,14,14.7903847353393,10.6541925826856
58.8,7,7,7,7,6.27535485569222,7.01752558584853,14,14,14.7903847353393,10.6541925826856
58.9,7,7,7,7,6.27535485569222,7.01752558584853,14,14,14.7903847353393,10.6541925826856
59,7,7,7,7,6.27535485569222,7.01752558584853,14,14,14.7903847353393,10.6541925826856
59.1,7,7,7,7,6.27535485569222,7.01752558584853,14,14,14.7903847353393,10.6541925826856
59.2,7,7,7,7,6.27535485569222,7.01752558584853,14,14,14.7903847353393,10.6541925826856
59.3,7,7,7,7,6.27535485569222,7.01752558584853,14,14,14.7903847353393,10.6541925826856
59.4,7,7,7,7,6.27535485569222,7.01752558584853,14,14,14.7903847353393,10.6541925826856
59.5,7,7,7,7,6.27535485569222,7.01752558584853,14,14,14.7903847353393,10.6541925826856
59.6,7,7,7,7,6.27535485569222,7.01752558584853,14,14,14.7903847353393,10.6541925826856
59.7,7,7,7,7,6.27535485569222,7.01752558584853,14,14,14.7903847353393,10.6541925826856
59.8,7,7,7,7,6.27535485569222,7.01752558584853,14,14,14.7903847353393,10.6541925826856
59.9,7,7,7,7,6.27535485569222,7.01752558584853,14,14,14.7903847353393,10.6541925826856
60,7,7,7,7,6.27535485569222,7.01752558584853,14,14,14.7903847353393,10.6541925826856
60.1,7,7,7,7,6.27535485569222,7.01752558584853,14,14,14.7903847353393,10.6541925826856
60.2,7,7,7,7,6.27535485569222,7.01752558584853,14,14,14.7903847353393,10.6541925826856
60.3,7,7,7,7,6.27535485569222,7.01752558584853,14,14,14.7903847353393,10.6541925826856
60.4,7,7,7,7,6.27535485569222,7.01752558584853,14,14,14.7903847353393,10.6541925826856
60.5,7,7,7,7,6.27535485569222,7.01752558584853,14,14,14.7903847353393,10.6541925826856
60.6,7,7,7,7,6.27535485569222,7.01752558584853,14,14,14.7903847353393,10.6541925826856
60.7,7,7,7,7,6.27535485569222,7.01752558584853,14,14,14.7903847353393,10.6541925826856
60.8,7,7,7,7,6.27535485569222,7.01752558584853,14,14,14.7903847353393,10.6541925826856
60.9,7,7,7,7,6.27535485569222,7.01752558584853,14,14,14.7903847353393,10.6541925826856
61,7,7,7,7,6.27535485569222,7.01752558584853,14,14,14.7903847353393,10.6541925826856
61.1,7,7,7,7,6.27535485569222,7.01752558584853,14,14,14.7903847353393,10.6541925826856
61.2,7,7,7,7,6.27535485569222,7.01752558584853,14,14,14.7903847353393,10.6541925826856
61.3,7,7,7,7,6.27535485569222,7.01752558584853,14,14,14.7903847353393,10.6541925826856
61.4,7,7,7,7,6.27535485569222,7.01752558584853,14,14,14.7903847353393,10.6541925826856
61.5,7,7,7,7,6.27535485569222,7.01752558584853,14,14,14.7903847353393,10.6541925826856
61.6,7,7,7,7,6.27535485569222,7.01752558584853,14,14,14.7903847353393,10.6541925826856
61.7,7,7,7,7,6.27535485569222,7.01752558584853,14,14,14.7903847353393,10.6541925826856
61.8,7,7,7,7,6.27535485569222,7.01752558584853,14,14,14.7903847353393,10.6541925826856
61.9,7,7,7,7,6.27535485569222,7.01752558584853,14,14,14.7903847353393,10.6541925826856
62,7,7,7,7,6.27535485569222,7.01752558584853,14,14,14.7903847353393,10.6541925826856
62.1,7,7,7,7,6.27535485569222,7.01752558584853,14,14,14.7903847353393,10.6541925826856
62.2,7,7,7,7,6.27535485569222,7.01752558584853,14,14,14.7903847353393,10.6541925826856
62.3,7,7,7,7,6.27535485569222,7.01752558584853,14,14,14.7903847353393,10.6541925826856
62.4,7,7,7,7,6.27535485569222,7.01752558584853,14,14,14.7903847353393,10.6541925826856
62.5,7,7,7,7,6.27535485569222,7.01752558584853,14,14,14.7903847353393,10.6541925826856
62.6,7,7,7,7,6.27535485569222,7.01752558584853,14,14,14.7903847353393,10.6541925826856
62.7,7,7,7,7,6.27535485569222,7.01752558584853,14,14,14.7903847353393,10.6541925826856
62.8,7,7,7,7,6.27535485569222,7.01752558584853,14,14,14.7903847353393,10.6541925826856
62.9,7,7,7,7,6.27535485569222,7.01752558584853,14,14,14.7903847353393,10.6541925826856
63,7,7,7,7,6.27535485569222,7.01752558584853,14,14,14.7903847353393,10.6541925826856
63.1,7,7,7,7,6.27535485569222,7.01752558584853,14,14,14.7903847353393,10.6541925826856
63.2,7,7,7,7,6.27535485569222,7.01752558584853,14,14,14.7903847353393,10.6541925826856
63.3,7,7,7,7,6.27535485569222,7.01752558584853,14,14,14.7903847353393,10.6541925826856
63.4,7,7,7,7,6.27535485569222,7.01752558584853,14,14,14.7903847353393,10.6541925826856
63.5,7,7,7,7,6.27535485569222,7.01752558584853,14,14,14.7903847353393,10.6541925826856
63.6,7,7,7,7,6.27535485569222,7.01752558584853,14,14,14.7903847353393,10.6541925826856
63.7,7,7,7,7,6.27535485569222,7.01752558584853,14,14,14.7903847353393,10.6541925826856
63.8,7,7,7,7,6.27535485569222,7.01752558584853,14,14,14.7903847353393,10.6541925826856
63.9,7,7,7,7,6.27535485569222,7.01752558584853,14,14,14.7903847353393,10.6541925826856
64,7,7,7,7,6.27535485569222,7.01752558584853,14,14,14.7903847353393,10.6541925826856
64.1,7,7,7,7,6.27535485569222,7.01752558584853,14,14,14.7903847353393,10.6541925826856
64.2,7,7,7,7,6.27535485569222,7.01752558584853,14,14,14.7903847353393,10.6541925826856
64.3,7,7,7,7,6.27535485569222,7.01752558584853,14,14,14.7903847353393,10.6541925826856
64.4,7,7,7,7,6.27535485569222,7.01752558584853,14,14,14.7903847353393,10.6541925826856
64.5,7,7,7,7,6.27535485569222,7.01752558584853,14,14,14.7903847353393,10.6541925826856
64.6,7,7,7,7,6.27535485569222,7.01752558584853,14,14,14.7903847353393,10.6541925826856
64.7,7,7,7,7,6.27535485569222,7.01752558584853,14,14,14.7903847353393,10.6541925826856
64.8,7,7,7,7,6.27535485569222,7.01752558584853,14,14,14.7903847353393,10.6541925826856
64.9,7,7,7,7,6.27535485569222,7.01752558584853,14,14,14.7903847353393,10.6541925826856
65,7,7,7,7,6.27535485569222,7.01752558584853,14,14,14.7903847353393,10.6541925826856
65.1,7,7,7,7,6.27535485569222,7.01752558584853,14,14,14.7903847353393,10.6541925826856
65.2,7,7,7,7,6.27535485569222,7.01752558584853,14,14,14.7903847353393,10.6541925826856
65.3,7,7,7,7,6.27535485569222,7.01752558584853,14,14,14.7903847353393,10.6541925826856
65.4,7,7,7,7,6.27535485569222,7.01752558584853,14,14,14.7903847353393,10.6541925826856
65.5,7,7,7,7,6.27535485569222,7.01752558584853,14,14,14.7903847353393,10.6541925826856
65.6,7,7,7,7,6.27535485569222,7.01752558584853,14,14,14.7903847353393,10.6541925826856
65.7,7,7,7,7,6.27535485569222,7.01752558584853,14,14,14.7903847353393,10.6541925826856
65.8,7,7,7,7,6.27535485569222,7.01752558584853,14,14,14.7903847353393,10.6541925826856
65.9,7,7,7,7,6.27535485569222,7.01752558584853,14,14,14.7903847353393,10.6541925826856
66,7,7,7,7,6.27535485569222,7.01752558584853,14,14,14.7903847353393,10.6541925826856
66.1,7,7,7,7,6.27535485569222,7.01752558584853,14,14,14.7903847353393,10.6541925826856
66.2,7,7,7,7,6.27535485569222,7.01752558584853,14,14,14.7903847353393,10.6541925826856
66.3,7,7,7,7,6.27535485569222,7.01752558584853,14,14,14.7903847353393,10.6541925826856
66.4,7,7,7,7,6.27535485569222,7.01752558584853,14,14,14.7903847353393,10.6541925826856
66.5,7,7,7,7,6.27535485569222,7.01752558584853,14,14,14.7903847353393,10.6541925826856
66.6,7,7,7,7,6.27535485569222,7.01752558584853,14,14,14.7903847353393,10.6541925826856
66.7,7,7,7,7,6.27535485569222,7.01752558584853,14,14,14.7903847353393,10.6541925826856
66.8,7,7,7,7,6.27535485569222,7.01752558584853,14,14,14.7903847353393,10.6541925826856
66.9,7,7,7,7,6.27535485569222,7.01752558584853,14,14,14.7903847353393,10.6541925826856
67,7,7,7,7,6.27535485569222,7.01752558584853,14,14,14.7903847353393,10.6541925826856
67.1,7,7,7,7,6.27535485569222,7.01752558584853,14,14,14.7903847353393,10.6541925826856
67.2,7,7,7,7,6.27535485569222,7.01752558584853,14,14,14.7903847353393,10.6541925826856
67.3,7,7,7,7,6.27535485569222,7.01752558584853,14,14,14.7903847353393,10.6541925826856
67.4,7,7,7,7,6.27535485569222,7.01752558584853,14,14,14.7903847353393,10.6541925826856
67.5,7,7,7,7,6.27535485569222,7.01752558584853,14,14,14.7903847353393,10.6541925826856
67.6,7,7,7,7,6.27535485569222,7.01752558584853,14,14,14.7903847353393,10.6541925826856
67.7,7,7,7,7,6.27535485569222,7.01752558584853,14,14,14.7903847353393,10.6541925826856
67.8,7,7,7,7,6.27535485569222,7.01752558584853,14,14,14.7903847353393,10.6541925826856
67.9,7,7,7,7,6.27535485569222,7.01752558584853,14,14,14.7903847353393,10.6541925826856
68,7,7,7,7,6.27535485569222,7.01752558584853,14,14,14.7903847353393,10.6541925826856
68.1,7,7,7,7,6.27535485569222,7.01752558584853,14,14,14.7903847353393,10.6541925826856
68.2,7,7,7,7,6.27535485569222,7.01752558584853,14,14,14.7903847353393,10.6541925826856
68.3,7,7,7,7,6.27535485569222,7.01752558584853,14,14,14.7903847353393,10.6541925826856
68.4,7,7,7,7,6.27535485569222,7.01752558584853,14,14,14.7903847353393,10.6541925826856
68.5,7,7,7,7,6.27535485569222,7.01752558584853,14,14,14.7903847353393,10.6541925826856
68.6,7,7,7,7,6.27535485569222,7.01752558584853,14,14,14.7903847353393,10.6541925826856
68.7,7,7,7,7,6.27535485569222,7.01752558584853,14,14,14.7903847353393,10.6541925826856
68.8,7,7,7,7,6.27535485569222,7.01752558584853,14,14,14.7903847353393,10.6541925826856
68.9,7,7,7,7,6.27535485569222,7.01752558584853,14,14,14.7903847353393,10.6541925826856
69,7,7,7,7,6.27535485569222,7.01752558584853,14,14,14.7903847353393,10.6541925826856
69.1,7,7,7,7,6.27535485569222,7.01752558584853,14,14,14.7903847353393,10.6541925826856
69.2,7,7,7,7,6.27535485569222,7.01752558584853,14,14,14.7903847353393,10.6541925826856
69.3,7,7,7,7,6.27535485569222,7.01752558584853,14,14,14.7903847353393,10.6541925826856
69.4,7,7,7,7,6.27535485569222,7.01752558584853,14,14,14.7903847353393,10.6541925826856
69.5,7,7,7,7,6.27535485569222,7.01752558584853,14,14,14.7903847353393,10.6541925826856
69.6,7,7,7,7,6.27535485569222,7.01752558584853,14,14,14.7903847353393,10.6541925826856
69.7,7,7,7,7,6.27535485569222,7.01752558584853,14,14,14.7903847353393,10.6541925826856
69.8,7,7,7,7,6.27535485569222,7.01752558584853,14,14,14.7903847353393,10.6541925826856
69.9,7,7,7,7,6.27535485569222,7.01752558584853,14,14,14.7903847353393,10.6541925826856
70,7,7,7,7,6.27535485569222,7.01752558584853,14,14,14.7903847353393,10.6541925826856
70.1,7,7,7,7,6.27535485569222,7.01752558584853,14,14,14.7903847353393,10.6541925826856
70.2,7,7,7,7,6.27535485569222,7.01752558584853,14,14,14.7903847353393,10.6541925826856
70.3,7,7,7,7,6.27535485569222,7.01752558584853,14,14,14.7903847353393,10.6541925826856
70.4,7,7,7,7,6.27535485569222,7.01752558584853,14,14,14.7903847353393,10.6541925826856
70.5,7,7,7,7,6.27535485569222,7.01752558584853,14,14,14.7903847353393,10.6541925826856
70.6,7,7,7,7,6.27535485569222,7.01752558584853,14,14,14.7903847353393,10.6541925826856
70.7,7,7,7,7,6.27535485569222,7.01752558584853,14,14,14.7903847353393,10.6541925826856
70.8,7,7,7,7,6.27535485569222,7.01752558584853,14,14,14.7903847353393,10.6541925826856
70.9,7,7,7,7,6.27535485569222,7.01752558584853,14,14,14.7903847353393,10.6541925826856
71,7,7,7,7,6.27535485569222,7.01752558584853,14,14,14.7903847353393,10.6541925826856
71.1,7,7,7,7,6.27535485569222,7.01752558584853,14,14,14.7903847353393,10.6541925826856
71.2,7,7,7,7,6.27535485569222,7.01752558584853,14,14,14.7903847353393,10.6541925826856
71.3,7,7,7,7,6.27535485569222,7.01752558584853,14,14,14.7903847353393,10.6541925826856
71.4,7,7,7,7,6.27535485569222,7.01752558584853,14,14,14.7903847353393,10.6541925826856
71.5,7,7,7,7,6.27535485569222,7.01752558584853,14,14,14.7903847353393,10.6541925826856
71.6,7,7,7,7,6.27535485569222,7.01752558584853,14,14,14.7903847353393,10.6541925826856
71.7,7,7,7,7,6.27535485569222,7.01752558584853,14,14,14.7903847353393,10.6541925826856
71.8,7,7,7,7,6.27535485569222,7.01752558584853,14,14,14.7903847353393,10.6541925826856
71.9,7,7,7,7,6.27535485569222,7.01752558584853,14,14,14.7903847353393,10.6541925826856
72,7,7,7,7,6.27535485569222,7.01752558584853,14,14,14.7903847353393,10.6541925826856
72.1,7,7,7,7,6.27535485569222,7.01752558584853,14,14,14.7903847353393,10.6541925826856
72.2,7,7,7,7,6.27535485569222,7.01752558584853,14,14,14.7903847353393,10.6541925826856
72.3,7,7,7,7,6.27535485569222,7.01752558584853,14,14,14.7903847353393,10.6541925826856
72.4,7,7,7,7,6.27535485569222,7.01752558584853,14,14,14.7903847353393,10.6541925826856
72.5,7,7,7,7,6.27535485569222,7.01752558584853,14,14,14.7903847353393,10.6541925826856
72.6,7,7,7,7,6.27535485569222,7.01752558584853,14,14,14.7903847353393,10.6541925826856
72.7,7,7,7,7,6.27535485569222,7.01752558584853,14,14,14.7903847353393,10.6541925826856
72.8,7,7,7,7,6.27535485569222,7.01752558584853,14,14,14.7903847353393,10.6541925826856
72.9,7,7,7,7,6.27535485569222,7.01752558584853,14,14,14.7903847353393,10.6541925826856
73,7,7,7,7,6.27535485569222,7.01752558584853,14,14,14.7903847353393,10.6541925826856
73.1,7,7,7,7,6.27535485569222,7.01752558584853,14,14,14.7903847353393,10.6541925826856
73.2,7,7,7,7,6.27535485569222,7.01752558584853,14,14,14.7903847353393,10.6541925826856
73.3,7,7,7,7,6.27535485569222,7.01752558584853,14,14,14.7903847353393,10.6541925826856
73.4,7,7,7,7,6.27535485569222,7.01752558584853,14,14,14.7903847353393,10.6541925826856
73.5,7,7,7,7,6.27535485569222,7.01752558584853,14,14,14.7903847353393,10.6541925826856
73.6,7,7,7,7,6.27535485569222,7.01752558584853,14,14,14.7903847353393,10.6541925826856
73.7,7,7,7,7,6.27535485569222,7.01752558584853,14,14,14.7903847353393,10.6541925826856
73.8,7,7,7,7,6.27535485569222,7.01752558584853,14,14,14.7903847353393,10.6541925826856
73.9,7,7,7,7,6.27535485569222,7.01752558584853,14,14,14.7903847353393,10.6541925826856
74,7,7,7,7,6.27535485569222,7.01752558584853,14,14,14.7903847353393,10.6541925826856
74.1,7,7,7,7,6.27535485569222,7.01752558584853,14,14,14.7903847353393,10.6541925826856
74.2,7,7,7,7,6.27535485569222,7.01752558584853,14,14,14.7903847353393,10.6541925826856
74.3,7,7,7,7,6.27535485569222,7.01752558584853,14,14,14.7903847353393,10.6541925826856
74.4,7,7,7,7,6.27535485569222,7.01752558584853,14,14,14.7903847353393,10.6541925826856
74.5,7,7,7,7,6.27535485569222,7.01752558584853,14,14,14.7903847353393,10.6541925826856
74.6,7,7,7,7,6.27535485569222,7.01752558584853,14,14,14.7903847353393,10.6541925826856
74.7,7,7,7,7,6.27535485569222,7.01752558584853,14,14,14.7903847353393,10.6541925826856
74.8,7,7,7,7,6.27535485569222,7.01752558584853,14,14,14.7903847353393,10.6541925826856
74.9,7,7,7,7,6.27535485569222,7.01752558584853,14,14,14.7903847353393,10.6541925826856
75,7,7,7,7,6.27535485569222,7.01752558584853,14,14,14.7903847353393,10.6541925826856
75.1,7,7,7,7,6.27535485569222,7.01752558584853,14,14,14.7903847353393,10.6541925826856
75.2,7,7,7,7,6.27535485569222,7.01752558584853,14,14,14.7903847353393,10.6541925826856
75.3,7,7,7,7,6.27535485569222,7.01752558584853,14,14,14.7903847353393,10.6541925826856
75.4,7,7,7,7,6.27535485569222,7.01752558584853,14,14,14.7903847353393,10.6541925826856
75.5,7,7,7,7,6.27535485569222,7.01752558584853,14,14,14.7903847353393,10.6541925826856
75.6,7,7,7,7,6.27535485569222,7.01752558584853,14,14,14.7903847353393,10.6541925826856
75.7,7,7,7,7,6.27535485569222,7.01752558584853,14,14,14.7903847353393,10.6541925826856
75.8,7,7,7,7,6.27535485569222,7.01752558584853,14,14,14.7903847353393,10.6541925826856
75.9,7,7,7,7,6.27535485569222,7.01752558584853,14,14,14.7903847353393,10.6541925826856
76,7,7,7,7,6.27535485569222,7.01752558584853,14,14,14.7903847353393,10.6541925826856
76.1,7,7,7,7,6.27535485569222,7.01752558584853,14,14,14.7903847353393,10.6541925826856
76.2,7,7,7,7,6.27535485569222,7.01752558584853,14,14,14.7903847353393,10.6541925826856
76.3,7,7,7,7,6.27535485569222,7.01752558584853,14,14,14.7903847353393,10.6541925826856
76.4,7,7,7,7,6.27535485569222,7.01752558584853,14,14,14.7903847353393,10.6541925826856
76.5,7,7,7,7,6.27535485569222,7.01752558584853,14,14,14.7903847353393,10.6541925826856
76.6,7,7,7,7,6.27535485569222,7.01752558584853,14,14,14.7903847353393,10.6541925826856
76.7,7,7,7,7,6.27535485569222,7.01752558584853,14,14,14.7903847353393,10.6541925826856
76.8,7,7,7,7,6.27535485569222,7.01752558584853,14,14,14.7903847353393,10.6541925826856
76.9,7,7,7,7,6.27535485569222,7.01752558584853,14,14,14.7903847353393,10.6541925826856
77,7,7,7,7,6.27535485569222,7.01752558584853,14,14,14.7903847353393,10.6541925826856
77.1,7,7,7,7,6.27535485569222,7.01752558584853,14,14,14.7903847353393,10.6541925826856
77.2,7,7,7,7,6.27535485569222,7.01752558584853,14,14,14.7903847353393,10.6541925826856
77.3,7,7,7,7,6.27535485569222,7.01752558584853,14,14,14.7903847353393,10.6541925826856
77.4,7,7,7,7,6.27535485569222,7.01752558584853,14,14,14.7903847353393,10.6541925826856
77.5,7,7,7,7,6.27535485569222,7.01752558584853,14,14,14.7903847353393,10.6541925826856
77.6,7,7,7,7,6.27535485569222,7.01752558584853,14,14,14.7903847353393,10.6541925826856
77.7,7,7,7,7,6.27535485569222,7.01752558584853,14,14,14.7903847353393,10.6541925826856
77.8,7,7,7,7,6.27535485569222,7.01752558584853,14,14,14.7903847353393,10.6541925826856
77.9,7,7,7,7,6.27535485569222,7.01752558584853,14,14,14.7903847353393,10.6541925826856
78,7,7,7,7,6.27535485569222,7.01752558584853,14,14,14.7903847353393,10.6541925826856
78.1,7,7,7,7,6.27535485569222,7.01752558584853,14,14,14.7903847353393,10.6541925826856
78.2,7,7,7,7,6.27535485569222,7.01752558584853,14,14,14.7903847353393,10.6541925826856
78.3,7,7,7,7,6.27535485569222,7.01752558584853,14,14,14.7903847353393,10.6541925826856
78.4,7,7,7,7,6.27535485569222,7.01752558584853,14,14,14.7903847353393,10.6541925826856
78.5,7,7,7,7,6.27535485569222,7.01752558584853,14,14,14.7903847353393,10.6541925826856
78.6,7,7,7,7,6.27535485569222,7.01752558584853,14,14,14.7903847353393,10.6541925826856
78.7,7,7,7,7,6.27535485569222,7.01752558584853,14,14,14.7903847353393,10.6541925826856
78.8,7,7,7,7,6.27535485569222,7.01752558584853,14,14,14.7903847353393,10.6541925826856
78.9,7,7,7,7,6.27535485569222,7.01752558584853,14,14,14.7903847353393,10.6541925826856
79,7,7,7,7,6.27535485569222,7.01752558584853,14,14,14.7903847353393,10.6541925826856
79.1,7,7,7,7,6.27535485569222,7.01752558584853,14,14,14.7903847353393,10.6541925826856
79.2,7,7,7,7,6.27535485569222,7.01752558584853,14,14,14.7903847353393,10.6541925826856
79.3,7,7,7,7,6.27535485569222,7.01752558584853,14,14,14.7903847353393,10.6541925826856
79.4,7,7,7,7,6.27535485569222,7.01752558584853,14,14,14.7903847353393,10.6541925826856
79.5,7,7,7,7,6.27535485569222,7.01752558584853,14,14,14.7903847353393,10.6541925826856
79.6,7,7,7,7,6.27535485569222,7.01752558584853,14,14,14.7903847353393,10.6541925826856
79.7,7,7,7,7,6.27535485569222,7.01752558584853,14,14,14.7903847353393,10.6541925826856
79.8,7,7,7,7,6.27535485569222,7.01752558584853,14,14,14.7903847353393,10.6541925826856
79.9,7,7,7,7,6.27535485569222,7.01752558584853,14,14,14.7903847353393,10.6541925826856
80,7,7,7,7,6.27535485569222,7.01752558584853,14,14,14.7903847353393,10.6541925826856
80.1,7,7,7,7,6.27535485569222,7.01752558584853,14,14,14.7903847353393,10.6541925826856
80.2,7,7,7,7,6.27535485569222,7.01752558584853,14,14,14.7903847353393,10.6541925826856
80.3,7,7,7,7,6.27535485569222,7.01752558584853,14,14,14.7903847353393,10.6541925826856
80.4,7,7,7,7,6.27535485569222,7.01752558584853,14,14,14.7903847353393,10.6541925826856
80.5,7,7,7,7,6.27535485569222,7.01752558584853,14,14,14.7903847353393,10.6541925826856
80.6,7,7,7,7,6.27535485569222,7.01752558584853,14,14,14.7903847353393,10.6541925826856
80.7,7,7,7,7,6.27535485569222,7.01752558584853,14,14,14.7903847353393,10.6541925826856
80.8,7,7,7,7,6.27535485569222,7.01752558584853,14,14,14.7903847353393,10.6541925826856
80.9,7,7,7,7,6.27535485569222,7.01752558584853,14,14,14.7903847353393,10.6541925826856
81,7,7,7,7,6.27535485569222,7.01752558584853,14,14,14.7903847353393,10.6541925826856
81.1,7,7,7,7,6.27535485569222,7.01752558584853,14,14,14.7903847353393,10.6541925826856
81.2,7,7,7,7,6.27535485569222,7.01752558584853,14,14,14.7903847353393,10.6541925826856
81.3,7,7,7,7,6.27535485569222,7.01752558584853,14,14,14.7903847353393,10.6541925826856
81.4,7,7,7,7,6.27535485569222,7.01752558584853,14,14,14.7903847353393,10.6541925826856
81.5,7,7,7,7,6.27535485569222,7.01752558584853,14,14,14.7903847353393,10.6541925826856
81.6,7,7,7,7,6.27535485569222,7.01752558584853,14,14,14.7903847353393,10.6541925826856
81.7,7,7,7,7,6.27535485569222,7.01752558584853,14,14,14.7903847353393,10.6541925826856
81.8,7,7,7,7,6.27535485569222,7.01752558584853,14,14,14.7903847353393,10.6541925826856
81.9,7,7,7,7,6.27535485569222,7.01752558584853,14,14,14.7903847353393,10.6541925826856
82,7,7,7,7,6.27535485569222,7.01752558584853,14,14,14.7903847353393,10.6541925826856
82.1,7,7,7,7,6.27535485569222,7.01752558584853,14,14,14.7903847353393,10.6541925826856
82.2,7,7,7,7,6.27535485569222,7.01752558584853,14,14,14.7903847353393,10.6541925826856
82.3,7,7,7,7,6.27535485569222,7.01752558584853,14,14,14.7903847353393,10.6541925826856
82.4,7,7,7,7,6.27535485569222,7.01752558584853,14,14,14.7903847353393,10.6541925826856
82.5,7,7,7,7,6.27535485569222,7.01752558584853,14,14,14.7903847353393,10.6541925826856
82.6,7,7,7,7,6.27535485569222,7.01752558584853,14,14,14.7903847353393,10.6541925826856
82.7,7,7,7,7,6.27535485569222,7.01752558584853,14,14,14.7903847353393,10.6541925826856
82.8,7,7,7,7,6.27535485569222,7.01752558584853,14,14,14.7903847353393,10.6541925826856
82.9,7,7,7,7,6.27535485569222,7.01752558584853,14,14,14.7903847353393,10.6541925826856
83,7,7,7,7,6.27535485569222,7.01752558584853,14,14,14.7903847353393,10.6541925826856
83.1,7,7,7,7,6.27535485569222,7.01752558584853,14,14,14.7903847353393,10.6541925826856
83.2,7,7,7,7,6.27535485569222,7.01752558584853,14,14,14.7903847353393,10.6541925826856
83.3,7,7,7,7,6.27535485569222,7.01752558584853,14,14,14.7903847353393,10.6541925826856
83.4,7,7,7,7,6.27535485569222,7.01752558584853,14,14,14.7903847353393,10.6541925826856
83.5,7,7,7,7,6.27535485569222,7.01752558584853,14,14,14.7903847353393,10.6541925826856
83.6,7,7,7,7,6.27535485569222,7.01752558584853,14,14,14.7903847353393,10.6541925826856
83.7,7,7,7,7,6.27535485569222,7.01752558584853,14,14,14.7903847353393,10.6541925826856
83.8,7,7,7,7,6.27535485569222,7.01752558584853,14,14,14.7903847353393,10.6541925826856
83.9,7,7,7,7,6.27535485569222,7.01752558584853,14,14,14.7903847353393,10.6541925826856
84,7,7,7,7,6.27535485569222,7.01752558584853,14,14,14.7903847353393,10.6541925826856
84.1,7,7,7,7,6.27535485569222,7.01752558584853,14,14,14.7903847353393,10.6541925826856
84.2,7,7,7,7,6.27535485569222,7.01752558584853,14,14,14.7903847353393,10.6541925826856
84.3,7,7,7,7,6.27535485569222,7.01752558584853,14,14,14.7903847353393,10.6541925826856
84.4,7,7,7,7,6.27535485569222,7.01752558584853,14,14,14.7903847353393,10.6541925826856
84.5,7,7,7,7,6.27535485569222,7.01752558584853,14,14,14.7903847353393,10.6541925826856
84.6,7,7,7,7,6.27535485569222,7.01752558584853,14,14,14.7903847353393,10.6541925826856
84.7,7,7,7,7,6.27535485569222,7.01752558584853,14,14,14.7903847353393,10.6541925826856
84.8,7,7,7,7,6.27535485569222,7.01752558584853,14,14,14.7903847353393,10.6541925826856
84.9,7,7,7,7,6.27535485569222,7.01752558584853,14,14,14.7903847353393,10.6541925826856
85,7,7,7,7,6.27535485569222,7.01752558584853,14,14,14.7903847353393,10.6541925826856
85.1,7,7,7,7,6.27535485569222,7.01752558584853,14,14,14.7903847353393,10.6541925826856
85.2,7,7,7,7,6.27535485569222,7.01752558584853,14,14,14.7903847353393,10.6541925826856
85.3,7,7,7,7,6.27535485569222,7.01752558584853,14,14,14.7903847353393,10.6541925826856
85.4,7,7,7,7,6.27535485569222,7.01752558584853,14,14,14.7903847353393,10.6541925826856
85.5,7,7,7,7,6.27535485569222,7.01752558584853,14,14,14.7903847353393,10.6541925826856
85.6,7,7,7,7,6.27535485569222,7.01752558584853,14,14,14.7903847353393,10.6541925826856
85.7,7,7,7,7,6.27535485569222,7.01752558584853,14,14,14.7903847353393,10.6541925826856
85.8,7,7,7,7,6.27535485569222,7.01752558584853,14,14,14.7903847353393,10.6541925826856
85.9,7,7,7,7,6.27535485569222,7.01752558584853,14,14,14.7903847353393,10.6541925826856
86,7,7,7,7,6.27535485569222,7.01752558584853,14,14,14.7903847353393,10.6541925826856
86.1,7,7,7,7,6.27535485569222,7.01752558584853,14,14,14.7903847353393,10.6541925826856
86.2,7,7,7,7,6.27535485569222,7.01752558584853,14,14,14.7903847353393,10.6541925826856
86.3,7,7,7,7,6.27535485569222,7.01752558584853,14,14,14.7903847353393,10.6541925826856
86.4,7,7,7,7,6.27535485569222,7.01752558584853,14,14,14.7903847353393,10.6541925826856
86.5,7,7,7,7,6.27535485569222,7.01752558584853,14,14,14.7903847353393,10.6541925826856
86.6,7,7,7,7,6.27535485569222,7.01752558584853,14,14,14.7903847353393,10.6541925826856
86.7,7,7,7,7,6.27535485569222,7.01752558584853,14,14,14.7903847353393,10.6541925826856
86.8,7,7,7,7,6.27535485569222,7.01752558584853,14,14,14.7903847353393,10.6541925826856
86.9,7,7,7,7,6.27535485569222,7.01752558584853,14,14,14.7903847353393,10.6541925826856
87,7,7,7,7,6.27535485569222,7.01752558584853,14,14,14.7903847353393,10.6541925826856
87.1,7,7,7,7,6.27535485569222,7.01752558584853,14,14,14.7903847353393,10.6541925826856
87.2,7,7,7,7,6.27535485569222,7.01752558584853,14,14,14.7903847353393,10.6541925826856
87.3,7,7,7,7,6.27535485569222,7.01752558584853,14,14,14.7903847353393,10.6541925826856
87.4,7,7,7,7,6.27535485569222,7.01752558584853,14,14,14.7903847353393,10.6541925826856
87.5,7,7,7,7,6.27535485569222,7.01752558584853,14,14,14.7903847353393,10.6541925826856
87.6,7,7,7,7,6.27535485569222,7.01752558584853,14,14,14.7903847353393,10.6541925826856
87.7,7,7,7,7,6.27535485569222,7.01752558584853,14,14,14.7903847353393,10.6541925826856
87.8,7,7,7,7,6.27535485569222,7.01752558584853,14,14,14.7903847353393,10.6541925826856
87.9,7,7,7,7,6.27535485569222,7.01752558584853,14,14,14.7903847353393,10.6541925826856
88,7,7,7,7,6.27535485569222,7.01752558584853,14,14,14.7903847353393,10.6541925826856
88.1,7,7,7,7,6.27535485569222,7.01752558584853,14,14,14.7903847353393,10.6541925826856
88.2,7,7,7,7,6.27535485569222,7.01752558584853,14,14,14.7903847353393,10.6541925826856
88.3,7,7,7,7,6.27535485569222,7.01752558584853,14,14,14.7903847353393,10.6541925826856
88.4,7,7,7,7,6.27535485569222,7.01752558584853,14,14,14.7903847353393,10.6541925826856
88.5,7,7,7,7,6.27535485569222,7.01752558584853,14,14,14.7903847353393,10.6541925826856
88.6,7,7,7,7,6.27535485569222,7.01752558584853,14,14,14.7903847353393,10.6541925826856
88.7,7,7,7,7,6.27535485569222,7.01752558584853,14,14,14.7903847353393,10.6541925826856
88.8,7,7,7,7,6.27535485569222,7.01752558584853,14,14,14.7903847353393,10.6541925826856
88.9,7,7,7,7,6.27535485569222,7.01752558584853,14,14,14.7903847353393,10.6541925826856
89,7,7,7,7,6.27535485569222,7.01752558584853,14,14,14.7903847353393,10.6541925826856
89.1,7,7,7,7,6.27535485569222,7.01752558584853,14,14,14.7903847353393,10.6541925826856
89.2,7,7,7,7,6.27535485569222,7.01752558584853,14,14,14.7903847353393,10.6541925826856
89.3,7,7,7,7,6.27535485569222,7.01752558584853,14,14,14.7903847353393,10.6541925826856
89.4,7,7,7,7,6.27535485569222,7.01752558584853,14,14,14.7903847353393,10.6541925826856
89.5,7,7,7,7,6.27535485569222,7.01752558584853,14,14,14.7903847353393,10.6541925826856
89.6,7,7,7,7,6.27535485569222,7.01752558584853,14,14,14.7903847353393,10.6541925826856
89.7,7,7,7,7,6.27535485569222,7.01752558584853,14,14,14.7903847353393,10.6541925826856
89.8,7,7,7,7,6.27535485569222,7.01752558584853,14,14,14.7903847353393,10.6541925826856
89.9,7,7,7,7,6.27535485569222,7.01752558584853,14,14,14.7903847353393,10.6541925826856
90,7,7,7,7,6.27535485569222,7.01752558584853,14,14,14.7903847353393,10.6541925826856
90.1,7,7,7,7,6.27535485569222,7.01752558584853,14,14,14.7903847353393,10.6541925826856
90.2,7,7,7,7,6.27535485569222,7.01752558584853,14,14,14.7903847353393,10.6541925826856
90.3,7,7,7,7,6.27535485569222,7.01752558584853,14,14,14.7903847353393,10.6541925826856
90.4,7,7,7,7,6.27535485569222,7.01752558584853,14,14,14.7903847353393,10.6541925826856
90.5,7,7,7,7,6.27535485569222,7.01752558584853,14,14,14.7903847353393,10.6541925826856
90.6,7,7,7,7,6.27535485569222,7.01752558584853,14,14,14.7903847353393,10.6541925826856
90.7,7,7,7,7,6.27535485569222,7.01752558584853,14,14,14.7903847353393,10.6541925826856
90.8,7,7,7,7,6.27535485569222,7.01752558584853,14,14,14.7903847353393,10.6541925826856
90.9,7,7,7,7,6.27535485569222,7.01752558584853,14,14,14.7903847353393,10.6541925826856
91,7,7,7,7,6.27535485569222,7.01752558584853,14,14,14.7903847353393,10.6541925826856
91.1,7,7,7,7,6.27535485569222,7.01752558584853,14,14,14.7903847353393,10.6541925826856
91.2,7,7,7,7,6.27535485569222,7.01752558584853,14,14,14.7903847353393,10.6541925826856
91.3,7,7,7,7,6.27535485569222,7.01752558584853,14,14,14.7903847353393,10.6541925826856
91.4,7,7,7,7,6.27535485569222,7.01752558584853,14,14,14.7903847353393,10.6541925826856
91.5,7,7,7,7,6.27535485569222,7.01752558584853,14,14,14.7903847353393,10.6541925826856
91.6,7,7,7,7,6.27535485569222,7.01752558584853,14,14,14.7903847353393,10.6541925826856
91.7,7,7,7,7,6.27535485569222,7.01752558584853,14,14,14.7903847353393,10.6541925826856
91.8,7,7,7,7,6.27535485569222,7.01752558584853,14,14,14.7903847353393,10.6541925826856
91.9,7,7,7,7,6.27535485569222,7.01752558584853,14,14,14.7903847353393,10.6541925826856
92,7,7,7,7,6.27535485569222,7.01752558584853,14,14,14.7903847353393,10.6541925826856
92.1,7,7,7,7,6.27535485569222,7.01752558584853,14,14,14.7903847353393,10.6541925826856
92.2,7,7,7,7,6.27535485569222,7.01752558584853,14,14,14.7903847353393,10.6541925826856
92.3,7,7,7,7,6.27535485569222,7.01752558584853,14,14,14.7903847353393,10.6541925826856
92.4,7,7,7,7,6.27535485569222,7.01752558584853,14,14,14.7903847353393,10.6541925826856
92.5,7,7,7,7,6.27535485569222,7.01752558584853,14,14,14.7903847353393,10.6541925826856
92.6,7,7,7,7,6.27535485569222,7.01752558584853,14,14,14.7903847353393,10.6541925826856
92.7,7,7,7,7,6.27535485569222,7.01752558584853,14,14,14.7903847353393,10.6541925826856
92.8,7,7,7,7,6.27535485569222,7.01752558584853,14,14,14.7903847353393,10.6541925826856
92.9,7,7,7,7,6.27535485569222,7.01752558584853,14,14,14.7903847353393,10.6541925826856
93,7,7,7,7,6.27535485569222,7.01752558584853,14,14,14.7903847353393,10.6541925826856
93.1,7,7,7,7,6.27535485569222,7.01752558584853,14,14,14.7903847353393,10.6541925826856
93.2,7,7,7,7,6.27535485569222,7.01752558584853,14,14,14.7903847353393,10.6541925826856
93.3,7,7,7,7,6.27535485569222,7.01752558584853,14,14,14.7903847353393,10.6541925826856
93.4,7,7,7,7,6.27535485569222,7.01752558584853,14,14,14.7903847353393,10.6541925826856
93.5,7,7,7,7,6.27535485569222,7.01752558584853,14,14,14.7903847353393,10.6541925826856
93.6,7,7,7,7,6.27535485569222,7.01752558584853,14,14,14.7903847353393,10.6541925826856
93.7,7,7,7,7,6.27535485569222,7.01752558584853,14,14,14.7903847353393,10.6541925826856
93.8,7,7,7,7,6.27535485569222,7.01752558584853,14,14,14.7903847353393,10.6541925826856
93.9,7,7,7,7,6.27535485569222,7.01752558584853,14,14,14.7903847353393,10.6541925826856
94,7,7,7,7,6.27535485569222,7.01752558584853,14,14,14.7903847353393,10.6541925826856
94.1,7,7,7,7,6.27535485569222,7.01752558584853,14,14,14.7903847353393,10.6541925826856
94.2,7,7,7,7,6.27535485569222,7.01752558584853,14,14,14.7903847353393,10.6541925826856
94.3,7,7,7,7,6.27535485569222,7.01752558584853,14,14,14.7903847353393,10.6541925826856
94.4,7,7,7,7,6.27535485569222,7.01752558584853,14,14,14.7903847353393,10.6541925826856
94.5,7,7,7,7,6.27535485569222,7.01752558584853,14,14,14.7903847353393,10.6541925826856
94.6,7,7,7,7,6.27535485569222,7.01752558584853,14,14,14.7903847353393,10.6541925826856
94.7,7,7,7,7,6.27535485569222,7.01752558584853,14,14,14.7903847353393,10.6541925826856
94.8,7,7,7,7,6.27535485569222,7.01752558584853,14,14,14.7903847353393,10.6541925826856
94.9,7,7,7,7,6.27535485569222,7.01752558584853,14,14,14.7903847353393,10.6541925826856
95,7,7,7,7,6.27535485569222,7.01752558584853,14,14,14.7903847353393,10.6541925826856
95.1,7,7,7,7,6.27535485569222,7.01752558584853,14,14,14.7903847353393,10.6541925826856
95.2,7,7,7,7,6.27535485569222,7.01752558584853,14,14,14.7903847353393,10.6541925826856
95.3,7,7,7,7,6.27535485569222,7.01752558584853,14,14,14.7903847353393,10.6541925826856
95.4,7,7,7,7,6.27535485569222,7.01752558584853,14,14,14.7903847353393,10.6541925826856
95.5,7,7,7,7,6.27535485569222,7.01752558584853,14,14,14.7903847353393,10.6541925826856
95.6,7,7,7,7,6.27535485569222,7.01752558584853,14,14,14.7903847353393,10.6541925826856
95.7,7,7,7,7,6.27535485569222,7.01752558584853,14,14,14.7903847353393,10.6541925826856
95.8,7,7,7,7,6.27535485569222,7.01752558584853,14,14,14.7903847353393,10.6541925826856
95.9,7,7,7,7,6.27535485569222,7.01752558584853,14,14,14.7903847353393,10.6541925826856
96,7,7,7,7,6.27535485569222,7.01752558584853,14,14,14.7903847353393,10.6541925826856
96.1,7,7,7,7,6.27535485569222,7.01752558584853,14,14,14.7903847353393,10.6541925826856
96.2,7,7,7,7,6.27535485569222,7.01752558584853,14,14,14.7903847353393,10.6541925826856
96.3,7,7,7,7,6.27535485569222,7.01752558584853,14,14,14.7903847353393,10.6541925826856
96.4,7,7,7,7,6.27535485569222,7.01752558584853,14,14,14.7903847353393,10.6541925826856
96.5,7,7,7,7,6.27535485569222,7.01752558584853,14,14,14.7903847353393,10.6541925826856
96.6,7,7,7,7,6.27535485569222,7.01752558584853,14,14,14.7903847353393,10.6541925826856
96.7,7,7,7,7,6.27535485569222,7.01752558584853,14,14,14.7903847353393,10.6541925826856
96.8,7,7,7,7,6.27535485569222,7.01752558584853,14,14,14.7903847353393,10.6541925826856
96.9,7,7,7,7,6.27535485569222,7.01752558584853,14,14,14.7903847353393,10.6541925826856
97,7,7,7,7,6.27535485569222,7.01752558584853,14,14,14.7903847353393,10.6541925826856
97.1,7,7,7,7,6.27535485569222,7.01752558584853,14,14,14.7903847353393,10.6541925826856
97.2,7,7,7,7,6.27535485569222,7.01752558584853,14,14,14.7903847353393,10.6541925826856
97.3,7,7,7,7,6.27535485569222,7.01752558584853,14,14,14.7903847353393,10.6541925826856
97.4,7,7,7,7,6.27535485569222,7.01752558584853,14,14,14.7903847353393,10.6541925826856
97.5,7,7,7,7,6.27535485569222,7.01752558584853,14,14,14.7903847353393,10.6541925826856
97.6,7,7,7,7,6.27535485569222,7.01752558584853,14,14,14.7903847353393,10.6541925826856
97.7,7,7,7,7,6.27535485569222,7.01752558584853,14,14,14.7903847353393,10.6541925826856
97.8,7,7,7,7,6.27535485569222,7.01752558584853,14,14,14.7903847353393,10.6541925826856
97.9,7,7,7,7,6.27535485569222,7.01752558584853,14,14,14.7903847353393,10.6541925826856
98,7,7,7,7,6.27535485569222,7.01752558584853,14,14,14.7903847353393,10.6541925826856
98.1,7,7,7,7,6.27535485569222,7.01752558584853,14,14,14.7903847353393,10.6541925826856
98.2,7,7,7,7,6.27535485569222,7.01752558584853,14,14,14.7903847353393,10.6541925826856
98.3,7,7,7,7,6.27535485569222,7.01752558584853,14,14,14.7903847353393,10.6541925826856
98.4,7,7,7,7,6.27535485569222,7.01752558584853,14,14,14.7903847353393,10.6541925826856
98.5,7,7,7,7,6.27535485569222,7.01752558584853,14,14,14.7903847353393,10.6541925826856
98.6,7,7,7,7,6.27535485569222,7.01752558584853,14,14,14.7903847353393,10.6541925826856
98.7,7,7,7,7,6.27535485569222,7.01752558584853,14,14,14.7903847353393,10.6541925826856
98.8,7,7,7,7,6.27535485569222,7.01752558584853,14,14,14.7903847353393,10.6541925826856
98.9,7,7,7,7,6.27535485569222,7.01752558584853,14,14,14.7903847353393,10.6541925826856
99,7,7,7,7,6.27535485569222,7.01752558584853,14,14,14.7903847353393,10.6541925826856
99.1,7,7,7,7,6.27535485569222,7.01752558584853,14,14,14.7903847353393,10.6541925826856
99.2,7,7,7,7,6.27535485569222,7.01752558584853,14,14,14.7903847353393,10.6541925826856
99.3,7,7,7,7,6.27535485569222,7.01752558584853,14,14,14.7903847353393,10.6541925826856
99.4,7,7,7,7,6.27535485569222,7.01752558584853,14,14,14.7903847353393,10.6541925826856
99.5,7,7,7,7,6.27535485569222,7.01752558584853,14,14,14.7903847353393,10.6541925826856
99.6,7,7,7,7,6.27535485569222,7.01752558584853,14,14,14.7903847353393,10.6541925826856
99.7,7,7,7,7,6.27535485569222,7.01752558584853,14,14,14.7903847353393,10.6541925826856
99.8,7,7,7,7,6.27535485569222,7.01752558584853,14,14,14.7903847353393,10.6541925826856
99.9,7,7,7,7,6.27535485569222,7.01752558584853,14,14,14.7903847353393,10.6541925826856
100,7,7,6.99997672835612,7,6.27548533652634,7.01752558584853,13.9999534567122,14,14.7903847353393,10.6541925820335
100.1,7,7,6.99657599190815,7.00000000508922,6.29457783241888,7.01752555641978,13.9931519838163,14.0000000101784,14.790384735307,10.654230038597
100.2,7,7,6.99325091727465,7.00000003684189,6.31329228997137,7.01752537267022,13.9865018345493,14.0000000736838,14.7903847349066,10.6543368136587
100.3,7,7,6.99001155581677,7.00000012379454,6.33157404310047,7.01752486902753,13.9800231116335,14.0000002475891,14.7903847331509,10.6545155498901
100.4,7,7,6.98684741355276,7.00000028325123,6.34947596560393,7.01752394461519,13.9736948271055,14.0000005665025,14.7903847287527,10.6547573773123
100.5,7,7,6.9837615198113,7.00000054050129,6.36698266237559,7.01752245191373,13.9675230396226,14.0000010810026,14.7903847196975,10.6550647798418
100.6,7,7,6.98075212825309,7.00000091703407,6.38410284790774,7.01752026506964,13.9615042565062,14.0000018340681,14.790384703546,10.6554362322788
100.7,7,7,6.97781765799637,7.00000143347451,6.40084440311749,7.01751726288574,13.9556353159927,14.000002866949,14.790384677367,10.6558703492638
100.8,7,7,6.97495629539678,7.00000210879248,6.41721638797113,7.01751333341961,13.9499125907936,14.000004217585,14.7903846377798,10.6563655522784
100.9,7,7,6.97216642925918,7.00000296118393,6.43322684209658,7.01750836890214,13.9443328585184,14.0000059223679,14.7903845809671,10.6569204336901
101,7,7,6.96944646156496,7.00000400782105,6.44888374103831,7.01750226722093,13.9388929231299,14.0000080156421,14.7903845027308,10.657533598288
101.1,7,7,6.96679847105972,7.00000527698617,6.46417645534071,7.01749486069403,13.9335969421194,14.0000105539723,14.7903843968745,10.6582067122144
101.2,7,7,6.96421607650159,7.00000676970463,6.47913716311162,7.01748614106304,13.9284321530032,14.0000135394093,14.7903842599932,10.6589343966501
101.3,7,7,6.96169819616411,7.00000850069412,6.49377123983848,7.0174760196606,13.9233963923282,14.0000170013882,14.7903840868017,10.659715693347
101.4,7,7,6.95924342156371,7.00001048286274,6.50808571625368,7.01746441817329,13.9184868431274,14.0000209657255,14.7903838718585,10.6605493729819
101.5,7,7,6.95685256385605,7.00001273851552,6.52207637576242,7.01745120242166,13.9137051277121,14.000025477031,14.7903836074317,10.6614360451717
101.6,7,7,6.95451672347309,7.00001524405141,6.53578822095751,7.01743650943629,13.9090334469462,14.0000304881028,14.7903832944521,10.6623682816994
101.7,7,7,6.95223741773414,7.00001801937335,6.54921348494222,7.01742021940164,13.9044748354683,14.0000360387467,14.7903829258897,10.6633472935806
101.8,7,7,6.95003071413928,7.00002116714905,6.56227055972105,7.01740171970226,13.9000614282786,14.0000423342981,14.7903824734561,10.6643862804886
101.9,7,7,6.94787715784779,7.00002460638803,6.57505798770451,7.01738148699619,13.8957543156956,14.0000492127761,14.7903819497401,10.6654691007247
102,7,7,6.94577575771077,7.00002834380408,6.58758071773849,7.01735947864181,13.8915515154215,14.0000566876082,14.7903813490846,10.6665948896645
102.1,7,7,6.94372553680629,7.00003238576415,6.59984362777386,7.0173356539285,13.8874510736126,14.0000647715283,14.7903806657215,10.6677627951391
102.2,7,7,6.94172578969639,7.00003673996733,6.61185021781965,7.01730996402232,13.8834515793928,14.0000734799347,14.7903798932557,10.6689721885217
102.3,7,7,6.93979085800987,7.00004151748868,6.62352749915444,7.01728173936029,13.8795817160197,14.0000830349774,14.7903789910379,10.6702347645583
102.4,7,7,6.9379033709915,7.00004662104276,6.63496360958865,7.01725155775024,13.875806741983,14.0000932420855,14.790377981893,10.6715362000242
102.5,7,7,6.93606244218933,7.00005205496603,6.64616297623987,7.01721938985925,13.8721248843787,14.0001041099321,14.7903768594956,10.6728757219561
102.6,7,7,6.93426719788221,7.00005782331138,6.65712996278249,7.01718520794391,13.8685343957644,14.0001156466228,14.7903756174432,10.6742525685326
102.7,7,7,6.93251700669552,7.000063931656,6.66786770045034,7.01714897491556,13.865034013391,14.000127863312,14.7903742485395,10.6756661760607
102.8,7,7,6.93082466678679,7.00007049572566,6.67831091079563,7.01710998546552,13.8616493335736,14.0001409914513,14.7903726989374,10.6771268940004
102.9,7,7,6.92917467140314,7.00007740719318,6.68853842370966,7.01706888925785,13.8583493428063,14.0001548143864,14.7903710033224,10.67862202489
103,7,7,6.92756622777727,7.00008466846376,6.69855419942779,7.01702566785812,13.8551324555545,14.0001693369275,14.7903691549376,10.6801508777623
103.1,7,7,6.92599855453287,7.00009228171271,6.70836214141526,7.01698030413149,13.8519971090657,14.0001845634254,14.7903671469781,10.6817127716173
103.2,7,7,6.92447108658073,7.00010025076257,6.71796505086013,7.0169327707633,13.8489421731615,14.0002005015251,14.790364971658,10.6833072008635
103.3,7,7,6.92299524180869,7.00010869296696,6.72730454621152,7.01688234392527,13.8459904836174,14.0002173859339,14.7903625614726,10.684943312478
103.4,7,7,6.92155718052362,7.00011749324339,6.73645113087985,7.01682972105844,13.8431143610472,14.0002349864868,14.7903599640671,10.6866098623636
103.5,7,7,6.92015619378243,7.00012665244287,6.7454083473312,7.01677489258396,13.8403123875649,14.0002533048857,14.7903571724467,10.6883062329003
103.6,7,7,6.91879158283358,7.00013617123182,6.75417968723627,7.01671784997696,13.8375831656672,14.0002723424636,14.7903541795916,10.6900318153839
103.7,7,7,6.91746284190737,7.00014605199068,6.7627676564262,7.01665857401522,13.8349256838147,14.0002921039814,14.7903509773025,10.6917861562099
103.8,7,7,6.91618015463616,7.00015641129615,6.77112004248497,7.01659633621631,13.8323603092723,14.0003128225923,14.7903474842599,10.6935773276052
103.9,7,7,6.91493117216526,7.0001671307787,6.77929990057525,7.01653186214539,13.8298623443305,14.0003342615574,14.7903437617393,10.6953953846204
104,7,7,6.91371526054815,7.00017821005277,6.78731039936629,7.0164651493523,13.8274305210963,14.0003564201055,14.7903398026641,10.697239775243
104.1,7,7,6.91253179495615,7.00018964858636,6.79515466208083,7.01639619623344,13.8250635899123,14.0003792971727,14.7903355999509,10.6991099554352
104.2,7,7,6.91138032270146,7.00020144758318,6.80283493025749,7.01632499022768,13.8227606454029,14.0004028951664,14.7903311451317,10.7010055181069
104.3,7,7,6.91026992378987,7.00021372095725,6.8103045094961,7.01625080923205,13.8205398475797,14.0004274419145,14.790326343157,10.702933574985
104.4,7,7,6.90918958253638,7.00022634982957,6.81761979253435,7.01617439103033,13.8183791650728,14.0004526996591,14.790321269256,10.7048853423202
104.5,7,7,6.90813873208893,7.00023933284476,6.8247836136095,7.01609573884582,13.8162774641779,14.0004786656895,14.7903159163943,10.7068603267824
104.6,7,7,6.90711681375221,7.00025266853296,6.83179876630017,7.01601485657373,13.8142336275044,14.0005053370659,14.7903102775458,10.7088580421739
104.7,7,7,6.9061234223358,7.00026635714581,6.83866725566673,7.01593173709851,13.8122468446716,14.0005327142916,14.790304344092,10.7108781230213
104.8,7,7,6.9051666510772,7.00028050848293,6.8453473228093,7.01584567335212,13.8103333021544,14.0005610169659,14.7902980075284,10.7129268227374
104.9,7,7,6.90423667640077,7.00029500535256,6.85188940113044,7.01575740259475,13.8084733528015,14.0005900107051,14.7902913570824,10.7149963953849
105,7,7,6.90333299147613,7.00030984565251,6.85829602567113,7.01566693250103,13.8066659829523,14.000619691305,14.7902843858597,10.7170864001194
105.1,7,7,6.90245509676949,7.00032502719286,6.86456969509904,7.01557427127089,13.804910193539,14.0006500543857,14.7902770869856,10.719196402476
105.2,7,7,6.90160262958849,7.00034054946296,6.870712202897,7.01547941620483,13.803205259177,14.0006810989259,14.790269451788,10.7213260742155
105.3,7,7,6.90078280093658,7.00035651705767,6.87668620455033,7.01538168193555,13.8015656018732,14.0007130341153,14.7902613587287,10.7234809018293
105.4,7,7,6.89998685315347,7.00037281618221,6.88253680315682,7.01528179511927,13.7999737063069,14.0007456323644,14.7902529108567,10.7256540668304
105.5,7,7,6.89921433310054,7.00038944417335,6.88826626609756,7.01517976685939,13.7984286662011,14.0007788883467,14.7902441014936,10.7278451753166
105.6,7,7,6.89846479416608,7.00040639830238,6.89387682821539,7.01507560866215,13.7969295883322,14.0008127966048,14.7902349239892,10.730053839091
105.7,7,7,6.89773791168096,7.00042367745601,6.8993700937052,7.01496932137447,13.7954758233619,14.000847354912,14.7902253696945,10.732279763228
105.8,7,7,6.8970401079203,7.00044138023355,6.90471266627099,7.01486024633815,13.7940802158406,14.0008827604671,14.790215304571,10.7345277490345
105.9,7,7,6.89636357825055,7.00045939754039,6.9099448814484,7.01474909175681,13.7927271565011,14.0009187950808,14.7902048451397,10.7367918067667
106,7,7,6.89570791756042,7.00047772630623,6.91506876718129,7.01463587131082,13.7914158351208,14.0009554526125,14.7901939849951,10.7390715845053
106.1,7,7,6.89507272657674,7.00049636341364,6.92008632230716,7.01452059898142,13.7901454531535,14.0009927268273,14.7901827177665,10.7413667354334
106.2,7,7,6.89445771464864,7.00051530728064,6.9249989816829,7.01440327842969,13.7889154292973,14.0010306145613,14.7901710348896,10.7436769944301
106.3,7,7,6.89386859896026,7.0005346499669,6.92977688023518,7.01428328134096,13.7877371979205,14.0010692999338,14.7901587904389,10.7460065507175
106.4,7,7,6.89329842692357,7.00055428804343,6.9344560893545,7.01416129148137,13.7865968538471,14.0011085760869,14.7901461139266,10.7483501550151
106.5,7,7,6.89274683638597,7.00057421815965,6.93903842280253,7.01403732440203,13.7854936727719,14.0011484363193,14.7901329992614,10.7507074929498
106.6,7,7,6.89221347041673,7.000594436933,6.94352566830536,7.01391139587054,13.7844269408335,14.001188873866,14.790119440392,10.7530782547115
106.7,7,7,6.89169806879917,7.00061494242472,6.94791910923607,7.01378351174765,13.7833961375983,14.0012298848494,14.790105428887,10.7554622018459
106.8,7,7,6.89120571843409,7.00063581981273,6.9521920387445,7.01365307656401,13.7824114368682,14.0012716396255,14.7900908076043,10.7578629768629
106.9,7,7,6.89073022845306,7.00065697201982,6.95637671440331,7.01352074521273,13.7814604569061,14.0013139440396,14.7900757184668,10.7602759919929
107,7,7,6.89027127512707,7.00067839551895,6.96047475838965,7.0133865345335,13.7805425502541,14.0013567910379,14.7900601557269,10.7627009664404
107.1,7,7,6.88982853939756,7.00070008676351,6.96448776959262,7.01325046151298,13.7796570787951,14.001400173527,14.7900441136803,10.7651376234907
107.2,7,7,6.88940178827487,7.00072204355099,6.96841689587856,7.01311253369797,13.7788035765497,14.001444087102,14.7900275840651,10.767585748548
107.3,7,7,6.88899554528451,7.00074434399946,6.97223825498547,7.01297219003856,13.777991090569,14.0014886879989,14.7900103992292,10.7700484958714
107.4,7,7,6.88860430048567,7.00076689784026,6.97598069348989,7.01283005340071,13.7772086009713,14.0015337956805,14.7899927128557,10.7725218685944
107.5,7,7,6.88822776451544,7.00078970145423,6.97964566220302,7.01268614143582,13.7764555290309,14.0015794029085,14.7899745195592,10.7750056159491
107.6,7,7,6.88786565218805,7.00081275121264,6.98323459110617,7.01254047188548,13.7757313043761,14.0016255024253,14.7899558139995,10.7774994908171
107.7,7,7,6.88751775487116,7.00083604472627,6.98674850685514,7.01239305355497,13.7750355097423,14.0016720894525,14.7899365881126,10.7800032999494
107.8,7,7,6.88718809255563,7.00085965300719,6.99016605335892,7.01224336063413,13.7743761851113,14.0017193060144,14.7899166644619,10.782519761634
107.9,7,7,6.88687176396665,7.00088349286486,6.99351302651408,7.01209198186099,13.7737435279333,14.0017669857297,14.7898962077927,10.785045406763
108,7,7,6.8865685104774,7.00090756065585,6.99679072385471,7.01193893531113,13.7731370209548,14.0018151213117,14.7898752130919,10.7875800114212
108.1,7,7,6.88627807719696,7.00093185273519,7.00000042428414,7.01178423910418,13.7725561543939,14.0018637054704,14.7898536753929,10.7901233549566
108.2,7,7,6.8860002772827,7.0009563665903,7.00314304603888,7.0116279029499,13.7720005545654,14.0019127331806,14.789831586849,10.7926752632205
108.3,7,7,6.88573868070918,7.00098116618604,7.00619949228818,7.01146943649104,13.7714773614184,14.0019623323721,14.7898087609722,10.7952380652797
108.4,7,7,6.88548893023763,7.00100617552819,7.0091928305353,7.01130939309691,13.7709778604753,14.0020123510564,14.7897853728425,10.7978087633173
108.5,7,7,6.88525079473001,7.00103139100298,7.01212422121981,7.01114779095515,13.77050158946,14.002062782006,14.7897614178226,10.8003871574306
108.6,7,7,6.88502404638942,7.00105680900152,7.01499480811779,7.01098464826037,13.7700480927788,14.002113618003,14.7897368913219,10.8029730506349
108.7,7,7,6.88480851786583,7.00108242693963,7.01780541249049,7.01081997533525,13.7696170357317,14.0021648538793,14.7897117857249,10.8055662858716
108.8,7,7,6.88460737698026,7.00110830187605,7.02053895804144,7.01065331700525,13.7692147539605,14.0022166037521,14.7896859062205,10.8081688447917
108.9,7,7,6.88441675272738,7.00113436500979,7.02321607214449,7.01048519072644,13.7688335054548,14.0022687300196,14.7896594374824,10.8107781503728
109,7,7,6.88423643855304,7.00116061279911,7.02583779262121,7.01031561454991,13.7684728771061,14.0023212255982,14.7896323752471,10.8133940241845
109.1,7,7,6.88406623089111,7.00118704171207,7.02840514238948,7.01014460650436,13.7681324617822,14.0023740834241,14.7896047152973,10.8160162904058
109.2,7,7,6.88390597982914,7.00121364913487,7.0309188559734,7.00997217728687,13.7678119596583,14.0024272982697,14.7895764502571,10.8186448072707
109.3,7,7,6.88375849383831,7.00124048542452,7.03336366409704,7.00979790625593,13.7675169876766,14.002480970849,14.7895473777083,10.8212812463956
109.4,7,7,6.88362033645173,7.00126748887437,7.03575801183211,7.00962227496783,13.7672406729035,14.0025349777487,14.7895176911759,10.823923406398
109.5,7,7,6.88349132310073,7.00129465604722,7.03810282733194,7.00944530114195,13.7669826462015,14.0025893120944,14.7894873867638,10.8265711280476
109.6,7,7,6.88337127188872,7.00132198351957,7.04039902542039,7.00926700245225,13.7667425437774,14.0026439670391,14.789456460621,10.8292242544481
109.7,7,7,6.88326004850245,7.00134946868159,7.04264726304319,7.00908738977672,13.7665200970049,14.0026989373632,14.7894249056157,10.831882657518
109.8,7,7,6.88316014034176,7.00137715544056,7.04483388698354,7.00890607606454,13.7663202806835,14.0027543108811,14.7893925124194,10.8345477322653
109.9,7,7,6.88306849924672,7.00140498901062,7.04697539061108,7.00872350742745,13.7661369984934,14.0028099780212,14.7893594826744,10.8372176125686
110,7,7,6.8829849603098,7.00143296608362,7.04907260399455,7.00853970110258,13.7659699206196,14.0028659321672,14.7893258128419,10.8398921563666
110.1,7,7,6.88290936101305,7.00146108336793,7.05112634528122,7.00835467426403,13.7658187220261,14.0029221667359,14.7892914994277,10.8425712236846
110.2,7,7,6.88284158099786,7.00148933828444,7.0531372020314,7.00816843781507,13.7656831619957,14.0029786765689,14.7892565355443,10.8452546986874
110.3,7,7,6.8827838208238,7.00151776857709,7.05509296629858,7.00798063713298,13.7655676416476,14.0030355371542,14.789220705627,10.8479437296625
110.4,7,7,6.8827333792933,7.00154632615044,7.05700838599499,7.00779168368455,13.7654667585866,14.0030926523009,14.7891842187159,10.8506367496445
110.5,7,7,6.88269010908104,7.00157500784314,7.058884203466,7.00760159411134,13.7653802181621,14.0031500156863,14.7891470716182,10.8533336319235
110.6,7,7,6.88265386499858,7.00160381051239,7.06072115039496,7.00741038497868,13.7653077299972,14.0032076210248,14.7891092611832,10.8560342516552
110.7,7,7,6.8826245391709,7.0016327316306,7.06251975228536,7.00721806709152,13.7652490783418,14.0032654632612,14.7890707807666,10.8587385039648
110.8,7,7,6.8826040759281,7.00166180308851,7.06426909371532,7.00702431693242,13.7652081518562,14.003323606177,14.7890314092127,10.8614473171427
110.9,7,7,6.88259008406166,7.00169098320865,7.06598236159876,7.00682951238567,13.7651801681233,14.0033819664173,14.7889913622631,10.8641593910952
111,7,7,6.88258243196903,7.00172026898865,7.06766021982527,7.00663366941481,13.7651648639381,14.0034405379773,14.7889506370563,10.8668746128387
111.1,7,7,6.8825809899585,7.0017496574461,7.06930332274892,7.00643680389761,13.765161979917,14.0034993148922,14.7889092307715,10.8695928710576
111.2,7,7,6.88258566132278,7.00177914612087,7.07091214037166,7.00623892644388,13.7651713226456,14.0035582922417,14.788867137003,10.8723140706866
111.3,7,7,6.88259816153534,7.00180876137547,7.07247691318889,7.00603974320787,13.7651963230707,14.0036175227509,14.7888241296209,10.8750389439136
111.4,7,7,6.8826163763133,7.00183846764808,7.07400943208891,7.00583959974913,13.7652327526266,14.0036769352962,14.7887804303966,10.8777664286493
111.5,7,7,6.88264018811372,7.00186826210298,7.07551029079474,7.00563851129611,13.7652803762274,14.003736524206,14.7887360367848,10.880496424183
111.6,7,7,6.88266948110239,7.00189814192525,7.07698007450139,7.00543649298501,13.7653389622048,14.0037962838505,14.788690946279,10.8832288312953
111.7,7,7,6.88270416856279,7.00192810473412,7.07841920357261,7.00523355515611,13.7654083371256,14.0038562094682,14.7886451527066,10.8859635637013
111.8,7,7,6.88274576158866,7.00195817169658,7.07981895224796,7.00502943213152,13.7654915231773,14.0039163433932,14.7885984255482,10.8887011788501
111.9,7,7,6.88279239325628,7.00198831304419,7.08118986293347,7.00482443854309,13.7655847865126,14.0039766260884,14.7885509919627,10.891440826846
112,7,7,6.8828439585949,7.00201852611187,7.08253246659945,7.00461858884797,13.7656879171898,14.0040370522237,14.7885028497049,10.8941824179513
112.1,7,7,6.88290035416168,7.00204880825576,7.08384728658936,7.00441189740704,13.7658007083234,14.0040976165115,14.7884539965665,10.8969258637617
112.2,7,7,6.88296150217813,7.00207915718296,7.0851346988731,7.00420437423533,13.7659230043563,14.0041583143659,14.7884044266009,10.8996710858525
112.3,7,7,6.88302873124509,7.00210958919955,7.08638690217097,7.0039957802817,13.7660574624902,14.0042191783991,14.7883539054519,10.9024184860341
112.4,7,7,6.88310039535931,7.00214007999656,7.08761332236098,7.00378640074059,13.7662007907186,14.0042801599931,14.7883026650544,10.9051674035272
112.5,7,7,6.88317640079186,7.00217062708059,7.08881443429167,7.00357624927859,13.7663528015837,14.0043412541612,14.7882507034469,10.9079177584046
112.6,7,7,6.88325665518003,7.00220122797948,7.08999070599066,7.003365339464,13.7665133103601,14.004402455959,14.7881980187025,10.9106694719313
112.7,7,7,6.88334108874176,7.00223188049394,7.09114247372459,7.0031536809463,13.7666821774835,14.0044637609879,14.7881446050932,10.9134224727199
112.8,7,7,6.88343086715543,7.00226259640114,7.09226276297719,7.0029410597493,13.7668617343109,14.0045251928023,14.7880902249454,10.9161770240184
112.9,7,7,6.88352454169689,7.00229335651257,7.09336000110992,7.00272773317598,13.7670490833938,14.0045867130251,14.7880351143915,10.9189326335308
113,7,7,6.88362202868922,7.00232415850514,7.09443461278003,7.00251371409674,13.7672440573784,14.0046483170103,14.7879792717368,10.921689230101
113.1,7,7,6.88372324567716,7.00235500007679,7.09548701654468,7.00229901528332,13.7674464913543,14.0047100001536,14.7879226953189,10.9244467436386
113.2,7,7,6.88382813003287,7.00238587912533,7.09651751316239,7.00208364599208,13.7676562600657,14.0047717582507,14.7878653796201,10.9272051090572
113.3,7,7,6.88393770201107,7.00241680322474,7.0975198674896,7.00186741578037,13.7678754040221,14.0048336064495,14.7878070841369,10.9299644663091
113.4,7,7,6.88405068902713,7.00244775796816,7.09850161391229,7.00165055563095,13.7681013780543,14.0048955159363,14.7877480486532,10.9327244731346
113.5,7,7,6.88416701639211,7.00247874119964,7.09946313220047,7.00143307762328,13.7683340327842,14.0049574823993,14.7876882717242,10.9354850662189
113.6,7,7,6.88428661050938,7.0025097507838,7.10040479666872,7.00121499373907,13.7685732210188,14.0050195015676,14.787627751936,10.9382461832001
113.7,7,7,6.88440941515207,7.00254078471719,7.10132687631951,7.00099631282442,13.7688188303041,14.0050815694344,14.7875664839718,10.9410077646342
113.8,7,7,6.88453632079726,7.00257184668732,7.10222379722655,7.00077686645587,13.7690726415945,14.0051436933746,14.7875042249539,10.9437698408259
113.9,7,7,6.88466621209786,7.00260292673458,7.10310229518857,7.00055686086801,13.7693324241957,14.0052058534692,14.7874412178048,10.9465322030595
114,7,7,6.88479902240126,7.00263402286553,7.10396270983198,7.00033630736316,13.7695980448025,14.0052680457311,14.7873774613135,10.9492947950303
114.1,7,7,6.88493468603147,7.00266513310671,7.10480537590432,7.00011521714782,13.7698693720629,14.0053302662134,14.7873129542976,10.9520575612852
114.2,7,7,6.88507315248889,7.00269625555357,7.1056305340077,6.99989359864915,13.7701463049778,14.0053925111071,14.7872476916327,10.954820447434
114.3,7,7,6.88521519646209,7.00272739031273,7.10643320153733,6.99967130398838,13.7704303929242,14.0054547806255,14.7871814284912,10.9575833863344
114.4,7,7,6.88535984294056,7.00275853154514,7.10721940011812,6.9994485162055,13.7707196858811,14.0055170630903,14.7871144104539,10.9603462880705
114.5,7,7,6.88550703245693,7.00278967741416,7.10798943347535,6.9992252458461,13.7710140649139,14.0055793548283,14.7870466365276,10.9631091026043
114.6,7,7,6.88565670641709,7.00282082610245,7.10874360097104,6.99900150336264,13.7713134128342,14.0056416522049,14.7869781057458,10.965871780659
114.7,7,7,6.88580881944609,7.00285197580332,7.10948211780806,6.99877729676147,13.7716176388922,14.0057039516066,14.7869088131673,10.9686342723711
114.8,7,7,6.8859640429513,7.00288312333554,7.11020053019426,6.99855249728357,13.7719280859026,14.0057662466711,14.7868385124085,10.9713964240576
114.9,7,7,6.88612152714746,7.002914266664,7.11090422107327,6.99832726629429,13.7722430542949,14.005828533328,14.7867674512608,10.9741582514222
115,7,7,6.88628121899136,7.00294540410244,7.11159346206342,6.99810161360789,13.7725624379827,14.0058908082049,14.7866956289332,10.9769197100282
115.1,7,7,6.88644306622055,7.00297653398303,7.11226852088086,6.99787554894874,13.7728861324411,14.0059530679661,14.7866230446596,10.9796807561201
115.2,7,7,6.88660702804583,7.00300765459507,7.11292959001328,6.99764907990592,13.7732140560917,14.0060153091901,14.7865496936732,10.9824413438901
115.3,7,7,6.8867736837755,7.00303875974877,7.11357268857852,6.99742209547185,13.773547367551,14.0060775194975,14.7864753283997,10.9852012428631
115.4,7,7,6.88694229533868,7.00306985090841,7.11420262835325,6.99719473681207,13.7738845906774,14.0061397018168,14.786400198424,10.9879605625795
115.5,7,7,6.88711281543568,7.00310092653109,7.11481965224201,6.99696701303851,13.7742256308714,14.0062018530622,14.7863243031427,10.9907192636101
115.6,7,7,6.88728519746479,7.00313198509146,7.11542399965964,6.99673893317693,13.7745703949296,14.0062639701829,14.7862476419753,10.9934773071342
115.7,7,7,6.88745940474059,7.00316302497215,7.11601584277904,6.99651050440687,13.7749188094812,14.0063260499443,14.7861702103202,10.9962346509785
115.8,7,7,6.88763593446935,7.0031940372398,7.1165916236335,6.99628163216542,13.7752718689387,14.0063880744796,14.7860917597502,10.9989909965893
115.9,7,7,6.88781414821499,7.00322502656689,7.11715564321183,6.99605243883941,13.77562829643,14.0064500531338,14.7860125412571,11.0017465368118
116,7,7,6.88799400381263,7.0032559915465,7.11770811873944,6.99582293286999,13.7759880076253,14.006511983093,14.7859325544106,11.0045012366922
116.1,7,7,6.88817545972139,7.00328693078837,7.11824926432087,6.99559312261612,13.7763509194428,14.0065738615767,14.7858517988016,11.0072550618205
116.2,7,7,6.88835848292846,7.00331784276534,7.11877923396097,6.99536301485887,13.7767169658569,14.0066356855307,14.7857702699856,11.0100079732815
116.3,7,7,6.88854349747536,7.00334871605079,7.11929484789772,6.99513253023783,13.7770869949507,14.0066974321016,14.7856877189934,11.0127596122307
116.4,7,7,6.88872995376125,7.00337955824834,7.11979995032994,6.99490177372237,13.7774599075225,14.0067591164967,14.7856043978655,11.0155102454036
116.5,7,7,6.88891781421169,7.00341036807957,7.12029473551786,6.99467075311601,13.7778356284234,14.0068207361591,14.7855203063315,11.0182598418466
116.6,7,7,6.88910704181011,7.00344114428176,7.12077939493065,6.99443947614426,13.7782140836202,14.0068822885635,14.7854354441405,11.021008371092
116.7,7,7,6.88929760683072,7.00347188541439,7.121254066325,6.9942079492032,13.7785952136614,14.0069437708288,14.7853498069961,11.0237557971452
116.8,7,7,6.88948986813981,7.00350257779319,7.12171590815805,6.99397610695911,13.7789797362796,14.0070051555864,14.7852631456739,11.0265017078312
116.9,7,7,6.88968335531689,7.0035332316906,7.12216835612975,6.99374403826115,13.7793667106338,14.0070664633812,14.7851757129326,11.0292464353616
117,7,7,6.88987803489116,7.0035638459491,7.12261158396224,6.99351175030926,13.7797560697823,14.0071276918982,14.7850875086488,11.0319899523576
117.1,7,7,6.89007387389052,7.00359441942593,7.12304576288156,6.99327925022958,13.780147747781,14.0071888388519,14.784998532717,11.0347322318749
117.2,7,7,6.8902708455314,7.00362495076347,7.12347101611319,6.99304654404849,13.7805416910628,14.0072499015269,14.7849087809813,11.0374732405379
117.3,7,7,6.89046925064677,7.00365542424065,7.12388480457386,6.99281357935007,13.7809385012935,14.0073108484813,14.7848180042243,11.0402125190613
117.4,7,7,6.89066868936528,7.00368585255139,7.12429019865204,6.99258043009395,13.7813373787306,14.0073717051028,14.7847264556189,11.0429504576123
117.5,7,7,6.89086913188446,7.00371623465157,7.12468735370233,6.99234710291079,13.7817382637689,14.0074324693031,14.7846341351765,11.0456870320068
117.6,7,7,6.89107054884761,7.00374656951086,7.12507642284706,6.99211360436176,13.7821410976952,14.0074931390217,14.784541042925,11.0484222184491
117.7,7,7,6.89127291610491,7.00377685585059,7.12545751631601,6.99187994011998,13.7825458322098,14.0075537117012,14.7844471748412,11.0511559859129
117.8,7,7,6.89147648284003,7.0038070761194,7.12582836550513,6.99164606964489,13.7829529656801,14.0076141522388,14.7843522819559,11.0538878335608
117.9,7,7,6.89168091201503,7.00383724520031,7.12619171411451,6.99141205316967,13.7833618240301,14.0076744904006,14.784256617576,11.0566182027946
118,7,7,6.89188617710644,7.00386736215517,7.12654770107242,6.99117789678982,13.7837723542129,14.0077347243103,14.7841601818364,11.0593470722851
118.1,7,7,6.89209225198927,7.00389742605875,7.12689646331073,6.99094360653558,13.7841845039785,14.0077948521175,14.7840629748872,11.0620744210498
118.2,7,7,6.89229911487155,7.00392743570728,7.12723809943672,6.99070918774412,13.7845982297431,14.0078548714146,14.7839649928308,11.0648002201709
118.3,7,7,6.89250696899392,7.00395737191164,7.12757058272506,6.99047461077314,13.7850139379878,14.0079147438233,14.7838659871656,11.067523932225
118.4,7,7,6.89271553325469,7.00398725152628,7.12789636472865,6.99023992322465,13.7854310665094,14.0079745030526,14.7837662110766,11.0702460438424
118.5,7,7,6.8929247840613,7.00401707371185,7.12821556968539,6.99000513069255,13.7858495681226,14.0080341474237,14.7836656648113,11.0729665362449
118.6,7,7,6.89313469817729,7.00404683764106,7.12852832004782,6.98977023870961,13.7862693963546,14.0080936752821,14.7835643486314,11.0756853909637
118.7,7,7,6.89334525592186,7.00407654218099,7.12883470402875,6.98953525229469,13.7866905118437,14.008153084362,14.7834622587578,11.0784025809735
118.8,7,7,6.89355661969267,7.00410616668374,7.12913291120364,6.98930015179041,13.7871132393853,14.0082123333675,14.7833591473578,11.0811175367017
118.9,7,7,6.89376855815933,7.00413572977198,7.12942513186892,6.98906497319583,13.7875371163187,14.008271459544,14.7832552672589,11.0838307846411
119,7,7,6.89398105034879,7.00416523069825,7.12971147712467,6.98882972163592,13.7879621006976,14.0083304613965,14.7831506188118,11.086542308292
119.1,7,7,6.89419407560634,7.00419466872625,7.12999205647428,6.9885944021786,13.7883881512127,14.0083893374525,14.7830452023797,11.0892520914318
119.2,7,7,6.89440761614159,7.00422404278992,7.13026694883437,6.98835901954214,13.7888152322832,14.0084480855798,14.7829390142958,11.0919601087345
119.3,7,7,6.8946217980674,7.00425333094857,7.13053453720636,6.98812356320228,13.7892435961348,14.0085066618971,14.7828318075783,11.0946657624421
119.4,7,7,6.89483643431426,7.00428255340391,7.13079677825629,6.98788805851777,13.7896728686285,14.0085651068078,14.7827238344832,11.0973696141146
119.5,7,7,6.89505150625028,7.00431170949367,7.13105377133488,6.98765251017627,13.7901030125006,14.0086234189873,14.782615095455,11.1000716492882
119.6,7,7,6.89526699552807,7.00434079856594,7.13130561436482,6.98741692281227,13.7905339910561,14.0086815971319,14.7825055909496,11.1027718537464
119.7,7,7,6.89548288605028,7.00436981961759,7.13155237794874,6.98718130086112,13.7909657721006,14.0087396392352,14.7823953174056,11.1054702036903
119.8,7,7,6.89569927171839,7.00439874956873,7.13179261805662,6.98694564213907,13.7913985434368,14.0087974991375,14.7822840288584,11.1081660767166
119.9,7,7,6.89591600479883,7.0044276100244,7.13202808243063,6.98670996226341,13.7918320095977,14.0088552200488,14.7821719767973,11.1108600651692
120,7,7,6.89613306875193,7.00445640040117,7.13225885991374,6.98647426551486,13.7922661375039,14.0089128008023,14.7820591617517,11.1135521564025
120.1,7,7,6.89635044729225,7.00448512012519,7.13248503807185,6.98623855612471,13.7927008945845,14.0089702402504,14.7819455842614,11.116242337992
120.2,7,7,6.8965681258389,7.00451376825245,7.13270668007193,6.9860028382627,13.7931362516778,14.0090275365049,14.7818312408652,11.1189305875113
120.3,7,7,6.89678616972198,7.00454232070563,7.13292249655704,6.98576711734949,13.793572339444,14.0090846414113,14.7817158867655,11.1216162610741
120.4,7,7,6.89700446614249,7.00457080033036,7.13313404844096,6.98553140009838,13.794008932285,14.0091416006607,14.7815997725072,11.1242999779811
120.5,7,7,6.89722300043035,7.00459920661602,7.13334141516938,6.98529569041217,13.7944460008607,14.009198413232,14.7814828986969,11.126981727211
120.6,7,7,6.89744175814263,7.00462753906077,7.1335446750459,6.98505999214781,13.7948835162853,14.0092550781215,14.7813652659504,11.1296614979396
120.7,7,7,6.89766072605698,7.00465579677604,7.13374388458733,6.98482430922624,13.795321452114,14.0093115935521,14.781246870901,11.1323392689747
120.8,7,7,6.89787994418455,7.00468395481776,7.13393789274777,6.98458865399025,13.7957598883691,14.0093679096355,14.781127470054,11.1350143777706
120.9,7,7,6.89809933072766,7.00471203712169,7.13412809337304,6.98435302502771,13.7961986614553,14.0094240742434,14.7810073128488,11.1376874671673
121,7,7,6.89831887268674,7.00474004324425,7.13431455750463,6.9841174258911,13.7966377453735,14.0094800864885,14.7808863999618,11.1403585275938
121.1,7,7,6.89853855726516,7.00476797274997,7.13449735516264,6.98388186009045,13.7970771145303,14.0095359454999,14.7807647320773,11.1430275496548
121.2,7,7,6.89875837245787,7.00479582480217,7.13467653691624,6.98364633131419,13.7975167449157,14.0095916496043,14.7806423059182,11.1456945132689
121.3,7,7,6.89897833586287,7.00482357371021,7.13485107539758,6.98341085819582,13.7979566717257,14.0096471474204,14.7805188794147,11.1483587397518
121.4,7,7,6.89919839316922,7.00485124436112,7.13502221505669,6.98317543192024,13.7983967863384,14.0097024887222,14.7803947007555,11.1510208924307
121.5,7,7,6.89941853286983,7.004878836373,7.13519001941901,6.98294005571574,13.7988370657397,14.009757672746,14.7802697706794,11.1536809630292
121.6,7,7,6.89963874363896,7.00490634937142,7.13535455109647,6.98270473277138,13.7992774872779,14.0098126987428,14.7801440899329,11.1563389434281
121.7,7,7,6.89985901456241,7.00493378256818,7.13551585533888,6.98246946655871,13.7997180291248,14.0098675651364,14.7800176553233,11.1589948145461
121.8,7,7,6.90007934342104,7.00496110963633,7.13567301536974,6.98223428141861,13.8001586868421,14.0099222192727,14.7798902263161,11.1616478838105
121.9,7,7,6.90029970025036,7.00498835628644,7.135827142048,6.98199916180212,13.8005994005007,14.0099767125729,14.7797620497172,11.1642988323105
122,7,7,6.90052007487659,7.00501552219323,7.13597829217725,6.98176411063804,13.8010401497532,14.0100310443865,14.779633126322,11.1669476529254
122.1,7,7,6.90074045728795,7.00504260703821,7.13612652174416,6.98152913081894,13.8014809145759,14.0100852140764,14.7795034569324,11.1695943386749
122.2,7,7,6.90096083754811,7.00506961007851,7.13627187124095,6.98129422561439,13.8019216750962,14.010139220157,14.7793730384362,11.1722388713788
122.3,7,7,6.90118119593955,7.0050965044519,7.13641352277879,6.98105942453452,13.8023623918791,14.0101930089038,14.7792416319323,11.1748805465848
122.4,7,7,6.90140152403876,7.00512331657507,7.13655246775998,6.98082470591527,13.8028030480775,14.0102466331501,14.7791094827257,11.1775200607108
122.5,7,7,6.90162181286292,7.00515004617458,7.13668875697662,6.98059007240913,13.8032436257258,14.0103000923492,14.7789765916623,11.1801574076675
122.6,7,7,6.9018420535739,7.00517669298325,7.13682244049019,6.9803555266352,13.8036841071478,14.0103533859665,14.7788429595941,11.1827925814912
122.7,7,7,6.90206223711216,7.00520325630042,7.13695355453783,6.98012107167528,13.8041244742243,14.0104065126008,14.7787085834846,11.1854255648141
122.8,7,7,6.90228232833276,7.00522970882103,7.13708136965133,6.97988674171294,13.8045646566655,14.0104594176421,14.7785732261545,11.1880556430966
122.9,7,7,6.90250233784701,7.00525607756019,7.13720677041722,6.97965250954033,13.805004675694,14.0105121551204,14.7784371313016,11.1906835259133
123,7,7,6.90272225773579,7.00528236229189,7.13732980225133,6.97941837755539,13.8054445154716,14.0105647245838,14.778300299817,11.1933092080954
123.1,7,7,6.90294208020918,7.00530856279583,7.1374505099161,6.97918434812534,13.8058841604184,14.0106171255917,14.778162732597,11.195932684586
123.2,7,7,6.90316179699392,7.00533467841072,7.13756892584292,6.97895042415761,13.8063235939878,14.0106693568214,14.7780244266775,11.1985539387509
123.3,7,7,6.90338135936713,7.00536068147298,7.13768439962328,6.97871664405306,13.8067627187343,14.010721362946,14.7778851466792,11.2011722475614
123.4,7,7,6.90360079473643,7.00538659949759,7.13779772033297,6.9784829755868,13.8072015894729,14.0107731989952,14.7777451345976,11.203788331811
123.5,7,7,6.90382009613257,7.00541243230184,7.13790892857969,6.97824942092256,13.8076401922651,14.0108248646037,14.7776043913638,11.2064021871521
123.6,7,7,6.90403925670168,7.00543817970821,7.13801806438675,6.97801598219581,13.8080785134034,14.0108763594164,14.7774629179138,11.2090138093367
123.7,7,7,6.90425826887586,7.00546384109208,7.13812515678168,6.97778266215233,13.8085165377517,14.0109276821842,14.7773207113522,11.211623182393
123.8,7,7,6.90447707200554,7.00548938850821,7.13822962604386,6.97754950299108,13.8089541440111,14.0109787770164,14.7771775381693,11.2142295762294
123.9,7,7,6.90469570829556,7.0055148498814,7.1383321758488,6.97731646795508,13.8093914165911,14.0110296997628,14.7770336385731,11.2168337211288
124,7,7,6.90491417162474,7.00554022506836,7.13843284250414,6.97708355899283,13.8098283432495,14.0110804501367,14.7768890135306,11.2194356134761
124.1,7,7,6.90513245597496,7.00556551393058,7.13853166179486,6.97685077802692,13.8102649119499,14.0111310278612,14.7767436640129,11.2220352497445
124.2,7,7,6.90535055441128,7.00559071587753,7.13862865970398,6.97661812765334,13.8107011088226,14.0111814317551,14.7765975871897,11.2246326145615
124.3,7,7,6.9055683958316,7.00561580275225,7.13872331971163,6.97638565348442,13.8111367916632,14.0112316055045,14.7764505514825,11.2272269720432
124.4,7,7,6.90578603545279,7.00564080280718,7.13881626913514,6.97615331467705,13.8115720709056,14.0112816056144,14.7763027952366,11.2298190604202
124.5,7,7,6.90600346791079,7.00566571593493,7.13890754043643,6.97592111298218,13.8120069358216,14.0113314318699,14.7761543194503,11.2324088767299
124.6,7,7,6.90622068793354,7.0056905420324,7.13899716560999,6.975689050127,13.8124413758671,14.0113810840648,14.7760051251257,11.2349964180888
124.7,7,7,6.90643768915427,7.00571528054085,7.1390851679158,6.97545712856892,13.8128753783085,14.0114305610817,14.7758552094949,11.2375816696667
124.8,7,7,6.90665439133407,7.00573990315501,7.13917108733869,6.97522539698087,13.8133087826681,14.01147980631,14.7757043429642,11.2401638909205
124.9,7,7,6.90687086110809,7.0057644383802,7.13925548292442,6.97499381084319,13.8137417222162,14.0115288767604,14.7755527619494,11.2427438266528
125,7,7,6.90708709378803,7.0057888861416,7.13933838369556,6.97476237172571,13.8141741875761,14.0115777722832,14.7754004674765,11.2453214744828
125.1,7,7,6.90730308476767,7.00581324636829,7.13941981825667,6.97453108117651,13.8146061695353,14.0116264927366,14.7752474605749,11.2478968321004
125.2,7,7,6.9075188281905,7.00583751853103,7.13949980743209,6.97429994152485,13.815037656381,14.0116750370621,14.7750937385357,11.2504698851665
125.3,7,7,6.90773423585485,7.00586167423382,7.13957794172289,6.97406900418117,13.8154684717097,14.0117233484676,14.7749390737978,11.2530398894883
125.4,7,7,6.90794938439152,7.00588574216686,7.13965471913537,6.97383822132505,13.815898768783,14.0117714843337,14.7747837007883,11.2556075952145
125.5,7,7,6.9081642697152,7.00590972228484,7.1397301656162,6.9736075943604,13.8163285394304,14.0118194445697,14.7746276205575,11.2581730004826
125.6,7,7,6.90837888781384,7.00593361454598,7.13980430673819,6.97337712467129,13.8167577756277,14.011867229092,14.7744708341583,11.2607361034931
125.7,7,7,6.90859323328929,7.0059574184485,7.13987716114713,6.97314681446858,13.8171864665786,14.011914836897,14.7743133389388,11.2632968903527
125.8,7,7,6.90880721102462,7.0059811055577,7.1399483645046,6.97291671760461,13.8176144220492,14.0119622111154,14.7741549094109,11.2658546141176
125.9,7,7,6.90902090637658,7.00600470468696,7.1400183602454,6.97268678330254,13.8180418127532,14.0120094093739,14.7739957779616,11.2684100291903
126,7,7,6.90923431579783,7.00602821581767,7.14008717156531,6.97245701281451,13.8184686315957,14.0120564316353,14.7738359456622,11.2709631341696
126.1,7,7,6.90944743580637,7.00605163893443,7.14015482132574,6.97222740737451,13.8188948716127,14.0121032778689,14.7736754135863,11.2735139277107
126.2,7,7,6.90966026141603,7.00607497356095,7.14022132622382,6.97199796908411,13.8193205228321,14.0121499471219,14.7735141791359,11.2760623963256
126.3,7,7,6.9098726915288,7.0060981912708,7.14028636229186,6.97176875396729,13.8197453830576,14.0121963825416,14.7733520189317,11.2786077911193
126.4,7,7,6.91008481909457,7.00612132094471,7.14035032417767,6.97153970860609,13.8201696381891,14.0122426418894,14.7731891632755,11.2811508697747
126.5,7,7,6.91029664104579,7.00614436258819,7.1404132326168,6.9713108341139,13.8205932820916,14.0122887251764,14.7730256132566,11.2836916313018
126.6,7,7,6.9105081543732,7.00616731620959,7.14047510804576,6.97108213158754,13.8210163087464,14.0123346324192,14.7728613699663,11.2862300747602
126.7,7,7,6.91071935446105,7.00619018135638,7.14053596541864,6.97085360302772,13.8214387089221,14.0123803627128,14.7726964308585,11.2887661870306
126.8,7,7,6.91093013506332,7.00621292965265,7.1405955168548,6.97062530638333,13.8218602701266,14.0124258593053,14.7725305746925,11.2912992179784
126.9,7,7,6.91114059571243,7.00623558999607,7.14065411338832,6.97039718588358,13.8222811914249,14.0124711799921,14.7723640296462,11.2938299277011
127,7,7,6.91135073376864,7.00625816241383,7.1407117735545,6.97016924251514,13.8227014675373,14.0125163248277,14.7721967968242,11.2963583155738
127.1,7,7,6.91156054664416,7.00628064693571,7.14076851562116,6.96994147724961,13.8231210932883,14.0125612938714,14.7720288773328,11.2988843810162
127.2,7,7,6.91177003005656,7.00630304313123,7.14082435298325,6.96971389199467,13.8235400601131,14.0126060862625,14.7718602686758,11.301408111245
127.3,7,7,6.91197907335426,7.00632532271307,7.14087903001612,6.96948654639894,13.8239581467085,14.0126506454261,14.7716907517766,11.3039287555188
127.4,7,7,6.91218778175101,7.00634751455028,7.14093285876679,6.96925938260225,13.824375563502,14.0126950291006,14.7715205526554,11.3064470755783
127.5,7,7,6.91239615298841,7.00636961868956,7.14098585580276,6.96903240147569,13.8247923059768,14.0127392373791,14.7713496724298,11.3089630711238
127.6,7,7,6.91260418485433,7.00639163517993,7.14103803745236,6.96880560387658,13.8252083697087,14.0127832703599,14.7711781122191,11.3114767418947
127.7,7,7,6.91281187336638,7.00641356361143,7.14108941571584,6.96857899162683,13.8256237467328,14.0128271272229,14.7710058695745,11.3139880754147
127.8,7,7,6.91301910412902,7.00643537581942,7.14113976379829,6.96835262586957,13.826038208258,14.0128707516388,14.7708327276049,11.3164963208973
127.9,7,7,6.91322598723391,7.00645710060337,7.14118935889746,6.96812644689572,13.8264519744678,14.0129142012067,14.7706589101444,11.3190022410413
128,7,7,6.9134325207624,7.00647873802748,7.141238215821,6.96790045547099,13.8268650415248,14.012957476055,14.7704844183216,11.3215058358355
128.1,7,7,6.91363870283708,7.006500288158,7.14128634916263,6.96767465234858,13.8272774056742,14.013000576316,14.7703092532661,11.3240071053037
128.2,7,7,6.91384452974583,7.00652175060408,7.14133376967502,6.9674490392713,13.8276890594917,14.0130435012082,14.7701334125752,11.3265060372498
128.3,7,7,6.91404988393842,7.00654309735422,7.14138027632882,6.96722367868986,13.8280997678768,14.0130861947084,14.7699566815601,11.3290018813418
128.4,7,7,6.91425487966835,7.00656435710157,7.14142611517301,6.96699850926563,13.8285097593367,14.0131287142031,14.7697792818454,11.3314954006271
128.5,7,7,6.9144595153196,7.00658552992596,7.14147129944136,6.96677353166832,13.8289190306392,14.0131710598519,14.7696012145684,11.3339865953504
128.6,7,7,6.91466378931287,7.00660661590907,7.14151584217633,6.9665487465563,13.8293275786257,14.0132132318181,14.7694224808673,11.336475465788
128.7,7,7,6.91486769817963,7.0066276146778,7.14155975301448,6.96632415559952,13.8297353963593,14.0132552293556,14.7692430783836,11.3389620000009
128.8,7,7,6.91507112173959,7.00664849840099,7.14160285395164,6.96609982238611,13.8301422434792,14.013296996802,14.7690627946445,11.3414454485537
128.9,7,7,6.91527417777021,7.00666929563254,7.14164536319757,6.96587568414777,13.8305483555404,14.0133385912651,14.7688818490456,11.3439265743013
129,7,7,6.91547686492485,7.00669000646624,7.14168729257846,6.96565174146684,13.8309537298497,14.0133800129325,14.7687002427309,11.3464053777157
129.1,7,7,6.9156791818896,7.00671063099748,7.14172865374939,6.96542799491542,13.8313583637792,14.013421261995,14.7685179768455,11.3488818592968
129.2,7,7,6.91588112541567,7.00673116886972,7.14176945534852,6.96520444609631,13.8317622508313,14.0134623377394,14.7683350490736,11.3513560073416
129.3,7,7,6.91608257315953,7.00675159245631,7.14180953994599,6.9649811595804,13.8321651463191,14.0135031849126,14.7681512491689,11.353827073704
129.4,7,7,6.91628364585452,7.00677193014249,7.14184910087217,6.96475807135164,13.832567291709,14.013543860285,14.7679667942819,11.3562958205656
129.5,7,7,6.91648434239373,7.00679218203443,7.14188814869441,6.96453518191299,13.8329686847875,14.0135843640689,14.7677816855621,11.3587622486
129.6,7,7,6.91668466169936,7.00681234823974,7.14192669382704,6.96431249175807,13.8333693233987,14.0136246964795,14.7675959241594,11.3612263585053
129.7,7,7,6.91688460072102,7.00683242841728,7.14196474401499,6.96409000242782,13.833769201442,14.0136648568346,14.7674095077996,11.3636881387956
129.8,7,7,6.91708403536706,7.00685239516634,7.1420021602109,6.96386777933536,13.8341680707341,14.0137047903327,14.7672222284702,11.366146842961
129.9,7,7,6.91728308882112,7.00687227667729,7.1420391135128,6.96364575738245,13.8345661776422,14.0137445533546,14.7670343010645,11.3686032320844
130,7,7,6.91748176018947,7.00689207306728,7.14207561336223,6.96342393699989,13.8349635203789,14.0137841461346,14.7668457267358,11.3710573070177
130.1,7,7,6.91768004860426,7.00691178445474,7.14211166906388,6.96320231861005,13.8353600972085,14.0138235689095,14.7666565066375,11.3735090686344
130.2,7,7,6.91787795119438,7.00693141051289,7.14214728756356,6.96298090369685,13.8357559023888,14.0138628210258,14.7664666385355,11.3759585056488
130.3,7,7,6.91807534248907,7.00695092408584,7.14218234623619,6.96275975838807,13.8361506849781,14.0139018481717,14.766275916656,11.3784048734939
130.4,7,7,6.91827234767242,7.00697035314586,7.1422169963148,6.96253881665375,13.8365446953448,14.0139407062917,14.7660845536259,11.3808489317771
130.5,7,7,6.91846896604019,7.00698969781979,7.1422512462341,6.96231807885919,13.8369379320804,14.0139793956396,14.7658925506009,11.3832906815077
130.6,7,7,6.91866519691111,7.00700895823558,7.14228510430638,6.96209754536209,13.8373303938222,14.0140179164712,14.7656999087368,11.3857301237142
130.7,7,7,6.91886103757623,7.00702813407988,7.14231857676252,6.96187721759379,13.8377220751525,14.0140562681598,14.765506625838,11.388167247296
130.8,7,7,6.91905636151335,7.00704719845819,7.14235155564666,6.9616571622811,13.8381127230267,14.0140943969164,14.7653124983723,11.3906013099003
130.9,7,7,6.91925129550716,7.00706617910415,7.142384174444,6.96143731259891,13.8385025910143,14.0141323582083,14.7651177366935,11.3930330693247
131,7,7,6.91944583902166,7.0070850761531,7.14241644068879,6.96121766885316,13.8388916780433,14.0141701523062,14.7649223419586,11.3954625267179
131.1,7,7,6.91963999154131,7.00710388974133,7.14244836180583,6.96099823134287,13.8392799830826,14.0142077794827,14.7647263153245,11.3978896832451
131.2,7,7,6.91983375050394,7.00712261956806,7.14247994338634,6.96077900145095,13.8396675010079,14.0142452391361,14.7645296546331,11.4003145279772
131.3,7,7,6.92002698862678,7.00714123901469,7.14251109057589,6.96056004639835,13.8400539772536,14.0142824780294,14.764332158594,11.402736321014
131.4,7,7,6.92021983393975,7.0071597755581,7.14254192100527,6.96034129868884,13.8404396678795,14.0143195511162,14.7641340352842,11.4051558180493
131.5,7,7,6.92041228605621,7.00717822934107,7.14257244140346,6.96012275857453,13.8408245721124,14.0143564586821,14.7639352858608,11.4075730203541
131.6,7,7,6.92060434460763,7.00719660050719,7.14260265840157,6.95990442630131,13.8412086892153,14.0143932010144,14.7637359114808,11.4099879292142
131.7,7,7,6.92079600716489,7.0072148887674,7.14263257701844,6.95968630320739,13.8415920143298,14.0144297775348,14.7635359100224,11.4124005338597
131.8,7,7,6.92098714594254,7.00723306779163,7.14266211409903,6.95946845691298,13.8419742918851,14.0144661355833,14.7633350824355,11.4148100970535
131.9,7,7,6.92117788990025,7.00725116478413,7.14269137311303,6.95925081936311,13.8423557798005,14.0145023295683,14.7631336345187,11.4172173721249
132,7,7,6.9213682387838,7.00726917989413,7.14272036006926,6.95903339076116,13.8427364775676,14.0145383597883,14.7629315674284,11.4196223604529
132.1,7,7,6.92155819235499,7.00728711327158,7.14274908088902,6.9588161713049,13.84311638471,14.0145742265432,14.7627288823204,11.4220250634293
132.2,7,7,6.92174774830547,7.00730496463836,7.142777540079,6.95859916229135,13.8434954966109,14.0146099292767,14.7625255771086,11.4244254704325
132.3,7,7,6.92193677857548,7.00732270796385,7.14280566492965,6.95838243165407,13.843873557151,14.0146454159277,14.7623214549795,11.4268228470727
132.4,7,7,6.92212541277463,7.0073403701658,7.14283354626394,6.95816591088119,13.8442508255493,14.0146807403316,14.7621167194542,11.429217944086
132.5,7,7,6.92231365076596,7.00735795139901,7.14286118944664,6.957949600132,13.8446273015319,14.014715902798,14.7619113716871,11.431610762946
132.6,7,7,6.92250149242673,7.00737545181891,7.14288859976427,6.95773349956078,13.8450029848535,14.0147509036378,14.7617054128323,11.4340013051376
132.7,7,7,6.92268893555828,7.00739287115764,7.14291578126522,6.95751761042646,13.8453778711166,14.0147857423153,14.7614988408382,11.4363895601775
132.8,7,7,6.92287585202871,7.00741018369334,7.14294267056411,6.95730200089843,13.8457517040574,14.0148203673867,14.7612914611232,11.438774796685
132.9,7,7,6.92306237184949,7.00742741604526,7.14296934719146,6.95708660210003,13.846124743699,14.0148548320905,14.7610834749331,11.4411577626016
133,7,7,6.92324849498743,7.00744456837299,7.14299581593609,6.95687141415072,13.8464969899749,14.014889136746,14.7608748834198,11.4435384594837
133.1,7,7,6.92343422142191,7.00746164083663,7.14302208151682,6.95665643716544,13.8468684428438,14.0149232816733,14.7606656877348,11.4459168888977
133.2,7,7,6.92361954905408,7.00747863317796,7.14304814757193,6.95644167236799,13.8472390981082,14.0149572663559,14.7604558858599,11.4482930404899
133.3,7,7,6.92380434985852,7.00749551999173,7.14307395903741,6.95622718809352,13.847608699717,14.0149910399835,14.7602452854393,11.4506661860296
133.4,7,7,6.92398875402893,7.00751232758844,7.14309958536247,6.95601291518387,13.8479775080579,14.0150246551769,14.7600340854477,11.4530370704871
133.5,7,7,6.92417276162384,7.0075290561317,7.14312503082087,6.95579885372254,13.8483455232477,14.0150581122634,14.7598222870336,11.4554056954913
133.6,7,7,6.92435637271284,7.00754570578556,7.14315029962377,6.95558500378902,13.8487127454257,14.0150914115711,14.7596098913451,11.4577720626797
133.7,7,7,6.92453958528806,7.00756227630086,7.14317539504239,6.95537136657456,13.8490791705761,14.0151245526017,14.759396896397,11.4601361618203
133.8,7,7,6.92472227158812,7.00757874259559,7.14320026943731,6.9551580105169,13.8494445431762,14.0151574851912,14.7591831120515,11.4624972679549
133.9,7,7,6.92490456179481,7.00759513066268,7.14322498325958,6.95494486625167,13.8498091235896,14.0151902613254,14.7589687350177,11.4648561229286
134,7,7,6.92508645604753,7.00761144066911,7.14324954032234,6.95473193382995,13.8501729120951,14.0152228813382,14.7587537664403,11.4672127284332
134.1,7,7,6.9252679544955,7.00762767278223,7.14327394438275,6.95451921329919,13.850535908991,14.0152553455645,14.7585382074633,11.4695670861681
134.2,7,7,6.92544905521384,7.00764382676139,7.14329819838352,6.95430670582059,13.8508981104277,14.0152876535228,14.7583220561336,11.4719191860155
134.3,7,7,6.92562963084412,7.00765987785329,7.14332226130788,6.95409447987755,13.8512592616882,14.0153197557066,14.7581051245227,11.474268306397
134.4,7,7,6.92580981138465,7.00767585172585,7.1433461855773,6.95388246596738,13.8516196227693,14.0153517034517,14.7578876070813,11.4766151858972
134.5,7,7,6.92598959704613,7.00769174854884,7.14336997459302,6.95367066411194,13.8519791940923,14.0153834970977,14.7576695049495,11.4789598262625
134.6,7,7,6.92616898804789,7.00770756849233,7.14339363170621,6.95345907432987,13.8523379760958,14.0154151369847,14.7574508192668,11.4813022292459
134.7,7,7,6.92634798254091,7.00772331132367,7.14341715956554,6.95324769775449,13.8526959650818,14.0154466226473,14.7572315481114,11.4836423848379
134.8,7,7,6.92652645369183,7.00773895262266,7.14344052305974,6.95303660286365,13.8530529073837,14.0154779052453,14.7570115057546,11.4859795749311
134.9,7,7,6.92670453116425,7.00775451772605,7.14346376744689,6.95282572007757,13.8534090623285,14.0155090354521,14.7567908843966,11.4883145347329
135,7,7,6.92688221523155,7.00777000680588,7.1434868957599,6.95261504939182,13.8537644304631,14.0155400136118,14.7565696851727,11.490647266037
135.1,7,7,6.92705950617469,7.00778542003436,7.14350991098688,6.95240459079908,13.8541190123494,14.0155708400687,14.7563479092172,11.4929777706426
135.2,7,7,6.92723640221413,7.00780075718644,7.14353281551329,6.95219434540687,13.8544728044283,14.0156015143729,14.756125554639,11.4953060386423
135.3,7,7,6.92741277714874,7.00781599417842,7.14355557949205,6.9519843816414,13.8548255542975,14.0156319883568,14.7559024378983,11.4976313554789
135.4,7,7,6.92758876017427,7.00783115601088,7.1435782417925,6.95177462990097,13.8551775203485,14.0156623120218,14.7556787489547,11.4999544528815
135.5,7,7,6.92776435161908,7.0078462428576,7.14360080511814,6.95156509015749,13.8555287032382,14.0156924857152,14.7554544889378,11.5022753326841
135.6,7,7,6.92793955181823,7.00786125489251,7.14362327213242,6.95135576238034,13.8558791036365,14.015722509785,14.7552296589763,11.5045939967256
135.7,7,7,6.92811435905587,7.00787619189768,7.14364564498516,6.95114664765307,13.8562287181117,14.0157523837954,14.7550042572093,11.5069104351957
135.8,7,7,6.92828864785698,7.00789103012854,7.14366789852006,6.95093781430893,13.856577295714,14.0157820602571,14.7547781022746,11.5092239371548
135.9,7,7,6.92846254683243,7.00790579424548,7.14369006591034,6.95072919277386,13.8569250936649,14.015811588491,14.7545513819012,11.5115352307661
136,7,7,6.92863605635875,7.00792048442358,7.14371214956497,6.95052078299857,13.8572721127175,14.0158409688472,14.7543240972126,11.5138443178981
136.1,7,7,6.92880917681829,7.00793510083805,7.14373415185709,6.95031258493149,13.8576183536366,14.0158702016761,14.7540962493318,11.5161512004236
136.2,7,7,6.92898190655379,7.00794964327768,7.14375607472552,6.95010459963393,13.8579638131076,14.0158992865554,14.7538678364273,11.5184558686246
136.3,7,7,6.92915412089821,7.00796408833888,7.14377789719199,6.94989689530909,13.8583082417964,14.0159281766778,14.7536386793024,11.520757615236
136.4,7,7,6.929325947775,7.00797846033872,7.14379964735299,6.94968940245512,13.85865189555,14.0159569206774,14.7534089634666,11.5230571647806
136.5,7,7,6.92949738760274,7.00799275945322,7.14382132735413,6.94948212100371,13.8589947752055,14.0159855189064,14.7531786900373,11.5253545191562
136.6,7,7,6.92966844080505,7.00800698585845,7.14384293930896,6.94927505088455,13.8593368816101,14.0160139717169,14.752947860131,11.5276496802641
136.7,7,7,6.92983910577861,7.0080211393496,7.14386448496735,6.9490681931382,13.8596782115572,14.0160422786992,14.7527164719452,11.5299426384743
136.8,7,7,6.93000925873568,7.00803519686516,7.14388594707055,6.94886161580467,13.8600185174714,14.0160703937303,14.752484348436,11.5322326902442
136.9,7,7,6.9301790268226,7.00804918237663,7.14390734919223,6.94865524949429,13.8603580536452,14.0160983647533,14.7522516729053,11.5345205563925
137,7,7,6.9303484104945,7.00806309606059,7.14392869324248,6.94844909412172,13.860696820989,14.0161261921212,14.7520184464639,11.5368062388416
137.1,7,7,6.93051741021095,7.00807693809364,7.14394998110274,6.94824314959986,13.8610348204219,14.0161538761873,14.7517846702219,11.5390897395165
137.2,7,7,6.93068602441839,7.00809070827705,7.14397121435368,6.94803741694999,13.8613720488368,14.0161814165541,14.751550342405,11.5413710488716
137.3,7,7,6.93085413027014,7.00810438389186,7.14399237904609,6.94783196401923,13.8617082605403,14.0162087677837,14.7513152881087,11.5436494671263
137.4,7,7,6.9310218540573,7.00811798856252,7.14401349472606,6.94762672156592,13.8620437081146,14.016235977125,14.7510796884402,11.5459257113416
137.5,7,7,6.93118919626669,7.00813152246585,7.14403456309311,6.94742168948951,13.8623783925334,14.0162630449317,14.7508435445034,11.5481997834602
137.6,7,7,6.93135615738898,7.00814498577864,7.14405558582115,6.94721686768789,13.862712314778,14.0162899715573,14.7506068574014,11.550471685427
137.7,7,7,6.93152273591665,7.00815837830794,7.1440765643393,6.94701225716433,13.8630454718333,14.0163167566159,14.7503696253879,11.5527414077769
137.8,7,7,6.93168880999746,7.00817167767732,7.14409748764131,6.94680792554662,13.8633776199949,14.0163433553546,14.750131675684,11.5550082545237
137.9,7,7,6.9318545049993,7.0081849071633,7.14411837168856,6.94660380377316,13.8637090099986,14.0163698143266,14.7498931872153,11.5572729389263
138,7,7,6.93201982143635,7.00819806694265,7.1441392179923,6.94639989172981,13.8640396428727,14.0163961338853,14.7496541610786,11.5595354629437
138.1,7,7,6.9321847598261,7.00821115719211,7.14416002804087,6.94619618930109,13.8643695196522,14.0164223143842,14.7494145983697,11.5617958285369
138.2,7,7,6.93234931870371,7.00822417772418,7.14418080312761,6.94599269747345,13.8646986374074,14.0164483554484,14.74917449737,11.5640540263184
138.3,7,7,6.9325133772572,7.00823710650445,7.14420153486154,6.94578948363176,13.8650267545144,14.0164742130089,14.7489336874119,11.566309364122
138.4,7,7,6.93267705987244,7.00824996646123,7.14422223601526,6.9455864789231,13.8653541197449,14.0164999329225,14.748692345253,11.5685625513676
138.5,7,7,6.93284036708712,7.00826275777102,7.14424290793169,6.94538368322126,13.8656807341742,14.016525515542,14.748450471983,11.5708135900275
138.6,7,7,6.93300329944174,7.00827548061022,7.14426355193327,6.94518109639883,13.8660065988835,14.0165509612204,14.7482080686902,11.5730624820753
138.7,7,7,6.93316585551109,7.00828813479656,7.1442841691917,6.94497871942651,13.8663317110222,14.0165762695931,14.747965133683,11.5753092181983
138.8,7,7,6.93332791556254,7.00830069863662,7.14430475363822,6.94477661942535,13.8666558311251,14.0166013972732,14.7477214983907,11.5775531100703
138.9,7,7,6.93348960294934,7.00831319471083,7.14432531521071,6.9445747277766,13.8669792058987,14.0166263894217,14.7474773374173,11.5797948632424
139,7,7,6.93365091822921,7.00832562319515,7.1443458551016,6.9443730443433,13.8673018364584,14.0166512463903,14.7472326518448,11.5820344796971
139.1,7,7,6.93381186196229,7.00833798426544,7.14436637448499,6.9441715689875,13.8676237239246,14.0166759685309,14.7469874427542,11.584271961418
139.2,7,7,6.93397243276026,7.00835027774442,7.14438687442355,6.94397030266509,13.8679448655205,14.0167005554888,14.7467417084802,11.5865072991644
139.3,7,7,6.93413251200294,7.00836248227827,7.14440735090885,6.94376931221476,13.8682650240059,14.0167249645565,14.7464952825343,11.5887398084648
139.4,7,7,6.9342922219676,7.00837462010029,7.14442781136055,6.94356852927462,13.8685844439352,14.0167492402006,14.7462483373814,11.5909701909784
139.5,7,7,6.93445156322895,7.00838669138574,7.14444825683651,6.9433679536982,13.8689031264579,14.0167733827715,14.7460008740958,11.5931984486951
139.6,7,7,6.93461053636368,7.0083986963097,7.14446868837824,6.94316758533817,13.8692210727274,14.0167973926194,14.7457528937507,11.5954245836056
139.7,7,7,6.93476914001795,7.00841063469967,7.14448910695073,6.94296742513654,13.8695382800359,14.0168212693993,14.7455043947071,11.5976485865393
139.8,7,7,6.93492725671179,7.0084224855397,7.14450951037162,6.94276753963323,13.8698545134236,14.0168449710794,14.7452552125433,11.5998697768894
139.9,7,7,6.93508500760963,7.00843427071717,7.14452990382536,6.94256786074335,13.8701700152193,14.0168685414343,14.7450055176001,11.6020888524053
140,7,7,6.93524239330038,7.00844599040641,7.14455028824955,6.94236838831202,13.8704847866008,14.0168919808128,14.744755310944,11.604305815082
140.1,7,7,6.93539941437466,7.00845764478159,7.14457066456715,6.94216912218364,13.8707988287493,14.0169152895632,14.7445045936402,11.6065206669152
140.2,7,7,6.93555606951084,7.00846923367477,7.14459103365552,6.94197006328716,13.8711121390217,14.0169384673495,14.7442533640757,11.6087333988018
140.3,7,7,6.9357122423922,7.00848073640583,7.14461139494914,6.94177127784925,13.8714244847844,14.0169614728117,14.7440014598803,11.6109433340062
140.4,7,7,6.93586805303922,7.00849217451777,7.14463175165018,6.94157269807988,13.8717361060784,14.0169843490355,14.7437490492857,11.6131511663551
140.5,7,7,6.93602350205262,7.00850354818387,7.14465210458874,6.94137432381674,13.8720470041052,14.0170070963677,14.7434961333506,11.6153568978464
140.6,7,7,6.93617859003448,7.00851485757723,7.14467245458179,6.94117615489696,13.872357180069,14.0170297151545,14.7432427131322,11.6175605304787
140.7,7,7,6.93633331569342,7.00852610253425,7.14469280242816,6.94097819223714,13.8726666313868,14.0170522050685,14.7429887870431,11.6197620552147
140.8,7,7,6.93648756389476,7.00853726270833,7.14471314899201,6.94078050173807,13.8729751277895,14.0170745254167,14.7427341947486,11.6219607991922
140.9,7,7,6.93664145348909,7.00854835930004,7.14473349571942,6.94058301592027,13.8732829069782,14.0170967186001,14.7424791023875,11.6241574523067
141,7,7,6.93679498508673,7.00855939248143,7.14475384334435,6.94038573461494,13.8735899701735,14.0171187849629,14.7422235110102,11.6263520165576
141.1,7,7,6.93694815929913,7.00857036242439,7.14477419258911,6.94018865765278,13.8738963185983,14.0171407248488,14.741967421666,11.6285444939443
141.2,7,7,6.93710097486333,7.00858126896951,7.144794544182,6.9399917859388,13.8742019497267,14.017162537939,14.7417108327924,11.6307348754934
141.3,7,7,6.93725331784175,7.00859209210113,7.14481490024971,6.93979518503675,13.8745066356835,14.0171841842023,14.741453586075,11.6329224922156
141.4,7,7,6.93740530589369,7.00860285267957,7.1448352606843,6.93959878779156,13.8748106117874,14.0172057053591,14.7411958455749,11.6351080300707
141.5,7,7,6.93755693963714,7.00861355087559,7.14485562613388,6.93940259402876,13.8751138792743,14.0172271017512,14.7409376123344,11.6372914910577
141.6,7,7,6.93770821969103,7.0086241868597,7.14487599723607,6.93920660357346,13.8754164393821,14.0172483737194,14.7406788873946,11.6394728771754
141.7,7,7,6.93785914481918,7.00863476047655,7.14489637465598,6.93901081731964,13.8757182896384,14.0172695209531,14.7404196692179,11.6416521795127
141.8,7,7,6.93800960229284,7.0086452520386,7.14491676163327,6.93881530048439,13.8760192045857,14.0172905040772,14.7401598014942,11.6438287329493
141.9,7,7,6.93815970856267,7.00865568206845,7.14493715668675,6.93861998624918,13.8763194171253,14.0173113641369,14.7398994462227,11.6460032195088
142,7,7,6.93830946425267,7.0086660507354,7.14495756038775,6.93842487443461,13.8766189285053,14.0173321014708,14.7396386044375,11.648175641188
142.1,7,7,6.93845886998751,7.00867635820852,7.14497797329825,6.93822996486092,13.876917739975,14.017352716417,14.7393772771718,11.6503459999836
142.2,7,7,6.93860792455634,7.00868660433634,7.14499839602658,6.93803525841163,13.8772158491127,14.0173732086727,14.7391154629122,11.6525142870455
142.3,7,7,6.93875651644797,7.0086967697565,7.14501883279189,6.93784081994883,13.8775130328959,14.017393539513,14.7388530073369,11.6546798411164
142.4,7,7,6.93890476089074,7.00870687465658,7.14503928090118,6.93764658300111,13.8778095217815,14.0174137493132,14.7385900703995,11.6568433402854
142.5,7,7,6.93905265851311,7.00871691920432,7.14505974085717,6.9374525473848,13.8781053170262,14.0174338384086,14.738326653126,11.6590047865461
142.6,7,7,6.93920020994402,7.00872690356727,7.14508021315425,6.93725871291593,13.878400419888,14.0174538071345,14.7380627565411,11.6611641818919
142.7,7,7,6.9393474139966,7.00873682759768,7.14510069834977,6.93706508046808,13.8786948279932,14.0174736551954,14.7377983791557,11.6633215175322
142.8,7,7,6.93949416038334,7.00874667225526,7.14512120152304,6.93687171454113,13.8789883207667,14.0174933445105,14.7375333686201,11.6654761360642
142.9,7,7,6.93964056309979,7.00875645739545,7.14514171891353,6.93667854902003,13.8792811261996,14.0175129147909,14.7372678828587,11.6676287116476
143,7,7,6.93978662277748,7.0087661831844,7.14516225096269,6.93648558371739,13.879573245555,14.0175323663688,14.737001922889,11.6697792462716
143.1,7,7,6.93993234004833,7.00877584978801,7.14518279810449,6.93629281844567,13.8798646800967,14.017551699576,14.7367354897274,11.6719277419251
143.2,7,7,6.94007771374822,7.00878545706215,7.1452033608505,6.93610025406897,13.8801554274964,14.0175709141243,14.7364685819087,11.6740741898756
143.3,7,7,6.94022263481711,7.00879498628531,7.14522394503357,6.93590795471883,13.8804452696342,14.0175899725706,14.7362010490394,11.6762179365649
143.4,7,7,6.94036721601011,7.00880445698392,7.1452445459546,6.93571585464447,13.8807344320202,14.0176089139678,14.7359330470306,11.6783596522302
143.5,7,7,6.94051145796068,7.00881386932242,7.14526516400029,6.93552395365536,13.8810229159214,14.0176277386448,14.7356645768915,11.6804993388554
143.6,7,7,6.94065536130247,7.00882322346503,7.14528579955064,6.9353322515609,13.8813107226049,14.0176464469301,14.7353956396303,11.6826369984239
143.7,7,7,6.94079892489303,7.00883251927109,7.1453064530761,6.93514074921614,13.8815978497861,14.0176650385422,14.7351262338053,11.6847726222604
143.8,7,7,6.94094204090156,7.00884173833451,7.14532713106775,6.93494951037913,13.8818840818031,14.017683476669,14.7348562109629,11.6869055606387
143.9,7,7,6.94108482083757,7.00885089985591,7.14534782800321,6.93475846967013,13.8821696416751,14.0177017997118,14.7345857250175,11.6890364798833
144,7,7,6.94122726533539,7.00886000399802,7.14536854422022,6.93456762689598,13.8824545306708,14.017720007996,14.7343147769698,11.6911653819719
144.1,7,7,6.94136937502939,7.00886905092326,7.14538928005061,6.93437698186348,13.8827387500588,14.0177381018465,14.7340433678198,11.6932922688814
144.2,7,7,6.94151114879779,7.00887804049438,7.1454100359278,6.93418653541905,13.8830222975956,14.0177560809888,14.733771496149,11.6954171319926
144.3,7,7,6.94165248003889,7.00888695461716,7.14543081891612,6.93399635094291,13.8833049600778,14.0177739092343,14.7334990154277,11.6975393253979
144.4,7,7,6.94179347901378,7.00889581216986,7.14545162277276,6.93380636343215,13.8835869580276,14.0177916243397,14.7332260775898,11.6996595115203
144.5,7,7,6.9419341463567,7.00890461331337,7.1454724477918,6.93361657269141,13.8838682927134,14.0178092266267,14.7329526836277,11.7017776923305
144.6,7,7,6.94207448270183,7.00891335820833,7.14549329426197,6.93342697852533,13.8841489654037,14.0178267164167,14.7326788345329,11.7038938697982
144.7,7,7,6.94221448694711,7.00892204672073,7.14551416258344,6.93323758177205,13.8844289738942,14.0178440934415,14.7324045289101,11.7060080353592
144.8,7,7,6.94235405371828,7.00893066106471,7.14553506031778,6.93304844543042,13.8847081074366,14.0178613221294,14.7321296221372,11.7081195469096
144.9,7,7,6.94249329202711,7.00893921979959,7.14555598059372,6.93285950487923,13.8849865840542,14.0178784395992,14.731854264184,11.7102290629839
145,7,7,6.94263220250691,7.00894772308445,7.14557692366632,6.93267075992129,13.8852644050138,14.0178954461689,14.7315784560346,11.712336585545
145.1,7,7,6.94277078579085,7.00895617107805,7.14559788978587,6.93248221035949,13.8855415715817,14.0179123421561,14.7313021986723,11.714442116555
145.2,7,7,6.9429090407958,7.00896456364956,7.14561887932257,6.932293857024,13.8858180815916,14.0179291272991,14.7310254907243,11.7165456475036
145.3,7,7,6.94304686337177,7.00897288331779,7.14563990026741,6.93210576252947,13.8860937267435,14.0179457666356,14.7307481894601,11.7186465400743
145.4,7,7,6.94318436128208,7.00898114832676,7.14566094520279,6.93191786264037,13.8863687225642,14.0179622966535,14.7304704429019,11.7207454489279
145.5,7,7,6.9433215351584,7.00898935883365,7.14568201434891,6.93173015715808,13.8866430703168,14.0179787176673,14.7301922520255,11.7228423760189
145.6,7,7,6.94345838563217,7.00899751499534,7.14570310792175,6.93154264588407,13.8869167712643,14.0179950299907,14.7299136178059,11.7249373233007
145.7,7,7,6.9435949116384,7.00900561668407,7.14572422626451,6.93135532964087,13.8871898232768,14.0180112333681,14.7296345388927,11.7270302823165
145.8,7,7,6.94373101024703,7.00901364671964,7.14574537773707,6.93116827065666,13.8874620204941,14.0180272934393,14.7293548744308,11.7291206185201
145.9,7,7,6.94386678797532,7.0090216230344,7.14576655444878,6.9309814050849,13.8877335759506,14.0180432460688,14.7290747705112,11.731208982714
146,7,7,6.94400224545266,7.00902954578362,7.14578775658877,6.93079473272584,13.8880044909053,14.0180590915672,14.7287942281014,11.7332953768439
146.1,7,7,6.94413738330813,7.00903741512228,7.14580898434237,6.93060825337985,13.8882747666163,14.0180748302446,14.7285132481681,11.7353798028542
146.2,7,7,6.9442722004942,7.00904523092557,7.14583023802845,6.93042196786207,13.8885444009884,14.0180904618511,14.7282318293831,11.7374622523406
146.3,7,7,6.94440659529523,7.00905297631055,7.1458515263217,6.9302359380126,13.8888131905905,14.0181059526211,14.7279498327506,11.7395420945091
146.4,7,7,6.94454067298623,7.00906066890165,7.14587284092395,6.93005010037645,13.8890813459725,14.0181213378033,14.7276674024468,11.7416199763209
146.5,7,7,6.94467443419372,7.00906830885219,7.14589418199655,6.92986445475304,13.8893488683874,14.0181366177044,14.727384539431,11.7436958997123
146.6,7,7,6.94480787954388,7.0090758963152,7.1459155496975,6.92967900094191,13.8896157590878,14.0181517926304,14.7271012446614,11.7457698666184
146.7,7,7,6.94494100800599,7.00908343116881,7.14593694432371,6.9294937397511,13.889882016012,14.0181668623376,14.726817516832,11.7478418686866
146.8,7,7,6.94507371907241,7.00909089682347,7.1459583748165,6.92930873263142,13.8901474381448,14.0181817936469,14.7265332187902,11.7499112788562
146.9,7,7,6.94520611678083,7.00909831059951,7.14597983252856,6.92912391652145,13.8904122335617,14.018196621199,14.7262484928137,11.751978740265
147,7,7,6.94533820175446,7.0091056726483,7.1460013175965,6.92893929122002,13.8906764035089,14.0182113452966,14.7259633398536,11.7540442548396
147.1,7,7,6.94546997461606,7.00911298312091,7.14602283015388,6.92875485652612,13.8909399492321,14.0182259662418,14.7256777608598,11.7561078245053
147.2,7,7,6.94560143435114,7.00912024189826,7.14604437047785,6.92857061324091,13.8912028687023,14.0182404837965,14.725391754548,11.7581694409605
147.3,7,7,6.94573248165278,7.00912743268046,7.14606594773327,6.92838662242519,13.8914649633056,14.0182548653609,14.7251051855929,11.7602284808582
147.4,7,7,6.94586321932739,7.00913457248754,7.1460875529759,6.92820282141259,13.8917264386548,14.0182691449751,14.7248181943902,11.7622855835317
147.5,7,7,6.94599364799441,7.00914166146887,7.14610918632025,6.92801921000156,13.8919872959888,14.0182833229377,14.7245307818827,11.7643407508975
147.6,7,7,6.94612376827277,7.00914869977358,7.14613084787812,6.92783578799078,13.8922475365455,14.0182973995472,14.7242429490119,11.7663939848707
147.7,7,7,6.94625357916367,7.00915568728533,7.14615253790874,6.92765255617472,13.8925071583273,14.0183113745707,14.7239546945154,11.7684452772001
147.8,7,7,6.94638298255288,7.00916260799002,7.14617426576223,6.92746957522388,13.8927659651058,14.01832521598,14.7236658848788,11.7704940082323
147.9,7,7,6.9465120800225,7.00916947861123,7.1461960222439,6.92728678286789,13.893024160045,14.0183389572225,14.7233766586323,11.7725408135155
148,7,7,6.94664087218781,7.00917629929639,7.14621780744854,6.92710417890505,13.8932817443756,14.0183525985928,14.7230870167103,11.7745856949558
148.1,7,7,6.94676935966354,7.00918307019261,7.14623962146857,6.92692176313391,13.8935387193271,14.0183661403852,14.7227969600462,11.7766286544579
148.2,7,7,6.94689754146608,7.00918979118625,7.14626146454701,6.92673953634248,13.8937950829322,14.0183795823725,14.7225064873989,11.7786696838204
148.3,7,7,6.94702532066524,7.00919644654514,7.14628334618504,6.92655755881099,13.8940506413305,14.0183928930903,14.7222154670494,11.7807081670627
148.4,7,7,6.94715279762656,7.00920305270033,7.146305256979,6.9263757686656,13.8943055952531,14.0184061054007,14.7219240356784,11.7827447359682
148.5,7,7,6.94727997296083,7.00920960979725,7.14632719700614,6.92619416570466,13.8945599459217,14.0184192195945,14.7216321942121,11.7847793924323
148.6,7,7,6.94740684727825,7.00921611798105,7.14634916634158,6.92601274972676,13.8948136945565,14.0184322359621,14.7213399435757,11.7868121383491
148.7,7,7,6.94753341960997,7.00922257714067,7.14637116521366,6.92583152151361,13.8950668392199,14.0184451542813,14.7210472825491,11.7888429655661
148.8,7,7,6.94765959420061,7.00922897182206,7.14639320324415,6.92565054095559,13.8953191884012,14.0184579436441,14.7207540811933,11.7908712617549
148.9,7,7,6.9477854702076,7.00923531816762,7.14641527085743,6.92546974657551,13.8955709404152,14.0184706363352,14.7204604743552,11.7928976549546
149,7,7,6.94791104823696,7.00924161632079,7.14643736811512,6.92528913817192,13.8958220964739,14.0184832326416,14.720166462953,11.7949221470497
149.1,7,7,6.9480363288941,7.00924786642473,7.1464594950769,6.92510871554364,13.8960726577882,14.0184957328495,14.7198720479039,11.7969447399233
149.2,7,7,6.94816131122447,7.00925406837092,7.14648165195785,6.92492847946625,13.8963226224489,14.0185081367418,14.7195772280085,11.7989654254717
149.3,7,7,6.94828590063785,7.0092602069796,7.14650384847314,6.9247484894409,13.8965718012757,14.0185204139592,14.7192818750918,11.8009835949968
149.4,7,7,6.94841019509258,7.00926629810839,7.14652607490821,6.92456868438687,13.8968203901852,14.0185325962168,14.7189861221835,11.8029998728148
149.5,7,7,6.9485341951897,7.00927234189877,7.14654833131073,6.92438906410307,13.8970683903794,14.0185446837975,14.7186899701936,11.8050142607991
149.6,7,7,6.94865790152959,7.0092783384919,7.14657061772665,6.92420962838867,13.8973158030592,14.0185566769838,14.7183934200311,11.8070267608216
149.7,7,7,6.94878131317161,7.00928428778177,7.14659293435898,6.9240303780133,13.8975626263432,14.0185685755635,14.7180964705175,11.8090373648268
149.8,7,7,6.94890433668055,7.00929017485901,7.14661529099218,6.92385137208978,13.8978086733611,14.018580349718,14.7177989952259,11.8110454677254
149.9,7,7,6.94902706882534,7.00929601530042,7.14663767780209,6.92367254993336,13.8980541376507,14.0185920306008,14.7175011253848,11.813051690132
150,7,7,6.94914951020176,7.00930180924551,7.14666009482396,6.92349391134341,13.8982990204035,14.018603618491,14.7172028618962,11.8150560339088
150.1,7,7,6.94927166140497,7.00930755683345,7.14668254209155,6.92331545611962,13.8985433228099,14.0186151136669,14.7169042056611,11.8170585009166
150.2,7,7,6.94939352150787,7.00931325796065,7.14670501979687,6.92313718502577,13.8987870430157,14.0186265159213,14.7166051555212,11.8190590831474
150.3,7,7,6.94951499821986,7.00931889798435,7.14672753777218,6.92295915678753,13.8990299964397,14.0186377959687,14.7163055867828,11.8210571790986
150.4,7,7,6.94963618713044,7.00932449220442,7.14675008610988,6.9227813111153,13.8992723742609,14.0186489844088,14.7160056288886,11.8230534057054
150.5,7,7,6.94975708883001,7.00933004075838,7.14677266483419,6.92260364780907,13.89951417766,14.0186600815168,14.7157052827329,11.8250477648186
150.6,7,7,6.94987770390828,7.00933554378345,7.14679527396797,6.9224261666691,13.8997554078166,14.0186710875669,14.7154045492084,11.8270402582877
150.7,7,7,6.9499980314514,7.0093410011784,7.14681791369329,6.92224886845351,13.8999960629028,14.0186820023568,14.7151034271773,11.8290308781517
150.8,7,7,6.95011798030259,7.00934639856325,7.14684059387105,6.92207181150213,13.9002359606052,14.0186927971265,14.7148017936632,11.8310190264726
150.9,7,7,6.95023764488238,7.00935175096484,7.14686330453351,6.9218949359195,13.9004752897648,14.0187035019297,14.7144997763394,11.8330053165283
151,7,7,6.95035702577562,7.00935705851874,7.14688604569507,6.92171824150628,13.9007140515512,14.0187141170375,14.7141973760919,11.8349897501583
151.1,7,7,6.95047612356648,7.0093623213602,7.14690881736892,6.92154172806348,13.900952247133,14.0187246427204,14.7138945938058,11.8369723292003
151.2,7,7,6.95059493735395,7.00936753939029,7.14693161972805,6.92136539634363,13.9011898747079,14.0187350787806,14.7135914283631,11.8389530457403
151.3,7,7,6.95071337710417,7.00937269848805,7.14695446264502,6.92118930430226,13.9014267542083,14.0187453969761,14.7132877584895,11.8409313053824
151.4,7,7,6.95083153607942,7.00937781341117,7.14697733611265,6.92101339243677,13.9016630721588,14.0187556268223,14.7129837101045,11.8429077177696
151.5,7,7,6.95094941485888,7.00938288429324,7.14700024013662,6.92083766054863,13.9018988297178,14.0187657685865,14.7126792840863,11.8448822847298
151.6,7,7,6.95106701402102,7.00938791126757,7.14702317472156,6.92066210843963,13.902134028042,14.0187758225351,14.7123744813119,11.8468550080894
151.7,7,7,6.95118433267745,7.00939289423751,7.14704614003212,6.92048673685686,13.9023686653549,14.018785788475,14.7120693006833,11.8488258799804
151.8,7,7,6.95130128190598,7.00939781933731,7.14706914593747,6.92031160337323,13.902602563812,14.0187956386746,14.711763622613,11.8507943095268
151.9,7,7,6.95141795382168,7.00940270105939,7.14709218240942,6.92013664887756,13.9028359076434,14.0188054021188,14.7114575712823,11.8527609027592
152,7,7,6.95153434899798,7.00940753953539,7.14711524944589,6.91996187317219,13.903068697996,14.0188150790708,14.7111511475615,11.8547256614941
152.1,7,7,6.95165046800754,7.00941233489668,7.14713834704389,6.91978727605979,13.9033009360151,14.0188246697934,14.7108443523197,11.8566885875461
152.2,7,7,6.95176630997429,7.00941708704882,7.14716147536045,6.91961285828208,13.9035326199486,14.0188341740976,14.7105371844787,11.8586496730931
152.3,7,7,6.95188178707638,7.00942178237757,7.147184644248,6.91943867703121,13.9037635741528,14.0188435647551,14.7102295261227,11.8606083307563
152.4,7,7,6.95199699029294,7.00942643511388,7.14720784367365,6.91926467358577,13.9039939805859,14.0188528702278,14.7099214997101,11.862565162977
152.5,7,7,6.95211192019153,7.00943104538748,7.14723107362847,6.91909084774904,13.9042238403831,14.018862090775,14.7096131061036,11.8645201715597
152.6,7,7,6.95222657733897,7.00943561332781,7.14725433410269,6.91891719932465,13.9044531546779,14.0188712266556,14.7093043461646,11.8664733583076
152.7,7,7,6.9523409608712,7.00944013884259,7.14727762524639,6.91874372904908,13.9046819217424,14.0188802776852,14.708995218834,11.8684247154439
152.8,7,7,6.95245498405525,7.00944460856538,7.14730095688336,6.91857049373563,13.9049099681105,14.0188892171308,14.7086856078531,11.8703736590645
152.9,7,7,6.95256873674576,7.00944903646949,7.14732431899056,6.91839743505088,13.9051374734915,14.018898072939,14.7083756339729,11.8723207880439
153,7,7,6.95268221950435,7.00945342268273,7.14734771155296,6.91822455279913,13.9053644390087,14.0189068453655,14.7080652980482,11.8742661041752
153.1,7,7,6.95279543289191,7.00945776733262,7.1473711345548,6.91805184678503,13.9055908657838,14.0189155346652,14.7077546009328,11.8762096092498
153.2,7,7,6.95290837605619,7.00946207032903,7.14739458813979,6.91787931773989,13.9058167521124,14.0189241406581,14.7074435415869,11.8781512955358
153.3,7,7,6.95302096334149,7.00946631854961,7.14741808209258,6.91770702210022,13.906041926683,14.0189326370992,14.7071320053935,11.8800905825812
153.4,7,7,6.95313328348956,7.00947052571382,7.14744160641283,6.9175349019187,13.9062665669791,14.0189410514276,14.7068201114117,11.8820280657168
153.5,7,7,6.95324533705604,7.00947469194758,7.14746516108014,6.9173629570007,13.9064906741121,14.0189493838952,14.7065078604887,11.8839637467239
153.6,7,7,6.95335712459583,7.00947881737652,7.14748874607344,6.91719118715193,13.9067142491917,14.018957634753,14.7061952534704,11.8858976273823
153.7,7,7,6.95346864526826,7.00948290191257,7.14751236153055,6.91701959309863,13.9069372905365,14.0189658038251,14.7058822893363,11.8878297000048
153.8,7,7,6.95357981448324,7.00948693267387,7.14753601718773,6.91684823090267,13.9071596289665,14.0189738653477,14.7055688550962,11.8897593875686
153.9,7,7,6.95369071988135,7.00949092312976,7.14755970307874,6.9166770430008,13.9073814397627,14.0189818462595,14.7052550681327,11.891687281884
154,7,7,6.95380136201222,7.0094948734043,7.14758341917842,6.91650602919949,13.9076027240244,14.0189897468086,14.7049409292852,11.8936133847204
154.1,7,7,6.95391174142472,7.00949878362123,7.14760716546103,6.91633518930556,13.9078234828494,14.0189975672425,14.704626439392,11.895537697846
154.2,7,7,6.95402185728952,7.00950265369452,7.14763094205894,6.91616452404028,13.908043714579,14.019005307389,14.7043115974515,11.8974602136178
154.3,7,7,6.95413162607047,7.00950647097917,7.14765475865183,6.91599408909309,13.9082632521409,14.0190129419583,14.7039962920859,11.8993803584198
154.4,7,7,6.95424113431877,7.00951024869816,7.14767860531768,6.91582382728268,13.9084822686375,14.0190204973963,14.7036806390159,11.9012987205644
154.5,7,7,6.95435038257799,7.00951398697365,7.14770248202709,6.91565373841667,13.908700765156,14.0190279739473,14.7033646390736,11.9032153018096
154.6,7,7,6.95445937139099,7.00951768592755,7.14772638875019,6.91548382230305,13.908918742782,14.0190353718551,14.7030482930897,11.9051301039118
154.7,7,7,6.95456809993955,7.00952134547582,7.14775032561435,6.91531407965816,13.9091361998791,14.0190426909516,14.7027316000811,11.9070431192718
154.8,7,7,6.95467648572972,7.00952495320675,7.14777430223545,6.91514456580133,13.9093529714594,14.0190499064135,14.702414450268,11.9089537776578
154.9,7,7,6.95478461423518,7.00952852210061,7.14779830874455,6.91497522393096,13.9095692284704,14.0190570442012,14.7020969577243,11.9108626639075
155,7,7,6.95489248599346,7.00953205227775,7.14782234510857,6.91480605385587,13.9097849719869,14.0190641045555,14.7017791232746,11.9127697797673
155.1,7,7,6.95500010154137,7.00953554385821,7.14784641129398,6.91463705538524,13.9100002030827,14.0190710877164,14.7014609477421,11.9146751269818
155.2,7,7,6.95510746007158,7.00953899675993,7.14787050742351,6.91446822923057,13.9102149201432,14.0190779935199,14.7011424301622,11.9165786979953
155.3,7,7,6.95521448012065,7.00954239880094,7.1478946430429,6.91429963034341,13.9104289602413,14.0190847976019,14.7008234623384,11.9184799259378
155.4,7,7,6.95532124609662,7.00954576272247,7.14791880834416,6.91413120229961,13.9106424921932,14.0190915254449,14.7005041567129,11.9203793921952
155.5,7,7,6.95542775853099,7.00954908864305,7.14794300329095,6.91396294490919,13.910855517062,14.0190981772861,14.7001845141027,11.9222770985021
155.6,7,7,6.95553401795447,7.00955237668089,7.14796722784654,6.91379485798255,13.9110680359089,14.0191047533618,14.6998645353236,11.9241730465916
155.7,7,7,6.95564002357051,7.00955562675587,7.14799148212937,6.91362694222642,13.911280047141,14.0191112535117,14.6995442194294,11.9260672289512
155.8,7,7,6.95574569493436,7.00955882691225,7.14801577560942,6.91345925222701,13.9114913898687,14.0191176538245,14.6992234597924,11.9279590820499
155.9,7,7,6.95585111540041,7.00956198965585,7.14804009854661,6.91329173193522,13.9117022308008,14.0191239793117,14.6989023672379,11.9298491838449
156,7,7,6.95595628549408,7.00956511510339,7.14806445090172,6.91312438116231,13.9119125709882,14.0191302302068,14.6985809425755,11.9317375360591
156.1,7,7,6.95606120574005,7.00956820337129,7.14808883263523,6.91295719971994,13.9121224114801,14.0191364067426,14.6982591866135,11.9336241404141
156.2,7,7,6.95616587535229,7.0095712543813,7.14811324386155,6.91279018831012,13.9123317507046,14.0191425087626,14.6979370984239,11.9355089894403
156.3,7,7,6.95627021489311,7.00957425640048,7.14813769397008,6.91262340115618,13.9125404297862,14.019148512801,14.6976145729338,11.9373915229232
156.4,7,7,6.9563743066751,7.00957722170281,7.14816217329469,6.91245678258162,13.9127486133502,14.0191544434056,14.6972917193661,11.9392723154141
156.5,7,7,6.95647815121767,7.0095801504032,7.14818668179366,6.91229033239901,13.9129563024353,14.0191603008064,14.6969685385228,11.9411513686245
156.6,7,7,6.95658174903945,7.00958304261632,7.14821121942501,6.91212405042125,13.9131634980789,14.0191660852326,14.6966450312052,11.9430286842645
156.7,7,7,6.95668509936477,7.00958589826575,7.14823578629941,6.91195793734572,13.9133701987295,14.0191717965315,14.6963211965033,11.9449042549067
156.8,7,7,6.95678812375131,7.00958870583793,7.14826039172141,6.91179204703534,13.9135762475026,14.0191774116759,14.6959969308844,11.9467775236311
156.9,7,7,6.9568909034818,7.00959147737853,7.14828502610415,6.91162632418377,13.9137818069636,14.0191829547571,14.6956723419839,11.9486490616061
157,7,7,6.95699343906963,7.00959421300071,7.14830968940375,6.91146076860486,13.9139868781393,14.0191884260014,14.6953474305964,11.9505188705315
157.1,7,7,6.95709573102741,7.00959691281736,7.14833438157607,6.91129538011281,13.9141914620548,14.0191938256347,14.6950221975159,11.9523869521058
157.2,7,7,6.95719777858966,7.00959957675387,7.14835910272829,6.9111301594004,13.9143955571793,14.0191991535077,14.6946966418501,11.954253298944
157.3,7,7,6.95729950429779,7.0096021935127,7.1483838620764,6.91096515997268,13.9145990085956,14.0192043870254,14.6943706615932,11.9561173573981
157.4,7,7,6.95740098841657,7.00960477491469,7.14840865011748,6.91080032689095,13.9148019768331,14.0192095498294,14.6940443628068,11.9579796952762
157.5,7,7,6.95750223145338,7.00960732107125,7.14843346680578,6.91063565997036,13.9150044629068,14.0192146421425,14.6937177462786,11.9598403142666
157.6,7,7,6.95760323391484,7.00960983209355,7.14845831209526,6.91047115902642,13.9152064678297,14.0192196641871,14.6933908127951,11.9616992160564
157.7,7,7,6.9577039950455,7.00961230790875,7.14848318608983,6.91030682474737,13.915407990091,14.0192246158175,14.6930635614819,11.9635563933024
157.8,7,7,6.95780443835893,7.00961473743198,7.14850809791374,6.91014271028293,13.9156088767179,14.019229474864,14.6927358918456,11.9654112956066
157.9,7,7,6.95790464311377,7.00961713226271,7.14853303815207,6.90997876105949,13.9158092862275,14.0192342645254,14.6924079083888,11.9672644874393
158,7,7,6.95800460981144,7.00961949251063,7.14855800675739,6.90981497689353,13.9160092196229,14.0192389850213,14.6920796118921,11.9691159704777
158.1,7,7,6.95810433895258,7.00962181828519,7.1485830036821,6.90965135760187,13.9162086779052,14.0192436365704,14.6917510031347,11.9709657463971
158.2,7,7,6.95820382979163,7.00962410951531,7.14860802902698,6.90948790386827,13.9164076595833,14.0192482190306,14.6914220812598,11.9728138078962
158.3,7,7,6.95830300680278,7.00962635532547,7.14863309182177,6.90932466848966,13.9166060136056,14.0192527106509,14.6910927472728,11.9746596078047
158.4,7,7,6.95840194825037,7.0096285670972,7.14865818274309,6.90916159725498,13.9168038965007,14.0192571341944,14.6907631041315,11.9765037072781
158.5,7,7,6.95850065462986,7.0096307449385,7.1486833017421,6.90899868998201,13.9170013092597,14.019261489877,14.6904331526091,11.9783461079818
158.6,7,7,6.95859912643598,7.00963288895711,7.14870844876979,6.90883594648892,13.917198252872,14.0192657779142,14.6901028934781,11.9801868115801
158.7,7,7,6.95869736293286,7.00963499908366,7.14873362392404,6.90867336745504,13.9173947258657,14.0192699981673,14.6897723258986,11.9820258108128
158.8,7,7,6.95879528954393,7.00963706464877,7.1487588361377,6.90851100532708,13.9175905790879,14.0192741292975,14.6894413523614,11.9838625617156
158.9,7,7,6.95889298355091,7.00963909681937,7.14878407618197,6.90834880625394,13.9177859671018,14.0192781936387,14.6891100742934,11.9856976221514
159,7,7,6.95899044544337,7.00964109570179,7.14880934400679,6.90818677005472,13.9179808908867,14.0192821914036,14.6887784924609,11.9875309937743
159.1,7,7,6.95908767571015,7.00964306140209,7.14883463956196,6.90802489654891,13.9181753514203,14.0192861228042,14.6884466076291,11.9893626782374
159.2,7,7,6.95918467362494,7.00964499385259,7.14885996294262,6.90786318641148,13.9183693472499,14.0192899877052,14.6881144189754,11.9911926683213
159.3,7,7,6.95928136554904,7.00964688258681,7.1488853229827,6.90770169174152,13.9185627310981,14.0192937651736,14.6877818304623,11.993020423246
159.4,7,7,6.95937782779322,7.00964873856044,7.1489107105506,6.90754035904524,13.9187556555864,14.0192974771209,14.6874489419996,11.994846497604
159.5,7,7,6.95947406084119,7.00965056187814,7.14893612559523,6.9073791881431,13.9189481216824,14.0193011237563,14.6871157543467,11.9966708930384
159.6,7,7,6.95957006517594,7.00965235264432,7.14896156806538,6.90721817885591,13.9191401303519,14.0193047052886,14.6867822682618,11.9984936111907
159.7,7,7,6.95966584008058,7.00965411079295,7.14898703805359,6.90705733185431,13.9193316801612,14.0193082215859,14.6864484829394,12.0003146448825
159.8,7,7,6.95976131284301,7.00965582605731,7.14901254429317,6.90689669889238,13.919522625686,14.0193116521146,14.6861143038,12.0021334564962
159.9,7,7,6.95985655881464,7.0096575091851,7.14903807775196,6.90673622683102,13.9197131176293,14.0193150183702,14.6857798292505,12.0039505973763
160,7,7,6.95995157847336,7.00965916027935,7.14906363837801,6.90657591549204,13.9199031569467,14.0193183205587,14.6854450600432,12.0057660691546
160.1,7,7,6.96004637229635,7.00966077944285,7.14908922611925,6.90641576469758,13.9200927445927,14.0193215588857,14.6851099969295,12.0075798734615
160.2,7,7,6.96014093957602,7.00966236661119,7.14911484106573,6.906255775114,13.920281879152,14.0193247332224,14.6847746391208,12.009392003159
160.3,7,7,6.96023520851565,7.00966391171424,7.14914049184875,6.90609599815295,13.9204704170313,14.0193278234285,14.6844388934822,12.0112019237705
160.4,7,7,6.96032925351882,7.009665425295,7.14916616953748,6.9059363810274,13.9206585070376,14.01933085059,14.6841028569314,12.0130101834144
160.5,7,7,6.96042307505765,7.00966690745488,7.14919187407924,6.9057769235605,13.9208461501153,14.0193338149098,14.6837665302139,12.0148167837116
160.6,7,7,6.96051667360353,7.00966835829506,7.14921760542126,6.90561762557573,13.9210333472071,14.0193367165901,14.6834299140742,12.0166217262813
160.7,7,7,6.96061004845805,7.00966977775273,7.14924336365122,6.90545848773521,13.9212200969161,14.0193395555055,14.6830930077402,12.0184250040255
160.8,7,7,6.9607031287288,7.00967115595128,7.14926915729722,6.90529956111077,13.9214062574576,14.0193423119026,14.6827557195088,12.0202260855872
160.9,7,7,6.9607959878829,7.00967250323219,7.14929497753137,6.90514079326479,13.9215919757658,14.0193450064644,14.6824181448219,12.022025515881
161,7,7,6.96088862638677,7.00967381969528,7.14932082430039,6.90498218402178,13.9217772527735,14.0193476393906,14.6820802844182,12.0238232965166
161.1,7,7,6.9609810447061,7.00967510544014,7.14934669755092,6.90482373320656,13.9219620894122,14.0193502108803,14.6817421390354,12.0256194291021
161.2,7,7,6.96107324215146,7.00967636040551,7.14937259736841,6.90466544147703,13.9221464843029,14.019352720811,14.6814037079179,12.0274139065796
161.3,7,7,6.96116514872379,7.0096775749053,7.14939853217679,6.90450735956781,13.9223302974476,14.0193551498106,14.681064900781,12.0292062006901
161.4,7,7,6.96125683696509,7.0096787590826,7.14942449325243,6.90434943538807,13.9225136739302,14.0193575181652,14.6807258116046,12.0309968531662
161.5,7,7,6.9613483073361,7.00967991303566,7.14945048054157,6.90419166876364,13.9226966146722,14.0193598260713,14.6803864411205,12.0327858656064
161.6,7,7,6.96143956029685,7.0096810368625,7.14947649399039,6.90403405952069,13.9228791205937,14.019362073725,14.6800467900597,12.0345732396083
161.7,7,7,6.96153059516682,7.00968213050342,7.14950253368216,6.90387660831297,13.9230611903336,14.0193642610068,14.6797068576829,12.036358968153
161.8,7,7,6.96162134282935,7.00968318445979,7.14952860793594,6.90371936554042,13.9232426856587,14.0193663689196,14.6793665551108,12.0381425260591
161.9,7,7,6.96171187491257,7.00968420867946,7.14955470813343,6.90356227945641,13.9234237498251,14.0193684173589,14.6790259748746,12.0399244518985
162,7,7,6.96180219187159,7.00968520325913,7.1495808342205,6.90340534988809,13.9236043837432,14.0193704065183,14.6786851176995,12.0417047472589
162.1,7,7,6.96189229416083,7.00968616829529,7.14960698614294,6.90324857666296,13.9237845883217,14.0193723365906,14.6783439843096,12.0434834137269
162.2,7,7,6.96198218110853,7.00968710372972,7.14963316398196,6.90309196043065,13.9239643622171,14.0193742074594,14.6780025739819,12.045260444323
162.3,7,7,6.96207178446969,7.00968800024833,7.14965937595117,6.90293555125906,13.9241435689394,14.0193760004967,14.6776607992296,12.047035316922
162.4,7,7,6.96216117496965,7.0096888676068,7.14968561353846,6.90277929774305,13.9243223499393,14.0193777352136,14.6773187511486,12.0488085669567
162.5,7,7,6.96225035305798,7.0096897059003,7.14971187668941,6.90262319971111,13.924500706116,14.0193794118006,14.6769764304571,12.0505801960041
162.6,7,7,6.96233931918352,7.00969051522377,7.14973816534955,6.90246725699208,13.924678638367,14.0193810304475,14.6766338378728,12.05235020564
162.7,7,7,6.96242807268317,7.00969129552051,7.14976447959808,6.90231147023151,13.9248561453663,14.019382591041,14.6762909726888,12.0541185889239
162.8,7,7,6.96251654617287,7.00969203765803,7.14979082754274,6.9021558891678,13.9250330923457,14.0193840753161,14.6759477487978,12.0558848267658
162.9,7,7,6.96260480948623,7.00969275120284,7.14981720077831,6.9020004627347,13.9252096189725,14.0193855024057,14.6756042558735,12.0576494514811
163,7,7,6.96269286306729,7.00969343624861,7.14984359925016,6.90184519076205,13.9253857261346,14.0193868724972,14.6752604946277,12.0594124646362
163.1,7,7,6.96278070735941,7.0096940928888,7.14987002290361,6.90169007308001,13.9255614147188,14.0193881857776,14.6749164657712,12.0611738677958
163.2,7,7,6.96286834170799,7.00969472106815,7.14989647181596,6.90153511033007,13.925736683416,14.0193894421363,14.6745721686132,12.0629336540584
163.3,7,7,6.96295569957937,7.00969531183289,7.14992295398878,6.90138035192373,13.9259113991587,14.0193906236658,14.6742275184134,12.0646913073486
163.4,7,7,6.96304284992632,7.00969587456339,7.14994946112427,6.90122574713099,13.9260856998526,14.0193917491268,14.6738826034362,12.0664473568856
163.5,7,7,6.96312979318743,7.00969640935184,7.14997599316764,6.90107129578302,13.9262595863749,14.0193928187037,14.6735374243868,12.068201804225
163.6,7,7,6.9632165298006,7.00969691629019,7.15000255006408,6.9009169977113,13.9264330596012,14.0193938325804,14.6731919819697,12.0699546509209
163.7,7,7,6.96330305911965,7.00969739532462,7.15002913188904,6.90076285355332,13.9266061182393,14.0193947906492,14.6728462755097,12.0717058901103
163.8,7,7,6.96338931545082,7.00969783767728,7.15005574653782,6.9006089123962,13.9267786309016,14.0193956753546,14.672500221621,12.0734550087118
163.9,7,7,6.96347536687687,7.00969825254529,7.15008238582034,6.9004551238436,13.9269507337537,14.0193965050906,14.6721539071716,12.0752025328695
164,7,7,6.96356121383098,7.00969864001939,7.15010904968173,6.90030148772801,13.927122427662,14.0193972800388,14.6718073328604,12.0769484641283
164.1,7,7,6.96364685674567,7.00969900019009,7.15013573806714,6.90014800388222,13.9272937134913,14.0193980003802,14.6714604993854,12.078692804032
164.2,7,7,6.96373229498303,7.00969933300495,7.15016245105021,6.89999467293976,13.9274645899661,14.0193986660099,14.6711134060867,12.0804355457555
164.3,7,7,6.96381746367888,7.00969962985921,7.15018919641992,6.8998415436659,13.9276349273578,14.0193992597184,14.6707659709208,12.0821761791913
164.4,7,7,6.96390243005663,7.00969989976972,7.15021596609415,6.89968856599538,13.9278048601133,14.0193997995394,14.6704182793723,12.0839152274292
164.5,7,7,6.96398719454414,7.00970014282574,7.15024276001801,6.89953573976198,13.9279743890883,14.0194002856515,14.6700703321335,12.0856526920037
164.6,7,7,6.96407175756857,7.00970035911635,7.15026957813663,6.89938306479981,13.9281435151371,14.0194007182327,14.6697221298959,12.0873885744478
164.7,7,7,6.96415611850022,7.00970054859051,7.15029642052194,6.89923054173846,13.9283122370004,14.019401097181,14.6693736720154,12.0891228679748
164.8,7,7,6.96424021329418,7.00970070281378,7.15032329485664,6.89907821902389,13.9284804265884,14.0194014056276,14.6690248777777,12.0908550654302
164.9,7,7,6.96432410832516,7.00970083062556,7.15035019316666,6.89892604691932,13.9286482166503,14.0194016612511,14.6686758312969,12.0925856868708
165,7,7,6.9644078040157,7.00970093211371,7.15037711539716,6.89877402525982,13.9288156080314,14.0194018642274,14.6683265332589,12.0943147338204
165.1,7,7,6.9644913007877,7.00970100736587,7.15040406149329,6.89862215388082,13.9289826015754,14.0194020147317,14.667976984349,12.0960422078017
165.2,7,7,6.96457459801952,7.00970105633237,7.15043103152531,6.89847043340797,13.929149196039,14.0194021126647,14.667627183938,12.0977681020656
165.3,7,7,6.96465763247544,7.00970107074639,7.15045803306983,6.89831891197048,13.9293152649509,14.0194021414928,14.6672770526294,12.099491912391
165.4,7,7,6.96474046969187,7.00970105927271,7.15048505826078,6.89816754015742,13.9294809393837,14.0194021185454,14.6669266731789,12.1012141558219
165.5,7,7,6.96482311008616,7.00970102199778,7.15051210704341,6.89801631780519,13.9296462201723,14.0194020439956,14.6665760462663,12.1029348338719
165.6,7,7,6.96490555407497,7.00970095900786,7.15053917936299,6.8978652447505,13.9298111081499,14.0194019180157,14.6662251725704,12.1046539480533
165.7,7,7,6.96498780104462,7.00970087025458,7.1505662752881,6.89771432161514,13.9299756020892,14.0194017405092,14.6658740514773,12.1063714916543
165.8,7,7,6.96506978855852,7.0097007476361,7.15059340228948,6.897563596214,13.930139577117,14.0194014952722,14.6655226048956,12.1080869633673
165.9,7,7,6.96515158132522,7.00970059964535,7.15062055260902,6.8974130194595,13.9303031626504,14.0194011992907,14.6651709142355,12.1098008772441
166,7,7,6.96523317975686,7.00970042636739,7.15064772619206,6.89726259118932,13.9304663595137,14.0194008527348,14.6648189801706,12.1115132347879
166.1,7,7,6.96531458426495,7.00970022788711,7.150674922984,6.89711231124146,13.9306291685299,14.0194004557742,14.6644668033732,12.1132240375009
166.2,7,7,6.96539579424368,7.00970000415745,7.15070214305182,6.89696218023387,13.9307915884874,14.0194000083149,14.6641143832447,12.1149332787084
166.3,7,7,6.96547674804567,7.00969974723887,7.15072939376073,6.89681224566961,13.9309534960913,14.0193994944777,14.6637616429866,12.1166404599963
166.4,7,7,6.96555750956182,7.0096994654552,7.15075666746029,6.8966624587819,13.9311150191236,14.0193989309104,14.6634086626761,12.1183460924446
166.5,7,7,6.96563807919916,7.00969915889016,7.15078396409604,6.8965128194097,13.9312761583983,14.0193983177803,14.6630554429805,12.1200501775465
166.6,7,7,6.96571845736411,7.00969882762726,7.15081128361352,6.89636332739227,13.9314369147282,14.0193976552545,14.6627019845661,12.1217527167937
166.7,7,7,6.96579864345859,7.00969847162074,7.15083862607817,6.89621398334377,13.9315972869172,14.0193969432415,14.6623482868489,12.1234537035486
166.8,7,7,6.96587857661465,7.00969808309075,7.15086599874997,6.8960648344579,13.9317571532293,14.0193961661815,14.6619942743117,12.125152642271
166.9,7,7,6.96595831991567,7.00969767019474,7.15089339408596,6.89591583228614,13.9319166398313,14.0193953403895,14.661640025711,12.1268500410893
167,7,7,6.96603787376366,7.00969723301509,7.15092081203186,6.89576697666871,13.9320757475273,14.0193944660302,14.6612855417076,12.1285459014865
167.1,7,7,6.96611723855995,7.00969677163397,7.1509482525334,6.89561826744616,13.9322344771199,14.0193935432679,14.6609308229619,12.1302402249441
167.2,7,7,6.96619641371412,7.00969628600687,7.15097571565451,6.89546970522885,13.9323928274282,14.0193925720137,14.6605758689047,12.1319330048614
167.3,7,7,6.96627533912796,7.00969576851111,7.15100320855037,6.89532133690356,13.9325506782559,14.0193915370222,14.6602206052879,12.1336237485524
167.4,7,7,6.96635407708738,7.00969522714039,7.15103072378515,6.89517311433754,13.9327081541748,14.0193904542808,14.6598651095595,12.1353129612141
167.5,7,7,6.96643262798935,7.00969466197577,7.15105826130479,6.89502503737227,13.9328652559787,14.0193893239515,14.6595093823743,12.1370006443194
167.6,7,7,6.96651099223024,7.0096940730981,7.15108582105523,6.89487710584954,13.9330219844605,14.0193881461962,14.6591534243864,12.1386867993397
167.7,7,7,6.96658916922717,7.00969346046413,7.15111340309892,6.89472932037599,13.9331783384543,14.0193869209283,14.6587972350411,12.1403714197108
167.8,7,7,6.96666709964208,7.00969281660577,7.15114101448671,6.89458172753389,13.9333341992842,14.0193856332115,14.6584407413482,12.1420540155817
167.9,7,7,6.9667448449733,7.00969214935563,7.15116864788951,6.89443427950375,13.9334896899466,14.0193842987113,14.658084019459,12.1437350892378
168,7,7,6.96682240561287,7.00969145879348,7.15119630325349,6.89428697612831,13.9336448112257,14.019382917587,14.6577270700223,12.1454146421419
168.1,7,7,6.96689978195222,7.00969074499885,7.15122398052483,6.89413981725061,13.9337995639044,14.0193814899977,14.657369893686,12.1470926757556
168.2,7,7,6.96697697341592,7.00969000792971,7.15125167976454,6.89399280347357,13.9339539468318,14.0193800158594,14.6570124899101,12.1487691835509
168.3,7,7,6.96705392141659,7.00968924027012,7.15127940791965,6.89384598107737,13.9341078428332,14.0193784805402,14.6566547869501,12.1504436784924
168.4,7,7,6.96713068667479,7.00968844969417,7.15130715776734,6.8936993025533,13.9342613733496,14.0193768993883,14.6562968596729,12.1521166599737
168.5,7,7,6.96720726957766,7.00968763628031,7.15133492925405,6.89355276774535,13.9344145391553,14.0193752725606,14.6559387087212,12.1537881294479
168.6,7,7,6.96728367051177,7.00968680010684,7.15136272232624,6.8934063764978,13.9345673410235,14.0193736002137,14.655580334737,12.1554580883665
168.7,7,7,6.96735988890904,7.0096859411329,7.15139053704347,6.89326012940988,13.9347197778181,14.0193718822658,14.6552217371946,12.1571265302376
168.8,7,7,6.9674358669234,7.00968505219222,7.1514183802495,6.89311407246208,13.9348717338468,14.0193701043844,14.6548628455838,12.1587929708224
168.9,7,7,6.96751166450731,7.00968414080294,7.15144624482732,6.89296815845402,13.9350233290146,14.0193682816059,14.6545037334989,12.1604579066423
169,7,7,6.96758728204312,7.00968320704226,7.15147413072363,6.89282238723091,13.9351745640862,14.0193664140845,14.6541444015767,12.1621213391406
169.1,7,7,6.96766271991255,7.00968225098718,7.15150203788519,6.89267675863827,13.9353254398251,14.0193645019744,14.6537848504532,12.163783269759
169.2,7,7,6.96773797755478,7.00968127259804,7.15152996637015,6.89253127327166,13.9354759551096,14.0193625451961,14.6534250796169,12.1654436920412
169.3,7,7,6.96781299785582,7.00968026485584,7.15155792291957,6.89238597681426,13.9356259957116,14.0193605297117,14.6530650197805,12.1671021245263
169.4,7,7,6.96788784000961,7.00967923512525,7.15158590052171,6.89224082237156,13.9357756800192,14.0193584702505,14.6527047432775,12.1687590608829
169.5,7,7,6.96796250439372,7.00967818348221,7.15161389912357,6.89209580979,13.9359250087874,14.0193563669644,14.6523442507387,12.1704145025446
169.6,7,7,6.96803699138511,7.00967711000251,7.15164191867219,6.89195093891633,13.9360739827702,14.019354220005,14.6519835427944,12.1720684509433
169.7,7,7,6.96811130043013,7.00967601464763,7.15166995922437,6.89180621034248,13.9362226008603,14.0193520292953,14.6516226189468,12.1737208996582
169.8,7,7,6.96818537513771,7.00967489054345,7.15169802741908,6.89166166945663,13.9363707502754,14.0193497810869,14.6512614111205,12.1753713699873
169.9,7,7,6.96825927395274,7.00967374490366,7.15172611634924,6.89151726966776,13.9365185479055,14.0193474898073,14.6508999903997,12.177020352766
170,7,7,6.96833299724807,7.00967257780298,7.15175422596218,6.89137301082353,13.9366659944961,14.019345155606,14.6505383574095,12.1786678494179
170.1,7,7,6.96840654539595,7.00967138931597,7.15178235620527,6.89122889277189,13.9368130907919,14.0193427786319,14.6501765127741,12.1803138613655
170.2,7,7,6.96847991784982,7.00967017940524,7.15181050713393,6.89108491610117,13.9369598356996,14.0193403588105,14.6498144560099,12.1819583822232
170.3,7,7,6.96855305893248,7.00966894133922,7.15183868528569,6.89094112590688,13.937106117865,14.0193378826784,14.6494521202415,12.1836009360292
170.4,7,7,6.96862602634913,7.00966768218305,7.15186688385756,6.89079747589911,13.9372520526983,14.0193353643661,14.6490895753158,12.1852420108048
170.5,7,7,6.96869882046795,7.00966640201025,7.15189510279719,6.89065396592671,13.9373976409359,14.0193328040205,14.6487268218519,12.186881607964
170.6,7,7,6.96877144165656,7.00966510089416,7.15192334205227,6.89051059583882,13.9375428833131,14.0193302017883,14.6483638604684,12.1885197289195
170.7,7,7,6.96884388937535,7.00966377879851,7.15195160167691,6.89036736622021,13.9376877787507,14.019327557597,14.6480006906953,12.190156367321
170.8,7,7,6.9689161086521,7.00966242913196,7.15197988810782,6.89022432187605,13.9378322173042,14.0193248582639,14.6476372468465,12.1917910499284
170.9,7,7,6.96898815646155,7.00966105881351,7.15200819464547,6.89008141681511,13.9379763129231,14.019322117627,14.6472735975427,12.1934242619678
171,7,7,6.96906003316728,7.00965966791548,7.15203652123785,6.88993865088744,13.9381200663346,14.019319335831,14.6469097433973,12.1950560048436
171.1,7,7,6.96913173913229,7.00965825651003,7.15206486783299,6.88979602394339,13.9382634782646,14.0193165130201,14.6465456850232,12.196686279959
171.2,7,7,6.9692032738239,7.009656824562,7.1520932344837,6.88965353656416,13.9384065476478,14.019313649124,14.646181421964,12.1983150809986
171.3,7,7,6.969274582966,7.00965536561798,7.15212162752652,6.88951123326688,13.938549165932,14.019310731236,14.6458168897117,12.1999419374257
171.4,7,7,6.96934572281202,7.0096538864532,7.15215004036477,6.88936906835665,13.938691445624,14.0193077729064,14.6454521556722,12.20156733169
171.5,7,7,6.96941669372098,7.00965238713882,7.15217847294678,6.88922704168472,13.938833387442,14.0193047742776,14.6450872204535,12.2031912651865
171.6,7,7,6.96948749605136,7.00965086774582,7.15220692522091,6.8890851531026,13.9389749921027,14.0193017354916,14.6447220846625,12.2048137393091
171.7,7,7,6.96955812927724,7.00964932824011,7.1522353972387,6.888943403188,13.9391162585545,14.0192986564802,14.6443567478564,12.2064347477768
171.8,7,7,6.96962853980998,7.009647762304,7.15226389523723,6.88880183617223,13.93925707962,14.019295524608,14.6439911466944,12.208053822738
171.9,7,7,6.96969878319068,7.00964617657128,7.15229241272196,6.88866040665442,13.9393975663814,14.0192923531426,14.6436253473791,12.2096714438851
172,7,7,6.96976885977388,7.00964457111194,7.15232094964158,6.88851911448698,13.9395377195478,14.0192891422239,14.6432593505126,12.2112876126036
172.1,7,7,6.96983876991355,7.00964294599582,7.1523495059448,6.8883779595226,13.9396775398271,14.0192858919916,14.6428931566962,12.212902330278
172.2,7,7,6.96990851309051,7.00964130118988,7.1523780816819,6.88823694233548,13.939817026181,14.0192826023798,14.6425267655007,12.2145155906618
172.3,7,7,6.96997803639495,7.00963963050994,7.1524066829912,6.88809610687342,13.9399560727899,14.0192792610199,14.6421601147412,12.2161269285703
172.4,7,7,6.97004739466454,7.00963794045064,7.15243530347962,6.88795540802723,13.9400947893291,14.0192758809013,14.6417932694284,12.2177368209571
172.5,7,7,6.9701165882494,7.00963623108083,7.1524639430962,6.88781484565047,13.9402331764988,14.0192724621617,14.6414262301587,12.2193452691984
172.6,7,7,6.97018561749907,7.00963450246921,7.15249260179003,6.88767441959701,13.9403712349981,14.0192690049384,14.6410589975279,12.2209522746692
172.7,7,7,6.97025448190099,7.00963275458379,7.15252127961013,6.88753413043756,13.940508963802,14.0192655091676,14.6406915711199,12.2225578311573
172.8,7,7,6.97032312921567,7.00963098137172,7.15254998259679,6.88739402183864,13.9406462584313,14.0192619627434,14.6403238898953,12.2241614761272
172.9,7,7,6.9703916135862,7.00962918919074,7.15257870445765,6.88725404898042,13.9407832271724,14.0192583783815,14.6399560176838,12.2257636838119
173,7,7,6.97045993535831,7.0096273781086,7.15260744514215,6.88711421171765,13.9409198707166,14.0192547562172,14.6395879550761,12.2273644555784
173.1,7,7,6.97052809487715,7.00962554819286,7.15263620459974,6.88697450990531,13.9410561897543,14.0192510963857,14.6392197026626,12.2289637927925
173.2,7,7,6.97059609163672,7.00962369941255,7.15266498287819,6.88683494411071,13.9411921832734,14.0192473988251,14.6388512600402,12.2305616892758
173.3,7,7,6.97066387405943,7.00962182584402,7.15269378592049,6.88669555772123,13.9413277481189,14.019243651688,14.6384825673044,12.2321576851243
173.4,7,7,6.9707314956025,7.00961993371035,7.15272260753432,6.88655630620421,13.941462991205,14.0192398674207,14.6381136871147,12.2337522518688
173.5,7,7,6.97079895660731,7.00961802307818,7.15275144766948,6.88641718941549,13.9415979132146,14.0192360461564,14.6377446200564,12.235345390867
173.6,7,7,6.97086625741469,7.00961609401397,7.15278030627578,6.88627820721122,13.9417325148294,14.0192321880279,14.6373753667144,12.2369371034757
173.7,7,7,6.9709333975251,7.00961414648777,7.1528091833998,6.88613936015528,13.9418667950502,14.0192282929755,14.6370059266985,12.2385273835501
173.8,7,7,6.97100032601458,7.00961217470297,7.15283808488793,6.88600069135817,13.9420006520292,14.0192243494059,14.6366362412283,12.2401157738
173.9,7,7,6.97106709566304,7.00961018475022,7.15286700464715,6.88586215657205,13.9421341913261,14.0192203695004,14.6362663718044,12.2417027430721
174,7,7,6.97113370680758,7.00960817669506,7.15289594262763,6.88572375565391,13.9422674136152,14.0192163533901,14.6358963190065,12.243288292715
174.1,7,7,6.97120015978476,7.00960615060286,7.15292489877959,6.88558548846104,13.9424003195695,14.0192123012057,14.635526083414,12.2448724240764
174.2,7,7,6.97126645410142,7.00960410644465,7.15295387314838,6.88544735555392,13.9425329082028,14.0192082128893,14.6351556646496,12.246455131045
174.3,7,7,6.97133253947903,7.00960203854885,7.15298287148454,6.88530939976831,13.9426650789581,14.0192040770977,14.6347850050467,12.2480359589268
174.4,7,7,6.97139846802867,7.00959995287577,7.15301188779363,6.885171577139,13.9427969360573,14.0191999057515,14.6344141649572,12.2496153739025
174.5,7,7,6.97146424008323,7.0095978494899,7.1530409220262,6.88503388752411,13.9429284801665,14.0191956989798,14.6340431449559,12.2511933773116
174.6,7,7,6.97152985597505,7.00959572845554,7.15306997413283,6.88489633078203,13.9430597119501,14.0191914569111,14.6336719456164,12.2527699704929
174.7,7,7,6.97159531521725,7.00959358974468,7.15309904415771,6.88475890746988,13.9431906304345,14.0191871794894,14.6333005665742,12.2543451473683
174.8,7,7,6.97166056816865,7.00959142780869,7.15312813775626,6.88462166015086,13.9433211363373,14.0191828556174,14.6329289512661,12.2559184558225
174.9,7,7,6.97172566627989,7.00958924847972,7.15315724903187,6.88448454514014,13.9434513325598,14.0191784969594,14.6325571589063,12.2574903593882
175,7,7,6.97179060987969,7.0095870518212,7.15318637793545,6.88434756229695,13.9435812197594,14.0191741036424,14.6321851900642,12.259060859396
175.1,7,7,6.97185539929622,7.00958483789637,7.15321552441798,6.8842107114808,13.9437107985924,14.0191696757927,14.6318130453081,12.2606299571755
175.2,7,7,6.97192003404882,7.00958260667818,7.1532446885225,6.88407399324547,13.9438400680976,14.0191652133564,14.6314407242862,12.262197646682
175.3,7,7,6.97198446512562,7.00958035273893,7.15327387581004,6.8839374498837,13.9439689302512,14.0191607054779,14.6310681715279,12.2637634783615
175.4,7,7,6.97204874332515,7.0095780817847,7.15330308048105,6.88380103798888,13.9440974866503,14.0191561635694,14.6306954451208,12.2653279131164
175.5,7,7,6.97211286897199,7.00957579387787,7.15333230248685,6.88366475742134,13.944225737944,14.0191515877557,14.6303225456288,12.2668909522684
175.6,7,7,6.97217684239019,7.00957348908065,7.1533615417788,6.88352860804167,13.9443536847804,14.0191469781613,14.6299494736149,12.2684525971382
175.7,7,7,6.97224066310521,7.00957116736692,7.15339079839879,6.88339259040036,13.9444813262104,14.0191423347338,14.6295762287397,12.270012841714
175.8,7,7,6.97230428272666,7.00956882342794,7.15342007781421,6.88325674652179,13.9446085654533,14.0191376468559,14.6292027566155,12.2715712389861
175.9,7,7,6.97236775140906,7.00956646284578,7.15344937432186,6.8831210332754,13.9447355028181,14.0191329256916,14.6288291142133,12.2731282472443
176,7,7,6.97243106947294,7.00956408568178,7.15347868787342,6.8829854505226,13.9448621389459,14.0191281713636,14.6284553020918,12.2746838678014
176.1,7,7,6.97249423723829,7.00956169199714,7.15350801842066,6.88284999812507,13.9449884744766,14.0191233839943,14.6280813208087,12.2762381019692
176.2,7,7,6.97255725423661,7.00955928176666,7.1535373660043,6.88271467663002,13.9451145084732,14.0191185635333,14.6277071700371,12.2777909437687
176.3,7,7,6.97262007269115,7.00955684979858,7.15356673599889,6.88257952779558,13.9452401453823,14.0191136995972,14.6273327964615,12.2793419487175
176.4,7,7,6.97268274212056,7.009554401553,7.15359612279677,6.88244450876505,13.9453654842411,14.019108803106,14.6269582559472,12.2808915725101
176.5,7,7,6.97274526284132,7.00955193709027,7.15362552635003,6.88230961940092,13.9454905256826,14.0191038741805,14.6265835490476,12.2824398164507
176.6,7,7,6.97280763516942,7.00954945647058,7.15365494661081,6.88217485956597,13.9456152703388,14.0190989129412,14.6262086763153,12.2839866818423
176.7,7,7,6.97286985864235,7.0095469596696,7.1536843836187,6.88204022980412,13.9457397172847,14.0190939193392,14.6258336374354,12.2855321627381
176.8,7,7,6.97293188608926,7.00954444161067,7.15371384265616,6.88190577160936,13.9458637721785,14.0190888832213,14.625458380155,12.2870758171666
176.9,7,7,6.97299376640092,7.00954190763391,7.1537433182103,6.88177144239669,13.9459875328018,14.0190838152678,14.6250829592439,12.2886180982441
177,7,7,6.97305549988984,7.00953935779867,7.15377281023361,6.88163724202971,13.9461109997797,14.0190787155973,14.6247073752501,12.2901590072663
177.1,7,7,6.97311708686803,7.00953679216415,7.15380231867861,6.88150317037223,13.9462341737361,14.0190735843283,14.6243316287212,12.2916985455274
177.2,7,7,6.97317852687889,7.00953421070691,7.15383184358379,6.88136922796495,13.9463570537578,14.0190684214138,14.6239557193543,12.2932367071129
177.3,7,7,6.97323977334988,7.00953160846346,7.15386139014024,6.88123545603973,13.9464795466998,14.0190632169269,14.623579595949,12.294773052545
177.4,7,7,6.97330087455177,7.00952899065593,7.15389095292911,6.88110181228121,13.9466017491035,14.0190579813119,14.6232033121898,12.2963080323795
177.5,7,7,6.97336183079313,7.00952635734268,7.15392053190326,6.88096829655402,13.9467236615863,14.0190527146854,14.6228268686197,12.2978416479033
177.6,7,7,6.97342264238205,7.00952370858194,7.15395012701562,6.88083490872306,13.9468452847641,14.0190474171639,14.6224502657809,12.2993739004019
177.7,7,7,6.97348330886778,7.00952104435114,7.15397973830357,6.88070164932579,13.9469666177356,14.0190420887023,14.6220735033827,12.3009047839931
177.8,7,7,6.97354378426856,7.00951835979808,7.1540093708676,6.88056855933401,13.9470875685371,14.0190367195962,14.6216965312672,12.3024338616761
177.9,7,7,6.97360411624293,7.00951566002885,7.15403901938211,6.88043559669985,13.9472082324859,14.0190313200577,14.6213194020437,12.3039615814632
178,7,7,6.9736643050956,7.00951294510084,7.15406868380037,6.88030276128901,13.9473286101912,14.0190258902017,14.6209421162503,12.3054879446325
178.1,7,7,6.97372435113077,7.00951021507133,7.15409836407568,6.88017005296743,13.9474487022615,14.0190204301427,14.6205646744239,12.3070129524612
178.2,7,7,6.97378425390346,7.00950746991859,7.15412806024434,6.8800374722694,13.9475685078069,14.0190149398372,14.620187076286,12.3085365990988
178.3,7,7,6.97384396801527,7.00950470489989,7.15415777731699,6.87990505990863,13.9476879360305,14.0190094097998,14.619809272711,12.3100584500054
178.4,7,7,6.97390354052023,7.00950192500717,7.15418751006053,6.8797727741027,13.9478070810405,14.0190038500143,14.6194313152436,12.3115789506663
178.5,7,7,6.97396297171919,7.00949913029689,7.1542172584286,6.87964061471836,13.9479259434384,14.0189982605938,14.6190532044166,12.3130981023513
178.6,7,7,6.97402226191255,7.00949632082537,7.15424702237491,6.87950858162256,13.9480445238251,14.0189926416507,14.6186749407621,12.3146159063293
178.7,7,7,6.97408141066099,7.00949349657172,7.15427680193468,6.87937667534644,13.948162821322,14.0189869931434,14.618296524013,12.316132356781
178.8,7,7,6.97414037314218,7.00949065290086,7.15430660202944,6.87924493634765,13.9482807462844,14.0189813058017,14.617917906067,12.3176470216111
178.9,7,7,6.97419919581319,7.00948779469248,7.15433641751783,6.87911332310714,13.9483983916264,14.018975589385,14.6175391374138,12.3191603437951
179,7,7,6.97425787897109,7.0094849220021,7.15436624835388,6.87898183549269,13.9485157579422,14.0189698440042,14.6171602185811,12.3206723245944
179.1,7,7,6.97431642291251,7.00948203488511,7.15439609449168,6.87885047337229,13.948632845825,14.0189640697702,14.616781150096,12.3221829652691
179.2,7,7,6.97437482720374,7.00947913332144,7.15442595596539,6.87871923727392,13.9487496544075,14.0189582666429,14.6164019317031,12.3236922600318
179.3,7,7,6.97443304759125,7.00947621278189,7.15445583760819,6.87858816740115,13.9488660951825,14.0189524255638,14.6160225163134,12.3251997792152
179.4,7,7,6.97449112994266,7.00947327803573,7.15448573436969,6.87845722249629,13.9489822598853,14.0189465560715,14.6156429533717,12.3267059633014
179.5,7,7,6.97454907455132,7.00947032913758,7.15451564620431,6.87832640242809,13.9490981491026,14.0189406582752,14.6152632434005,12.3282108135437
179.6,7,7,6.97460688171013,7.00946736614191,7.15454557306651,6.87819570706561,13.9492137634203,14.0189347322838,14.6148833869222,12.3297143311937
179.7,7,7,6.9746645509909,7.00946438902945,7.15457551498942,6.87806513693368,13.9493291019818,14.0189287780589,14.6145033836928,12.3312165104953
179.8,7,7,6.97472203870177,7.0094613933751,7.1546054767186,6.87793473198376,13.9494440774035,14.0189227867502,14.6141231876271,12.3327169241932
179.9,7,7,6.97477939012833,7.00945838383958,7.15463545329387,6.87780445121746,13.9495587802567,14.0189167676792,14.6137428471347,12.334216010293
180,7,7,6.97483660556023,7.00945536047659,7.15466544467004,6.87767429450456,13.9496732111205,14.0189107209532,14.6133623627333,12.3357137700394
180.1,7,7,6.9748936852867,7.0094523233397,7.15469545080195,6.87754426171512,13.9497873705734,14.0189046466794,14.6129817349401,12.3372102046761
180.2,7,7,6.97495062888501,7.00944927241044,7.15472547172169,6.87741435337086,13.94990125777,14.0188985448209,14.6126009635229,12.3387053084777
180.3,7,7,6.97500739321789,7.00944620336608,7.15475551208799,6.87728460917309,13.9500147864358,14.0188924067322,14.6122200033904,12.3401986565851
180.4,7,7,6.9750640229962,7.00944312076058,7.15478556703008,6.8771549883807,13.9501280459924,14.0188862415212,14.6118389019271,12.3416906845437
180.5,7,7,6.97512051850598,7.00944002464674,7.15481563650315,6.87702549086449,13.950241037012,14.0188800492935,14.6114576596457,12.34318139359
180.6,7,7,6.97517688003279,7.00943691507725,7.15484572046245,6.87689611649551,13.9503537600656,14.0188738301545,14.6110762770586,12.3446707849595
180.7,7,7,6.97523310715933,7.0094337920344,7.15487581893902,6.87676686579242,13.9504662143187,14.0188675840688,14.6106947539447,12.3461588529575
180.8,7,7,6.9752891572959,7.00943065129614,7.15490593650549,6.87663777820826,13.9505783145918,14.0188613025923,14.6103130461979,12.3476451751052
180.9,7,7,6.97534507458592,7.00942749731144,7.15493606837976,6.87650881325725,13.9506901491718,14.0188549946229,14.6099312001866,12.3491301845042
181,7,7,6.9754008593118,7.00942433013224,7.15496621451743,6.87637997081119,13.9508017186236,14.0188486602645,14.6095492164191,12.3506138823827
181.1,7,7,6.97545651175552,7.00942114981031,7.15499637487411,6.8762512507421,13.950913023511,14.0188422996206,14.6091670954026,12.3520962699679
181.2,7,7,6.97551203150512,7.00941795632874,7.15502654947983,6.8761226535656,13.9510240630102,14.0188359126575,14.6087848369275,12.3535773415961
181.3,7,7,6.9755673765116,7.00941474556446,7.15505674282184,6.87599421848841,13.9511347530232,14.0188294911289,14.6084023978629,12.3550566771528
181.4,7,7,6.97562259035805,7.0094115218632,7.15508695020598,6.87586590527806,13.9512451807161,14.0188230437264,14.6080198235714,12.3565347073118
181.5,7,7,6.97567767332332,7.00940828527602,7.15511717158821,6.87573771380736,13.9513553466466,14.018816570552,14.6076371145563,12.3580114332932
181.6,7,7,6.97573262568585,7.00940503585385,7.15514740692454,6.87560964394932,13.9514652513717,14.0188100717077,14.6072542713203,12.3594868563163
181.7,7,7,6.97578744703892,7.00940177358051,7.15517765624398,6.87548169621651,13.9515748940778,14.018803547161,14.6068712936644,12.3609609707476
181.8,7,7,6.97584209586748,7.00939849443028,7.15520792394916,6.8753539095712,13.951684191735,14.0187969888606,14.6064881394244,12.3624333588216
181.9,7,7,6.97589661520128,7.00939520264736,7.15523820543308,6.87522624403234,13.9517932304026,14.0187904052947,14.6061048529663,12.3639044488004
182,7,7,6.9759510053157,7.00939189828197,7.15526850065209,6.8750986994737,13.9519020106314,14.0187837965639,14.6057214347884,12.3653742418963
182.1,7,7,6.97600526648566,7.00938858138417,7.15529880956256,6.87497127576926,13.9520105329713,14.0187771627683,14.6053378853888,12.3668427393201
182.2,7,7,6.97605939830964,7.00938525193852,7.15532913219252,6.8748439734286,13.9521187966193,14.018770503877,14.6049542045796,12.3683099354689
182.3,7,7,6.97611335979979,7.00938190601502,7.15535947286071,6.87471683117139,13.9522267195996,14.01876381203,14.6045703511534,12.3697754149104
182.4,7,7,6.97616719343952,7.00937854775805,7.15538982704653,6.87458980926607,13.952334386879,14.0187570955161,14.6041863684893,12.3712396035112
182.5,7,7,6.97622089950073,7.00937517721696,7.1554201947067,6.87446290758736,13.9524417990015,14.0187503544339,14.603802257081,12.3727025024752
182.6,7,7,6.97627447825491,7.009371794441,7.15545057579799,6.87433612601022,13.9525489565098,14.018743588882,14.6034180174216,12.3741641130057
182.7,7,7,6.97632792930564,7.00936839941544,7.15548097034744,6.87420946504123,13.9526558586113,14.0187367988309,14.6030336493342,12.3756244295296
182.8,7,7,6.97638121218564,7.0093649883044,7.15551138259061,6.87408296315935,13.9527624243713,14.0187299766088,14.6026491125596,12.3770830389326
182.9,7,7,6.97643436883888,7.00936156515407,7.15554180809257,6.87395658088057,13.9528687376778,14.0187231303081,14.6022644494988,12.3785403647015
183,7,7,6.97648739953383,7.009358130013,7.15557224681043,6.87383031808057,13.9529747990677,14.018716260026,14.601879660641,12.3799964080323
183.1,7,7,6.97654030453853,7.00935468292962,7.15560269870133,6.87370417463526,13.9530806090771,14.0187093658592,14.6014947464746,12.3814511701201
183.2,7,7,6.97659308346167,7.00935122388988,7.15563316379133,6.87357815104826,13.9531861669233,14.0187024477798,14.6011097068335,12.3829046454219
183.3,7,7,6.97664569634995,7.00934774915045,7.15566364623355,6.87345228555965,13.9532913926999,14.0186954983009,14.6007245023973,12.3843564231263
183.4,7,7,6.97669818461467,7.009344262661,7.155694141678,6.87332653893108,13.9533963692293,14.018688525322,14.6003391745989,12.3858069243555
183.5,7,7,6.97675054852093,7.00934076446926,7.15572465008214,6.87320091103917,13.9535010970419,14.0186815289385,14.5999537239227,12.3872561502979
183.6,7,7,6.9768027883334,7.00933725462285,7.1557551714035,6.87307540176079,13.9536055766668,14.0186745092457,14.5995681508524,12.3887041021408
183.7,7,7,6.97685490366576,7.00933373310843,7.15578570566715,6.8729500115966,13.9537098073315,14.0186674662169,14.5991824552325,12.3901507743706
183.8,7,7,6.97690685507226,7.00933019627361,7.15581625694453,6.87282477854964,13.9538137101445,14.0186603925472,14.5987965986729,12.3915957584637
183.9,7,7,6.97695868343821,7.00932664797319,7.15584682096981,6.87269966362531,13.9539173668764,14.0186532959464,14.598410621647,12.3930394731937
184,7,7,6.97701038902539,7.0093230882541,7.15587739770083,6.87257466670121,13.9540207780508,14.0186461765082,14.5980245246346,12.3944819197411
184.1,7,7,6.97706197209513,7.00931951716313,7.15590798709548,6.87244978765513,13.9541239441903,14.0186390343263,14.5976383081149,12.3959230992853
184.2,7,7,6.97711343226606,7.00931593468765,7.15593858917789,6.87232502698479,13.9542268645321,14.0186318693753,14.5972519719431,12.3973630063424
184.3,7,7,6.97716473059355,7.00931233726471,7.15596920793849,6.872200422458,13.9543294611871,14.0186246745294,14.5968654786499,12.3988012346613
184.4,7,7,6.9772159074436,7.0093087286558,7.1559998391949,6.87207593532209,13.9544318148872,14.0186174573116,14.5964788677589,12.4002382006824
184.5,7,7,6.97726696307467,7.00930510890705,7.15603048290533,6.87195156545555,13.9545339261493,14.0186102178141,14.5960921397453,12.4016739055784
184.6,7,7,6.9773178977448,7.00930147806448,7.15606113902805,6.87182731273714,13.9546357954896,14.018602956129,14.5957052950837,12.403108350521
184.7,7,7,6.9773687110775,7.00929783611611,7.15609180758622,6.87170317766166,13.954737422155,14.0185956722322,14.5953183336396,12.4045415300556
184.8,7,7,6.97741936462297,7.00929417958695,7.15612249249002,6.87157919776345,13.9548387292459,14.0185883591739,14.5949312188563,12.4059730401889
184.9,7,7,6.97746989823442,7.00929051214673,7.15615318963975,6.87145533452992,13.9549397964688,14.0185810242935,14.5945439893163,12.4074032950433
185,7,7,6.97752031216703,7.00928683384081,7.15618389899401,6.87133158784049,13.9550406243341,14.0185736676816,14.5941566454901,12.4088322957838
185.1,7,7,6.97757060667561,7.00928314471444,7.15621462051141,6.87120795757483,13.9551412133512,14.0185662894289,14.593769187848,12.4102600435745
185.2,7,7,6.97762078138847,7.0092794447563,7.15624535421421,6.87108444422487,13.9552415627769,14.0185588895126,14.5933816162657,12.41168653299
185.3,7,7,6.97767079834443,7.00927573057784,7.156276103933,6.87096108509325,13.9553415966889,14.0185514611557,14.5929938950902,12.4131113622796
185.4,7,7,6.97772069689032,7.0092720057586,7.15630686565006,6.87083784190563,13.9554413937806,14.0185440115172,14.5926060619719,12.4145349432633
185.5,7,7,6.97777047727814,7.00926827034318,7.15633763932435,6.87071471454236,13.9555409545563,14.0185365406864,14.592218117377,12.4159572770984
185.6,7,7,6.97782013975948,7.00926452437606,7.15636842491487,6.870591702884,13.955640279519,14.0185290487521,14.591830061771,12.4173783649414
185.7,7,7,6.97786968396739,7.00926076784657,7.15639922244293,6.87046880741961,13.9557393679348,14.0185215356931,14.59144189504,12.4187982013956
185.8,7,7,6.97791907242314,7.00925699745114,7.15643003566027,6.87034606522194,13.9558381448463,14.0185139949023,14.5910535824262,12.420216386939
185.9,7,7,6.9779683439736,7.00925321668065,7.15646086063042,6.87022343825304,13.9559366879472,14.0185064333613,14.5906651606565,12.4216333311036
186,7,7,6.97801749886758,7.00924942557894,7.15649169731271,6.87010092639418,13.9560349977352,14.0184988511579,14.5902766301927,12.4230490350393
186.1,7,7,6.97806653735351,7.00924562418975,7.15652254566648,6.86997852952684,13.956133074707,14.0184912483795,14.5898879914961,12.424463499895
186.2,7,7,6.97811545906914,7.00924181250302,7.15655340571215,6.86985624813723,13.9562309181383,14.018483625006,14.5894992444627,12.4258767203028
186.3,7,7,6.97816422701209,7.00923798729874,7.15658428112328,6.86973411906989,13.9563284540242,14.0184759745975,14.5891103552212,12.4272882989544
186.4,7,7,6.97821287953557,7.00923415198062,7.15661516804395,6.86961210452154,13.9564257590711,14.0184683039612,14.5887213595843,12.4286986431091
186.5,7,7,6.97826141688525,7.00923030659177,7.15664606643384,6.86949020437433,13.9565228337705,14.0184606131835,14.5883322580092,12.4301077539093
186.6,7,7,6.97830983930644,7.00922645117516,7.15667697625267,6.86936841851064,13.9566196786129,14.0184529023503,14.5879430509528,12.4315156324964
186.7,7,7,6.9783581464415,7.00922258572137,7.15670789751992,6.86924674741387,13.956716292883,14.0184451714427,14.5875537383213,12.4329222735311
186.8,7,7,6.97840630175844,7.00921870709253,7.15673883383172,6.86912522770207,13.9568126035169,14.0184374141851,14.5871642871211,12.4343272819043
186.9,7,7,6.97845434312299,7.00921481860664,7.15676978141194,6.86900382180484,13.956908686246,14.0184296372133,14.5867747322595,12.4357310626176
187,7,7,6.97850227077776,7.00921092030607,7.15680074022063,6.86888252960521,13.9570045415555,14.0184218406121,14.5863850741893,12.4371336168059
187.1,7,7,6.97855008496493,7.00920701223308,7.15683171021788,6.86876135098646,13.9571001699299,14.0184140244662,14.5859953133629,12.4385349456031
187.2,7,7,6.97859778533146,7.00920309437885,7.15686269142226,6.86864028642917,13.9571955706629,14.0184061887577,14.5856054496966,12.4399350436985
187.3,7,7,6.97864533580979,7.00919916368623,7.15689368735313,6.86851937232665,13.9572906716196,14.0183983273725,14.5852154510662,12.4413335181676
187.4,7,7,6.97869277378435,7.00919522338901,7.15692469431347,6.86839857133958,13.9573855475687,14.018390446778,14.5848253514821,12.4427307717691
187.5,7,7,6.97874009949467,7.00919127352882,7.15695571226369,6.86827788335191,13.9574801989893,14.0183825470576,14.5844351513928,12.4441268056306
187.6,7,7,6.97878731317989,7.00918731414719,7.15698674116422,6.86815730824776,13.9575746263598,14.0183746282944,14.5840448512464,12.4455216208785
187.7,7,7,6.97883441449149,7.00918334523592,7.15701778103276,6.86803684650495,13.957668828983,14.0183666904718,14.5836544509689,12.4469152122304
187.8,7,7,6.97888136782048,7.00917936381722,7.15704883531258,6.86791653429372,13.957762735641,14.0183587276344,14.5832639192975,12.4483071889324
187.9,7,7,6.97892821007606,7.00917537304205,7.15707990038506,6.86779633450411,13.9578564201521,14.0183507460841,14.582873289354,12.4496979515149
188,7,7,6.97897494149472,7.00917137295134,7.15711097621096,6.86767624702092,13.9579498829894,14.0183427459027,14.5824825615827,12.451087501098
188.1,7,7,6.97902156231261,7.00916736358592,7.15714206275107,6.86755627172918,13.9580431246252,14.0183347271718,14.5820917364275,12.4524758388009
188.2,7,7,6.97906807218565,7.00916334493816,7.1571731600222,6.86743640910392,13.9581361443713,14.0183266898763,14.5817008138239,12.4538629593691
188.3,7,7,6.97911443595767,7.00915931410829,7.15720427139224,6.867316695094,13.9582288719153,14.0183186282166,14.5813097633623,12.4552484742054
188.4,7,7,6.97916069006859,7.00915527416586,7.15723539332026,6.86719709281708,13.9583213801372,14.0183105483317,14.5809186172845,12.4566327816262
188.5,7,7,6.97920683475195,7.00915122515111,7.15726652576737,6.86707760215886,13.9584136695039,14.0183024503022,14.5805273760306,12.4580158827445
188.6,7,7,6.97925287024089,7.00914716710416,7.15729766869471,6.86695822300519,13.9585057404818,14.0182943342083,14.5801360400402,12.459397778672
188.7,7,7,6.97929879619576,7.00914310001796,7.15732882211821,6.86683895582837,13.9585975923915,14.0182862000359,14.5797446092585,12.4607784641823
188.8,7,7,6.97934457790746,7.00913902106943,7.15735998933106,6.86671983635754,13.9586891558149,14.0182780421389,14.5793530541204,12.4621575528204
188.9,7,7,6.97939025135259,7.00913493324808,7.15739116686931,6.86660082793628,13.9587805027052,14.0182698664962,14.5789614059966,12.4635354407036
189,7,7,6.97943581676172,7.00913083659347,7.15742235469443,6.86648193045113,13.9588716335234,14.0182616731869,14.5785696653229,12.4649121289375
189.1,7,7,6.97948127436509,7.00912673114505,7.15745355276792,6.86636314378882,13.9589625487302,14.0182534622901,14.5781778325345,12.4662876186266
189.2,7,7,6.97952662382735,7.00912261689631,7.15748476110483,6.86624446841892,13.9590532476547,14.0182452337926,14.5777859075863,12.4676619045721
189.3,7,7,6.97957183088089,7.00911849109954,7.15751598292431,6.86612593985247,13.9591436617618,14.0182369821991,14.5773938617497,12.4690346024478
189.4,7,7,6.97961693104479,7.00911435666561,7.15754721483872,6.86600752165729,13.9592338620896,14.0182287133312,14.5770017255325,12.4704061061857
189.5,7,7,6.97966192454674,7.00911021363339,7.15757845680988,6.86588921372076,13.9593238490935,14.0182204272668,14.5766094993663,12.4717764168841
189.6,7,7,6.97970681161404,7.00910606204165,7.15760970879963,6.86577101593047,13.9594136232281,14.0182121240833,14.576217183682,12.4731455356407
189.7,7,7,6.97975159191566,7.00910190188446,7.15764097082216,6.86565292875326,13.9595031838313,14.0182038037689,14.575824778444,12.474513457284
189.8,7,7,6.97979623161986,7.00909773048815,7.15767224602326,6.86553498748375,13.9595924632397,14.0181954609763,14.5754322557522,12.4758797996026
189.9,7,7,6.97984076579401,7.0090935506863,7.15770353109091,6.86541715591229,13.959681531588,14.0181871013726,14.5750396452596,12.4772449543575
190,7,7,6.9798851946629,7.00908936251711,7.15773482598726,6.86529943392708,13.9597703893258,14.0181787250342,14.5746469473938,12.4786089226401
190.1,7,7,6.97992951845099,7.00908516601869,7.1577661306745,6.86518182141657,13.959859036902,14.0181703320374,14.5742541625815,12.4799717055407
190.2,7,7,6.97997373683147,7.00908096118564,7.15779744516598,6.86506431884492,13.9599474736629,14.0181619223713,14.5738612907965,12.4813332979154
190.3,7,7,6.98001781640301,7.0090767454171,7.15782877253478,6.86494696129191,13.960035632806,14.0181534908342,14.573468304959,12.4826933196537
190.4,7,7,6.98006179178692,7.00907252147066,7.15786010954381,6.86482971276875,13.9601235835738,14.0181450429413,14.5730752338759,12.4840521603599
190.5,7,7,6.98010566320517,7.00906828938387,7.15789145615556,6.8647125731645,13.9602113264103,14.0181365787677,14.5726820779703,12.4854098211182
190.6,7,7,6.98014943087939,7.00906404919418,7.15792281233258,6.86459554236842,13.9602988617588,14.0181280983884,14.572288837665,12.4867663030119
190.7,7,7,6.98019309448695,7.00905980089672,7.15795417808735,6.864478620842,13.9603861889739,14.0181196017934,14.5718955129429,12.4881216009243
190.8,7,7,6.98023662105147,7.00905554196218,7.15798555642093,6.86436184345182,13.9604732421029,14.0181110839244,14.571502077537,12.4894753368323
190.9,7,7,6.98028004475387,7.00905127507348,7.15801694417048,6.86424517442829,13.9605600895077,14.018102550147,14.5711085594157,12.4908278981974
191,7,7,6.98032336581331,7.0090470002675,7.15804834129883,6.86412861366129,13.9606467316266,14.018094000535,14.5707149589981,12.4921792860969
191.1,7,7,6.98036658444862,7.00904271758106,7.15807974776885,6.86401216104091,13.9607331688972,14.0180854351621,14.5703212767029,12.4935295016069
191.2,7,7,6.98040970034131,7.00903842700982,7.15811116359222,6.86389581702601,13.9608194006826,14.0180768540196,14.5699275125222,12.4948785396379
191.3,7,7,6.98045268093461,7.00903412609478,7.1581425916986,6.8637796162715,13.9609053618692,14.0180682521896,14.5695336409936,12.4962260242405
191.4,7,7,6.98049555997456,7.00902981744545,7.15817402899872,6.86366352322539,13.9609911199491,14.0180596348909,14.5691396892553,12.4975723407476
191.5,7,7,6.98053833767757,7.00902550109809,7.15820547545575,6.86354753777838,13.9610766753551,14.0180510021962,14.5687456577226,12.4989174902291
191.6,7,7,6.98058101425971,7.00902117708887,7.15823693103291,6.86343165982137,13.9611620285194,14.0180423541777,14.5683515468099,12.5002614737546
191.7,7,7,6.98062358940656,7.00901684541397,7.15826839574105,6.86331588981059,13.9612471788131,14.0180336908279,14.5679573565185,12.501604286261
191.8,7,7,6.98066603097566,7.00901250368349,7.15829987243909,6.8632002621909,13.9613320619513,14.018025007367,14.5675630621827,12.5029455538599
191.9,7,7,6.98070837228369,7.0090081544348,7.15833135811067,6.86308474162624,13.9614167445674,14.0180163088696,14.5671686901188,12.5042856597687
192,7,7,6.98075061354432,7.00900379770354,7.1583628527193,6.86296932800815,13.9615012270886,14.0180075954071,14.5667742407379,12.5056246050506
192.1,7,7,6.98079275497089,7.00899943352527,7.15839435622853,6.86285402122834,13.9615855099418,14.0179988670505,14.5663797144505,12.506962390768
192.2,7,7,6.980834796253,7.00899506189664,7.1584258686484,6.8627388217404,13.961669592506,14.0179901237933,14.5659851112667,12.5082990118849
192.3,7,7,6.9808767056573,7.00899068049568,7.15845739276774,6.8626237637807,13.9617534113146,14.0179813609914,14.5655904073101,12.5096340965597
192.4,7,7,6.98091851607649,7.00898629178886,7.15848892564243,6.86250881222755,13.961837032153,14.0179725835777,14.5651956280829,12.5109680259086
192.5,7,7,6.98096022772156,7.00898189581121,7.15852046723632,6.86239396697327,13.9619204554431,14.0179637916224,14.564800773992,12.5123008009879
192.6,7,7,6.98100184080314,7.00897749259765,7.1585520175133,6.86227922791038,13.9620036816063,14.0179549851953,14.5644058454441,12.5136324228532
192.7,7,7,6.98104335501483,7.00897308214535,7.15858357648257,6.86216459548988,13.9620867100297,14.0179461642907,14.5640108424581,12.5149628864948
192.8,7,7,6.98108473902716,7.00896866219907,7.15861514686354,6.86205010374118,13.9621694780543,14.0179373243981,14.5636157419391,12.5162918221054
192.9,7,7,6.98112602531426,7.00896423515559,7.15864672578368,6.86193571775534,13.9622520506285,14.0179284703112,14.5632205685829,12.5176196087131
193,7,7,6.98116721408444,7.00895980104936,7.15867831320716,6.86182143742549,13.9623344281689,14.0179196020987,14.5628253227927,12.5189462473674
193.1,7,7,6.98120830554568,7.00895535991468,7.15870990909819,6.86170726264493,13.9624166110914,14.0179107198294,14.562430004971,12.5202717391172
193.2,7,7,6.9812492993955,7.00895091174921,7.15874151346519,6.8615931938621,13.962498598791,14.0179018234984,14.5620346151457,12.5215960789792
193.3,7,7,6.98129016470326,7.00894645436325,7.15877312895875,6.86147926490099,13.9625803294065,14.0178929087265,14.5616391309955,12.5229188991668
193.4,7,7,6.98133093352975,7.00894199008517,7.15880475277727,6.86136544106381,13.9626618670595,14.0178839801703,14.561243576418,12.5242405766338
193.5,7,7,6.98137160608066,7.00893751894878,7.15883638488525,6.8612517222445,13.9627432121613,14.0178750378976,14.5608479518124,12.525561112423
193.6,7,7,6.98141218256135,7.00893304098782,7.15886802524722,6.86113810833716,13.9628243651227,14.0178660819756,14.5604522575774,12.5268805075765
193.7,7,7,6.9814526626732,7.00892855620038,7.15889967387083,6.86102459978764,13.9629053253464,14.0178571124008,14.5600564937494,12.5281987571371
193.8,7,7,6.98149301587937,7.00892406246124,7.15893133333848,6.86091123021604,13.9629860317587,14.0178481249225,14.5596606387735,12.5295154953263
193.9,7,7,6.98153327383254,7.00891956203145,7.15896300091885,6.8607979651342,13.9630665476651,14.0178391240629,14.5592647157567,12.5308310970367
194,7,7,6.9815734367358,7.00891505494426,7.15899467657676,6.86068480443682,13.9631468734716,14.0178301098885,14.5588687250942,12.5321455633045
194.1,7,7,6.98161350479192,7.00891054123281,7.15902636027707,6.86057174801878,13.9632270095838,14.0178210824656,14.5584726671808,12.5334588951649
194.2,7,7,6.9816534777061,7.00890602089567,7.15905805202664,6.8604587963234,13.9633069554122,14.0178120417913,14.5580765420617,12.534771087687
194.3,7,7,6.98169332533034,7.0089014918709,7.15908975434034,6.86034598276837,13.9633866506607,14.0178029837418,14.5576803289407,12.536081777087
194.4,7,7,6.98173307891432,7.00889695635347,7.15912146455646,6.8602332730736,13.9634661578286,14.0177939127069,14.5572840501417,12.5373913362101
194.5,7,7,6.9817727386586,7.00889241437605,7.15915318264016,6.86012066713457,13.9635454773172,14.0177848287521,14.5568877060563,12.5386997660855
194.6,7,7,6.98181230476338,7.00888786597118,7.15918490855663,6.86000816484693,13.9636246095268,14.0177757319424,14.5564912970754,12.5400070677419
194.7,7,7,6.98185177693765,7.00888331113791,7.15921664231193,6.85989576665147,13.9637035538753,14.0177666222758,14.5560948232526,12.5413132362742
194.8,7,7,6.98189112541728,7.00887874787648,7.15924838635401,6.85978350576499,13.9637822508346,14.017757495753,14.5556982645432,12.542617909881
194.9,7,7,6.98193038105413,7.00887417831693,7.15928013809017,6.8596713481139,13.9638607621083,14.0177483566339,14.5553016424958,12.5439214593725
195,7,7,6.98196954404619,7.00886960249134,7.15931189748588,6.85955929359445,13.9639390880924,14.0177392049827,14.5549049574981,12.5452238857717
195.1,7,7,6.98200861459115,7.00886502043169,7.15934366450665,6.85944734210308,13.9640172291823,14.0177300408634,14.5545082099372,12.5465251901005
195.2,7,7,6.98204759240171,7.00886043213747,7.15937543915777,6.85933549407806,13.9640951848034,14.0177208642749,14.5541113998752,12.5478253674795
195.3,7,7,6.98208644809283,7.00885583567004,7.1594072238209,6.85922378253675,13.9641728961857,14.0177116713401,14.5537145080113,12.5491240580768
195.4,7,7,6.9821252121235,7.00885123309561,7.15943901597168,6.85911217361059,13.964250424247,14.0177024661912,14.5533175551265,12.5504216306811
195.5,7,7,6.98216388468922,7.00884662444571,7.1594708155759,6.85900066719657,13.9643277693784,14.0176932488914,14.5529205416048,12.5517180863088
195.6,7,7,6.98220246598517,7.00884200975176,7.15950262259939,6.85888926319189,13.9644049319703,14.0176840195035,14.5525234678293,12.5530134259753
195.7,7,7,6.98224095572775,7.00883738901367,7.15953443704668,6.85877796203235,13.9644819114555,14.0176747780273,14.5521263338706,12.5543076448267
195.8,7,7,6.98227932490618,7.00883276035285,7.15956626123374,6.85866679653733,13.9645586498124,14.0176655207057,14.5517291211644,12.5556003849879
195.9,7,7,6.98231760359157,7.00882812577282,7.15959809270393,6.85855573304174,13.9646352071831,14.0176562515456,14.5513318497318,12.5568920132391
196,7,7,6.98235579197694,7.00882348530453,7.15962993142336,6.85844477144337,13.9647115839539,14.0176469706091,14.5509345199528,12.5581825305902
196.1,7,7,6.98239389025502,7.00881883897887,7.15966177735818,6.85833391164014,13.96478778051,14.0176376779577,14.550537132207,12.5594719380501
196.2,7,7,6.98243189814584,7.00881418679618,7.15969363051217,6.8582231540654,13.9648637962917,14.0176283735924,14.550139686573,12.5607602307903
196.3,7,7,6.98246978700816,7.00880952693684,7.1597254931362,6.858112531342,13.9649395740163,14.0176190538737,14.5497421652162,12.56204705288
196.4,7,7,6.9825075865301,7.00880486134277,7.15975736284073,6.85800201000687,13.9650151730602,14.0176097226855,14.5493445874047,12.5633327691038
196.5,7,7,6.98254529690226,7.00880019004438,7.15978923959221,6.85789158995851,13.9650905938045,14.0176003800888,14.548946953515,12.564617380465
196.6,7,7,6.98258291831491,7.00879551307202,7.15982112335707,6.85778127109564,13.9651658366298,14.017591026144,14.5485492639229,12.5659008879661
196.7,7,7,6.98262045049168,7.00879083042643,7.15985301413836,6.85767105384909,13.9652409009834,14.0175816608529,14.5481515187152,12.5671832868039
196.8,7,7,6.98265786515621,7.00878614034596,7.15988491412248,6.8575609706467,13.9653157303124,14.0175722806919,14.5477537007795,12.5684642229795
196.9,7,7,6.98269519161847,7.00878144471198,7.15991682098637,6.85745098822586,13.9653903832369,14.017562889424,14.5473558286387,12.5697440592944
197,7,7,6.98273243006664,7.0087767435544,7.15994873469677,6.85734110648586,13.9654648601333,14.0175534871088,14.5469579026656,12.5710227967457
197.1,7,7,6.98276958068861,7.008772036903,7.15998065522044,6.85723132532611,13.9655391613772,14.017544073806,14.5465599232321,12.5723004363295
197.2,7,7,6.98280664321152,7.00876732475895,7.16001258255968,6.85712164517505,13.965613286423,14.0175346495179,14.5461618904332,12.5735769732675
197.3,7,7,6.98284358971932,7.00876260541752,7.16004451883702,6.85701209826684,13.9656871794386,14.017525210835,14.5457637878718,12.5748520554804
197.4,7,7,6.98288044914857,7.00875788070064,7.16007646179525,6.85690265153793,13.9657608982971,14.0175157614013,14.5453656333327,12.5761260437997
197.5,7,7,6.98291722168508,7.00875315063765,7.16010841140142,6.85679330488833,13.9658344433702,14.0175063012753,14.544967427185,12.5773989392159
197.6,7,7,6.98295390751436,7.00874841525784,7.16014036762262,6.8566840582182,13.9659078150287,14.0174968305157,14.544569169797,12.5786707427188
197.7,7,7,6.98299050636707,7.00874367456276,7.16017233046039,6.85657491195355,13.9659810127341,14.0174873491255,14.5441708612716,12.5799414495551
197.8,7,7,6.98302699068286,7.00873892690362,7.160204301974,6.85646589813631,13.9660539813657,14.0174778538072,14.5437724859199,12.5812107095528
197.9,7,7,6.98306338902963,7.0087341740439,7.16023627997148,6.85635698390051,13.9661267780593,14.0174683480878,14.543374060796,12.5824788815856
198,7,7,6.98309970159086,7.00872941601247,7.16026826442018,6.8562481691469,13.9661994031817,14.0174588320249,14.5429755862652,12.5837459666379
198.1,7,7,6.9831359285497,7.00872465283807,7.1603002552875,6.85613945377636,13.9662718570994,14.0174493056761,14.5425770626924,12.585011965693
198.2,7,7,6.98317206964026,7.00871988452266,7.16033225257427,6.8560308382125,13.9663441392805,14.0174397690453,14.5421784901882,12.5862768740226
198.3,7,7,6.98320809765341,7.00871510947235,7.16036425827705,6.85592235430641,13.9664161953068,14.0174302189447,14.5417798537649,12.5875403433496
198.4,7,7,6.98324404079307,7.00871032939328,7.16039627026852,6.85581396938828,13.9664880815861,14.0174206587866,14.5413811697532,12.5888027306028
198.5,7,7,6.98327989924038,7.00870554431377,7.16042828851634,6.85570568335955,13.9665597984808,14.0174110886275,14.5409824385146,12.5900640367602
198.6,7,7,6.98331567317618,7.00870075426207,7.16046031298819,6.85559749612186,13.9666313463524,14.0174015085241,14.5405836604104,12.5913242627989
198.7,7,7,6.983351362338,7.00869595924053,7.16049234368421,6.85548940809641,13.966702724676,14.0173919184811,14.5401848355592,12.5925834040151
198.8,7,7,6.98338693986349,7.00869115770921,7.16052438253885,6.85538145094484,13.966773879727,14.0173823154184,14.5397859496674,12.5938411140148
198.9,7,7,6.98342243359716,7.00868635131787,7.16055642748881,6.85527359219206,13.9668448671943,14.0173727026357,14.5393870183492,12.5950977477943
199,7,7,6.98345784371786,7.00868154009434,7.16058847850207,6.85516583174024,13.9669156874357,14.0173630801887,14.5389880419627,12.5963533063251
199.1,7,7,6.98349317040416,7.00867672406637,7.16062053554662,6.85505816949172,13.9669863408083,14.0173534481327,14.5385890208655,12.5976077905782
199.2,7,7,6.98352841339693,7.00867190323668,7.16065259862186,6.85495060586532,13.9670568267939,14.0173438064734,14.538189955184,12.5988611958744
199.3,7,7,6.98356354617624,7.00866707611832,7.16068466960074,6.85484317233464,13.9671270923525,14.0173341522366,14.5377908313119,12.6001131776906
199.4,7,7,6.98359859623174,7.00866224430569,7.1607167464834,6.85473583661786,13.9671971924635,14.0173244886114,14.5373916641541,12.6013640891026
199.5,7,7,6.98363356374,7.00865740782613,7.1607488292381,6.85462859861787,13.96726712748,14.0173148156523,14.5369924540651,12.6026139310761
199.6,7,7,6.98366844887735,7.00865256670689,7.16078091783314,6.85452145823771,13.9673368977547,14.0173051334138,14.5365932013991,12.6038627045757
199.7,7,7,6.98370325138799,7.00864772095106,7.16081301226724,6.85441441589386,13.967406502776,14.0172954419021,14.53619390629,12.6051104049464
199.8,7,7,6.98373794509005,7.00864286912372,7.16084511435237,6.8543075028732,13.9674758901801,14.0172857382474,14.5357945558121,12.6063566895245
199.9,7,7,6.98377255712279,7.00863801276492,7.16087722215154,6.85420068708581,13.9675451142456,14.0172760255298,14.535395164168,12.6076019094777
200,7,7,6.98380708766058,7.00863315190149,7.16090933563329,6.85409396843527,13.9676141753212,14.017266303803,14.5349957317086,12.6088460657653
200.1,7,7,6.9838415368775,7.00862828656021,7.16094145476623,6.85398734682534,13.967683073755,14.0172565731204,14.5345962587846,12.6100891593459
200.2,7,7,6.98387590452103,7.00862341674451,7.16097357954837,6.85388082267015,13.9677518090421,14.017246833489,14.5341967455375,12.6113311855888
200.3,7,7,6.98391016474311,7.00861854107061,7.16100571173133,6.85377442707124,13.9678203294862,14.0172370821412,14.5337971797154,12.6125718036774
200.4,7,7,6.98394434433705,7.00861366102513,7.16103784944035,6.85366812812917,13.9678886886741,14.0172273220503,14.5333975748255,12.6138113628836
200.5,7,7,6.983978443475,7.00860877663443,7.1610699926443,6.85356192574823,13.96795688695,14.0172175532689,14.5329979312152,12.6150498641605
200.6,7,7,6.98401246232886,7.00860388792481,7.16110214131205,6.85345581983287,13.9680249246577,14.0172077758496,14.5325982492319,12.6162873084608
200.7,7,7,6.98404640064933,7.00859899490005,7.16113429544093,6.85334981079488,13.9680928012987,14.0171979898001,14.5321985290243,12.6175236911776
200.8,7,7,6.98408023291794,7.00859409622657,7.16116645672277,6.85324392955183,13.9681604658359,14.0171881924531,14.5317987590078,12.6187586733301
200.9,7,7,6.98411398558643,7.00858919333853,7.16119862334448,6.85313814439336,13.9682279711729,14.0171783866771,14.5313989520009,12.6199926023061
201,7,7,6.98414765882478,7.00858428626183,7.16123079527519,6.85303245522446,13.9682953176496,14.0171685725237,14.5309991083479,12.6212254790528
201.1,7,7,6.98418125280268,7.00857937502228,7.16126297248411,6.85292686195028,13.9683625056054,14.0171587500446,14.5305992283923,12.6224573045168
201.2,7,7,6.98421476727406,7.00857445962403,7.16129515496786,6.8528213649803,13.9684295345481,14.0171489192481,14.5301993122907,12.6236880741151
201.3,7,7,6.98424817704586,7.00856953878278,7.16132734435905,6.8527159950494,13.9684963540917,14.0171390775656,14.5297993491184,12.6249174506908
201.4,7,7,6.98428150823255,7.00856461388118,7.16135953890565,6.85261072063497,13.9685630164651,14.0171292277624,14.5293993510128,12.6261457797599
201.5,7,7,6.98431476100196,7.00855968494465,7.16139173857711,6.85250554164269,13.9686295220039,14.0171193698893,14.5289993183143,12.6273730622635
201.6,7,7,6.98434793552164,7.00855475199856,7.16142394334291,6.85240045797837,13.9686958710433,14.0171095039971,14.5285992513634,12.6285992991421
201.7,7,7,6.98438103154868,7.00854981504737,7.16145615319902,6.85229547004923,13.9687620630974,14.0170996300947,14.5281991503237,12.6298244858366
201.8,7,7,6.98441402421132,7.00854487285521,7.16148836971934,6.85219060840877,13.9688280484226,14.0170897457104,14.5277990049246,12.6310482870025
201.9,7,7,6.98444693929103,7.00853992675413,7.16152059121238,6.85208584172078,13.9688938785821,14.0170798535083,14.5273988266283,12.6322710462956
202,7,7,6.98447977695352,7.00853497676911,7.16155281764787,6.8519811698916,13.968959553907,14.0170699535382,14.5269986157723,12.6334927646511
202.1,7,7,6.98451253736422,7.00853002292503,7.16158504899558,6.85187659282774,13.9690250747284,14.0170600458501,14.5265983726932,12.6347134430036
202.2,7,7,6.98454522028333,7.00852506522671,7.1616172852508,6.85177211093412,13.9690904405667,14.0170501304534,14.5261980975622,12.6359330768176
202.3,7,7,6.98457780115634,7.0085201024858,7.16164952792933,6.8516677545842,13.9691556023127,14.0170402049716,14.5257977807559,12.6371513325495
202.4,7,7,6.98461030543592,7.00851513598467,7.1616817753996,6.85156349262681,13.9692206108718,14.0170302719693,14.5253974330684,12.6383685520069
202.5,7,7,6.98464273328568,7.00851016574784,7.16171402763164,6.85145932496896,13.9692854665714,14.0170203314957,14.5249970548337,12.6395847361189
202.6,7,7,6.98467508486899,7.00850519179977,7.1617462845955,6.85135525151783,13.969350169738,14.0170103835995,14.5245966463853,12.6407998858143
202.7,7,7,6.98470735994909,7.00850021414558,7.16177854628581,6.85125127267609,13.9694147198982,14.0170004282912,14.5241962079013,12.642013996581
202.8,7,7,6.98473953428471,7.00849523164359,7.16181081416079,6.85114741863842,13.9694790685694,14.0169904632872,14.5237957303992,12.6432267366651
202.9,7,7,6.98477163300389,7.00849024552741,7.16184308664827,6.85104365843737,13.9695432660078,14.0169804910548,14.5233952240118,12.6444384460374
203,7,7,6.98480365626818,7.00848525582109,7.16187536371855,6.85093999198061,13.9696073125364,14.0169705116422,14.5229946890697,12.6456491256214
203.1,7,7,6.98483560423886,7.00848026254866,7.16190764534195,6.850836419176,13.9696712084777,14.0169605250973,14.522594125903,12.6468587763397
203.2,7,7,6.98486747668224,7.00847526571555,7.16193993151246,6.85073294042395,13.9697349533645,14.0169505314311,14.5221935346969,12.6480673937038
203.3,7,7,6.98489924966628,7.00847026422591,7.16197222363129,6.85062958574168,13.9697984993326,14.0169405284518,14.5217929071033,12.649274647738
203.4,7,7,6.98493094799852,7.00846525926545,7.16200452018505,6.85052632434411,13.969861895997,14.0169305185309,14.5213922526002,12.650480876588
203.5,7,7,6.98496257183846,7.00846025085779,7.16203682114434,6.85042315613957,13.9699251436769,14.0169205017156,14.5209915715148,12.6516860811715
203.6,7,7,6.98499412134534,7.0084552390265,7.16206912647977,6.85032008103659,13.9699882426907,14.016910478053,14.520590864174,12.6528902624054
203.7,7,7,6.98502559628846,7.00845022377734,7.16210143618467,6.85021709943334,13.9700511925769,14.0169004475547,14.5201901307701,12.6540934158242
203.8,7,7,6.98505697304115,7.00844520405946,7.16213375160377,6.85011424117085,13.9701139460823,14.0168904081189,14.5197893635828,12.6552952132194
203.9,7,7,6.98508827609446,7.00844018101151,7.16216607128194,6.85001147564509,13.9701765521889,14.016880362023,14.519388571442,12.6564959909231
204,7,7,6.98511950560588,7.0084351546567,7.16219839519005,6.84990880276508,13.9702390112118,14.0168703093134,14.5189877546716,12.6576957498474
204.1,7,7,6.98515066173263,7.00843012501816,7.16223072329899,6.84980622243997,13.9703013234653,14.0168602500363,14.5185869135952,12.6588944909033
204.2,7,7,6.98518174424699,7.00842509210197,7.16226305560147,6.84970373506573,13.970363488494,14.0168501842039,14.518186048412,12.6600922096484
204.3,7,7,6.98521272982375,7.00842005490143,7.16229539338624,6.84960137030846,13.9704254596475,14.0168401098029,14.5177851520234,12.66128857963
204.4,7,7,6.98524364264151,7.00841501450901,7.16232773525591,6.84949909774388,13.970487285283,14.016830029018,14.5173842326175,12.6624839353783
204.5,7,7,6.98527448285577,7.00840997094752,7.1623600811816,6.84939691728168,13.9705489657115,14.016819941895,14.5169832905152,12.6636782777996
204.6,7,7,6.98530525062176,7.00840492423965,7.16239243113449,6.84929482883165,13.9706105012435,14.0168098484793,14.5165823260365,12.6648716077991
204.7,7,7,6.98533594571467,7.00839987439178,7.16242478510664,6.84919283278756,13.9706718914293,14.0167997487836,14.5161813393877,12.6660639209575
204.8,7,7,6.98536654510697,7.00839482044057,7.16245714433143,6.84909095864181,13.9707330902139,14.0167896408811,14.5157803240856,12.6672548925666
204.9,7,7,6.98539707266876,7.00838976343317,7.16248950746858,6.84898917614863,13.9707941453375,14.0167795268663,14.515379287683,12.6684448553664
205,7,7,6.98542752855355,7.00838470339195,7.1625218744895,6.84888748521832,13.9708550571071,14.0167694067839,14.5149782304974,12.6696338102571
205.1,7,7,6.98545791291462,7.0083796403392,7.16255424536565,6.84878588576136,13.9709158258292,14.0167592806784,14.5145771528459,12.6708217581385
205.2,7,7,6.98548822553004,7.00837457428158,7.16258662008845,6.84868437816928,13.9709764510601,14.0167491485632,14.5141760549413,12.6720086946138
205.3,7,7,6.98551844366619,7.00836950429833,7.16261899983641,6.84858299176207,13.9710368873324,14.0167390085967,14.5137749309097,12.673194296709
205.4,7,7,6.98554859088855,7.00836443139207,7.16265138332586,6.84848169647115,13.9710971817771,14.0167288627841,14.5133737876751,12.6743788953844
205.5,7,7,6.9855786673487,7.00835935558478,7.16268377052847,6.84838049220748,13.9711573346974,14.0167187111696,14.5129726255516,12.6755624915348
205.6,7,7,6.98560867319797,7.00835427689833,7.16271616141598,6.84827937888213,13.9712173463959,14.0167085537967,14.5125714448533,12.6767450860542
205.7,7,7,6.98563860821729,7.00834919533967,7.1627485559792,6.84817835688451,13.9712772164346,14.0166983906793,14.5121702457997,12.6779266745684
205.8,7,7,6.98566844996321,7.00834411002982,7.16278095534227,6.84807745536337,13.9713368999264,14.0166882200596,14.5117690231198,12.6791069358264
205.9,7,7,6.98569822170046,7.00833902192772,7.16281335827759,6.84797664442607,13.9713964434009,14.0166780438554,14.5113677831151,12.6802861990205
206,7,7,6.98572792357872,7.00833393105491,7.16284576475711,6.84787592398419,13.9714558471574,14.0166678621098,14.5109665260968,12.6814644650396
206.1,7,7,6.98575755574738,7.0083288374329,7.16287817475282,6.84777529394947,13.9715151114948,14.0166576748658,14.5105652523754,12.6826417347723
206.2,7,7,6.9857871179902,7.00832374106889,7.16291058825494,6.84767475470913,13.9715742359804,14.0166474821378,14.5101639621773,12.6838180038668
206.3,7,7,6.98581658815023,7.00831864112493,7.16294300633377,6.84757433524192,13.9716331763005,14.0166372822499,14.5097626508283,12.6849929527843
206.4,7,7,6.98584598919526,7.00831353851706,7.16297542781722,6.8474740058299,13.9716919783905,14.0166270770341,14.5093613240138,12.68616690896
206.5,7,7,6.98587532127306,7.00830843326643,7.16300785267754,6.84737376638527,13.9717506425461,14.0166168665329,14.5089599820416,12.6873398732773
206.6,7,7,6.98590458453116,7.00830332539414,7.16304028088697,6.84727361682039,13.9718091690623,14.0166066507883,14.5085586252194,12.6885118466191
206.7,7,7,6.98593377875606,7.00829821490767,7.16307271243511,6.84717355752036,13.9718675575121,14.0165964298153,14.50815725378,12.6896828246561
206.8,7,7,6.98596288207371,7.00829310100933,7.16310514833898,6.84707361729512,13.9719257641474,14.0165862020187,14.50775586364,12.6908524895509
206.9,7,7,6.98599191715873,7.00828798457305,7.16313758748147,6.84697376660017,13.9719838343175,14.0165759691461,14.5073544598748,12.6920211669926
207,7,7,6.98602088415699,7.00828286561959,7.16317002983508,6.84687400534835,13.972041768314,14.0165657312392,14.5069530427893,12.6931888578591
207.1,7,7,6.98604978321416,7.00827774416966,7.16320247537234,6.84677433345263,13.9720995664283,14.0165554883393,14.5065516126878,12.6943555630278
207.2,7,7,6.98607861411949,7.00827262023102,7.16323492408224,6.84667475129596,13.972157228239,14.016545240462,14.5061501698098,12.6955212781915
207.3,7,7,6.98610735527823,7.00826749304547,7.16326737692899,6.84657528752073,13.9722147105565,14.0165349860909,14.5057487106566,12.6966856872037
207.4,7,7,6.9861360290755,7.00826236344562,7.16329983284996,6.84647591275461,13.972272058151,14.0165247268912,14.5053472396999,12.6978491140183
207.5,7,7,6.98616463565536,7.00825723145185,7.16333229181791,6.84637662691107,13.9723292713107,14.0165144629037,14.5049457572414,12.6990115595079
207.6,7,7,6.98619317516162,7.00825209708448,7.16336475380564,6.84627742990371,13.9723863503232,14.016504194169,14.5045442635825,12.7001730245443
207.7,7,7,6.98622164738623,7.00824696035153,7.16339721880153,6.84617832211335,13.9724432947725,14.0164939207031,14.5041427589688,12.7013335048424
207.8,7,7,6.98625003101021,7.00824182053358,7.16342968771753,6.84607933201597,13.9725000620204,14.0164836410672,14.5037412404808,12.7024926859359
207.9,7,7,6.98627834813288,7.00823667842268,7.16346215954492,6.84598043041024,13.9725566962658,14.0164733568454,14.5033397119924,12.7036508900544
208,7,7,6.98630659889645,7.00823153403883,7.16349463425674,6.84588161721022,13.9726131977929,14.0164630680777,14.5029381738022,12.7048081180652
208.1,7,7,6.98633478344292,7.00822638740196,7.16352711182603,6.84578289233013,13.9726695668858,14.0164527748039,14.5025366262085,12.7059643708345
208.2,7,7,6.98636290156692,7.00822123852036,7.16355959224061,6.84568425614871,13.9727258031338,14.0164424770407,14.5021350694635,12.7071196440992
208.3,7,7,6.98639093222173,7.00821608671266,7.16359207636064,6.84558573697669,13.9727818644435,14.0164321734253,14.5017335012203,12.7082736250627
208.4,7,7,6.98641889722449,7.0082109327311,7.16362456323081,6.84548730578251,13.972837794449,14.0164218654622,14.5013319247616,12.7094266342414
208.5,7,7,6.9864467967156,7.0082057765953,7.16365705282442,6.84538896248085,13.9728935934312,14.0164115531906,14.5009303403827,12.7105786724968
208.6,7,7,6.98647463083527,7.00820061832484,7.16368954511479,6.84529070698653,13.9729492616705,14.0164012366497,14.5005287483789,12.7117297406899
208.7,7,7,6.98650239938076,7.00819545792823,7.16372204008914,6.84519253967619,13.9730047987615,14.0163909158565,14.5001271490087,12.7128798345795
208.8,7,7,6.98653008157417,7.00819029476146,7.16375453855634,6.84509448869653,13.9730601631483,14.0163805895229,14.4997255404925,12.7140286430281
208.9,7,7,6.98655769895402,7.00818512953769,7.16378703961402,6.84499652518454,13.973115397908,14.0163702590754,14.4993239255271,12.7151764848494
209,7,7,6.98658525165895,7.00817996227618,7.16381954323571,6.84489864905549,13.9731705033179,14.0163599245524,14.498922304405,12.7163233608997
209.1,7,7,6.98661273982738,7.00817479299614,7.16385204939499,6.84480086022482,13.9732254796548,14.0163495859923,14.4985206774185,12.7174692720345
209.2,7,7,6.98664016325918,7.00816962170633,7.1638845580785,6.84470315906709,13.9732803265184,14.0163392434127,14.4981190448323,12.7186142140343
209.3,7,7,6.98666750144186,7.00816444779938,7.16391707004435,6.84460557356609,13.9733350028837,14.0163288955988,14.4977174054279,12.7197578774105
209.4,7,7,6.98669477563885,7.0081592719501,7.16394958444254,6.84450807502619,13.9733895512777,14.0163185439002,14.4973157613227,12.7209005792848
209.5,7,7,6.98672198598705,7.00815409417741,7.16398210124686,6.84441066336327,13.9734439719741,14.0163081883548,14.4969141128063,12.7220423205082
209.6,7,7,6.9867491326231,7.00814891450015,7.16401462043115,6.84431333849335,13.9734982652462,14.0162978290003,14.4965124601679,12.7231831019307
209.7,7,7,6.98677621534946,7.0081437329273,7.16404714198149,6.84421610078895,13.9735524306989,14.0162874658546,14.4961108036783,12.7243229193544
209.8,7,7,6.98680321391569,7.00813854888746,7.16407966660568,6.84411897807208,13.9736064278314,14.0162770977749,14.4957091426746,12.7254614649295
209.9,7,7,6.98683014931362,7.00813336301783,7.16411219350561,6.84402194181332,13.9736602986272,14.0162667260357,14.4953074787006,12.7265990540961
210,7,7,6.98685702167841,7.00812817533695,7.16414472265533,6.84392499192914,13.9737140433568,14.0162563506739,14.4949058120429,12.7277356876998
210.1,7,7,6.98688383114497,7.0081229858633,7.16417725402895,6.84382812833615,13.9737676622899,14.0162459717266,14.4945041429877,12.7288713665856
210.2,7,7,6.98691057751829,7.00811779460613,7.16420978761195,6.84373135140481,13.9738211550366,14.0162355892123,14.4941024718119,12.7300060865767
210.3,7,7,6.98693724080668,7.00811260102929,7.16424232406235,6.84363468879654,13.9738744816134,14.0162252020586,14.4937007984024,12.7311395414519
210.4,7,7,6.9869638417338,7.00810740573306,7.16427486263342,6.84353811214693,13.9739276834676,14.0162148114661,14.4932991237353,12.7322720449803
210.5,7,7,6.98699038043308,7.00810220873564,7.16430740329947,6.84344162137303,13.9739807608662,14.0162044174713,14.4928974480943,12.7334035980021
210.6,7,7,6.98701685703775,7.00809701005517,7.16433994603484,6.84334521639204,13.9740337140755,14.0161940201103,14.4924957717625,12.7345342013572
210.7,7,7,6.98704327135529,7.0080918097011,7.16437249082447,6.84324889757239,13.9740865427106,14.0161836194022,14.4920940950229,12.73566385089
210.8,7,7,6.98706960364947,7.0080866071719,7.16440503827708,6.84315269241602,13.9741392072989,14.0161732143438,14.4916924183066,12.7367922419977
210.9,7,7,6.98709587437916,7.00808140303164,7.16443758769679,6.84305657272236,13.9741917487583,14.0161628060633,14.4912907420278,12.7379196867887
211,7,7,6.98712208367614,7.00807619729817,7.16447013905816,6.84296053840906,13.9742441673523,14.0161523945963,14.4908890664671,12.7390461860982
211.1,7,7,6.98714823167192,7.00807098998927,7.1645026923358,6.84286458939389,13.9742964633438,14.0161419799785,14.4904873919048,12.7401717407605
211.2,7,7,6.98717431817648,7.00806578111464,7.16453524751409,6.84276872604327,13.974348636353,14.0161315622293,14.49008571863,12.7412963466415
211.3,7,7,6.98720032370577,7.00806057020668,7.16456780515292,6.84267297570076,13.9744006474115,14.0161211404134,14.4896840476121,12.7424197007465
211.4,7,7,6.98722626845729,7.00805535779393,7.1646003646068,6.84257731032851,13.9744525369146,14.0161107155879,14.4892823787092,12.7435421135337
211.5,7,7,6.98725215256112,7.0080501438939,7.16463292585053,6.84248172984474,13.9745043051222,14.0161002877878,14.4888807121991,12.744663585833
211.6,7,7,6.98727797614712,7.00804492852405,7.16466548885896,6.84238623416779,13.9745559522942,14.0160898570481,14.4884790483592,12.7457841184736
211.7,7,7,6.9873037390277,7.00803971169426,7.16469805361594,6.84229082366209,13.9746074780554,14.0160794233885,14.4880773874844,12.7469037073426
211.8,7,7,6.98732942196784,7.00803449297026,7.164730620633,6.84219552551393,13.9746588439357,14.0160689859405,14.4876757310771,12.7480220510432
211.9,7,7,6.98735504490694,7.00802927284572,7.16476318931454,6.84210031184703,13.9747100898139,14.0160585456914,14.4872740784451,12.7491394583939
212,7,7,6.98738060797342,7.00802405133781,7.16479575963561,6.84200518258017,13.9747612159468,14.0160481026756,14.4868724298632,12.7502559302194
212.1,7,7,6.98740611129552,7.00801882846367,7.16482833157131,6.84191013763228,13.974812222591,14.0160376569273,14.486470785606,12.7513714673437
212.2,7,7,6.98743155468803,7.00801360423338,7.16486090510494,6.84181517736578,13.9748631093761,14.0160272084668,14.4860691459741,12.7524860656748
212.3,7,7,6.98745691916182,7.00800837824535,7.16489348070016,6.84172032881082,13.9749138383236,14.0160167564907,14.4856675129976,12.7535994254044
212.4,7,7,6.98748222440144,7.00800315095904,7.16492605781076,6.84162556425154,13.9749644488029,14.0160063019181,14.4852658854392,12.7547118537209
212.5,7,7,6.98750747053371,7.0079979223913,7.16495863641205,6.84153088360728,13.9750149410674,14.0159958447826,14.4848642635712,12.7558233514441
212.6,7,7,6.98753265768521,7.00799269255892,7.16499121647937,6.84143628679756,13.9750653153704,14.0159853851178,14.4844626476653,12.756933919393
212.7,7,7,6.98755778567314,7.00798746147222,7.16502379799547,6.8413417741828,13.9751155713463,14.0159749229444,14.4840610380277,12.7580435534961
212.8,7,7,6.98758283575109,7.00798222876163,7.16505638137663,6.84124737263809,13.9751656715022,14.0159644575233,14.4836594372105,12.7591519555237
212.9,7,7,6.98760782735204,7.00797699485307,7.16508896612555,6.84115305460687,13.9752156547041,14.0159539897061,14.4832578434374,12.7602594310447
213,7,7,6.98763276060118,7.00797175976306,7.16512155221777,6.84105882000906,13.9752655212024,14.0159435195261,14.4828562569779,12.7613659808737
213.1,7,7,6.98765763562351,7.00796652350809,7.16515413962888,6.84096466876473,13.975315271247,14.0159330470162,14.4824546781007,12.7624716058245
213.2,7,7,6.98768245223856,7.00796128609864,7.16518672834111,6.84087060123233,13.9753649044771,14.0159225721973,14.482053107118,12.7635763018464
213.3,7,7,6.98770719193958,7.0079560471966,7.16521931872378,6.84077664413297,13.9754143838792,14.0159120943932,14.481651547098,12.7646797722784
213.4,7,7,6.98773187391116,7.00795080719497,7.16525191032804,6.84068277006829,13.9754637478223,14.0159016143899,14.4812499957314,12.7657823210799
213.5,7,7,6.98775649827691,7.00794556610996,7.16528450312968,6.84058897895876,13.9755129965538,14.0158911322199,14.4808484532845,12.7668839490601
213.6,7,7,6.98778106516022,7.00794032395772,7.16531709710451,6.84049527072501,13.9755621303204,14.0158806479154,14.4804469200235,12.7679846570281
213.7,7,7,6.98780557438296,7.00793508074896,7.16534969223425,6.84040164572354,13.9756111487659,14.0158701614979,14.4800453962659,12.7690844409536
213.8,7,7,6.987830007675,7.00792983617637,7.16538228884175,6.84030813052254,13.97566001535,14.0158596723527,14.4796438855914,12.7701830057348
213.9,7,7,6.98785438397568,7.00792459060068,7.16541488652611,6.84021469788074,13.9757087679514,14.0158491812014,14.4792423851625,12.7712806537311
214,7,7,6.98787870340702,7.00791934403778,7.16544748526335,6.84012134771917,13.975757406814,14.0158386880756,14.4788408952429,12.772377385747
214.1,7,7,6.98790296609088,7.00791409650352,7.16548008502954,6.84002807995901,13.9758059321818,14.015828193007,14.4784394160959,12.7734732025864
214.2,7,7,6.98792717185139,7.00790884800879,7.16551268580586,6.83993489495481,13.9758543437028,14.0158176960176,14.4780379480447,12.7745681002396
214.3,7,7,6.98795130265207,7.00790359827651,7.16554528786917,6.83984181912294,13.9759026053041,14.015807196553,14.4776364951746,12.7756617851539
214.4,7,7,6.98797537719009,7.00789834763575,7.16557789086603,6.83974882537809,13.9759507543802,14.0157966952715,14.4772350541257,12.7767545580993
214.5,7,7,6.98799939558595,7.0078930961021,7.16561049477272,6.83965591364186,13.9759987911719,14.0157861922042,14.4768336251591,12.7778464198751
214.6,7,7,6.98802335795994,7.00788784369111,7.16564309956553,6.83956308383596,13.9760467159199,14.0157756873822,14.4764322085353,12.7789373712803
214.7,7,7,6.98804726413847,7.00788259041384,7.16567570522514,6.83947033631304,13.9760945282769,14.0157651808277,14.476030804583,12.7800274083254
214.8,7,7,6.9880710963157,7.00787733602285,7.16570831198283,6.83937769733865,13.9761421926314,14.0157546720457,14.4756294178878,12.7811162389977
214.9,7,7,6.98809487294974,7.00787208081617,7.16574091953222,6.8392851399824,13.9761897458995,14.0157441616323,14.4752280445732,12.7822041624871
215,7,7,6.98811859415957,7.0078668248091,7.16577352784978,6.83919266416643,13.9762371883191,14.0157336496182,14.4748266848973,12.7832911795881
215.1,7,7,6.98814226006393,7.00786156801686,7.16580613691205,6.83910026981299,13.9762845201279,14.0157231360337,14.4744253391178,12.7843772910947
215.2,7,7,6.98816587049149,7.00785631045071,7.16583874669921,6.83900795727283,13.976331740983,14.0157126209014,14.474024007569,12.7854624930376
215.3,7,7,6.98818940786412,7.00785105189227,7.16587135739744,6.83891575266173,13.9763788157282,14.0157021037845,14.4736226953318,12.7865464949344
215.4,7,7,6.98821289040391,7.00784579260913,7.16590396874688,6.83882362920316,13.9764257808078,14.0156915852183,14.473221398018,12.7876295944048
215.5,7,7,6.98823631822831,7.00784053261628,7.16593658072427,6.83873158681977,13.9764726364566,14.0156810652326,14.4728201158829,12.7887117922385
215.6,7,7,6.98825969145457,7.00783527192866,7.16596919330636,6.83863962543437,13.9765193829091,14.0156705438573,14.4724188491819,12.7897930892245
215.7,7,7,6.98828300991356,7.00783001055769,7.16600180647283,6.83854774539579,13.9765660198271,14.0156600211154,14.4720175982542,12.7908734814136
215.8,7,7,6.98830625625199,7.0078247483135,7.16603442036523,6.83845597267113,13.976612512504,14.015649496627,14.471616368671,12.7919526798443
215.9,7,7,6.9883294484589,7.00781948543381,7.16606703476976,6.83836428063658,13.9766588969178,14.0156389708676,14.4712151555378,12.7930309805758
216,7,7,6.98835258665026,7.00781422193333,7.16609964966339,6.83827266921536,13.9767051733005,14.0156284438667,14.4708139591073,12.7941083843929
216.1,7,7,6.98837567094183,7.0078089578267,7.16613226502312,6.83818113833081,13.9767513418837,14.0156179156534,14.4704127796321,12.7951848920798
216.2,7,7,6.98839870116665,7.00780369312552,7.16616488082813,6.83808968832984,13.9767974023333,14.015607386251,14.4700116174568,12.7962604997072
216.3,7,7,6.98842166019342,7.00779842766785,7.16619749717574,6.83799834503191,13.9768433203868,14.0155968553357,14.4696104786374,12.7973349198252
216.4,7,7,6.98844456578111,7.00779316166214,7.1662301138978,6.83790708196489,13.9768891315622,14.0155863233243,14.4692093577786,12.7984084469421
216.5,7,7,6.98846741804419,7.00778789512281,7.16626273097151,6.83781589905253,13.9769348360884,14.0155757902456,14.4688082551305,12.7994810818378
216.6,7,7,6.98849021709698,7.00778262806423,7.16629534837409,6.83772479621871,13.976980434194,14.0155652561285,14.4684071709428,12.8005528252917
216.7,7,7,6.98851296277464,7.00777736049815,7.16632796608422,6.83763377380846,13.9770259255493,14.0155547209963,14.4680061055656,12.8016236733945
216.8,7,7,6.98853563816506,7.00777209229001,7.16636058415548,6.83754285749457,13.9770712763301,14.01554418458,14.4676050655344,12.8026933401983
216.9,7,7,6.98855826080003,7.00776682361958,7.16639320246488,6.83745202095557,13.9771165216001,14.0155336472392,14.4672040449584,12.8037621186701
217,7,7,6.98858083079259,7.00776155450099,7.16642582098984,6.83736126411575,13.9771616615852,14.015523109002,14.4668030440851,12.8048300095851
217.1,7,7,6.98860334825558,7.00775628494831,7.16645843970781,6.83727058689948,13.9772066965112,14.0155125698966,14.4664020631616,12.805897013718
217.2,7,7,6.9886258130263,7.00775101497349,7.16649105859701,6.83717998964997,13.9772516260526,14.015502029947,14.4660011025431,12.806963127179
217.3,7,7,6.98864820840902,7.00774574446878,7.16652367766766,6.83708949789432,13.977296416818,14.0154914889376,14.4656001692398,12.8080280655133
217.4,7,7,6.98867055171124,7.00774047358583,7.1665562968415,6.8369990854607,13.9773411034225,14.0154809471717,14.4651992568706,12.8090921201561
217.5,7,7,6.98869284304458,7.0077352023385,7.16658891609618,6.83690875227391,13.9773856860892,14.015470404677,14.4647983656802,12.8101552918778
217.6,7,7,6.98871508252045,7.00772993074058,7.16662153540939,6.83681849825884,13.9774301650409,14.0154598614812,14.4643974959132,12.8112175814483
217.7,7,7,6.98873726997823,7.00772465880415,7.16665415475883,6.83672832375685,13.9774745399565,14.0154493176083,14.4639966479299,12.8122789849975
217.8,7,7,6.98875938893583,7.00771938644781,7.16668677411186,6.83663825415039,13.9775187778717,14.0154387728956,14.4635958292102,12.8133392195543
217.9,7,7,6.98878145647933,7.00771411379561,7.16671939343449,6.83654826341623,13.9775629129587,14.0154282275912,14.4631950328876,12.8143985750316
218,7,7,6.98880347271891,7.00770884086114,7.16675201270459,6.83645835147965,13.9776069454378,14.0154176817223,14.4627942592044,12.815457052195
218.1,7,7,6.98882543776458,7.00770356765792,7.16678463190007,6.83636851826609,13.9776508755292,14.0154071353158,14.4623935084026,12.8165146518098
218.2,7,7,6.98884735145779,7.00769829419819,7.16681725099817,6.83627876411504,13.9776947029156,14.0153965883964,14.4619927808475,12.8175713700251
218.3,7,7,6.98886919752737,7.00769302042632,7.16684986992377,6.83618911426534,13.9777383950547,14.0153860408526,14.4615920844836,12.8186269253449
218.4,7,7,6.98889099284078,7.00768774643934,7.16688248868673,6.83609954284127,13.9777819856816,14.0153754928787,14.4611914119644,12.8196816061687
218.5,7,7,6.9889127375068,7.00768247225057,7.16691510726513,6.83601004976865,13.9778254750136,14.0153649445011,14.4607907635298,12.8207354132577
218.6,7,7,6.98893443163404,7.00767719787326,7.16694772563709,6.83592063497343,13.9778688632681,14.0153543957465,14.4603901394189,12.8217883473723
218.7,7,7,6.98895607506599,7.0076719233198,7.16698034377941,6.83583129879326,13.977912150132,14.0153438466396,14.4599895400022,12.8228404046811
218.8,7,7,6.98897765173973,7.00766664855982,7.16701296157491,6.83574206632433,13.9779553034795,14.0153332971196,14.4595889736838,12.8238913051536
218.9,7,7,6.98899917830688,7.00766137366388,7.16704557907685,6.83565291183744,13.9779983566138,14.0153227473278,14.4591884326424,12.8249413356858
219,7,7,6.98902065487483,7.00765609864501,7.16707819626354,6.83556383525894,13.9780413097497,14.01531219729,14.458787917115,12.8259904970341
219.1,7,7,6.98904208155081,7.00765082351621,7.16711081311331,6.83547483651528,13.9780841631016,14.0153016470324,14.4583874273386,12.8270387899541
219.2,7,7,6.98906345818032,7.00764554829001,7.16714342960249,6.83538591594229,13.9781269163606,14.01529109658,14.4579869636884,12.8280862106339
219.3,7,7,6.98908476890606,7.00764027296081,7.16717604557231,6.83529709849448,13.9781695378121,14.0152805459216,14.4575865350233,12.8291324804995
219.4,7,7,6.98910603016652,7.0076349975732,7.16720866111897,6.83520835858819,13.978212060333,14.0152699951464,14.457186133052,12.8301778849526
219.5,7,7,6.98912724206774,7.00762972213995,7.16724127622099,6.83511969615025,13.9782544841355,14.0152594442799,14.4567857580093,12.8312224247446
219.6,7,7,6.98914840471559,7.0076244466738,7.16727389085694,6.83503111110762,13.9782968094312,14.0152488933476,14.4563854101293,12.8322661006269
219.7,7,7,6.98916951795756,7.00761917118743,7.16730650500268,6.83494260379435,13.9783390359151,14.0152383423749,14.4559850897923,12.8333089088064
219.8,7,7,6.98919056613933,7.00761389569948,7.16733911845825,6.83485419902421,13.9783811322787,14.015227791399,14.4555848063069,12.8343505721572
219.9,7,7,6.989211565489,7.00760862022912,7.16737173136237,6.83476587135807,13.978423130978,14.0152172404582,14.4551845509172,12.8353913745953
220,7,7,6.98923251611125,7.00760334478886,7.16740434369379,6.83467762072328,13.9784650322225,14.0152066895777,14.4547843238553,12.8364313168677
220.1,7,7,6.98925341811062,7.00759806939117,7.16743695543128,6.8345894470473,13.9785068362212,14.0151961387823,14.4543841253529,12.8374703997212
220.2,7,7,6.98927427133656,7.00759279404886,7.16746956655025,6.83450135066236,13.9785485426731,14.0151855880977,14.4539839557949,12.8385086193816
220.3,7,7,6.98929506033515,7.00758751880438,7.16750217680998,6.83441335624251,13.9785901206703,14.0151750376088,14.4535838249353,12.8395457001621
220.4,7,7,6.98931580112677,7.00758224365194,7.16753478639127,6.83432543849215,13.9786316022535,14.0151644873039,14.4531837235581,12.8405819245023
220.5,7,7,6.98933649381479,7.00757696860381,7.16756739527309,6.83423759733911,13.9786729876296,14.0151539372076,14.4527836518929,12.8416172931447
220.6,7,7,6.98935713850238,7.00757169367219,7.16760000343442,6.83414983271136,13.9787142770048,14.0151433873444,14.452383610169,12.8426518068315
220.7,7,7,6.98937773504096,7.00756641887005,7.16763261085022,6.83406214493936,13.9787554700819,14.0151328377401,14.4519835987761,12.8436854618074
220.8,7,7,6.98939826817447,7.00756114426311,7.16766521723943,6.83397455855834,13.9787965363489,14.0151222885262,14.4515836279083,12.8447179838158
220.9,7,7,6.9894187537182,7.00755586982116,7.1676978228245,6.83388704841527,13.9788375074364,14.0151117396423,14.4511836878947,12.845749653829
221,7,7,6.98943919177419,7.0075505955562,7.1677304275846,6.83379961443848,13.9788783835484,14.0151011911124,14.4507837789625,12.8467804725851
221.1,7,7,6.98945958244433,7.00754532148022,7.16776303149896,6.83371225655642,13.9789191648887,14.0150906429604,14.4503839013385,12.8478104408215
221.2,7,7,6.98947992558193,7.0075400476063,7.16779563454207,6.83362497509777,13.9789598511639,14.0150800952126,14.4499840554171,12.848839554802
221.3,7,7,6.98950020612628,7.00753477402296,7.16782823639293,6.83353779445994,13.9790004122526,14.0150695480459,14.449584251828,12.8498675416912
221.4,7,7,6.9895204396902,7.00752950067607,7.16786083731523,6.83345068963147,13.9790408793804,14.0150590013521,14.4491844804502,12.8508946810032
221.5,7,7,6.98954062637444,7.0075242275774,7.16789343728836,6.83336366054117,13.9790812527489,14.0150484551548,14.4487847415084,12.8519209734716
221.6,7,7,6.98956076627958,7.00751895473868,7.16792603629174,6.83327670711798,13.9791215325592,14.0150379094774,14.4483850352269,12.8529464198293
221.7,7,7,6.98958085926081,7.00751368217311,7.16795863429945,6.83318982968882,13.9791617185216,14.0150273643462,14.4479853620048,12.8539710163588
221.8,7,7,6.98960089045031,7.00750840999158,7.16799123095094,6.83310305251421,13.9792017809006,14.0150168199832,14.4475857329027,12.8549944916375
221.9,7,7,6.98962087526097,7.00750313811649,7.16802382655072,6.83301635072327,13.9792417505219,14.015006276233,14.4471861373543,12.8560171237301
222,7,7,6.98964081379227,7.00749786655939,7.1680564210784,6.83292972424533,13.9792816275845,14.0149957331188,14.4467865755819,12.8570389133656
222.1,7,7,6.98966070614351,7.00749259533174,7.16808901451359,6.83284317300979,13.979321412287,14.0149851906635,14.4463870478073,12.8580598612725
222.2,7,7,6.98968055217175,7.00748732444689,7.16812160682995,6.83275669734184,13.9793611043435,14.0149746488938,14.4459875544344,12.859079963752
222.3,7,7,6.98970033719959,7.00748205403761,7.1681541976278,6.83267032136601,13.9794006743992,14.0149641080752,14.4455881069497,12.8600989507855
222.4,7,7,6.98972007644253,7.00747678400334,7.16818678725204,6.83258402035109,13.9794401528851,14.0149535680067,14.4451886943466,12.8611170989972
222.5,7,7,6.98973976999881,7.00747151435537,7.1682193756825,6.83249779422686,13.9794795399976,14.0149430287107,14.4447893168449,12.8621344091117
222.6,7,7,6.98975941796645,7.00746624510495,7.16825196289901,6.83241164292324,13.9795188359329,14.0149324902099,14.4443899746642,12.8631508818532
222.7,7,7,6.98977902020436,7.00746097626554,7.16828454887477,6.83232556676365,13.9795580404087,14.0149219525311,14.4439906682127,12.864166513541
222.8,7,7,6.98979856222311,7.00745570799133,7.1683171331714,6.83223958973759,13.9795971244462,14.0149114159827,14.4435914093986,12.8651810355524
222.9,7,7,6.98981805904339,7.00745044015928,7.16834971617378,6.83215368725255,13.9796361180868,14.0149008803186,14.4431921867796,12.8661947230799
223,7,7,6.98983751076215,7.00744517278045,7.16838229786193,6.83206785923879,13.9796750215243,14.0148903455609,14.4427930005731,12.8672075768434
223.1,7,7,6.98985691747618,7.00743990586585,7.16841487821591,6.83198210562668,13.9797138349524,14.0148798117317,14.4423938509963,12.8682195975629
223.2,7,7,6.9898762790462,7.00743463942906,7.1684474572085,6.83189642673795,13.9797525580924,14.0148692788581,14.441994738462,12.869230781576
223.3,7,7,6.98989558116839,7.00742937364526,7.16848003436296,6.83181084642794,13.9797911623368,14.0148587472905,14.4415956752951,12.8702408616472
223.4,7,7,6.98991483867105,7.00742410836938,7.16851261010378,6.83172534024191,13.9798296773421,14.0148482167388,14.4411966496225,12.8712501115457
223.5,7,7,6.9899340516499,7.00741884361224,7.16854518441117,6.83163990811059,13.9798681032998,14.0148376872245,14.4407976616592,12.8722585319875
223.6,7,7,6.98995322020051,7.00741357938463,7.16857775726539,6.83155454996484,13.979906440401,14.0148271587693,14.4403987116202,12.8732661236877
223.7,7,7,6.98997234418539,7.00740831570024,7.16861032863881,6.83146926612465,13.9799446883708,14.0148166314005,14.4399997999224,12.8742728830025
223.8,7,7,6.98999140948396,7.0074030527548,7.16864289801676,6.83138408031214,13.9799828189679,14.0148061055096,14.4396009393034,12.875278544075
223.9,7,7,6.99001043073457,7.00739779038167,7.16867546586289,6.83129896820941,13.9800208614691,14.0147955807633,14.4392021174637,12.8762833792601
224,7,7,6.99002940803175,7.00739252859145,7.16870803215763,6.83121392974765,13.9800588160635,14.0147850571829,14.4388033346161,12.8772873892692
224.1,7,7,6.99004834146983,7.00738726739469,7.16874059688143,6.83112896485817,13.9800966829397,14.0147745347894,14.438404590973,12.8782905748133
224.2,7,7,6.9900672309131,7.00738200680519,7.16877316000624,6.83104407385927,13.9801344618262,14.0147640136104,14.4380058869559,12.8792929322667
224.3,7,7,6.99008606242189,7.00737674703882,7.16880572097986,6.83095928034078,13.9801721248438,14.0147534940776,14.4376072357102,12.8802941971428
224.4,7,7,6.99010485044705,7.00737148790779,7.1688382803047,6.83087456012064,13.9802097008941,14.0147429758156,14.4372086245148,12.8812946403906
224.5,7,7,6.99012359508188,7.00736622942248,7.1688708379614,6.83078991313054,13.9802471901638,14.014732458845,14.4368100535801,12.8822942627174
224.6,7,7,6.99014229641952,7.00736097159325,7.1689033939306,6.83070533930224,13.980284592839,14.0147219431865,14.4364115231163,12.8832930648297
224.7,7,7,6.99016095432601,7.00735571443398,7.16893594818387,6.83062083895237,13.980321908652,14.014711428868,14.4360130335491,12.8842910431198
224.8,7,7,6.9901795550403,7.00735045818023,7.16896850013181,6.8305364355393,13.9803591100806,14.0147009163605,14.4356145984273,12.8852879344634
224.9,7,7,6.99019811282808,7.00734520262354,7.16900105031524,6.83045210501597,13.9803962256562,14.0146904052471,14.435216204613,12.8862840084121
225,7,7,6.99021662778148,7.00733994777408,7.16903359871498,6.83036784731451,13.980433255563,14.0146798955482,14.4348178523141,12.8872792656689
225.1,7,7,6.99023509999247,7.00733469364197,7.16906614531188,6.83028366236716,13.9804701999849,14.0146693872839,14.4344195417385,12.8882737069359
225.2,7,7,6.99025352932878,7.00732944024121,7.16909869007709,6.83019955048885,13.9805070586576,14.0146588804824,14.4340212733163,12.8892673286236
225.3,7,7,6.99027190220572,7.00732418782662,7.16913123238446,6.83011553500743,13.9805438044114,14.0146483756532,14.4336230609952,12.8902598689613
225.4,7,7,6.99029023270621,7.00731893616952,7.16916377281276,6.83003159200989,13.9805804654124,14.014637872339,14.4332248912247,12.8912515961118
225.5,7,7,6.99030852092119,7.00731368527984,7.16919631134303,6.82994772142882,13.9806170418424,14.0146273705597,14.4328267642107,12.8922425107738
225.6,7,7,6.99032676694145,7.0073084351675,7.16922884795631,6.82986392319693,13.9806535338829,14.014616870335,14.4324286801587,12.8932326136454
225.7,7,7,6.99034497063646,7.00730318584658,7.16926138262335,6.82978019762745,13.9806899412729,14.0146063716932,14.432030639503,12.8942219011546
225.8,7,7,6.99036311859559,7.0072979375908,7.16929391468162,6.82969656791859,13.9807262371912,14.0145958751816,14.4316326565857,12.8952101128765
225.9,7,7,6.99038122472131,7.00729269015164,7.16932644474746,6.82961301029049,13.9807624494426,14.0145853803033,14.4312347174487,12.8961975155936
226,7,7,6.99039928910342,7.00728744353882,7.1693589728021,6.82952952467619,13.9807985782068,14.0145748870776,14.4308368222955,12.8971841100001
226.1,7,7,6.99041731183155,7.00728219776205,7.1693914988268,6.82944611100886,13.9808346236631,14.0145643955241,14.4304389713292,12.8981698967901
226.2,7,7,6.99043529277684,7.00727695283552,7.16942402279189,6.82936276960007,13.9808705855537,14.014553905671,14.4300411649885,12.8991548724092
226.3,7,7,6.99045321870055,7.00727170905139,7.16945654399885,6.82927952351925,13.9809064374011,14.0145434181028,14.4296434180056,12.9001387777701
226.4,7,7,6.99047110332699,7.00726646614175,7.16948906310121,6.82919634911878,13.980942206654,14.0145329322835,14.429245716019,12.9011218782831
226.5,7,7,6.99048894674481,7.00726122411611,7.16952158008039,6.82911324633216,13.9809778934896,14.0145224482322,14.4288480592298,12.9021041746384
226.6,7,7,6.99050674904251,7.00725598298399,7.16955409491783,6.829030215093,13.981013498085,14.014511965968,14.4284504478392,12.9030856675257
226.7,7,7,6.99052451009288,7.00725074275965,7.1695866075835,6.82894725571124,13.9810490201858,14.0145014855193,14.4280528822896,12.9040663534084
226.8,7,7,6.99054221682687,7.00724550375334,7.16961911734322,6.82886439112837,13.9810844336537,14.0144910075067,14.4276553776994,12.9050459745285
226.9,7,7,6.99055988279291,7.00724026567814,7.16965162488733,6.82878159782815,13.9811197655858,14.0144805313563,14.4272579193079,12.9060247949326
227,7,7,6.99057750807851,7.00723502854339,7.16968413019745,6.82869887574453,13.981155016157,14.0144700570868,14.4268605073142,12.9070028153067
227.1,7,7,6.99059509277105,7.00722979235836,7.16971663325522,6.82861622481154,13.9811901855421,14.0144595847167,14.426463141917,12.9079800363363
227.2,7,7,6.99061263674496,7.00722455713743,7.1697491340302,6.8285336453375,13.9812252734899,14.0144491142749,14.4260658235631,12.9089564545024
227.3,7,7,6.99063012709872,7.00721932320853,7.16978163175298,6.82845116013684,13.9812602541974,14.0144386464171,14.4256685677522,12.9099318133683
227.4,7,7,6.9906475772071,7.00721409026615,7.1698141271503,6.8283687458238,13.9812951544142,14.0144281805323,14.4252713593293,12.9109063756252
227.5,7,7,6.9906649871565,7.00720885831943,7.16984662020399,6.82828640233276,13.981329974313,14.0144177166389,14.424874198491,12.9118801419549
227.6,7,7,6.99068235703319,7.00720362737744,7.16987911089586,6.82820412959822,13.9813647140664,14.0144072547549,14.4244770854341,12.9128531130387
227.7,7,7,6.99069968671322,7.00719839745466,7.1699115991951,6.82812192792684,13.9813993734264,14.0143967949093,14.4240800206092,12.9138252853752
227.8,7,7,6.99071696346046,7.00719316889629,7.16994408429741,6.82803982000686,13.9814339269209,14.0143863377926,14.4236830198934,12.914796403841
227.9,7,7,6.99073420047825,7.00718794137867,7.16997656696557,6.82795778258212,13.9814684009565,14.0143758827573,14.4232860677414,12.9157667297799
228,7,7,6.99075139785189,7.00718271491071,7.17000904718158,6.82787581558743,13.9815027957038,14.0143654298214,14.4228891643479,12.9167362638697
228.1,7,7,6.99076855566653,7.00717748950131,7.17004152492747,6.82779391895775,13.9815371113331,14.0143549790026,14.4224923099073,12.9177050067876
228.2,7,7,6.99078567379983,7.00717226516502,7.17007400017205,6.8277120929981,13.9815713475997,14.01434453033,14.4220955048742,12.9186729550494
228.3,7,7,6.99080273967896,7.00716704226395,7.17010647207647,6.82763036027138,13.9816054793579,14.0143340845279,14.4216987654988,12.9196398548374
228.4,7,7,6.99081976633799,7.00716182045667,7.1701389414392,6.82754869765014,13.981639532676,14.0143236409133,14.4213020758501,12.9206059661561
228.5,7,7,6.99083675386113,7.00715659975189,7.17017140824243,6.82746710506965,13.9816735077223,14.0143131995038,14.4209054361205,12.9215712896791
228.6,7,7,6.99085370233246,7.00715138015832,7.17020387246836,6.82738558246528,13.9817074046649,14.0143027603166,14.4205088465022,12.9225358260798
228.7,7,7,6.99087061163121,7.00714616169058,7.17023633408542,6.82730413014046,13.9817412232624,14.0142923233812,14.4201123074538,12.9234995718908
228.8,7,7,6.99088746934576,7.00714094472733,7.17026879222064,6.82722277053356,13.9817749386915,14.0142818894547,14.4197158355944,12.9244622745925
228.9,7,7,6.99090428834308,7.00713572890975,7.17030124770775,6.827141480645,13.9818085766862,14.0142714578195,14.4193194146115,12.925424192858
229,7,7,6.9909210687063,7.00713051424636,7.17033370052911,6.82706026041047,13.9818421374126,14.0142610284927,14.4189230446953,12.926385327357
229.1,7,7,6.99093781051843,7.00712530074566,7.17036615066715,6.8269791097658,13.9818756210369,14.0142506014913,14.418526726036,12.9273456787586
229.2,7,7,6.99095451366026,7.00712008842236,7.17039859808991,6.8268980290128,13.9819090273205,14.0142401768447,14.4181304590958,12.9283052436129
229.3,7,7,6.99097116587933,7.00711487767131,7.17043104189061,6.82681704046616,13.9819423317587,14.0142297553426,14.4177342608588,12.9292637706898
229.4,7,7,6.99098777987762,7.00710966811666,7.1704634829379,6.82673612125331,13.9819755597552,14.0142193362333,14.4173381146351,12.9302215173395
229.5,7,7,6.99100435573723,7.00710445976674,7.17049592121436,6.82665527131038,13.9820087114745,14.0142089195335,14.416942020613,12.9311784842275
229.6,7,7,6.99102089354009,7.00709925262987,7.17052835670256,6.82657449057359,13.9820417870802,14.0141985052597,14.4165459789803,12.932134672019
229.7,7,7,6.99103739316853,7.00709404672083,7.17056078937019,6.82649377934321,13.9820747863371,14.0141880934417,14.4161499902032,12.9330900772811
229.8,7,7,6.99105384252722,7.0070888424503,7.17059321827705,6.82641315981104,13.9821076850544,14.0141776849006,14.4157540716263,12.9340444500659
229.9,7,7,6.99107025415527,7.00708363942578,7.17062564432632,6.82633260923067,13.9821405083105,14.0141672788516,14.4153582061869,12.9349980464082
230,7,7,6.99108662813373,7.00707843765541,7.17065806750076,6.82625212753867,13.9821732562675,14.0141568753108,14.414962394071,12.9359508669698
230.1,7,7,6.99110296454349,7.00707323714733,7.17069048778313,6.82617171467168,13.982205929087,14.0141464742947,14.4145666354644,12.9369029124117
230.2,7,7,6.99111926326839,7.0070680379164,7.17072290514078,6.82609137092839,13.9822385265368,14.0141360758328,14.414170930837,12.9378541793178
230.3,7,7,6.99113551236823,7.00706284038877,7.17075531860039,6.82601111837855,13.9822710247365,14.0141256807775,14.41377529789,12.938804419015
230.4,7,7,6.99115172422133,7.00705764415563,7.17078772909935,6.82593093440109,13.9823034484427,14.0141152883113,14.4133797191919,12.9397538862306
230.5,7,7,6.99116789890769,7.00705244922499,7.17082013662058,6.82585081893298,13.9823357978154,14.01410489845,14.4129841949266,12.9407025816223
230.6,7,7,6.99118403650719,7.00704725560478,7.17085254114704,6.82577077191129,13.9823680730144,14.0140945112096,14.4125887252778,12.9416505058474
230.7,7,7,6.99120013690515,7.00704206330993,7.17088494264572,6.82569079363314,13.9824002738103,14.0140841266199,14.4121933107191,12.9425976555065
230.8,7,7,6.99121618831453,7.0070368727817,7.17091734011057,6.82561090604706,13.9824323766291,14.0140737455634,14.4117979693043,12.9435437831932
230.9,7,7,6.99123220295489,7.00703168359541,7.17094973451279,6.82553108665644,13.9824644059098,14.0140633671908,14.4114026832372,12.9444891423356
231,7,7,6.99124818090523,7.00702649575884,7.17098212583549,6.82545133539868,13.9824963618105,14.0140529915177,14.4110074526997,12.9454337335873
231.1,7,7,6.99126412224439,7.00702130927977,7.17101451406181,6.82537165221128,13.9825282444888,14.0140426185595,14.4106122778733,12.9463775576016
231.2,7,7,6.99128002685918,7.0070161241732,7.17104689915838,6.82529203738979,13.9825600537184,14.0140322483464,14.4102171592354,12.9473206109961
231.3,7,7,6.99129588311375,7.00701094089516,7.17107928008678,6.82521251276231,13.9825917662275,14.0140218817903,14.4098221151881,12.9482626476233
231.4,7,7,6.99131170307095,7.00700575900541,7.17111165785166,6.8251330559559,13.9826234061419,14.0140115180108,14.409427127575,12.9492039196198
231.5,7,7,6.99132748680875,7.00700057851156,7.17114403243632,6.82505366690837,13.9826549736175,14.0140011570231,14.4090321965757,12.9501444276352
231.6,7,7,6.991343234405,7.00699539942121,7.17117640382406,6.82497434555763,13.98268646881,14.0139907988424,14.4086373223697,12.9510841723191
231.7,7,7,6.99135894574796,7.00699022174943,7.17120877198118,6.82489509219768,13.9827178914959,14.0139804434989,14.408242505438,12.9520231503054
231.8,7,7,6.99137460935107,7.00698504596669,7.17124113583724,6.82481592853701,13.9827492187021,14.0139700919334,14.4078477645275,12.9529611166986
231.9,7,7,6.99139023712243,7.00697987161754,7.17127349642996,6.82473683232548,13.9827804742449,14.0139597432351,14.407453081125,12.9538983223512
232,7,7,6.99140582913902,7.00697469870943,7.17130585374283,6.82465780350134,13.982811658278,14.0139493974189,14.4070584554082,12.9548347679091
232.1,7,7,6.9914213854777,7.00696952724978,7.17133820775934,6.8245788420029,13.9828427709554,14.0139390544996,14.4066638875547,12.9557704540177
232.2,7,7,6.99143690602818,7.00696435725371,7.17137055844543,6.82449994812263,13.9828738120564,14.0139287145074,14.406269378049,12.9567053773277
232.3,7,7,6.99145237945125,7.00695918920583,7.17140290469896,6.82442114345018,13.9829047589025,14.0139183784117,14.4058749459784,12.9576392941877
232.4,7,7,6.99146781750226,7.0069540226358,7.17143524759043,6.82434240585743,13.9829356350045,14.0139080452716,14.4054805724776,12.958572454174
232.5,7,7,6.99148322025721,7.00694885755092,7.17146758710348,6.82426373528303,13.9829664405144,14.0138977151018,14.4050862577222,12.9595048579286
232.6,7,7,6.99149858779198,7.00694369395843,7.1714999232218,6.82418513166572,13.982997175584,14.0138873879169,14.4046920018878,12.9604365060931
232.7,7,7,6.9915139199977,7.00693853187351,7.17153225591097,6.82410659529641,13.9830278399954,14.013877063747,14.4042978054622,12.9613673953346
232.8,7,7,6.99152920568066,7.00693337179456,7.17156458403752,6.82402814764672,13.9830584113613,14.0138667435891,14.4039036878698,12.9622972832386
232.9,7,7,6.99154445644538,7.00692821323673,7.17159690870433,6.82394976670974,13.9830889128908,14.0138564264735,14.4035096298966,12.9632264181125
233,7,7,6.9915596723669,7.00692305620713,7.17162922989522,6.82387145242452,13.9831193447338,14.0138461124143,14.4031156317164,12.9641548005948
233.1,7,7,6.99157485352014,7.00691790071285,7.17166154759405,6.8237932047302,13.9831497070403,14.0138358014257,14.4027216935027,12.9650824313231
233.2,7,7,6.99158999979762,7.00691274676912,7.17169386176608,6.82371502391618,13.9831799995952,14.0138254935382,14.4023278157469,12.9660093069808
233.3,7,7,6.99160510014926,7.00690759488781,7.17172617124682,6.82363693133683,13.9832102002985,14.0138151897756,14.401934018206,12.9669351863828
233.4,7,7,6.99162016603072,7.00690244456987,7.17175847717119,6.82355890510561,13.9832403320614,14.0138048891397,14.4015402813219,12.9678603165758
233.5,7,7,6.99163519751606,7.00689729582226,7.1717907795232,6.82348094516199,13.9832703950321,14.0137945916445,14.4011466052663,12.968784698194
233.6,7,7,6.99165019467925,7.0068921486519,7.17182307828687,6.82340305144552,13.9833003893585,14.0137842973038,14.4007529902106,12.9697083318715
233.7,7,7,6.99166515741419,7.00688700307408,7.17185537342714,6.82332522424407,13.9833303148284,14.0137740061482,14.4003594366497,12.9706312143079
233.8,7,7,6.99168007481262,7.00688185961382,7.17188766374884,6.82324748479552,13.9833601496252,14.0137637192276,14.3999659646697,12.9715531055402
233.9,7,7,6.99169495818318,7.00687671775822,7.1719199504186,6.82316981133297,13.9833899163664,14.0137534355164,14.3995725543721,12.9724742513614
234,7,7,6.99170980759901,7.00687157751405,7.17195223342059,6.82309220379625,13.983419615198,14.0137431550281,14.3991792059265,12.9733946524022
234.1,7,7,6.99172462313313,7.00686643888809,7.17198451273901,6.82301466212532,13.9834492462663,14.0137328777762,14.3987859195024,12.9743143092928
234.2,7,7,6.99173940468081,7.00686130189568,7.17201678833847,6.82293718660657,13.9834788093616,14.0137226037914,14.3983926955981,12.9752332187489
234.3,7,7,6.99175414147378,7.00685616707469,7.17204905899346,6.82285979836213,13.9835082829476,14.0137123341494,14.3979995546248,12.9761511420224
234.4,7,7,6.99176884467557,7.00685103389866,7.17208132590197,6.82278247574391,13.9835376893511,14.0137020677973,14.3976064763476,12.9770683236602
234.5,7,7,6.99178351435838,7.00684590237423,7.17211358904833,6.82270521869217,13.9835670287168,14.0136918047485,14.3972134609341,12.9779847642893
234.6,7,7,6.9917981505943,7.006840772508,7.17214584841694,6.82262802714725,13.9835963011886,14.013681545016,14.3968205085519,12.978900464536
234.7,7,7,6.99181275327995,7.00683564431536,7.17217810397205,6.82255090139404,13.9836255065599,14.0136712886307,14.3964276197025,12.9798154211323
234.8,7,7,6.99182731178527,7.00683051834673,7.17221035445817,6.82247386243972,13.9836546235705,14.0136610366935,14.3960348151187,12.9807293965375
234.9,7,7,6.99184183713052,7.00682539406243,7.17224260110429,6.82239688875424,13.983683674261,14.0136507881249,14.3956420742328,12.98164263406
235,7,7,6.99185632938699,7.00682027146894,7.17227484389493,6.82231998027824,13.983712658774,14.0136405429379,14.3952493972107,12.982555134323
235.1,7,7,6.99187078862584,7.00681515057269,7.17230708281463,6.82224313695244,13.9837415772517,14.0136303011454,14.3948567842179,12.9834668979491
235.2,7,7,6.99188521474503,7.00681003138914,7.17233931782735,6.82216635906027,13.9837704294901,14.0136200627783,14.3944642357594,12.9843779216862
235.3,7,7,6.99189959725093,7.00680491448095,7.1723715476479,6.82208966749471,13.9837991945019,14.0136098289619,14.3940717728852,12.9852879691941
235.4,7,7,6.99191394702238,7.00679979929551,7.17240377353595,6.82201304084294,13.9838278940448,14.013599598591,14.3936793746994,12.9861972825499
235.5,7,7,6.99192826412975,7.00679468583917,7.17243599547619,6.82193647904601,13.9838565282595,14.0135893716783,14.3932870413656,12.9871058623731
235.6,7,7,6.9919425486433,7.00678957411819,7.17246821345334,6.82185998204502,13.9838850972866,14.0135791482364,14.3928947730476,12.9880137092827
235.7,7,7,6.9919568004623,7.00678446414808,7.17250042743104,6.82178355012193,13.9839136009246,14.0135689282962,14.3925025702535,12.9889208200425
235.8,7,7,6.99197100922783,7.00677935650345,7.17253263609474,6.82170720405627,13.9839420184557,14.0135587130069,14.3921104543474,12.9898269595053
235.9,7,7,6.99198518567909,7.0067742506191,7.17256484073446,6.8216309225517,13.9839703713582,14.0135485012382,14.3917184041083,12.9907323685245
236,7,7,6.99199932988555,7.00676914650119,7.17259704133506,6.82155470554964,13.9839986597711,14.0135382930024,14.3913264196981,12.9916370477159
236.1,7,7,6.99201344191657,7.00676404415587,7.1726292378814,6.82147855299161,13.9840268838331,14.0135280883117,14.3909345012785,12.9925409976948
236.2,7,7,6.99202752167273,7.00675894359867,7.17266143033684,6.82140246515808,13.9840550433455,14.0135178871973,14.3905426493609,12.9934442152407
236.3,7,7,6.99204155892809,7.00675384541587,7.17269361735778,6.82132646271587,13.9840831178562,14.0135076908317,14.3901508856197,12.9943464663928
236.4,7,7,6.992055564284,7.00674874902996,7.17272580026427,6.82125052448438,13.984111128568,14.0134974980599,14.3897591885128,12.9952479907877
236.5,7,7,6.99206953780904,7.00674365444697,7.17275797904131,6.82117465040541,13.9841390756181,14.0134873088939,14.3893675582001,12.9961487890376
236.6,7,7,6.9920834795717,7.00673856167287,7.17279015367396,6.82109884042083,13.9841669591434,14.0134771233457,14.3889759948416,12.9970488617541
236.7,7,7,6.99209738947381,7.00673347072326,7.17282232412524,6.82102309480968,13.9841947789476,14.0134669414465,14.3885844989516,12.9979482057324
236.8,7,7,6.99211125742074,7.00672838219578,7.17285448902286,6.82094743412683,13.9842225148415,14.0134567643916,14.3881930925113,12.9988465881909
236.9,7,7,6.99212509387774,7.00672329550092,7.17288664971652,6.8208718373066,13.9842501877555,14.0134465910018,14.3878017536611,12.9997442475569
237,7,7,6.99213889891253,7.00671821064455,7.17291880619143,6.82079630429117,13.9842777978251,14.0134364212891,14.3874104825592,13.0006411844387
237.1,7,7,6.9921526725927,7.00671312763252,7.17295095843279,6.82072083502282,13.9843053451854,14.013426255265,14.3870192793635,13.0015373994445
237.2,7,7,6.99216641482137,7.00670804648044,7.17298310640331,6.82064542977914,13.9843328296427,14.0134160929609,14.3866281445917,13.0024328893851
237.3,7,7,6.9921801156335,7.00670296779708,7.17301524870232,6.82057010900374,13.984360231267,14.0134059355942,14.3862371005278,13.0033274226509
237.4,7,7,6.99219378536,7.00669789098119,7.17304738670887,6.82049485174516,13.98438757072,14.0133957819624,14.3858461249987,13.004221236467
237.5,7,7,6.99220742406771,7.0066928160385,7.17307952040833,6.82041965794595,13.9844148481354,14.013385632077,14.3854552181606,13.0051143314383
237.6,7,7,6.99222103182338,7.00668774297472,7.17311164978606,6.82034452754878,13.9844420636468,14.0133754859494,14.3850643801697,13.0060067081692
237.7,7,7,6.99223460853136,7.0066826718055,7.17314377480449,6.82026946082979,13.9844692170627,14.013365343611,14.3846736115465,13.006898363486
237.8,7,7,6.99224814435457,7.00667760315042,7.17317589403484,6.82019447812208,13.9844962887091,14.0133552063008,14.3842829348747,13.0077890669445
237.9,7,7,6.99226164949128,7.00667253639682,7.17320800888522,6.82011955858766,13.9845232989826,14.0133450727936,14.3838923276711,13.0086790545745
238,7,7,6.99227512400748,7.00666747155027,7.17324011934115,6.82004470216944,13.984550248015,14.0133349431005,14.3835017900902,13.0095683269774
238.1,7,7,6.99228856796906,7.00666240861635,7.17327222538815,6.81996990881046,13.9845771359381,14.0133248172327,14.3831113222861,13.0104568847541
238.2,7,7,6.99230198128162,7.00665734761074,7.17330432698836,6.81989517878544,13.9846039625632,14.0133146952215,14.3827209247827,13.0113447247462
238.3,7,7,6.99231535423438,7.00665228916359,7.17333642268522,6.81982053231771,13.9846307084688,14.0133045783272,14.3823306204592,13.012231617668
238.4,7,7,6.99232869689468,7.00664723265106,7.17336851391555,6.81974594868195,13.9846573937894,14.0132944653021,14.3819403865264,13.0131177983611
238.5,7,7,6.99234200932766,7.00664217807862,7.17340060066504,6.81967142782148,13.9846840186553,14.0132843561572,14.3815502231367,13.0140032674234
238.6,7,7,6.99235529159837,7.00663712545167,7.17343268291938,6.81959696967969,13.9847105831967,14.0132742509033,14.3811601304427,13.0148880254523
238.7,7,7,6.99236854361363,7.00663207478595,7.1734647606404,6.8195225745299,13.9847370872273,14.0132641495719,14.380770108971,13.0157720693047
238.8,7,7,6.99238175578736,7.00662702672189,7.17349683234409,6.81944826248635,13.9847635115747,14.0132540534438,14.3803801818933,13.0166551708463
238.9,7,7,6.99239493805763,7.00662198062478,7.17352889949567,6.81937401293571,13.9847898761153,14.0132439612496,14.3799903261176,13.0175375637379
239,7,7,6.99240809048875,7.00661693649995,7.17356096208097,6.81929982582166,13.9848161809775,14.0132338729999,14.3796005417947,13.0184192485737
239.1,7,7,6.99242121314494,7.00661189435267,7.17359302008585,6.81922570108796,13.9848424262899,14.0132237887053,14.3792108290752,13.0193002259476
239.2,7,7,6.99243430593421,7.00660685419871,7.17362507347185,6.81915163900651,13.9848686118684,14.0132137083974,14.3788211884888,13.0201804927319
239.3,7,7,6.99244735939361,7.00660181668853,7.17365712072781,6.81907765958322,13.9848947187872,14.0132036333771,14.3784316434958,13.0210598219368
239.4,7,7,6.99246038333358,7.00659678117682,7.17368916334702,6.81900374231597,13.9849207666672,14.0131935623536,14.3780421707054,13.0219384460492
239.5,7,7,6.99247337781761,7.00659174766876,7.17372120131548,6.81892988714881,13.9849467556352,14.0131834953375,14.3776527702666,13.0228163656597
239.6,7,7,6.9924863429091,7.0065867161695,7.17375323461919,6.81885609402589,13.9849726858182,14.013173432339,14.377263442328,13.0236935813588
239.7,7,7,6.99249927851725,7.00658168669483,7.17378526321943,6.81878236321769,13.9849985570345,14.0131633733897,14.3768741874223,13.0245700900338
239.8,7,7,6.99251217530063,7.006576659905,7.17381728557817,6.81870871462246,13.9850243506013,14.01315331981,14.3764850292953,13.0254456658331
239.9,7,7,6.99252504294372,7.00657163514435,7.17384930321647,6.81863512784862,13.9850500858874,14.0131432702887,14.3760959442606,13.0263205400763
240,7,7,6.99253788150918,7.00656661241794,7.17388131612049,6.81856160284057,13.9850757630184,14.0131332248359,14.3757069324653,13.0271947133506
240.1,7,7,6.99255069105959,7.00656159173078,7.17391332427639,6.81848813954281,13.9851013821192,14.0131231834616,14.3753179940565,13.028068186243
240.2,7,7,6.99256347150534,7.00655657309869,7.17394532764517,6.81841473822445,13.9851269430107,14.0131131461974,14.3749291295696,13.0289409556559
240.3,7,7,6.99257621362499,7.00655155719144,7.17397732466223,6.81834141867678,13.98515242725,14.0131031143829,14.3745403630323,13.0298127968688
240.4,7,7,6.99258892697862,7.0065465433433,7.17400931687612,6.818268160618,13.9851778539572,14.0130930866866,14.3741516704663,13.0306839400414
240.5,7,7,6.99260161162809,7.0065415315592,7.17404130427312,6.8181949639929,13.9852032232562,14.0130830631184,14.373763052017,13.0315543857572
240.6,7,7,6.99261426763521,7.00653652184402,7.17407328683957,6.81812182874632,13.9852285352704,14.013073043688,14.3733745078297,13.0324241345998
240.7,7,7,6.99262689491149,7.00653151421361,7.17410526453618,6.81804875514599,13.985253789823,14.0130630284272,14.3729860384425,13.0332931834866
240.8,7,7,6.99263948435396,7.006526509347,7.17413723577211,6.81797576287693,13.9852789687079,14.013053018694,14.3725976681617,13.0341613088217
240.9,7,7,6.9926520453999,7.00652150656867,7.17416920212304,6.81790283176645,13.9853040907998,14.0130430131373,14.3722093727207,13.0350287396114
241,7,7,6.99266457811039,7.0065165058834,7.17420116357543,6.81782996175966,13.9853291562208,14.0130330117668,14.3718211522631,13.0358954764358
241.1,7,7,6.99267708254644,7.00651150729596,7.17423312011576,6.81775715280179,13.9853541650929,14.0130230145919,14.3714330069322,13.036761519875
241.2,7,7,6.99268955862071,7.0065065108222,7.17426507170445,6.81768440515918,13.9853791172414,14.0130130216444,14.3710449372693,13.0376268668614
241.3,7,7,6.99270199734716,7.00650151715022,7.17429701672474,6.81761173841129,13.9854039946943,14.0130030343004,14.3706569678555,13.0384912949171
241.4,7,7,6.99271440804184,7.0064965255949,7.17432895677914,6.81753913249378,13.9854288160837,14.0129930511898,14.3702690741394,13.0393550319016
241.5,7,7,6.99272679076508,7.00649153616092,7.17436089185425,6.81746658735215,13.9854535815302,14.0129830723218,14.3698812562628,13.0402180783918
241.6,7,7,6.99273914557709,7.00648654885291,7.17439282193671,6.81739410293196,13.9854782911542,14.0129730977058,14.3694935143675,13.0410804349643
241.7,7,7,6.99275147239165,7.00648156368675,7.17442474698668,6.81732167949818,13.9855029447833,14.0129631273735,14.3691058489971,13.0419420985664
241.8,7,7,6.99276376233816,7.00647658135933,7.17445666536173,6.81724933652541,13.9855275246763,14.0129531627187,14.3687182850049,13.0428028478315
241.9,7,7,6.99277602461303,7.00647160117623,7.1744885786909,6.81717705405695,13.9855520492261,14.0129432023525,14.3683307975577,13.0436629094794
242,7,7,6.99278825927578,7.00646662314199,7.17452048696097,6.81710483203867,13.9855765185516,14.012933246284,14.3679433867958,13.0445222840836
242.1,7,7,6.99280046638587,7.00646164726112,7.1745523901587,6.81703267041647,13.9856009327717,14.0129232945222,14.3675560528592,13.0453809722171
242.2,7,7,6.99281264585819,7.00645667354953,7.17458428824401,6.81696056945398,13.9856252917164,14.0129133470991,14.3671687962943,13.0462389708421
242.3,7,7,6.99282478893611,7.00645170271267,7.17461617954909,6.81688854852157,13.9856495778722,14.0129034054253,14.3667816422226,13.047096059697
242.4,7,7,6.99283690469788,7.00644673404704,7.17464806572922,6.81681658776953,13.9856738093958,14.0128934680941,14.3663945655332,13.0479524643682
242.5,7,7,6.99284899320228,7.00644176755706,7.17467994677133,6.81674468714407,13.9856979864046,14.0128835351141,14.3660075663644,13.048808185426
242.6,7,7,6.992861054508,7.00643680324714,7.17471182266234,6.81667284659144,13.985722109016,14.0128736064943,14.3656206448545,13.0496632234401
242.7,7,7,6.99287308853102,7.00643184113318,7.17474369336189,6.81660106637392,13.985746177062,14.0128636822664,14.3652338015528,13.0505175753872
242.8,7,7,6.99288508662724,7.00642688192897,7.17477555717709,6.81652936575835,13.9857701732545,14.0128537638579,14.3648470618457,13.0513710221041
242.9,7,7,6.99289705775826,7.0064219249222,7.17480741578919,6.81645772500131,13.9857941155165,14.0128438498444,14.3644604003478,13.0522237880508
243,7,7,6.99290900198212,7.00641697011715,7.17483926918524,6.81638614404932,13.9858180039642,14.0128339402343,14.3640738171957,13.0530758737943
243.1,7,7,6.99292091935674,7.00641201751811,7.17487111735232,6.81631462284902,13.9858418387135,14.0128240350362,14.363687312526,13.0539272799009
243.2,7,7,6.99293280979922,7.00640706714101,7.17490296024981,6.81624316166133,13.9858656195984,14.012814134282,14.3633008868905,13.0547780033618
243.3,7,7,6.99294466477648,7.00640211970774,7.17493479616004,6.81617177965022,13.985889329553,14.0128042394155,14.3629145659376,13.0556278261059
243.4,7,7,6.99295649313502,7.00639717449739,7.17496662678988,6.81610045717785,13.98591298627,14.0127943489948,14.3625283240106,13.0564769714734
243.5,7,7,6.99296829493212,7.00639223151414,7.17499845212655,6.81602919419111,13.9859365898642,14.0127844630283,14.3621421612444,13.0573254400276
243.6,7,7,6.99298007022497,7.00638729076214,7.17503027215727,6.81595799063698,13.9859601404499,14.0127745815243,14.3617560777739,13.0581732323319
243.7,7,7,6.99299181893172,7.00638235225735,7.17506208684117,6.81588684677503,13.9859836378634,14.0127647045147,14.3613700741535,13.0590203453918
243.8,7,7,6.99300353262896,7.00637741672955,7.17509389443607,6.81581578166703,13.9860070652579,14.0127548334591,14.3609841762904,13.0598665622218
243.9,7,7,6.99301522004951,7.00637248344946,7.17512569667419,6.81574477578007,13.986030440099,14.0127449668989,14.3605983582597,13.0607121050487
244,7,7,6.99302688124992,7.00636755242113,7.17515749354289,6.81567382906137,13.9860537624998,14.0127351048423,14.3602126201948,13.0615569744327
244.1,7,7,6.99303851628664,7.00636262364862,7.17518928502955,6.81560294145824,13.9860770325733,14.0127252472972,14.3598269622289,13.0624011709337
244.2,7,7,6.9930501250789,7.0063576971479,7.17522107109305,6.81553211322894,13.9861002501578,14.0127153942958,14.3594413849188,13.0632446915718
244.3,7,7,6.99306169931151,7.0063527736564,7.17525284996696,6.81546136333369,13.986123398623,14.0127055473128,14.3590559144273,13.0640873204406
244.4,7,7,6.99307324760509,7.00634785243671,7.17528462340859,6.81539067234382,13.9861464952102,14.0126957048734,14.3586705245649,13.0649292786601
244.5,7,7,6.99308477001546,7.00634293349278,7.17531639140544,6.81532004020687,13.9861695400309,14.0126858669856,14.3582852154631,13.0657705667873
244.6,7,7,6.99309626659837,7.00633801682855,7.17534815394503,6.81524946687051,13.9861925331967,14.0126760336571,14.3578999872537,13.0666111853788
244.7,7,7,6.99310773727405,7.00633310246,7.17537991098598,6.81517895259167,13.9862154745481,14.01266620492,14.357514840496,13.067451131469
244.8,7,7,6.9931191738342,7.006328191132,7.17541166073795,6.81510851622969,13.9862383476684,14.012656382264,14.3571298016049,13.0682901902244
244.9,7,7,6.99313058478865,7.00632328209926,7.17544340498299,6.81503813845944,13.9862611695773,14.0126465641985,14.3567448441296,13.0691285816648
245,7,7,6.99314197019252,7.00631837536559,7.17547514370876,6.81496781922882,13.986283940385,14.0126367507312,14.3563599682001,13.0699663063439
245.1,7,7,6.99315333010083,7.00631347093484,7.17550687690292,6.81489755848581,13.9863066602017,14.0126269418697,14.3559751739463,13.070803364815
245.2,7,7,6.99316466443485,7.00630856882298,7.17553860452385,6.81482735648606,13.9863293288697,14.012617137646,14.3555904619301,13.0716397541268
245.3,7,7,6.99317596509176,7.00630366978215,7.17557032475753,6.81475723198866,13.9863519301835,14.0126073395643,14.3552058588155,13.0724752605124
245.4,7,7,6.99318724047205,7.00629877305933,7.17560203941051,6.81468716577136,13.9863744809441,14.0125975461187,14.3548213378935,13.0733101028978
245.5,7,7,6.99319849063012,7.00629387865826,7.17563374847058,6.81461715778241,13.9863969812602,14.0125877573165,14.3544368992926,13.0741442818333
245.6,7,7,6.99320971562028,7.00628898658265,7.17566545192556,6.81454720797012,13.9864194312406,14.0125779731653,14.3540525431411,13.0749777978691
245.7,7,7,6.99322091536483,7.00628409684851,7.17569714973358,6.81447731658883,13.9864418307297,14.012568193697,14.3536682700033,13.0758106480681
245.8,7,7,6.9932320818651,7.00627921021497,7.17572884005723,6.81440750229802,13.9864641637302,14.0125584204299,14.3532841067891,13.0766426197238
245.9,7,7,6.99324322341359,7.00627432592158,7.17576052472727,6.81433774597771,13.9864864468272,14.0125486518432,14.3529000265346,13.0774739306746
246,7,7,6.99325434006401,7.00626944397195,7.17579220373164,6.81426804757645,13.986508680128,14.0125388879439,14.3525160293668,13.0783045814679
246.1,7,7,6.99326543187,7.00626456436969,7.17582387705827,6.81419840704289,13.98653086374,14.0125291287394,14.3521321154123,13.0791345726503
246.2,7,7,6.99327649875484,7.00625968713081,7.17585554466507,6.81412882463008,13.9865529975097,14.0125193742616,14.3517482852377,13.0799639012991
246.3,7,7,6.99328753282266,7.00625481302128,7.17588720469151,6.81405931889854,13.9865750656453,14.0125096260426,14.351364565996,13.0807923557618
246.4,7,7,6.99329854225941,7.00624994127338,7.17591885899228,6.81398987082985,13.9865970845188,14.0124998825468,14.3509809304715,13.0816201527958
246.5,7,7,6.9933095271181,7.00624507189062,7.17595050755544,6.81392048037291,13.9866190542362,14.0124901437812,14.3505973787896,13.0824472929453
246.6,7,7,6.99332048745168,7.00624020487651,7.17598215036909,6.8138511474767,13.9866409749034,14.012480409753,14.3502139110752,13.0832737767538
246.7,7,7,6.99333142318442,7.00623534024705,7.17601378739088,6.81378187239297,13.9866628463688,14.0124706804941,14.3498305278974,13.0840996013123
246.8,7,7,6.99334232652194,7.00623047877486,7.17604541673745,6.81371267358391,13.9866846530439,14.0124609575497,14.3494472566489,13.0849245560168
246.9,7,7,6.99335320554497,7.00622561968515,7.17607704028712,6.81364353213203,13.9867064110899,14.0124512393703,14.3490640698656,13.0857488565496
247,7,7,6.99336406030587,7.00622076298134,7.17610865802811,6.81357444798657,13.9867281206117,14.0124415259627,14.3486809676711,13.0865725034518
247.1,7,7,6.99337489085687,7.00621590866682,7.17614026994864,6.81350542109681,13.9867497817137,14.0124318173336,14.348297950189,13.0873954972638
247.2,7,7,6.99338569712325,7.00621105675762,7.17617187600614,6.81343645171325,13.9867713942465,14.0124221135152,14.3479150179905,13.0882178350906
247.3,7,7,6.99339647141081,7.00620620803276,7.17620347429466,6.81336755820037,13.9867929428216,14.0124124160655,14.3475321987051,13.0890393073699
247.4,7,7,6.99340722169642,7.00620136171063,7.1762350667159,6.81329872174095,13.9868144433928,14.0124027234213,14.3471494646233,13.0898601287158
247.5,7,7,6.99341794803174,7.00619651779454,7.17626665325821,6.81322994228456,13.9868358960635,14.0123930355891,14.3467668158672,13.090680299666
247.6,7,7,6.99342865046837,7.00619167628778,7.17629823390995,6.81316121978081,13.9868573009367,14.0123833525756,14.3463842525587,13.0914998207578
247.7,7,7,6.99343932893254,7.00618683720638,7.17632980862833,6.81309255447892,13.9868786578651,14.0123736744128,14.3460017752714,13.0923186891101
247.8,7,7,6.99344997582895,7.0061820013356,7.17636137548507,6.8130239646463,13.9868999516579,14.0123640026712,14.3456194118685,13.0931366961965
247.9,7,7,6.99346059903193,7.00617716788718,7.17639293640498,6.81295543156537,13.9869211980639,14.0123543357744,14.3452371343982,13.0939540555688
248,7,7,6.99347119859251,7.00617233686434,7.17642449137653,6.812886955186,13.986942397185,14.0123446737287,14.344854942981,13.0947707677616
248.1,7,7,6.99348177456159,7.00616750827027,7.17645604038824,6.81281853545816,13.9869635491232,14.0123350165405,14.3444728377373,13.0955868333091
248.2,7,7,6.99349232686637,7.006162682121,7.17648758339707,6.81275017262978,13.9869846537327,14.012325364242,14.3440908192431,13.0964022493438
248.3,7,7,6.99350284800918,7.00615785920784,7.17651911845272,6.81268188487181,13.9870056960184,14.0123157184157,14.343708915592,13.0972168083694
248.4,7,7,6.99351334576316,7.00615303873608,7.17655064750279,6.8126136535657,13.9870266915263,14.0123060774722,14.3433270985932,13.0980307228815
248.5,7,7,6.99352382017864,7.00614822070884,7.17658217053591,6.81254547866162,13.9870476403573,14.0122964414177,14.3429453683658,13.0988439934115
248.6,7,7,6.99353427130591,7.00614340512922,7.17661368754073,6.81247736010985,13.9870685426118,14.0122868102584,14.3425637250284,13.0996566204906
248.7,7,7,6.99354469907307,7.00613859201324,7.17664519847398,6.81240929815707,13.9870893981461,14.0122771840265,14.3421821691592,13.100468601265
248.8,7,7,6.99355509607887,7.00613378215808,7.17667670136358,6.8123413108784,13.9871101921577,14.0122675643162,14.3418007290798,13.1012797292623
248.9,7,7,6.9935654699965,7.00612897476278,7.17670819817969,6.81227337975364,13.987130939993,14.0122579495256,14.341419376363,13.1020902159281
249,7,7,6.99357582087567,7.00612416983036,7.17673968891107,6.8122055047333,13.9871516417513,14.0122483396607,14.3410381111265,13.1029000617907
249.1,7,7,6.99358614876601,7.00611936736383,7.17677117354648,6.81213768576796,13.987172297532,14.0122387347277,14.3406569334875,13.1037092673782
249.2,7,7,6.99359645359655,7.00611456737921,7.17680265204247,6.81206992310308,13.9871929071931,14.0122291347584,14.3402758440262,13.1045178298505
249.3,7,7,6.9936067280612,7.00610977067935,7.17683412240542,6.8120022347185,13.9872134561224,14.0122195413587,14.3398948712889,13.1053255437531
249.4,7,7,6.99361697973449,7.00610497645723,7.17686558662776,6.8119346021918,13.987233959469,14.0122099529145,14.3395139866157,13.1061326194878
249.5,7,7,6.99362720866551,7.00610018471578,7.17689704469839,6.81186702547378,13.987254417331,14.0122003694316,14.3391331901224,13.1069390575797
249.6,7,7,6.99363741490323,7.00609539545791,7.17692849660623,6.81179950451536,13.9872748298065,14.0121907909158,14.3387524819248,13.1077448585539
249.7,7,7,6.99364759837763,7.00609060869965,7.17695994230757,6.81173203956073,13.9872951967553,14.0121812173993,14.3383718626053,13.1085500195839
249.8,7,7,6.99365775187652,7.00608582524934,7.17699137978756,6.81166464849513,13.987315503753,14.0121716504987,14.3379913609322,13.1093543362273
249.9,7,7,6.99366788287707,7.00608104429409,7.17702281106062,6.81159731299324,13.9873357657541,14.0121620885882,14.3376109480152,13.1101580178479
250,7,7,6.99367799142773,7.00607626583674,7.1770542361158,6.8115300330062,13.9873559828555,14.0121525316735,14.3372306239688,13.1109610649679
250.1,7,7,6.99368807757686,7.00607148988012,7.17708565494215,6.81146280848521,13.9873761551537,14.0121429797602,14.3368503889072,13.1117634781093
250.2,7,7,6.99369814125532,7.00606671644022,7.17711706749575,6.81139563967324,13.9873962825106,14.0121334328804,14.3364702434151,13.1125652544591
250.3,7,7,6.99370817534365,7.00606194633073,7.17714847174072,6.81132854436151,13.9874163506873,14.0121238926615,14.3360902164795,13.1133661905811
250.4,7,7,6.99371818722291,7.00605717873307,7.17717986971326,6.8112615043212,13.9874363744458,14.0121143574661,14.3357102789832,13.1141664948072
250.5,7,7,6.99372817694091,7.00605241364999,7.17721126140254,6.81119451950374,13.9874563538818,14.0121048273,14.3353304310392,13.1149661676568
250.6,7,7,6.9937381445454,7.00604765108421,7.17724264679773,6.81112758986066,13.9874762890908,14.0120953021684,14.3349506727602,13.1157652096487
250.7,7,7,6.99374808996812,7.00604289105175,7.17727402585472,6.81106071563372,13.9874961799362,14.0120857821035,14.3345710047329,13.1165636179832
250.8,7,7,6.99375800618117,7.00603813437141,7.17730539651687,6.81099391452067,13.9875160123623,14.0120762687428,14.3341914561605,13.1173611902248
250.9,7,7,6.99376790047068,7.00603338021914,7.17733676084186,6.8109271683886,13.9875358009414,14.0120667604383,14.3338119977016,13.1181581336794
251,7,7,6.99377777288387,7.00602862859757,7.177368118819,6.81086047718926,13.9875555457677,14.0120572571951,14.3334326294677,13.1189544488633
251.1,7,7,6.99378762346788,7.00602387950936,7.17739947043759,6.81079384087447,13.9875752469358,14.0120477590187,14.3330533515701,13.1197501362924
251.2,7,7,6.99379745215531,7.0060191329705,7.17743081565332,6.81072725968477,13.9875949043106,14.012038265941,14.3326741645975,13.1205451931803
251.3,7,7,6.99380725200864,7.00601438980478,7.17746215238901,6.81066075122509,13.9876145040173,14.0120287796096,14.3322950979663,13.1213394180861
251.4,7,7,6.99381703022033,7.00600964918281,7.17749348272362,6.81059429745779,13.9876340604407,14.0120192983656,14.331916122114,13.1221330172958
251.5,7,7,6.99382678683697,7.00600491110715,7.17752480664656,6.81052789833492,13.9876535736739,14.0120098222143,14.3315372371507,13.1229259913228
251.6,7,7,6.99383652190509,7.00600017558036,7.17755612414727,6.81046155380861,13.9876730438102,14.0120003511607,14.331158443186,13.1237183406799
251.7,7,7,6.99384623535819,7.00599544261844,7.17758743518123,6.81039526411819,13.9876924707164,14.0119908852369,14.3307797408108,13.1245100625941
251.8,7,7,6.99385592034793,7.00599071304997,7.17761873765102,6.81032904677633,13.9877118406959,14.0119814260999,14.3304011596518,13.1253009566132
251.9,7,7,6.9938655839743,7.00598598604041,7.17765003365656,6.81026288384007,13.9877311679486,14.0119719720808,14.3300226699284,13.1260912280093
252,7,7,6.99387522628329,7.00598126159225,7.1776813231874,6.81019677526178,13.9877504525666,14.0119625231845,14.329644271749,13.1268808772927
252.1,7,7,6.99388484732085,7.00597653970795,7.1777126062331,6.81013072099388,13.9877696946417,14.0119530794159,14.3292659652219,13.1276699049734
252.2,7,7,6.9938944470213,7.00597182040349,7.17774388274893,6.81006472127449,13.9877888940426,14.011943640807,14.3288877509399,13.1284583082914
252.3,7,7,6.9939040186244,7.00596710451212,7.17777515061749,6.80999879352463,13.9878080372488,14.0119342090242,14.3285096587375,13.1292458877779
252.4,7,7,6.99391356913881,7.00596239119431,7.17780641195939,6.80993291989541,13.9878271382776,14.0119247823886,14.3281316586185,13.1300328476967
252.5,7,7,6.99392309860996,7.00595768045247,7.17783766676432,6.80986710033948,13.9878461972199,14.0119153609049,14.32775375069,13.1308191885552
252.6,7,7,6.99393260708319,7.00595297228896,7.17786891502198,6.80980133480959,13.9878652141664,14.0119059445779,14.3273759350588,13.1316049108604
252.7,7,7,6.99394209449369,7.00594826671978,7.17790015668744,6.80973562354266,13.9878841889874,14.0118965334396,14.3269982123196,13.1323900118654
252.8,7,7,6.99395155416811,7.00594356458263,7.17793138962351,6.8096699838686,13.9879031083362,14.0118871291653,14.3266206125117,13.133174293079
252.9,7,7,6.99396099302503,7.00593886503319,7.17796261597129,6.80960439803201,13.9879219860501,14.0118777300664,14.3262431054265,13.1339579577626
253,7,7,6.99397041110928,7.00593416807377,7.1779938357206,6.80953886598586,13.9879408222186,14.0118683361475,14.3258656911696,13.1347410064206
253.1,7,7,6.99397980846562,7.00592947370668,7.17802504886126,6.80947338768317,13.9879596169312,14.0118589474134,14.3254883698464,13.1355234395572
253.2,7,7,6.99398918503007,7.00592478194788,7.17805625534814,6.80940796335969,13.9879783700601,14.0118495638958,14.3251111420535,13.1363052544386
253.3,7,7,6.99399853421511,7.00592009363939,7.17808745302454,6.8093426102548,13.9879970684302,14.0118401872788,14.3247340380323,13.1370862535452
253.4,7,7,6.99400786285033,7.00591540793227,7.17811864405178,6.80927731070601,13.9880157257007,14.0118308158645,14.3243570273645,13.1378666391421
253.5,7,7,6.99401717098,7.00591072482874,7.1781498284198,6.80921206466657,13.98803434196,14.0118214496575,14.3239801101542,13.1386464117307
253.6,7,7,6.9940264586483,7.00590604433102,7.17818100611854,6.80914687208981,13.9880529172966,14.011812088662,14.3236032865055,13.1394255718123
253.7,7,7,6.99403572579208,7.00590136645506,7.17821217710268,6.80908173321028,13.9880714515842,14.0118027329101,14.3232265570168,13.1402041166659
253.8,7,7,6.99404496590852,7.00589669204706,7.17824333919625,6.80901666517743,13.988089931817,14.0117933840941,14.322849952129,13.1409818497385
253.9,7,7,6.9940541857394,7.00589202025358,7.17827449458053,6.80895165042107,13.9881083714788,14.0117840405072,14.3224734412167,13.1417589723041
254,7,7,6.99406338532842,7.00588735107678,7.17830564324559,6.80888668889474,13.9881267706568,14.0117747021536,14.3220970243828,13.1425354848614
254.1,7,7,6.9940725647192,7.00588268451878,7.17833678518149,6.80882178055208,13.9881451294384,14.0117653690376,14.3217207017298,13.1433113879087
254.2,7,7,6.99408172384938,7.00587802059553,7.17836792034273,6.80875692562646,13.9881634476988,14.0117560411911,14.321344473858,13.144086678738
254.3,7,7,6.99409085629979,7.00587336015725,7.17839904653429,6.80869214117794,13.9881817125996,14.0117467203145,14.3209683714051,13.1448611617569
254.4,7,7,6.9940999687255,7.00586870234616,7.17843016595719,6.80862740972805,13.988199937451,14.0117374046923,14.3205923635414,13.1456350372543
254.5,7,7,6.99410906116965,7.00586404716436,7.1784612786016,6.80856273123065,13.9882181223393,14.0117280943287,14.3202164503685,13.1464083057262
254.6,7,7,6.9941181336753,7.00585939461389,7.17849238445773,6.80849810563964,13.9882362673506,14.0117187892278,14.3198406319876,13.1471809676678
254.7,7,7,6.9941271861809,7.00585474471068,7.17852348347987,6.80843353318724,13.9882543723618,14.0117094894214,14.3194649090007,13.147953020384
254.8,7,7,6.99413621234982,7.0058500983088,7.1785545734542,6.80836903084468,13.9882724246996,14.0117001966176,14.3190893122395,13.1487242692378
254.9,7,7,6.99414521875156,7.00584545454634,7.17858565660123,6.80830458122466,13.9882904375031,14.0116909090927,14.318713810673,13.1494949135384
255,7,7,6.9941542054287,7.00584081342529,7.17861673291125,6.8082401842813,13.9883084108574,14.0116816268506,14.3183384044013,13.150264953779
255.1,7,7,6.99416317242373,7.00583617494763,7.17864780237459,6.80817583996882,13.9883263448475,14.0116723498953,14.3179630935243,13.1510343904521
255.2,7,7,6.99417211967593,7.00583153912928,7.17867886494536,6.80811154851827,13.9883442393519,14.0116630782586,14.3175878786458,13.1518032208752
255.3,7,7,6.99418104093013,7.00582690682801,7.17870991839118,6.80804732681259,13.9883620818603,14.011653813656,14.3172127907888,13.1525712513609
255.4,7,7,6.99418994267135,7.00582227717792,7.17874096495178,6.80798315755509,13.9883798853427,14.0116445543558,14.3168377987237,13.1533386802449
255.5,7,7,6.99419882494163,7.00581765018091,7.17877200461758,6.80791904070016,13.9883976498833,14.0116353003618,14.3164629025492,13.1541055080174
255.6,7,7,6.99420768778293,7.00581302583888,7.17880303737903,6.80785497620231,13.9884153755659,14.0116260516778,14.3160881023639,13.154871735168
255.7,7,7,6.99421653113528,7.00580840416775,7.17883406319006,6.80779096429145,13.9884330622706,14.0116168083355,14.3157133987732,13.155637359027
255.8,7,7,6.99422534882396,7.00580378602885,7.17886507979996,6.8077270217628,13.9884506976479,14.0116075720577,14.315338822989,13.1564021868514
255.9,7,7,6.99423414725062,7.00579917055243,7.17889608946745,6.80766313140967,13.9884682945012,14.0115983411049,14.3149643435857,13.1571664160084
256,7,7,6.99424292645673,7.00579455774031,7.17892709218308,6.80759929318675,13.9884858529135,14.0115891154806,14.3145899606606,13.1579300469854
256.1,7,7,6.99425168648371,7.00578994759432,7.17895808793741,6.80753550704883,13.9885033729674,14.0115798951886,14.314215674311,13.1586930802695
256.2,7,7,6.99426042727238,7.00578534013036,7.1789890766842,6.80747177322467,13.9885208545448,14.0115706802607,14.313841485144,13.1594555132032
256.3,7,7,6.99426914272744,7.0057807362132,7.17902005615462,6.80740810842232,13.9885382854549,14.0115614724264,14.3134674245575,13.1602171539826
256.4,7,7,6.99427783916817,7.00577613496935,7.17905102862618,6.80734449552455,13.9885556783363,14.0115522699387,14.3130934609329,13.1609781990123
256.5,7,7,6.99428651663555,7.0057715364006,7.17908199408953,6.80728093448633,13.9885730332711,14.0115430728012,14.312719594366,13.1617386487768
256.6,7,7,6.99429517517044,7.00576694050868,7.17911295253535,6.80721742526273,13.9885903503409,14.0115338810174,14.3123458249527,13.1624985037602
256.7,7,7,6.99430381471444,7.00576234730947,7.17914390391723,6.80715396808137,13.9886076294289,14.0115246946189,14.311972153302,13.163257761318
256.8,7,7,6.99431242925062,7.00575775767104,7.17917484594846,6.80709057956369,13.9886248585012,14.0115155153421,14.3115986109951,13.1640162305794
256.9,7,7,6.99432102501701,7.00575317071635,7.17920578092508,6.80702724268133,13.988642050034,14.0115063414327,14.3112251662229,13.164774106992
257,7,7,6.99432960205405,7.00574858644708,7.17923670883786,6.80696395738956,13.9886592041081,14.0114971728942,14.31085181908,13.1655313910375
257.1,7,7,6.9943381604021,7.00574400486492,7.17926762967759,6.80690072364371,13.9886763208042,14.0114880097298,14.3104785696608,13.1662880831974
257.2,7,7,6.99434670000347,7.00573942598573,7.17929854339769,6.80683754167029,13.9886934000069,14.0114788519715,14.3101054185759,13.1670441808393
257.3,7,7,6.99435521491864,7.00573485068072,7.17932944769381,6.80677442800464,13.9887104298373,14.0114697013614,14.3097323975877,13.1677994940209
257.4,7,7,6.99436371130541,7.00573027806943,7.17936034488026,6.80671136570674,13.9887274226108,14.0114605561389,14.309359474699,13.1685542172379
257.5,7,7,6.9943721892037,7.00572570815348,7.17939123494795,6.80664835473215,13.9887443784074,14.011451416307,14.308986650003,13.1693083509694
257.6,7,7,6.99438064865335,7.00572114093449,7.17942211788778,6.80658539503646,13.9887612973067,14.011442281869,14.308613923593,13.170061895694
257.7,7,7,6.99438908959741,7.0057165764283,7.17945299365301,6.80652248684506,13.9887781791948,14.0114331528566,14.3082412960812,13.1708148487918
257.8,7,7,6.99439750617275,7.00571201550912,7.17948385992184,6.80645964660776,13.9887950123455,14.0114240310182,14.3078687994082,13.1715670212433
257.9,7,7,6.99440590445799,7.00570745729323,7.17951471902668,6.80639685747231,13.988811808916,14.0114149145865,14.3074964013916,13.1723186065981
258,7,7,6.9944142844925,7.00570290178218,7.17954557095851,6.80633411939453,13.988828568985,14.0114058035644,14.3071241021235,13.1730696053324
258.1,7,7,6.99442264631564,7.00569834897752,7.17957641570839,6.80627143233032,13.9888452926313,14.011396697955,14.3067519016955,13.1738200179221
258.2,7,7,6.99443098987119,7.00569379889506,7.17960725322937,6.80620879650393,13.9888619797424,14.0113875977901,14.3063798007217,13.1745698417597
258.3,7,7,6.99443930937141,7.0056892524119,7.1796380811825,6.80614622828017,13.9888786187428,14.0113785048238,14.3060078313185,13.1753188887432
258.4,7,7,6.99444761081674,7.00568470864119,7.17966890191797,6.806083710894,13.9888952216335,14.0113694172824,14.3056359611208,13.1760673514814
258.5,7,7,6.99445589424607,7.0056801675844,7.17969971542691,6.80602124430155,13.9889117884921,14.0113603351688,14.3052641902192,13.1768152304478
258.6,7,7,6.99446415969824,7.00567562924302,7.17973052170047,6.80595882845897,13.9889283193965,14.011351258486,14.3048925187044,13.1775625261156
258.7,7,7,6.99447240711775,7.00567109363282,7.17976132069157,6.80589646358941,13.9889448142355,14.0113421872656,14.3045209471917,13.1783092358895
258.8,7,7,6.99448063079129,7.00566656163369,7.17979211004424,6.80583416597317,13.9889612615826,14.0113331232674,14.3041495079711,13.17905517258
258.9,7,7,6.99448883664215,7.00566203235575,7.1798228921263,6.80577191893195,13.9889776732843,14.0113240647115,14.3037781684973,13.1798005278603
259,7,7,6.9944970247087,7.00565750580041,7.179853666929,6.8057097224221,13.9889940494174,14.0113150116008,14.3034069288597,13.1805453022012
259.1,7,7,6.99450519502928,7.00565298196909,7.17988443444358,6.80564757640009,13.9890103900586,14.0113059639382,14.3030357891475,13.1812894960733
259.2,7,7,6.99451334754911,7.00564846087755,7.1799151946228,6.80558548108792,13.9890266950982,14.0112969217551,14.3026647499777,13.1820331068934
259.3,7,7,6.99452147662837,7.00564394340829,7.17994594509396,6.80552345268197,13.9890429532567,14.0112878868166,14.3022938438112,13.1827759483791
259.4,7,7,6.99452958811415,7.00563942866857,7.17997668824223,6.80546147459006,13.9890591762283,14.0112788573371,14.3019230379251,13.1835182112736
259.5,7,7,6.99453768204435,7.00563491665974,7.18000742405898,6.80539954676884,13.9890753640887,14.0112698333195,14.3015523324075,13.1842598960451
259.6,7,7,6.99454575845679,7.00563040738314,7.18003815253557,6.80533766917502,13.9890915169136,14.0112608147663,14.3011817273464,13.1850010031614
259.7,7,7,6.99455381729742,7.00562590085452,7.18006887362459,6.80527584202953,13.9891076345948,14.011251801709,14.3008112233602,13.1857415300514
259.8,7,7,6.99456185299892,7.00562139795888,7.1800995849368,6.80521408144529,13.9891237059978,14.0112427959178,14.3004408530783,13.1864812913347
259.9,7,7,6.99456987133322,7.00561689780073,7.18013028887453,6.80515237091575,13.9891397426664,14.0112337956015,14.3000705836028,13.1872204768298
260,7,7,6.9945778723377,7.00561240038137,7.18016098542925,6.80509071039782,13.9891557446754,14.0112248007627,14.2997004150204,13.187959087002
260.1,7,7,6.99458585604971,7.00560790570207,7.18019167459245,6.80502909984849,13.9891717120994,14.0112158114041,14.2993303474179,13.1886971223167
260.2,7,7,6.99459382241589,7.00560341377856,7.18022235631654,6.80496753948758,13.9891876448318,14.0112068275571,14.2989603814153,13.1894345802147
260.3,7,7,6.99460176594053,7.00559892549822,7.18025302819599,6.8049060453451,13.9892035318811,14.0111978509964,14.298590549808,13.1901712762125
260.4,7,7,6.9946096923213,7.00559443996294,7.18028369265002,6.80484460099959,13.9892193846426,14.0111888799259,14.2982208195253,13.1909073992091
260.5,7,7,6.99461760159513,7.00558995717396,7.18031434967024,6.80478320640822,13.9892352031903,14.0111799143479,14.297851190653,13.1916429496671
260.6,7,7,6.99462549379889,7.00558547713249,7.18034499924823,6.80472186152823,13.9892509875978,14.011170954265,14.2974816632764,13.1923779280492
260.7,7,7,6.99463336887988,7.00558099985423,7.18037564133628,6.80466056657839,13.9892667377598,14.0111619997085,14.297112238017,13.1931123318083
260.8,7,7,6.99464122141309,7.00557652622882,7.1804062735127,6.80459933750629,13.9892824428262,14.0111530524576,14.2967429478338,13.1938459773527
260.9,7,7,6.9946490570229,7.00557205535568,7.18043689821346,6.804538157975,13.9892981140458,14.0111441107114,14.2963737594861,13.1945790526669
261,7,7,6.99465687574576,7.00556758723597,7.18046751543026,6.80447702794198,13.9893137514915,14.0111351744719,14.2960046730584,13.1953115582111
261.1,7,7,6.99466467761808,7.00556312187086,7.1804981251548,6.80441594736474,13.9893293552362,14.0111262437417,14.2956356886349,13.1960434944451
261.2,7,7,6.99467246258784,7.005558659276,7.18052872733921,6.80435491646094,13.9893449251757,14.011117318552,14.2952668068383,13.1967748588339
261.3,7,7,6.99468022529978,7.00555420034318,7.18055931954591,6.8042939510963,13.9893604505996,14.0111084006864,14.2948980607889,13.1975054686725
261.4,7,7,6.99468797130596,7.00554974416946,7.18058990422737,6.80423303501793,13.9893759426119,14.0110994883389,14.2945294170786,13.1982355110363
261.5,7,7,6.99469570064237,7.00554529075595,7.18062048137537,6.80417216818353,13.9893914012847,14.0110905815119,14.2941608757904,13.1989649863828
261.6,7,7,6.99470341334493,7.00554084010373,7.18065105098174,6.80411135055087,13.9894068266899,14.0110816802075,14.2937924370073,13.1996938951692
261.7,7,7,6.99471110936229,7.00553639222845,7.18068161299845,6.80405058233657,13.9894222187246,14.0110727844569,14.2934241013535,13.2004222348725
261.8,7,7,6.99471878340808,7.00553194802393,7.18071216497224,6.80398987932492,13.9894375668162,14.0110638960479,14.2930559021082,13.2011498236692
261.9,7,7,6.99472644096294,7.00552750658497,7.18074270937186,6.80392922534655,13.9894528819259,14.0110550131699,14.2926878056979,13.2018768477308
262,7,7,6.9947340820624,7.00552306791262,7.18077324618919,6.80386862035944,13.9894681641248,14.0110461358252,14.2923198122046,13.2026033075122
262.1,7,7,6.99474170674191,7.00551863200791,7.18080377541616,6.80380806432162,13.9894834134838,14.0110372640158,14.29195192171,13.2033292034682
262.2,7,7,6.9947493149508,7.00551419888648,7.18083429700461,6.80374755744862,13.9894986299016,14.011028397773,14.2915841348397,13.2040545330872
262.3,7,7,6.99475690147066,7.00550976944403,7.18086480848581,6.80368711544386,13.9895138029413,14.0110195388881,14.2912164850293,13.2047791154228
262.4,7,7,6.99476447171167,7.00550534277325,7.18089531234453,6.80362672222096,13.9895289434233,14.0110106855465,14.2908489385427,13.2055031357473
262.5,7,7,6.99477202570889,7.00550091887514,7.18092580857279,6.80356637773816,13.9895440514178,14.0110018377503,14.2904814954607,13.2062265945133
262.6,7,7,6.99477956349732,7.00549649775067,7.18095629716262,6.80350608195375,13.9895591269946,14.0109929955013,14.2901141558636,13.2069494921728
262.7,7,7,6.99478708502693,7.00549207941544,7.18098677806572,6.8034458350822,13.9895741700539,14.0109841588309,14.2897469203785,13.2076718262262
262.8,7,7,6.99479458514642,7.00548766476696,7.18101724879807,6.80338565274653,13.9895891702928,14.0109753295339,14.2893798225951,13.2083934165984
262.9,7,7,6.99480206919639,7.00548325289592,7.18104771186031,6.80332551894285,13.9896041383928,14.0109665057918,14.2890128286171,13.2091144476685
263,7,7,6.99480953721146,7.00547884380326,7.18107816724454,6.80326543362966,13.9896190744229,14.0109576876065,14.2886459385238,13.2098349198861
263.1,7,7,6.99481698922618,7.00547443748988,7.18110861494293,6.80320539676551,13.9896339784524,14.0109488749798,14.2882791523946,13.2105548337009
263.2,7,7,6.99482442519115,7.00547003397137,7.181139054907,6.8031454085638,13.9896488503823,14.0109400679427,14.2879124708578,13.2112741866248
263.3,7,7,6.99483184002133,7.00546563414691,7.18116948463769,6.80308548456768,13.9896636800427,14.0109312682938,14.287545927655,13.2119927994497
263.4,7,7,6.99483923898862,7.00546123710533,7.18119990665127,6.80302560885522,13.9896784779772,14.0109224742107,14.2871794887317,13.2127108556657
263.5,7,7,6.99484662212721,7.00545684284748,7.18123032093995,6.80296578138517,13.9896932442544,14.010913685695,14.2868131541664,13.2134283557202
263.6,7,7,6.99485398947119,7.00545245137423,7.18126072749598,6.80290600211634,13.9897079789424,14.0109049027485,14.2864469240371,13.2141453000602
263.7,7,7,6.99486134097182,7.00544806270112,7.18129112627077,6.80284627126109,13.9897226819436,14.0108961254022,14.2860807989734,13.2148616862091
263.8,7,7,6.99486867160941,7.00544367772893,7.18132151475039,6.80278660428315,13.9897373432188,14.0108873554579,14.2857148128664,13.2155773358208
263.9,7,7,6.99487598658811,7.00543929554471,7.18135189546652,6.80272698534207,13.9897519731762,14.0108785910894,14.2853489315063,13.2162924315018
264,7,7,6.99488328594164,7.00543491614925,7.1813822684115,6.80266741439685,13.9897665718833,14.0108698322985,14.28498315497,13.2170069736969
264.1,7,7,6.99489056970366,7.00543053954336,7.18141263357767,6.80260789140656,13.9897811394073,14.0108610790867,14.2846174833346,13.2177209628505
264.2,7,7,6.99489783782605,7.00542616574257,7.18144299091629,6.8025484165825,13.9897956756521,14.0108523314851,14.2842519172308,13.2184343964978
264.3,7,7,6.99490508535367,7.00542179564912,7.1814733378988,6.80248900530951,13.9898101707073,14.0108435912982,14.2838864906972,13.2191470971495
264.4,7,7,6.99491231742375,7.00541742834839,7.18150367707208,6.8024296418281,13.9898246348475,14.0108348566968,14.2835211693705,13.2198592465335
264.5,7,7,6.99491953406957,7.00541306384113,7.18153400842856,6.80237032609751,13.9898390681391,14.0108261276823,14.2831559533266,13.220570845092
264.6,7,7,6.99492673532436,7.0054087021281,7.1815643319607,6.80231105807706,13.9898534706487,14.0108174042562,14.2827908426414,13.2212818932671
264.7,7,7,6.99493392114063,7.00540434322477,7.18159464761964,6.80225183797704,13.9898678422813,14.0108086864495,14.2824258379468,13.2219923886053
264.8,7,7,6.99494108662694,7.0053999880348,7.18162495286233,6.80219268110382,13.9898821732539,14.0107999760696,14.2820609734265,13.2227021544695
264.9,7,7,6.99494823685445,7.00539563564197,7.18165525025067,6.80213357177841,13.9898964737089,14.0107912712839,14.2816962145662,13.223411371714
265,7,7,6.99495537185604,7.00539128604699,7.1816855397772,6.80207450996029,13.9899107437121,14.010782572094,14.2813315614407,13.2241200407786
265.1,7,7,6.9949624916645,7.00538693925057,7.18171582143448,6.80201549560904,13.989924983329,14.0107738785011,14.2809670141246,13.2248281621027
265.2,7,7,6.99496959623293,7.00538259526815,7.18174609517351,6.8019565289339,13.9899391924659,14.0107651905363,14.2806025732512,13.2255357332442
265.3,7,7,6.9949766807328,7.00537825500466,7.18177635843699,6.80189762516331,13.9899533614656,14.0107565100093,14.2802382731469,13.2262425784135
265.4,7,7,6.99498375017008,7.00537391754243,7.18180661380163,6.80183876869824,13.9899675003402,14.0107478350849,14.2798740791488,13.2269488775962
265.5,7,7,6.99499080457719,7.00536958288212,7.18183686126006,6.80177995949843,13.9899816091544,14.0107391657642,14.2795099913306,13.2276546312294
265.6,7,7,6.99499784398651,7.00536525102439,7.18186710080494,6.80172119752369,13.989995687973,14.0107305020488,14.2791460097657,13.2283598397502
265.7,7,7,6.99500486835176,7.00536092198463,7.18189733238714,6.80166248298225,13.9900097367035,14.0107218439693,14.2787821350884,13.2290645007279
265.8,7,7,6.99501187290649,7.00535659666897,7.18192755343531,6.80160383102508,13.990023745813,14.0107131933379,14.278418401766,13.2297684392154
265.9,7,7,6.99501886259227,7.00535227415837,7.18195776654075,6.80154522613263,13.9900377251845,14.0107045483167,14.2780547749891,13.2304718343343
266,7,7,6.99502583744113,7.00534795445345,7.1819879716962,6.80148666826488,13.9900516748823,14.0106959089069,14.2776912548302,13.2311746865196
266.1,7,7,6.99503279748503,7.00534363755481,7.18201816889441,6.80142815738189,13.9900655949701,14.0106872751096,14.2773278413617,13.2318769962057
266.2,7,7,6.99503974267828,7.00533932347783,7.18204835808613,6.80136969369089,13.9900794853566,14.0106786469557,14.276964535219,13.2325787609733
266.3,7,7,6.9950466683157,7.00533501312968,7.18207853668615,6.80131129226583,13.9900933366314,14.0106700262594,14.2766013710078,13.2332798067129
266.4,7,7,6.99505357927535,7.00533070559012,7.18210870730015,6.80125293766615,13.9901071585507,14.0106614111802,14.2762383137746,13.2339803116875
266.5,7,7,6.99506047558882,7.00532640085968,7.18213886992098,6.8011946298521,13.9901209511776,14.0106528017194,14.2758753635908,13.2346802763293
266.6,7,7,6.99506735728768,7.00532209893892,7.1821690245415,6.80113636878398,13.9901347145754,14.0106441978778,14.2755125205275,13.2353797010706
266.7,7,7,6.99507422432681,7.00531779984319,7.18219917111232,6.80107815466799,13.9901484486536,14.0106355996864,14.2751497852215,13.236078583503
266.8,7,7,6.99508107206152,7.00531350448066,7.18222930703457,6.80102000250155,13.990162144123,14.0106270089613,14.2747871924146,13.2367767503504
266.9,7,7,6.99508790530716,7.00530921192991,7.18225943492812,6.80096189692264,13.9901758106143,14.0106184238598,14.2744247070114,13.2374743790215
267,7,7,6.99509472409491,7.00530492219144,7.18228955478592,6.80090383789174,13.9901894481898,14.0106098443829,14.2740623290822,13.2381714699463
267.1,7,7,6.99510152845594,7.00530063526576,7.18231966660093,6.80084582536938,13.9902030569119,14.0106012705315,14.2737000586972,13.2388680235543
267.2,7,7,6.99510831834569,7.00529635116819,7.18234977032366,6.80078785956078,13.9902166366914,14.0105927023364,14.2733378964939,13.2395640374486
267.3,7,7,6.9951150891792,7.00529207080777,7.18237986334171,6.80072995538728,13.9902301783584,14.0105841416155,14.2729758773485,13.2402593391813
267.4,7,7,6.9951218457099,7.00528779326205,7.18240994828899,6.80067209756489,13.9902436914198,14.0105755865241,14.2726139660258,13.240954105312
267.5,7,7,6.99512858796859,7.00528351853148,7.18244002515854,6.80061428605434,13.9902571759372,14.010567037063,14.2722521625951,13.2416483362681
267.6,7,7,6.995135315986,7.00527924661651,7.18247009394342,6.80055652081641,13.990270631972,14.010558493233,14.2718904671252,13.2423420324769
267.7,7,7,6.99514202971817,7.00527497753243,7.18250015459401,6.80049880205529,13.9902840594363,14.0105499550649,14.2715288802552,13.2430351915523
267.8,7,7,6.99514872463907,7.00527071218908,7.18253020448464,6.80044114461676,13.9902974492781,14.0105414243782,14.2711674369928,13.2437276418706
267.9,7,7,6.99515540544101,7.00526644966306,7.18256024626301,6.80038353329437,13.990310810882,14.0105328993261,14.2708061019656,13.2444195591465
268,7,7,6.9951620721544,7.00526218995477,7.18259027992225,6.80032596804908,13.9903241443088,14.0105243799095,14.2704448752417,13.2451109438051
268.1,7,7,6.99516872480959,7.00525793306461,7.18262030545554,6.80026844884192,13.9903374496192,14.0105158661292,14.2700837568888,13.2458017962714
268.2,7,7,6.99517536336317,7.00525367900784,7.18265032281312,6.8002109758761,13.9903507267263,14.0105073580157,14.269722747547,13.2464921141704
268.3,7,7,6.99518198334727,7.00524942869501,7.18268032935623,6.80015356392222,13.9903639666945,14.01049885739,14.269361882354,13.2471817266972
268.4,7,7,6.99518858939392,7.00524518120184,7.18271032774618,6.80009619785095,13.9903771787878,14.0104903624037,14.2690011258021,13.2478708087271
268.5,7,7,6.99519518153311,7.00524093652871,7.1827403179762,6.80003887762349,13.9903903630662,14.0104818730574,14.2686404779581,13.2485593606828
268.6,7,7,6.99520175979479,7.00523669467596,7.18277030003956,6.79998160320109,13.9904035195896,14.0104733893519,14.2682799388888,13.2492473829866
268.7,7,7,6.99520832413612,7.00523245565881,7.18280027388639,6.79992437478597,13.9904166482722,14.0104649113176,14.2679195092353,13.2499348732748
268.8,7,7,6.99521487014667,7.00522822038845,7.18283023686501,6.79986720707407,13.9904297402933,14.0104564407769,14.2675592242631,13.250621661557
268.9,7,7,6.99522140239891,7.00522398793981,7.18286019165015,6.79981008501265,13.9904428047978,14.0104479758796,14.2671990483311,13.2513079218733
269,7,7,6.99522792092244,7.00521975831323,7.18289013823515,6.79975300856316,13.9904558418449,14.0104395166265,14.2668389815054,13.251993654644
269.1,7,7,6.99523442574684,7.00521553150901,7.18292007661335,6.79969597768709,13.9904688514937,14.010431063018,14.2664790238516,13.2526788602893
269.2,7,7,6.99524091682981,7.00521130754234,7.18295000673478,6.79963899258567,13.9904818336596,14.0104226150847,14.2661191760117,13.2533635364562
269.3,7,7,6.9952473898176,7.00520708732493,7.18297992593504,6.79958206788061,13.9904947796352,14.0104141746499,14.2657594733769,13.2540475139644
269.4,7,7,6.9952538492239,7.00520286993105,7.18300983690208,6.79952518859533,13.9905076984478,14.0104057398621,14.2653998801753,13.2547309660236
269.5,7,7,6.99526029507795,7.00519865536097,7.18303973962932,6.7994683546915,13.9905205901559,14.0103973107219,14.2650403964716,13.2554138930519
269.6,7,7,6.99526672740894,7.00519444361497,7.18306963411022,6.79941156613085,13.9905334548179,14.0103888872299,14.2646810223306,13.2560962954669
269.7,7,7,6.9952731461751,7.00519023470819,7.1830995202947,6.79935482311363,13.9905462923502,14.0103804694164,14.2643217583951,13.2567781709265
269.8,7,7,6.99527954707865,7.00518602955279,7.18312939550578,6.79929814018778,13.9905590941573,14.0103720591056,14.2639626401801,13.2574593510559
269.9,7,7,6.99528593457526,7.00518182722246,7.18315926244448,6.79924150245241,13.9905718691505,14.0103636544449,14.2636036317847,13.2581400082392
270,7,7,6.99529230869379,7.00517762771742,7.1831891211043,6.79918490986941,13.9905846173876,14.0103552554348,14.2632447332727,13.2588201428919
270.1,7,7,6.99529866946304,7.0051734310379,7.18321897147881,6.79912836240075,13.9905973389261,14.0103468620758,14.2628859447076,13.2594997554295
270.2,7,7,6.9953050168418,7.00516923719901,7.1832488135178,6.79907186024572,13.9906100336836,14.010338474398,14.2625272667334,13.2601788435207
270.3,7,7,6.99531134658751,7.00516504711328,7.18327864453195,6.7990154178789,13.990622693175,14.0103300942266,14.2621687349865,13.2608572395916
270.4,7,7,6.99531766309856,7.00516085985389,7.18330846723511,6.79895902047465,13.9906353261971,14.0103217197078,14.2618103134393,13.2615351152051
270.5,7,7,6.99532396640346,7.00515667542103,7.18333828162089,6.79890266799508,13.9906479328069,14.0103133508421,14.2614520021545,13.2622124707746
270.6,7,7,6.99533025653063,7.00515249381488,7.18336808768294,6.7988463604024,13.9906605130613,14.0103049876298,14.2610938011947,13.2628893067131
270.7,7,7,6.99533653343939,7.0051483150505,7.18339788537094,6.79879009789493,13.9906730668788,14.010296630101,14.2607357112046,13.2635656207
270.8,7,7,6.99534279294167,7.00514414004073,7.18342767198341,6.79873389487437,13.9906855858833,14.0102882800815,14.2603777679404,13.264241245958
270.9,7,7,6.99534903937938,7.00513996785831,7.18345745024684,6.79867773658983,13.9906980787588,14.0102799357166,14.2600199352497,13.2649163532336
271,7,7,6.99535527278063,7.0051357985034,7.18348722015495,6.79862162300368,13.9907105455613,14.0102715970068,14.2596622131941,13.2655909429377
271.1,7,7,6.99536149317349,7.00513163197613,7.18351698170148,6.79856555407834,13.990722986347,14.0102632639523,14.2593046018353,13.266265015481
271.2,7,7,6.99536770051778,7.00512746829154,7.183546734836,6.79850953001116,13.9907354010356,14.0102549365831,14.2589471018188,13.2669385685538
271.3,7,7,6.99537389067927,7.00512330836266,7.18357647684502,6.79845356513142,13.9907477813585,14.0102466167253,14.2585897490184,13.2676114361707
271.4,7,7,6.99538006794405,7.0051191512619,7.18360621046752,6.79839764476253,13.9907601358881,14.0102383025238,14.2582325071591,13.2682837882661
271.5,7,7,6.99538623233987,7.00511499698938,7.18363593569732,6.7983417688671,13.9907724646797,14.0102299939788,14.2578753763014,13.2689556252488
271.6,7,7,6.99539238389445,7.00511084554519,7.18366565252823,6.79828593740777,13.9907847677889,14.0102216910904,14.257518356506,13.2696269475273
271.7,7,7,6.99539852256812,7.00510669694432,7.18369536090974,6.79823015058094,13.9907970451362,14.0102133938886,14.2571614484193,13.2702977528022
271.8,7,7,6.99540464427976,7.00510255209995,7.18372505811652,6.79817442264386,13.9908092885595,14.0102051041999,14.2568046880307,13.270967875876
271.9,7,7,6.99541075326039,7.00509841008422,7.18375474689986,6.79811873899385,13.9908215065208,14.0101968201684,14.2564480389446,13.2716374858757
272,7,7,6.99541684953741,7.00509427089721,7.18378442725365,6.79806309959371,13.9908336990748,14.0101885417944,14.2560915012205,13.2723065832077
272.1,7,7,6.99542293313817,7.00509013453899,7.1838140991718,6.79800750440631,13.9908458662763,14.010180269078,14.255735074918,13.2729751682782
272.2,7,7,6.99542900402351,7.0050860010245,7.18384376260372,6.79795195362712,13.990858008047,14.010172002049,14.2553787606844,13.2736432387985
272.3,7,7,6.99543505816473,7.00508187126695,7.1838734148124,6.7978964614418,13.9908701163295,14.0101637425339,14.2550225946227,13.2743106303543
272.4,7,7,6.99544109973851,7.00507774433834,7.18390305856126,6.7978410133211,13.990882199477,14.0101554886767,14.2546665402188,13.2749775112695
272.5,7,7,6.99544712877188,7.0050736202387,7.18393269384429,6.79778560922804,13.9908942575438,14.0101472404774,14.2543105975312,13.2756438819485
272.6,7,7,6.99545314529183,7.00506949896805,7.18396232065548,6.79773024912573,13.9909062905837,14.0101389979361,14.2539547666184,13.2763097427952
272.7,7,7,6.99545914925973,7.0050653805413,7.18399193894413,6.79767493320867,13.9909182985195,14.0101307610826,14.2535990481286,13.2769750915313
272.8,7,7,6.99546513669861,7.00506126587164,7.18402154596178,6.7976196755914,13.9909302733972,14.0101225317433,14.2532434782764,13.2776397645214
272.9,7,7,6.99547111173148,7.00505715403097,7.18405114448377,6.79756446181763,13.990942223463,14.0101143080619,14.2528880204312,13.2783039292911
273,7,7,6.99547707438504,7.00505304501928,7.18408073450418,6.79750929185061,13.9909541487701,14.0101060900386,14.2525326746505,13.2789675862424
273.1,7,7,6.99548302468593,7.00504893883655,7.18411031601709,6.79745416565368,13.9909660493719,14.0100978776731,14.2521774409918,13.2796307357769
273.2,7,7,6.99548896259599,7.00504483549767,7.18413988897171,6.7973990834204,13.990977925192,14.0100896709953,14.251822320104,13.280293375627
273.3,7,7,6.99549488418937,7.00504073591571,7.18416945060827,6.79734405919459,13.9909897683787,14.0100814718314,14.2514673483117,13.2809553429316
273.4,7,7,6.9955007935361,7.00503663916257,7.18419900371387,6.7972890785925,13.9910015870722,14.0100732783251,14.2511124888695,13.2816168044225
273.5,7,7,6.99550669066251,7.00503254523819,7.18422854828268,6.79723414157762,13.991013381325,14.0100650904764,14.250757741834,13.2822777604994
273.6,7,7,6.99551257559493,7.00502845414252,7.18425808430887,6.79717924811347,13.9910251511899,14.010056908285,14.2504031072617,13.2829382115617
273.7,7,7,6.99551844829568,7.0050243658904,7.18428761174156,6.79712439839271,13.9910368965914,14.0100487317808,14.2500485858023,13.2835981553521
273.8,7,7,6.99552430488931,7.00502028139475,7.18431712780984,6.79706960638887,13.9910486097786,14.0100405627895,14.2496942138882,13.2842574297798
273.9,7,7,6.99553014939358,7.00501619972751,7.1843466353124,6.79701485779029,13.9910602987872,14.010032399455,14.2493399546614,13.2849162007871
274,7,7,6.9955359818345,7.00501212088859,7.18437613424349,6.79696015256067,13.991071963669,14.0100242417772,14.2489858081775,13.2855744687713
274.1,7,7,6.99554180223803,7.00500804487791,7.18440562459738,6.79690549066378,13.9910836044761,14.0100160897558,14.2486317744921,13.2862322341298
274.2,7,7,6.99554761056699,7.00500397171026,7.18443510632308,6.79685087229133,13.991095221134,14.0100079434205,14.2482778542556,13.2868894946156
274.3,7,7,6.99555340299569,7.00499990229832,7.18446457663874,6.79679631134699,13.9911068059914,14.0099998045966,14.2479240840063,13.2875460889037
274.4,7,7,6.9955591834903,7.00499583571417,7.18449403835444,6.79674179359077,13.9911183669806,14.0099916714283,14.2475704267757,13.2882021821513
274.5,7,7,6.99556495207648,7.00499177195769,7.18452349146452,6.79668731898659,13.991129904153,14.0099835439154,14.2472168826183,13.2888577747537
274.6,7,7,6.99557070877985,7.00498771102874,7.18455293596334,6.79663288749842,13.9911414175597,14.0099754220575,14.2468634515886,13.2895128671058
274.7,7,7,6.99557645356371,7.0049836529421,7.18458237179983,6.79657849931708,13.9911529071274,14.0099673058842,14.2465101343381,13.290167456971
274.8,7,7,6.99558218265151,7.00497959861012,7.18461179618132,6.79652416827676,13.991164365303,14.0099591972202,14.2461569675089,13.2908213837861
274.9,7,7,6.99558789995845,7.00497554710509,7.18464121192915,6.79646988020872,13.9911757999169,14.0099510942102,14.2458039140238,13.2914748119274
275,7,7,6.99559360550989,7.00497149842685,7.18467061903773,6.7964156350771,13.9911872110198,14.0099429968537,14.2454509739364,13.292127741788
275.1,7,7,6.99559929933111,7.00496745257524,7.18470001750153,6.7963614328461,13.9911985986622,14.0099349051505,14.2450981473003,13.2927801737607
275.2,7,7,6.99560498138588,7.00496340956498,7.18472940726936,6.79630727370558,13.9912099627718,14.00992681913,14.2447454347675,13.293432105619
275.3,7,7,6.99561064794611,7.00495937030806,7.18475878553795,6.79625317142074,13.9912212958922,14.0099187406161,14.2443928730825,13.2940833775573
275.4,7,7,6.99561630287677,7.00495533387704,7.18478815513968,6.79619911189364,13.9912326057535,14.0099106677541,14.2440404250612,13.2947341531753
275.5,7,7,6.99562194620286,7.00495130027173,7.18481751606907,6.79614509508863,13.9912438924057,14.0099026005435,14.2436880907564,13.2953844328641
275.6,7,7,6.99562757794935,7.00494726949193,7.18484686832065,6.79609112097011,13.9912551558987,14.0098945389839,14.2433358702206,13.2960342170142
275.7,7,7,6.99563319808045,7.00494324155231,7.18487621184316,6.79603718972707,13.9912663961609,14.0098864831046,14.2429837641065,13.2966835034093
275.8,7,7,6.99563880291596,7.00493921736444,7.18490554382287,6.79598331505606,13.9912776058319,14.0098784347289,14.2426318092589,13.2973321329971
275.9,7,7,6.9956443962712,7.0049351960012,7.18493486710305,6.79592948292952,13.9912887925424,14.0098703920024,14.242279968389,13.2979802686053
276,7,7,6.99564997817085,7.00493117746239,7.1849641816783,6.79587569331203,13.9912999563417,14.0098623549248,14.2419282415485,13.2986279106225
276.1,7,7,6.99565554863957,7.00492716174776,7.18499348754324,6.79582194616821,13.9913110972791,14.0098543234955,14.241576628789,13.2992750594373
276.2,7,7,6.99566110764201,7.00492314887195,7.18502278464651,6.79576824168612,13.991322215284,14.0098462977439,14.2412251307639,13.2999217128434
276.3,7,7,6.99566665154523,7.00491913974601,7.18505207016411,6.79571459349411,13.9913333030905,14.009838279492,14.2408737844165,13.3005677125376
276.4,7,7,6.99567218411555,7.00491513344326,7.18508134695001,6.7956609876346,13.9913443682311,14.0098302668865,14.240522552355,13.3012132205798
276.5,7,7,6.99567770537734,7.00491112996343,7.18511061499891,6.79560742407237,13.9913554107547,14.0098222599269,14.2401714346301,13.3018582373564
276.6,7,7,6.99568321535492,7.00490712930625,7.18513987430549,6.79555390277224,13.9913664307098,14.0098142586125,14.2398204312925,13.3025027632539
276.7,7,7,6.99568871401343,7.00490313148633,7.18516912481835,6.79550042392139,13.9913774280269,14.0098062629727,14.2394695429963,13.303146796076
276.8,7,7,6.99569419776652,7.00489913741414,7.18519836370332,6.79544700108036,13.991388395533,14.0097982748283,14.2391188067815,13.3037901782646
276.9,7,7,6.99569967033219,7.00489514616348,7.18522759382494,6.79539362036111,13.9913993406644,14.009790292327,14.2387681851551,13.3044330711158
277,7,7,6.99570513173447,7.00489115773406,7.18525681517798,6.79534028172864,13.9914102634689,14.0097823154681,14.2384176781669,13.3050754750141
277.1,7,7,6.99571058199739,7.00488717212557,7.18528602775722,6.79528698514798,13.9914211639948,14.0097743442511,14.2380672858668,13.3057173903436
277.2,7,7,6.9957160210865,7.00488318935256,7.18531523151117,6.79523373080541,13.991432042173,14.0097663787051,14.2377170089093,13.3063588149182
277.3,7,7,6.99572144546151,7.0048792103249,7.18534442359569,6.79518053219407,13.991442890923,14.0097584206498,14.2373668844295,13.3069995919205
277.4,7,7,6.99572685879268,7.00487523411691,7.1853736068857,6.79512737549506,13.9914537175854,14.0097504682338,14.237016874835,13.3076398818874
277.5,7,7,6.99573226110374,7.00487126072827,7.18540278137607,6.79507426067357,13.9914645222075,14.0097425214565,14.2366669801748,13.308279685201
277.6,7,7,6.99573765241838,7.00486729015864,7.18543194706167,6.79502118769487,13.9914753048368,14.0097345803173,14.2363172004977,13.3089190022436
277.7,7,7,6.99574303270263,7.00486332242256,7.18546110389089,6.79496815674431,13.9914860654053,14.0097266448451,14.235967536459,13.3095578308389
277.8,7,7,6.9957483984616,7.00485935842915,7.18549024900982,6.79491518124807,13.9914967969232,14.0097187168583,14.2356180252867,13.3101960149062
277.9,7,7,6.99575375331844,7.00485539725338,7.18551938530358,6.79486224745595,13.9915075066369,14.0097107945068,14.2352686292912,13.3108337142272
278,7,7,6.9957590972966,7.00485143889489,7.18554851276713,6.79480935533336,13.9915181945932,14.0097028777898,14.2349193485205,13.3114709291821
278.1,7,7,6.99576443041945,7.00484748335331,7.18557763139541,6.79475650484575,13.9915288608389,14.0096949667066,14.2345701830224,13.3121076601509
278.2,7,7,6.99576975265344,7.00484353064312,7.18560674113676,6.79470369617762,13.9915395053069,14.0096870612862,14.2342211334529,13.3127439049672
278.3,7,7,6.99577506054853,7.00483958167272,7.18563583912759,6.79465094268853,13.9915501210971,14.0096791633454,14.2338722371314,13.3133795082832
278.4,7,7,6.99578035768138,7.00483563551772,7.18566492826311,6.7945982306966,13.9915607153628,14.0096712710354,14.2335234562726,13.3140146291294
278.5,7,7,6.99578564407513,7.00483169217774,7.18569400853832,6.79454556016744,13.9915712881503,14.0096633843555,14.2331747909235,13.3146492678838
278.6,7,7,6.99579091975285,7.00482775165239,7.18572307994828,6.79449293106671,13.9915818395057,14.0096555033048,14.2328262411311,13.3152834249245
278.7,7,7,6.99579618468142,7.00482381395609,7.18575214244123,6.79444034357801,13.9915923693628,14.0096476279122,14.2324778075521,13.315917098095
278.8,7,7,6.99580143545506,7.00481987999645,7.18578119314409,6.79438781099473,13.9916028709101,14.0096397599929,14.2321295275952,13.3165501327759
278.9,7,7,6.99580667560453,7.00481594884979,7.18581023496197,6.79433531970286,13.9916133512091,14.0096318976996,14.2317813633815,13.317182687251
279,7,7,6.99581190515266,7.00481202051572,7.18583926788997,6.79428286966824,13.9916238103053,14.0096240410314,14.2314333149571,13.3178147618963
279.1,7,7,6.99581712412225,7.00480809499381,7.18586829192319,6.79423046085673,13.9916342482445,14.0096161899876,14.2310853823681,13.3184463570876
279.2,7,7,6.99582233248057,7.00480417229843,7.18589730700982,6.79417809345105,13.9916446649611,14.0096083445969,14.2307375662715,13.3190774706784
279.3,7,7,6.99582752686555,7.00480025333633,7.18592631026745,6.79412578067878,13.9916550537311,14.0096005066727,14.2303899041643,13.3197079487738
279.4,7,7,6.99583271076264,7.00479633718463,7.18595530461091,6.79407350899342,13.9916654215253,14.0095926743693,14.2300423580753,13.3203379489149
279.5,7,7,6.99583788419438,7.0047924238429,7.18598429003538,6.794021278361,13.9916757683888,14.0095848476858,14.2296949280497,13.3209674714756
279.6,7,7,6.99584304718327,7.00478851331068,7.18601326653605,6.79396908874757,13.9916860943665,14.0095770266214,14.2293476141329,13.3215965168297
279.7,7,7,6.995848199697,7.00478460560231,7.18604223406104,6.79391694033501,13.991696399394,14.0095692112046,14.2290004169823,13.3222250828403
279.8,7,7,6.99585333841661,7.0047807016236,7.18607118971876,6.79386484628547,13.9917066768332,14.0095614032472,14.228653374181,13.3228530163334
279.9,7,7,6.99585846678285,7.00477680045254,7.18610013643359,6.79381279311954,13.9917169335657,14.0095536009051,14.2283064476676,13.3234804741112
280,7,7,6.99586358481797,7.00477290208866,7.18612907420081,6.79376078080345,13.9917271696359,14.0095458041773,14.2279596374866,13.3241074565457
280.1,7,7,6.99586869254416,7.00476900653146,7.18615800301569,6.79370880930347,13.9917373850883,14.0095380130629,14.2276129436821,13.3247339640086
280.2,7,7,6.99587378992954,7.00476511379525,7.18618692282627,6.7936568788006,13.9917475798591,14.0095302275905,14.2272663669124,13.3253599943726
280.3,7,7,6.99587887369769,7.00476122478487,7.18621583073193,6.79360500239195,13.9917577473954,14.0095224495697,14.2269199448449,13.3259853951805
280.4,7,7,6.99588394724526,7.0047573385792,7.18624472966649,6.79355316666484,13.9917678944905,14.0095146771584,14.2265736393296,13.3266103224999
280.5,7,7,6.99588901059417,7.00475345517775,7.18627361962528,6.79350137158568,13.9917780211883,14.0095069103555,14.2262274504103,13.3272347767007
280.6,7,7,6.99589406376636,7.00474957457999,7.18630250060367,6.79344961712094,13.9917881275327,14.00949914916,14.2258813781302,13.3278587581526
280.7,7,7,6.99589910673034,7.0047456968002,7.18633137254962,6.79339790345075,13.9917982134607,14.0094913936004,14.2255354231481,13.328482264738
280.8,7,7,6.9959041362517,7.00474182274217,7.18636023255364,6.7933462436076,13.9918082725034,14.0094836454843,14.2251896232139,13.3291051447122
280.9,7,7,6.99590915568351,7.00473795148575,7.18638908355879,6.79329462424509,13.991818311367,14.0094759029715,14.2248439400913,13.3297275534126
281,7,7,6.99591416504745,7.00473408303043,7.18641792556051,6.79324304532985,13.9918283300949,14.0094681660609,14.2244983738229,13.3303494912069
281.1,7,7,6.99591916436513,7.00473021737565,7.18644675855422,6.79319150682852,13.9918383287303,14.0094604347513,14.2241529244511,13.3309709584627
281.2,7,7,6.99592415360548,7.00472635453563,7.18647558248784,6.79314000892041,13.991848307211,14.0094527090713,14.2238075926352,13.3315919530721
281.3,7,7,6.99592912957556,7.0047224954131,7.18650439444313,6.79308856457372,13.9918582591511,14.0094449908262,14.2234624162062,13.3322123239992
281.4,7,7,6.99593409558544,7.00471863908892,7.18653319737228,6.79303716050797,13.9918681911709,14.0094372781778,14.2231173568428,13.3328322258548
281.5,7,7,6.99593905165651,7.00471478556255,7.18656199127078,6.79298579668998,13.991878103313,14.0094295711251,14.2227724145866,13.3334516590048
281.6,7,7,6.99594399781011,7.0047109348334,7.18659077613415,6.79293447308661,13.9918879956202,14.0094218696668,14.2224275894793,13.3340706238145
281.7,7,7,6.99594893401557,7.00470708691566,7.18661955191022,6.79288318987628,13.9918978680311,14.0094141738313,14.2220828821805,13.3346891181857
281.8,7,7,6.99595385712086,7.00470324271092,7.1866483156722,6.79283195996335,13.9919077142417,14.0094064854218,14.2217383306009,13.3353069917875
281.9,7,7,6.99595877039362,7.0046994013011,7.18667707038122,6.79278077013283,13.9919175407872,14.0093988026022,14.2213938963355,13.3359243985081
282,7,7,6.99596367385496,7.00469556268564,7.18670581603284,6.79272962035175,13.9919273477099,14.0093911253713,14.2210495794253,13.3365413387112
282.1,7,7,6.99596856752594,7.00469172686395,7.18673455262266,6.79267851058715,13.9919371350519,14.0093834537279,14.2207053799111,13.3371578127604
282.2,7,7,6.99597345137629,7.00468789385013,7.18676328009846,6.79262744101664,13.9919469027526,14.0093757877003,14.220361298453,13.3377738185668
282.3,7,7,6.99597832229436,7.00468406454462,7.18679199552501,6.79257642448104,13.9919566445887,14.0093681290892,14.2200173730393,13.3383892065007
282.4,7,7,6.99598318350592,7.00468023803046,7.18682070187223,6.7925254478305,13.9919663670118,14.0093604760609,14.2196735651836,13.3390041297316
282.5,7,7,6.9959880350318,7.00467641430705,7.18684939913578,6.79247451103224,13.9919760700636,14.0093528286141,14.2193298749259,13.3396185886213
282.6,7,7,6.99599287689279,7.00467259337377,7.18687808731132,6.79242361405351,13.9919857537856,14.0093451867475,14.2189863023062,13.3402325835314
282.7,7,7,6.99599770905899,7.00466877524471,7.18690676634657,6.79237275707107,13.991995418118,14.0093375504894,14.218642847985,13.3408461123825
282.8,7,7,6.99600252845863,7.00466496081904,7.18693543329802,6.79232195286261,13.9920050569173,14.0093299216381,14.2182995500268,13.3414590262419
282.9,7,7,6.99600733827614,7.004661149181,7.18696409114423,6.79227118834303,13.9920146765523,14.009322298362,14.2179563698652,13.3420714775648
283,7,7,6.99601213853207,7.00465734032995,7.18699273988095,6.79222046347975,13.9920242770641,14.0093146806599,14.2176133075394,13.3426834667108
283.1,7,7,6.99601692924695,7.00465353426526,7.18702137950391,6.7921697782402,13.9920338584939,14.0093070685305,14.2172703630885,13.3432949940395
283.2,7,7,6.99602171039126,7.00464973100096,7.18705000996076,6.79211913280029,13.9920434207825,14.0092994620019,14.2169275371735,13.343906057481
283.3,7,7,6.99602647893258,7.00464593143496,7.18707862829987,6.79206853987498,13.9920529578652,14.0092918628699,14.2165848679333,13.3445165087961
283.4,7,7,6.99603123801451,7.0046421346527,7.18710723750829,6.79201798644353,13.992062476029,14.0092842693054,14.2162423167234,13.345126499729
283.5,7,7,6.99603598765737,7.00463834065354,7.18713583758183,6.79196747247354,13.9920719753147,14.0092766813071,14.215899883582,13.3457360306376
283.6,7,7,6.99604072788141,7.00463454943681,7.18716442851632,6.79191699793264,13.9920814557628,14.0092690988736,14.2155575685476,13.3463451018794
283.7,7,7,6.99604545865747,7.0046307610165,7.18719301025935,6.79186656299591,13.9920909173149,14.009261522033,14.2152153722812,13.3469537113939
283.8,7,7,6.99605017699199,7.00462697628918,7.18722157985127,6.79181618031592,13.992100353984,14.0092539525784,14.2148733329951,13.3475617116315
283.9,7,7,6.99605488598829,7.00462319434159,7.18725014028751,6.79176583693591,13.9921097719766,14.0092463886832,14.2145314119678,13.3481692536296
284,7,7,6.99605958566642,7.00461941517305,7.18727869156395,6.79171553282367,13.9921191713328,14.0092388303461,14.2141896092369,13.3487763377441
284.1,7,7,6.99606427604636,7.00461563878287,7.18730723367647,6.79166526794702,13.9921285520927,14.0092312775657,14.2138479248399,13.3493829643307
284.2,7,7,6.99606895709935,7.00461186518499,7.18733576657263,6.79161504248022,13.9921379141987,14.00922373037,14.2135063594383,13.3499891313379
284.3,7,7,6.99607362587013,7.00460809527463,7.18736428728492,6.79156486901382,13.9921472517403,14.0092161905493,14.2131649513157,13.3505946919022
284.4,7,7,6.99607828542229,7.00460432813982,7.18739279881697,6.79151473465466,13.9921565708446,14.0092086562796,14.2128236616756,13.351199796358
284.5,7,7,6.99608293577561,7.00460056377988,7.18742130116473,6.79146463937072,13.9921658715512,14.0092011275598,14.2124824905548,13.3518044450592
284.6,7,7,6.99608757694981,7.00459680219408,7.18744979432417,6.79141458313002,13.9921751538996,14.0091936043882,14.2121414379899,13.3524086383596
284.7,7,7,6.9960922089165,7.00459304339633,7.18747827824278,6.79136456610598,13.992184417833,14.0091860867927,14.2118005046429,13.353012374217
284.8,7,7,6.99609682875825,7.00458928828042,7.18750674994534,6.79131460082751,13.9921936575165,14.0091785765608,14.2114597288671,13.3536155064498
284.9,7,7,6.99610143949943,7.00458553593577,7.18753521244355,6.79126467446467,13.9922028789989,14.0091710718715,14.2111190717927,13.3542181846935
285,7,7,6.99610604115954,7.00458178636166,7.18756366573344,6.79121478698564,13.9922120823191,14.0091635727233,14.2107785334555,13.3548204093001
285.1,7,7,6.99611063375807,7.00457803955734,7.18759210981103,6.79116493835863,13.9922212675161,14.0091560791147,14.2104381138915,13.3554221806213
285.2,7,7,6.99611521726696,7.00457429553667,7.18762054462376,6.79111512875622,13.9922304345339,14.0091485910733,14.210097813763,13.3560234966242
285.3,7,7,6.99611978880615,7.00457055519199,7.18764896718886,6.79106537064604,13.9922395776123,14.009141110384,14.2097576714913,13.3566242118056
285.4,7,7,6.99612435136126,7.00456681761414,7.18767738052593,6.79101565126102,13.9922487027225,14.0091336352283,14.209417648135,13.3572244751056
285.5,7,7,6.99612890495156,7.00456308280235,7.18770578463105,6.79096597056951,13.9922578099031,14.0091261656047,14.2090777437293,13.3578242868743
285.6,7,7,6.99613344959628,7.00455935075588,7.18773417950035,6.79091632853991,13.9922668991926,14.0091187015118,14.208737958309,13.3584236474616
285.7,7,7,6.99613798526772,7.00455562148852,7.18776256508122,6.790866725344,13.9922759705354,14.009111242977,14.2083982925369,13.3590225548437
285.8,7,7,6.99614250912266,7.00455189589113,7.18779093838342,6.79081717338847,13.9922850182453,14.0091037917823,14.2080587849011,13.359620864192
285.9,7,7,6.99614702410852,7.00454817305599,7.18781930243436,6.79076765996873,13.992294048217,14.009096346112,14.2077193963899,13.3602187237553
286,7,7,6.99615153024431,7.00454445298233,7.18784765723018,6.79071818505332,13.9923030604886,14.0090889059647,14.2073801270375,13.3608161338817
286.1,7,7,6.996156027549,7.00454073566936,7.18787600276706,6.79066874861083,13.992312055098,14.0090814713387,14.2070409768784,13.3614130949191
286.2,7,7,6.99616051599525,7.00453702113086,7.18790433899235,6.79061935081224,13.9923210319905,14.0090740422617,14.2067019465752,13.3620096048528
286.3,7,7,6.99616499277623,7.00453331025611,7.18793266290855,6.79057000400363,13.9923299855525,14.0090666205122,14.2063630746815,13.3626055195254
286.4,7,7,6.99616946080163,7.00452960213891,7.18796097755066,6.79052069554258,13.9923389216033,14.0090592042778,14.2060243221168,13.3632009864978
286.5,7,7,6.99617392009019,7.00452589677847,7.1879892829149,6.79047142539778,13.9923478401804,14.0090517935569,14.2056856889146,13.3637960061163
286.6,7,7,6.99617837066067,7.00452219417398,7.18801757899754,6.79042219353802,13.9923567413213,14.009044388348,14.2053471751084,13.3643905787268
286.7,7,7,6.99618281248604,7.00451849433916,7.18804586574586,6.79037300013347,13.9923656249721,14.0090369886783,14.2050087813615,13.3649847023238
286.8,7,7,6.9961872427954,7.00451479816173,7.18807414015521,6.79032385746999,13.9923744855908,14.0090295963235,14.2046705462907,13.3655782334172
286.9,7,7,6.9961916644612,7.00451110473702,7.18810240526807,6.79027475296691,13.9923833289224,14.009022209474,14.2043324307487,13.3661713188839
287,7,7,6.99619607750194,7.00450741406422,7.18813066108075,6.79022568659313,13.9923921550039,14.0090148281284,14.2039944347683,13.3667639590683
287.1,7,7,6.99620048193612,7.0045037261425,7.18815890758958,6.79017665831759,13.9924009638722,14.009007452285,14.203656558382,13.3673561543145
287.2,7,7,6.99620487773708,7.00450004098554,7.18818714474179,6.79012766830967,13.9924097554742,14.0090000819711,14.2033188022534,13.3679479026259
287.3,7,7,6.99620926216933,7.00449635947943,7.1882153695257,6.79007872879537,13.9924185243387,14.0089927189589,14.2029812050617,13.3685390611763
287.4,7,7,6.99621363806857,7.0044926807211,7.18824358499117,6.79002982725541,13.9924272761371,14.0089853614422,14.2026437275937,13.3691297761621
287.5,7,7,6.99621800545309,7.00448900470969,7.18827179113455,6.78998096365888,13.9924360109062,14.0089780094194,14.2023063698816,13.369720047926
287.6,7,7,6.99622236434113,7.00448533144439,7.18829998795224,6.78993213797489,13.9924447286823,14.0089706628888,14.2019691319572,13.3703098768102
287.7,7,7,6.99622671470636,7.0044816609388,7.18832817539144,6.78988335037203,13.9924534294127,14.0089633218776,14.2016320144843,13.3708992608271
287.8,7,7,6.99623105384828,7.00447799407736,7.1883563504336,6.78983461301679,13.9924621076966,14.0089559881547,14.2012950562027,13.3714880578105
287.9,7,7,6.99623538456632,7.00447432995863,7.18838451613574,6.78978591345092,13.9924707691326,14.0089486599173,14.2009582178353,13.3720764132804
288,7,7,6.99623970687851,7.00447066858174,7.18841267249432,6.78973725164368,13.992479413757,14.0089413371635,14.2006214994135,13.3726643275775
288.1,7,7,6.99624402080288,7.00446700994584,7.1884408195058,6.78968862756437,13.9924880416058,14.0089340198917,14.2002849009684,13.3732518010424
288.2,7,7,6.99624832631341,7.00446335406449,7.18846895711733,6.78964004138079,13.9924966526268,14.008926708129,14.1999484231639,13.373838831696
288.3,7,7,6.99625262074415,7.00445970182045,7.18849708230361,6.78959150520026,13.9925052414883,14.0089194036409,14.1996121047991,13.374425278029
288.4,7,7,6.9962569068587,7.00445605231393,7.18852519812874,6.7895430066252,13.9925138137174,14.0089121046279,14.1992759065344,13.3750112848884
288.5,7,7,6.99626118467488,7.00445240554404,7.18855330458923,6.78949454562506,13.9925223693498,14.0089048110881,14.1989398284004,13.375596852613
288.6,7,7,6.99626545421046,7.0044487615099,7.18858140168161,6.78944612216932,13.9925309084209,14.0088975230198,14.1986038704275,13.3761819815415
288.7,7,7,6.99626971543977,7.00444512022505,7.18860948935302,6.78939773642499,13.9925394308795,14.0088902404501,14.1982680332797,13.376766669704
288.8,7,7,6.99627396573092,7.0044414825705,7.1886375645715,6.78934940044056,13.9925479314618,14.008882965141,14.197932355814,13.3773507762438
288.9,7,7,6.99627820781219,7.00443784764816,7.1886656304081,6.78930110187878,13.9925564156244,14.0088756952963,14.1975967986297,13.3779344453388
289,7,7,6.99628244170115,7.00443421545713,7.18869368685941,6.78925284070927,13.9925648834023,14.0088684309143,14.1972613617568,13.3785176773261
289.1,7,7,6.99628666741536,7.00443058599653,7.18872173392203,6.78920461690171,13.9925733348307,14.0088611719931,14.1969260452248,13.3791004725424
289.2,7,7,6.99629088492946,7.00442695927981,7.18874977154303,6.78915643062231,13.9925817698589,14.0088539185596,14.196590849698,13.3796828290266
289.3,7,7,6.99629509164519,7.00442333618624,7.18877779668399,6.78910829386107,13.9925901832904,14.0088466723725,14.1962558140896,13.3802646065716
289.4,7,7,6.99629929025595,7.00441971581947,7.18880581242275,6.78906019434072,13.9925985805119,14.0088394316389,14.1959208989396,13.3808459486897
289.5,7,7,6.9963034807791,7.00441609817858,7.18883381875596,6.78901213203107,13.9926069615582,14.0088321963572,14.195586104277,13.381426855716
289.6,7,7,6.99630766323195,7.00441248326265,7.18886181568029,6.78896410690196,13.9926153264639,14.0088249665253,14.1952514301307,13.3820073279856
289.7,7,7,6.99631183758948,7.00440887108511,7.18888980314278,6.78891611911884,13.992623675179,14.0088177421702,14.1949168771652,13.382587363546
289.8,7,7,6.9963160012866,7.00440526252343,7.18891777809864,6.78886818061355,13.9926320025732,14.0088105250469,14.1945824843485,13.383166822836
289.9,7,7,6.99632015698232,7.00440165668301,7.18894574363239,6.78882027916845,13.9926403139646,14.008803313366,14.1942482121626,13.3837458487061
290,7,7,6.99632430469374,7.00439805356293,7.18897369974074,6.78877241475353,13.9926486093875,14.0087961071259,14.1939140606358,13.3843244414895
290.1,7,7,6.99632844443796,7.00439445316226,7.18900164642043,6.7887245873388,13.9926568888759,14.0087889063245,14.1935800297962,13.3849026015193
290.2,7,7,6.99633257619028,7.00439085549438,7.18902958361846,6.78867679708893,13.9926651523806,14.0087817109888,14.1932461203085,13.3854803268521
290.3,7,7,6.99633669741837,7.0043872614349,7.1890575082838,6.78862905587796,13.9926733948367,14.0087745228698,14.1929123711942,13.3860574785689
290.4,7,7,6.99634081074725,7.00438367009106,7.18908542350751,6.78858135154754,13.9926816214945,14.0087673401821,14.1925787428787,13.3866341988618
290.5,7,7,6.99634491619382,7.00438008146191,7.18911332928638,6.78853368406782,13.9926898323876,14.0087601629238,14.1922452353896,13.3872104880622
290.6,7,7,6.99634901377495,7.0043764955465,7.18914122561719,6.78848605340899,13.9926980275499,14.008752991093,14.1919118487543,13.3877863465016
290.7,7,7,6.99635310346623,7.00437291235816,7.18916911244693,6.78843845973496,13.9927062069325,14.0087458247163,14.1915785836376,13.388361772245
290.8,7,7,6.99635718276769,7.00436933277065,7.18919698671846,6.78839091486228,13.9927143655354,14.0087386655413,14.191245479113,13.3889366270125
290.9,7,7,6.99636125427081,7.00436575589305,7.18922485152923,6.78834340669154,13.9927225085416,14.0087315117861,14.1909124955509,13.3895110523414
291,7,7,6.99636531799228,7.00436218172438,7.1892527068761,6.78829593519307,13.9927306359846,14.0087243634488,14.190579632978,13.3900850485613
291.1,7,7,6.99636937394873,7.00435861026369,7.18928055275594,6.78824850033723,13.9927387478975,14.0087172205274,14.1902468914212,13.3906586160017
291.2,7,7,6.99637342211608,7.00435504152425,7.18930838911566,6.78820110228715,13.9927468442322,14.0087100830485,14.1899142715452,13.3912317527365
291.3,7,7,6.99637746002625,7.00435147637793,7.18933621289217,6.78815375280226,13.9927549200525,14.0087029527559,14.1895818124744,13.3918043211212
291.4,7,7,6.99638149023764,7.00434791393567,7.18936402718921,6.78810643984175,13.9927629804753,14.0086958278713,14.1892494745254,13.3923764620418
291.5,7,7,6.99638551276672,7.0043443541965,7.18939183200368,6.78805916337611,13.9927710255334,14.008688708393,14.1889172577242,13.3929481758262
291.6,7,7,6.9963895276299,7.00434079715943,7.18941962733251,6.78801192337587,13.9927790552598,14.0086815943189,14.188585162097,13.3935194628021
291.7,7,7,6.99639353480341,7.00433724283771,7.1894474131226,6.7879647200034,13.9927870696068,14.0086744856754,14.1882531883085,13.3940903210519
291.8,7,7,6.99639753185066,7.00433369210125,7.189475186305,6.78791756496133,13.9927950637013,14.0086673842025,14.1879213755326,13.3946606135633
291.9,7,7,6.99640152129739,7.00433014406293,7.18950294998958,6.78787044626708,13.9928030425948,14.0086602881259,14.1875896840335,13.3952304805744
292,7,7,6.99640550315984,7.00432659872174,7.18953070417331,6.78782336389133,13.9928110063197,14.0086531974435,14.1872581138366,13.3957999224114
292.1,7,7,6.99640947745423,7.00432305607669,7.1895584488532,6.78777631780478,13.9928189549085,14.0086461121534,14.1869266649672,13.3963689394002
292.2,7,7,6.99641344415708,7.00431951614097,7.1895861839761,6.78772930816906,13.9928268883142,14.0086390322819,14.1865953380903,13.3969375296318
292.3,7,7,6.99641740086289,7.00431597978254,7.18961390646735,6.78768234663028,13.9928348017258,14.0086319595651,14.1862641724276,13.3975055567226
292.4,7,7,6.99642135006515,7.00431244611621,7.18964161944282,6.78763542126381,13.9928427001303,14.0086248922324,14.1859331281924,13.3980731602663
292.5,7,7,6.9964252917799,7.00430891514097,7.18966932289955,6.78758853204048,13.9928505835598,14.0086178302819,14.1856022054095,13.3986403405875
292.6,7,7,6.99642922602315,7.00430538685581,7.18969701683461,6.78754167893118,13.9928584520463,14.0086107737116,14.1852714041036,13.3992070980103
292.7,7,7,6.9964331527717,7.00430186127388,7.18972470119484,6.78749486209676,13.9928663055434,14.0086037225478,14.1849407249396,13.3997734306341
292.8,7,7,6.99643706965074,7.00429833926112,7.18975237289994,6.7874480931272,13.9928741393015,14.0085966785222,14.1846102071858,13.4003392027006
292.9,7,7,6.99644097912195,7.00429481993435,7.18978003507168,6.78740136015544,13.9928819582439,14.0085896398687,14.1842798110061,13.4009045531628
293,7,7,6.99644488120116,7.00429130329254,7.18980768770719,6.78735466315249,13.9928897624023,14.0085826065851,14.1839495364246,13.4014694823435
293.1,7,7,6.99644877590416,7.00428778933464,7.18983533080358,6.78730800208938,13.9928975518083,14.0085755786693,14.1836193834652,13.402033990565
293.2,7,7,6.99645266320804,7.00428427807377,7.18986296430765,6.78726137712625,13.9929053264161,14.0085685561475,14.1832893527931,13.4025980759352
293.3,7,7,6.99645654076828,7.00428077037386,7.18989058513365,6.78721479979722,13.9929130815366,14.0085615407477,14.1829594837216,13.4031616033179
293.4,7,7,6.99646041101516,7.00427726535371,7.18991819640911,6.7871682582925,13.9929208220303,14.0085545307074,14.1826297363667,13.4037247110285
293.5,7,7,6.99646427396429,7.00427376301229,7.18994579813119,6.78712175258324,13.9929285479286,14.0085475260246,14.1823001107517,13.4042873993881
293.6,7,7,6.99646812963127,7.00427026334856,7.18997339029708,6.78707528264067,13.9929362592625,14.0085405266971,14.1819706068998,13.4048496687174
293.7,7,7,6.99647197799348,7.00426676637555,7.19000097285357,6.78702884862416,13.992943955987,14.0085335327511,14.1816412254762,13.4054115171325
293.8,7,7,6.99647581673626,7.00426327295516,7.19002854270952,6.78698246201234,13.9929516334725,14.0085265459103,14.1813120058383,13.405972810116
293.9,7,7,6.99647964825891,7.00425978220823,7.19005610299811,6.78693611105233,13.9929592965178,14.0085195644165,14.1809829080552,13.4065336853493
294,7,7,6.99648347257685,7.00425629413371,7.19008365371657,6.78688979571545,13.9929669451537,14.0085125882674,14.1806539321497,13.4070941431517
294.1,7,7,6.99648728970546,7.00425280873055,7.19011119486215,6.78684351597309,13.9929745794109,14.0085056174611,14.1803250781441,13.4076541838423
294.2,7,7,6.9964910996224,7.00424932601173,7.1901387263816,6.78679727198388,13.9929821992448,14.0084986520235,14.1799963467039,13.4082138055456
294.3,7,7,6.99649490004253,7.00424584683707,7.19016624517856,6.78675107517126,13.9929898000851,14.0084916936741,14.1796677772289,13.4087728743592
294.4,7,7,6.99649869333455,7.00424237032949,7.1901937543917,6.78670491383894,13.9929973866691,14.008484740659,14.1793393297429,13.4093315273342
294.5,7,7,6.99650247951366,7.00423889648791,7.19022125401834,6.78665878795842,13.9930049590273,14.0084777929758,14.179011004268,13.4098897647882
294.6,7,7,6.99650625859506,7.00423542531127,7.19024874405577,6.78661269750125,13.9930125171901,14.0084708506225,14.1786828008259,13.4104475870385
294.7,7,7,6.99651003055669,7.00423195681251,7.19027622445073,6.78656664262531,13.9930200611134,14.008463913625,14.1783547200819,13.411004992218
294.8,7,7,6.99651379314251,7.00422849184934,7.19030369210171,6.78652063469918,13.993027586285,14.0084569836987,14.1780268014774,13.4115618470361
294.9,7,7,6.99651754869103,7.00422502954678,7.19033115015281,6.78647466208284,13.9930350973821,14.0084500590936,14.1776990049921,13.412118287917
295,7,7,6.99652129721727,7.00422156990374,7.19035859860139,6.78642872474793,13.9930425944345,14.0084431398075,14.1773713306473,13.4126743151765
295.1,7,7,6.9965250387362,7.00421811291912,7.1903860374448,6.78638282266618,13.9930500774724,14.0084362258382,14.1770437784641,13.4132299291302
295.2,7,7,6.99652877322607,7.00421465860585,7.19041346662976,6.78633695599475,13.9930575464521,14.0084293172117,14.1767163491078,13.4137851279191
295.3,7,7,6.99653249845955,7.00421120781948,7.19044088304977,6.78629113604765,13.9930649969191,14.008422415639,14.1763890820599,13.4143397788616
295.4,7,7,6.99653621674536,7.00420775968717,7.19046828985417,6.78624535124078,13.9930724334907,14.0084155193743,14.1760619372572,13.414894017758
295.5,7,7,6.99653992809832,7.00420431420781,7.1904956870404,6.78619960154599,13.9930798561966,14.0084086284156,14.1757349147205,13.4154478449223
295.6,7,7,6.99654363253322,7.0042008713803,7.19052307460588,6.78615388693513,13.9930872650664,14.0084017427606,14.1754080144703,13.4160012606685
295.7,7,7,6.99654733002857,7.00419743121749,7.1905504524973,6.78610820756466,13.9930946600571,14.008394862435,14.1750812371718,13.4165542631459
295.8,7,7,6.99655101838538,7.00419399457281,7.19057781760325,6.78606257469433,13.9931020367708,14.0083879891456,14.1747546223451,13.4171067202783
295.9,7,7,6.99655469988299,7.00419056057555,7.19060517307825,6.78601697679568,13.993109399766,14.0083811211511,14.1744281298859,13.4176587672454
296,7,7,6.99655837453602,7.00418712922459,7.19063251891979,6.78597141384069,13.993116749072,14.0083742584492,14.1741017598141,13.4182104043598
296.1,7,7,6.99656204235906,7.00418370051883,7.19065985512534,6.7859258858014,13.9931240847181,14.0083674010377,14.1737755121497,13.4187616319336
296.2,7,7,6.99656570333088,7.00418027447106,7.19068718164159,6.78588039283353,13.9931314066618,14.0083605489421,14.1734493875578,13.4193124481244
296.3,7,7,6.9965693552805,7.00417685193253,7.19071449535234,6.7858349461429,13.993138710561,14.0083537038651,14.173123425596,13.4198627214581
296.4,7,7,6.99657300045822,7.00417343203471,7.19074179941716,6.78578953425636,13.9931460009164,14.0083468640694,14.17279758612,13.4204125864975
296.5,7,7,6.99657663887847,7.00417001477647,7.19076909383357,6.78574415714604,13.9931532777569,14.0083400295529,14.1724718691489,13.4209620435533
296.6,7,7,6.99658027055566,7.00416660015668,7.19079637859913,6.78569881478415,13.9931605411113,14.0083332003134,14.1721462747021,13.421511092936
296.7,7,7,6.99658389546882,7.0041631881881,7.19082365366049,6.78565350732567,13.9931677909376,14.0083263763762,14.1718208034447,13.4220597328115
296.8,7,7,6.99658751147459,7.00415977971978,7.1908509158968,6.78560824592282,13.9931750229492,14.0083195594396,14.1714954949705,13.4226078323045
296.9,7,7,6.99659112079461,7.00415637388538,7.19087816847254,6.78556301915742,13.9931822415892,14.0083127477708,14.1711703090964,13.4231555253639
297,7,7,6.99659472344315,7.00415297068376,7.19090541138531,6.78551782700177,13.9931894468863,14.0083059413675,14.1708452458409,13.423702812299
297.1,7,7,6.9965983194344,7.00414957011378,7.19093264463269,6.78547266942822,13.9931966388688,14.0082991402276,14.1705203052227,13.4242496934186
297.2,7,7,6.99660190874768,7.00414617218815,7.19095986816136,6.78542754659106,13.9932038174954,14.0082923443763,14.1701954879069,13.4247961668965
297.3,7,7,6.99660548926687,7.0041427777537,7.19098707884588,6.78538246958918,13.9932109785337,14.0082855555074,14.1698708335224,13.4253421024534
297.4,7,7,6.99660906318536,7.0041393859463,7.19101427985554,6.78533742705905,13.9932181263707,14.0082787718926,14.1695463018483,13.4258876334276
297.5,7,7,6.99661263051721,7.00413599676481,7.19104147118801,6.78529241897316,13.9932252610344,14.0082719935296,14.1692218929027,13.4264327601267
297.6,7,7,6.99661619127645,7.00413261020808,7.19106865284093,6.785247445304,13.9932323825529,14.0082652204162,14.1688976067036,13.4269774828579
297.7,7,7,6.99661974544264,7.00412922628878,7.19109582476094,6.78520250620516,13.9932394908853,14.0082584525776,14.168573443916,13.4275217998031
297.8,7,7,6.99662329092656,7.00412584585146,7.1911229838182,6.78515761272249,13.9932465818531,14.0082516917029,14.1682494442024,13.4280655812755
297.9,7,7,6.99662682989371,7.00412246803427,7.19115013318666,6.78511275354685,13.9932536597874,14.0082449360685,14.167925567306,13.4286089600063
298,7,7,6.99663036235797,7.00411909283606,7.19117727286405,6.78506792865087,13.9932607247159,14.0082381856721,14.1676018132441,13.4291519363013
298.1,7,7,6.99663388833317,7.00411572025564,7.19120440284808,6.78502313800721,13.9932677766663,14.0082314405113,14.1672781820341,13.4296945104661
298.2,7,7,6.99663740779914,7.00411235030565,7.19123152308536,6.78497838176872,13.9932748155983,14.0082247006113,14.1669546743408,13.4302366806906
298.3,7,7,6.9966409186932,7.00410898382837,7.19125863044172,6.78493367092859,13.9932818373864,14.0082179676567,14.1666313298594,13.4307783178775
298.4,7,7,6.99664442315333,7.00410561996423,7.19128572809571,6.78488899423168,13.9932888463067,14.0082112399285,14.166308108298,13.431319554154
298.5,7,7,6.9966479211932,7.00410225871204,7.19131281604508,6.7848443516508,13.9932958423864,14.0082045174241,14.1659850096734,13.4318603898242
298.6,7,7,6.9966514128265,7.00409890007064,7.19133989428763,6.78479974315874,13.993302825653,14.0081978001413,14.1656620340021,13.4324008251921
298.7,7,7,6.99665489803327,7.00409554405258,7.19136696276994,6.78475516890769,13.9933097960665,14.0081910881052,14.1653391819491,13.4329408584558
298.8,7,7,6.99665837477707,7.00409219149789,7.19139401835363,6.78471063983839,13.9933167495541,14.0081843829958,14.1650164932409,13.4334803611038
298.9,7,7,6.99666184516867,7.00408884154925,7.19142106422169,6.78466614474946,13.9933236903373,14.0081776830985,14.1646939275518,13.4340194646629
299,7,7,6.9966653092216,7.0040854942055,7.19144810037196,6.78462168361384,13.9933306184432,14.008170988411,14.1643714848979,13.4345581694355
299.1,7,7,6.99666876694933,7.00408214946544,7.19147512680226,6.78457725640452,13.9933375338987,14.0081642989309,14.1640491652952,13.4350964757241
299.2,7,7,6.99667221833217,7.0040788073416,7.19150214345919,6.78453286327294,13.9933444366643,14.0081576146832,14.1637269694086,13.4356343817343
299.3,7,7,6.99667566135954,7.00407546867167,7.19152914720024,6.78448851510775,13.9933513227191,14.0081509373433,14.1634049369946,13.4361717595383
299.4,7,7,6.99667909811539,7.00407213260067,7.19155614121277,6.78444420076101,13.9933581962308,14.0081442652013,14.163083027695,13.436708740065
299.5,7,7,6.99668252861306,7.00406879912741,7.19158312549464,6.78439992020581,13.9933650572261,14.0081375982548,14.1627612415254,13.4372453236153
299.6,7,7,6.99668595286587,7.00406546825069,7.19161010004376,6.78435567341527,13.9933719057317,14.0081309365014,14.1624395785012,13.43778151049
299.7,7,7,6.99668937085436,7.00406213998299,7.19163706480669,6.78431146054016,13.9933787417087,14.008124279966,14.1621180392871,13.4383172989029
299.8,7,7,6.99669278059346,7.00405881515967,7.19166401663695,6.78426729241732,13.9933855611869,14.0081176303193,14.1617966636686,13.4388525615058
299.9,7,7,6.99669618414067,7.00405549292808,7.19169095872611,6.78422315795191,13.9933923682813,14.0081109858562,14.1614754112562,13.4393874286335
300,7,7,6.99669958150915,7.00405217328703,7.19171789107211,6.78417905711718,13.9933991630183,14.0081043465741,14.1611542820649,13.4399219005852
300.1,7,7,6.99670297271203,7.00404885623531,7.1917448136729,6.78413498988642,13.9934059454241,14.0080977124706,14.1608332761095,13.4404559776602
300.2,7,7,6.99670635773012,7.00404554178534,7.19177172647503,6.7840909564097,13.9934127154602,14.0080910835707,14.1605123940544,13.44098965808
300.3,7,7,6.99670973460353,7.00404223077014,7.19179862632812,6.78404696747232,13.9934194692071,14.0080844615403,14.1601916757131,13.4415228150736
300.4,7,7,6.99671310536362,7.00403892233941,7.19182551642789,6.78400301203229,13.9934262107272,14.0080778446788,14.1598710806661,13.4420555783844
300.5,7,7,6.99671647002338,7.00403561649197,7.19185239677231,6.78395909006301,13.9934329400468,14.0080712329839,14.1595506089275,13.4425879483101
300.6,7,7,6.9967198285958,7.00403231322657,7.19187926735938,6.7839152015379,13.9934396571916,14.0080646264531,14.1592302605116,13.4431199251482
300.7,7,7,6.99672318106189,7.00402901255561,7.19190612813568,6.78387134660635,13.9934463621238,14.0080580251112,14.1589100360828,13.4436515071284
300.8,7,7,6.99672652548663,7.00402571530971,7.19193297594702,6.78382753600245,13.9934530509733,14.0080514306194,14.1585899754811,13.4441825680532
300.9,7,7,6.99672986387561,7.00402242064098,7.19195981399312,6.78378375873671,13.9934597277512,14.008044841282,14.158270038258,13.4447132370782
301,7,7,6.99673319624165,7.00401912854821,7.19198664227202,6.78374001478269,13.9934663924833,14.0080382570964,14.1579502244273,13.4452435144994
301.1,7,7,6.99673652259755,7.00401583903016,7.19201346078179,6.78369630411396,13.9934730451951,14.0080316780603,14.1576305340025,13.4457734006129
301.2,7,7,6.99673984292457,7.00401255209915,7.19204026946897,6.78365262687924,13.9934796858491,14.0080251041983,14.1573109676478,13.4463028936558
301.3,7,7,6.99674315531222,7.00400926858344,7.19206706517571,6.78360899376166,13.9934863106244,14.0080185371669,14.1569915652289,13.4468318680019
301.4,7,7,6.99674646174065,7.00400598763753,7.19209385110563,6.78356539382396,13.9934929234813,14.0080119752751,14.1566722862694,13.4473604522215
301.5,7,7,6.99674976222251,7.0040027092602,7.19212062725684,6.78352182703985,13.993499524445,14.0080054185204,14.1563531307825,13.4478886466092
301.6,7,7,6.99675305677044,7.00399943345019,7.19214739362744,6.78347829338306,13.9935061135409,14.0079988669004,14.1560340987813,13.4484164514595
301.7,7,7,6.99675634536592,7.0039961602198,7.19217415016398,6.78343479300162,13.9935126907318,14.0079923204396,14.1557151909297,13.4489438650173
301.8,7,7,6.99675962612268,7.00399289039485,7.19220089370502,6.78339133652801,13.9935192522454,14.0079857807897,14.1553964471176,13.4494707622241
301.9,7,7,6.99676290099575,7.00398962313229,7.19222762745799,6.78334791307691,13.9935258019915,14.0079792462646,14.1550778268423,13.4499972710684
302,7,7,6.99676616999762,7.00398635843085,7.19225435142105,6.78330452262216,13.9935323399952,14.0079727168617,14.1547593301164,13.4505233918434
302.1,7,7,6.99676943314076,7.00398309628931,7.19228106559235,6.78326116513765,13.9935388662815,14.0079661925786,14.1544409569522,13.4510491248418
302.2,7,7,6.99677269040689,7.00397983671988,7.19230776991844,6.78321784077073,13.9935453808138,14.0079596734398,14.1541227080136,13.4515744683163
302.3,7,7,6.99677593993362,7.00397658054599,7.19233446123441,6.78317456010353,13.9935518798672,14.007953161092,14.1538046232137,13.4520992977732
302.4,7,7,6.99677918365121,7.00397332692699,7.19236114275138,6.78313131230235,13.9935583673024,14.007946653854,14.1534866620245,13.4526237406223
302.5,7,7,6.99678242157199,7.00397007586164,7.19238781446755,6.78308809734118,13.993564843144,14.0079401517233,14.1531688244578,13.4531477971552
302.6,7,7,6.99678565370825,7.00396682734868,7.19241447638114,6.78304491519406,13.9935713074165,14.0079336546974,14.1528511105256,13.4536714676631
302.7,7,7,6.99678888004196,7.0039635814003,7.19244112843869,6.78300176600767,13.9935777600839,14.0079271628006,14.1525335208913,13.4541947504063
302.8,7,7,6.99679209873429,7.00396033883746,7.19246776747192,6.78295866031405,13.9935841974686,14.0079206776749,14.1522160954904,13.4547175214529
302.9,7,7,6.99679531169105,7.00395709882198,7.19249439669554,6.78291558733085,13.9935906233821,14.007914197644,14.1518987937704,13.4552399076371
303,7,7,6.9967985189244,7.00395386135261,7.1925210161078,6.78287254703221,13.9935970378488,14.0079077227052,14.1515816157427,13.4557619092489
303.1,7,7,6.99680172044649,7.00395062642809,7.19254762570696,6.78282953939231,13.993603440893,14.0079012528562,14.1512645614186,13.456283526578
303.2,7,7,6.99680491623949,7.00394739406053,7.19257422543958,6.78278656455715,13.993609832479,14.0078947881211,14.1509476314615,13.4568047578923
303.3,7,7,6.99680810448786,7.00394416506848,7.1926008121341,6.782743633009,13.9936162089757,14.007888330137,14.1506308658277,13.4573254798188
303.4,7,7,6.99681128707327,7.0039409386162,7.1926273890087,6.78270073401655,13.9936225741465,14.0078818772324,14.1503142239417,13.457845818619
303.5,7,7,6.99681446400771,7.00393771470244,7.1926539560617,6.78265786755409,13.9936289280154,14.0078754294049,14.1499977058144,13.4583657745813
303.6,7,7,6.99681763530318,7.00393449332593,7.19268051329142,6.78261503359593,13.9936352706064,14.0078689866519,14.1496813114564,13.458885347994
303.7,7,7,6.99682080094207,7.00393127449874,7.19270706064439,6.78257223228743,13.9936416018841,14.0078625489975,14.149365041531,13.4594045371326
303.8,7,7,6.9968239591318,7.00392805903693,7.19273359494589,6.78252947406132,13.9936479182636,14.0078561180739,14.1490489360142,13.4599232191798
303.9,7,7,6.99682711173022,7.00392484610727,7.1927601194175,6.78248674823707,13.9936542234604,14.0078496922145,14.1487329543088,13.4604415198278
304,7,7,6.99683025874919,7.00392163570849,7.19278663405756,6.7824440547891,13.9936605174984,14.007843271417,14.148417096425,13.4609594393633
304.1,7,7,6.99683340020051,7.0039184278393,7.19281313886446,6.78240139369188,13.993666800401,14.0078368556786,14.1481013623729,13.461476978073
304.2,7,7,6.99683653606681,7.00391522251175,7.19283963378474,6.78235876509009,13.9936730721336,14.0078304450235,14.1477857528154,13.46199413424
304.3,7,7,6.99683966457818,7.00391202053939,7.1928661156406,6.78231617936726,13.9936793291564,14.0078240410788,14.1474703077475,13.4625107856001
304.4,7,7,6.99684278756896,7.00390882109151,7.19289258765687,6.78227362589329,13.9936855751379,14.007817642183,14.1471549865512,13.4630270572786
304.5,7,7,6.99684590505083,7.00390562416682,7.19291904983199,6.78223110464277,13.9936918101017,14.0078112483336,14.1468397892359,13.4635429495611
304.6,7,7,6.99684901703548,7.00390242976404,7.19294550216437,6.78218861559031,13.993698034071,14.0078048595281,14.1465247158114,13.4640584627325
304.7,7,7,6.99685212350572,7.00389923789514,7.19297194460055,6.78214615887994,13.9937042470114,14.0077984757903,14.1462097669402,13.4645735950835
304.8,7,7,6.99685522271401,7.00389604937121,7.19299837395977,6.78210374484621,13.993710445428,14.0077920987424,14.1458949826352,13.4650882248998
304.9,7,7,6.99685831647151,7.00389286336402,7.19302479347004,6.78206136290923,13.993716632943,14.007785726728,14.1455803222584,13.4656024767434
305,7,7,6.99686140478974,7.00388967987229,7.19305120312984,6.78201901304373,13.9937228095795,14.0077793597446,14.1452657858189,13.4661163508981
305.1,7,7,6.99686448768021,7.00388649889473,7.19307760293762,6.78197669522447,13.9937289753604,14.0077729977895,14.1449513733259,13.4666298476475
305.2,7,7,6.99686756512598,7.00388332044328,7.19310399283995,6.78193440959479,13.993735130252,14.0077666408866,14.1446370854416,13.4671429652896
305.3,7,7,6.99687063540157,7.00388014532648,7.19313036965317,6.7818921664406,13.9937412708031,14.007760290653,14.1443229621956,13.4676555826574
305.4,7,7,6.99687370029524,7.00387697271867,7.19315673660838,6.7818499552319,13.9937474005905,14.0077539454373,14.1440089629312,13.4681678237521
305.5,7,7,6.99687675981836,7.00387380261854,7.1931830937041,6.78180777594357,13.9937535196367,14.0077476052371,14.1436950876571,13.4686796888561
305.6,7,7,6.9968798139823,7.0038706350248,7.19320944093884,6.78176562855049,13.9937596279646,14.0077412700496,14.1433813363818,13.4691911782516
305.7,7,7,6.99688286277031,7.00386746994934,7.19323577825917,6.78172351319538,13.9937657255406,14.0077349398987,14.1430677097673,13.469702290244
305.8,7,7,6.99688590447872,7.00386430819818,7.19326210247865,6.78168144011571,13.9937718089574,14.0077286163964,14.1427542478588,13.4702129042104
305.9,7,7,6.99688894087316,7.00386114894819,7.19328841683135,6.78163939883114,13.9937778817463,14.0077222978964,14.1424409099822,13.4707231435944
306,7,7,6.99689197196488,7.00385799219807,7.19331472131585,6.78159738931665,13.9937839439298,14.0077159843961,14.1421276961454,13.4712330086771
306.1,7,7,6.9968949977651,7.00385483794652,7.19334101593071,6.7815554115473,13.9937899955302,14.007709675893,14.1418146063566,13.4717424997389
306.2,7,7,6.99689801825726,7.00385168620538,7.19336730062249,6.78151346566514,13.9937960365145,14.0077033724108,14.1415016412774,13.4722516150929
306.3,7,7,6.99690103175919,7.00384853777812,7.19339357220209,6.78147156185952,13.9938020635184,14.0076970755562,14.1411888409676,13.4727602346573
306.4,7,7,6.99690404001424,7.00384539184419,7.19341983390645,6.78142968969943,13.9938080800285,14.0076907836884,14.1408761647367,13.4732684813213
306.5,7,7,6.9969070430335,7.00384224840228,7.19344608573418,6.78138784916001,13.993814086067,14.0076844968046,14.140563612592,13.4737763553642
306.6,7,7,6.99691004082804,7.00383910745107,7.19347232768391,6.78134604021644,13.9938200816561,14.0076782149021,14.1402511845411,13.4742838570652
306.7,7,7,6.99691303338151,7.00383596900235,7.1934985597022,6.78130426301013,13.993826066763,14.0076719380047,14.1399388812454,13.4747909847445
306.8,7,7,6.99691601903295,7.00383283385706,7.19352477859736,6.78126252768258,13.9938320380659,14.0076656677141,14.1396267427782,13.475297618859
306.9,7,7,6.99691899950372,7.00382970119721,7.19355098760911,6.78122082385182,13.9938379990074,14.0076594023944,14.1393147284336,13.4758038817461
307,7,7,6.99692197480474,7.00382657102147,7.19357718673611,6.78117915149315,13.9938439496095,14.0076531420429,14.1390028382185,13.4763097736836
307.1,7,7,6.99692494494695,7.00382344332854,7.19360337597704,6.7811375105819,13.9938498898939,14.0076468866571,14.1386910721398,13.4768152949492
307.2,7,7,6.9969279099142,7.00382031813016,7.19362955527846,6.78109590125882,13.9938558198284,14.0076406362603,14.1383794308587,13.4773204438705
307.3,7,7,6.99693086806647,7.00381719622469,7.1936557214462,6.78105433361781,13.9938617361329,14.0076343924494,14.138067954461,13.4778251014401
307.4,7,7,6.99693382110339,7.00381407679673,7.19368187772264,6.78101279732572,13.9938676422068,14.0076281535935,14.1377566022264,13.4783293894464
307.5,7,7,6.99693676903576,7.00381095984496,7.19370802410651,6.78097129235796,13.9938735380715,14.0076219196899,14.1374453741613,13.4788333081658
307.6,7,7,6.99693971187435,7.00380784536805,7.19373416059653,6.78092981869,13.9938794237487,14.0076156907361,14.1371342702722,13.4793368578746
307.7,7,7,6.99694264960323,7.00380473337771,7.19376028713927,6.78088837646197,13.9938852992065,14.0076094667554,14.1368232912198,13.4798400369076
307.8,7,7,6.99694558060303,7.00380162466971,7.19378640053815,6.78084697572043,13.9938911612061,14.0076032493394,14.1365124771015,13.4803427267903
307.9,7,7,6.99694850655196,7.00379851843126,7.19381250403816,6.78080560618075,13.9938970131039,14.0075970368625,14.1362017871838,13.4808450487651
308,7,7,6.99695142746065,7.00379541466103,7.19383859763805,6.78076426781849,13.9939028549213,14.0075908293221,14.1358912214724,13.481347003107
308.1,7,7,6.99695434333977,7.0037923133577,7.1938646813366,6.78072296060923,13.9939086866795,14.0075846267154,14.1355807799733,13.4818485900909
308.2,7,7,6.99695725417355,7.0037892145329,7.19389075508038,6.78068168469249,13.9939145083471,14.0075784290658,14.135270463347,13.4823498080587
308.3,7,7,6.99696015836304,7.00378611897985,7.19391681567053,6.78064045006775,13.9939203167261,14.0075722379597,14.1349603117014,13.4828505390661
308.4,7,7,6.99696305756526,7.00378302588834,7.19394286635449,6.78059924649864,13.9939261151305,14.0075660517767,14.1346502842905,13.4833509038122
308.5,7,7,6.99696595179075,7.00377993525706,7.19396890713109,6.78055807396084,13.9939319035815,14.0075598705141,14.1343403811198,13.4838509025708
308.6,7,7,6.99696884105001,7.00377684708466,7.19399493799914,6.7805169324301,13.9939376821,14.0075536941693,14.1340306021947,13.4843505356152
308.7,7,7,6.99697172532746,7.00377376138274,7.19402095890523,6.78047582204526,13.9939434506549,14.0075475227655,14.1337209481752,13.4848498012946
308.8,7,7,6.99697460304429,7.00377067894191,7.19404696664827,6.78043475275905,13.9939492060886,14.0075413578838,14.1334114591788,13.4853485821918
308.9,7,7,6.99697747583664,7.0037675989546,7.19407296447812,6.78039371438304,13.9939549516733,14.0075351979092,14.1331020944484,13.4858469984659
309,7,7,6.99698034371491,7.00376452141948,7.19409895239364,6.78035270689306,13.9939606874298,14.007529042839,14.1327928539889,13.4863450503891
309.1,7,7,6.99698320668946,7.00376144633519,7.19412493039369,6.78031173026498,13.9939664133789,14.0075228926704,14.1324837378051,13.4868427382333
309.2,7,7,6.99698606474491,7.00375837371331,7.19415089842486,6.78027078463704,13.9939721294898,14.0075167474266,14.1321747465567,13.487340060355
309.3,7,7,6.9969889163223,7.00375530434181,7.19417685328396,6.78022987991542,13.9939778326446,14.0075106086836,14.1318659203699,13.4878368998613
309.4,7,7,6.99699176303718,7.00375223741577,7.19420279822312,6.78018900595938,13.9939835260744,14.0075044748315,14.1315572184771,13.4883333763741
309.5,7,7,6.99699460489981,7.00374917293385,7.19422873324127,6.78014816274491,13.9939892097996,14.0074983458677,14.1312486408828,13.488829490164
309.6,7,7,6.9969974419204,7.0037461108947,7.19425465833731,6.780107350248,13.9939948838408,14.0074922217894,14.1309401875914,13.4893252415016
309.7,7,7,6.99700027408378,7.00374305130982,7.19428057345786,6.78006656860628,13.9940005481676,14.0074861026196,14.1306318592622,13.4898206287504
309.8,7,7,6.99700309985057,7.0037399949646,7.19430647539765,6.78002582767962,13.9940061997011,14.0074799899292,14.1303236960288,13.4903155355394
309.9,7,7,6.99700592081601,7.00373694105675,7.19433236741108,6.77998511737476,13.994011841632,14.0074738821135,14.1300156571147,13.4908100809559
310,7,7,6.99700873699021,7.00373388958491,7.19435824949707,6.7799444376678,13.9940174739804,14.0074677791698,14.1297077425236,13.491304265269
310.1,7,7,6.99701154838325,7.00373084054774,7.19438412165459,6.77990378853488,13.9940230967665,14.0074616810955,14.1293999522595,13.4917980887479
310.2,7,7,6.99701435498015,7.0037277939567,7.19440998383028,6.77986317011298,13.9940287099603,14.0074555879134,14.1290922869813,13.4922915497632
310.3,7,7,6.99701715526087,7.00372475059453,7.19443583281691,6.77982259221598,13.9940343105217,14.0074495011891,14.1287847868293,13.492784532463
310.4,7,7,6.99701995080059,7.00372170966161,7.194461671871,6.77978204479778,13.9940399016012,14.0074434193232,14.1284774110186,13.4932771554028
310.5,7,7,6.99702274160928,7.00371867115658,7.19448750099153,6.77974152783461,13.9940454832186,14.0074373423132,14.1281701595527,13.4937694188502
310.6,7,7,6.99702552769689,7.00371563507809,7.1945133201775,6.77970104130276,13.9940510553938,14.0074312701562,14.1278630324348,13.4942613230732
310.7,7,7,6.99702830904863,7.00371260143754,7.19453912937557,6.77966058533858,13.9940566180973,14.0074252028751,14.1275560303236,13.4947528664492
310.8,7,7,6.99703108416354,7.00370957101505,7.19456492537665,6.77962016971018,13.9940621683271,14.0074191420301,14.1272491933649,13.4952439336428
310.9,7,7,6.99703385459699,7.00370654301367,7.19459071143928,6.77957978441839,13.994067709194,14.0074130860273,14.1269424807668,13.4957346426803
311,7,7,6.99703662035884,7.00370351743201,7.1946164875625,6.77953942943956,13.9940732407177,14.007407034864,14.126635892532,13.4962249938282
311.1,7,7,6.99703938145892,7.00370049426874,7.19464225374536,6.7794991047501,13.9940787629178,14.0074009885375,14.1263294286634,13.4967149873528
311.2,7,7,6.99704213788258,7.00369747353521,7.1946680099345,6.77945881048578,13.9940842757652,14.0073949470704,14.1260230898193,13.4972046216388
311.3,7,7,6.99704488814772,7.00369445600888,7.1946937529191,6.77941855636918,13.9940897762954,14.0073889120178,14.1257169161502,13.4976937818642
311.4,7,7,6.99704763379018,7.00369144089548,7.19471948595962,6.77937833244777,13.9940952675804,14.007382881791,14.1254108668578,13.4981825855292
311.5,7,7,6.99705037481968,7.00368842819364,7.19474520905513,6.77933813869805,13.9941007496394,14.0073768563873,14.1251049419445,13.4986710328988
311.6,7,7,6.9970531112459,7.00368541790198,7.19477092220475,6.77929797509656,13.9941062224918,14.007370835804,14.1247991414127,13.499159124238
311.7,7,7,6.99705584305441,7.00368241003184,7.19479662535512,6.77925784177843,13.9941116861088,14.0073648200637,14.1244934659201,13.4996468579385
311.8,7,7,6.99705856878168,7.00367940535802,7.19482231529375,6.77921774842102,13.9941171375634,14.007358810716,14.1241879556212,13.5001341196892
311.9,7,7,6.99706128994426,7.00367640308892,7.19484799528292,6.77917768511818,13.9941225798885,14.0073528061778,14.1238825697123,13.5006210264667
312,7,7,6.99706400655175,7.00367340322317,7.19487366532178,6.77913765184654,13.9941280131035,14.0073468064463,14.1235773081952,13.5011075785349
312.1,7,7,6.99706671861372,7.0036704057594,7.19489932540947,6.77909764858276,13.9941334372274,14.0073408115188,14.123272171072,13.5015937761572
312.2,7,7,6.99706942611588,7.00366741070889,7.19492497549266,6.77905767546139,13.9941388522318,14.0073348214178,14.122967159,13.5020796177322
312.3,7,7,6.99707212761306,7.00366441884378,7.19495061235725,6.77901774211476,13.9941442552261,14.0073288376876,14.1226623121364,13.5025649894573
312.4,7,7,6.99707482460279,7.00366142937516,7.19497623926729,6.77897783868285,13.9941496492056,14.0073228587503,14.1223575896732,13.5030500077883
312.5,7,7,6.99707751709454,7.00365844230167,7.19500185622196,6.77893796514243,13.9941550341891,14.0073168846033,14.1220529916118,13.5035346729875
312.6,7,7,6.99708020509774,7.00365545762192,7.19502746322045,6.77889812147029,13.9941604101955,14.0073109152438,14.1217485179537,13.5040189853171
312.7,7,7,6.9970828885983,7.00365247534714,7.19505306020946,6.77885830780037,13.9941657771966,14.0073049506943,14.1214441693558,13.5045029431827
312.8,7,7,6.99708556616913,7.00364949624683,7.19507864397336,6.77881853372024,13.9941711323383,14.0072989924937,14.1211399859774,13.5049864332872
312.9,7,7,6.997088239289,7.00364651953476,7.19510421777789,6.77877878941577,13.994176478578,14.0072930390695,14.1208359270069,13.5054695715684
313,7,7,6.99709090796724,7.00364354520955,7.19512978162226,6.77873907486386,13.9941818159345,14.0072870904191,14.1205319924454,13.5059523582872
313.1,7,7,6.99709357221317,7.00364057326984,7.1951553355057,6.77869939004142,13.9941871444263,14.0072811465397,14.1202281822937,13.5064347937046
313.2,7,7,6.99709623201285,7.00363760372679,7.19518087937494,6.77865973508179,13.9941924640257,14.0072752074536,14.1199244972085,13.5069168762328
313.3,7,7,6.99709888595708,7.00363463734723,7.19520641001291,6.77862011952804,13.9941977719142,14.0072692746945,14.1196209773499,13.5073984930779
313.4,7,7,6.99710153550608,7.00363167334763,7.19523193068693,6.77858053361165,13.9942030710122,14.0072633466953,14.1193175819041,13.5078797596623
313.5,7,7,6.99710418066907,7.00362871172664,7.19525744139628,6.77854097730966,13.9942083613381,14.0072574234533,14.1190143108714,13.5083606762456
313.6,7,7,6.99710682145524,7.00362575248285,7.19528294214021,6.7785014505991,13.9942136429105,14.0072515049657,14.1187111642524,13.5088412430873
313.7,7,7,6.99710945785083,7.00362279562741,7.19530843286547,6.77846195361271,13.9942189157017,14.0072455912548,14.1184081427032,13.5093214586067
313.8,7,7,6.99711208846425,7.00361984192444,7.19533391035366,6.77842249584929,13.9942241769285,14.0072396838489,14.1181052863842,13.50980121051
313.9,7,7,6.99711471473745,7.00361689059316,7.19535937787359,6.77838306758572,13.9942294294749,14.0072337811863,14.1178025544799,13.5102806137072
314,7,7,6.99711733667952,7.00361394163217,7.19538483542457,6.77834366879913,13.994234673359,14.0072278832643,14.1174999469903,13.5107596684564
314.1,7,7,6.99711995429954,7.0036109950401,7.19541028300591,6.77830429946671,13.9942399085991,14.0072219900802,14.1171974639153,13.5112383750158
314.2,7,7,6.9971225675839,7.00360805082802,7.19543572056438,6.77826495972059,13.9942451351678,14.007216101656,14.1168951059107,13.5117167318114
314.3,7,7,6.99712517515842,7.00360510975739,7.1954611448803,6.77822565901555,13.9942503503168,14.0072102195148,14.1165929131362,13.5121946270474
314.4,7,7,6.99712777844699,7.00360217105013,7.19548655922392,6.77818638767359,13.994255556894,14.0072043421003,14.1162908447754,13.5126721751236
314.5,7,7,6.9971303774586,7.00359923470486,7.19551196359457,6.77814714567198,13.9942607549172,14.0071984694097,14.1159889008282,13.5131493762969
314.6,7,7,6.99713297220219,7.00359630072018,7.19553735799161,6.77810793298802,13.9942659444044,14.0071926014404,14.1156870812938,13.5136262308241
314.7,7,7,6.99713556266433,7.00359336910713,7.19556274236183,6.77806874975325,13.9942711253287,14.0071867382143,14.1153853868277,13.514102737138
314.8,7,7,6.99713814748801,7.00359044062447,7.19558811348438,6.77802960537869,13.994276294976,14.0071808812489,14.1150838575877,13.514578783938
314.9,7,7,6.99714072807931,7.00358751449686,7.19561347463081,6.77799049023119,13.9942814561586,14.0071750289937,14.1147824527581,13.5150544851165
315,7,7,6.99714330444708,7.00358459072289,7.19563882580052,6.77795140428815,13.9942866088942,14.0071691814458,14.1144811723378,13.5155298409292
315.1,7,7,6.99714587660017,7.00358166930119,7.19566416699291,6.77791234752699,13.9942917532003,14.0071633386024,14.1141800163261,13.5160048516315
315.2,7,7,6.9971484445253,7.00357875024273,7.19568949815479,6.77787332007869,13.9942968890506,14.0071575004855,14.1138789853776,13.5164795156629
315.3,7,7,6.9971510068824,7.00357583430359,7.19571481606419,6.77783433131071,13.9943020137648,14.0071516686072,14.1135781196479,13.5169537222154
315.4,7,7,6.99715356505998,7.00357292071114,7.19574012399393,6.77779537163453,13.99430713012,14.0071458414223,14.1132773783222,13.5174275846769
315.5,7,7,6.99715611906678,7.00357000946399,7.19576542194344,6.77775644102768,13.9943122381336,14.007140018928,14.1129767613993,13.5179011033016
315.6,7,7,6.99715866891152,7.00356710056075,7.19579070991216,6.7777175394677,13.994317337823,14.0071342011215,14.1126762688777,13.5183742783435
315.7,7,7,6.99716121458109,7.00356419401235,7.19581598784693,6.77767866708497,13.9943224291622,14.0071283880247,14.1123759014116,13.5188471082491
315.8,7,7,6.99716375475213,7.00356129057217,7.19584125252476,6.77763983320368,13.9943275095043,14.0071225811443,14.1120756991534,13.5193194827002
315.9,7,7,6.99716629079581,7.00355838947032,7.19586650721962,6.77760102827968,13.9943325815916,14.0071167789406,14.1117756212902,13.5197915145828
316,7,7,6.99716882272076,7.00355549070541,7.195891751931,6.77756225229061,13.9943376454415,14.0071109814108,14.1114756678204,13.5202632041496
316.1,7,7,6.99717135053558,7.00355259427603,7.19591698665837,6.77752350521414,13.9943427010712,14.0071051885521,14.1111758387421,13.5207345516536
316.2,7,7,6.99717387422733,7.00354970019309,7.1959422113486,6.77748478718009,13.9943477484547,14.0070994003862,14.1108761347091,13.5212055555475
316.3,7,7,6.99717639248913,7.00354680920723,7.19596742277774,6.77744610746956,13.9943527849783,14.0070936184145,14.1105765958693,13.5216761060011
316.4,7,7,6.99717890667506,7.00354392055133,7.19599262422088,6.77740745658254,13.9943578133501,14.0070878411027,14.110277181413,13.5221463154007
316.5,7,7,6.99718141679361,7.00354103422398,7.19601781567751,6.77736883449681,13.9943628335872,14.007082068448,14.1099778913381,13.5226161839978
316.6,7,7,6.99718392285329,7.00353815022379,7.19604299714716,6.77733024119017,13.9943678457066,14.0070763004476,14.1096787256421,13.5230857120438
316.7,7,7,6.99718642484128,7.00353526856161,7.19606816857672,6.77729167679181,13.9943728496826,14.0070705371232,14.1093796849785,13.5235548979985
316.8,7,7,6.99718892146703,7.00353238998536,7.1960933267414,6.77725315054007,13.9943778429341,14.0070647799707,14.10908080949,13.5240236325163
316.9,7,7,6.99719141406769,7.00352951373068,7.19611847491725,6.7772146529788,13.9943828281354,14.0070590274614,14.1087820583709,13.5244920274868
317,7,7,6.99719390265166,7.00352663979616,7.19614361310383,6.7771761840859,13.9943878053033,14.0070532795923,14.1084834316183,13.5249600831602
317.1,7,7,6.99719638722734,7.0035237681804,7.1961687413007,6.77713774383929,13.9943927744547,14.0070475363608,14.1081849292298,13.5254277997867
317.2,7,7,6.99719886778206,7.0035208988942,7.19619385945478,6.77709933236761,13.9943977355641,14.0070417977884,14.1078865518579,13.5258951758325
317.3,7,7,6.99720134304131,7.00351803268278,7.19621896434049,6.77706095886659,13.9944026860826,14.0070360653656,14.1075883396397,13.5263621024347
317.4,7,7,6.99720381432562,7.00351516878452,7.1962440592348,6.77702261392373,13.9944076286512,14.007030337569,14.1072902517739,13.5268286909884
317.5,7,7,6.99720628164325,7.00351230719801,7.19626914413732,6.77698429751707,13.9944125632865,14.007024614396,14.1069922882576,13.5272949417426
317.6,7,7,6.99720874500249,7.00350944792185,7.19629421904765,6.77694600962463,13.994417490005,14.0070188958437,14.1066944490875,13.5277608549462
317.7,7,7,6.99721120439083,7.0035065909668,7.19631928391271,6.77690775037448,13.9944224087817,14.0070131819336,14.1063967349159,13.528226429072
317.8,7,7,6.99721365854962,7.00350373707536,7.19634433550624,6.77686952892001,13.9944273170992,14.0070074741507,14.1060991858731,13.5286915557371
317.9,7,7,6.99721610878292,7.00350088548865,7.19636937710605,6.77683133589213,13.9944322175658,14.0070017709773,14.1058017611633,13.5291563458448
318,7,7,6.99721855509891,7.00349803620527,7.19639440871177,6.77679317126898,13.9944371101978,14.0069960724105,14.1055044607831,13.5296207996429
318.1,7,7,6.99722099750575,7.00349518922382,7.19641943032306,6.77675503502872,13.9944419950115,14.0069903784476,14.105207284729,13.530084917379
318.2,7,7,6.99722343599109,7.00349234455501,7.19644444188687,6.77671692729884,13.9944468719822,14.00698468911,14.1049102336524,13.5305486975323
318.3,7,7,6.99722586931192,7.00348950293862,7.19646944017628,6.77667885719062,13.9944517386238,14.0069790058772,14.1046133476764,13.5310120321976
318.4,7,7,6.99722829875608,7.00348666361853,7.19649442846988,6.77664081537813,13.9944565975122,14.0069733272371,14.1043165860115,13.5314750317889
318.5,7,7,6.99723072433163,7.00348382659335,7.19651940676735,6.77660280183964,13.9944614486633,14.0069676531867,14.1040199486538,13.5319376965528
318.6,7,7,6.99723314604663,7.00348099186166,7.19654437506837,6.77656481655342,13.9944662920933,14.0069619837233,14.1037234355993,13.5324000267355
318.7,7,7,6.99723556388888,7.00347815943413,7.19656933331993,6.7765268596464,13.9944711277778,14.0069563188683,14.1034270474991,13.5328620208229
318.8,7,7,6.9972379766308,7.00347533004781,7.19659427829455,6.77648894018797,13.9944759532616,14.0069506600956,14.1031308244677,13.5333235713847
318.9,7,7,6.99724038554422,7.00347250294936,7.19661921327151,6.77645104889513,13.9944807710884,14.0069450058987,14.102834725723,13.5337847883483
319,7,7,6.9972427906371,7.00346967813737,7.19664413825052,6.77641318574626,13.9944855812742,14.0069393562747,14.1025387512607,13.534245671959
319.1,7,7,6.99724519191738,7.00346685561043,7.1966690532313,6.77637535071977,13.9944903838348,14.0069337112209,14.1022429010762,13.5347062224617
319.2,7,7,6.99724758937301,7.00346403537917,7.19669395816088,6.77633754394202,13.994495178746,14.0069280707583,14.1019471758202,13.5351664383488
319.3,7,7,6.99724998179165,7.0034612181779,7.19671884981129,6.77629977444073,13.9944999635833,14.0069224363558,14.101651615598,13.5356262126626
319.4,7,7,6.99725237042933,7.00345840325604,7.19674373146241,6.77626203297562,13.9945047408587,14.0069168065121,14.1013561796355,13.5360856548464
319.5,7,7,6.99725475529388,7.0034555906122,7.196768603114,6.77622431952517,13.9945095105878,14.0069111812244,14.1010608679279,13.5365447651442
319.6,7,7,6.99725713639317,7.00345278024496,7.19679346476581,6.77618663406791,13.9945142727863,14.0069055604899,14.1007656804705,13.5370035437996
319.7,7,7,6.99725951371528,7.00344997216489,7.19681831636491,6.77614897672964,13.9945190274306,14.0068999443298,14.1004706179132,13.5374619893116
319.8,7,7,6.99726188606289,7.00344716710359,7.19684315468291,6.77611135649665,13.9945237721258,14.0068943342072,14.1001757203514,13.5379199951925
319.9,7,7,6.99726425467645,7.00344436431325,7.19686798300024,6.77607376417111,13.9945285093529,14.0068887286265,14.0998809470199,13.5383776704039
320,7,7,6.99726661956369,7.00344156379246,7.19689280131668,6.77603619973165,13.9945332391274,14.0068831275849,14.0995862979135,13.5388350151887
320.1,7,7,6.99726898073236,7.00343876553981,7.19691760963203,6.77599866315689,13.9945379614647,14.0068775310796,14.099291773027,13.5392920297892
320.2,7,7,6.99727133817069,7.00343596956583,7.19694240789337,6.77596115457207,13.9945426763414,14.0068719391317,14.0989973730097,13.5397487127108
320.3,7,7,6.99727369069621,7.00343317659937,7.19696719287201,6.7759236829223,13.9945473813924,14.0068663531987,14.0987031379464,13.5402049579335
320.4,7,7,6.99727603953395,7.00343038589542,7.19699196784881,6.77588623905197,13.9945520790679,14.0068607717908,14.0984090270816,13.5406608739399
320.5,7,7,6.99727838469156,7.00342759745255,7.19701673282359,6.77584882293981,13.9945567693831,14.0068551949051,14.0981150404095,13.5411164609713
320.6,7,7,6.99728072617668,7.00342481126935,7.1970414877962,6.77581143456457,13.9945614523534,14.0068496225387,14.0978211779247,13.5415717192692
320.7,7,7,6.99728306397769,7.00342202735631,7.19706623271374,6.77577407405095,13.9945661279554,14.0068440547126,14.0975274402758,13.5420266473449
320.8,7,7,6.99728539692675,7.00341924643954,7.19709096434726,6.77573675030306,13.9945707938535,14.0068384928791,14.0972338675362,13.5424811396442
320.9,7,7,6.9972877262337,7.00341646777681,7.197115685978,6.7756994542073,13.9945754524674,14.0068329355536,14.0969404189607,13.5429353041727
321,7,7,6.9972900519061,7.00341369136668,7.19714039760583,6.77566218574251,13.9945801038122,14.0068273827334,14.0966470945433,13.5433891411707
321.1,7,7,6.99729237395149,7.00341091720776,7.19716509923061,6.77562494488756,13.994584747903,14.0068218344155,14.096353894278,13.5438426508781
321.2,7,7,6.99729469235837,7.00340814531047,7.19718979079951,6.77558773176659,13.9945893847167,14.0068162906209,14.096060818813,13.544295831813
321.3,7,7,6.99729700597336,7.00340537639821,7.19721446908336,6.77555055524296,13.9945940119467,14.0068107527964,14.0957679082094,13.5447485788837
321.4,7,7,6.99729931599131,7.00340260973149,7.19723913736372,6.77551340624485,13.9945986319826,14.006805219463,14.0954751217331,13.5452009996218
321.5,7,7,6.99730162241969,7.00339984530891,7.19726379564048,6.7754762847512,13.9946032448394,14.0067996906178,14.0951824593779,13.5456530942664
321.6,7,7,6.99730392526593,7.00339708312905,7.19728844391357,6.775439190741,13.9946078505319,14.0067941662581,14.0948899211372,13.546104863056
321.7,7,7,6.99730622451867,7.0033943232023,7.19731308213017,6.77540212433785,13.9946124490373,14.0067886464046,14.0945975076588,13.5465563045151
321.8,7,7,6.99730851903879,7.00339156624932,7.19733770706098,6.77536509436457,13.9946170380776,14.0067831324986,14.0943052589907,13.5470073140127
321.9,7,7,6.99731081000635,7.0033888115334,7.19736232198782,6.77532809179087,13.9946216200127,14.0067776230668,14.0940131344109,13.5474579986085
322,7,7,6.9973130974287,7.00338605905313,7.1973869269106,6.77529111659582,13.9946261948574,14.0067721181063,14.0937211339126,13.5479083585402
322.1,7,7,6.9973153813132,7.0033833088071,7.19741152182929,6.77525416875853,13.9946307626264,14.0067666176142,14.0934292574891,13.5483583940453
322.2,7,7,6.99731766164862,7.00338056080565,7.19743610669111,6.77521724840203,13.9946353232972,14.0067611216113,14.0931375057874,13.5488081036545
322.3,7,7,6.99731993730988,7.0033778157667,7.19746067826671,6.77518036430885,13.9946398746198,14.0067556315334,14.0928459188417,13.5492573831949
322.4,7,7,6.99732220946249,7.00337507295632,7.19748523983806,6.77514350749,13.994644418925,14.0067501459126,14.092554455943,13.549706339257
322.5,7,7,6.99732447811368,7.00337233237311,7.19750979140512,6.77510667792468,13.9946489562274,14.0067446647462,14.092263117084,13.5501549720772
322.6,7,7,6.99732674327072,7.00336959401566,7.19753433296789,6.7750698755921,13.9946534865414,14.0067391880313,14.0919719022576,13.5506032818918
322.7,7,7,6.99732900492249,7.00336685789425,7.19755886447362,6.77503310061475,13.994658009845,14.0067337157885,14.0916808121102,13.5510512672377
322.8,7,7,6.99733126195782,7.00336412472406,7.19758338269299,6.77499636173506,13.9946625239156,14.0067282494481,14.0913898866615,13.551498824398
322.9,7,7,6.9973335155278,7.00336139377396,7.19760789090805,6.77495965000516,13.9946670310556,14.0067227875479,14.091099085216,13.551946059496
323,7,7,6.99733576563959,7.00335866504254,7.19763238911881,6.77492296540433,13.9946715312792,14.0067173300851,14.0908084077662,13.5523929727671
323.1,7,7,6.99733801230033,7.00335593852838,7.19765687732529,6.7748863079119,13.9946760246007,14.0067118770568,14.0905178543045,13.5528395644463
323.2,7,7,6.99734025549906,7.00335321424173,7.19768135547478,6.77484967764982,13.9946805109981,14.0067064284835,14.0902274254767,13.5532858330767
323.3,7,7,6.99734249413829,7.00335049289503,7.19770582033806,6.77481308332066,13.9946849882766,14.0067009857901,14.0899371612872,13.5537316753949
323.4,7,7,6.99734472935491,7.00334777375992,7.19773027519718,6.7747765160174,13.9946894587098,14.0066955475198,14.0896470210549,13.5541771970597
323.5,7,7,6.99734696115597,7.003345056835,7.1977547200522,6.77473997571944,13.9946939223119,14.00669011367,14.0893570047719,13.5546223983052
323.6,7,7,6.99734918954854,7.00334234211885,7.19777915490317,6.77470346240621,13.9946983790971,14.0066846842377,14.0890671124302,13.5550672793654
323.7,7,7,6.99735141452177,7.00333962962167,7.19780357969742,6.77466697619915,13.9947028290435,14.0066792592433,14.0887773446749,13.5555118387893
323.8,7,7,6.9973536349917,7.00333692005316,7.19782799120588,6.77463052576115,13.9947072699834,14.0066738401063,14.0884877414947,13.5559559737649
323.9,7,7,6.99735585208118,7.00333421268775,7.19785239271056,6.77459410222583,13.9947117041624,14.0066684253755,14.0881982622233,13.5563997894888
324,7,7,6.99735806579719,7.00333150752403,7.19787678421155,6.77455770557271,13.9947161315944,14.0066630150481,14.0879089068526,13.5568432861938
324.1,7,7,6.99736027614668,7.00332880456059,7.19790116570893,6.77452133578134,13.9947205522934,14.0066576091212,14.0876196753741,13.5572864641127
324.2,7,7,6.99736248311895,7.00332610380758,7.19792553715007,6.77448499297261,13.9947249662379,14.0066522076152,14.0873305684324,13.5577293218008
324.3,7,7,6.99736468564337,7.00332340597196,7.19794989530613,6.77444868576997,13.9947293712867,14.0066468119439,14.0870416259993,13.5581717568949
324.4,7,7,6.99736688482896,7.00332071033095,7.19797424345899,6.77441240534747,13.9947337696579,14.0066414206619,14.0867528074246,13.5586138741318
324.5,7,7,6.99736908068259,7.00331801688313,7.19799858160877,6.77437615168474,13.9947381613652,14.0066360337663,14.0864641126996,13.559055673743
324.6,7,7,6.99737127321113,7.0033153256271,7.1980229097556,6.77433992476143,13.9947425464223,14.0066306512542,14.0861755418155,13.5594971559602
324.7,7,7,6.99737346240401,7.00331263657296,7.19804722784688,6.77430372469792,13.994746924808,14.0066252731459,14.0858870954164,13.5599383193449
324.8,7,7,6.99737564720375,7.00330995042492,7.19807153265407,6.77426756007841,13.9947512944075,14.0066199008498,14.0855988134565,13.5603790619804
324.9,7,7,6.99737782870573,7.003307266463,7.19809582745885,6.77423142211716,13.9947556574115,14.006614532926,14.0853106553022,13.560819488146
325,7,7,6.99738000691672,7.00330458468578,7.19812011226138,6.77419531079391,13.9947600138334,14.0066091693716,14.0850226209444,13.5612595980721
325.1,7,7,6.9973821818435,7.00330190509185,7.19814438706182,6.77415922608843,13.994764363687,14.0066038101837,14.0847347103742,13.5616993919892
325.2,7,7,6.99738435347563,7.00329922769127,7.19816865180761,6.77412316812054,13.9947687069513,14.0065984553825,14.0844469242347,13.5621388684648
325.3,7,7,6.99738652076861,7.00329655318552,7.19819290327057,6.77408714543546,13.9947730415372,14.006593106371,14.0841593024622,13.5625779260266
325.4,7,7,6.99738868480433,7.00329388085738,7.19821714473212,6.77405114928741,13.9947773696087,14.0065877617148,14.0838718044403,13.5630166684988
325.5,7,7,6.99739084558951,7.00329121070546,7.19824137619245,6.77401517965626,13.994781691179,14.0065824214109,14.0835844301597,13.5634550961107
325.6,7,7,6.99739300313082,7.00328854272833,7.19826559765176,6.77397923652188,13.9947860062616,14.0065770854567,14.0832971796109,13.5638932090913
325.7,7,7,6.99739515741793,7.00328587693601,7.19828980905753,6.77394332000356,13.9947903148359,14.006571753872,14.0830100534364,13.5643310060145
325.8,7,7,6.99739730741917,7.00328321402724,7.198314007182,6.77390743860771,13.9947946148383,14.0065664280545,14.0827230915538,13.5647683858499
325.9,7,7,6.99739945420315,7.0032805532876,7.19833819530626,6.77387158362834,13.9947989084063,14.0065611065752,14.0824362533647,13.5652054519689
326,7,7,6.99740159777647,7.00327789471567,7.19836237343054,6.77383575504541,13.9948031955529,14.0065557894313,14.0821495388594,13.5656422045996
326.1,7,7,6.99740373814573,7.00327523831004,7.19838654155507,6.7737999528389,13.9948074762915,14.0065504766201,14.081862948028,13.5660786439699
326.2,7,7,6.99740587530072,7.00327258408069,7.19841069962737,6.77376417712758,13.9948117506014,14.0065451681614,14.0815764815124,13.5665147686597
326.3,7,7,6.99740800822241,7.00326993272361,7.19843484442017,6.77372843637927,13.9948160164448,14.0065398654472,14.0812901792107,13.5669504780785
326.4,7,7,6.99741013796628,7.00326728352717,7.19845897921417,6.77369272192752,13.9948202759326,14.0065345670543,14.0810040005432,13.567385875147
326.5,7,7,6.99741226453887,7.00326463648995,7.19848310400963,6.7736570337524,13.9948245290777,14.0065292729799,14.0807179454997,13.5678209600923
326.6,7,7,6.99741438794668,7.00326199161054,7.19850721880682,6.77362137183401,13.9948287758934,14.0065239832211,14.0804320140703,13.5682557331411
326.7,7,7,6.99741650817961,7.00325934889888,7.19853132355329,6.7735857362906,13.9948330163592,14.0065186977978,14.080146206896,13.5686901928793
326.8,7,7,6.99741862423112,7.00325670904821,7.19855541502232,6.77355013555159,13.9948372484622,14.0065134180964,14.0798605638547,13.5691242391539
326.9,7,7,6.99742073714375,7.00325407134969,7.19857949649417,6.77351456098988,13.9948414742875,14.0065081426994,14.0795750443861,13.5695579744374
327,7,7,6.99742284692393,7.00325143580191,7.19860356796912,6.77347901258564,13.9948456938479,14.0065028716038,14.0792896484799,13.5699913989558
327.1,7,7,6.99742495357809,7.00324880240344,7.19862762944746,6.77344349031907,13.9948499071562,14.0064976048069,14.0790043761255,13.5704245129347
327.2,7,7,6.99742705709626,7.0032461711642,7.19865168087681,6.77340799430792,13.9948541141925,14.0064923423284,14.0787192279635,13.5708573149659
327.3,7,7,6.99742915648419,7.00324354277468,7.19867571903104,6.77337253294341,13.9948583129684,14.0064870855494,14.0784342438508,13.5712897053317
327.4,7,7,6.99743125277165,7.00324091652882,7.1986997471899,6.77333709763759,13.9948625055433,14.0064818330576,14.0781493832473,13.5717217860588
327.5,7,7,6.997433345965,7.00323829242521,7.1987237653537,6.77330168837072,13.99486669193,14.0064765848504,14.0778646461423,13.5721535573719
327.6,7,7,6.99743543607058,7.00323567046244,7.19874777352276,6.77326630512312,13.9948708721412,14.0064713409249,14.0775800325249,13.5725850194956
327.7,7,7,6.99743752307852,7.00323305065037,7.19877177164474,6.773230948012,13.994875046157,14.0064661013007,14.0772955430349,13.5730161710274
327.8,7,7,6.99743960600673,7.00323043367674,7.19879575649421,6.77319562539064,13.9948792120135,14.0064608673535,14.0770112175078,13.5734469126831
327.9,7,7,6.99744168587238,7.00322781883831,7.1988197313503,6.77316032870997,13.9948833717448,14.0064556376766,14.0767270154243,13.5738773460454
328,7,7,6.99744376268175,7.00322520613364,7.19884369621336,6.77312505795038,13.9948875253635,14.0064504122673,14.0764429367734,13.5743074713381
328.1,7,7,6.99744583644108,7.00322259556134,7.19886765108375,6.77308981309229,13.9948916728822,14.0064451911227,14.0761589815437,13.5747372887845
328.2,7,7,6.99744790714062,7.0032199871312,7.19889159590918,6.7730545942524,13.9948958142812,14.0064399742624,14.0758751503746,13.5751667969881
328.3,7,7,6.99744997381028,7.00321738152825,7.19891552746495,6.77301940974621,13.9948999476206,14.0064347630565,14.075591483079,13.5755958970955
328.4,7,7,6.99745203745479,7.00321477805202,7.19893944902953,6.77298425106336,13.9949040749096,14.006429556104,14.0753079391594,13.5760246902483
328.5,7,7,6.99745409808033,7.00321217670108,7.19896336060331,6.77294911818435,13.9949081961607,14.0064243534022,14.0750245186044,13.5764531766688
328.6,7,7,6.99745615569307,7.00320957747403,7.19898726218669,6.77291401108971,13.9949123113861,14.0064191549481,14.0747412214022,13.5768813565793
328.7,7,7,6.99745821028338,7.00320698038062,7.1990111537274,6.77287892989561,13.9949164205668,14.0064139607612,14.0744580481915,13.5773092285893
328.8,7,7,6.99746026089298,7.00320438610316,7.19903503200156,6.77284388288,13.994920521786,14.0064087722063,14.0741750387625,13.5777366942741
328.9,7,7,6.99746230851434,7.00320179394393,7.19905890028693,6.77280886157102,13.9949246170287,14.0064035878879,14.0738921526398,13.578163854336
329,7,7,6.99746435315356,7.00319920390154,7.19908275858392,6.77277386594927,13.9949287063071,14.0063984078031,14.0736093898115,13.5785907089963
329.1,7,7,6.99746639481673,7.00319661597455,7.19910660689296,6.77273889599537,13.9949327896335,14.0063932319491,14.0733267502658,13.5790172584762
329.2,7,7,6.99746843349432,7.00319403017271,7.19913044516183,6.77270395182501,13.9949368669886,14.0063880603454,14.0730442346404,13.579443501391
329.3,7,7,6.99747046823973,7.00319144717556,7.19915427016751,6.77266904167875,13.9949409364795,14.0063828943511,14.0727618827021,13.5798693397425
329.4,7,7,6.99747250003333,7.00318886628818,7.19917808518698,6.77263415712303,13.9949450000667,14.0063777325764,14.0724796539984,13.5802948737961
329.5,7,7,6.99747452888111,7.00318628750917,7.19920189022068,6.77259929813856,13.9949490577622,14.0063725750183,14.072197548517,13.5807201037722
329.6,7,7,6.99747655478911,7.00318371083711,7.19922568526907,6.77256446470606,13.9949531095782,14.0063674216742,14.0719155662459,13.5811450298905
329.7,7,7,6.99747857774789,7.00318113628168,7.19924947027998,6.7725296569407,13.9949571554958,14.0063622725634,14.0716337078219,13.5815696507724
329.8,7,7,6.99748059682239,7.00317856451971,7.19927324203133,6.7724948830459,13.9949611936448,14.0063571290394,14.0713520129878,13.581993868844
329.9,7,7,6.99748261298099,7.00317599485906,7.19929700379922,6.77246013462617,13.994965225962,14.0063519897181,14.0710704413144,13.5824177839361
330,7,7,6.99748462622966,7.00317342729831,7.19932075558415,6.77242541166233,13.9949692524593,14.0063468545966,14.0707889927895,13.5828413962678
330.1,7,7,6.9974866365743,7.00317086183605,7.1993444973866,6.77239071413519,13.9949732731486,14.0063417236721,14.0705076674003,13.5832647060578
330.2,7,7,6.99748864400562,7.00316829848192,7.19936822915445,6.77235604215945,13.9949772880112,14.0063365969638,14.0702264657832,13.5836877119334
330.3,7,7,6.99749064759991,7.00316573791004,7.19939194766659,6.77232140390153,13.9949812951998,14.0063314758201,14.0699454276561,13.5841103167427
330.4,7,7,6.99749264831376,7.00316317943101,7.19941565619823,6.77228679100383,13.9949852966275,14.006326358862,14.0696645126141,13.5845326198843
330.5,7,7,6.99749464615305,7.00316062304344,7.1994393547499,6.77225220344727,13.9949892923061,14.0063212460869,14.0693837206444,13.5849546215758
330.6,7,7,6.99749664112363,7.00315806874591,7.19946304332211,6.77221764121279,13.9949932822473,14.0063161374918,14.0691030517341,13.5853763220353
330.7,7,7,6.99749863321629,7.00315551654802,7.19948672186278,6.77218310441454,13.9949972664326,14.006311033096,14.0688225065188,13.5857977198953
330.8,7,7,6.99750062151854,7.00315296712115,7.19951038715184,6.77214860118221,13.9950012430371,14.0063059342423,14.0685421246911,13.5862187184246
330.9,7,7,6.99750260697535,7.0031504197787,7.19953404246356,6.77211412319588,13.9950052139507,14.0063008395574,14.0682618658708,13.5866394165909
331,7,7,6.9975045895925,7.00314787451926,7.19955768779847,6.77207967043655,13.995009179185,14.0062957490385,14.0679817300448,13.5870598146112
331.1,7,7,6.99750656937578,7.00314533134142,7.19958132315712,6.77204524288526,13.9950131387516,14.0062906626828,14.0677017172,13.5874799127022
331.2,7,7,6.99750854631608,7.00314279025474,7.19960494848748,6.7720108406557,13.9950170926322,14.0062855805095,14.0674218279711,13.5878997095024
331.3,7,7,6.99751051951198,7.00314025192787,7.19962856057059,6.77197647184096,13.995021039024,14.0062805038557,14.0671421020247,13.5883191086982
331.4,7,7,6.99751248989696,7.00313771567698,7.19965216267968,6.77194212815858,13.9950249797939,14.006275431354,14.0668624990061,13.5887382088295
331.5,7,7,6.99751445747674,7.00313518150067,7.19967575481531,6.77190780958969,13.9950289149535,14.0062703630013,14.066583018902,13.5891570101121
331.6,7,7,6.99751642225701,7.00313264939753,7.19969933697805,6.77187351611543,13.995032844514,14.0062652987951,14.0663036616989,13.5895755127616
331.7,7,7,6.99751838422878,7.00313011937707,7.19972290911595,6.77183924784898,13.9950367684576,14.0062602387541,14.0660244280307,13.5899937154221
331.8,7,7,6.99752034250153,7.00312759210523,7.19974646801119,6.77180501284706,13.9950406850031,14.0062551842105,14.0657453575373,13.5904115221961
331.9,7,7,6.99752229799744,7.00312506690094,7.19977001693591,6.77177080286449,13.9950445959949,14.0062501338019,14.0654664098904,13.5908290311975
332,7,7,6.99752425072214,7.0031225437628,7.19979355589071,6.77173661788251,13.9950485014443,14.0062450875256,14.065187585076,13.5912462426409
332.1,7,7,6.99752620068125,7.00312002268941,7.19981708487619,6.77170245788234,13.9950524013625,14.0062400453788,14.0649088830805,13.5916631567408
332.2,7,7,6.99752814786588,7.00311750369023,7.19984060384043,6.77166832297666,13.9950562957318,14.0062350073805,14.0646303045371,13.5920797721471
332.3,7,7,6.99753009139628,7.00311498742849,7.19986410956684,6.77163422118604,13.9950601827926,14.006229974857,14.0643518890584,13.592495993376
332.4,7,7,6.99753203218346,7.00311247322588,7.19988760532642,6.77160014430237,13.9950640643669,14.0062249464518,14.0640735963427,13.5929119181175
332.5,7,7,6.99753397023296,7.00310996108101,7.19991109111979,6.77156609230696,13.9950679404659,14.006219922162,14.063795426376,13.5933275465853
332.6,7,7,6.99753590555034,7.00310745099247,7.19993456694759,6.77153206518116,13.9950718111007,14.0062149019849,14.063517379144,13.5937428789927
332.7,7,7,6.99753783812681,7.00310494296968,7.19995803275793,6.77149806303716,13.9950756762536,14.0062098859394,14.0632394552794,13.5941579139954
332.8,7,7,6.99753976709325,7.00310243767317,7.19998148533553,6.77146409385952,13.9950795341865,14.0062048753463,14.0629616943669,13.5945725565211
332.9,7,7,6.99754169334963,7.00309993442738,7.20000492795015,6.77143014947702,13.9950833866993,14.0061998688548,14.0626840561322,13.5949869038383
333,7,7,6.99754361690143,7.00309743323091,7.20002836060245,6.77139622987107,13.9950872338029,14.0061948664618,14.0624065405609,13.5954009561595
333.1,7,7,6.99754553775413,7.00309493408238,7.20005178329309,6.77136233502313,13.9950910755083,14.0061898681648,14.0621291476385,13.5958147136969
333.2,7,7,6.99754745589904,7.00309243699115,7.20007519597026,6.77132846504488,13.9950949117981,14.0061848739823,14.0618518779968,13.5962281751119
333.3,7,7,6.99754937047753,7.00308994261504,7.20009859541997,6.77129462788511,13.9950987409551,14.0061798852301,14.0615747711922,13.5966412457419
333.4,7,7,6.99755128237869,7.00308745028125,7.20012198491074,6.77126081540925,13.9951025647574,14.0061749005625,14.0612977869783,13.5970540224357
333.5,7,7,6.99755319160793,7.0030849599884,7.20014536444326,6.77122702759884,13.9951063832159,14.0061699199768,14.0610209253403,13.5974665054048
333.6,7,7,6.99755509817065,7.00308247173508,7.20016873401822,6.77119326443541,13.9951101963413,14.0061649434702,14.0607441862635,13.5978786948604
333.7,7,7,6.99755700205826,7.00307998553063,7.20019209358385,6.77115952603019,13.9951140041165,14.0061599710613,14.060467570379,13.5982905894693
333.8,7,7,6.99755890242249,7.00307750203015,7.20021543992756,6.77112582029633,13.995117804845,14.0061550040603,14.0601911172141,13.5987020949767
333.9,7,7,6.99756080014167,7.00307502056361,7.20023877631654,6.77109213913576,13.9951216002833,14.0061500411272,14.0599147865509,13.5991133078138
334,7,7,6.99756269522116,7.00307254112963,7.2002621027515,6.77105848253012,13.9951253904423,14.0061450822593,14.0596385783744,13.5995242281911
334.1,7,7,6.99756458766629,7.00307006372679,7.20028541923317,6.77102485046104,13.9951291753326,14.0061401274536,14.0593624926697,13.5999348563187
334.2,7,7,6.99756647746854,7.0030675883644,7.20030872570983,6.77099124303925,13.9951329549371,14.0061351767288,14.0590865300669,13.6003451908691
334.3,7,7,6.99756836378987,7.00306511569485,7.20033201897033,6.7709576681425,13.9951367275797,14.0061302313897,14.0588107300637,13.6007551379928
334.4,7,7,6.99757024749803,7.00306264505086,7.20035530228048,6.77092411770901,13.9951404949961,14.0061252901017,14.0585350524716,13.6011647937059
334.5,7,7,6.99757212859828,7.00306017643105,7.20037857564103,6.77089059172052,13.9951442571966,14.0061203528621,14.0582594972752,13.6015741582176
334.6,7,7,6.99757400709589,7.00305770983403,7.20040183905272,6.77085709015875,13.9951480141918,14.0061154196681,14.0579840644592,13.6019832317371
334.7,7,7,6.99757588298245,7.00305524526903,7.2004250924639,6.77082361313395,13.9951517659649,14.0061104905381,14.057708754653,13.6023920129425
334.8,7,7,6.99757775542998,7.00305278338576,7.2004483326649,6.77079016848865,13.99515551086,14.0061055667715,14.0574336073241,13.6028004083876
334.9,7,7,6.99757962529579,7.0030503235197,7.20047156292011,6.77075674819716,13.9951592505916,14.0061006470394,14.0571585823138,13.6032085136753
335,7,7,6.99758149258506,7.00304786566945,7.2004947832303,6.77072335224132,13.9951629851701,14.0060957313389,14.0568836796065,13.6036163290139
335.1,7,7,6.99758335730298,7.00304540983362,7.20051799359624,6.77068998060294,13.995166714606,14.0060908196672,14.0566088991863,13.6040238546114
335.2,7,7,6.99758521944126,7.00304295602142,7.20054119396632,6.77065663339181,13.9951704388825,14.0060859120428,14.0563342416821,13.6044310891514
335.3,7,7,6.99758707818184,7.00304050487985,7.20056438113244,6.7706233184154,13.9951741563637,14.0060810097597,14.0560597465307,13.6048379395892
335.4,7,7,6.99758893437172,7.00303805574714,7.20058755835749,6.77059002768394,13.9951778687434,14.0060761114943,14.0557853736035,13.6052445011167
335.5,7,7,6.99759078801602,7.00303560862189,7.20061072564226,6.77055676117935,13.995181576032,14.0060712172438,14.0555111228846,13.6056507739408
335.6,7,7,6.99759263911986,7.00303316350272,7.20063388298757,6.77052351888356,13.9951852782397,14.0060663270054,14.0552369943581,13.6060567582688
335.7,7,7,6.99759448767503,7.00303072039878,7.20065703034184,6.77049030090587,13.9951889753501,14.0060614407976,14.0549629886519,13.6064624527896
335.8,7,7,6.9975963328733,7.0030282799544,7.20068016449859,6.77045711501889,13.9951926657466,14.0060565599088,14.0546891451715,13.606867764858
335.9,7,7,6.99759817555147,7.00302584151054,7.20070328871916,6.77042395326857,13.9951963511029,14.0060516830211,14.0544154238193,13.6072727892567
336,7,7,6.99760001571461,7.0030234050658,7.20072640300436,6.77039081563694,13.9952000314292,14.0060468101316,14.0541418245792,13.6076775261918
336.1,7,7,6.99760185336776,7.0030209706188,7.20074950735503,6.770357702106,13.9952037067355,14.0060419412376,14.0538683474348,13.6080819758692
336.2,7,7,6.99760368850281,7.00301853817867,7.20077260171967,6.77032461278459,13.9952073770056,14.0060370763573,14.0535949930133,13.6084861369836
336.3,7,7,6.99760552032121,7.00301610838703,7.20079568289345,6.77029155541066,13.9952110406424,14.0060322167741,14.0533218006883,13.6088899172871
336.4,7,7,6.99760734964971,7.00301368058758,7.20081875413609,6.77025852206568,13.9952146992994,14.0060273611752,14.0530487303938,13.6092934111553
336.5,7,7,6.99760917649332,7.00301125477893,7.20084181544845,6.77022551273175,13.9952183529866,14.0060225095579,14.0527757821133,13.6096966187933
336.6,7,7,6.99761100085701,7.00300883095971,7.20086486683138,6.770192527391,13.995222001714,14.0060176619194,14.0525029558302,13.610099540406
336.7,7,7,6.99761282273276,7.00300640913898,7.20088790823344,6.77015956615179,13.9952256454655,14.006012818278,14.0522302521708,13.6105021746936
336.8,7,7,6.99761464133156,7.0030039899557,7.20091093645152,6.77012663671757,13.9952292826631,14.0060079799114,14.0519577104765,13.6109044298035
336.9,7,7,6.99761645747028,7.00300157275631,7.20093395474366,6.77009373120516,13.9952329149406,14.0060031455126,14.0516852907132,13.6113063997063
337,7,7,6.99761827115384,7.00299915753941,7.20095696311077,6.77006084959675,13.9952365423077,14.0059983150788,14.0514129928641,13.6117080846062
337.1,7,7,6.99762008238715,7.00299674430362,7.20097996155373,6.77002799187457,13.9952401647743,14.0059934886072,14.0511408169125,13.6121094847071
337.2,7,7,6.99762189116228,7.00299433305798,7.20100295002113,6.7699951581465,13.9952437823246,14.005988666116,14.0508687634838,13.6125105987144
337.3,7,7,6.99762369669965,7.00299192443877,7.20102592531163,6.76996235608169,13.9952473933993,14.0059838488775,14.0505968718863,13.6129113351691
337.4,7,7,6.99762549980633,7.00298951779514,7.20104889068159,6.76992957783212,13.9952509996127,14.0059790355903,14.0503251021186,13.6133117876389
337.5,7,7,6.9976273004872,7.00298711312571,7.2010718461319,6.76989682338007,13.9952546009744,14.0059742262514,14.0500534541638,13.6137119563268
337.6,7,7,6.9976290987471,7.00298471042909,7.2010947916635,6.76986409270785,13.9952581974942,14.0059694208582,14.0497819280047,13.6141118414358
337.7,7,7,6.99763089457817,7.0029823097143,7.20111772722502,6.76983138592289,13.9952617891563,14.0059646194286,14.0495105242659,13.6145114416766
337.8,7,7,6.99763268721015,7.00297991161493,7.20114064961695,6.76979871066022,13.9952653744203,14.0059598232299,14.0492392822224,13.6149106659817
337.9,7,7,6.99763447744047,7.00297751548285,7.20116356209387,6.76976605910677,13.9952689548809,14.0059550309657,14.048968161906,13.615309607518
338,7,7,6.99763626527391,7.0029751213167,7.2011864646567,6.76973343124491,13.9952725305478,14.0059502426334,14.0486971632992,13.6157082664873
338.1,7,7,6.99763805071527,7.00297272911508,7.20120935730641,6.76970082705707,13.9952761014305,14.0059454582302,14.0484262863849,13.6161066430917
338.2,7,7,6.99763983375678,7.00297033888696,7.2012322399917,6.7696682466502,13.9952796675136,14.0059406777739,14.0481555317867,13.6165047360472
338.3,7,7,6.99764161363734,7.00296795126328,7.20125510951488,6.76963569762537,13.9952832272747,14.0059359025266,14.0478849387455,13.6169024546759
338.4,7,7,6.99764339114486,7.00296556559863,7.20127796912876,6.76960317220432,13.9952867822897,14.0059311311973,14.047614467327,13.6172998917457
338.5,7,7,6.99764516628408,7.00296318189163,7.20130081883428,6.76957067036951,13.9952903325682,14.0059263637833,14.0473441175134,13.6176970474574
338.6,7,7,6.99764693905972,7.00296080014091,7.20132365863241,6.76953819210343,13.9952938781194,14.0059216002818,14.0470738892871,13.618093922012
338.7,7,7,6.9976487094641,7.00295842035538,7.20134648847193,6.7695057375126,13.9952974189282,14.0059168407108,14.0468037832712,13.618490514131
338.8,7,7,6.99765047674517,7.00295604316332,7.20136930515707,6.76947331416432,13.9953009534903,14.0059120863266,14.046533838672,13.618886733524
338.9,7,7,6.99765224168145,7.00295366792204,7.20139211193874,6.76944091431491,13.9953044833629,14.0059073358441,14.0462640155892,13.6192826725619
339,7,7,6.9976540042776,7.00295129463016,7.20141490881793,6.76940853794694,13.9953080085552,14.0059025892603,14.0459943140051,13.6196783314446
339.1,7,7,6.99765576453831,7.00294892328631,7.20143769579564,6.769376185043,13.9953115290766,14.0058978465726,14.0457247339017,13.620073710372
339.2,7,7,6.99765752245595,7.00294655389937,7.20146047282069,6.76934385570913,13.9953150449119,14.0058931077987,14.0454552759011,13.6204688080711
339.3,7,7,6.99765927728743,7.00294418709495,7.20148323669929,6.76931155747905,13.9953185545749,14.0058883741899,14.0451859791748,13.6208635346369
339.4,7,7,6.99766102980198,7.00294182223307,7.20150599068042,6.7692792826435,13.995322059604,14.0058836444661,14.0449168038572,13.6212579820454
339.5,7,7,6.99766278000423,7.00293945931236,7.20152873476511,6.76924703118513,13.9953255600085,14.0058789186247,14.0446477499302,13.6216521504956
339.6,7,7,6.99766452789877,7.00293709833144,7.20155146895437,6.76921480308664,13.9953290557975,14.0058741966629,14.0443788173757,13.6220460401865
339.7,7,7,6.99766627347808,7.00293473929916,7.20157419319709,6.76918259845359,13.9953325469562,14.0058694785983,14.044110006815,13.62243964985
339.8,7,7,6.99766801600787,7.00293238283848,7.20159690430148,6.76915042478631,13.9953360320157,14.005864765677,14.0438413573838,13.6228328899652
339.9,7,7,6.99766975624824,7.00293002831212,7.20161960551456,6.76911827440977,13.9953395124965,14.0058600566242,14.0435728292521,13.6232258521149
340,7,7,6.99767149420375,7.00292767571871,7.20164229683739,6.7690861473067,13.9953429884075,14.0058553514374,14.0433044224015,13.6236185364972
340.1,7,7,6.99767322987892,7.00292532505688,7.20166497827099,6.76905404345989,13.9953464597578,14.0058506501138,14.0430361368135,13.6240109433101
340.2,7,7,6.99767496326632,7.00292297633542,7.20168764976431,6.76902196297447,13.9953499265326,14.0058459526708,14.0427679731086,13.6244030712908
340.3,7,7,6.99767669364036,7.00292063017466,7.20171030812764,6.76898991331751,13.9953533872807,14.0058412603493,14.0424999703866,13.6247948313
340.4,7,7,6.99767842175212,7.00291828594002,7.20173295660597,6.76895788684804,13.9953568435042,14.00583657188,14.0422320888531,13.6251863145297
340.5,7,7,6.99768014760608,7.00291594363013,7.20175559520038,6.76892588354889,13.9953602952122,14.0058318872603,14.0419643284896,13.625577521177
340.6,7,7,6.99768187120672,7.00291360324361,7.20177822391192,6.76889390340293,13.9953637424134,14.0058272064872,14.0416966892773,13.6259684514387
340.7,7,7,6.9976835925467,7.00291126478924,7.2018008426896,6.76886194651483,13.9953671850934,14.0058225295785,14.0414291718359,13.6263591040575
340.8,7,7,6.99768531090898,7.00290892888468,7.20182344834582,6.76883002031863,13.995370621818,14.0058178577694,14.0411618152285,13.6267493902739
340.9,7,7,6.99768702703575,7.00290659489805,7.2018460441235,6.7687981172072,13.9953740540715,14.0058131897961,14.0408945796973,13.6271394008909
341,7,7,6.99768874093144,7.00290426282798,7.20186863002374,6.76876623716348,13.9953774818629,14.005808525656,14.0406274652233,13.6275291361044
341.1,7,7,6.99769045260046,7.00290193267311,7.20189120604762,6.76873438017042,13.9953809052009,14.0058038653462,14.0403604717876,13.6279185961104
341.2,7,7,6.99769216203556,7.00289960444215,7.20191377214421,6.76870254633225,13.9953843240711,14.0057992088843,14.040093600009,13.6283077796567
341.3,7,7,6.99769386852816,7.00289727875016,7.20193632512806,6.76867074305011,13.9953877370563,14.0057945575003,14.0398268889135,13.628696598362
341.4,7,7,6.99769557281166,7.00289495496793,7.20195886823999,6.76863896275057,13.9953911456233,14.0057899099359,14.0395602987802,13.6290851426419
341.5,7,7,6.99769727489044,7.00289263309408,7.20198140148109,6.76860720541667,13.9953945497809,14.0057852661882,14.03929382959,13.6294734126915
341.6,7,7,6.99769897476886,7.00289031312727,7.20200392485251,6.76857547103143,13.9953979495377,14.0057806262545,14.0390274813235,13.6298614087058
341.7,7,7,6.99770067243972,7.00288799507617,7.20202643830334,6.76854375969866,13.9954013448794,14.0057759901523,14.0387612545988,13.6302491294379
341.8,7,7,6.99770236720282,7.0028856795532,7.20204893865036,6.76851207878677,13.9954047344056,14.0057713591064,14.0384951884044,13.6306364868824
341.9,7,7,6.99770405978289,7.00288336593183,7.2020714291322,6.76848042075585,13.9954081195658,14.0057667318637,14.0382292430567,13.6310235710698
342,7,7,6.99770575018425,7.0028810542107,7.20209390975,6.76844878558902,13.9954115003685,14.0057621084214,14.0379634185362,13.6314103821943
342.1,7,7,6.99770743841118,7.00287874438847,7.20211638050491,6.76841717326941,13.9954148768224,14.0057574887769,14.0376977148236,13.6317969204498
342.2,7,7,6.99770912445659,7.00287643647374,7.20213884134611,6.76838558390037,13.9954182489132,14.0057528729475,14.0374321325359,13.6321831845947
342.3,7,7,6.9977108076285,7.00287413107635,7.2021612890926,6.76835402481776,13.995421615257,14.0057482621527,14.0371667106235,13.6325690869976
342.4,7,7,6.99771248864311,7.00287182757241,7.20218372698081,6.76832248851503,13.9954249772862,14.0057436551448,14.0369014094409,13.6329547173061
342.5,7,7,6.99771416750465,7.00286952596059,7.20220615501191,6.76829097497538,13.9954283350093,14.0057390519212,14.0366362289683,13.6333400757131
342.6,7,7,6.99771584421738,7.00286722623953,7.20222857318706,6.76825948418203,13.9954316884348,14.0057344524791,14.0363711691861,13.6337251624118
342.7,7,7,6.99771751877426,7.00286492841781,7.20225098145551,6.76822801623787,13.9954350375485,14.0057298568356,14.0361062307103,13.6341099761654
342.8,7,7,6.99771919049146,7.00286263310263,7.20227337663855,6.76819657844642,13.9954383809829,14.0057252662053,14.0358414524531,13.6344944297153
342.9,7,7,6.99772086007673,7.0028603396728,7.20229576197036,6.76816516333428,13.9954417201535,14.0057206793456,14.0355767948072,13.6348786123274
343,7,7,6.99772252753425,7.00285804812696,7.20231813745212,6.76813377088473,13.9954450550685,14.0057160962539,14.0353122577525,13.6352625241939
343.1,7,7,6.99772419286822,7.00285575846377,7.20234050308502,6.76810240108109,13.9954483857364,14.0057115169275,14.0350478412692,13.6356461655067
343.2,7,7,6.99772585607168,7.00285347069178,7.20236285881837,6.76807105402582,13.9954517121434,14.0057069413836,14.0347835459726,13.6360295350345
343.3,7,7,6.99772751646882,7.00285118541556,7.20238520147581,6.76803973699021,13.9954550329376,14.0057023708311,14.0345194107358,13.636412545889
343.4,7,7,6.99772917475905,7.0028489020166,7.2024075342892,6.76800844253386,13.9954583495181,14.0056978040332,14.0342553959902,13.6367952869567
343.5,7,7,6.99773083094653,7.00284662049353,7.20242985725975,6.76797717064016,13.9954616618931,14.0056932409871,14.0339915017157,13.6371777584287
343.6,7,7,6.99773248503538,7.00284434084501,7.20245217038867,6.7679459212925,13.9954649700708,14.00568868169,14.0337277278922,13.6375599604963
343.7,7,7,6.99773413701872,7.00284206307957,7.20247447362532,6.76791469459289,13.9954682740374,14.0056841261591,14.0334640751341,13.6379418919329
343.8,7,7,6.99773578622865,7.00283978779915,7.20249676379575,6.76788349778061,13.9954715724573,14.0056795755983,14.033200582275,13.6383234662192
343.9,7,7,6.99773743335638,7.00283751438791,7.20251904412946,6.76785232344808,13.9954748667128,14.0056750287758,14.0329372097857,13.6387047718638
344,7,7,6.99773907840601,7.00283524284449,7.20254131462766,6.76782117157876,13.995478156812,14.005670485689,14.0326739576459,13.6390858090572
344.1,7,7,6.99774072138159,7.00283297316755,7.20256357529162,6.76779004215612,13.9954814427632,14.0056659463351,14.0324108258353,13.6394665779895
344.2,7,7,6.99774236227633,7.00283070536557,7.20258582607074,6.76775893528177,13.9954847245527,14.0056614107311,14.0321478149672,13.6398470774393
344.3,7,7,6.99774400043014,7.00282844003791,7.20260806379349,6.76772785816308,13.9954880008603,14.0056568800758,14.0318849638354,13.640227221254
344.4,7,7,6.99774563652613,7.00282617657135,7.20263029168699,6.76769680342515,13.9954912730523,14.0056523531427,14.0316222329508,13.6406070975668
344.5,7,7,6.99774727056833,7.00282391496456,7.20265250975247,6.76766577105152,13.9954945411367,14.0056478299291,14.0313596222925,13.6409867065669
344.6,7,7,6.99774890256075,7.0028216552162,7.2026747179912,6.76763476102575,13.9954978051215,14.0056433104324,14.0310971318401,13.6413660484436
344.7,7,7,6.99775053249666,7.0028193973347,7.20269691635268,6.76760377344898,13.9955010649933,14.0056387946694,14.030834762206,13.6417451219806
344.8,7,7,6.99775215972369,7.00281714191684,7.20271910166784,6.76757281549693,13.9955043194474,14.0056342838337,14.0305725521438,13.6421238413904
344.9,7,7,6.99775378491694,7.00281488835204,7.20274127716134,6.76754187982715,13.9955075698339,14.0056297767041,14.0303104622044,13.6425022944322
345,7,7,6.99775540808039,7.00281263663896,7.20276344283445,6.76751096642327,13.9955108161608,14.0056252732779,14.0300484923669,13.6428804812943
345.1,7,7,6.99775702921801,7.00281038677628,7.20278559868846,6.76748007526894,13.995514058436,14.0056207735526,14.0297866426106,13.6432584021652
345.2,7,7,6.99775864832314,7.00280813877239,7.20280774467291,6.76744920646487,13.9955172966463,14.0056162775448,14.029524913547,13.6436360558334
345.3,7,7,6.99776026475099,7.00280589322147,7.20282987762128,6.76741836715524,13.995520529502,14.0056117864429,14.0292633438888,13.6440133568748
345.4,7,7,6.9977618791688,7.0028036495156,7.20285200075572,6.7673875500299,13.9955237583376,14.0056072990312,14.0290018942279,13.6443903926765
345.5,7,7,6.99776349158048,7.00280140765343,7.20287411407753,6.76735675507257,13.995526983161,14.0056028153069,14.028740564543,13.644767163426
345.6,7,7,6.99776510198996,7.00279916763364,7.20289621758802,6.767325982267,13.9955302039799,14.0055983352673,14.0284793548131,13.6451436693107
345.7,7,7,6.99776671039062,7.00279692946458,7.2029183112368,6.76729523171347,13.9955334207812,14.0055938589292,14.0282182656489,13.6455199091242
345.8,7,7,6.99776831614522,7.00279469373787,7.2029403918599,6.76726451052476,13.9955366322904,14.0055893874757,14.027957335722,13.6458957978038
345.9,7,7,6.99776991991317,7.00279245984819,7.20296246267695,6.7672338114229,13.9955398398263,14.0055849196964,14.0276965256653,13.6462714223666
346,7,7,6.99777152169836,7.00279022779423,7.20298452368925,6.76720313439167,13.9955430433967,14.0055804555885,14.0274358354573,13.646646782999
346.1,7,7,6.99777312150465,7.00278799757465,7.20300657489814,6.76717247941489,13.9955462430093,14.0055759951493,14.0271752650769,13.6470218798875
346.2,7,7,6.9977747193255,7.00278576919776,7.20302861625331,6.76714184659244,13.995549438651,14.0055715383955,14.0269148151339,13.6473967118307
346.3,7,7,6.99777631453107,7.00278354325261,7.20305064459338,6.7671112430059,13.9955526290621,14.0055670865052,14.026654524258,13.6477711941256
346.4,7,7,6.99777790777309,7.00278131913652,7.20307266313539,6.76708066140923,13.9955558155462,14.005562638273,14.0263943531239,13.6481454134209
346.5,7,7,6.99777949905539,7.00277909684816,7.20309467188069,6.76705010178634,13.9955589981108,14.0055581936963,14.02613430171,13.6485193699021
346.6,7,7,6.99778108838178,7.00277687638621,7.20311667083063,6.76701956412111,13.9955621767636,14.0055537527724,14.0258743699948,13.6488930637547
346.7,7,7,6.99778267574581,7.00277465775894,7.20313865993494,6.766989048513,13.9955653514916,14.0055493155179,14.0256145585873,13.6492664937825
346.8,7,7,6.99778426052491,7.00277244155283,7.20316063603493,6.76695856201254,13.9955685210498,14.0055448831057,14.025354906075,13.6496395756402
346.9,7,7,6.99778584336326,7.00277022716781,7.20318260234498,6.76692809740551,13.9955716867265,14.0055404543356,14.0250953731748,13.6500123956099
347,7,7,6.99778742426462,7.00276801460257,7.20320455886648,6.76689765467588,13.9955748485292,14.0055360292051,14.0248359598649,13.6503849538764
347.1,7,7,6.99778900323277,7.00276580385578,7.20322650560079,6.76686723380764,13.9955780064655,14.0055316077116,14.0245766661234,13.6507572506243
347.2,7,7,6.99779058026131,7.00276359493568,7.20324844249773,6.76683683489981,13.9955811605226,14.0055271898714,14.0243174925585,13.651129284662
347.3,7,7,6.99779215473488,7.00276138842619,7.20327036640126,6.76680646497204,13.9955843094698,14.0055227768524,14.0240584777153,13.6515009720006
347.4,7,7,6.99779372729019,7.00275918372985,7.20329228052312,6.76677611684175,13.9955874545804,14.0055183674597,14.023799582353,13.6518723985575
347.5,7,7,6.99779529793095,7.00275698084535,7.20331418486471,6.76674579049299,13.9955905958619,14.0055139616907,14.0235408064498,13.6522435645165
347.6,7,7,6.99779686666088,7.00275477977136,7.20333607942743,6.76671548590985,13.9955937333218,14.0055095595427,14.0232821499835,13.6526144700612
347.7,7,7,6.99779843347365,7.0027525805161,7.20335796416113,6.76668520319091,13.9955968669473,14.0055051610322,14.0230236135614,13.6529851140052
347.8,7,7,6.99779999776101,7.00275038366091,7.20337983591254,6.7666549493251,13.995599995522,14.0055007673218,14.0227652356855,13.6533554127137
347.9,7,7,6.9978015601523,7.00274818861097,7.20340169789067,6.76662471716132,13.9956031203046,14.0054963772219,14.0225069771583,13.6537254517413
348,7,7,6.99780312065118,7.00274599536494,7.20342355009694,6.76659450668371,13.9956062413024,14.0054919907299,14.0222488379574,13.6540952312709
348.1,7,7,6.99780467926131,7.00274380392151,7.20344539253276,6.76656431787642,13.9956093585226,14.005487607843,14.0219908180607,13.6544647514852
348.2,7,7,6.99780623597643,7.00274161428886,7.20346722514808,6.76653415083763,13.9956124719529,14.0054832285777,14.0217329180744,13.6548340112025
348.3,7,7,6.99780779019532,7.00273942704579,7.20348904479237,6.7665040125257,13.9956155803906,14.0054788540916,14.0214751764573,13.6552029271409
348.4,7,7,6.99780934254002,7.00273724160005,7.2035108546719,6.76647389582085,13.99561868508,14.0054744832001,14.0212175540551,13.6555715844938
348.5,7,7,6.99781089301415,7.00273505795035,7.20353265478811,6.76644380070729,13.9956217860283,14.0054701159007,14.0209600508454,13.6559399834431
348.6,7,7,6.99781244162132,7.00273287609535,7.20355444514244,6.76641372716925,13.9956248832426,14.0054657521907,14.0207026668058,13.6563081241706
348.7,7,7,6.99781398835534,7.0027306960432,7.20357622568488,6.76638367530452,13.9956279767107,14.0054613920864,14.0204454025415,13.6566760054997
348.8,7,7,6.9978155326219,7.00272851837016,7.20359799326773,6.76635365204102,13.9956310652438,14.0054570367403,14.0201882964676,13.6570435444992
348.9,7,7,6.99781707503588,7.00272634248658,7.20361975109448,6.76632365029014,13.9956341500718,14.0054526849732,14.0199313094737,13.657410826003
349,7,7,6.99781861560083,7.00272416839115,7.20364149916656,6.76629367003616,13.9956372312017,14.0054483367823,14.019674441537,13.6577778501924
349.1,7,7,6.99782015432032,7.00272199608257,7.20366323748544,6.76626371126342,13.9956403086406,14.0054439921651,14.0194176926351,13.6581446172483
349.2,7,7,6.99782169118822,7.00271982556892,7.20368496600119,6.76623377406925,13.9956433823764,14.0054396511378,14.0191610633722,13.6585111259986
349.3,7,7,6.99782322561707,7.00271765742394,7.20370668156895,6.76620386535135,13.9956464512341,14.0054353148479,14.0189045921191,13.6588772938616
349.4,7,7,6.99782475821463,7.00271549106057,7.20372838738938,6.76617397805209,13.9956495164293,14.0054309821211,14.0186482398098,13.6592432053136
349.5,7,7,6.99782628898443,7.0027133264775,7.20375008346393,6.76614411215585,13.9956525779689,14.005426652955,14.0183920064214,13.6596088605348
349.6,7,7,6.99782781792998,7.00271116367343,7.20377176979408,6.76611426764702,13.99565563586,14.0054223273469,14.0181358919309,13.6599742597054
349.7,7,7,6.99782934504523,7.0027090026564,7.20379344632999,6.76608444462254,13.9956586900905,14.0054180053128,14.017879896942,13.6603394016581
349.8,7,7,6.99783086974943,7.00270684399764,7.20381510992967,6.76605464995002,13.9956617394989,14.0054136879953,14.0176240597807,13.6607042041585
349.9,7,7,6.99783239264337,7.00270468711265,7.20383676379089,6.76602487660264,13.9956647852867,14.0054093742253,14.0173683414257,13.6610687513273
350,7,7,6.99783391373052,7.00270253200013,7.20385840791516,6.76599512456487,13.995667827461,14.0054050640003,14.0171127418539,13.6614330433436
350.1,7,7,6.99783543301436,7.00270037865878,7.20388004230397,6.76596539382118,13.9956708660287,14.0054007573176,14.0168572610421,13.6617970803869
350.2,7,7,6.99783695048888,7.00269822709661,7.20390166690751,6.76593568446811,13.9956739009778,14.0053964541932,14.0166018995931,13.6621608612946
350.3,7,7,6.99783846557999,7.00269607788233,7.20392327858677,6.7659060033433,13.99567693116,14.0053921557647,14.0163466957879,13.6625243041781
350.4,7,7,6.99783997888159,7.00269393043401,7.20394488053658,6.76587634345064,13.9956799577632,14.005387860868,14.0160916106502,13.6628874928039
350.5,7,7,6.99784149039709,7.00269178475035,7.20396647275846,6.76584670477465,13.9956829807942,14.0053835695007,14.0158366441568,13.6632504273505
350.6,7,7,6.99784300012993,7.00268964083006,7.20398805525394,6.76581708729991,13.9956860002599,14.0053792816601,14.0155817962843,13.6636131079962
350.7,7,7,6.99784450807417,7.00268749868111,7.20400962797327,6.76578749112252,13.9956890161483,14.0053749973622,14.0153270676345,13.6639755335833
350.8,7,7,6.99784601366227,7.00268535886969,7.20403118778039,6.76575792305036,13.9956920273245,14.0053707177394,14.0150724964431,13.6643376225673
350.9,7,7,6.99784751748132,7.00268322081644,7.20405273786721,6.76572837611782,13.9956950349626,14.0053664416329,14.0148180437792,13.6646994583624
351,7,7,6.99784901953469,7.00268108452008,7.20407427823525,6.7656988503095,13.9956980390694,14.0053621690402,14.0145637096195,13.665061041146
351.1,7,7,6.99785051982578,7.00267894997929,7.20409580888604,6.76566934561006,13.9957010396516,14.0053578999586,14.0143094939404,13.6654223710958
351.2,7,7,6.9978520183487,7.00267681720203,7.20411732976994,6.7656398621152,13.9957040366974,14.0053536344041,14.0140553973427,13.6657834470587
351.3,7,7,6.99785351454238,7.00267468675198,7.20413883775387,6.76561040660316,13.9957070290848,14.005349373504,14.0138014580163,13.6661441878326
351.4,7,7,6.99785500898721,7.00267255805234,7.20416033602675,6.76558097213869,13.9957100179744,14.0053451161047,14.0135476370763,13.6665046764811
351.5,7,7,6.99785650168651,7.00267043110181,7.20418182459011,6.76555155870647,13.995713003373,14.0053408622036,14.0132939344991,13.6668649131808
351.6,7,7,6.99785799264362,7.00266830589911,7.20420330344552,6.76552216629123,13.9957159852872,14.0053366117982,14.013040350261,13.6672248981083
351.7,7,7,6.99785948185273,7.00266618245213,7.2042247725434,6.76549279498827,13.9957189637055,14.0053323649043,14.0127868849617,13.6675846301155
351.8,7,7,6.99786096875915,7.00266406132207,7.2042462287537,6.76546345154637,13.9957219375183,14.0053281226441,14.0125335767452,13.6679440283408
351.9,7,7,6.99786245393663,7.00266194193468,7.20426767526231,6.76543412906044,13.9957249078733,14.0053238838694,14.0122803867727,13.668303175499
352,7,7,6.99786393738847,7.00265982428866,7.2042891120708,6.76540482751528,13.9957278747769,14.0053196485773,14.0120273150205,13.6686620717659
352.1,7,7,6.99786541911795,7.00265770838273,7.20431053918074,6.76537554689568,13.9957308382359,14.0053154167655,14.0117743614647,13.6690207173171
352.2,7,7,6.99786689911931,7.00265559422476,7.20433195654262,6.76534628729654,13.9957337982386,14.0053111884495,14.011521526704,13.6693791110092
352.3,7,7,6.99786837684419,7.00265348237344,7.20435336102949,6.7653170554373,13.9957367536884,14.0053069647469,14.0112688488359,13.6697371723199
352.4,7,7,6.99786985285977,7.00265137225706,7.20437475582414,6.76528784444294,13.9957397057195,14.0053027445141,14.0110162890683,13.6700949836164
352.5,7,7,6.99787132716933,7.00264926387435,7.20439614092817,6.76525865429832,13.9957426543387,14.0052985277487,14.0107638473773,13.6704525450739
352.6,7,7,6.99787279977609,7.002647157224,7.20441751634317,6.7652294849883,13.9957455995522,14.005294314448,14.0105115237387,13.6708098568672
352.7,7,7,6.99787427067437,7.00264505231387,7.2044388820197,6.76520033660739,13.9957485413487,14.0052901046277,14.0102593187505,13.6711669178574
352.8,7,7,6.997875739322,7.00264294970016,7.20446023483393,6.76517121584586,13.995751478644,14.0052858994003,14.010007270463,13.6715236478596
352.9,7,7,6.99787720627973,7.00264084881369,7.20448157796553,6.76514211585857,13.9957544125595,14.0052816976274,14.0097553401314,13.6718801288957
353,7,7,6.99787867155078,7.00263874965319,7.20450291141614,6.76511303663045,13.9957573431016,14.0052774993064,14.0095035277315,13.6722363611398
353.1,7,7,6.99788013513835,7.00263665221738,7.20452423518734,6.76508397814646,13.9957602702767,14.0052733044348,14.0092518332391,13.672592344766
353.2,7,7,6.99788159703679,7.00263455651404,7.20454554922978,6.7650549405007,13.9957631940736,14.0052691130281,14.0090002572509,13.67294807864
353.3,7,7,6.99788305671008,7.00263246309693,7.20456685042277,6.76502593035441,13.9957661134202,14.0052649261939,14.0087488377703,13.6733034829126
353.4,7,7,6.99788451471261,7.00263037139939,7.20458814194286,6.76499694089219,13.9957690294252,14.0052607427988,14.0084975360997,13.673658639262
353.5,7,7,6.99788597104754,7.00262828142015,7.20460942379166,6.76496797209905,13.9957719420951,14.0052565628403,14.0082463522148,13.6740135478614
353.6,7,7,6.99788742571804,7.00262619315793,7.20463069597082,6.76493902396001,13.9957748514361,14.0052523863159,14.0079952860911,13.674368208884
353.7,7,7,6.99788887871852,7.00262410662048,7.20465195843102,6.7649100965688,13.995777757437,14.005248213241,14.0077443383246,13.6747226212002
353.8,7,7,6.997890329519,7.00262202235909,7.20467320805479,6.76488119655775,13.995780659038,14.0052440447182,14.0074935468708,13.6750767052949
353.9,7,7,6.9978917786676,7.00261993980961,7.20469444801547,6.76485231714107,13.9957835573352,14.0052398796192,14.0072428730801,13.6754305425042
354,7,7,6.99789322616744,7.00261785897079,7.2047156783147,6.76482345830383,13.9957864523349,14.0052357179416,14.006992316928,13.6757841330003
354.1,7,7,6.99789467202164,7.00261577984134,7.20473689895415,6.76479462003114,13.9957893440433,14.0052315596827,14.0067418783899,13.6761374769558
354.2,7,7,6.99789611622467,7.00261370242899,7.20475810988458,6.76476580241633,13.9957922324493,14.005227404858,14.0064915580605,13.6764905732455
354.3,7,7,6.99789755825251,7.00261162728256,7.20477930799172,6.76473701206301,13.995795116505,14.0052232545651,14.0062413938476,13.6768433426869
354.4,7,7,6.9978989986471,7.00260955384042,7.2048004964457,6.76470824221479,13.9957979972942,14.0052191076808,14.0059913471499,13.6771958662755
354.5,7,7,6.99790043741152,7.00260748210131,7.20482167524819,6.76467949285685,13.995800874823,14.0052149642026,14.0057414179424,13.6775481441829
354.6,7,7,6.99790187454883,7.00260541206395,7.20484284440087,6.76465076397437,13.9958037490977,14.0052108241279,14.0054916062004,13.6779001765806
354.7,7,7,6.99790331005357,7.00260334373603,7.20486400385455,6.76462205566026,13.9958066201071,14.0052066874721,14.0052419125178,13.6782519623481
354.8,7,7,6.99790474340761,7.00260127766393,7.20488515049825,6.76459337448957,13.9958094868152,14.0052025553279,14.004992374754,13.6786034226339
354.9,7,7,6.99790617514678,7.00259921328852,7.20490628749883,6.7645647137352,13.9958123502936,14.005198426577,14.0047429543561,13.6789546380944
355,7,7,6.99790760527411,7.00259715060853,7.20492741485798,6.76453607338239,13.9958152105482,14.0051943012171,14.0044936512992,13.6793056089006
355.1,7,7,6.99790903379262,7.0025950896227,7.20494853257739,6.76450745341639,13.9958180675852,14.0051901792454,14.0042444655582,13.6796563352231
355.2,7,7,6.99791046069691,7.00259303033868,7.20496964060796,6.76447885392974,13.9958209213938,14.0051860606774,14.0039953977262,13.6800068159461
355.3,7,7,6.99791188547467,7.0025909733004,7.20499073584198,6.76445028146904,13.9958237709493,14.0051819466008,14.0037464856138,13.6803569725469
355.4,7,7,6.99791330865567,7.00258891795123,7.20501182144304,6.76442172933632,13.9958266173113,14.0051778359025,14.003497690717,13.6807068853454
355.5,7,7,6.99791473024293,7.00258686428992,7.20503289741283,6.76439319751688,13.9958294604859,14.0051737285798,14.0032490130107,13.6810565545112
355.6,7,7,6.99791615023942,7.00258481231519,7.20505396375306,6.76436468599608,13.9958323004788,14.0051696246304,14.0030004524698,13.6814059802144
355.7,7,7,6.9979175686398,7.00258276203466,7.2050750204147,6.76433619486605,13.9958351372796,14.0051655240693,14.0027520096863,13.6817551613436
355.8,7,7,6.99791898493747,7.00258071398983,7.20509606429339,6.7643077306451,13.9958379698749,14.0051614279797,14.0025037224217,13.6821040197039
355.9,7,7,6.99792039965628,7.00257866762655,7.20511709854937,6.76427928666424,13.9958407993126,14.0051573352531,14.0022555522215,13.6824526352794
356,7,7,6.99792181279918,7.00257662294358,7.20513812318435,6.76425086290887,13.9958436255984,14.0051532458872,14.0020074990603,13.6828010082393
356.1,7,7,6.99792322436913,7.00257457993964,7.20515913820006,6.76422245936438,13.9958464487383,14.0051491598793,14.0017595629128,13.6831491387524
356.2,7,7,6.99792463436083,7.00257253862232,7.20518014354755,6.76419407612254,13.9958492687217,14.0051450772446,14.00151174437,13.6834970257122
356.3,7,7,6.99792604227333,7.00257049953069,7.2052011361258,6.76416571967351,13.9958520845467,14.0051409990614,14.0012640811441,13.6838445912497
356.4,7,7,6.99792744862463,7.00256846211309,7.2052221190917,6.76413738337714,13.9958548972493,14.0051369242262,14.0010165348302,13.6841919150152
356.5,7,7,6.99792885341762,7.00256642636825,7.20524309244699,6.76410906721888,13.9958577068352,14.0051328527365,14.0007691054027,13.6845389971769
356.6,7,7,6.99793025665524,7.00256439229494,7.2052640561934,6.76408077118422,13.9958605133105,14.0051287845899,14.0005217928363,13.684885837903
356.7,7,7,6.99793165833221,7.00256235990068,7.20528501028205,6.76405249536454,13.9958633166644,14.0051247198014,14.0002745977208,13.6852324360913
356.8,7,7,6.9979330579532,7.00256032972213,7.20530595161533,6.76402424622199,13.9958661159064,14.0051206594443,14.0000275577188,13.6855787141975
356.9,7,7,6.99793445603039,7.0025583012101,7.20532688334672,6.7639960171451,13.9958689120608,14.0051166024202,13.9997806344754,13.6859247515394
357,7,7,6.99793585256665,7.00255627436334,7.20534780547798,6.76396780811941,13.9958717051333,14.0051125487267,13.9995338279649,13.6862705482846
357.1,7,7,6.99793724756487,7.0025542491806,7.20536871801086,6.76393961913048,13.9958744951297,14.0051084983612,13.9992871381615,13.6866161046004
357.2,7,7,6.99793864101983,7.00255222566938,7.20538962089656,6.76391145026929,13.9958772820397,14.0051044513388,13.9990405656545,13.686961419389
357.3,7,7,6.9979400324417,7.00255020436393,7.20541051104088,6.76388330797015,13.9958800648834,14.0051004087279,13.9987941480561,13.6873064154291
357.4,7,7,6.99794142233694,7.00254818471751,7.20543139159388,6.76385518565011,13.9958828446739,14.005096369435,13.9985478470618,13.6876511717079
357.5,7,7,6.9979428107084,7.00254616672889,7.20545226255733,6.76382708329481,13.9958856214168,14.0050923334578,13.9983016626458,13.687995688392
357.6,7,7,6.99794419755891,7.0025441503968,7.205473123933,6.76379900088986,13.9958883951178,14.0050883007936,13.9980555947821,13.6883399656481
357.7,7,7,6.99794558288333,7.00254213572874,7.20549397567216,6.76377093852587,13.9958911657667,14.0050842714575,13.997809644059,13.6886840023828
357.8,7,7,6.99794696619723,7.00254012325653,7.20551481468409,6.76374290260942,13.9958939323945,14.0050802465131,13.9975638480384,13.689027721696
357.9,7,7,6.99794834800146,7.00253811243589,7.20553564411536,6.76371488658598,13.9958966960029,14.0050762248718,13.9973181684664,13.689371202246
358,7,7,6.99794972829882,7.00253610326559,7.20555646396777,6.76368689044123,13.9958994565976,14.0050722065312,13.9970726053171,13.6897144441987
358.1,7,7,6.9979511070921,7.00253409574438,7.2055772742431,6.76365891416087,13.9959022141842,14.0050681914888,13.9968271585644,13.6900574477197
358.2,7,7,6.9979524843762,7.00253208987971,7.20559807489269,6.76363095783514,13.9959049687524,14.0050641797594,13.9965818287953,13.6904002117203
358.3,7,7,6.99795385967208,7.00253008620101,7.20561886282931,6.76360302784303,13.9959077193442,14.005060172402,13.9963366535213,13.69074265962
358.4,7,7,6.997955233475,7.00252808416646,7.20563964119605,6.76357511765825,13.99591046695,14.0050561683329,13.9960915945394,13.6910848697497
358.5,7,7,6.99795660578774,7.0025260837748,7.20566040999471,6.76354722726657,13.9959132115755,14.0050521675496,13.9958466518236,13.6914268422746
358.6,7,7,6.99795797661305,7.00252408502483,7.20568116922709,6.76351935665375,13.9959159532261,14.0050481700497,13.9956018253475,13.6917685773594
358.7,7,7,6.99795934594587,7.00252208792392,7.20570191884461,6.76349150590965,13.9959186918917,14.0050441758478,13.9953571156973,13.6921100739199
358.8,7,7,6.99796071331246,7.00252009299914,7.20572265576357,6.76346368138585,13.9959214266249,14.0050401859983,13.9951125603334,13.6924512556937
358.9,7,7,6.99796207920258,7.0025180997111,7.20574338312351,6.76343587658413,13.9959241584052,14.0050361994222,13.9948681211042,13.6927922006861
359,7,7,6.99796344361898,7.00251610805855,7.20576410092625,6.76340809149035,13.995926887238,14.0050322161171,13.9946237979833,13.6931329090611
359.1,7,7,6.99796480656438,7.00251411804028,7.20578480917361,6.76338032609035,13.9959296131288,14.0050282360806,13.9943795909444,13.693473380983
359.2,7,7,6.99796616803377,7.00251212966365,7.20580550781709,6.76335258047361,13.9959323360675,14.0050242593273,13.9941355005726,13.6938136153717
359.3,7,7,6.9979675275586,7.00251014345333,7.20582619377654,6.76332486096438,13.9959350551172,14.0050202869067,13.993891564277,13.6941535362818
359.4,7,7,6.99796888562326,7.00250815887236,7.20584687018792,6.76329716109245,13.9959377712465,14.0050163177447,13.9936477439576,13.694493221394
359.5,7,7,6.99797024223043,7.00250617591952,7.2058675370531,6.76326948084372,13.9959404844609,14.005012351839,13.993404039588,13.6948326708717
359.6,7,7,6.9979715973828,7.00250419459357,7.2058881943739,6.76324182020411,13.9959431947656,14.0050083891871,13.9931604511417,13.6951718848784
359.7,7,7,6.99797295107541,7.00250221490185,7.20590884210188,6.76321417926273,13.9959459021508,14.0050044298037,13.9929169792026,13.6955108623383
359.8,7,7,6.99797430284487,7.00250023736667,7.20592947716048,6.76318656431667,13.9959486056897,14.0050004747333,13.9926736611284,13.6958495276211
359.9,7,7,6.99797565317021,7.00249826145347,7.20595010268209,6.76315896892354,13.9959513063404,14.0049965229069,13.992430458871,13.696187958085
360,7,7,6.99797700205409,7.00249628716105,7.20597071866857,6.76313139306931,13.9959540041082,14.0049925743221,13.9921873724038,13.6965261538925
360.1,7,7,6.99797834949915,7.00249431448818,7.20599132512176,6.76310383673997,13.9959566989983,14.0049886289764,13.9919444017001,13.6968641152063
360.2,7,7,6.99797969550049,7.00249234344214,7.20601192199331,6.76307630002426,13.995959391001,14.0049846868843,13.9917015473429,13.6972018409549
360.3,7,7,6.99798103959979,7.0024903745429,7.20603250621026,6.76304878919225,13.9959620791996,14.0049807490858,13.991458846638,13.6975392558218
360.4,7,7,6.99798238227081,7.00248840725832,7.20605308090139,6.76302129782922,13.9959647645416,14.0049768145166,13.9912162615895,13.697876436844
360.5,7,7,6.99798372351617,7.00248644158717,7.20607364606854,6.76299382592122,13.9959674470323,14.0049728831743,13.9909737921708,13.6982133841831
360.6,7,7,6.9979850633385,7.00248447752825,7.20609420171361,6.76296637345431,13.995970126677,14.0049689550565,13.9907314383548,13.6985500980011
360.7,7,7,6.99798640173293,7.00248251508882,7.20611474778829,6.76293894051686,13.9959728034659,14.0049650301776,13.9904892007238,13.6988865772309
360.8,7,7,6.99798773824614,7.00248055478646,7.20613528122329,6.76291153335205,13.9959754764923,14.0049611095729,13.9902471165311,13.6992227468681
360.9,7,7,6.99798907334671,7.00247859609145,7.20615580514372,6.76288414557271,13.9959781466934,14.0049571921829,13.9900051478335,13.6995586836299
361,7,7,6.99799040703721,7.00247663900258,7.20617631955144,6.76285677716494,13.9959808140744,14.0049532780052,13.9897632946042,13.6998943876774
361.1,7,7,6.99799173932024,7.00247468351863,7.20619682444835,6.76282942811489,13.9959834786405,14.0049493670373,13.9895215568162,13.7002298591717
361.2,7,7,6.99799307019098,7.00247272964683,7.20621731978624,6.76280209851054,13.995986140382,14.0049454592937,13.9892799350504,13.70056509705
361.3,7,7,6.99799439920105,7.00247077790243,7.20623780249949,6.76277479456835,13.9959887984021,14.0049415558049,13.9890384665078,13.7009000266185
361.4,7,7,6.9979957268139,7.0024688277581,7.2062582757095,6.76274750992852,13.9959914536278,14.0049376555162,13.9887971132982,13.7012347242764
361.5,7,7,6.99799705303208,7.00246687921263,7.20627873941817,6.76272024457724,13.9959941060642,14.0049337584253,13.9885558753944,13.7015691901841
361.6,7,7,6.99799837785813,7.00246493226481,7.20629919362741,6.76269299850073,13.9959967557163,14.0049298645296,13.9883147527694,13.7019034245017
361.7,7,7,6.99799970128729,7.00246298692184,7.20631963828908,6.7626657717866,13.9959994025746,14.0049259738437,13.9880737460032,13.7022374261709
361.8,7,7,6.99800102287607,7.00246104369661,7.20634007034126,6.76263857062468,13.9960020457521,14.0049220873932,13.9878328922437,13.702571120807
361.9,7,7,6.99800234308283,7.0024591020642,7.20636049290164,6.76261138868246,13.9960046861657,14.0049182041284,13.9875921536541,13.7029045844926
362,7,7,6.99800366191011,7.00245716202339,7.20638090597213,6.76258422594618,13.9960073238202,14.0049143240468,13.9873515302071,13.7032378173874
362.1,7,7,6.9980049793604,7.00245522357299,7.20640130955466,6.76255708240213,13.9960099587208,14.004910447146,13.9871110218754,13.7035708196507
362.2,7,7,6.998006295429,7.00245328672014,7.20642170360116,6.76252995813755,13.996012590858,14.0049065734403,13.9868706292381,13.7039035902285
362.3,7,7,6.99800760967721,7.00245135197544,7.20644208505345,6.76250285931581,13.9960152193544,14.0049027039509,13.98663038939,13.7042360550436
362.4,7,7,6.99800892255842,7.00244941881632,7.20646245702547,6.7624757796315,13.9960178451168,14.0048988376326,13.9863902645478,13.7045682898638
362.5,7,7,6.99801023407513,7.00244748724158,7.20648281951914,6.76244871907095,13.9960204681503,14.0048949744832,13.986150254684,13.704900294848
362.6,7,7,6.99801154422979,7.00244555725001,7.20650317253641,6.76242167762051,13.9960230884596,14.0048911145,13.9859103597711,13.7052320701546
362.7,7,7,6.99801285301775,7.00244362884876,7.20652351602929,6.76239465536707,13.9960257060355,14.0048872576975,13.9856705803873,13.705563614734
362.8,7,7,6.99801416000506,7.00244170254606,7.20654384694335,6.76236765844762,13.9960283200101,14.0048834050921,13.985430953574,13.7058948548151
362.9,7,7,6.99801546564018,7.00243977782174,7.20656416838876,6.76234068058377,13.9960309312804,14.0048795556435,13.9851914416016,13.7062258658522
363,7,7,6.99801676992557,7.00243785467461,7.20658448036746,6.7623137217619,13.9960335398511,14.0048757093492,13.9849520444426,13.7065566480034
363.1,7,7,6.99801807286367,7.00243593310345,7.2066047828814,6.76228678196843,13.9960361457273,14.0048718662069,13.9847127620694,13.7068872014265
363.2,7,7,6.99801937444984,7.00243401311537,7.20662507588266,6.7622598612899,13.9960387488997,14.0048680262307,13.984473595059,13.7072175250759
363.3,7,7,6.99802067425483,7.0024320952163,7.20664535632064,6.76223296583708,13.9960413485097,14.0048641904326,13.9842345803992,13.7075475454854
363.4,7,7,6.99802197272226,7.00243017888844,7.20666562730166,6.76220608935842,13.9960439454445,14.0048603577769,13.9839956804146,13.7078773377973
363.5,7,7,6.99802326985452,7.00242826413057,7.2066858888277,6.76217923184038,13.996046539709,14.0048565282611,13.9837568950775,13.7082069021689
363.6,7,7,6.99802456565405,7.00242635094152,7.2067061409007,6.76215239326945,13.9960491313081,14.004852701883,13.98351822436,13.7085362387572
363.7,7,7,6.99802586011624,7.00242443932834,7.20672638347286,6.76212557373181,13.9960517202325,14.0048488786567,13.9832796688383,13.7088653465209
363.8,7,7,6.99802715281646,7.00242252979467,7.20674661349734,6.76209877931214,13.9960543056329,14.0048450595893,13.9830412654462,13.7091941522969
363.9,7,7,6.99802844419352,7.00242062182504,7.20676683407668,6.76207200378561,13.996056888387,14.0048412436501,13.9828029765625,13.7095227309172
364,7,7,6.99802973424982,7.00241871541827,7.20678704521283,6.76204524713876,13.9960594684996,14.0048374308365,13.9825648021596,13.7098510825381
364.1,7,7,6.99803102298772,7.00241681057316,7.20680724690778,6.76201850935812,13.9960620459754,14.0048336211463,13.9823267422094,13.7101792073161
364.2,7,7,6.99803231040268,7.00241490729674,7.20682743911376,6.76199179052953,13.9960646208054,14.0048298145935,13.982088797287,13.710507104214
364.3,7,7,6.99803359607462,7.00241300609036,7.20684761878784,6.76196509671172,13.9960671921492,14.0048260121807,13.981851004272,13.7108347003705
364.4,7,7,6.99803488043764,7.00241110644089,7.20686778902864,6.76193842170644,13.9960697608753,14.0048222128818,13.9816133255981,13.7111620703085
364.5,7,7,6.99803616349407,7.00240920834716,7.20688794983815,6.76191176550029,13.9960723269881,14.0048184166943,13.9813757612372,13.7114892141837
364.6,7,7,6.99803744524626,7.00240731180797,7.20690810121836,6.76188512807988,13.9960748904925,14.0048146236159,13.9811383111613,13.7118161321518
364.7,7,7,6.99803872568973,7.00240541683032,7.2069282431216,6.76185850953067,13.9960774513795,14.0048108336606,13.9809009759444,13.7121428231796
364.8,7,7,6.99804000440887,7.00240352391327,7.20694837250879,6.76183191588561,13.9960800088177,14.0048070478265,13.9806637924117,13.7124692147065
364.9,7,7,6.99804128183312,7.00240163254602,7.20696849247467,6.76180534097286,13.9960825636662,14.004803265092,13.9804267230516,13.7127953809476
365,7,7,6.99804255796478,7.00239974272741,7.20698860302124,6.76177878477909,13.9960851159296,14.0047994854548,13.9801897678362,13.7131213220579
365.1,7,7,6.99804383280618,7.00239785445626,7.20700870415051,6.761752247291,13.9960876656124,14.0047957089125,13.9799529267371,13.7134470381925
365.2,7,7,6.99804510635285,7.00239596773952,7.20702879581486,6.76172572859368,13.9960902127057,14.004791935479,13.9797162003274,13.7137725283223
365.3,7,7,6.99804637819365,7.00239408307397,7.20704887497915,6.76169923469438,13.9960927563873,14.0047881661479,13.9794796253775,13.7140977201854
365.4,7,7,6.9980476487534,7.00239219995115,7.20706894473417,6.7616727594476,13.9960952975068,14.0047843999023,13.9792431644311,13.7144226876911
365.5,7,7,6.99804891803438,7.00239031836989,7.20708900508195,6.76164630284006,13.9960978360688,14.0047806367398,13.97900681746,13.7147474309937
365.6,7,7,6.99805018603888,7.00238843832903,7.2071090560245,6.76161986485853,13.9961003720778,14.0047768766581,13.9787705844359,13.7150719502473
365.7,7,7,6.99805145276248,7.00238655983547,7.2071290975143,6.76159344558775,13.996102905525,14.0047731196709,13.9785344659307,13.7153962444271
365.8,7,7,6.99805271779841,7.00238468338373,7.20714912652011,6.7615670510094,13.9961054355968,14.0047693667675,13.9782984986598,13.7157202415687
365.9,7,7,6.99805398156694,7.00238280846768,7.20716914612879,6.76154067500416,13.9961079631339,14.0047656169354,13.9780626452226,13.7160440152767
366,7,7,6.99805524407033,7.00238093508615,7.20718915634236,6.76151431755883,13.9961104881407,14.0047618701723,13.9778269055905,13.7163675657047
366.1,7,7,6.99805650531084,7.00237906323796,7.20720915716287,6.76148797866023,13.9961130106217,14.0047581264759,13.9775912797352,13.7166908930062
366.2,7,7,6.99805776528408,7.00237719293002,7.20722914854287,6.76146165839277,13.9961155305682,14.00475438586,13.9773557682274,13.7170139961604
366.3,7,7,6.99805902358761,7.00237532465454,7.20724912745506,6.76143536271268,13.9961180471752,14.0047506493091,13.9771204077276,13.7173368034989
366.4,7,7,6.99806028063722,7.00237345790774,7.20726909698234,6.76140908552669,13.9961205612744,14.0047469158155,13.9768851608905,13.7176593883234
366.5,7,7,6.99806153643514,7.00237159268843,7.20728905712675,6.76138282682168,13.9961230728703,14.0047431853769,13.9766500276878,13.7179817507865
366.6,7,7,6.99806279098359,7.00236972899545,7.20730900789033,6.76135658658452,13.9961255819672,14.0047394579909,13.9764150080908,13.7183038910411
366.7,7,7,6.99806404427823,7.00236786683567,7.20732894922571,6.76133036489927,13.9961280885565,14.0047357336713,13.9761801026693,13.7186258080706
366.8,7,7,6.99806529592087,7.00236600669906,7.2073488781096,6.76130416769686,13.9961305918417,14.0047320133981,13.9759453480281,13.718947430501
366.9,7,7,6.99806654632288,7.00236414808412,7.20736879762087,6.76127798890996,13.9961330926458,14.0047282961682,13.9757107068782,13.7192688313325
367,7,7,6.99806779548647,7.00236229098969,7.20738870776157,6.76125182852547,13.9961355909729,14.0047245819794,13.9754761791909,13.719590010717
367.1,7,7,6.99806904341383,7.00236043541459,7.20740860853377,6.76122568653037,13.9961380868277,14.0047208708292,13.9752417649375,13.7199109688066
367.2,7,7,6.99807029010065,7.00235858136567,7.20742849989017,6.76119956300835,13.9961405802013,14.0047171627313,13.9750074646868,13.7202317045887
367.3,7,7,6.99807153515295,7.00235672933066,7.20744837881148,6.76117346386516,13.9961430703059,14.0047134586613,13.9747733149877,13.7205521469827
367.4,7,7,6.99807277897774,7.00235487881034,7.20746824837254,6.76114738305926,13.9961455579555,14.0047097576207,13.9745392786077,13.7208723686884
367.5,7,7,6.9980740215772,7.00235302980356,7.20748810857543,6.76112132057763,13.9961480431544,14.0047060596071,13.9743053555178,13.7211923698572
367.6,7,7,6.99807526295347,7.00235118230916,7.20750795942221,6.76109527640728,13.9961505259069,14.0047023646183,13.9740715456892,13.7215121506402
367.7,7,7,6.99807650310231,7.00234933633394,7.20752780086568,6.7610692506316,13.9961530062046,14.0046986726679,13.9738378496897,13.7218317100291
367.8,7,7,6.99807774163388,7.00234749236339,7.20754762989057,6.76104324913127,13.9961554832678,14.0046949847268,13.9736043040122,13.722150977235
367.9,7,7,6.99807897895088,7.0023456499006,7.20756744956767,6.76101726589039,13.9961579579018,14.0046912998012,13.9733708714806,13.7224700246589
368,7,7,6.99808021505545,7.0023438089444,7.20758725989906,6.76099130089602,13.9961604301109,14.0046876178888,13.973137552066,13.7227888524516
368.1,7,7,6.99808144994972,7.00234196949365,7.20760706088682,6.76096535413524,13.9961628998994,14.0046839389873,13.9729043457393,13.7231074607634
368.2,7,7,6.99808268362948,7.00234013155511,7.20762685248382,6.76093942569108,13.996165367259,14.0046802631102,13.9726712530673,13.72342584859
368.3,7,7,6.99808391570898,7.00233829561204,7.20764663167886,6.76091352141931,13.996167831418,14.0046765912241,13.9724383104868,13.723743945433
368.4,7,7,6.99808514658668,7.00233646116981,7.20766640153864,6.76088763532955,13.9961702931734,14.0046729223396,13.9722054808782,13.724061823396
368.5,7,7,6.99808637626469,7.00233462822726,7.20768616206526,6.76086176740893,13.9961727525294,14.0046692564545,13.9719727642127,13.7243794826291
368.6,7,7,6.99808760474512,7.00233279678325,7.2077059132608,6.7608359176446,13.9961752094902,14.0046655935665,13.971740160461,13.724696923282
368.7,7,7,6.99808883202378,7.0023309668445,7.20772565507822,6.76081008611923,13.9961776640476,14.004661933689,13.9715076701888,13.7250141443542
368.8,7,7,6.99809005771896,7.00232913889207,7.2077453845104,6.76078427866379,13.9961801154379,14.0046582777841,13.9712753297765,13.7253310756365
368.9,7,7,6.99809128222494,7.00232731243358,7.20776510461993,6.76075848931331,13.9961825644499,14.0046546248672,13.9710431021616,13.7256477889366
369,7,7,6.9980925055438,7.00232548746789,7.20778481540891,6.76073271805499,13.9961850110876,14.0046509749358,13.970810987315,13.7259642844038
369.1,7,7,6.99809372767762,7.00232366399385,7.20780451687945,6.76070696487604,13.9961874553552,14.0046473279877,13.9705789852074,13.726280562187
369.2,7,7,6.99809494862224,7.00232184201815,7.20782420898458,6.76068122985878,13.9961898972445,14.0046436840363,13.9703470964035,13.7265966212899
369.3,7,7,6.99809616799996,7.00232002201966,7.20784388872129,6.76065551880952,13.9961923359999,14.0046400440393,13.9701153572268,13.7269123917908
369.4,7,7,6.99809738620089,7.00231820350823,7.20786355914803,6.76062982578855,13.9961947724018,14.0046364070165,13.9698837306722,13.7272279452031
369.5,7,7,6.9980986032271,7.00231638648274,7.20788322026692,6.76060415078313,13.9961972064542,14.0046327729655,13.9696522167104,13.727543281675
369.6,7,7,6.99809981908064,7.00231457094204,7.20790287208008,6.76057849378053,13.9961996381613,14.0046291418841,13.9694208153122,13.7278584013551
369.7,7,7,6.9981010337574,7.00231275689281,7.20792251454062,6.76055285486277,13.9962020675148,14.0046255137856,13.969189527041,13.728173303251
369.8,7,7,6.99810224688358,7.00231094481168,7.20794214464965,6.76052723981156,13.9962044937672,14.0046218896234,13.9689583881635,13.7284879177271
369.9,7,7,6.99810345884525,7.00230913421078,7.20796176546148,6.76050164271235,13.9962069176905,14.0046182684216,13.968727361732,13.7288023160038
370,7,7,6.99810466964442,7.00230732508898,7.20798137697822,6.76047606355248,13.9962093392888,14.004614650178,13.9684964477172,13.7291164982287
370.1,7,7,6.99810587928314,7.00230551744514,7.20800097920201,6.76045050231928,13.9962117585663,14.0046110348903,13.9682656460896,13.7294304645495
370.2,7,7,6.99810708775731,7.00230371128591,7.20802057208604,6.76042495909441,13.9962141755146,14.0046074225718,13.9680349574118,13.7297442139779
370.3,7,7,6.99810829469703,7.00230190708571,7.2080401526356,6.76039943963516,13.9962165893941,14.0046038141714,13.9678044178931,13.7300576771632
370.4,7,7,6.99810950048432,7.00230010435894,7.20805972390077,6.76037393805201,13.9962190009686,14.0046002087179,13.9675739906438,13.7303709250341
370.5,7,7,6.9981107051212,7.00229830310447,7.2080792858837,6.76034845433236,13.9962214102424,14.0045966062089,13.9673436756342,13.7306839577374
370.6,7,7,6.99811190860965,7.00229650332115,7.20809883858654,6.7603229884636,13.9962238172193,14.0045930066423,13.9671134728349,13.7309967754203
370.7,7,7,6.99811311094564,7.00229470501559,7.20811838196255,6.76029754052705,13.9962262218913,14.0045894100312,13.9668833828073,13.7313093770982
370.8,7,7,6.99811431176308,7.00229290866006,7.2081379130212,6.7602721162557,13.9962286235262,14.0045858173201,13.9666534417035,13.7316216937042
370.9,7,7,6.99811551144003,7.00229111377117,7.20815743480837,6.76024670978492,13.9962310228801,14.0045822275423,13.9664236126915,13.7319337958765
371,7,7,6.99811670997847,7.00228932034778,7.20817694732622,6.76022132110218,13.9962334199569,14.0045786406956,13.9661938957418,13.7322456837613
371.1,7,7,6.99811790738037,7.00228752838878,7.20819645057691,6.76019595019492,13.9962358147607,14.0045750567776,13.9659642908246,13.7325573575051
371.2,7,7,6.99811910364173,7.00228573790073,7.20821594451378,6.76017059714414,13.9962382072835,14.0045714758015,13.9657347985005,13.7328688161272
371.3,7,7,6.99812029840022,7.00228394935372,7.20823542615048,6.76014526765863,13.9962405968004,14.0045678987074,13.9655054548637,13.733179990843
371.4,7,7,6.99812149202999,7.00228216226658,7.20825489852869,6.76011995589854,13.99624298406,14.0045643245332,13.9652762231407,13.7334909520016
371.5,7,7,6.99812268453301,7.0022803766382,7.20827436165056,6.76009466185139,13.996245369066,14.0045607532764,13.9650471033016,13.7338016997487
371.6,7,7,6.9981238759112,7.00227859246745,7.20829381551827,6.76006938550471,13.9962477518224,14.0045571849349,13.9648180953168,13.7341122342299
371.7,7,7,6.99812506616061,7.00227680976088,7.20831326008525,6.76004412693915,13.9962501323212,14.0045536195218,13.9645891997456,13.7344225544686
371.8,7,7,6.99812625492263,7.00227502898639,7.20833269236937,6.76001889183941,13.9962525098453,14.0045500579728,13.9643604526245,13.734732591961
371.9,7,7,6.99812744256756,7.00227324966504,7.20835211540803,6.75999367439032,13.9962548851351,14.0045464993301,13.9641318172384,13.7350424167687
372,7,7,6.99812862909731,7.00227147179572,7.20837152920342,6.75996847457946,13.9962572581946,14.0045429435914,13.9639032935573,13.7353520290366
372.1,7,7,6.99812981451381,7.0022696953773,7.20839093375771,6.7599432923944,13.9962596290276,14.0045393907546,13.9636748815515,13.7356614289097
372.2,7,7,6.99813099881312,7.00226792041631,7.20841032902442,6.75991812791548,13.9962619976262,14.0045358408326,13.9634465817791,13.7359706154151
372.3,7,7,6.99813218164031,7.00226614737848,7.20842971202567,6.75989298680345,13.9962643632806,14.004532294757,13.9632184302188,13.7362795203289
372.4,7,7,6.99813336336187,7.00226437578709,7.20844908579458,6.75986786326766,13.9962667267237,14.0045287515742,13.9629903902139,13.7365882134262
372.5,7,7,6.9981345439797,7.00226260564103,7.20846845033334,6.75984275729575,13.9962690879594,14.0045252112821,13.9627624617345,13.7368966948513
372.6,7,7,6.99813572349567,7.00226083693917,7.20848780564415,6.75981766887536,13.9962714469913,14.0045216738783,13.9625346447506,13.7372049647486
372.7,7,7,6.99813690190591,7.002259069688,7.20850715168059,6.75979259808649,13.9962738038118,14.004518139376,13.9623069398195,13.737513022149
372.8,7,7,6.99813807885909,7.00225730435112,7.20852648546906,6.75976755056606,13.9962761577182,14.0045146087022,13.9620793828614,13.7378207991068
372.9,7,7,6.99813925471795,7.002255540454,7.20854581003838,6.75974252054784,13.9962785094359,14.004511080908,13.9618519372786,13.7381283651124
373,7,7,6.99814042948435,7.00225377799553,7.20856512539074,6.75971750801951,13.9962808589687,14.0045075559911,13.9616246030411,13.7384357203093
373.1,7,7,6.99814160316016,7.00225201697459,7.20858443152836,6.75969251296879,13.9962832063203,14.0045040339492,13.9613973801188,13.7387428648411
373.2,7,7,6.99814277574152,7.00225025739765,7.2086037284049,6.75966753547535,13.996285551483,14.0045005147953,13.9611702690678,13.7390497977428
373.3,7,7,6.9981439468807,7.00224849972614,7.20862301305105,6.75964258115239,13.9962878937614,14.0044969994523,13.9609433057499,13.7393564513455
373.4,7,7,6.99814511693671,7.00224674348775,7.2086422884913,6.75961764425796,13.9962902338734,14.0044934869755,13.9607164536267,13.739662894856
373.5,7,7,6.99814628591139,7.00224498868135,7.20866155472786,6.75959272477981,13.9962925718228,14.0044899773627,13.9604897126678,13.7399691284174
373.6,7,7,6.99814745380658,7.00224323530584,7.20868081176295,6.75956782270572,13.9962949076132,14.0044864706117,13.9602630828431,13.7402751521724
373.7,7,7,6.99814862061847,7.00224148336765,7.20870005955032,6.75954293811504,13.9962972412369,14.0044829667353,13.9600365647077,13.7405809651599
373.8,7,7,6.99814978600283,7.00223973332609,7.20871929512496,6.75951807659735,13.9962995720057,14.0044794666522,13.9598101940648,13.7408864999865
373.9,7,7,6.99815095031503,7.00223798471101,7.20873852150702,6.75949323243488,13.9963019006301,14.004475969422,13.959583934435,13.741191825577
374,7,7,6.99815211355689,7.0022362375213,7.20875773869872,6.75946840561546,13.9963042271138,14.0044724750426,13.9593577857881,13.7414969420738
374.1,7,7,6.99815327573022,7.00223449175587,7.2087769467023,6.7594435961269,13.9963065514604,14.0044689835117,13.9591317480938,13.7418018496188
374.2,7,7,6.99815443683122,7.00223274742111,7.20879614547158,6.75941880404824,13.9963088736624,14.0044654948422,13.9589058219062,13.7421065472548
374.3,7,7,6.99815559651918,7.00223100497421,7.20881533204588,6.75939403494558,13.9963111930384,14.0044620099484,13.9586800429694,13.7424109678629
374.4,7,7,6.99815675514583,7.00222926394718,7.20883450944099,6.75936928312519,13.9963135102917,14.0044585278944,13.9584543748638,13.7427151800868
374.5,7,7,6.99815791271297,7.00222752433893,7.20885367765914,6.75934454857497,13.9963158254259,14.0044550486779,13.9582288175589,13.7430191840683
374.6,7,7,6.9981590692224,7.00222578614837,7.20887283670256,6.75931983128278,13.9963181384448,14.0044515722967,13.9580033710244,13.7433229799487
374.7,7,7,6.99816022467034,7.00222404938185,7.20889198652518,6.75929513132734,13.9963204493407,14.0044480987637,13.9577780358132,13.7436265667745
374.8,7,7,6.99816137871951,7.00222231449446,7.20891112417067,6.75927045425139,13.996322757439,14.0044446289889,13.9575528476106,13.7439298776999
374.9,7,7,6.99816253171809,7.00222058102036,7.20893025265041,6.75924579438512,13.9963250634362,14.0044411620407,13.9573277700565,13.7442329810891
375,7,7,6.99816368366784,7.00221884895848,7.20894937196666,6.75922115171649,13.9963273673357,14.004437697917,13.9571028031204,13.7445358770832
375.1,7,7,6.99816483457055,7.00221711830772,7.20896848212165,6.75919652623344,13.9963296691411,14.0044342366154,13.9568779467718,13.7448385658228
375.2,7,7,6.99816598442247,7.00221538907441,7.20898758306939,6.75917191801434,13.9963319688449,14.0044307781488,13.9566532015626,13.7451410463584
375.3,7,7,6.9981671328897,7.00221366171151,7.20900667185792,6.75914733257869,13.9963342657794,14.004427323423,13.9564286031189,13.7454432521155
375.4,7,7,6.99816828031691,7.00221193575537,7.20902575149423,6.75912276428051,13.9963365606338,14.0044238715107,13.9562041151404,13.7457452511806
375.5,7,7,6.99816942670584,7.00221021120491,7.20904482198056,6.75909821310778,13.9963388534117,14.0044204224098,13.9559797375966,13.7460470436937
375.6,7,7,6.99817057205825,7.00220848805902,7.20906388331917,6.75907367904853,13.9963411441165,14.004416976118,13.9557554704568,13.7463486297952
375.7,7,7,6.99817171637042,7.00220676632401,7.20908293546416,6.75904916218081,13.9963434327408,14.004413532648,13.955531314272,13.7466500085389
375.8,7,7,6.9981728593118,7.00220504645076,7.20910197546794,6.75902466800096,13.9963457186236,14.0044100929015,13.9553073046086,13.7469511136211
375.9,7,7,6.99817400122359,7.00220332797774,7.20912100633307,6.75900019088671,13.9963480024472,14.0044066559555,13.9550834052267,13.7472520128512
376,7,7,6.9981751421075,7.00220161090387,7.20914002806182,6.75897573082611,13.996350284215,14.0044032218077,13.9548596160955,13.7475527063687
376.1,7,7,6.99817628196527,7.00219989522808,7.20915904065645,6.75895128780722,13.9963525639305,14.0043997904562,13.9546359371843,13.7478531943132
376.2,7,7,6.99817742079322,7.00219818095662,7.20917804407112,6.75892686190779,13.9963548415864,14.0043963619132,13.954412369043,13.7481534757424
376.3,7,7,6.99817855826408,7.00219646853828,7.2091970353627,6.75890245860115,13.9963571165282,14.0043929370766,13.9541889471784,13.7484534846218
376.4,7,7,6.99817969471564,7.00219475751369,7.20921601752926,6.75887807228859,13.9963593894313,14.0043895150274,13.9539656354108,13.748753288485
376.5,7,7,6.99818083014959,7.00219304788176,7.20923499057309,6.75885370295821,13.9963616602992,14.0043860957635,13.9537424337095,13.7490528874711
376.6,7,7,6.99818196456764,7.00219133964141,7.20925395449646,6.75882935059815,13.9963639291353,14.0043826792828,13.9535193420436,13.7493522817189
376.7,7,7,6.99818309796614,7.00218963279889,7.20927290925362,6.75880501528584,13.9963661959323,14.0043792655978,13.9532963609618,13.7496514702898
376.8,7,7,6.99818423002108,7.00218792780089,7.20929185190585,6.75878070247167,13.9963684600422,14.0043758556018,13.9530735259113,13.7499503874173
376.9,7,7,6.99818536106687,7.00218622419017,7.20931078544677,6.75875640658043,13.9963707221337,14.0043724483803,13.9528508007728,13.7502491003607
377,7,7,6.99818649110518,7.00218452196564,7.20932970987866,6.75873212760026,13.9963729822104,14.0043690439313,13.9526281855154,13.7505476092585
377.1,7,7,6.99818762013769,7.00218282112625,7.20934862520383,6.75870786551937,13.9963752402754,14.0043656422525,13.9524056801083,13.7508459142487
377.2,7,7,6.99818874816078,7.00218112167819,7.20936753137658,6.75868362041485,13.9963774963216,14.0043622433564,13.9521832850992,13.7511440143967
377.3,7,7,6.99818987485367,7.00217942406609,7.20938642546266,6.75865939771432,13.9963797497073,14.0043588481322,13.951961035875,13.7514418442023
377.4,7,7,6.99819100054741,7.00217772783483,7.20940531045119,6.75863519186589,13.9963820010948,14.0043554556697,13.9517388963773,13.7517394706522
377.5,7,7,6.99819212524367,7.00217603298333,7.20942418634447,6.75861100285779,13.9963842504873,14.0043520659667,13.9515168665751,13.7520368938839
377.6,7,7,6.9981932489441,7.00217433951053,7.2094430531448,6.75858683067826,13.9963864978882,14.0043486790211,13.9512949464374,13.752334114035
377.7,7,7,6.99819437164511,7.00217264742261,7.20946191080659,6.75856267540409,13.9963887432902,14.0043452948452,13.9510731365108,13.7526311301743
377.8,7,7,6.99819549302908,7.00217095716212,7.20948075640004,6.75853854244022,13.9963909860582,14.0043419143242,13.9508514721222,13.7529278770674
377.9,7,7,6.99819661342378,7.00216926827605,7.20949959290975,6.75851442625797,13.9963932268476,14.0043385365521,13.9506299172741,13.753224421429
378,7,7,6.99819773283086,7.00216758076333,7.20951842033805,6.75849032684564,13.9963954656617,14.0043351615267,13.9504084719352,13.7535207633961
378.1,7,7,6.99819885125195,7.00216589462291,7.20953723868723,6.75846624419153,13.9963977025039,14.0043317892458,13.9501871360745,13.7538169031056
378.2,7,7,6.99819996868348,7.00216420986093,7.2095560479118,6.75844217837212,13.996399937367,14.0043284197219,13.9499659102376,13.7541128396301
378.3,7,7,6.99820108481096,7.00216252691789,7.20957484508644,6.75841813476975,13.9964021696219,14.0043250538358,13.9497448296911,13.7544085079992
378.4,7,7,6.99820219995893,7.00216084534289,7.20959363319123,6.7583941078789,13.9964043999179,14.0043216906858,13.9495238584982,13.7547039746572
378.5,7,7,6.99820331412899,7.00215916513486,7.20961241222849,6.75837009768791,13.996406628258,14.0043183302697,13.9493029966279,13.7549992397405
378.6,7,7,6.99820442732277,7.00215748629274,7.20963118220054,6.75834610418512,13.9964088546455,14.0043149725855,13.9490822440491,13.7552943033853
378.7,7,7,6.99820553953673,7.00215580882266,7.20964994306194,6.75832212744671,13.9964110790735,14.0043116176453,13.948861601306,13.7555891646679
378.8,7,7,6.99820665045945,7.00215413316307,7.20966869189192,6.75829817283257,13.9964133009189,14.0043082663261,13.9486411036049,13.7558837588809
378.9,7,7,6.99820776041227,7.00215245886515,7.20968743166599,6.75827423486016,13.9964155208245,14.0043049177303,13.9484207150703,13.7561781521995
379,7,7,6.99820886939679,7.00215078592784,7.20970616238646,6.75825031351788,13.9964177387936,14.0043015718557,13.948200435671,13.7564723447592
379.1,7,7,6.99820997741459,7.0021491143501,7.20972488405568,6.75822640879415,13.9964199548292,14.0042982287002,13.9479802653758,13.7567663366958
379.2,7,7,6.99821108446218,7.00214744413801,7.2097435966283,6.75820252076483,13.9964221689244,14.004294888276,13.947760204728,13.7570601270892
379.3,7,7,6.99821219023118,7.00214577572799,7.20976229718806,6.75817865476745,13.9964243804624,14.004291551456,13.9475402888729,13.7573536514936
379.4,7,7,6.99821329503976,7.0021441086733,7.2097809887059,6.75815480534236,13.9964265900795,14.0042882173466,13.9473204819968,13.7576469758162
379.5,7,7,6.99821439888951,7.00214244297291,7.20979967118416,6.75813097247803,13.996428797779,14.0042848859458,13.9471007840681,13.7579401001922
379.6,7,7,6.99821550178199,7.00214077862575,7.20981834462517,6.75810715616292,13.996431003564,14.0042815572515,13.9468811950556,13.7582330247566
379.7,7,7,6.99821660371373,7.00213911563789,7.20983700898368,6.75808335647259,13.9964332074275,14.0042782312758,13.9466617155015,13.7585257485928
379.8,7,7,6.99821770437935,7.00213745444372,7.20985566134797,6.75805957872232,13.9964354087587,14.0042749088874,13.9464423804905,13.7588182075157
379.9,7,7,6.99821880409393,7.00213579459857,7.20987430468439,6.75803581747525,13.9964376081879,14.0042715891971,13.94622315427,13.7591104671658
380,7,7,6.99821990285901,7.00213413610141,7.20989293899528,6.75801207271989,13.996439805718,14.0042682722028,13.9460040368088,13.7594025276776
380.1,7,7,6.99822100067613,7.00213247895119,7.209911564283,6.75798834444478,13.9964420013523,14.0042649579024,13.9457850280753,13.7596943891854
380.2,7,7,6.99822209754187,7.00213082315394,7.20993018050237,6.75796463272514,13.9964441950837,14.0042616463079,13.9455661286109,13.7599860507763
380.3,7,7,6.9982231931538,7.00212916914202,7.20994878474623,6.75794094285415,13.9964463863076,14.004258338284,13.9453473734389,13.7602774485245
380.4,7,7,6.99822428782391,7.00212751647286,7.20996737997633,6.7579172694176,13.9964485756478,14.0042550329457,13.9451287268689,13.7605686478051
380.5,7,7,6.99822538155374,7.0021258651454,7.20998596619502,6.75789361240406,13.9964507631075,14.0042517302908,13.9449101888692,13.7608596487519
380.6,7,7,6.99822647434482,7.00212421515861,7.21000454340466,6.75786997180211,13.9964529486896,14.0042484303172,13.9446917594085,13.7611504514986
380.7,7,7,6.99822756619373,7.00212256651849,7.21002311156015,6.7578463476867,13.9964551323875,14.004245133037,13.9444734390267,13.761441055136
380.8,7,7,6.99822865680097,7.00212091965539,7.21004166775892,6.75782274532894,13.9964573136019,14.0042418393108,13.9442552626863,13.7617313959962
380.9,7,7,6.99822974647552,7.00211927412878,7.21006021495809,6.7577991593372,13.996459492951,14.0042385482576,13.9440371947586,13.7620215391901
381,7,7,6.99823083521887,7.00211762993763,7.21007875316002,6.7577755897001,13.9964616704377,14.0042352598753,13.943819235212,13.7623114848511
381.1,7,7,6.99823192303254,7.00211598708091,7.21009728236708,6.75775203640629,13.9964638460651,14.0042319741618,13.9436013840149,13.7626012331121
381.2,7,7,6.99823300991315,7.00211434556458,7.21011580253425,6.7577284995304,13.9964660198263,14.0042286911292,13.9433836417063,13.7628907830676
381.3,7,7,6.99823409556406,7.00211270581699,7.21013431076356,6.75770498432163,13.9964681911281,14.004225411634,13.9431660431874,13.7631800713064
381.4,7,7,6.99823518029127,7.00211106739967,7.21015281000748,6.75768148541079,13.9964703605825,14.0042221347993,13.9429485528914,13.7634691626767
381.5,7,7,6.99823626409626,7.00210943031158,7.21017130026838,6.75765800278656,13.9964725281925,14.0042188606232,13.9427311707867,13.763758057311
381.6,7,7,6.99823734698051,7.0021077945517,7.21018978154864,6.75763453643764,13.996474693961,14.0042155891034,13.9425138968416,13.7640467553418
381.7,7,7,6.99823842894068,7.00210616012597,7.21020825380334,6.75761108643835,13.9964768578814,14.0042123202519,13.9422967315941,13.764335255867
381.8,7,7,6.99823950968297,7.00210452746073,7.21022671413909,6.7575876580161,13.9964790193659,14.0042090549215,13.9420797098838,13.7646234957312
381.9,7,7,6.99824058951044,7.00210289611955,7.21024516550373,6.75756424582401,13.9964811790209,14.0042057922391,13.9418627962063,13.7649115395207
382,7,7,6.99824166842453,7.00210126610142,7.21026360789962,6.75754084985084,13.9964833368491,14.0042025322028,13.9416459905298,13.7651993873676
382.1,7,7,6.99824274642672,7.00209963740529,7.21028204132915,6.75751747008533,13.9964854928534,14.0041992748106,13.9414292928226,13.7654870394037
382.2,7,7,6.99824382351368,7.0020980100371,7.21030046574748,6.7574941066015,13.9964876470274,14.0041960200742,13.9412127036216,13.7657744947305
382.3,7,7,6.99824489939443,7.00209638442119,7.21031887826588,6.75747076460505,13.9964897987889,14.0041927688424,13.9409962577047,13.7660616904469
382.4,7,7,6.99824597436909,7.00209476012317,7.21033728182747,6.75744743877135,13.9964919487382,14.0041895202463,13.9407799196299,13.766348690879
382.5,7,7,6.99824704843913,7.00209313714202,7.21035567643464,6.75742412908919,13.9964940968783,14.004186274284,13.9405636893654,13.766635496158
382.6,7,7,6.99824812160597,7.00209151547672,7.21037406208978,6.75740083554737,13.9964962432119,14.0041830309534,13.9403475668793,13.7669221064152
382.7,7,7,6.99824919386632,7.00208989513315,7.21039243874815,6.75737755821962,13.9964983877326,14.0041797902663,13.9401315527076,13.7672085207556
382.8,7,7,6.99825026493196,7.00208827653369,7.21041080352564,6.75735430229003,13.9965005298639,14.0041765530674,13.9399156815663,13.7674946765314
382.9,7,7,6.99825133510016,7.00208665924597,7.2104291593607,6.75733106245608,13.9965026702003,14.0041733184919,13.939699918076,13.7677806378095
383,7,7,6.99825240437234,7.00208504326898,7.21044750625571,6.75730783870663,13.9965048087447,14.004170086538,13.9394842622048,13.7680664047204
383.1,7,7,6.99825347274992,7.00208342860169,7.21046584421309,6.75728463103053,13.9965069454998,14.0041668572034,13.9392687139208,13.7683519773949
383.2,7,7,6.99825454022963,7.00208181524997,7.21048417318815,6.75726143950123,13.9965090804593,14.0041636304999,13.9390532737588,13.7686373549414
383.3,7,7,6.998255606526,7.00208020363422,7.21050249030148,6.7572382692813,13.996511213052,14.0041604072684,13.9388379763729,13.7689224749643
383.4,7,7,6.99825667193343,7.0020785933241,7.2105207984868,6.75721511509024,13.9965133438669,14.0041571866482,13.9386227864465,13.7692074012722
383.5,7,7,6.99825773645334,7.00207698431858,7.21053909774649,6.75719197691696,13.9965154729067,14.0041539686372,13.9384077039475,13.7694921339953
383.6,7,7,6.99825880008714,7.00207537661665,7.21055738808298,6.75716885475036,13.9965176001743,14.0041507532333,13.938192728844,13.7697766732636
383.7,7,7,6.99825986283158,7.00207377022415,7.21057566945169,6.7571457486636,13.9965197256632,14.0041475404483,13.9379778616696,13.7700610181892
383.8,7,7,6.99826092440387,7.00207216555951,7.21059393897785,6.75712266379785,13.9965218488077,14.004144331119,13.9377631370166,13.7703451066271
383.9,7,7,6.99826198509563,7.0020705621944,7.21061219959046,6.75709959489454,13.9965239701913,14.0041411243888,13.937548519631,13.7706290021294
384,7,7,6.99826304490826,7.00206896012781,7.21063045129193,6.7570765419426,13.9965260898165,14.0041379202556,13.9373340094807,13.7709127048255
384.1,7,7,6.99826410384315,7.00206735935872,7.21064869408469,6.75705350493102,13.9965282076863,14.0041347187174,13.9371196065338,13.7711962148448
384.2,7,7,6.99826516189706,7.00206575989294,7.21066692792422,6.75703048393263,13.9965303237941,14.0041315197859,13.9369053113228,13.7714795313029
384.3,7,7,6.99826621878988,7.00206416214696,7.21068514994048,6.75700748406734,13.9965324375798,14.0041283242939,13.9366911583776,13.7717625923046
384.4,7,7,6.99826727481046,7.00206256569444,7.21070336305771,6.75698450009835,13.9965345496209,14.0041251313889,13.9364771125074,13.7720454611463
384.5,7,7,6.99826832996019,7.00206097053437,7.21072156727832,6.75696153201468,13.9965366599204,14.0041219410687,13.9362631736801,13.7723281379568
384.6,7,7,6.99826938424043,7.00205937666574,7.21073976260475,6.75693857980533,13.9965387684809,14.0041187533315,13.9360493418636,13.7726106228649
384.7,7,7,6.99827043764798,7.00205778409434,7.21075794899257,6.75691564354288,13.996540875296,14.0041155681887,13.9358356175892,13.7728929149897
384.8,7,7,6.99827148990533,7.00205619323469,7.21077612357644,6.75689272832602,13.9965429798107,14.0041123864694,13.9356220353247,13.7731749526847
384.9,7,7,6.99827254129863,7.00205460366247,7.21079428927585,6.75686982893965,13.9965450825973,14.0041092073249,13.9354085599424,13.7734567989915
385,7,7,6.99827359182924,7.00205301537665,7.21081244609322,6.75684694537285,13.9965471836585,14.0041060307533,13.9351951914099,13.7737384540387
385.1,7,7,6.99827464149851,7.00205142837625,7.21083059403098,6.75682407761469,13.996549282997,14.0041028567525,13.9349819296952,13.7740199179542
385.2,7,7,6.99827569030325,7.00204984266701,7.2108487330448,6.75680122573742,13.9965513806065,14.004099685334,13.9347687753286,13.7743011898607
385.3,7,7,6.99827673796856,7.00204825866153,7.21086686027407,6.75677839481867,13.9965534759371,14.0040965173231,13.9345557627153,13.774582208359
385.4,7,7,6.99827778477789,7.00204667593744,7.21088497863348,6.75675557966494,13.9965555695558,14.0040933518749,13.9343428567908,13.7748630362378
385.5,7,7,6.99827883073258,7.00204509449376,7.21090308812547,6.75673278026534,13.9965576614652,14.0040901889875,13.9341300575229,13.7751436736245
385.6,7,7,6.99827987583397,7.00204351432948,7.21092118875248,6.756709996609,13.9965597516679,14.004087028659,13.9339173648793,13.775424120647
385.7,7,7,6.9982809200789,7.00204193545033,7.21093928047026,6.75668722876789,13.9965618401578,14.0040838709007,13.9337047793892,13.7757043764311
385.8,7,7,6.998281963195,7.00204035826697,7.21095736042294,6.75666448179864,13.99656392639,14.0040807165339,13.9334923353954,13.7759843798239
385.9,7,7,6.99828300546309,7.00203878235903,7.21097543152042,6.75664175052924,13.9965660109262,14.0040775647181,13.9332799978968,13.7762641933621
386,7,7,6.99828404688449,7.00203720772549,7.21099349376514,6.75661903494886,13.996568093769,14.004074415451,13.9330677668609,13.7765438171725
386.1,7,7,6.99828508746052,7.00203563436538,7.21101154715956,6.75659633504667,13.996570174921,14.0040712687308,13.9328556422555,13.7768232513823
386.2,7,7,6.99828612718804,7.00203406228438,7.21102959165951,6.75657365089436,13.9965722543761,14.0040681245688,13.9326436246087,13.7771024951209
386.3,7,7,6.9982871657972,7.00203249189125,7.21104762441387,6.75655098752769,13.9965743315944,14.0040649837825,13.9324317482006,13.7773814874804
386.4,7,7,6.99828820356621,7.00203092276757,7.21106564832774,6.75652833979601,13.9965764071324,14.0040618455351,13.9322199780934,13.7776602907465
386.5,7,7,6.99828924049638,7.00202935491234,7.21108366340356,6.75650570768855,13.9965784809928,14.0040587098247,13.9320083142549,13.7779389050457
386.6,7,7,6.99829027658899,7.00202778832457,7.21110166964379,6.75648309119453,13.996580553178,14.0040555766491,13.9317967566527,13.7782173305045
386.7,7,7,6.99829131184094,7.00202622300994,7.21111966700436,6.75646049038536,13.9965826236819,14.0040524460199,13.9315853058138,13.7784955662554
386.8,7,7,6.99829234598487,7.00202465937528,7.21113765263891,6.756437910276,13.9965846919697,14.0040493187506,13.9313739959553,13.778773551635
386.9,7,7,6.9982933792964,7.00202309700413,7.21115562944771,6.75641534573711,13.9965867585928,14.0040461940083,13.9311627922033,13.7790513486789
387,7,7,6.99829441177682,7.00202153589549,7.21117359743323,6.75639279675794,13.9965888235536,14.004043071791,13.9309516945254,13.779328957513
387.1,7,7,6.99829544342741,7.00201997604839,7.21119155659792,6.75637026332778,13.9965908868548,14.0040399520968,13.9307407028892,13.7796063782633
387.2,7,7,6.99829647424508,7.00201841746847,7.21120950689779,6.75634774551774,13.9965929484902,14.0040368349369,13.9305298178206,13.7798836100659
387.3,7,7,6.99829750396492,7.00201686056067,7.21122744549128,6.75632524832213,13.9965950079298,14.0040337211213,13.9303190734737,13.7801605925
387.4,7,7,6.99829853286002,7.00201530491045,7.21124537527381,6.75630276663274,13.99659706572,14.0040306098209,13.9301084350385,13.7804373873527
387.5,7,7,6.99829956093163,7.00201375051685,7.21126329624785,6.75628030043891,13.9965991218633,14.0040275010337,13.9298979024825,13.7807139947493
387.6,7,7,6.99830058818103,7.00201219737888,7.21128120841588,6.75625784972997,13.9966011763621,14.0040243947578,13.9296874757731,13.7809904148152
387.7,7,7,6.99830161460515,7.00201064550216,7.21129911173398,6.75623541457673,13.9966032292103,14.0040212910043,13.9294771554352,13.7812666466899
387.8,7,7,6.9983026399415,7.00200909528972,7.21131700336538,6.75621299995293,13.996605279883,14.0040181905794,13.9292669755599,13.7815426301943
387.9,7,7,6.99830366446066,7.00200754632899,7.21133488620067,6.75619060077144,13.9966073289213,14.004015092658,13.929056901401,13.7818184268681
388,7,7,6.99830468816386,7.00200599861899,7.2113527602423,6.75616821702164,13.9966093763277,14.004011997238,13.9288469329259,13.7820940368361
388.1,7,7,6.99830571105236,7.00200445215874,7.21137062549278,6.75614584869292,13.9966114221047,14.0040089043175,13.9286370701021,13.782369460223
388.2,7,7,6.99830673312313,7.00200290695384,7.21138848190826,6.7561234958558,13.9966134662463,14.0040058139077,13.9284273134534,13.7826446961717
388.3,7,7,6.99830775411604,7.00200136340544,7.21140632665678,6.75610116346354,13.9966155082321,14.0040027268109,13.9282176970076,13.7829196847437
388.4,7,7,6.99830877429921,7.00199982110288,7.21142416262406,6.75607884644999,13.9966175485984,14.0039996422058,13.9280081860826,13.7831944872325
388.5,7,7,6.99830979367386,7.0019982800452,7.21144198981259,6.75605654480456,13.9966195873477,14.0039965600904,13.9277987806458,13.7834691037622
388.6,7,7,6.99831081224122,7.00199674023141,7.21145980822484,6.75603425851671,13.9966216244824,14.0039934804628,13.9275894806644,13.7837435344569
388.7,7,7,6.99831182999828,7.0019952016671,7.21147761781708,6.75601198765667,13.9966236599966,14.0039904033342,13.9273802866614,13.784017778463
388.8,7,7,6.99831284668728,7.00199366475152,7.21149541576216,6.75598973715732,13.9966256933746,14.003987329503,13.927171232601,13.7842917760814
388.9,7,7,6.99831386257388,7.00199212907596,7.21151320494092,6.75596750197337,13.9966277251478,14.0039842581519,13.9269622838655,13.7845655883605
389,7,7,6.9983148776593,7.00199059463944,7.21153098535585,6.7559452820943,13.9966297553186,14.0039811892789,13.9267534404222,13.7848392154238
389.1,7,7,6.99831589194474,7.00198906144099,7.21154875700944,6.75592307750959,13.9966317838895,14.003978122882,13.9265447022383,13.7851126573949
389.2,7,7,6.99831690542722,7.00198752948617,7.21156651985803,6.75590088828923,13.9966338108544,14.0039750589723,13.9263360698354,13.7853859134233
389.3,7,7,6.99831791785131,7.00198599917236,7.21158427107933,6.75587871934579,13.9966358357026,14.0039719983447,13.9261275771147,13.7856589240487
389.4,7,7,6.99831892948024,7.00198447009275,7.21160201354926,6.75585656565474,13.9966378589605,14.0039689401855,13.9259191895224,13.785931750075
389.5,7,7,6.99831994031522,7.00198294224638,7.21161974727034,6.75583442720563,13.9966398806304,14.0039658844928,13.925710907026,13.7862043916255
389.6,7,7,6.99832095035745,7.00198141563229,7.21163747224504,6.75581230398799,13.9966419007149,14.0039628312646,13.9255027295925,13.7864768488231
389.7,7,7,6.99832195960395,7.00197989025599,7.21165518842981,6.75579019607152,13.9966439192079,14.003959780512,13.9252946577425,13.7867491208206
389.8,7,7,6.99832296780159,7.00197836651302,7.21167289300719,6.75576810834859,13.9966459356032,14.003956733026,13.9250867253136,13.787021148395
389.9,7,7,6.99832397521123,7.00197684399847,7.21169058884821,6.75574603581538,13.9966479504225,14.0039536879969,13.9248788978165,13.7872929921074
390,7,7,6.99832498183406,7.00197532271138,7.21170827595538,6.75572397846146,13.9966499636681,14.0039506454228,13.9246711752185,13.7875646520804
390.1,7,7,6.99832598767126,7.00197380265079,7.21172595433119,6.75570193627641,13.9966519753425,14.0039476053016,13.9244635574867,13.7878361284364
390.2,7,7,6.99832699271987,7.0019722838222,7.21174362393217,6.75567990932965,13.9966539854397,14.0039445676444,13.9242560451405,13.7881074203315
390.3,7,7,6.99832799672903,7.00197076661927,7.21176128194573,6.75565790249348,13.9966559934581,14.0039415332385,13.9240486719538,13.7883784687789
390.4,7,7,6.99832899995725,7.00196925063902,7.21177893123796,6.75563591078463,13.9966579999145,14.003938501278,13.923841403502,13.788649334098
390.5,7,7,6.9983300024057,7.00196773588047,7.21179657181138,6.75561393419272,13.9966600048114,14.0039354717609,13.9236342397521,13.7889200164107
390.6,7,7,6.99833100407554,7.00196622234268,7.21181420366851,6.7555919727074,13.9966620081511,14.0039324446854,13.9234271806714,13.7891905158389
390.7,7,7,6.99833200496385,7.0019647100311,7.21183182676594,6.75557002639779,13.9966640099277,14.0039294200622,13.923220226778,13.789460831542
390.8,7,7,6.99833300482199,7.00196319933758,7.21184943829596,6.75554810011621,13.996666009644,14.0039263986752,13.9230134117823,13.7897309047684
390.9,7,7,6.99833400390615,7.001961689861,7.21186704111974,6.75552618889986,13.9966680078123,14.003923379722,13.922806701324,13.7900007955967
391,7,7,6.99833500221748,7.00196018160039,7.2118846352398,6.75550429273841,13.996670004435,14.0039203632008,13.9226000953703,13.7902705041483
391.1,7,7,6.99833599975715,7.00195867455482,7.21190222065865,6.75548241162154,13.9966719995143,14.0039173491096,13.9223935938883,13.7905400305445
391.2,7,7,6.99833699652223,7.00195716872972,7.21191979733298,6.75546054561812,13.9966739930445,14.0039143374594,13.9221871973951,13.7908093739481
391.3,7,7,6.9983379922663,7.00195566451508,7.21193736245997,6.75543869956056,13.9966759845326,14.0039113290302,13.9219809395372,13.7910784758413
391.4,7,7,6.99833898724326,7.00195416151168,7.21195491889584,6.75541686850643,13.9966779744865,14.0039083230234,13.921774786019,13.7913473960634
391.5,7,7,6.99833998145426,7.00195265971856,7.21197246664311,6.75539505244546,13.9966799629085,14.0039053194371,13.9215687368078,13.7916161347352
391.6,7,7,6.99834097490042,7.00195115913477,7.2119900057043,6.75537325136737,13.9966819498008,14.0039023182695,13.9213627918704,13.7918846919773
391.7,7,7,6.99834196757887,7.00194965976573,7.21200753603619,6.75535146534075,13.9966839351577,14.0038993195315,13.9211569517231,13.7921530669558
391.8,7,7,6.99834295924534,7.00194816199961,7.21202505484085,6.75532969917823,13.9966859184907,14.0038963239992,13.9209512499482,13.7924212013859
391.9,7,7,6.99834395015148,7.00194666543903,7.21204256496954,6.75530794795763,13.996687900303,14.0038933308781,13.9207456523151,13.7926891548685
392,7,7,6.99834494029842,7.00194517008307,7.2120600664248,6.75528621166874,13.9966898805968,14.0038903401661,13.9205401587909,13.7929569275238
392.1,7,7,6.99834592968728,7.00194367593076,7.21207755920915,6.75526449030133,13.9966918593746,14.0038873518615,13.9203347693425,13.7932245194718
392.2,7,7,6.99834691831519,7.00194218298751,7.21209504327945,6.75524278392372,13.9966938366304,14.003884365975,13.920129484485,13.7934919298819
392.3,7,7,6.99834790594003,7.00194069163966,7.21211251584269,6.75522109732882,13.9966958118801,14.0038813832793,13.9199243377366,13.7937591007014
392.4,7,7,6.99834889281125,7.0019392014917,7.21212997974514,6.75519942561464,13.9966977856225,14.0038784029834,13.9197192949319,13.7940260912934
392.5,7,7,6.99834987892993,7.0019377125427,7.21214743498936,6.755177768771,13.9966997578599,14.0038754250854,13.9195143560376,13.7942929017778
392.6,7,7,6.9983508642972,7.00193622479172,7.21216488157788,6.75515612678774,13.9967017285944,14.0038724495834,13.9193095210208,13.7945595322741
392.7,7,7,6.99835184891019,7.00193473824412,7.21218231946764,6.75513449973291,13.9967036978204,14.0038694764882,13.9191047903955,13.7948259819548
392.8,7,7,6.99835283252892,7.00193325328444,7.21219974587055,6.75511289237979,13.9967056650578,14.0038665065689,13.9189001976156,13.795092192998
392.9,7,7,6.99835381540061,7.00193176951902,7.2122171636279,6.75509129984647,13.9967076308012,14.003863539038,13.9186957085808,13.7953582245308
393,7,7,6.99835479752637,7.00193028694694,7.21223457274226,6.75506972212284,13.9967095950527,14.0038605738939,13.9184913232579,13.7956240766723
393.1,7,7,6.99835577890727,7.00192880556725,7.21225197321615,6.75504815919878,13.9967115578145,14.0038576111345,13.9182870416138,13.7958897495415
393.2,7,7,6.9983567595405,7.0019273253853,7.21226936500661,6.75502661114204,13.996713519081,14.0038546507706,13.9180828641613,13.7961552423142
393.3,7,7,6.99835773918814,7.00192584678382,7.21228674533047,6.75500508270641,13.9967154783763,14.0038516935676,13.9178788242904,13.7964204973983
393.4,7,7,6.99835871809525,7.001924369371,7.21230411702405,6.75498356902997,13.9967174361905,14.003848738742,13.9176748879656,13.7966855736855
393.5,7,7,6.99835969626293,7.00192289314591,7.2123214800899,6.75496207010264,13.9967193925259,14.0038457862918,13.9174710551538,13.7969504712945
393.6,7,7,6.99836067369224,7.00192141810763,7.21233883453055,6.75494058591435,13.9967213473845,14.0038428362153,13.9172673258219,13.7972151903438
393.7,7,7,6.99836165038039,7.00191994426146,7.21235618030315,6.75491911653259,13.9967233007608,14.0038398885229,13.9170637004815,13.7974797300123
393.8,7,7,6.9983626260915,7.00191847198835,7.21237351462945,6.75489766669173,13.996725252183,14.0038369439767,13.9168602124583,13.7977440329367
393.9,7,7,6.99836360106852,7.00191700089832,7.21239084034076,6.75487623154972,13.996727202137,14.0038340017966,13.9166568277821,13.7980081577745
394,7,7,6.99836457531251,7.00191553099045,7.21240815743965,6.75485481109653,13.996729150625,14.0038310619809,13.9164535464197,13.798272104644
394.1,7,7,6.99836554882453,7.00191406226382,7.21242546592865,6.75483340532215,13.9967310976491,14.0038281245276,13.9162503683379,13.7985358736631
394.2,7,7,6.99836652160181,7.00191259472371,7.21244276576498,6.7548120142938,13.9967330432036,14.0038251894474,13.9160472940474,13.7987994640138
394.3,7,7,6.9983674934105,7.00191112874927,7.21246005417538,6.7547906427265,13.996734986821,14.0038222574985,13.9158443568093,13.7990628185605
394.4,7,7,6.99836846449144,7.00190966395236,7.21247733398612,6.75476928579801,13.9967369289829,14.0038193279047,13.9156415227187,13.7993259957279
394.5,7,7,6.99836943484569,7.00190820033206,7.21249460519976,6.75474794349835,13.9967388696914,14.0038164006641,13.9154387917425,13.7995889956335
394.6,7,7,6.99837040447427,7.00190673788746,7.21251186781887,6.75472661581755,13.9967408089485,14.0038134757749,13.9152361638474,13.7998518183946
394.7,7,7,6.99837137337444,7.0019052766238,7.21252912180075,6.75470530282256,13.9967427467489,14.0038105532476,13.9150336395429,13.8001144631966
394.8,7,7,6.99837234131437,7.00190381691847,7.21254636437707,6.75468400920917,13.9967446826287,14.0038076338369,13.9148312520258,13.8003768731305
394.9,7,7,6.9983733085328,7.00190235838515,7.21256359836912,6.75466273017483,13.9967466170656,14.0038047167703,13.9146289674565,13.8006391063889
395,7,7,6.99837427503078,7.00190090102291,7.21258082377944,6.7546414657096,13.9967485500616,14.0038018020458,13.9144267858018,13.8009011630888
395.1,7,7,6.99837524080933,7.00189944483085,7.2125980406106,6.75462021580358,13.9967504816187,14.0037988896617,13.9142247070284,13.8011630433471
395.2,7,7,6.99837620586571,7.0018979898142,7.21261524881998,6.75459898052343,13.9967524117314,14.0037959796284,13.9140227316449,13.8014247463523
395.3,7,7,6.99837716997008,7.00189653634855,7.21263244564426,6.7545777645458,13.9967543399402,14.0037930726971,13.9138208927831,13.8016862154208
395.4,7,7,6.99837813335913,7.00189508404941,7.21264963389965,6.75455656308776,13.9967562667183,14.0037901680988,13.9136191566693,13.8019475085146
395.5,7,7,6.99837909603388,7.00189363291586,7.21266681358873,6.7545353761394,13.9967581920678,14.0037872658317,13.9134175232701,13.80220862575
395.6,7,7,6.99838005799535,7.00189218294699,7.21268398471405,6.75451420369086,13.9967601159907,14.003784365894,13.9132159925521,13.8024695672434
395.7,7,7,6.99838101924082,7.00189073414801,7.21270114723309,6.75449304580856,13.9967620384816,14.003781468296,13.9130145650229,13.8027303321863
395.8,7,7,6.99838197954239,7.00188928689276,7.21271829838751,6.75447190715008,13.9967639590848,14.0037785737855,13.9128132737496,13.80299086412
395.9,7,7,6.99838293913473,7.00188784079853,7.21273544098848,6.75445078295199,13.9967658782695,14.0037756815971,13.912612085024,13.8032512207763
396,7,7,6.99838389801886,7.00188639586443,7.21275257503856,6.75442967320444,13.9967677960377,14.0037727917289,13.9124109988129,13.8035114022712
396.1,7,7,6.99838485619578,7.00188495208953,7.21276970054033,6.75440857789762,13.9967697123916,14.0037699041791,13.9122100150827,13.8037714087205
396.2,7,7,6.99838581366277,7.00188350947903,7.21278681745135,6.75438749709767,13.9967716273255,14.0037670189581,13.9120091343398,13.8040312393188
396.3,7,7,6.99838677019387,7.00188206840502,7.21280392301827,6.75436643544322,13.9967735403877,14.00376413681,13.9118083895867,13.804290837831
396.4,7,7,6.99838772602177,7.00188062848657,7.2128210200472,6.75434538819024,13.9967754520435,14.0037612569731,13.9116077471809,13.8045502617601
396.5,7,7,6.99838868114744,7.0018791897228,7.21283810854071,6.75432435532895,13.9967773622949,14.0037583794456,13.911407207089,13.8048095112215
396.6,7,7,6.99838963557189,7.0018777521128,7.21285518850138,6.75430333684957,13.9967792711438,14.0037555042256,13.9112067692776,13.8050685863305
396.7,7,7,6.99839058929241,7.00187631566173,7.21287225988687,6.75428233281799,13.9967811785848,14.0037526313235,13.9110064342518,13.8053274862849
396.8,7,7,6.99839154208496,7.00187488073992,7.21288931994881,6.75426134785394,13.9967830841699,14.0037497614798,13.9108062349493,13.805586155072
396.9,7,7,6.99839249418022,7.00187344696826,7.21290637148826,6.75424037723274,13.9967849883604,14.0037468939365,13.9106061377935,13.8058446499671
397,7,7,6.99839344557918,7.00187201434585,7.21292341450779,6.75421942094465,13.9967868911584,14.0037440286917,13.9104061427509,13.8061029710851
397.1,7,7,6.99839439628282,7.00187058287179,7.21294044900999,6.75419847897993,13.9967887925656,14.0037411657436,13.9102062497879,13.8063611185407
397.2,7,7,6.99839534628847,7.00186915255122,7.21295747495258,6.75417755140421,13.9967906925769,14.0037383051024,13.9100064594086,13.806619091535
397.3,7,7,6.99839629537393,7.00186772375273,7.21297448959225,6.75415664281845,13.9967925907479,14.0037354475055,13.909806804486,13.8068768342766
397.4,7,7,6.99839724376796,7.00186629609899,7.21299149572494,6.75413574851718,13.9967944875359,14.003732592198,13.9096072515091,13.8071344038141
397.5,7,7,6.99839819147154,7.0018648695891,7.21300849335324,6.75411486849071,13.9967963829431,14.0037297391782,13.9094078004443,13.807391800262
397.6,7,7,6.99839913848562,7.00186344422217,7.21302548247974,6.75409400272936,13.9967982769712,14.0037268884443,13.9092084512582,13.8076490237345
397.7,7,7,6.99840008480755,7.00186202000331,7.21304246306225,6.75407315129849,13.9968001696151,14.0037240400066,13.9090092044537,13.8079060734355
397.8,7,7,6.99840103021699,7.00186059729938,7.21305943236249,6.75405231878035,13.996802060434,14.0037211945988,13.9088100928388,13.8081628937944
397.9,7,7,6.99840197494078,7.00185917573482,7.21307639317129,6.75403150048864,13.9968039498816,14.0037183514696,13.9086110829684,13.8084195416341
398,7,7,6.99840291897988,7.00185775530874,7.21309334549127,6.7540106964137,13.9968058379598,14.0037155106175,13.908412174809,13.8086760170684
398.1,7,7,6.99840386233523,7.00185633602026,7.21311028932501,6.7539899065459,13.9968077246705,14.0037126720405,13.9082133683271,13.8089323202111
398.2,7,7,6.9984048050042,7.00185491787445,7.21312722463041,6.75396913095034,13.9968096100084,14.0037098357489,13.9080146640244,13.8091884502691
398.3,7,7,6.99840574676827,7.00185350123645,7.21314414867422,6.75394837419066,13.9968114935365,14.0037070024729,13.9078160946439,13.8094443518915
398.4,7,7,6.9984066878524,7.00185208573248,7.21316106424218,6.7539276315996,13.9968133757048,14.003704171465,13.9076176268066,13.8097000816763
398.5,7,7,6.99840762825751,7.00185067136164,7.2131779713369,6.75390690316757,13.996815256515,14.0037013427233,13.9074192604789,13.809955639737
398.6,7,7,6.99840856798456,7.00184925812304,7.21319486996097,6.75388618888496,13.9968171359691,14.0036985162461,13.9072209956271,13.8102110261866
398.7,7,7,6.99840950703091,7.00184784602176,7.21321176007239,6.75386548881664,13.9968190140618,14.0036956920435,13.9070228327521,13.8104662402354
398.8,7,7,6.99841044517986,7.00184643542121,7.21322863894292,6.7538448075077,13.9968208903597,14.0036928708424,13.9068248045316,13.8107212267508
398.9,7,7,6.99841138265449,7.00184502594935,7.21324550935323,6.75382414030987,13.996822765309,14.0036900518987,13.9066268776527,13.8109760421072
399,7,7,6.99841231945572,7.0018436176053,7.2132623713059,6.75380348721358,13.9968246389114,14.0036872352106,13.9064290520817,13.8112306864175
399.1,7,7,6.99841325558448,7.00184221038818,7.21327922480354,6.75378284820928,13.996826511169,14.0036844207764,13.906231327785,13.8114851597944
399.2,7,7,6.99841419103817,7.00184080430303,7.21329606980424,6.75376222336158,13.9968283820763,14.0036816086061,13.9060337052623,13.811739461451
399.3,7,7,6.99841512560185,7.00183939971156,7.21331290358482,6.75374161719714,13.9968302512037,14.0036787994231,13.9058362171263,13.8119935364724
399.4,7,7,6.99841605949675,7.00183799624348,7.2133297289208,6.75372102508655,13.9968321189935,14.003675992487,13.90563883013,13.8122474410103
399.5,7,7,6.9984169927238,7.00183659389792,7.21334654581479,6.7537004470203,13.9968339854476,14.0036731877958,13.9054415442397,13.8125011751772
399.6,7,7,6.9984179252839,7.00183519267398,7.2133633542694,6.75367988298887,13.9968358505678,14.003670385348,13.905244359422,13.8127547390851
399.7,7,7,6.99841885717446,7.0018337925767,7.2133801542428,6.75365933305661,13.9968377143489,14.0036675851534,13.9050472761753,13.8130081319503
399.8,7,7,6.99841978818232,7.00183239396608,7.21339694301687,6.75363880173186,13.9968395763646,14.0036647879322,13.904850327047,13.8132612990743
399.9,7,7,6.99842071852688,7.00183099647358,7.21341372336201,6.75361828440398,13.9968414370538,14.0036619929472,13.9046534788564,13.8135142963874
400,7,7,6.99842164820905,7.00182960009831,7.21343049528083,6.75359778106349,13.9968432964181,14.0036592001966,13.9044567315699,13.8137671240012
400.1,7,7,6.99842257722972,7.00182820483941,7.21344725877594,6.75357729170094,13.9968451544594,14.0036564096788,13.9042600851538,13.8140197820276
400.2,7,7,6.99842350558632,7.00182681070186,7.2134640138056,6.75355681638042,13.9968470111726,14.0036536214037,13.9040635401056,13.8142722696858
400.3,7,7,6.99842443306743,7.001825418044,7.21348075765676,6.75353635959199,13.9968488661349,14.003650836088,13.9038671289073,13.8145245324927
400.4,7,7,6.99842535989063,7.00182402649899,7.21349749309469,6.75351591674372,13.9968507197813,14.003648052998,13.9036708184445,13.814776626158
400.5,7,7,6.99842628605684,7.00182263606598,7.21351422012198,6.75349548782618,13.9968525721137,14.003645272132,13.9034746086836,13.8150285507931
400.6,7,7,6.99842721156693,7.00182124674408,7.21353093874128,6.75347507282994,13.9968544231339,14.0036424934882,13.9032784995908,13.8152803065091
400.7,7,7,6.99842813641835,7.00181985853828,7.2135476489109,6.75345467181886,13.9968562728367,14.0036397170766,13.9030824916626,13.8155318925283
400.8,7,7,6.99842906040138,7.0018184718052,7.2135643479229,6.75343428926482,13.9968581208028,14.0036369436104,13.9028866173156,13.8157832545822
400.9,7,7,6.99842998373184,7.00181708617975,7.21358103853737,6.75341392059449,13.9968599674637,14.0036341723595,13.9026908435017,13.8160344481609
401,7,7,6.99843090641062,7.00181570166107,7.21359772075694,6.7533935657985,13.9968618128212,14.0036314033221,13.9024951701873,13.8162854733752
401.1,7,7,6.9984318284386,7.00181431824829,7.21361439458422,6.75337322486745,13.9968636568772,14.0036286364966,13.9022995973386,13.8165363303357
401.2,7,7,6.99843274981324,7.00181293594635,7.21363105997766,6.75335289786495,13.9968654996265,14.0036258718927,13.9021041254508,13.8167870182678
401.3,7,7,6.99843367032649,7.00181155511022,7.21364771423436,6.75333258924479,13.996867340653,14.0036231102204,13.9019087868753,13.8170374831166
401.4,7,7,6.99843459019243,7.00181017537652,7.21366436010928,6.75331229445217,13.9968691803849,14.003620350753,13.9017135486304,13.8172877801535
401.5,7,7,6.99843550941195,7.00180879674438,7.21368099760504,6.75329201347775,13.9968710188239,14.0036175934888,13.9015184106824,13.8175379094889
401.6,7,7,6.99843642798591,7.00180741921294,7.21369762672428,6.75327174631218,13.9968728559718,14.0036148384259,13.9013233729974,13.8177878712329
401.7,7,7,6.99843734591178,7.00180604278713,7.21371424742549,6.75325149301881,13.9968746918236,14.0036120855743,13.9011284360696,13.8180376646137
401.8,7,7,6.99843826298318,7.00180466782024,7.21373085701091,6.75323125803345,13.9968765259664,14.0036093356405,13.900933632185,13.8182872357892
401.9,7,7,6.99843917941248,7.0018032939506,7.21374745823031,6.75321103681971,13.996878358825,14.0036065879012,13.9007389284282,13.8185366398132
402,7,7,6.99844009520053,7.00180192117735,7.21376405108633,6.75319082936828,13.9968801904011,14.0036038423547,13.9005443247654,13.8187858767955
402.1,7,7,6.99844101034818,7.00180054949963,7.21378063558159,6.7531706356699,13.9968820206964,14.0036010989993,13.9003498211629,13.8190349468457
402.2,7,7,6.99844192485294,7.00179917892234,7.21379721167469,6.75315045578763,13.9968838497059,14.0035983578447,13.9001554181138,13.8192838491951
402.3,7,7,6.99844283851006,7.00179780979711,7.21381377667297,6.75313029413938,13.9968856770201,14.0035956195942,13.8999611478384,13.8195325302132
402.4,7,7,6.99844375153019,7.00179644176398,7.21383033332101,6.75311014620709,13.9968875030604,14.003592883528,13.8997669774879,13.8197810447371
402.5,7,7,6.99844466391419,7.00179507482209,7.21384688162147,6.75309001198152,13.9968893278284,14.0035901496442,13.8995729070285,13.8200293928761
402.6,7,7,6.99844557566291,7.00179370897057,7.21386342157698,6.75306989145342,13.9968911513258,14.0035874179411,13.8993789364264,13.8202775747395
402.7,7,7,6.99844648677383,7.00179234421432,7.21387995314621,6.75304978468563,13.9968929735477,14.0035846884286,13.8991850661737,13.8205255895613
402.8,7,7,6.99844739704387,7.00179098090331,7.2138964736416,6.7530296960782,13.9968947940877,14.0035819618066,13.8989913284249,13.8207733839219
402.9,7,7,6.99844830668197,7.00178961867927,7.21391298580259,6.75300962113135,13.9968966133639,14.0035792373585,13.898797690398,13.8210210124427
403,7,7,6.99844921568899,7.00178825754133,7.2139294896318,6.75298955983587,13.996898431378,14.0035765150827,13.8986041520592,13.8212684752325
403.1,7,7,6.99845012406576,7.00178689748865,7.21394598513188,6.75296951218255,13.9969002481315,14.0035737949773,13.8984107133745,13.8215157724001
403.2,7,7,6.99845103180979,7.00178553852608,7.2139624722616,6.752949478234,13.9969020636196,14.0035710770522,13.8982173748349,13.8217629031824
403.3,7,7,6.99845193871958,7.00178418100197,7.21397894833851,6.75292946237251,13.9969038774392,14.0035683620039,13.8980241685295,13.8220098143696
403.4,7,7,6.99845284500243,7.00178282455971,7.21399541609684,6.75290946011646,13.9969056900049,14.0035656491194,13.8978310617427,13.8222565603685
403.5,7,7,6.99845375065917,7.00178146919846,7.21401187553925,6.7528894714567,13.9969075013183,14.0035629383969,13.8976380544407,13.8225031412873
403.6,7,7,6.99845465569063,7.00178011491736,7.21402832666837,6.75286949638407,13.9969093113813,14.0035602298347,13.8974451465896,13.8227495572343
403.7,7,7,6.99845556009434,7.00177876172126,7.21404476944306,6.7528495349609,13.9969111201887,14.0035575234425,13.8972523386792,13.8229958074495
403.8,7,7,6.99845646367037,7.00177740995685,7.214061201186,6.75282959155184,13.9969129273407,14.0035548199137,13.8970596627329,13.8232418389317
403.9,7,7,6.99845736662439,7.00177605926922,7.21407762462622,6.75280966169336,13.9969147332488,14.0035521185384,13.8968670861018,13.8234877058741
404,7,7,6.99845826895721,7.00177470965751,7.21409403976637,6.75278974537633,13.9969165379144,14.003549419315,13.8966746087522,13.8237334083845
404.1,7,7,6.99845917066966,7.00177336112088,7.21411044660911,6.75276984259165,13.9969183413393,14.0035467222418,13.89648223065,13.8239789465705
404.2,7,7,6.99846007175927,7.00177201366415,7.21412684511338,6.7527499534014,13.9969201435185,14.0035440273283,13.896289952284,13.8242243196752
404.3,7,7,6.99846097202768,7.00177066763238,7.21414323260697,6.75273008215265,13.9969219440554,14.0035413352648,13.8960978056118,13.8244694749051
404.4,7,7,6.99846187167894,7.00176932267233,7.21415961181374,6.75271022439986,13.9969237433579,14.0035386453447,13.8959057580514,13.8247144662409
404.5,7,7,6.99846277071386,7.00176797878314,7.21417598273632,6.75269038013396,13.9969255414277,14.0035359575663,13.8957138095688,13.8249592937896
404.6,7,7,6.99846366913324,7.00176663596399,7.21419234537737,6.75267054934586,13.9969273382665,14.003533271928,13.8955219601301,13.8252039576587
404.7,7,7,6.99846456693464,7.00176529421966,7.21420869969593,6.75265073209744,13.9969291338693,14.0035305884393,13.895330210223,13.8254484570938
404.8,7,7,6.99846546392123,7.0017639538936,7.21422504302493,6.75263093271824,13.9969309278425,14.0035279077872,13.8951385917392,13.8256927395088
404.9,7,7,6.99846636029547,7.00176261463422,7.214241378083,6.75261114678064,13.9969327205909,14.0035252292684,13.8949470721635,13.8259368586721
405,7,7,6.99846725605815,7.00176127644068,7.2142577048728,6.75259137427561,13.9969345121163,14.0035225528814,13.894755651462,13.8261808146907
405.1,7,7,6.99846815121006,7.00175993931214,7.21427402339698,6.75257161519413,13.9969363024201,14.0035198786243,13.8945643296007,13.8264246076712
405.2,7,7,6.99846904574879,7.00175860325337,7.21429033361466,6.75255186959779,13.9969380914976,14.0035172065067,13.894373107066,13.8266682368624
405.3,7,7,6.99846993947902,7.00175726860621,7.21430663286392,6.75253214179874,13.996939878958,14.0035145372124,13.8941820156842,13.826911649884
405.4,7,7,6.99847083260163,7.00175593502071,7.21432292385818,6.7525124273872,13.9969416652033,14.0035118700414,13.8939910230066,13.8271549002937
405.5,7,7,6.9984717251174,7.00175460249605,7.2143392066001,6.75249272635416,13.9969434502348,14.0035092049921,13.8938001289994,13.827397988198
405.6,7,7,6.99847261702713,7.00175327103138,7.21435548109233,6.75247303869065,13.9969452340543,14.0035065420628,13.8936093336285,13.827640913703
405.7,7,7,6.9984735083284,7.00175194063146,7.21437174729408,6.75245336445803,13.9969470166568,14.0035038812629,13.8934186373794,13.8278836760604
405.8,7,7,6.99847439882739,7.00175061163652,7.21438800254857,6.75243370795109,13.9969487976548,14.003501223273,13.8932280720123,13.8281262230949
405.9,7,7,6.99847528872343,7.00174928369825,7.21440424956401,6.75241406477781,13.9969505774469,14.0034985673965,13.8930376051456,13.8283686081545
406,7,7,6.9984761780173,7.00174795681583,7.21442048834306,6.75239443492923,13.9969523560346,14.0034959136317,13.8928472367453,13.8286108313449
406.1,7,7,6.99847706670977,7.00174663098843,7.21443671888836,6.75237481839641,13.9969541334195,14.0034932619769,13.8926569667773,13.8288528927721
406.2,7,7,6.99847795479846,7.00174530622078,7.21445294115923,6.75235521524048,13.9969559095969,14.0034906124416,13.892466795726,13.8290947916904
406.3,7,7,6.998478842091,7.00174398285149,7.21446915250403,6.75233562973897,13.996957684182,14.003487965703,13.8922767552858,13.8293364761289
406.4,7,7,6.99847972878522,7.00174266053392,7.21448535562575,6.75231605751751,13.9969594575704,14.0034853210678,13.892086813142,13.8295779992264
406.5,7,7,6.99848061488186,7.00174133926724,7.21450155052704,6.7522964985672,13.9969612297637,14.0034826785345,13.8918969692604,13.8298193610883
406.6,7,7,6.9984815003817,7.00174001905062,7.21451773721055,6.75227695287913,13.9969630007634,14.0034800381012,13.8917072236071,13.83006056182
406.7,7,7,6.99848238528235,7.00173869988877,7.21453391563569,6.7522574205142,13.9969647705647,14.0034773997775,13.8915175766654,13.8303016006788
406.8,7,7,6.99848326939292,7.00173738211872,7.21455008315599,6.75223790573276,13.9969665387858,14.0034747642374,13.8913280600636,13.8305424258968
406.9,7,7,6.99848415290972,7.00173606539544,7.21456624246917,6.75221840417803,13.9969683058194,14.0034721307909,13.891138641554,13.8307830904051
407,7,7,6.99848503583348,7.00173474971812,7.21458239357792,6.75219891584114,13.996970071667,14.0034694994362,13.8909493211026,13.8310235943086
407.1,7,7,6.99848591816497,7.00173343508592,7.21459853648489,6.75217944071322,13.9969718363299,14.0034668701718,13.8907600986752,13.831263937712
407.2,7,7,6.99848679990182,7.00173212150353,7.21461467114955,6.75215997885494,13.9969735998036,14.0034642430071,13.890570974754,13.8315041198756
407.3,7,7,6.99848768085457,7.00173080930641,7.21463079493062,6.75214053450955,13.9969753617091,14.0034616186128,13.8903819809016,13.8317440892338
407.4,7,7,6.99848856121804,7.00172949815115,7.21464691052058,6.75212110333776,13.9969771224361,14.0034589963023,13.8901930849371,13.8319838985106
407.5,7,7,6.99848944099296,7.00172818803692,7.21466301792211,6.75210168533077,13.9969788819859,14.0034563760738,13.8900042868264,13.8322235478104
407.6,7,7,6.99849032018008,7.00172687896292,7.21467911713786,6.75208228047973,13.9969806403602,14.0034537579258,13.8898155865355,13.8324630372376
407.7,7,7,6.99849119877704,7.00172557093379,7.2146952081274,6.75206288884508,13.9969823975541,14.0034511418676,13.8896269845454,13.8327023660552
407.8,7,7,6.99849207659581,7.00172426428342,7.21471128825462,6.75204351465304,13.9969841531916,14.0034485285668,13.8894385123526,13.8329414828991
407.9,7,7,6.99849295382973,7.00172295867001,7.21472736020675,6.75202415358176,13.9969859076595,14.00344591734,13.8892501378434,13.8331804402872
408,7,7,6.99849383047953,7.00172165409275,7.21474342398647,6.75200480562246,13.9969876609591,14.0034433081855,13.8890618609836,13.8334192383232
408.1,7,7,6.99849470654593,7.00172035055082,7.21475947959644,6.75198547076635,13.9969894130919,14.0034407011016,13.8888736817392,13.8336578771112
408.2,7,7,6.9984955820266,7.00171904804887,7.21477552699632,6.75196614907362,13.9969911640532,14.0034380960977,13.8886856005901,13.833896355917
408.3,7,7,6.99849645673492,7.0017177469192,7.21479156355517,6.75194684475356,13.9969929134698,14.0034354938384,13.8884976489668,13.8341346235771
408.4,7,7,6.99849733086276,7.00171644682162,7.21480759195496,6.75192755350165,13.9969946617255,14.0034328936432,13.8883097948226,13.8343727324039
408.5,7,7,6.99849820441084,7.00171514775532,7.21482361219838,6.75190827530916,13.9969964088217,14.0034302955106,13.8881220381233,13.8346106825011
408.6,7,7,6.99849907737988,7.00171384971949,7.2148396242881,6.75188901016734,13.9969981547598,14.003427699439,13.8879343788348,13.834848473972
408.7,7,7,6.99849994976756,7.00171255271875,7.21485562818385,6.75186975813614,13.9969998995351,14.0034251054375,13.8877468174361,13.8350861060852
408.8,7,7,6.99850082138864,7.00171125708384,7.21487162125989,6.75185052340799,13.9970016427773,14.0034225141677,13.8875593852916,13.835323527877
408.9,7,7,6.99850169243356,7.00170996247618,7.21488760619293,6.75183130169564,13.9970033848671,14.0034199249524,13.8873720504215,13.8355607914555
409,7,7,6.99850256290303,7.00170866889496,7.21490358298565,6.75181209299038,13.9970051258061,14.0034173377899,13.8871848127918,13.8357978969237
409.1,7,7,6.99850343279776,7.00170737633937,7.21491955164074,6.75179289728352,13.9970068655955,14.0034147526787,13.8869976723684,13.8360348443846
409.2,7,7,6.99850430211544,7.001706084814,7.214935512118,6.75177371463476,13.9970086042309,14.003412169628,13.886810629629,13.8362716331098
409.3,7,7,6.9985051706722,7.00170479464806,7.21495146179689,6.75175454921976,13.9970103413444,14.0034095892961,13.8866237158719,13.8365082123339
409.4,7,7,6.99850603865706,7.00170350550454,7.21496740334885,6.75173539676844,13.9970120773141,14.0034070110091,13.8864368991847,13.8367446339619
409.5,7,7,6.99850690607071,7.00170221738264,7.21498333677657,6.75171625727214,13.9970138121414,14.0034044347653,13.8862501795332,13.8369808980963
409.6,7,7,6.99850777291388,7.00170093028155,7.21499926208272,6.7516971307222,13.9970155458278,14.0034018605631,13.8860635568833,13.8372170048397
409.7,7,7,6.99850863918425,7.00169964420585,7.21501517922722,6.75167801717809,13.9970172783685,14.0033992884117,13.8858770317116,13.8374529534663
409.8,7,7,6.99850950469931,7.00169835948319,7.2150310855947,6.75165892079878,13.9970190093986,14.0033967189664,13.8856906352505,13.8376886934088
409.9,7,7,6.99851036964667,7.00169707577814,7.21504698385135,6.75163983733127,13.9970207392933,14.0033941515563,13.8855043356544,13.8379242763695
410,7,7,6.99851123402703,7.00169579308992,7.21506287399983,6.75162076676695,13.9970224680541,14.0033915861798,13.8853181328892,13.8381597024506
410.1,7,7,6.99851209784108,7.00169451141772,7.21507875604285,6.75160170909719,13.9970241956822,14.0033890228354,13.8851320269209,13.8383949717541
410.2,7,7,6.99851296108654,7.00169323076609,7.21509462994039,6.75158266438124,13.9970259221731,14.0033864615322,13.884946018225,13.838630083557
410.3,7,7,6.99851382358221,7.00169195146116,7.21511049308229,6.75156363676143,13.9970276471644,14.0033839029223,13.8847601379676,13.838864987489
410.4,7,7,6.99851468551434,7.00169067316906,7.21512634812946,6.7515446220018,13.9970293710287,14.0033813463381,13.8845743543704,13.8390997350509
410.5,7,7,6.99851554688362,7.001689395889,7.21514219508458,6.75152562009375,13.9970310937672,14.003378791778,13.8843886673994,13.8393343263444
410.6,7,7,6.99851640769072,7.0016881196202,7.21515803395033,6.75150663102873,13.9970328153814,14.0033762392404,13.8842030770203,13.839568761471
410.7,7,7,6.99851726793337,7.00168684436718,7.2151738646868,6.75148765486572,13.9970345358667,14.0033736887344,13.8840175837077,13.8398030397105
410.8,7,7,6.9985181274317,7.00168557045453,7.21518968468904,6.75146869573052,13.9970362548634,14.0033711409091,13.8838322185615,13.8400371108887
410.9,7,7,6.99851898637058,7.00168429754996,7.21520549661266,6.7514497494041,13.9970379727412,14.0033685950999,13.8836469498707,13.8402710263057
411,7,7,6.99851984475069,7.00168302565268,7.21522130046035,6.75143081587792,13.9970396895014,14.0033660513054,13.8834617776011,13.8405047860627
411.1,7,7,6.99852070257271,7.00168175476191,7.2152370962348,6.75141189514344,13.9970414051454,14.0033635095238,13.8832767017186,13.8407383902609
411.2,7,7,6.99852155983438,7.00168048488215,7.21525288389617,6.75139298725944,13.9970431196688,14.0033609697643,13.8830917226965,13.8409718381827
411.3,7,7,6.99852241635711,7.00167921633647,7.21526866084473,6.75137409633523,13.9970448327142,14.0033584326729,13.8829068715687,13.8412050798491
411.4,7,7,6.99852327232444,7.00167794879414,7.21528442973081,6.75135521816865,13.9970465446489,14.0033558975883,13.8827221166914,13.8414381663605
411.5,7,7,6.99852412773703,7.00167668225437,7.21530019055709,6.75133635275119,13.9970482554741,14.0033533645087,13.8825374580302,13.8416710978177
411.6,7,7,6.99852498259556,7.00167541671639,7.21531594332626,6.75131750007435,13.9970499651911,14.0033508334328,13.8823528955511,13.8419038743214
411.7,7,7,6.99852583689777,7.00167415218467,7.21533168799858,6.75129866019669,13.9970516737955,14.0033483043693,13.8821684297265,13.8421364951567
411.8,7,7,6.99852669046637,7.00167288898076,7.21534742197954,6.75127983721112,13.9970533809327,14.0033457779615,13.8819840915238,13.842368910539
411.9,7,7,6.99852754348356,7.00167162677549,7.21536314791414,6.75126102693226,13.9970550869671,14.003343253551,13.8817998493666,13.8426011713698
412,7,7,6.99852839594999,7.00167036556809,7.21537886580511,6.75124222935164,13.9970567919,14.0033407311362,13.8816157032205,13.8428332777493
412.1,7,7,6.99852924786634,7.00166910535776,7.21539457565511,6.75122344446081,13.9970584957327,14.0033382107155,13.8814316530515,13.843065229778
412.2,7,7,6.99853009923036,7.00166784614898,7.21541027742451,6.75120467231808,13.9970601984607,14.003335692298,13.8812476993308,13.8432970267436
412.3,7,7,6.99853094986601,7.00166658826178,7.21542596852399,6.75118591700006,13.997061899732,14.0033331765236,13.8810638729597,13.843528619055
412.4,7,7,6.99853179995419,7.00166533136853,7.21544165159329,6.75116717433806,13.9970635999084,14.0033306627371,13.880880142429,13.8437600574157
412.5,7,7,6.99853264949555,7.00166407546847,7.2154573266351,6.75114844432366,13.9970652989911,14.0033281509369,13.8806965077044,13.8439913419255
412.6,7,7,6.99853349849075,7.0016628205608,7.21547299365212,6.75112972694845,13.9970669969815,14.0033256411216,13.8805129687517,13.8442224726843
412.7,7,7,6.99853434693755,7.00166156664997,7.21548865260479,6.75111102227051,13.9970686938751,14.0033231332999,13.8803295260411,13.8444534489827
412.8,7,7,6.99853519466117,7.00166031405452,7.21550430090901,6.7510923343502,13.9970703893223,14.003320628109,13.8801462104078,13.8446842214221
412.9,7,7,6.99853604184121,7.00165906244837,7.21551994119922,6.75107365903546,13.9970720836824,14.0033181248967,13.8799629904097,13.8449148405089
413,7,7,6.99853688847831,7.00165781183073,7.21553557347812,6.75105499631792,13.9970737769566,14.0033156236615,13.8797798660126,13.8451453063425
413.1,7,7,6.99853773457312,7.00165656220083,7.2155511977484,6.75103634618919,13.9970754691462,14.0033131244017,13.8795968371823,13.8453756190223
413.2,7,7,6.99853858012342,7.0016553135631,7.2155668139706,6.75101770870714,13.9970771602468,14.0033106271262,13.8794139043879,13.8456057778417
413.3,7,7,6.99853942495566,7.00165406623458,7.21558241956584,6.75099908791595,13.9970788499113,14.0033081324692,13.8792310983983,13.8458357335938
413.4,7,7,6.99854026924815,7.00165281989071,7.21559801716326,6.75098047968013,13.9970805384963,14.0033056397814,13.8790483878387,13.8460655365887
413.5,7,7,6.99854111300153,7.00165157453071,7.21561360676555,6.75096188399131,13.9970822260031,14.0033031490614,13.8788657726749,13.8462951869255
413.6,7,7,6.99854195621644,7.00165033015383,7.21562918837542,6.75094330084117,13.9970839124329,14.0033006603077,13.8786832528727,13.8465246847031
413.7,7,7,6.99854279889068,7.00164908676445,7.21564476195348,6.75092473028735,13.9970855977814,14.0032981735289,13.8785008289001,13.8467540292175
413.8,7,7,6.9985436408519,7.00164784467814,7.21566032492609,6.75090617635794,13.9970872817038,14.0032956893563,13.8783185314598,13.8469831714527
413.9,7,7,6.99854448227717,7.00164660357186,7.21567587991707,6.7508876349339,13.9970889645543,14.0032932071437,13.8781363292443,13.8472121615237
414,7,7,6.99854532316712,7.00164536344485,7.21569142692913,6.75086910600693,13.9970906463342,14.0032907268897,13.8779542222194,13.8474409995288
414.1,7,7,6.99854616352236,7.00164412429633,7.21570696596497,6.75085058956873,13.9970923270447,14.0032882485927,13.8777722103509,13.8476696855667
414.2,7,7,6.99854700334072,7.00164288613069,7.21572249698528,6.75083208567673,13.9970940066814,14.0032857722614,13.8775902941057,13.847898218936
414.3,7,7,6.99854784245104,7.001641649262,7.21573801742167,6.75081359834297,13.9970956849021,14.003283298524,13.8774085041201,13.8481265508109
414.4,7,7,6.99854868102916,7.00164041336875,7.21575352989264,6.75079512346484,13.9970973620583,14.0032808267375,13.8772268091542,13.8483547311116
414.5,7,7,6.99854951907568,7.00163917845016,7.2157690344009,6.75077666103407,13.9970990381514,14.0032783569003,13.8770452091735,13.8485827599363
414.6,7,7,6.99855035659122,7.00163794450549,7.21578453094915,6.75075821104238,13.9971007131824,14.003275889011,13.876863704144,13.848810637383
414.7,7,7,6.99855119357362,7.00163671153908,7.21580001949818,6.75073977354699,13.9971023871472,14.0032734230782,13.8766822945315,13.8490383627531
414.8,7,7,6.9985520298529,7.00163547986354,7.21581549748482,6.75072135254401,13.9971040597058,14.0032709597271,13.876501010906,13.8492658874099
414.9,7,7,6.99855286560366,7.00163424915887,7.21583096752226,6.75070294394712,13.9971057312073,14.0032684983177,13.8763198220948,13.8494932610802
415,7,7,6.99855370082652,7.00163301942429,7.21584642961321,6.75068454774811,13.997107401653,14.0032660388486,13.8761387280636,13.8497204838616
415.1,7,7,6.99855453552208,7.00163179065905,7.21586188376037,6.75066616393875,13.9971090710442,14.0032635813181,13.8759577287783,13.8499475558516
415.2,7,7,6.99855536968818,7.00163056286749,7.21587732992463,6.750647792576,13.9971107393764,14.003261125735,13.8757768247036,13.8501744763545
415.3,7,7,6.99855620315602,7.00162933636075,7.21589276554805,6.75062943764013,13.997112406312,14.0032586727215,13.8755960463432,13.8504011969217
415.4,7,7,6.99855703609898,7.00162811082031,7.21590819323851,6.75061109506105,13.997114072198,14.0032562216406,13.8754153625919,13.8506277670874
415.5,7,7,6.99855786851768,7.00162688624543,7.2159236129987,6.75059276483059,13.9971157370354,14.0032537724909,13.8752347734153,13.8508541869487
415.6,7,7,6.9985587004127,7.00162566263534,7.21593902483135,6.75057444694056,13.9971174008254,14.0032513252707,13.8750542787792,13.8510804566027
415.7,7,7,6.99855953178192,7.00162443999437,7.2159544286974,6.75055614144771,13.9971190635638,14.0032488799887,13.8748738791472,13.8513065753563
415.8,7,7,6.99856036245766,7.00162321863219,7.2159698220442,6.75053785231649,13.9971207249153,14.0032464372644,13.874693604957,13.8515324949486
415.9,7,7,6.99856119261213,7.00162199823178,7.21598520747426,6.750519575493,13.9971223852243,14.0032439964636,13.8745134251705,13.8517582647216
416,7,7,6.99856202224592,7.0016207787924,7.21600058499031,6.7505013109691,13.9971240444918,14.0032415575848,13.8743333397533,13.8519838847722
416.1,7,7,6.99856285135962,7.0016195603133,7.21601595459506,6.75048305873663,13.9971257027192,14.0032391206266,13.8741533486713,13.8522093551971
416.2,7,7,6.9985636799511,7.00161834279876,7.21603131624954,6.75046481885212,13.9971273599022,14.0032366855975,13.8739734523871,13.8524346753056
416.3,7,7,6.99856450785385,7.00161712655702,7.21604666740634,6.7504465952643,13.9971290157077,14.003234253114,13.8737936812719,13.8526597970236
416.4,7,7,6.99856533523888,7.00161591127255,7.21606201066267,6.75042838393538,13.9971306704778,14.0032318225451,13.873614004355,13.8528847695022
416.5,7,7,6.99856616210677,7.0016146969446,7.21607734602124,6.75041018485723,13.9971323242135,14.0032293938892,13.8734344216021,13.8531095928377
416.6,7,7,6.99856698845811,7.00161348357242,7.21609267348475,6.75039199802175,13.9971339769162,14.0032269671448,13.8732549329791,13.8533342671264
416.7,7,7,6.99856781429078,7.0016122711603,7.21610799301434,6.75037382348525,13.9971356285816,14.0032245423206,13.8730755389474,13.8535587916803
416.8,7,7,6.99856863943938,7.001611060015,7.21612330206785,6.7503556651808,13.9971372788788,14.00322212003,13.8728962698119,13.8537831186112
416.9,7,7,6.99856946407377,7.00160984982248,7.21613860323714,6.75033751908662,13.9971389281475,14.003219699645,13.8727170946694,13.8540072968798
417,7,7,6.99857028819453,7.00160864058201,7.21615389652493,6.75031938519464,13.9971405763891,14.003217281164,13.8725380134856,13.8542313265821
417.1,7,7,6.99857111180223,7.00160743229282,7.21616918193393,6.75030126349678,13.9971422236045,14.0032148645856,13.8723590262263,13.854455207814
417.2,7,7,6.99857193489476,7.00160622495919,7.21618445942537,6.75028315404913,13.9971438697895,14.0032124499184,13.8721801333518,13.8546789398901
417.3,7,7,6.99857275730783,7.00160501888645,7.21619972646232,6.75026506076918,13.9971455146157,14.0032100377729,13.8720013651009,13.8549024751072
417.4,7,7,6.99857357921016,7.00160381376203,7.21621498563132,6.75024697965112,13.9971471584203,14.0032076275241,13.8718226906376,13.8551258622366
417.5,7,7,6.9985744006023,7.00160260958518,7.2162302369351,6.7502289106869,13.9971488012046,14.0032052191704,13.8716441099275,13.855349101374
417.6,7,7,6.99857522148484,7.00160140635517,7.21624548037636,6.75021085386847,13.9971504429697,14.0032028127103,13.8714656229366,13.8555721926149
417.7,7,7,6.99857604185566,7.00160020407624,7.21626071591642,6.75019280925173,13.9971520837113,14.0032004081525,13.871287230124,13.8557951352763
417.8,7,7,6.99857686155158,7.00159900305229,7.2162759410236,6.75017478073863,13.9971537231032,14.0031980061046,13.8711089616623,13.8560178818393
417.9,7,7,6.99857768074017,7.00159780297222,7.21629115827912,6.75015676433925,13.9971553614803,14.0031956059444,13.8709307867828,13.8562404808869
418,7,7,6.99857849942199,7.00159660383528,7.21630636768569,6.75013876004556,13.997156998844,14.0031932076706,13.8707527054512,13.8564629325141
418.1,7,7,6.99857931759761,7.00159540564074,7.21632156924603,6.75012076784958,13.9971586351952,14.0031908112815,13.8705747176334,13.856685236816
418.2,7,7,6.99858013526492,7.00159420839282,7.21633676292152,6.75010278780695,13.9971602705298,14.0031884167856,13.8703968237875,13.8569073931124
418.3,7,7,6.99858095226183,7.00159301239401,7.21635194618577,6.75008482380422,13.9971619045237,14.003186024788,13.8702190540196,13.8571293540676
418.4,7,7,6.99858176875478,7.00159181733466,7.21636712161464,6.75006687186725,13.9971635375096,14.0031836346693,13.8700413776286,13.8573511680771
418.5,7,7,6.99858258474433,7.00159062321402,7.21638228921086,6.75004893198806,13.9971651694887,14.003181246428,13.8698637945802,13.8575728352353
418.6,7,7,6.99858340023103,7.00158943003137,7.21639744897712,6.7500310041587,13.9971668004621,14.0031788600627,13.8696863048401,13.857794355637
418.7,7,7,6.9985842152128,7.0015882377909,7.21641260087493,6.7500130884346,13.9971684304256,14.0031764755818,13.8695089088655,13.8580157286045
418.8,7,7,6.99858502952861,7.0015870467937,7.21642774238312,6.74999518868694,13.9971700590572,14.0031740935874,13.8693316366963,13.8582369069848
418.9,7,7,6.99858584334379,7.00158585673154,7.21644287607223,6.74997730095729,13.9971716866876,14.0031717134631,13.8691544576985,13.8584579389864
419,7,7,6.99858665665889,7.00158466760371,7.21645800194498,6.74995942523774,13.9971733133178,14.0031693352074,13.8689773718379,13.8586788247035
419.1,7,7,6.99858746947446,7.00158347940947,7.21647312000407,6.74994156152034,13.9971749389489,14.0031669588189,13.8688003790803,13.8588995642303
419.2,7,7,6.99858828178842,7.00158229215301,7.21648823021109,6.74992370986034,13.9971765635768,14.003164584306,13.8686234798818,13.8591201568916
419.3,7,7,6.99858909344081,7.00158110613398,7.21650333005014,6.7499058741136,13.9971781868816,14.003162212268,13.8684467042159,13.8593405557164
419.4,7,7,6.99858990459585,7.00157992104563,7.21651842208642,6.74988805033737,13.9971798091917,14.0031598420913,13.8682700215161,13.8595608087271
419.5,7,7,6.9985907152541,7.00157873688723,7.21653350632262,6.74987023852374,13.9971814305082,14.0031574737745,13.8680934317481,13.8597809160174
419.6,7,7,6.99859152541609,7.00157755365804,7.21654858276149,6.74985243866484,13.9971830508322,14.0031551073161,13.8679169348778,13.8600008776812
419.7,7,7,6.99859233507976,7.00157637136225,7.21656365136467,6.74983465081567,13.9971846701595,14.0031527427245,13.8677405313601,13.8602206930459
419.8,7,7,6.99859314408618,7.00157519029809,7.21657870962153,6.74981687881687,13.9971862881724,14.0031503805962,13.8675642511023,13.8604403153214
419.9,7,7,6.9985939525985,7.00157401016026,7.21659376009193,6.74979911874128,13.997187905197,14.0031480203205,13.8673880636053,13.8606597923448
420,7,7,6.99859476061727,7.00157283094802,7.21660880277857,6.74978137058105,13.9971895212345,14.003145661896,13.8672119688348,13.8608791242095
420.1,7,7,6.99859556814302,7.00157165266065,7.21662383768418,6.74976363432831,13.997191136286,14.0031433053213,13.8670359667566,13.861098311009
420.2,7,7,6.99859637517369,7.00157047530229,7.21663886477049,6.74974591003787,13.9971927503474,14.0031409506046,13.8668600578246,13.8613173520731
420.3,7,7,6.99859718155137,7.00156929916982,7.21665388153216,6.7497282015352,13.9971943631027,14.0031385983396,13.8666842718798,13.8615362007921
420.4,7,7,6.99859798743817,7.00156812395933,7.21666889052368,6.74971050490866,13.9971959748763,14.0031362479187,13.8665085784905,13.8617549048186
420.5,7,7,6.99859879283461,7.0015669496701,7.21668389174775,6.74969282015043,13.9971975856692,14.0031338993402,13.8663329776224,13.8619734642457
420.6,7,7,6.99859959774122,7.00156577630142,7.21669888520711,6.74967514725268,13.9971991954824,14.0031315526028,13.8661574692413,13.8621918791663
420.7,7,7,6.99860040215595,7.0015646038574,7.21671387086358,6.74965748627001,13.9972008043119,14.0031292077148,13.8659820537999,13.8624101489129
420.8,7,7,6.99860120592192,7.00156343263353,7.21672884621708,6.7496398410128,13.9972024118438,14.0031268652671,13.8658067610732,13.8626282270551
420.9,7,7,6.99860200920017,7.00156226232732,7.21674381381674,6.74962220758485,13.9972040184003,14.0031245246546,13.8656315606966,13.862846161062
421,7,7,6.99860281199121,7.00156109293807,7.21675877366528,6.74960458597838,13.9972056239824,14.0031221858761,13.8654564526359,13.8630639510263
421.1,7,7,6.99860361429558,7.00155992446506,7.21677372576543,6.7495869761856,13.9972072285912,14.0031198489301,13.8652814368569,13.8632815970403
421.2,7,7,6.99860441611124,7.00155875691238,7.2167886700791,6.74956937826089,13.9972088322225,14.0031175138248,13.8651065138113,13.8634990984393
421.3,7,7,6.99860521728229,7.00155759057414,7.21680360411147,6.74955179599961,13.9972104345646,14.0031151811483,13.8649317132077,13.8637164089713
421.4,7,7,6.99860601796874,7.00155642514928,7.21681853040634,6.74953422552094,13.9972120359375,14.0031128502986,13.864757004749,13.8639335759227
421.5,7,7,6.99860681817111,7.00155526063707,7.21683344896642,6.74951666681713,13.9972136363422,14.0031105212741,13.8645823884009,13.8641505993858
421.6,7,7,6.99860761788992,7.00155409703682,7.21684835979443,6.74949911988043,13.9972152357798,14.0031081940736,13.8644078641293,13.8643674794526
421.7,7,7,6.99860841712314,7.00155293435261,7.21686326285238,6.74948158476501,13.9972168342463,14.0031058687052,13.8642334323848,13.8645842154606
421.8,7,7,6.99860921571586,7.00155177287715,7.21687815565072,6.74946406525127,13.9972184314317,14.0031035457543,13.8640591228096,13.864800761336
421.9,7,7,6.99861001382707,7.00155061231079,7.21689304072788,6.74944655747371,13.9972200276541,14.0031012246216,13.8638849051741,13.8650171641831
422,7,7,6.99861081145728,7.00154945265283,7.21690791808659,6.7494290614246,13.9972216229146,14.0030989053057,13.863710779444,13.8652334240937
422.1,7,7,6.99861160860699,7.00154829390255,7.21692278772956,6.74941157709623,13.997223217214,14.0030965878051,13.8635367455851,13.8654495411595
422.2,7,7,6.9986124052742,7.00154713606403,7.21693764961888,6.74939410454256,13.9972248105484,14.0030942721281,13.863362804047,13.8656655147205
422.3,7,7,6.99861320130497,7.00154597942861,7.2169525012703,6.74937664752911,13.9972264026099,14.0030919588572,13.8631889844058,13.8658812988798
422.4,7,7,6.99861399685727,7.00154482369804,7.21696734521687,6.74935920220561,13.9972279937145,14.0030896473961,13.863015256499,13.8660969405607
422.5,7,7,6.99861479193162,7.00154366887161,7.21698218146133,6.74934176856436,13.9972295838632,14.0030873377432,13.8628416202924,13.8663124398545
422.6,7,7,6.9986155865285,7.00154251494863,7.21699701000638,6.7493243465977,13.997231173057,14.0030850298973,13.8626680757518,13.8665277968526
422.7,7,7,6.99861638064592,7.00154136193314,7.21701183081421,6.74930693635937,13.9972327612918,14.0030827238663,13.8624946233258,13.8667430108974
422.8,7,7,6.99861717413091,7.00154021011513,7.21702664140584,6.74928954160007,13.9972343482618,14.0030804202303,13.8623212925241,13.8669580362684
422.9,7,7,6.99861796714045,7.00153905919773,7.21704144430896,6.74927215848471,13.9972359342809,14.0030781183955,13.8621480532517,13.8671729197084
423,7,7,6.99861875967502,7.00153790918026,7.2170562395263,6.74925478700562,13.99723751935,14.0030758183605,13.8619749054744,13.8673876613083
423.1,7,7,6.99861955173514,7.00153676006201,7.21707102706059,6.74923742715515,13.9972391034703,14.003073520124,13.8618018491579,13.8676022611591
423.2,7,7,6.99862034331879,7.001535611847,7.21708580687408,6.74922007898688,13.9972406866376,14.003071223694,13.8616288847498,13.8678167186058
423.3,7,7,6.99862113427397,7.00153446482388,7.21710057649307,6.74920274623673,13.9972422685479,14.0030689296478,13.8614560416936,13.8680309881033
423.4,7,7,6.99862192475666,7.00153331869716,7.2171153384399,6.74918542508469,13.9972438495133,14.0030666373943,13.8612832899615,13.8682451162147
423.5,7,7,6.99862271476736,7.00153217346617,7.2171300927173,6.74916811552316,13.9972454295347,14.0030643469323,13.8611106295194,13.8684591030308
423.6,7,7,6.99862350430655,7.00153102913019,7.21714483932798,6.74915081754452,13.9972470086131,14.0030620582604,13.8609380603331,13.868672948642
423.7,7,7,6.99862429337225,7.00152988569323,7.21715957823431,6.74913353120211,13.9972485867445,14.0030597713865,13.8607655828489,13.8688866523958
423.8,7,7,6.99862508181339,7.00152874344258,7.21717430696784,6.74911626021721,13.9972501636268,14.0030574868852,13.8605932264443,13.8691001689218
423.9,7,7,6.99862586978498,7.00152760208417,7.21718902804557,6.74909900078482,13.99725173957,14.0030552041683,13.8604209611588,13.8693135446044
424,7,7,6.99862665728749,7.00152646161727,7.2172037414702,6.74908175289736,13.997253314575,14.0030529232345,13.8602487869581,13.8695267795339
424.1,7,7,6.99862744432142,7.00152532204122,7.21721844724448,6.74906451654726,13.9972548886428,14.0030506440824,13.8600767038082,13.8697398738004
424.2,7,7,6.99862823088479,7.00152418335999,7.21723314533083,6.74904729178766,13.9972564617696,14.00304836672,13.8599047121544,13.8699528267538
424.3,7,7,6.99862901682745,7.00152304585952,7.2172478332661,6.74903008232521,13.9972580336549,14.003046091719,13.8597328413077,13.8701655931977
424.4,7,7,6.99862980230346,7.00152190924712,7.21726251356192,6.74901288436988,13.9972596046069,14.0030438184942,13.8595610613752,13.8703782193385
424.5,7,7,6.99863058731329,7.00152077352208,7.217277186221,6.74899569791412,13.9972611746266,14.0030415470442,13.8593893723225,13.8705907052661
424.6,7,7,6.99863137185742,7.00151963868371,7.21729185124607,6.74897852295039,13.9972627437148,14.0030392773674,13.8592177741156,13.8708030510701
424.7,7,7,6.99863215593388,7.00151850473599,7.21730650859965,6.74896135953163,13.9972643118678,14.003037009472,13.8590462671987,13.8710152561028
424.8,7,7,6.99863293939344,7.00151737196352,7.21732115582387,6.74894421134994,13.9972658787869,14.003034743927,13.8588748808167,13.8712272753414
424.9,7,7,6.99863372238921,7.00151624007496,7.21733579542499,6.74892707463018,13.9972674447784,14.0030324801499,13.8587035851439,13.8714391548147
425,7,7,6.99863450492165,7.00151510906963,7.21735042740573,6.74890994936484,13.9972690098433,14.0030302181393,13.858532380146,13.8716508946122
425.1,7,7,6.99863528699124,7.00151397894682,7.21736505176882,6.74889283554641,13.9972705739825,14.0030279578936,13.858361265789,13.8718624948234
425.2,7,7,6.99863606859602,7.0015128497105,7.21737966847686,6.74887573322763,13.997272137192,14.003025699421,13.8581902425158,13.8720739548029
425.3,7,7,6.99863684958767,7.00151172164395,7.21739427507726,6.74885864608611,13.9972736991753,14.0030234432879,13.8580193395056,13.8722852297001
425.4,7,7,6.99863763011834,7.00151059445719,7.21740887407092,6.74884157036153,13.9972752602367,14.0030211889144,13.8578485269995,13.8724963653677
425.5,7,7,6.99863841018851,7.00150946814951,7.21742346546055,6.74882450604642,13.997276820377,14.003018936299,13.8576778049636,13.8727073618947
425.6,7,7,6.99863918979865,7.00150834272026,7.21743804924888,6.74880745313331,13.9972783795973,14.0030166854405,13.8575071733635,13.8729182193701
425.7,7,7,6.99863996894678,7.00150721817334,7.21745262539862,6.74879041167473,13.9972799378936,14.0030144363467,13.8573366326414,13.873128937151
425.8,7,7,6.99864074748551,7.00150609479074,7.21746719146244,6.74877338533387,13.997281494971,14.0030121895815,13.8571662119102,13.8733394705585
425.9,7,7,6.99864152556605,7.00150497228381,7.21748174993587,6.74875637036517,13.9972830511321,14.0030099445676,13.8569958814783,13.8735498652697
426,7,7,6.99864230318886,7.00150385065188,7.21749630082163,6.74873936676119,13.9972846063777,14.0030077013038,13.8568256413117,13.8737601213731
426.1,7,7,6.99864308035442,7.00150272989426,7.21751084412247,6.74872237451451,13.9972861607088,14.0030054597885,13.8566554913762,13.8739702389572
426.2,7,7,6.99864385706077,7.00150161001486,7.21752537980114,6.74870539367743,13.9972877141215,14.0030032200297,13.8564854321128,13.8741802173818
426.3,7,7,6.99864463316138,7.00150049129435,7.21753990541563,6.74868842789881,13.9972892663228,14.0030009825887,13.8563154925682,13.8743900121389
426.4,7,7,6.99864540880655,7.00149937344542,7.21755442345609,6.74867147344778,13.9972908176131,14.0029987468908,13.8561456431183,13.8745996687304
426.5,7,7,6.99864618399676,7.0014982564674,7.21756893392524,6.74865453031692,13.9972923679935,14.0029965129348,13.8559758837288,13.8748091872447
426.6,7,7,6.99864695873244,7.00149714035961,7.21758343682582,6.74863759849884,13.9972939174649,14.0029942807192,13.8558062143657,13.8750185677698
426.7,7,7,6.99864773301167,7.00149602512596,7.21759793212069,6.74862067804566,13.9972954660233,14.0029920502519,13.8556366354689,13.8752278096679
426.8,7,7,6.99864850668878,7.00149491104577,7.21761241737311,6.74860377259194,13.9972970133776,14.0029898220915,13.8554671760191,13.8754368686012
426.9,7,7,6.99864927991318,7.00149379783311,7.21762689506785,6.74858687842142,13.9972985598264,14.0029875956662,13.8552978064592,13.8756457898976
427,7,7,6.99865005268532,7.0014926854873,7.21764136520765,6.74856999552675,13.9973001053706,14.0029853709746,13.8551285267551,13.8758545736449
427.1,7,7,6.99865082500565,7.00149157400766,7.21765582779524,6.74855312390054,13.9973016500113,14.0029831480153,13.8549593368727,13.8760632199309
427.2,7,7,6.99865159687225,7.00149046339807,7.21767028279358,6.74853626359472,13.9973031937445,14.0029809267961,13.8547902372508,13.8762717281199
427.3,7,7,6.9986523681403,7.00148935393657,7.21768472777118,6.74851941822962,13.9973047362806,14.0029787078731,13.8546212568042,13.876480054044
427.4,7,7,6.99865313895833,7.00148824533855,7.21769916520747,6.74850258410356,13.9973062779167,14.0029764906771,13.8544523660429,13.8766882428573
427.5,7,7,6.99865390932678,7.00148713760333,7.21771359510519,6.74848576120919,13.9973078186536,14.0029742752067,13.8542835649327,13.8768962946474
427.6,7,7,6.9986546792461,7.00148603073025,7.21772801746706,6.74846894953917,13.9973093584922,14.0029720614605,13.8541148534396,13.8771042095018
427.7,7,7,6.99865544871437,7.00148492472316,7.21774243225612,6.74845214914525,13.9973108974287,14.0029698494463,13.8539462320015,13.8773119867871
427.8,7,7,6.99865621758762,7.00148381985881,7.21775683704618,6.74843536363357,13.9973124351752,14.0029676397176,13.8537777294669,13.877519582504
427.9,7,7,6.99865698601351,7.00148271585391,7.2177712343113,6.74841858931695,13.997313972027,14.0029654317078,13.853609316413,13.8777270416342
428,7,7,6.99865775399247,7.00148161270779,7.2177856240542,6.74840182618808,13.9973155079849,14.0029632254156,13.8534409928058,13.8779343642647
428.1,7,7,6.99865852152494,7.00148051041979,7.21780000627762,6.74838507423966,13.9973170430499,14.0029610208396,13.8532727586112,13.8781415504827
428.2,7,7,6.998659288609,7.00147940899375,7.21781438094467,6.74836833352322,13.997318577218,14.0029588179875,13.8531046142659,13.8783485996573
428.3,7,7,6.99866005510155,7.00147830870511,7.21782874563447,6.74835160763082,13.9973201102031,14.0029566174102,13.8529365885526,13.8785554679571
428.4,7,7,6.99866082114935,7.00147720927192,7.21784310281568,6.7483348928897,13.9973216422987,14.0029544185438,13.8527686521156,13.8787622001918
428.5,7,7,6.99866158675283,7.00147611069351,7.21785745249104,6.74831818929259,13.9973231735057,14.002952221387,13.8526008049208,13.8789687964482
428.6,7,7,6.99866235191243,7.00147501296922,7.21787179466327,6.74830149683221,13.9973247038249,14.0029500259384,13.8524330469342,13.879175256813
428.7,7,7,6.99866311662624,7.00147391610286,7.2178861292956,6.7482848155599,13.9973262332525,14.0029478322057,13.8522653785914,13.8793815806577
428.8,7,7,6.99866388075199,7.00147282036862,7.21790045397239,6.74826814905369,13.997327761504,14.0029456407372,13.8520978286091,13.8795877243182
428.9,7,7,6.99866464443558,7.00147172548583,7.21791477115697,6.74825149365518,13.9973292888712,14.0029434509717,13.8519303676988,13.879793732433
429,7,7,6.99866540767743,7.00147063145384,7.21792908085206,6.74823484935713,13.9973308153549,14.0029412629077,13.8517629958263,13.8799996050886
429.1,7,7,6.99866617047798,7.00146953827199,7.21794338306039,6.74821821615229,13.997332340956,14.002939076544,13.8515957129576,13.8802053423713
429.2,7,7,6.99866693283533,7.00146844594408,7.21795767774526,6.74820159409182,13.9973338656707,14.0029368918882,13.8514285195274,13.8804109436548
429.3,7,7,6.99866769460802,7.001467354743,7.21797196249632,6.74818498673976,13.997335389216,14.002934709486,13.8512614441864,13.8806163654417
429.4,7,7,6.9986684559411,7.00146626438942,7.21798623977154,6.74816839045201,13.9973369118822,14.0029325287788,13.851094457713,13.8808216522002
429.5,7,7,6.998669216835,7.00146517488267,7.21800050957363,6.74815180522138,13.99733843367,14.0029303497653,13.8509275600733,13.8810268040162
429.6,7,7,6.99866997729014,7.0014640862221,7.21801477190532,6.74813523104064,13.9973399545803,14.0029281724442,13.850760751233,13.8812318209756
429.7,7,7,6.99867073730464,7.00146299841149,7.21802902672999,6.74811866796075,13.9973414746093,14.002925996823,13.8505940316259,13.8814367024548
429.8,7,7,6.99867149673783,7.00146191172247,7.2180432716426,6.74810211953184,13.9973429934757,14.0029238234449,13.8504274298369,13.8816414051219
429.9,7,7,6.99867225573395,7.001460825877,7.21805750909572,6.74808558212406,13.9973445114679,14.002921651754,13.8502609167112,13.8818459732754
430,7,7,6.9986730142934,7.00145974087442,7.21807173909207,6.74806905573023,13.9973460285868,14.0029194817488,13.850094492215,13.8820504070011
430.1,7,7,6.99867377241661,7.00145865671407,7.21808596163439,6.74805254034318,13.9973475448332,14.0029173134281,13.8499281563142,13.8822547063844
430.2,7,7,6.9986745301017,7.00145757339973,7.21810017668615,6.74803603601366,13.9973490602034,14.0029151467995,13.8497619094413,13.882458870804
430.3,7,7,6.99867528720881,7.00145649120175,7.21811438184756,6.74801954627795,13.9973505744176,14.0029129824035,13.8495957801154,13.882662857093
430.4,7,7,6.99867604388133,7.00145540984339,7.21812857956584,6.74800306752039,13.9973520877627,14.0029108196868,13.8494297392488,13.8828667093812
430.5,7,7,6.99867680011969,7.00145432932401,7.21814276984372,6.7479865997338,13.9973536002394,14.002908658648,13.8492637868076,13.8830704277539
430.6,7,7,6.99867755592427,7.00145324964293,7.21815695268393,6.74797014291106,13.9973551118485,14.0029064992859,13.8490979227577,13.8832740122961
430.7,7,7,6.99867831129323,7.00145217080393,7.21817112805001,6.74795369710272,13.9973566225865,14.0029043416079,13.8489321475307,13.8834774623889
430.8,7,7,6.9986790660875,7.00145109307609,7.21818529354749,6.7479372658313,13.997358132175,14.0029021861522,13.8487664895796,13.8836807350298
430.9,7,7,6.99867982044964,7.00145001618396,7.21819945161819,6.74792084549521,13.9973596408993,14.0029000323679,13.8486009198839,13.8838838741803
431,7,7,6.99868057438006,7.0014489401269,7.21821360226485,6.74790443608733,13.9973611487601,14.0028978802538,13.8484354384096,13.8840868799254
431.1,7,7,6.99868132787918,7.00144786490425,7.21822774549019,6.74788803760055,13.9973626557584,14.0028957298085,13.8482700451227,13.8842897523498
431.2,7,7,6.99868208094512,7.00144679051976,7.21824188125786,6.74787165008525,13.9973641618902,14.0028935810395,13.8481047404535,13.8844924908368
431.3,7,7,6.99868283343962,7.00144571724126,7.21825600717864,6.74785527705021,13.9973656668792,14.0028914344825,13.8479395527896,13.8846950525476
431.4,7,7,6.99868358550442,7.00144464479458,7.21827012568901,6.7478389149079,13.9973671710088,14.0028892895892,13.8477744531771,13.8848974812763
431.5,7,7,6.99868433713994,7.00144357317908,7.21828423679169,6.74782256365121,13.9973686742799,14.0028871463582,13.8476094415822,13.8850997771075
431.6,7,7,6.99868508834657,7.00144250239411,7.21829834048941,6.74780622327309,13.9973701766931,14.0028850047882,13.8474445179708,13.8853019401255
431.7,7,7,6.99868583912247,7.0014414324434,7.21831243674591,6.7477898938237,13.9973716782449,14.0028828648868,13.8472796827723,13.8855039697158
431.8,7,7,6.99868658933011,7.00144036359354,7.21832652317724,6.74777357879817,13.9973731786602,14.0028807271871,13.8471149643084,13.8857058232028
431.9,7,7,6.99868733911046,7.00143929557163,7.21834060221451,6.74775727462294,13.9973746782209,14.0028785911433,13.8469503336922,13.8859075442138
432,7,7,6.99868808846393,7.00143822837703,7.21835467386044,6.74774098129097,13.9973761769279,14.0028764567541,13.8467857908897,13.886109132833
432.1,7,7,6.99868883739091,7.0014371620091,7.21836873811778,6.7477246987952,13.9973776747818,14.0028743240182,13.846621335867,13.8863105891442
432.2,7,7,6.99868958588955,7.00143609647155,7.21838279495032,6.7477084271856,13.9973791717791,14.0028721929431,13.8464569690524,13.8865119125354
432.3,7,7,6.9986903338231,7.00143503202974,7.21839684197942,6.74769216994373,13.9973806676462,14.0028700640595,13.8462927187019,13.8867130604932
432.4,7,7,6.99869108133174,7.00143396841202,7.21841088163082,6.74767592350994,13.9973821626635,14.002867936824,13.8461285559954,13.8869140764789
432.5,7,7,6.99869182841586,7.00143290561777,7.21842491390723,6.74765968787719,13.9973836568317,14.0028658112355,13.845964480899,13.8871149605761
432.6,7,7,6.99869257507585,7.00143184364635,7.2184389388114,6.74764346303848,13.9973851501517,14.0028636872927,13.8458004933788,13.8873157128687
432.7,7,7,6.99869332130988,7.00143078250144,7.21845295630721,6.74762724904359,13.9973866426198,14.0028615650029,13.845636593862,13.8875163327466
432.8,7,7,6.99869406698195,7.00142972244717,7.21846696402129,6.74761104936053,13.9973881339639,14.0028594448943,13.8454728105389,13.8877167778581
432.9,7,7,6.99869481223145,7.00142866321317,7.21848096437402,6.74759486044351,13.9973896244629,14.0028573264263,13.8453091146563,13.8879170914991
433,7,7,6.99869555705877,7.00142760479881,7.21849495736812,6.74757868228552,13.9973911141175,14.0028552095976,13.8451455061802,13.888117273753
433.1,7,7,6.9986963014643,7.00142654720346,7.21850894300631,6.7475625148796,13.9973926029286,14.0028530944069,13.8449819850769,13.8883173247032
433.2,7,7,6.99869704544621,7.00142549043078,7.2185229212526,6.74754635827533,13.9973940908924,14.0028509808616,13.8448185517724,13.888517243742
433.3,7,7,6.99869778886925,7.00142443474366,7.21853688973886,6.74753021592725,13.9973955777385,14.0028488694873,13.8446552343913,13.8887169886785
433.4,7,7,6.99869853187203,7.00142337987302,7.21855085088011,6.74751408430334,13.9973970637441,14.002846759746,13.8444920042473,13.888916602644
433.5,7,7,6.99869927445495,7.0014223258182,7.21856480467908,6.74749796339666,13.9973985489099,14.0028446516364,13.8443288613065,13.8891160857216
433.6,7,7,6.99870001661839,7.00142127257857,7.21857875113849,6.74748185320025,13.9974000332368,14.0028425451571,13.844165805535,13.8893154379943
433.7,7,7,6.99870075836052,7.0014202201578,7.21859269022243,6.74746575376351,13.997401516721,14.0028404403156,13.8440028373579,13.8895146588566
433.8,7,7,6.99870149954682,7.00141916881756,7.21860661956804,6.74744966852757,13.9974029990936,14.0028383376351,13.8438399848342,13.8897137062778
433.9,7,7,6.99870224031517,7.00141811828999,7.218620541585,6.74743359397413,13.9974044806303,14.00283623658,13.8436772193442,13.8899126232255
434,7,7,6.99870298066593,7.00141706857445,7.21863445627602,6.74741753009628,13.9974059613319,14.0028341371489,13.8435145408541,13.8901114097822
434.1,7,7,6.99870372059949,7.00141601967033,7.21864836364382,6.7474014768871,13.997407441199,14.0028320393407,13.8433519493301,13.8903100660306
434.2,7,7,6.99870446011403,7.00141497158126,7.21866226365257,6.74738543439581,13.9974089202281,14.0028299431625,13.8431894451961,13.8905085913676
434.3,7,7,6.99870519907576,7.00141392456769,7.2186761539447,6.74736940605016,13.9974103981515,14.0028278491354,13.8430270564457,13.8907069439219
434.4,7,7,6.99870593762179,7.00141287836303,7.21869003692452,6.74735338834554,13.9974118752436,14.0028257567261,13.8428647545259,13.8909051664979
434.5,7,7,6.9987066757525,7.00141183296663,7.21870391259473,6.74733738127506,13.997413351505,14.0028236659333,13.8427025394027,13.8911032591777
434.6,7,7,6.99870741346825,7.00141078837788,7.21871778095807,6.74732138483183,13.9974148269365,14.0028215767558,13.8425404110425,13.8913012220438
434.7,7,7,6.99870815076725,7.00140974460039,7.21873164197878,6.74730539906489,13.9974163015345,14.0028194892008,13.8423783698681,13.8914990544952
434.8,7,7,6.99870888751641,7.00140870189342,7.21874549330457,6.74728942738868,13.9974177750328,14.0028174037868,13.8422164438076,13.8916967148194
434.9,7,7,6.9987096238521,7.00140765999159,7.21875933733437,6.74727346631221,13.9974192477042,14.0028153199832,13.8420546043746,13.8918942456583
435,7,7,6.99871035977471,7.00140661889428,7.21877317407091,6.74725751582861,13.9974207195494,14.0028132377886,13.8418928515352,13.8920916470939
435.1,7,7,6.99871109528458,7.00140557860086,7.21878700351691,6.74724157593104,13.9974221905692,14.0028111572017,13.8417311852558,13.8922889192081
435.2,7,7,6.99871183037993,7.00140453911495,7.21880082563671,6.74722564666833,13.9974236607599,14.0028090782299,13.8415696059581,13.8924860614021
435.3,7,7,6.99871256492839,7.00140350069458,7.21881463808327,6.74720973144169,13.9974251298568,14.0028070013892,13.8414081415047,13.8926830321218
435.4,7,7,6.99871329906558,7.00140246307562,7.21882844325018,6.74719382677369,13.9974265981312,14.0028049261512,13.841246763476,13.8928798738471
435.5,7,7,6.99871403279189,7.00140142625744,7.21884224114016,6.74717793265749,13.9974280655838,14.0028028525149,13.841085471838,13.8930765866597
435.6,7,7,6.99871476610767,7.00140039023943,7.21885603175593,6.74716204908625,13.9974295322153,14.0028007804789,13.840924266557,13.8932731706411
435.7,7,7,6.99871549901114,7.00139935502517,7.2188698150619,6.74714617610864,13.9974309980223,14.0027987100503,13.8407631480539,13.8934696251949
435.8,7,7,6.9987162313706,7.00139832087152,7.21888358871633,6.7471303171127,13.9974324627412,14.002796641743,13.8406021441257,13.8936659089241
435.9,7,7,6.998716963321,7.00139728751556,7.21889735510744,6.74711446863447,13.997433926642,14.0027945750311,13.8404412264193,13.8938620641479
436,7,7,6.99871769486268,7.00139625495667,7.21891111423793,6.74709863066713,13.9974353897254,14.0027925099133,13.8402803949009,13.8940580909474
436.1,7,7,6.998718425996,7.00139522319423,7.21892486611054,6.74708280320389,13.997436851992,14.0027904463885,13.8401196495368,13.8942539894039
436.2,7,7,6.99871915671919,7.00139419223182,7.21893861068978,6.74706698629323,13.9974383134384,14.0027883844636,13.8399589907468,13.8944497589231
436.3,7,7,6.99871988690126,7.0013931623251,7.21895234563914,6.74705118331007,13.9974397738025,14.0027863246502,13.8397984462625,13.894645358265
436.4,7,7,6.9987206166764,7.00139213321236,7.2189660733415,6.74703539080387,13.9974412333528,14.0027842664247,13.8396379877973,13.894840829588
436.5,7,7,6.99872134604499,7.001391104893,7.21897979379958,6.74701960876785,13.99744269209,14.002782209786,13.8394776153176,13.8950361729732
436.6,7,7,6.99872207500736,7.00139007736641,7.21899350701609,6.74700383719525,13.9974441500147,14.0027801547328,13.8393173287894,13.8952313885015
436.7,7,7,6.99872280356175,7.00138905063613,7.21900721295562,6.74698807613436,13.9974456071235,14.0027781012723,13.8391571286318,13.8954264755807
436.8,7,7,6.99872353157786,7.00138802495664,7.21902090928696,6.74697232894704,13.9974470631557,14.0027760499133,13.8389970425108,13.8956213931268
436.9,7,7,6.99872425918917,7.00138700006747,7.21903459838761,6.74695659219611,13.9974485183783,14.0027740001349,13.8388370422065,13.8958161831388
437,7,7,6.99872498639605,7.00138597596799,7.21904828026029,6.74694086587483,13.9974499727921,14.002771951936,13.8386771276851,13.8960108456973
437.1,7,7,6.99872571319885,7.0013849526576,7.21906195490772,6.74692514997646,13.9974514263977,14.0027699053152,13.8385172989129,13.8962053808827
437.2,7,7,6.99872643959578,7.00138393013983,7.21907562229457,6.74690944454913,13.9974528791916,14.0027678602797,13.8383575563076,13.8963997881052
437.3,7,7,6.99872716545723,7.00138290866799,7.2190892800949,6.74689375294167,13.9974543309145,14.002765817336,13.8381979274702,13.8965940264363
437.4,7,7,6.99872789091599,7.0013818879828,7.21910293068085,6.74687807173021,13.997455781832,14.0027637759656,13.8380383842471,13.8967881377157
437.5,7,7,6.99872861597242,7.00138086808365,7.21911657405514,6.74686240090806,13.9974572319448,14.0027617361673,13.8378789266045,13.8969821220239
437.6,7,7,6.99872934062686,7.00137984896992,7.21913021022049,6.7468467404685,13.9974586812537,14.0027596979398,13.8377195545088,13.8971759794409
437.7,7,7,6.99873006487755,7.00137883064516,7.21914383914165,6.74683109045945,13.9974601297551,14.0027576612903,13.8375602683767,13.897369709379
437.8,7,7,6.99873078859552,7.00137781336147,7.21915745849794,6.74681545421683,13.997461577191,14.0027556267229,13.8374010957439,13.8975632710645
437.9,7,7,6.99873151191288,7.00137679686078,7.21917107065616,6.74679982833002,13.9974630238258,14.0027535937216,13.8372420085231,13.8977567061789
438,7,7,6.99873223482998,7.0013757811425,7.21918467561902,6.74678421279233,13.99746446966,14.002751562285,13.8370830066807,13.8979500148021
438.1,7,7,6.99873295734716,7.00137476620601,7.21919827338925,6.74676860759709,13.9974659146943,14.002749532412,13.836924090183,13.898143197014
438.2,7,7,6.99873367946267,7.00137375205482,7.21921186393168,6.74675301279204,13.9974673589253,14.0027475041096,13.8367652594456,13.898336252229
438.3,7,7,6.9987344010482,7.00137273893989,7.21922544493089,6.7467374317002,13.9974688020964,14.0027454778798,13.8366065419391,13.8985291398274
438.4,7,7,6.99873512223518,7.00137172660433,7.21923901874832,6.74672186092414,13.9974702444704,14.0027434532087,13.8364479096426,13.8987219013331
438.5,7,7,6.99873584302394,7.00137071504756,7.2192525853867,6.74670630045721,13.9974716860479,14.0027414300951,13.8362893625223,13.8989145368258
438.6,7,7,6.99873656341484,7.00136970426895,7.21926614484874,6.74669075029275,13.9974731268297,14.0027394085379,13.8361309005448,13.8991070463848
438.7,7,7,6.99873728340611,7.00136869427202,7.21927969709935,6.74667521047835,13.9974745668122,14.002737388544,13.8359725241245,13.8992994294269
438.8,7,7,6.99873800287011,7.00136768530654,7.21929323982839,6.74665968432418,13.9974760057402,14.0027353706131,13.8358142606669,13.8994916454858
438.9,7,7,6.99873872193759,7.00136667711684,7.21930677539195,6.74664416844594,13.9974774438752,14.0027333542337,13.8356560822174,13.8996837359283
439,7,7,6.99873944060888,7.00136566970231,7.21932030379275,6.746628662837,13.9974788812178,14.0027313394046,13.8354979887423,13.8998757008338
439.1,7,7,6.99874015888433,7.00136466306235,7.21933382503349,6.74661316749076,13.9974803177687,14.0027293261247,13.8353399802079,13.9000675402814
439.2,7,7,6.99874087676217,7.00136365720044,7.21934733907919,6.74659768245461,13.9974817535243,14.0027273144009,13.8351820570279,13.90025925369
439.3,7,7,6.99874159411542,7.00136265236522,7.21936084362494,6.74658221102593,13.9974831882308,14.0027253047304,13.8350242465427,13.9004508007458
439.4,7,7,6.99874231107416,7.00136164830218,7.21937434102149,6.74656674983351,13.9974846221483,14.0027232966044,13.8348665208636,13.9006422226598
439.5,7,7,6.99874302763871,7.00136064501073,7.21938783127157,6.74655129887076,13.9974860552774,14.0027212900215,13.8347088799573,13.9008335195107
439.6,7,7,6.99874374380942,7.00135964249027,7.21940131437788,6.74653585813109,13.9974874876188,14.0027192849805,13.83455132379,13.9010246913773
439.7,7,7,6.99874445958453,7.00135864074425,7.21941479030551,6.74652042766171,13.9974889191691,14.0027172814885,13.8343938527744,13.9012157376807
439.8,7,7,6.99874517483769,7.00135764002018,7.21942825675482,6.7465050107473,13.9974903496754,14.0027152800404,13.8342364941856,13.9014066182594
439.9,7,7,6.99874588969831,7.00135664006472,7.2194417160712,6.74648960402966,13.9974917793966,14.0027132801294,13.8340792202016,13.9015973741684
440,7,7,6.99874660416674,7.00135564087727,7.21945516825739,6.74647420750221,13.9974932083335,14.0027112817545,13.8339220307886,13.9017880054863
440.1,7,7,6.99874731824329,7.00135464245726,7.21946861331608,6.74645882115841,13.9974946364866,14.0027092849145,13.8337649259131,13.9019785122917
440.2,7,7,6.99874803192623,7.0013536448081,7.21948205121247,6.74644344504529,13.9974960638525,14.0027072896162,13.8336079059866,13.9021688940075
440.3,7,7,6.99874874508982,7.00135264817617,7.21949547965213,6.74642808243485,13.9974974901796,14.0027052963523,13.8334509982195,13.9023591106239
440.4,7,7,6.99874945786284,7.00135165230929,7.21950890097515,6.74641272998186,13.9974989157257,14.0027033046186,13.8332941748555,13.9025492030409
440.5,7,7,6.99875017024562,7.00135065720688,7.21952231518424,6.74639738767978,13.9975003404912,14.0027013144138,13.8331374358613,13.9027391713368
440.6,7,7,6.99875088223847,7.00134966286834,7.21953572228211,6.74638205552207,13.9975017644769,14.0026993257367,13.8329807812031,13.9029290155897
440.7,7,7,6.99875159383968,7.00134866929712,7.21954912223402,6.7463667335556,13.9975031876794,14.0026973385942,13.8328242112916,13.9031187352248
440.8,7,7,6.99875230492411,7.0013476767384,7.21956251275081,6.74635142503978,13.9975046098482,14.0026953534768,13.832667753272,13.9033082903831
440.9,7,7,6.99875301561992,7.00134668494121,7.21957589616722,6.74633612664225,13.9975060312398,14.0026933698824,13.8325113794544,13.9034977218102
441,7,7,6.99875372592741,7.00134569390495,7.21958927248597,6.74632083835651,13.9975074518548,14.0026913878099,13.8323550898051,13.9036870295842
441.1,7,7,6.99875443584691,7.00134470362904,7.21960264170975,6.74630556017607,13.9975088716938,14.0026894072581,13.8321988842907,13.9038762137828
441.2,7,7,6.99875514537669,7.00134371411689,7.21961600380392,6.74629029214758,13.9975102907534,14.0026874282338,13.8320427633207,13.9040652738334
441.3,7,7,6.99875585439226,7.00134272561258,7.21962935648457,6.74627503751792,13.9975117087845,14.0026854512252,13.8318867539755,13.904254170027
441.4,7,7,6.99875656302111,7.00134173786627,7.21964270208109,6.74625979296759,13.9975131260422,14.0026834757325,13.8317308286311,13.9044429429558
441.5,7,7,6.99875727126355,7.00134075087738,7.21965604059619,6.7462445584901,13.9975145425271,14.0026815017548,13.831574987254,13.9046315926973
441.6,7,7,6.99875797911991,7.00133976464532,7.21966937203259,6.74622933407899,13.9975159582398,14.0026795292906,13.8314192298108,13.9048201193291
441.7,7,7,6.99875868658848,7.0013387791735,7.21968269635572,6.74621411978074,13.997517373177,14.002677558347,13.8312635567098,13.9050085222806
441.8,7,7,6.99875939354534,7.00133779470486,7.2196960112869,6.74619891882974,13.9975187870907,14.0026755894097,13.8311079949666,13.9051967619923
441.9,7,7,6.99876010011738,7.00133681099072,7.2197093191502,6.74618372791926,13.9975202002348,14.0026736219814,13.8309525170234,13.9053848789036
442,7,7,6.9987608063049,7.00133582803051,7.21972261994834,6.74616854704285,13.9975216126098,14.002671656061,13.8307971228465,13.9055728730915
442.1,7,7,6.99876151210823,7.00133484582364,7.21973591368401,6.74615337619406,13.9975230242165,14.0026696916473,13.8306418124026,13.9057607446333
442.2,7,7,6.99876221752564,7.00133386437349,7.21974920032274,6.74613821541922,13.9975244350513,14.002667728747,13.830486586099,13.9059484929606
442.3,7,7,6.99876292243386,7.00133288392189,7.2197624775911,6.74612306794027,13.9975258448677,14.0026657678438,13.8303314708866,13.9061360786627
442.4,7,7,6.99876362695911,7.00133190422131,7.21977574780782,6.7461079304632,13.9975272539182,14.0026638084426,13.8301764392733,13.9063235420267
442.5,7,7,6.99876433110172,7.00133092527117,7.21978901097561,6.7460928029816,13.9975286622034,14.0026618505423,13.8300214912256,13.9065108831293
442.6,7,7,6.99876503486199,7.0013299470709,7.21980226709717,6.74607768548906,13.997530069724,14.0026598941418,13.8298666267102,13.9066981020474
442.7,7,7,6.99876573823823,7.00132896962386,7.21981551613811,6.74606257803171,13.9975314764765,14.0026579392477,13.8297118461333,13.9068851982147
442.8,7,7,6.99876644110772,7.00132799317077,7.21982875583024,6.74604748381911,13.9975328822154,14.0026559863415,13.8295571763812,13.9070721323689
442.9,7,7,6.9987671435961,7.00132701746523,7.21984198848695,6.74603239956993,13.9975342871922,14.0026540349305,13.8294025900275,13.9072589446452
443,7,7,6.99876784570369,7.00132604250667,7.21985521411097,6.7460173252778,13.9975356914074,14.0026520850133,13.8292480870389,13.9074456351203
443.1,7,7,6.99876854743077,7.00132506829451,7.21986843270499,6.7460022609363,13.9975370948615,14.002650136589,13.8290936673821,13.9076322038705
443.2,7,7,6.99876924877567,7.00132409483211,7.2198816442347,6.74598720659144,13.9975384975513,14.0026481896642,13.8289393314622,13.9078186503317
443.3,7,7,6.99876994961626,7.00132312235907,7.21989484643714,6.7459721654404,13.9975398992325,14.0026462447181,13.8287851061008,13.9080049353891
443.4,7,7,6.99877065007757,7.00132215063014,7.21990804162039,6.74595713421451,13.9975413001551,14.0026443012603,13.8286309639375,13.9081910990271
443.5,7,7,6.99877135015991,7.00132117964474,7.21992122978717,6.74594211290738,13.9975427003198,14.0026423592895,13.8284769049388,13.9083771413218
443.6,7,7,6.99877204986357,7.00132020940231,7.21993441094016,6.74592710151267,13.9975440997271,14.0026404188046,13.8283229290715,13.9085630623494
443.7,7,7,6.99877274918686,7.00131923990617,7.21994758504515,6.74591210007617,13.9975454983737,14.0026384798123,13.8281690367399,13.9087488615478
443.8,7,7,6.99877344800826,7.00131827139483,7.2199607498444,6.74589711178282,13.9975468960165,14.0026365427897,13.8280152547007,13.9089344999492
443.9,7,7,6.99877414645218,7.00131730362417,7.21997390764068,6.74588213337648,13.9975482929044,14.0026346072483,13.8278615556593,13.9091200173876
444,7,7,6.99877484451893,7.00131633659362,7.2199870584367,6.74586716485082,13.9975496890379,14.0026326731872,13.8277079395824,13.9093054139388
444.1,7,7,6.9987755422088,7.0013153703026,7.22000020223514,6.74585220619951,13.9975510844176,14.0026307406052,13.8275544064366,13.9094906896787
444.2,7,7,6.99877623952012,7.00131440475445,7.22001333900187,6.74583725746816,13.9975524790402,14.0026288095089,13.8274009566253,13.9096758440473
444.3,7,7,6.99877693633191,7.00131344018655,7.22002646648438,6.74582232182951,13.9975538726638,14.0026268803731,13.8272476168407,13.9098608382231
444.4,7,7,6.99877763276802,7.00131247635592,7.22003958698012,6.74580739603991,13.997555265536,14.0026249527118,13.8270943598539,13.9100457118903
444.5,7,7,6.99877832882874,7.00131151326198,7.2200527004918,6.74579248009306,13.9975566576575,14.002623026524,13.8269411856315,13.9102304651246
444.6,7,7,6.99877902451436,7.00131055090417,7.22006580702211,6.74577757398266,13.9975580490287,14.0026211018083,13.8267880941403,13.9104150980013
444.7,7,7,6.99877971982322,7.00130958928581,7.22007890653699,6.74576267775416,13.9975594396464,14.0026191785716,13.8266350857824,13.9105996099626
444.8,7,7,6.9987804146349,7.00130862864318,7.22009199678917,6.7457477945681,13.9975608292698,14.0026172572864,13.8264821871858,13.9107839623328
444.9,7,7,6.99878110907266,7.00130766873442,7.22010508007077,6.74573292119331,13.9975622181453,14.0026153374688,13.8263293711871,13.910968194647
445,7,7,6.99878180313679,7.00130670955896,7.2201181563845,6.74571805762351,13.9975636062736,14.0026134191179,13.826176637753,13.9111523069804
445.1,7,7,6.99878249682759,7.00130575111625,7.22013122573304,6.74570320385241,13.9975649936552,14.0026115022325,13.8260239868502,13.9113362994082
445.2,7,7,6.99878319014338,7.00130479340957,7.22014428808243,6.74568835992532,13.9975663802868,14.0026095868191,13.82587141888,13.9115201713746
445.3,7,7,6.99878388296432,7.00130383667413,7.22015734119062,6.74567352899065,13.9975677659286,14.0026076733483,13.8257189604057,13.9117038843489
445.4,7,7,6.99878457541309,7.00130288066919,7.22017038734441,6.74565870782963,13.9975691508262,14.0026057613384,13.8255665843297,13.9118874777178
445.5,7,7,6.99878526748998,7.00130192539417,7.22018342654651,6.745643896436,13.99757053498,14.0026038507883,13.8254142906186,13.9120709515563
445.6,7,7,6.99878595919527,7.00130097084852,7.22019645879961,6.74562909480351,13.9975719183905,14.002601941697,13.8252620792392,13.9122543059392
445.7,7,7,6.99878665052729,7.00130001703551,7.22020948406982,6.74561430297728,13.9975733010546,14.002600034071,13.8251099505918,13.9124375403126
445.8,7,7,6.99878734136677,7.00129906418928,7.2202225001203,6.74559952409368,13.9975746827335,14.0025981283786,13.8249579311753,13.9126206162906
445.9,7,7,6.99878803183581,7.00129811207017,7.22023550923256,6.74558475494626,13.9975760636716,14.0025962241403,13.8248059939575,13.9128035731119
446,7,7,6.99878872193468,7.00129716067764,7.2202485114093,6.7455699955288,13.9975774438694,14.0025943213553,13.8246541389052,13.9129864108512
446.1,7,7,6.99878941166367,7.00129621001111,7.22026150665322,6.74555524583508,13.9975788233273,14.0025924200222,13.8245023659852,13.9131691295828
446.2,7,7,6.99879010102113,7.00129526007386,7.22027449493049,6.74554050591005,13.9975802020423,14.0025905201477,13.8243506755967,13.9133517287552
446.3,7,7,6.99879078988831,7.00129431109894,7.22028747400952,6.74552577887806,13.9975815797766,14.0025886221979,13.8241990941743,13.9135341701262
446.4,7,7,6.99879147838675,7.00129336284779,7.22030044616648,6.74551106154496,13.9975829567735,14.0025867256956,13.8240475947514,13.9137164927873
446.5,7,7,6.99879216651674,7.00129241531988,7.22031341140408,6.74549635390456,13.9975843330335,14.0025848306398,13.8238961772947,13.9138986968128
446.6,7,7,6.99879285427854,7.00129146851463,7.22032636972502,6.74548165595065,13.9975857085571,14.0025829370293,13.823744841771,13.9140807822769
446.7,7,7,6.99879354167052,7.0012905224353,7.22033932109555,6.74546696772803,13.997587083341,14.0025810448706,13.8235935885786,13.91426274863
446.8,7,7,6.99879422857447,7.00128957731388,7.22035226328929,6.74545229234907,13.9975884571489,14.0025791546278,13.8234424440878,13.9144445577731
446.9,7,7,6.99879491511137,7.00128863291291,7.22036519857713,6.74543762663189,13.9975898302227,14.0025772658258,13.8232913813974,13.9146262486513
447,7,7,6.99879560128149,7.00128768923184,7.22037812696176,6.7454229705703,13.997591202563,14.0025753784637,13.8231404004741,13.9148078213384
447.1,7,7,6.99879628708512,7.00128674627011,7.22039104844586,6.74540832415812,13.9975925741702,14.0025734925402,13.8229895012848,13.9149892759086
447.2,7,7,6.9987969725206,7.00128580403097,7.2204039629958,6.74539368743998,13.9975939450412,14.0025716080619,13.8228386842267,13.9151706118139
447.3,7,7,6.99879765747028,7.00128486274533,7.22041686839038,6.74537906351637,13.9975953149406,14.0025697254907,13.822687975606,13.9153517910983
447.4,7,7,6.99879834205457,7.00128392217683,7.2204297668952,6.74536444921755,13.9975966841091,14.0025678443537,13.8225373485867,13.9155328525607
447.5,7,7,6.99879902627376,7.00128298232492,7.22044265851295,6.74534984453738,13.9975980525475,14.0025659646498,13.8223868031357,13.9157137962749
447.6,7,7,6.99879971012811,7.00128204318905,7.22045554324632,6.74533524946972,13.9975994202562,14.0025640863781,13.8222363392199,13.9158946223145
447.7,7,7,6.99880039361599,7.00128110477244,7.22046842106174,6.74532066405901,13.997600787232,14.0025622095449,13.8220859572354,13.9160753301337
447.8,7,7,6.99880107662026,7.00128016730495,7.22048128974322,6.74530609139389,13.9976021532405,14.0025603346099,13.8219356834243,13.9162558819184
447.9,7,7,6.99880175926079,7.0012792305513,7.22049415155108,6.74529152831676,13.9976035185216,14.0025584611026,13.821785491016,13.9164363163224
448,7,7,6.99880244153787,7.00127829451096,7.220507006488,6.7452769748215,13.9976048830757,14.0025565890219,13.8216353799772,13.9166166334189
448.1,7,7,6.99880312345176,7.00127735918337,7.22051985455666,6.74526243090199,13.9976062469035,14.0025547183667,13.821485350275,13.9167968332813
448.2,7,7,6.99880380500081,7.00127642457173,7.22053269572358,6.74524789660252,13.9976076100016,14.0025528491435,13.8213354023044,13.9169769153659
448.3,7,7,6.99880448606844,7.00127549090485,7.22054552777798,6.74523337499992,13.9976089721369,14.0025509818097,13.8211855622436,13.9171568420001
448.4,7,7,6.99880516677396,7.00127455794854,7.22055835297487,6.74521886294866,13.9976103335479,14.0025491158971,13.821035803387,13.9173366516928
448.5,7,7,6.99880584711765,7.00127362570225,7.22057117131693,6.74520436044265,13.9976116942353,14.0025472514045,13.8208861257015,13.9175163445171
448.6,7,7,6.99880652709978,7.00127269416544,7.22058398280685,6.7451898674758,13.9976130541996,14.0025453883309,13.8207365291541,13.9176959205459
448.7,7,7,6.99880720671871,7.0012717633413,7.22059678741123,6.74517538409223,13.9976144134374,14.0025435266826,13.8205870141389,13.9178753792375
448.8,7,7,6.99880788585836,7.00127083345759,7.22060958292449,6.74516091335702,13.9976157717167,14.0025416669152,13.82043760677,13.9180546830603
448.9,7,7,6.99880856463751,7.00126990428117,7.22062237159634,6.74514645213667,13.997617129275,14.0025398085623,13.8202882804071,13.918233870379
449,7,7,6.99880924305645,7.00126897581152,7.22063515342947,6.74513200042511,13.9976184861129,14.002537951623,13.820139035017,13.9184129412664
449.1,7,7,6.99880992111543,7.0012680480481,7.22064792842656,6.74511755821628,13.9976198422309,14.0025360960962,13.8199898705667,13.9185918957952
449.2,7,7,6.99881059881282,7.00126712099407,7.2206606965543,6.74510312555413,13.9976211976256,14.0025342419881,13.8198407874494,13.9187707334256
449.3,7,7,6.99881127603306,7.00126619487615,7.22067345561229,6.74508870549204,13.9976225520661,14.0025323897523,13.8196918117153,13.9189494167662
449.4,7,7,6.99881195289441,7.00126526946228,7.22068620784498,6.74507429490848,13.9976239057888,14.0025305389246,13.819542916789,13.9191279840384
449.5,7,7,6.99881262939712,7.00126434475194,7.22069895325503,6.74505989379741,13.9976252587942,14.0025286895039,13.8193941026375,13.9193064353146
449.6,7,7,6.99881330554147,7.00126342074458,7.22071169184514,6.74504550215279,13.9976266110829,14.0025268414892,13.8192453692278,13.9194847706671
449.7,7,7,6.99881398132583,7.00126249744337,7.22072442358207,6.74503112001843,13.9976279626517,14.0025249948867,13.8190967169521,13.9196629895581
449.8,7,7,6.99881465663514,7.00126157507396,7.22073714627061,6.74501675043603,13.9976293132703,14.0025231501479,13.8189481717966,13.9198410547361
449.9,7,7,6.99881533158713,7.00126065340539,7.22074986214994,6.745002390296,13.9976306631743,14.0025213068108,13.8187997072511,13.9200190042793
450,7,7,6.99881600618206,7.00125973243711,7.22076257122271,6.74498803959231,13.9976320123641,14.0025194648742,13.8186513232825,13.9201968382599
450.1,7,7,6.99881668042021,7.00125881216859,7.22077527349161,6.74497369831897,13.9976333608404,14.0025176243372,13.8185030198579,13.92037455675
450.2,7,7,6.99881735429994,7.00125789260297,7.2207879689235,6.74495936651959,13.9976347085999,14.0025157852059,13.8183547973684,13.9205521592139
450.3,7,7,6.99881802770669,7.0012569739649,7.22080065532836,6.74494504722431,13.9976360554134,14.0025139479298,13.8182066817367,13.9207296085388
450.4,7,7,6.99881870075769,7.00125605602444,7.22081333494005,6.74493073733538,13.9976374015154,14.0025121120489,13.8180586465172,13.9209069426609
450.5,7,7,6.9988193734532,7.00125513878107,7.22082600776127,6.74491643684682,13.9976387469064,14.0025102775621,13.817910691677,13.921084161652
450.6,7,7,6.99882004579347,7.00125422223424,7.22083867379469,6.74490214575264,13.9976400915869,14.0025084444685,13.8177628171832,13.9212612655839
450.7,7,7,6.99882071777688,7.0012533063871,7.22085133300724,6.74488786409629,13.9976414355538,14.0025066127742,13.8176150234258,13.9214382539227
450.8,7,7,6.99882138928938,7.00125239146325,7.22086398321409,6.74487359489638,13.9976427785788,14.0025047829265,13.817467336264,13.9216150896945
450.9,7,7,6.99882206044766,7.00125147723382,7.22087662664384,6.74485933506697,13.9976441208953,14.0025029544676,13.8173197293168,13.9217918106935
451,7,7,6.99882273125199,7.00125056369828,7.22088926329916,6.7448450846021,13.997645462504,14.0025011273966,13.8171722025516,13.9219684169914
451.1,7,7,6.99882340170262,7.0012496508561,7.22090189318274,6.7448308434958,13.9976468034052,14.0024993017122,13.8170247559354,13.9221449086595
451.2,7,7,6.99882407179795,7.0012487387104,7.2209145162616,6.74481661179138,13.9976481435959,14.0024974774208,13.8168773898572,13.9223212851661
451.3,7,7,6.99882474142439,7.00124782748375,7.22092713035605,6.74480239249593,13.9976494828488,14.0024956549675,13.8167301301125,13.9224975096749
451.4,7,7,6.99882541069814,7.00124691694835,7.22093973768945,6.74478818253528,13.9976508213963,14.0024938338967,13.8165829503853,13.9226736198393
451.5,7,7,6.99882607961947,7.00124600710366,7.22095233826448,6.7447739819035,13.9976521592389,14.0024920142073,13.8164358506428,13.9228496157305
451.6,7,7,6.99882674818861,7.00124509794915,7.22096493208381,6.74475979059464,13.9976534963772,14.0024901958983,13.8162888308521,13.9230254974197
451.7,7,7,6.99882741640398,7.00124418948793,7.22097751911452,6.74474560865186,13.997654832808,14.0024883789759,13.8161418914013,13.9232012643769
451.8,7,7,6.99882808415247,7.00124328194156,7.22099009718213,6.7447314390708,13.9976561683049,14.0024865638831,13.8159950580222,13.9233768799033
451.9,7,7,6.99882875154979,7.00124237508327,7.22100266850473,6.74471727878898,13.9976575030996,14.0024847501665,13.8158483044636,13.9235523815118
452,7,7,6.99882941859618,7.00124146891253,7.22101523308498,6.74470312780052,13.9976588371924,14.0024829378251,13.8157016306927,13.9237277692733
452.1,7,7,6.9988300852919,7.00124056342881,7.22102779092556,6.74468898609949,13.9976601705838,14.0024811268576,13.8155550366767,13.9239030432587
452.2,7,7,6.99883075163536,7.00123965863521,7.22104034199363,6.74467485372889,13.9976615032707,14.0024793172704,13.8154085228026,13.9240782029399
452.3,7,7,6.99883141751392,7.00123875475227,7.2210528841199,6.74466073367295,13.9976628350278,14.0024775095045,13.8152621147388,13.9242532117549
452.4,7,7,6.99883208304281,7.00123785155425,7.22106541951715,6.74464662288088,13.9976641660856,14.0024757031085,13.8151157862987,13.9244281070768
452.5,7,7,6.99883274822227,7.00123694904065,7.22107794818808,6.74463252134679,13.9976654964445,14.0024738980813,13.8149695374494,13.9246028889759
452.6,7,7,6.99883341305255,7.00123604721092,7.22109047013535,6.74461842906481,13.9976668261051,14.0024720944218,13.8148233681584,13.924777557523
452.7,7,7,6.99883407753205,7.00123514606815,7.22110298532622,6.74460434607774,13.9976681550641,14.0024702921363,13.8146772788115,13.924952112192
452.8,7,7,6.99883474154863,7.00123424583188,7.22111549159653,6.7445902753585,13.9976694830973,14.0024684916638,13.8145312950138,13.9251265165571
452.9,7,7,6.99883540521701,7.0012333462774,7.22112799115384,6.74457621386789,13.997670810434,14.0024666925548,13.8143853906432,13.9253008078519
453,7,7,6.99883606853743,7.00123244740419,7.22114048400083,6.74456216160005,13.9976721370749,14.0024648948084,13.8142395656669,13.9254749861466
453.1,7,7,6.99883673151015,7.00123154921174,7.22115297014016,6.74454811854914,13.9976734630203,14.0024630984235,13.8140938200522,13.9256490515115
453.2,7,7,6.99883739413357,7.00123065170311,7.22116544953918,6.7445340847578,13.9976747882671,14.0024613034062,13.8139481541844,13.9258230034226
453.3,7,7,6.99883805629602,7.00122975509682,7.22117792003888,6.74452006318764,13.997676112592,14.0024595101936,13.8138025936047,13.9259968055896
453.4,7,7,6.99883871811173,7.00122885916921,7.22119038384157,6.74450605081103,13.9976774362235,14.0024577183384,13.8136571122558,13.9261704951074
453.5,7,7,6.99883937958094,7.00122796391977,7.22120284094993,6.74449204762213,13.9976787591619,14.0024559278395,13.8135117101049,13.926344072046
453.6,7,7,6.99884004070391,7.00122706934796,7.22121529136662,6.74447805361513,13.9976800814078,14.0024541386959,13.8133663871194,13.9265175364754
453.7,7,7,6.99884070147903,7.00122617545685,7.22122773505906,6.74446406883251,13.9976814029581,14.0024523509137,13.8132211436833,13.9266908878733
453.8,7,7,6.99884136179512,7.00122528246396,7.22124016987341,6.74445009622463,13.9976827235902,14.0024505649279,13.813076005275,13.9268640900847
453.9,7,7,6.99884202176591,7.00122439014665,7.22125259800674,6.74443613277537,13.9976840435318,14.0024487802933,13.8129309459012,13.9270371800663
454,7,7,6.99884268139165,7.0012234985044,7.22126501946171,6.74442217847892,13.9976853627833,14.0024469970088,13.8127859655294,13.9272101578877
454.1,7,7,6.99884334067258,7.00122260753669,7.22127743424098,6.74440823332948,13.9976866813452,14.0024452150734,13.8126410641269,13.9273830236186
454.2,7,7,6.99884399960712,7.00122171724657,7.22128984231206,6.74439429736938,13.9976879992142,14.0024434344931,13.8124962420768,13.9275557767389
454.3,7,7,6.99884465808452,7.00122082785056,7.22130224152625,6.74438037353779,13.997689316169,14.0024416557011,13.8123515247942,13.9277283812277
454.4,7,7,6.99884531621807,7.00121993912705,7.22131463407539,6.74436645883004,13.9976906324361,14.0024398782541,13.8122068863502,13.9279008739043
454.5,7,7,6.99884597400799,7.00121905107552,7.22132701996213,6.74435255324034,13.997691948016,14.002438102151,13.8120623267124,13.9280732548381
454.6,7,7,6.99884663145453,7.00121816369545,7.22133939918912,6.74433865676293,13.9976932629091,14.0024363273909,13.811917845848,13.9282455240983
454.7,7,7,6.99884728855611,7.00121727698987,7.22135177172397,6.74432476943998,13.9976945771122,14.0024345539797,13.8117734441392,13.9284176811668
454.8,7,7,6.99884794520243,7.00121639117433,7.22136413542313,6.74431089419948,13.9976958904049,14.0024327823487,13.8116291469379,13.9285896901568
454.9,7,7,6.99884860150632,7.0012155060282,7.22137649247318,6.7442970280482,13.9976972030126,14.0024310120564,13.8114849283797,13.9287615877503
455,7,7,6.998849257468,7.00121462155099,7.22138884287677,6.74428317098038,13.997698514936,14.002429243102,13.8113407884319,13.9289333740166
455.1,7,7,6.9988499130877,7.00121373774218,7.22140118663657,6.74426932299026,13.9976998261754,14.0024274754844,13.8111967270619,13.9291050490247
455.2,7,7,6.99885056836386,7.00121285460477,7.22141352372025,6.74425548411986,13.9977011367277,14.0024257092095,13.811052744651,13.9292766122581
455.3,7,7,6.99885122318664,7.00121197235335,7.2214258519894,6.74424165728608,13.9977024463733,14.0024239447067,13.810908866488,13.9294480279635
455.4,7,7,6.99885187766837,7.00121109076829,7.22143817362538,6.74422783950703,13.9977037553367,14.0024221815366,13.8107650667725,13.9296193326867
455.5,7,7,6.9988525318093,7.00121020984908,7.22145048863084,6.74421403077699,13.9977050636186,14.0024204196982,13.8106213454721,13.9297905264963
455.6,7,7,6.99885318560964,7.00120932959523,7.22146279700844,6.74420023109022,13.9977063712193,14.0024186591905,13.8104777025542,13.9299616094613
455.7,7,7,6.99885383906785,7.00120845000972,7.22147509872592,6.74418644048859,13.9977076781357,14.0024169000194,13.810334138399,13.9301325810671
455.8,7,7,6.99885449207452,7.00120757130614,7.22148739165003,6.74417266187793,13.997708984149,14.0024151426123,13.8101906782323,13.930303405693
455.9,7,7,6.99885514474154,7.0012066932659,7.22149967795689,6.74415889228768,13.9977102894831,14.0024133865318,13.810047296318,13.9304741197491
456,7,7,6.99885579706912,7.00120581588847,7.22151195764915,6.74414513171213,13.9977115941382,14.0024116317769,13.8099039926236,13.9306447233038
456.1,7,7,6.99885644905752,7.00120493917336,7.22152423072946,6.74413138014556,13.997712898115,14.0024098783467,13.8097607671166,13.9308152164255
456.2,7,7,6.99885710070516,7.00120406312355,7.22153649716566,6.7441176376297,13.9977142014103,14.0024081262471,13.8096176201761,13.9309855986018
456.3,7,7,6.99885775190309,7.00120318795165,7.22154875482961,6.74410390705938,13.9977155038062,14.0024063759033,13.8094745769652,13.9311558343442
456.4,7,7,6.99885840276273,7.00120231344005,7.22156100589222,6.74409018547528,13.9977168055255,14.0024046268801,13.8093316118117,13.9313259599273
456.5,7,7,6.99885905328432,7.00120143958825,7.22157325035612,6.74407647287171,13.9977181065686,14.0024028791765,13.8091887246831,13.9314959754193
456.6,7,7,6.99885970346809,7.00120056639575,7.22158548822399,6.74406276924301,13.9977194069362,14.0024011327915,13.8090459155471,13.9316658808886
456.7,7,7,6.99886035331247,7.00119969386551,7.22159771946372,6.74404907463071,13.9977207066249,14.002399387731,13.8089031847817,13.9318356758243
456.8,7,7,6.99886100270895,7.00119882220919,7.22160994195231,6.74403539191871,13.9977220054179,14.0023976444184,13.8087605574871,13.9320053248697
456.9,7,7,6.9988616517685,7.00119795121016,7.22162215785545,6.74402171815889,13.997723303537,14.0023959024203,13.8086180080553,13.9321748641648
457,7,7,6.99886230049135,7.00119708086792,7.22163436717578,6.7440080533456,13.9977246009827,14.0023941617358,13.8084755364537,13.9323442937775
457.1,7,7,6.99886294887773,7.00119621118198,7.22164656991595,6.74399439747318,13.9977258977555,14.002392422364,13.80833314265,13.9325136137758
457.2,7,7,6.99886359692609,7.00119534215528,7.22165876604396,6.74398075058304,13.9977271938522,14.0023906843106,13.8081908270213,13.9326828236507
457.3,7,7,6.99886424452833,7.00119447399851,7.22167095344192,6.74396711554813,13.9977284890567,14.002388947997,13.8080486146051,13.9328518881768
457.4,7,7,6.99886489179499,7.00119360649605,7.2216831342703,6.74395348943152,13.99772978359,14.0023872129921,13.807906479857,13.9330208433597
457.5,7,7,6.9988655387263,7.00119273964738,7.22169530853175,6.74393987222758,13.9977310774526,14.0023854792948,13.8077644227448,13.9331896892672
457.6,7,7,6.99886618532246,7.00119187345202,7.2217074762289,6.74392626393066,13.9977323706449,14.002383746904,13.8076224432361,13.9333584259668
457.7,7,7,6.99886683158195,7.00119100791291,7.22171963732985,6.74391266458203,13.9977336631639,14.0023820158258,13.807480541707,13.9335270529517
457.8,7,7,6.9988674773971,7.00119014323977,7.22173178972181,6.74389907704378,13.9977349547942,14.0023802864795,13.8073387431323,13.9336955351268
457.9,7,7,6.99886812287799,7.00118927921794,7.22174393556006,6.74388549839008,13.997736245756,14.0023785584359,13.8071970220315,13.9338639083642
458,7,7,6.99886876802486,7.00118841584695,7.22175607484723,6.74387192861533,13.9977375360497,14.0023768316939,13.8070553783724,13.9340321727315
458.1,7,7,6.99886941283791,7.00118755312628,7.22176820758597,6.74385836771392,13.9977388256758,14.0023751062526,13.8069138121226,13.9342003282959
458.2,7,7,6.99887005731562,7.00118669105887,7.22178033374443,6.74384481572694,13.9977401146312,14.0023733821177,13.8067723236572,13.9343683745523
458.3,7,7,6.99887070135073,7.0011858298535,7.22179245121495,6.74383127550568,13.9977414027015,14.002371659707,13.8066309378886,13.9345362765358
458.4,7,7,6.99887134505291,7.00118496929648,7.22180456214761,6.74381774413537,13.9977426901058,14.002369938593,13.8064896293999,13.9347040699855
458.5,7,7,6.99887198842238,7.00118410938732,7.22181666654503,6.74380422161043,13.9977439768448,14.0023682187746,13.8063483981588,13.9348717549686
458.6,7,7,6.99887263145934,7.00118325012554,7.22182876440986,6.74379070792529,13.9977452629187,14.0023665002511,13.8062072441331,13.935039331552
458.7,7,7,6.99887327416228,7.00118239151404,7.22184085571033,6.74377720312089,13.9977465483246,14.0023647830281,13.806066167697,13.9352067992325
458.8,7,7,6.99887391642436,7.00118153376066,7.2218529383439,6.74376371003771,13.9977478328487,14.0023630675213,13.8059251937002,13.9353741231748
458.9,7,7,6.9988745583548,7.00118067665268,7.22186501445542,6.74375022577205,13.9977491167096,14.0023613533054,13.8057842967896,13.9355413389855
459,7,7,6.99887519995384,7.00117982018962,7.22187708404753,6.74373675031833,13.9977503999077,14.0023596403792,13.8056434769329,13.9357084467313
459.1,7,7,6.99887584122167,7.00117896437098,7.22188914712288,6.743723283671,13.9977516824433,14.002357928742,13.805502734098,13.9358754464792
459.2,7,7,6.99887648215677,7.00117810919968,7.22190120364977,6.74370982587085,13.9977529643135,14.0023562183994,13.8053620686579,13.9360423377275
459.3,7,7,6.99887712265274,7.00117725488259,7.22191325153076,6.74369637974765,13.9977542453055,14.0023545097652,13.8052215054001,13.93620908577
459.4,7,7,6.99887776281836,7.00117640120797,7.22192529290553,6.74368294240865,13.9977555256367,14.0023528024159,13.8050810190349,13.9363757260813
459.5,7,7,6.99887840265386,7.00117554817533,7.22193732777669,6.7436695138483,13.9977568053077,14.0023510963507,13.8049406095303,13.936542258728
459.6,7,7,6.99887904215944,7.0011746957842,7.22194935614689,6.74365609406109,13.9977580843189,14.0023493915684,13.8048002768539,13.9367086837766
459.7,7,7,6.99887968133358,7.00117384403745,7.22196137798454,6.74364268308764,13.9977593626672,14.0023476880749,13.804660021378,13.9368750007274
459.8,7,7,6.99888032007028,7.00117299314103,7.22197339119726,6.74362928374706,13.9977606401406,14.0023459862821,13.8045198678276,13.9370411750026
459.9,7,7,6.99888095847792,7.00117214288417,7.22198539791955,6.7436158931575,13.9977619169558,14.0023442857683,13.8043797909766,13.9372072419454
460,7,7,6.99888159655671,7.00117129326638,7.22199739815404,6.74360251131347,13.9977631931134,14.0023425865328,13.8042397907929,13.9373732016221
460.1,7,7,6.99888223430685,7.00117044428717,7.22200939190336,6.74358913820944,13.9977644686137,14.0023408885743,13.8040998672443,13.937539054099
460.2,7,7,6.99888287172683,7.00116959594942,7.22202137913598,6.74357577388591,13.9977657434537,14.0023391918988,13.8039600207021,13.9377047988781
460.3,7,7,6.99888350871105,7.00116874845813,7.22203335776466,6.74356242115134,13.9977670174221,14.0023374969163,13.8038202758289,13.9378704015096
460.4,7,7,6.99888414536748,7.0011679016035,7.22204532991868,6.74354907713477,13.997768290735,14.002335803207,13.8036806074621,13.9380358972058
460.5,7,7,6.99888478169631,7.00116705538504,7.22205729560068,6.74353574183073,13.9977695633926,14.0023341107701,13.8035410155697,13.9382012860328
460.6,7,7,6.99888541769776,7.00116620980226,7.22206925481327,6.74352241523372,13.9977708353955,14.0023324196045,13.8034015001194,13.9383665680566
460.7,7,7,6.99888605337031,7.00116536485803,7.22208120752504,6.74350909738408,13.9977721067406,14.0023307297161,13.8032620614816,13.938531742781
460.8,7,7,6.99888668860877,7.00116452075642,7.22209315165379,6.74349579107968,13.9977733772175,14.0023290415128,13.8031227242567,13.9386967758835
460.9,7,7,6.99888732352068,7.00116367728858,7.22210508932366,6.74348249346041,13.9977746470414,14.0023273545772,13.8029834633456,13.9388617024463
461,7,7,6.99888795810625,7.00116283445401,7.22211702053725,6.7434692045208,13.9977759162125,14.002325668908,13.802844278716,13.9390265225351
461.1,7,7,6.99888859236568,7.00116199225224,7.22212894529721,6.74345592425539,13.9977771847314,14.0023239845045,13.8027051703359,13.9391912362156
461.2,7,7,6.99888922629747,7.00116115068613,7.22214086357218,6.74344265270437,13.9977784525949,14.0023223013723,13.8025661385747,13.9393558429934
461.3,7,7,6.99888985979681,7.00116030995881,7.22215277328505,6.74342939265506,13.9977797195936,14.0023206199176,13.8024272079707,13.939520308673
461.4,7,7,6.99889049297085,7.00115946986238,7.22216467655478,6.74341614125814,13.9977809859417,14.0023189397248,13.8022883534879,13.9396846682067
461.5,7,7,6.99889112581978,7.00115863039636,7.22217657338399,6.74340289850816,13.9977822516396,14.0023172607927,13.8021495750942,13.93984892166
461.6,7,7,6.9988917583438,7.00115779156027,7.2221884637753,6.74338966439969,13.9977835166876,14.0023155831205,13.8020108727576,13.9400130690982
461.7,7,7,6.99889239054142,7.00115695335695,7.22220034769744,6.74337643897276,13.9977847810828,14.0023139067139,13.8018722468464,13.9401771100289
461.8,7,7,6.99889302230823,7.00115611598862,7.22221222307839,6.7433632250042,13.9977860446165,14.0023122319772,13.8017337218371,13.9403410103828
461.9,7,7,6.99889365375096,7.00115527924832,7.22222409203192,6.74335001965543,13.9977873075019,14.0023105584966,13.8015952727568,13.940504804983
462,7,7,6.9988942848698,7.00115444313556,7.22223595456066,6.74333682292103,13.9977885697396,14.0023088862711,13.8014568995733,13.9406684938947
462.1,7,7,6.99889491566497,7.00115360764988,7.22224781066722,6.74332363479558,13.9977898313299,14.0023072152998,13.8013186022548,13.940832077183
462.2,7,7,6.99889554613495,7.0011527727941,7.22225966032042,6.74331045531897,13.9977910922699,14.0023055455882,13.8011803811686,13.9409955543573
462.3,7,7,6.99889617617575,7.00115193876953,7.2222715014533,6.74329728725757,13.9977923523515,14.0023038775391,13.8010422607292,13.941158891474
462.4,7,7,6.99889680589367,7.00115110537014,7.22228333617448,6.7432841277835,13.9977936117873,14.0023022107403,13.8009042160268,13.9413221232276
462.5,7,7,6.99889743528892,7.00115027259546,7.22229516448658,6.74327097689136,13.9977948705778,14.0023005451909,13.8007662470293,13.941485249683
462.6,7,7,6.9988980643617,7.001149440445,7.22230698639221,6.74325783457575,13.9977961287234,14.00229888089,13.8006283537049,13.9416482709051
462.7,7,7,6.99889869311052,7.0011486089216,7.22231880186026,6.74324470087643,13.997797386221,14.0022972178432,13.8004905364199,13.9418111864049
462.8,7,7,6.99889932143175,7.00114777822563,7.22233060882884,6.74323157854935,13.9977986428635,14.0022955564513,13.800352819527,13.9419739623643
462.9,7,7,6.99889994943131,7.00114694815202,7.22234240940142,6.74321846477726,13.9977998988626,14.002293896304,13.8002151781793,13.9421366333495
463,7,7,6.9989005771094,7.00114611870028,7.22235420358061,6.74320535955481,13.9978011542188,14.0022922374006,13.800077612345,13.9422991994252
463.1,7,7,6.99890120446622,7.00114528986995,7.22236599136902,6.74319226287662,13.9978024089324,14.0022905797399,13.799940121992,13.9424616606561
463.2,7,7,6.99890183150027,7.00114446166381,7.22237777273563,6.74317917478229,13.9978036630005,14.0022889233276,13.7998027074859,13.9426240165549
463.3,7,7,6.99890245810832,7.00114363428139,7.22238954562359,6.74316609801741,13.9978049162166,14.0022872685628,13.7996653931175,13.9427862334282
463.4,7,7,6.9989030843959,7.00114280751848,7.22240131213123,6.74315302977535,13.9978061687918,14.002285615037,13.7995281541029,13.9429483457146
463.5,7,7,6.99890371036319,7.00114198137464,7.22241307226115,6.74313997005076,13.9978074207264,14.0022839627493,13.7993909904101,13.9431103534787
463.6,7,7,6.9989043360104,7.0011411558494,7.22242482601597,6.74312691883829,13.9978086720208,14.0022823116988,13.7992539020074,13.9432722567847
463.7,7,7,6.99890496133603,7.00114033094553,7.22243657336474,6.7431138761774,13.9978099226721,14.0022806618911,13.7991168892592,13.9434340551473
463.8,7,7,6.99890558623723,7.00113950686163,7.22244831225566,6.74310084480335,13.9978111724745,14.0022790137233,13.7989799763947,13.9435957149971
463.9,7,7,6.99890621081913,7.00113868339446,7.22246004478193,6.74308782192007,13.9978124216383,14.0022773667889,13.7988431386927,13.9437572706459
464,7,7,6.99890683508193,7.00113786054354,7.22247177094614,6.74307480752223,13.9978136701639,14.0022757210871,13.7987063761215,13.9439187221578
464.1,7,7,6.99890745902582,7.00113703830842,7.22248349075091,6.74306180160452,13.9978149180516,14.0022740766168,13.7985696886492,13.9440800695968
464.2,7,7,6.99890808264931,7.00113621669187,7.22249520416535,6.74304880420624,13.9978161652986,14.0022724333837,13.7984330766393,13.9442413124793
464.3,7,7,6.99890870584993,7.00113539589159,7.22250690914273,6.74303581805237,13.9978174116999,14.0022707917832,13.7982965642594,13.9444024173599
464.4,7,7,6.99890932873241,7.00113457570523,7.2225186077711,6.74302284035737,13.9978186574648,14.0022691514105,13.7981601268512,13.9445634184235
464.5,7,7,6.99890995129695,7.00113375613235,7.22253030005305,6.74300987111593,13.9978199025939,14.0022675122647,13.7980237643829,13.944724315734
464.6,7,7,6.99891057354375,7.00113293717248,7.22254198599119,6.74299691032274,13.9978211470875,14.002265874345,13.7978874768225,13.9448851093554
464.7,7,7,6.99891119547133,7.00113211882838,7.22255366555472,6.74298395801697,13.9978223909427,14.0022642376568,13.7977512645328,13.9450457988057
464.8,7,7,6.99891181697756,7.00113130129685,7.22256533670196,6.74297101691337,13.9978236339551,14.0022626025937,13.7976151516199,13.9452063507625
464.9,7,7,6.99891243816682,7.00113048437648,7.22257700151581,6.74295808423687,13.9978248763336,14.002260968753,13.7974791134879,13.945366799285
465,7,7,6.9989130590393,7.00112966806682,7.22258865999886,6.74294515998217,13.9978261180786,14.0022593361336,13.7973431501051,13.9455271444367
465.1,7,7,6.99891367959518,7.00112885236739,7.22260031215372,6.74293224414399,13.9978273591904,14.0022577047348,13.7972072614397,13.9456873862812
465.2,7,7,6.99891429983299,7.00112803728094,7.22261195794968,6.74291933676136,13.997828599666,14.0022560745619,13.7970714478535,13.9458475243384
465.3,7,7,6.99891491965099,7.0011272230034,7.22262359535007,6.74290644053885,13.997829839302,14.0022544460068,13.7969357333911,13.9460075254087
465.4,7,7,6.99891553915316,7.00112640933426,7.22263522643268,6.74289355271179,13.9978310783063,14.0022528186685,13.7968000935192,13.9461674234256
465.5,7,7,6.99891615833968,7.00112559627306,7.22264685120009,6.74288067327491,13.9978323166794,14.0022511925461,13.7966645282061,13.9463272184525
465.6,7,7,6.99891677721076,7.00112478381933,7.22265846965492,6.74286780222296,13.9978335544215,14.0022495676387,13.7965290374202,13.9464869105527
465.7,7,7,6.99891739576492,7.00112397197583,7.22267008176653,6.74285493959483,13.9978347915298,14.0022479439517,13.7963936215221,13.9466464992477
465.8,7,7,6.99891801390076,7.00112316093758,7.22268168550328,6.74284208808492,13.9978360278015,14.0022463218752,13.7962583044953,13.9468059514601
465.9,7,7,6.99891863172191,7.00112235050497,7.22269328293783,6.74282924493896,13.9978372634438,14.0022447010099,13.7961230618688,13.9469653009986
466,7,7,6.99891924922856,7.00112154067757,7.22270487407278,6.7428164101517,13.9978384984571,14.0022430813551,13.7959878936111,13.9471245479263
466.1,7,7,6.99891986642088,7.0011207314549,7.22271645891073,6.74280358371792,13.9978397328418,14.0022414629098,13.7958527996905,13.947283692306
466.2,7,7,6.99892048329742,7.00111992283969,7.22272803742111,6.74279076567635,13.9978409665948,14.0022398456794,13.7957177804667,13.9474427336613
466.3,7,7,6.99892109975715,7.0011191150261,7.22273960757732,6.74277795871129,13.9978421995143,14.0022382300522,13.7955828598619,13.9476016390363
466.4,7,7,6.9989217159033,7.00111830781542,7.22275117144691,6.74276516007881,13.9978434318066,14.0022366156308,13.7954480134676,13.9477604421152
466.5,7,7,6.99892233173607,7.00111750120721,7.22276272903247,6.74275236977369,13.9978446634721,14.0022350024144,13.7953132412523,13.9479191429608
466.6,7,7,6.99892294725564,7.00111669520101,7.22277428033658,6.74273958779072,13.9978458945113,14.002233390402,13.7951785431843,13.9480777416358
466.7,7,7,6.99892356246054,7.00111588979953,7.22278582532878,6.74272681416848,13.9978471249211,14.0022317795991,13.7950439196224,13.9482362376654
466.8,7,7,6.99892417725012,7.00111508519605,7.22279736198746,6.74271405158124,13.9978483545002,14.0022301703921,13.7949093944276,13.948394598215
466.9,7,7,6.99892479172723,7.00111428119276,7.22280889237507,6.74270129729533,13.9978495834545,14.0022285623855,13.7947749432537,13.9485528568448
467,7,7,6.99892540589207,7.00111347778922,7.2228204164942,6.74268855130557,13.9978508117841,14.0022269555784,13.7946405660693,13.9487110136172
467.1,7,7,6.99892601974483,7.00111267498498,7.22283193434744,6.74267581360676,13.9978520394897,14.00222534997,13.7945062628427,13.9488690685949
467.2,7,7,6.99892663328403,7.00111187278273,7.22284344590438,6.74266308423736,13.9978532665681,14.0022237455655,13.7943720339317,13.9490270213046
467.3,7,7,6.99892724640937,7.00111107137487,7.22285494914845,6.74265036586159,13.9978544928187,14.0022221427497,13.7942379031363,13.9491848390325
467.4,7,7,6.99892785922335,7.00111027056451,7.22286644613697,6.74263765575607,13.9978557184467,14.002220541129,13.7941038461725,13.9493425552153
467.5,7,7,6.99892847172616,7.0011094703512,7.22287793687255,6.7426249539156,13.9978569434523,14.0022189407024,13.7939698630089,13.9495001699152
467.6,7,7,6.99892908391798,7.00110867073447,7.22288942135776,6.74261226033502,13.997858167836,14.0022173414689,13.7938359536138,13.9496576831947
467.7,7,7,6.99892969579736,7.00110787171703,7.22290089956228,6.74259957505265,13.9978593915947,14.0022157434341,13.7937021183443,13.949815094582
467.8,7,7,6.99893030726432,7.0011070734904,7.22291236947454,6.74258690072274,13.9978606145286,14.0022141469808,13.7935683809391,13.9499723714836
467.9,7,7,6.99893091842102,7.00110627585857,7.22292383314678,6.7425742346321,13.997861836842,14.0022125517171,13.7934347171765,13.9501295472134
468,7,7,6.99893152926764,7.0011054788211,7.22293529058157,6.74256157677556,13.9978630585353,14.0022109576422,13.7933011270251,13.9502866218332
468.1,7,7,6.99893213980436,7.00110468237753,7.22294674178151,6.74254892714799,13.9978642796087,14.0022093647551,13.7931676104533,13.9504435954052
468.2,7,7,6.99893275002972,7.00110388653054,7.22295818671635,6.74253628578755,13.9978655000594,14.0022077730611,13.7930341678172,13.9506004674594
468.3,7,7,6.99893335984412,7.0011030914708,7.22296962337951,6.74252365533857,13.9978667196882,14.0022061829416,13.7929008227946,13.9507572055221
468.4,7,7,6.99893396934933,7.00110229700319,7.22298105381814,6.74251103309802,13.9978679386987,14.0022045940064,13.7927675512259,13.9509138427845
468.5,7,7,6.99893457854554,7.00110150312725,7.22299247803482,6.74249841906075,13.9978691570911,14.0022030062545,13.7926343530795,13.9510703793083
468.6,7,7,6.99893518743293,7.00110070984254,7.22300389603214,6.74248581322165,13.9978703748659,14.0022014196851,13.7925012283242,13.9512268151555
468.7,7,7,6.99893579601005,7.00109991715173,7.22301530777993,6.74247321561875,13.9978715920201,14.0021998343035,13.7923681773148,13.9513831498578
468.8,7,7,6.99893640417763,7.00109912524463,7.22302671127659,6.74246062888648,13.9978728083553,14.0021982504893,13.7922352236686,13.9515393510605
468.9,7,7,6.99893701203709,7.00109833392698,7.22303810856421,6.74244805033192,13.9978740240742,14.002196667854,13.7921023432878,13.9516954518331
469,7,7,6.99893761958863,7.00109754319834,7.22304949964536,6.74243547994996,13.9978752391773,14.0021950863967,13.7919695361409,13.951851452237
469.1,7,7,6.99893822683241,7.00109675305828,7.2230608845226,6.7424229177355,13.9978764536648,14.0021935061166,13.7918368021967,13.9520073523339
469.2,7,7,6.998938833767,7.00109596350943,7.22307226316587,6.74241036372643,13.997877667534,14.0021919270189,13.791704141809,13.9521631516571
469.3,7,7,6.99893944029346,7.00109517474077,7.22308363357855,6.74239782054734,13.9978788805869,14.0021903494815,13.7915715785345,13.9523188179709
469.4,7,7,6.99894004651287,7.00109438655891,7.22309499779764,6.74238528551538,13.9978800930257,14.0021887731178,13.7914390883372,13.952474384223
469.5,7,7,6.99894065242541,7.00109359896342,7.22310635582571,6.74237275862547,13.9978813048508,14.0021871979268,13.7913066711856,13.9526298504749
469.6,7,7,6.99894125803125,7.00109281195384,7.22311770766534,6.74236023987251,13.9978825160625,14.0021856239077,13.7911743270485,13.9527852167878
469.7,7,7,6.99894186332897,7.00109202553283,7.22312905328651,6.74234772929427,13.9978837266579,14.0021840510657,13.791042056279,13.9529404826969
469.8,7,7,6.99894246821995,7.0010912398885,7.22314039069761,6.74233522950552,13.9978849364399,14.002182479777,13.790909882373,13.9530956160844
469.9,7,7,6.99894307280494,7.00109045482832,7.22315172193055,6.74232273783345,13.9978861456099,14.0021809096566,13.7907777813561,13.9532506497775
470,7,7,6.99894367708411,7.00108967035188,7.22316304698792,6.742310254273,13.9978873541682,14.0021793407038,13.7906457531972,13.9534055838371
470.1,7,7,6.99894428105764,7.00108888645872,7.22317436587226,6.7422977788191,13.9978885621153,14.0021777729174,13.790513797865,13.9535604183243
470.2,7,7,6.99894488472409,7.00108810315148,7.22318567855367,6.74228531150936,13.9978897694482,14.002176206303,13.7903819157115,13.953715152776
470.3,7,7,6.99894548798519,7.00108732061742,7.22319698304549,6.74227285494881,13.9978909759704,14.0021746412348,13.7902501301722,13.9538697551921
470.4,7,7,6.99894609094135,7.0010865386649,7.22320828137457,6.74226040647461,13.9978921818827,14.0021730773298,13.7901184173345,13.9540242582794
470.5,7,7,6.99894669359273,7.00108575729348,7.22321957354348,6.74224796608173,13.9978933871855,14.002171514587,13.789986777167,13.9541786620985
470.6,7,7,6.99894729593951,7.00108497650273,7.22323085955479,6.74223553376512,13.997894591879,14.0021699530055,13.7898552096387,13.9543329667102
470.7,7,7,6.99894789798025,7.00108419629526,7.22324213937864,6.74222310956226,13.9978957959605,14.0021683925905,13.7897237151007,13.9544871716532
470.8,7,7,6.99894849961702,7.0010834168575,7.22325341103337,6.74221069606845,13.997896999234,14.002166833715,13.7895923169279,13.9546412450447
470.9,7,7,6.99894910094988,7.00108263799867,7.22326467654076,6.74219829063079,13.9978982018998,14.0021652759973,13.7894609912693,13.9547952194713
471,7,7,6.998949701979,7.00108185971833,7.22327593590338,6.74218589324427,13.997899403958,14.0021637194367,13.7893297380938,13.9549490949937
471.1,7,7,6.99895030270454,7.00108108201605,7.22328718912379,6.74217350390388,13.9979006054091,14.0021621640321,13.78919855737,13.9551028716722
471.2,7,7,6.99895090312507,7.00108030489444,7.22329843617221,6.74216112264695,13.9979018062501,14.0021606097889,13.7890674494484,13.9552565490473
471.3,7,7,6.99895150314301,7.00107952853908,7.22330967507194,6.74214875205908,13.997903006286,14.0021590570782,13.7889364376434,13.9554100953528
471.4,7,7,6.99895210285806,7.00107875276004,7.22332090783971,6.74213638949731,13.9979042057161,14.0021575055201,13.7888054981656,13.9555635430561
471.5,7,7,6.99895270227039,7.0010779775569,7.22333213447808,6.74212403495664,13.9979054045408,14.0021559551138,13.7886746309837,13.9557168922174
471.6,7,7,6.99895330138016,7.00107720292923,7.22334335498962,6.74211168843207,13.9979066027603,14.0021544058585,13.7885438360667,13.9558701428971
471.7,7,7,6.99895390018595,7.00107642887961,7.22335456934462,6.74209934996079,13.9979078003719,14.0021528577592,13.7884131137638,13.9560232946369
471.8,7,7,6.9989544985905,7.00107565559281,7.22336577557133,6.74208702211878,13.997908997181,14.0021513111856,13.7882824873295,13.9561763157873
471.9,7,7,6.99895509669317,7.00107488287975,7.22337697568144,6.74207470227292,13.9979101933863,14.0021497657595,13.7881519330355,13.9563292386966
472,7,7,6.99895569449414,7.00107411074,7.22338816967752,6.74206239041824,13.9979113889883,14.00214822148,13.7880214508507,13.9564820634248
472.1,7,7,6.99895629199356,7.00107333917313,7.2233993575621,6.74205008654976,13.9979125839871,14.0021466783463,13.7878910407441,13.9566347900318
472.2,7,7,6.99895688919002,7.00107256818173,7.22341053930559,6.74203779070455,13.99791377838,14.0021451363635,13.787760703064,13.9567874180614
472.3,7,7,6.99895748598658,7.00107179794972,7.22342171294116,6.74202550544896,13.9979149719732,14.0021435958994,13.7876304610047,13.9569399159795
472.4,7,7,6.99895808248226,7.00107102828888,7.22343288047547,6.74201322815972,13.9979161649645,14.0021420565778,13.7875002908991,13.9570923160162
472.5,7,7,6.99895867867725,7.00107025919878,7.22344404191108,6.74200095883185,13.9979173573545,14.0021405183976,13.7873701927164,13.9572446182311
472.6,7,7,6.99895927457169,7.00106949067899,7.22345519725054,6.74198869746042,13.9979185491434,14.002138981358,13.7872401664254,13.9573968226841
472.7,7,7,6.99895987016418,7.00106872273209,7.2234663464643,6.74197644408235,13.9979197403284,14.0021374454642,13.7871102123735,13.9575489289203
472.8,7,7,6.9989604653581,7.00106795554118,7.2234774875905,6.74196420125444,13.9979209307162,14.0021359110824,13.786980353695,13.9577009055212
472.9,7,7,6.99896106025214,7.00106718891887,7.22348862263076,6.74195196636317,13.9979221205043,14.0021343778377,13.7868505667841,13.9578527845988
473,7,7,6.99896165484647,7.00106642286475,7.22349975158764,6.74193973940363,13.9979233096929,14.0021328457295,13.7867208516098,13.9580045662126
473.1,7,7,6.99896224914126,7.00106565737838,7.22351087446367,6.74192752037087,13.9979244982825,14.0021313147568,13.7865912081411,13.958156250422
473.2,7,7,6.9989628431351,7.00106489246234,7.2235219912294,6.74191530930168,13.9979256862702,14.0021297849247,13.7864616367246,13.958307836774
473.3,7,7,6.99896343673167,7.00106412829889,7.22353309992789,6.74190310874335,13.9979268734633,14.0021282565978,13.7863321604344,13.9584592939649
473.4,7,7,6.99896403002936,7.00106336470151,7.22354420255575,6.74189091609212,13.9979280600587,14.002126729403,13.7862027557258,13.9586106539891
473.5,7,7,6.99896462302833,7.00106260166976,7.2235552991155,6.74187873134306,13.9979292460567,14.0021252033395,13.786073422568,13.958761916906
473.6,7,7,6.99896521572875,7.00106183920323,7.22356638960972,6.74186655449126,13.9979304314575,14.0021236784065,13.7859441609299,13.9589130827747
473.7,7,7,6.9989658081292,7.00106107730446,7.22357747400899,6.74185438557337,13.9979316162584,14.0021221546089,13.7858149711572,13.9590641511438
473.8,7,7,6.99896640013369,7.00106031615492,7.22358855036133,6.74184222712721,13.9979328002674,14.0021206323098,13.7856858762642,13.959215090824
473.9,7,7,6.99896699184028,7.00105955556891,7.22359962065831,6.7418300765587,13.9979339836806,14.0021191111378,13.7855568527672,13.9593659336928
474,7,7,6.99896758324912,7.00105879554601,7.22361068490246,6.74181793386295,13.9979351664982,14.002117591092,13.7854279006354,13.9595166798092
474.1,7,7,6.99896817436039,7.00105803608578,7.22362174309634,6.74180579903506,13.9979363487208,14.0021160721716,13.7852990198377,13.9596673292322
474.2,7,7,6.99896876517268,7.00105727719079,7.22363279521064,6.74179367211155,13.9979375303454,14.0021145543816,13.785170210719,13.959817881512
474.3,7,7,6.9989693555903,7.00105651904166,7.22364383929826,6.7417815556208,13.9979387111806,14.0021130380833,13.7850414962337,13.9599683055732
474.4,7,7,6.99896994571099,7.00105576145355,7.22365487734578,6.74176944697838,13.997939891422,14.0021115229071,13.7849128529592,13.9601186331768
474.5,7,7,6.99897053553491,7.00105500442602,7.22366590935574,6.74175734617943,13.9979410710698,14.002110008852,13.7847842808644,13.9602688643814
474.6,7,7,6.99897112506221,7.00105424795865,7.22367693533067,6.74174525321907,13.9979422501244,14.0021084959173,13.7846557799186,13.960418999246
474.7,7,7,6.99897171429151,7.00105349205398,7.22368795524135,6.74173316813368,13.997943428583,14.002106984108,13.7845273504656,13.9605690373222
474.8,7,7,6.99897230312743,7.00105273689185,7.22369896714559,6.74172109344223,13.9979446062549,14.0021054737837,13.7843990154001,13.9607189476483
474.9,7,7,6.99897289166738,7.00105198228822,7.22370997302497,6.74170902656993,13.9979457833348,14.0021039645764,13.7842707513602,13.9608687618691
475,7,7,6.99897347991152,7.00105122824267,7.22372097288202,6.74169696751192,13.997946959823,14.0021024564853,13.7841425583152,13.961018480043
475.1,7,7,6.99897406786001,7.00105047475477,7.22373196671927,6.74168491626336,13.99794813572,14.0021009495095,13.7840144362342,13.9611681022287
475.2,7,7,6.99897465551146,7.00104972182706,7.22374295450758,6.74167287286048,13.9979493110229,14.0020994436541,13.7838863854601,13.9613176279795
475.3,7,7,6.9989752427708,7.00104896963857,7.22375393430966,6.7416608398129,13.9979504855416,14.0020979392771,13.783758428828,13.9614670264467
475.4,7,7,6.99897582973512,7.00104821800607,7.2237649081021,6.74164881455539,13.9979516594702,14.0020964360121,13.7836305430369,13.9616163291594
475.5,7,7,6.99897641640459,7.00104746692916,7.22377587588743,6.74163679708313,13.9979528328092,14.0020949338583,13.7835027280558,13.9617655361759
475.6,7,7,6.99897700277936,7.00104671640742,7.22378683766816,6.74162478739128,13.9979540055587,14.0020934328148,13.7833749838541,13.9619146475547
475.7,7,7,6.99897758885804,7.00104596644336,7.22379779341523,6.74161278551596,13.9979551777161,14.0020919328867,13.7832473107737,13.9620636628505
475.8,7,7,6.99897817454588,7.00104521721521,7.22380874119628,6.74160079395745,13.9979563490918,14.0020904344304,13.7831197315903,13.9622125513273
475.9,7,7,6.99897875993965,7.00104446854058,7.22381968298287,6.74158881016007,13.9979575198793,14.0020889370812,13.7829922230633,13.9623613443991
476,7,7,6.99897934503951,7.00104372041905,7.22383061877753,6.741576834119,13.997958690079,14.0020874408381,13.782864785162,13.962510042124
476.1,7,7,6.99897992984562,7.00104297285021,7.2238415485828,6.74156486582944,13.9979598596912,14.0020859457004,13.7827374178557,13.96265864456
476.2,7,7,6.99898051435658,7.00104222583655,7.22385247236967,6.74155290532738,13.9979610287132,14.0020844516731,13.7826101214854,13.9628071512637
476.3,7,7,6.99898109847795,7.00104147955553,7.22386338821067,6.74154095510379,13.9979621969559,14.0020829591111,13.7824829187674,13.9629555316111
476.4,7,7,6.9989816823062,7.00104073382555,7.22387429807239,6.74152901261252,13.9979633646124,14.0020814676511,13.7823557865216,13.9631038169015
476.5,7,7,6.99898226584147,7.00103998864621,7.22388520195735,6.74151707784875,13.9979645316829,14.0020799772924,13.7822287247175,13.9632520071928
476.6,7,7,6.99898284908392,7.00103924401708,7.22389609986808,6.7415051508077,13.9979656981678,14.0020784880342,13.7821017333242,13.9634001025427
476.7,7,7,6.99898343203218,7.00103849994066,7.22390699177566,6.74149323152523,13.9979668640644,14.0020769998813,13.7819748126819,13.9635481025096
476.8,7,7,6.99898401459208,7.00103775659361,7.2239178757575,6.74148132248308,13.9979680291842,14.0020755131872,13.7818479854477,13.9636959765809
476.9,7,7,6.99898459685978,7.00103701379514,7.22392875377522,6.74146942114454,13.9979691937196,14.0020740275903,13.7817212285019,13.9638437559418
477,7,7,6.99898517883544,7.00103627154484,7.22393962583132,6.74145752750482,13.9979703576709,14.0020725430897,13.7815945418138,13.96399144065
477.1,7,7,6.99898576051922,7.00103552984231,7.22395049192835,6.74144564155915,13.9979715210384,14.0020710596846,13.7814679253529,13.9641390307631
477.2,7,7,6.99898634190973,7.00103478869003,7.22396135203744,6.74143376334326,13.9979726838195,14.0020695773801,13.7813413794582,13.9642865258408
477.3,7,7,6.99898692291311,7.00103404826385,7.2239722042409,6.74142189532969,13.9979738458262,14.0020680965277,13.7812149267277,13.9644338954818
477.4,7,7,6.99898750362522,7.00103330838381,7.22398305049535,6.74141003499114,13.9979750072504,14.0020666167676,13.781088544102,13.9645811707576
477.5,7,7,6.99898808404621,7.0010325690495,7.22399389080333,6.74139818232285,13.9979761680924,14.002065138099,13.7809622315506,13.9647283517258
477.6,7,7,6.99898866417623,7.00103183026051,7.22400472516736,6.74138633732006,13.9979773283525,14.002063660521,13.7808359890428,13.9648754384435
477.7,7,7,6.99898924401391,7.00103109201931,7.22401555355865,6.74137450001838,13.9979784880278,14.0020621840386,13.7807098169169,13.9650224304721
477.8,7,7,6.99898982346569,7.00103035450099,7.22402637406438,6.74136267288118,13.9979796469314,14.002060709002,13.7805837377117,13.9651692975212
477.9,7,7,6.9989904026271,7.00102961752637,7.22403718863622,6.74135085339053,13.9979808052542,14.0020592350527,13.780457728428,13.9653160705489
478,7,7,6.99899098149832,7.00102888109504,7.22404799727669,6.74133904154169,13.9979819629966,14.0020577621901,13.7803317890353,13.9654627496125
478.1,7,7,6.99899156007948,7.00102814520661,7.22405879998831,6.74132723732994,13.997983120159,14.0020562904132,13.7802059195031,13.965609334769
478.2,7,7,6.99899213836922,7.00102740986353,7.22406959674237,6.74131544079073,13.9979842767384,14.0020548197271,13.7800801201688,13.9657558255813
478.3,7,7,6.99899271627425,7.00102667524009,7.22408038563092,6.74130365437832,13.9979854325485,14.0020533504802,13.7799544135119,13.9659021918692
478.4,7,7,6.99899329388985,7.00102594115794,7.22409116860067,6.74129187558411,13.9979865877797,14.0020518823159,13.7798287765937,13.9660484644782
478.5,7,7,6.99899387121614,7.00102520761667,7.22410194565414,6.74128010440338,13.9979877424323,14.0020504152333,13.7797032093835,13.9661946434652
478.6,7,7,6.99899444825329,7.00102447461587,7.22411271679383,6.74126834083144,13.9979888965066,14.0020489492317,13.779577711851,13.9663407288871
478.7,7,7,6.99899502499992,7.00102374215799,7.22412348199113,6.7412565849036,13.9979900499998,14.002047484316,13.7794522843324,13.9664867203083
478.8,7,7,6.99899560136306,7.00102301041656,7.22413423934293,6.74124483906504,13.9979912027261,14.0020460208331,13.7793269492488,13.9666325876585
478.9,7,7,6.99899617743764,7.00102227921399,7.22414499079099,6.74123310081644,13.9979923548753,14.002044558428,13.779201683721,13.9667783616708
479,7,7,6.99899675322384,7.0010215485499,7.22415573633784,6.74122137015312,13.9979935064477,14.0020430970998,13.7790764877187,13.9669240424019
479.1,7,7,6.99899732872178,7.00102081842388,7.22416647598597,6.74120964707039,13.9979946574436,14.0020416368478,13.7789513612114,13.9670696299084
479.2,7,7,6.99899790393012,7.00102008883836,7.22417720970684,6.74119793160346,13.9979958078602,14.0020401776767,13.7788263045347,13.9672151237564
479.3,7,7,6.99899847875614,7.00101935996609,7.2241879356022,6.74118622618842,13.9979969575123,14.0020387199322,13.7787013400505,13.9673604939849
479.4,7,7,6.99899905329451,7.0010186316303,7.22419865560888,6.74117452833525,13.997998106589,14.0020372632606,13.7785764449399,13.967505771215
479.5,7,7,6.99899962754538,7.00101790383058,7.22420936972938,6.74116283803926,13.9979992550908,14.0020358076612,13.7784516191724,13.9676509555034
479.6,7,7,6.99900020150889,7.00101717656654,7.2242200779662,6.74115115529579,13.9980004030178,14.0020343531331,13.7783268627177,13.9677960469064
479.7,7,7,6.99900077518369,7.00101644984059,7.22423078029087,6.74113948013991,13.9980015503674,14.0020328996812,13.7782021759104,13.9679410449916
479.8,7,7,6.99900134847735,7.00101572382473,7.22424147481,6.74112781499872,13.9980026969547,14.0020314476495,13.7780775810537,13.9680859199069
479.9,7,7,6.99900192148425,7.00101499834296,7.22425216345546,6.7411161573914,13.9980038429685,14.0020299966859,13.7779530553885,13.9682307021622
480,7,7,6.99900249420453,7.00101427339488,7.22426284622976,6.74110450731328,13.9980049884091,14.0020285467898,13.7778285988844,13.9683753918137
480.1,7,7,6.99900306663835,7.00101354898009,7.2242735231354,6.74109286475974,13.9980061332767,14.0020270979602,13.7777042115111,13.9685199889177
480.2,7,7,6.99900363878433,7.001012825101,7.22428419414398,6.7410812297657,13.9980072775687,14.002025650202,13.7775798936023,13.9686644930431
480.3,7,7,6.99900421055036,7.00101210192884,7.22429485736695,6.74106960474929,13.9980084211007,14.0020242038577,13.7774556674027,13.9688088744466
480.4,7,7,6.99900478203049,7.0010113792884,7.22430551473125,6.74105798723887,13.998009564061,14.0020227585768,13.7773315102128,13.968953163527
480.5,7,7,6.9990053532249,7.00101065717927,7.2243161662394,6.7410463772298,13.9980107064498,14.0020213143585,13.7772074220023,13.9690973603402
480.6,7,7,6.9990059241337,7.00100993560107,7.22432681189387,6.74103477471747,13.9980118482674,14.0020198712021,13.7770834027409,13.9692414649423
480.7,7,7,6.99900649475556,7.00100921455619,7.22433745166636,6.74102317973668,13.9980129895111,14.0020184291124,13.7769594527615,13.9693854769039
480.8,7,7,6.99900706499862,7.00100849421509,7.22434808367313,6.74101159469661,13.9980141299972,14.0020169884302,13.7768355942502,13.9695293665895
480.9,7,7,6.99900763495667,7.00100777440335,7.22435870983622,6.74100001713476,13.9980152699133,14.0020155488067,13.7767118045671,13.9696731642875
481,7,7,6.99900820462986,7.00100705512057,7.22436933015812,6.74098844704654,13.9980164092597,14.0020141102411,13.776588083682,13.9698168700537
481.1,7,7,6.99900877401832,7.00100633636635,7.22437994464133,6.74097688442732,13.9980175480366,14.0020126727327,13.7764644315648,13.9699604839438
481.2,7,7,6.99900934312071,7.00100561814308,7.2243905532576,6.7409653293118,13.9980186862414,14.0020112362862,13.7763408485472,13.9701040055301
481.3,7,7,6.99900991184544,7.00100490062048,7.22440115412802,6.74095378410024,13.9980198236909,14.002009801241,13.776217356757,13.9702474052846
481.4,7,7,6.99901048028604,7.00100418362488,7.22441174916972,6.74094224633927,13.9980209605721,14.0020083672498,13.7760939336139,13.9703907133856
481.5,7,7,6.99901104844263,7.00100346715588,7.22442233838519,6.7409307160243,13.9980220968853,14.0020069343118,13.7759705790877,13.9705339298888
481.6,7,7,6.99901161631537,7.00100275121311,7.22443292177691,6.74091919315072,13.9980232326307,14.0020055024262,13.7758472931482,13.9706770548496
481.7,7,7,6.9990121839029,7.00100203579893,7.22444349931672,6.7409076777531,13.9980243678058,14.0020040715979,13.7757240761265,13.9708200878417
481.8,7,7,6.99901275111392,7.00100132108231,7.22445406913051,6.74089617222286,13.9980255022278,14.0020026421646,13.7756009500919,13.9709629994446
481.9,7,7,6.99901331804166,7.00100060689035,7.22446463313053,6.74088467411567,13.9980266360833,14.0020012137807,13.7754778925236,13.9711058197268
482,7,7,6.99901388468626,7.00099989322266,7.22447519131923,6.74087318342696,13.9980277693725,14.0019997864453,13.7753549033914,13.9712485487438
482.1,7,7,6.99901445104785,7.00099918007885,7.22448574369912,6.74086170015216,13.9980289020957,14.0019983601577,13.7752319826652,13.9713911865507
482.2,7,7,6.9990150171251,7.0009984674613,7.2244962902421,6.7408502243257,13.9980300342502,14.0019969349226,13.7751091306751,13.9715337327228
482.3,7,7,6.99901558282698,7.00099775553821,7.22450682907889,6.74083875833017,13.998031165654,14.0019955110764,13.7749863694322,13.9716761579463
482.4,7,7,6.99901614824643,7.00099704413745,7.2245173621168,6.74082729973028,13.9980322964929,14.0019940882749,13.7748636764751,13.9718184921807
482.5,7,7,6.99901671338359,7.00099633325864,7.22452788935832,6.74081584852147,13.9980334267672,14.0019926665173,13.7747410517736,13.971960735481
482.6,7,7,6.99901727823859,7.00099562290139,7.22453841080593,6.74080440469919,13.9980345564772,14.0019912458028,13.7746184952977,13.9721028879023
482.7,7,7,6.9990178428101,7.00099491306806,7.22454892643159,6.74079296829776,13.9980356856202,14.0019898261361,13.7744960073765,13.9722449490213
482.8,7,7,6.99901840700737,7.00099420392611,7.22455943437085,6.74078154169095,13.9980368140147,14.0019884078522,13.7743736099632,13.9723868896306
482.9,7,7,6.99901897092306,7.00099349530418,7.22456993652613,6.74077012245248,13.9980379418461,14.0019869906084,13.7742512806553,13.9725287395809
483,7,7,6.99901953455729,7.00099278720189,7.22458043289989,6.74075871057781,13.9980390691146,14.0019855744038,13.7741290194229,13.972670498927
483.1,7,7,6.99902009791022,7.00099207961884,7.22459092349463,6.74074730606241,13.9980401958204,14.0019841592377,13.774006826236,13.9728121677237
483.2,7,7,6.99902066098051,7.00099137255739,7.22460140828239,6.74073590894048,13.998041321961,14.0019827451148,13.7738847014228,13.9729537455495
483.3,7,7,6.99902122367767,7.00099066618426,7.22461188540349,6.74072452157701,13.9980424473553,14.0019813323685,13.7737626668783,13.9730952033026
483.4,7,7,6.99902178609408,7.00098996032885,7.22462235675548,6.7407131415547,13.9980435721882,14.0019799206577,13.7736407002595,13.9732365707254
483.5,7,7,6.99902234822989,7.00098925499077,7.22463282234082,6.74070176886903,13.9980446964598,14.0019785099815,13.7735188015362,13.9733778478726
483.6,7,7,6.99902291008522,7.00098855016964,7.22464328216199,6.74069040351546,13.9980458201704,14.0019771003393,13.7733969706786,13.9735190347989
483.7,7,7,6.99902347165875,7.00098784586779,7.22465373619112,6.74067904552809,13.9980469433175,14.0019756917356,13.773275208014,13.973660131084
483.8,7,7,6.99902403286027,7.00098714225122,7.2246641825733,6.74066769726319,13.9980480657205,14.0019742845024,13.7731535353796,13.9738011077317
483.9,7,7,6.99902459378187,7.00098643915007,7.22467462320122,6.74065635631238,13.9980491875637,14.0019728783001,13.7730319304911,13.9739419943767
484,7,7,6.9990251544237,7.00098573656396,7.22468505807734,6.74064502267114,13.9980503088474,14.0019714731279,13.7729103933187,13.9740827910733
484.1,7,7,6.99902571478589,7.00098503449252,7.22469548720412,6.74063369633497,13.9980514295718,14.001970068985,13.7727889238324,13.974223497876
484.2,7,7,6.9990262748671,7.00098433293806,7.22470591055377,6.74062237733783,13.9980525497342,14.0019686658761,13.7726675223588,13.974364114366
484.3,7,7,6.99902683457741,7.00098363206584,7.22471632627618,6.74061106802733,13.9980536691548,14.0019672641317,13.772546210677,13.9745046116523
484.4,7,7,6.99902739400862,7.00098293170677,7.22472673625914,6.74059976600394,13.9980547880172,14.0019658634135,13.772424966562,13.9746450192619
484.5,7,7,6.99902795316089,7.00098223186046,7.22473714050511,6.74058847126318,13.9980559063218,14.0019644637209,13.7723037899837,13.9747853372491
484.6,7,7,6.99902851203435,7.00098153252653,7.22474753901656,6.74057718380058,13.9980570240687,14.0019630650531,13.7721826809125,13.9749255656681
484.7,7,7,6.99902907062766,7.00098083370731,7.22475793176577,6.74056590364995,13.9980581412553,14.0019616674146,13.7720616396737,13.9750657041016
484.8,7,7,6.99902962885115,7.0009801355673,7.2247683169074,6.74055463315026,13.9980592577023,14.0019602711346,13.7719406879891,13.9752057237632
484.9,7,7,6.99903018679637,7.00097943793817,7.22477869632437,6.74054336991083,13.9980603735927,14.0019588758763,13.7718198036922,13.975345654073
485,7,7,6.99903074446347,7.00097874081954,7.22478907001916,6.7405321139272,13.9980614889269,14.0019574816391,13.7716989867531,13.975485495085
485.1,7,7,6.99903130185257,7.00097804421103,7.22479943799422,6.74052086519491,13.9980626037051,14.0019560884221,13.7715782371422,13.9756252468531
485.2,7,7,6.99903185896236,7.00097734811494,7.2248098002219,6.74050962374765,13.9980637179247,14.0019546962299,13.771457555184,13.9757649089617
485.3,7,7,6.9990324157034,7.00097665269507,7.22482015486163,6.74049839191579,13.9980648314068,14.0019533053901,13.7713369625426,13.9759044527284
485.4,7,7,6.99903297216699,7.00097595778382,7.22483050379148,6.74048716731745,13.998065944334,14.0019519155676,13.7712164371101,13.9760439074668
485.5,7,7,6.99903352835327,7.00097526338081,7.22484084701392,6.74047594994819,13.9980670567065,14.0019505267616,13.771095978857,13.9761832732307
485.6,7,7,6.99903408426237,7.00097456948566,7.2248511845314,6.74046473980355,13.9980681685247,14.0019491389713,13.7709755877533,13.9763225500739
485.7,7,7,6.99903463989296,7.00097387610067,7.22486151631634,6.74045353691714,13.9980692797859,14.0019477522013,13.770855264123,13.9764617375821
485.8,7,7,6.99903519515589,7.00097318338892,7.22487184053293,6.74044234361071,13.9980703903118,14.0019463667778,13.7707350295725,13.9766008071768
485.9,7,7,6.99903575014218,7.00097249118354,7.2248821590544,6.74043115751117,13.9980715002844,14.0019449823671,13.7706148620526,13.9767397880654
486,7,7,6.99903630485197,7.00097179948415,7.2248924718832,6.7404199786141,13.9980726097039,14.0019435989683,13.7704947615337,13.9768786803015
486.1,7,7,6.99903685928538,7.00097110829038,7.22490277902179,6.74040880691507,13.9980737185708,14.0019422165808,13.7703747279861,13.9770174839386
486.2,7,7,6.99903741344109,7.00097041760453,7.22491308044266,6.74039764244754,13.9980748268822,14.0019408352091,13.7702547617326,13.9771561985641
486.3,7,7,6.99903796723022,7.00096972758893,7.22492337431476,6.74038648752474,13.9980759344604,14.0019394551779,13.7701348843224,13.9772947957026
486.4,7,7,6.9990385207435,7.00096903807746,7.22493366250645,6.74037533978232,13.998077041487,14.0019380761549,13.7700150737648,13.977433304456
486.5,7,7,6.99903907398108,7.00096834906976,7.2249439450202,6.74036419921586,13.9980781479622,14.0019366981395,13.7698953300302,13.9775717248776
486.6,7,7,6.99903962694309,7.00096766056545,7.22495422185847,6.74035306582095,13.9980792538862,14.0019353211309,13.7697756530889,13.9777100570208
486.7,7,7,6.9990401796282,7.00096697256681,7.22496449299381,6.74034193963094,13.9980803592564,14.0019339451336,13.769656043263,13.9778483004742
486.8,7,7,6.99904073194779,7.00096628523547,7.22497475659991,6.74033082295055,13.9980814638956,14.0019325704709,13.7695365220442,13.9779864268656
486.9,7,7,6.99904128399233,7.00096559840604,7.22498501454033,6.74031971342413,13.9980825679847,14.0019311968121,13.7694170675002,13.9781244651915
487,7,7,6.99904183576197,7.00096491207814,7.2249952668175,6.74030861104728,13.9980836715239,14.0019298241563,13.7692976796016,13.9782624155051
487.1,7,7,6.99904238725683,7.00096422625142,7.22500551343388,6.74029751581561,13.9980847745137,14.0019284525028,13.7691783583187,13.9784002778593
487.2,7,7,6.99904293847559,7.00096354092814,7.22501575436212,6.74028642776235,13.9980858769512,14.0019270818563,13.7690591039727,13.9785380518445
487.3,7,7,6.99904348932988,7.00096285626921,7.22502598778062,6.74027534918373,13.9980869786598,14.0019257125384,13.7689399379981,13.978675709191
487.4,7,7,6.99904403990992,7.00096217210999,7.22503621554812,6.74026427773278,13.9980880798198,14.00192434422,13.7688208385209,13.9788132787903
487.5,7,7,6.99904459021584,7.00096148845009,7.22504643766705,6.74025321340512,13.9980891804317,14.0019229769002,13.7687018055117,13.9789507606953
487.6,7,7,6.99904514024777,7.00096080528915,7.22505665413988,6.74024215619638,13.9980902804955,14.0019216105783,13.7685828389409,13.979088154959
487.7,7,7,6.99904569000441,7.00096012262943,7.2250668649393,6.74023110613966,13.9980913800088,14.0019202452589,13.7684639391288,13.979225461173
487.8,7,7,6.99904623939761,7.00095944063114,7.22507706824846,6.74022006552277,13.9980924787952,14.0019188812623,13.7683451274528,13.9793626511698
487.9,7,7,6.99904678851735,7.00095875913034,7.22508726592128,6.74020903200735,13.9980935770347,14.0019175182607,13.7682263820972,13.9794997537365
488,7,7,6.99904733736375,7.00095807812667,7.2250974579602,6.74019800558904,13.9980946747275,14.0019161562533,13.7681077030325,13.9796367689258
488.1,7,7,6.99904788593695,7.00095739761977,7.22510764436765,6.7401869862635,13.9980957718739,14.0019147952395,13.7679890902292,13.9797736967903
488.2,7,7,6.99904843423565,7.00095671761187,7.22511782511643,6.7401759740637,13.9980968684713,14.0019134352237,13.7678705440068,13.9799105369233
488.3,7,7,6.99904898217194,7.0009560382625,7.2251279983944,6.74016497126905,13.9980979643439,14.001912076525,13.7677520856856,13.9800472612589
488.4,7,7,6.99904952983555,7.00095535940842,7.22513816605066,6.7401539755498,13.9980990596711,14.0019107188168,13.767633693508,13.9801838984802
488.5,7,7,6.99905007722661,7.00095468104928,7.22514832808764,6.74014298690158,13.9981001544532,14.0019093620986,13.7675153674445,13.9803204486397
488.6,7,7,6.99905062434525,7.00095400318473,7.2251584845078,6.74013200532009,13.9981012486905,14.0019080063695,13.7673971074659,13.9804569117898
488.7,7,7,6.99905117119016,7.00095332581698,7.22516863528397,6.74012103083816,13.9981023423803,14.001906651634,13.7672789138906,13.9805932875252
488.8,7,7,6.9990517176737,7.00095264910485,7.22517877860876,6.74011006572686,13.9981034353474,14.0019052982097,13.767160807982,13.9807295478813
488.9,7,7,6.99905226388533,7.00095197288584,7.22518891632644,6.74009910766497,13.9981045277707,14.0019039457717,13.7670427680406,13.9808657214377
489,7,7,6.99905280982519,7.0009512971596,7.22519904843947,6.74008815664816,13.9981056196504,14.0019025943192,13.7669247940369,13.9810018082465
489.1,7,7,6.99905335549339,7.00095062192575,7.22520917495026,6.74007721267213,13.9981067109868,14.0019012438515,13.7668068859417,13.9811378083602
489.2,7,7,6.99905390088864,7.00094994718653,7.22521929583176,6.74006627576961,13.9981078017773,14.0018998943731,13.7666890440726,13.9812737213746
489.3,7,7,6.99905444592355,7.00094927310005,7.22522940928125,6.74005534820332,13.9981088918471,14.0018985462001,13.7665712896362,13.9814095194262
489.4,7,7,6.99905499068732,7.00094859950451,7.22523951713822,6.74004442766057,13.9981099813746,14.001897199009,13.7664536009908,13.9815452309913
489.5,7,7,6.99905553518009,7.00094792639957,7.22524961940512,6.74003351413705,13.9981110703602,14.0018958527991,13.7663359781072,13.981680856122
489.6,7,7,6.99905607940196,7.00094725378487,7.22525971608438,6.74002260762847,13.9981121588039,14.0018945075697,13.7662184209559,13.9818163948704
489.7,7,7,6.99905662335166,7.00094658166261,7.22526980714899,6.74001170816746,13.9981132467033,14.0018931633252,13.7661009298538,13.9819518468337
489.8,7,7,6.99905716694203,7.00094591019022,7.22527989080094,6.74000081800842,13.9981143338841,14.0018918203804,13.7659835259508,13.9820871842491
489.9,7,7,6.99905771026203,7.00094523920663,7.22528996887495,6.73998993484715,13.9981154205241,14.0018904784133,13.7658661876631,13.98222243549
490,7,7,6.99905825331178,7.00094456871147,7.22530004137344,6.73997905867938,13.9981165066236,14.0018891374229,13.7657489149613,13.9823576006083
490.1,7,7,6.99905879609141,7.00094389870439,7.22531010829884,6.73996818950081,13.9981175921828,14.0018877974088,13.7656317078162,13.9824926796559
490.2,7,7,6.99905933859963,7.00094322918759,7.22532016962423,6.73995732734396,13.9981186771993,14.0018864583752,13.7655145665436,13.9826276722315
490.3,7,7,6.99905988074953,7.0009425603178,7.22533022355628,6.73994647445498,13.9981197614991,14.0018851206356,13.7653975122371,13.9827625506722
490.4,7,7,6.99906042262982,7.00094189193466,7.22534027192493,6.73993562853811,13.9981208452596,14.0018837838693,13.7652805233702,13.9828973432492
490.5,7,7,6.99906096424062,7.00094122403782,7.2253503147326,6.7399247895891,13.9981219284812,14.0018824480756,13.7651635999139,13.9830320500142
490.6,7,7,6.99906150558205,7.0009405566269,7.22536035198171,6.73991395760367,13.9981230111641,14.0018811132538,13.7650467418388,13.9831666710188
490.7,7,7,6.99906204665283,7.00093988970412,7.22537038364542,6.73990313261421,13.9981240933057,14.0018797794082,13.7649299494601,13.9833012058632
490.8,7,7,6.9990625873663,7.00093922342551,7.22538040793508,6.73989231685866,13.9981251747326,14.001878446851,13.7648132438146,13.9834356269842
490.9,7,7,6.99906312781091,7.0009385576314,7.22539042667585,6.73988150804966,13.9981262556218,14.0018771152628,13.7646966034337,13.9835699625511
491,7,7,6.99906366798678,7.00093789232145,7.22540043987016,6.73987070618298,13.9981273359736,14.0018757846429,13.7645800282881,13.9837042126152
491.1,7,7,6.99906420789404,7.0009372274953,7.22541044752042,6.73985991125438,13.9981284157881,14.0018744549906,13.7644635183488,13.983838377228
491.2,7,7,6.9990647475314,7.00093656315515,7.22542044959985,6.73984912329611,13.9981294950628,14.0018731263103,13.7643470739298,13.9839724559912
491.3,7,7,6.99906528681245,7.00093589945633,7.22543044432449,6.73983834453791,13.9981305736249,14.0018717989127,13.7642307160118,13.9841064214408
491.4,7,7,6.99906582582538,7.00093523623989,7.22544043351474,6.73982757270083,13.9981316516508,14.0018704724798,13.7641144231834,13.9842403016445
491.5,7,7,6.99906636457033,7.00093457350549,7.22545041717302,6.73981680778063,13.9981327291407,14.001869147011,13.7639981954156,13.9843740966536
491.6,7,7,6.99906690304741,7.00093391125276,7.22546039530173,6.73980604977309,13.9981338060948,14.0018678225055,13.7638820326794,13.9845078065193
491.7,7,7,6.99906744125535,7.00093324948389,7.22547036787418,6.73979529871036,13.9981348825107,14.0018664989678,13.7637659352879,13.9846414308446
491.8,7,7,6.99906797910795,7.00093258835355,7.22548033311105,6.73978455681401,13.9981359582159,14.0018651767071,13.7636499241654,13.9847749422646
491.9,7,7,6.9990685166932,7.00093192770347,7.22549029282801,6.73977382181343,13.9981370333864,14.0018638554069,13.763533977958,13.9849083687457
492,7,7,6.99906905401119,7.00093126753331,7.22550024702745,6.73976309370441,13.9981381080224,14.0018625350666,13.7634180966368,13.985041710339
492.1,7,7,6.99906959106207,7.00093060784272,7.2255101957118,6.73975237248273,13.9981391821241,14.0018612156854,13.7633022801726,13.9851749670955
492.2,7,7,6.99907012784454,7.00092994863387,7.22552013885442,6.73974165818045,13.9981402556891,14.0018598972677,13.763186528878,13.9853081386198
492.3,7,7,6.99907066427267,7.00092929006074,7.22553007468065,6.73973095301098,13.9981413285453,14.0018585801215,13.7630708636208,13.9854411976453
492.4,7,7,6.99907120043417,7.00092863196577,7.22554000500141,6.73972025471206,13.9981424008683,14.0018572639315,13.7629552631047,13.9855741720377
492.5,7,7,6.99907173632916,7.00092797434861,7.2255499298191,6.73970956327947,13.9981434726583,14.0018559486972,13.7628397273005,13.985707061848
492.6,7,7,6.99907227195778,7.00092731720892,7.22555984913613,6.73969887870902,13.9981445439156,14.0018546344178,13.7627242561792,13.9858398671269
492.7,7,7,6.99907280731872,7.00092666054886,7.22556976292594,6.73968820103264,13.9981456146374,14.0018533210977,13.7626088500525,13.9859725874803
492.8,7,7,6.9990733423263,7.00092600452173,7.22557966941853,6.73967753245567,13.9981466846526,14.0018520090435,13.7624935297323,13.9861051957399
492.9,7,7,6.99907387706799,7.00092534897067,7.22558957042006,6.73966687072409,13.998147754136,14.0018506979413,13.7623782739791,13.9862377196711
493,7,7,6.9990744115439,7.00092469389534,7.22559946593295,6.73965621583374,13.9981488230878,14.0018493877907,13.7622630827641,13.9863701593245
493.1,7,7,6.99907494575417,7.00092403929537,7.22560935595958,6.73964556778042,13.9981498915083,14.0018480785907,13.7621479560583,13.9865025147508
493.2,7,7,6.99907547969751,7.00092338517293,7.22561924047348,6.73963492659596,13.998150959395,14.0018467703459,13.7620328941724,13.9866347855572
493.3,7,7,6.99907601328845,7.00092273168066,7.22562911770929,6.73962429447763,13.9981520265769,14.0018454633613,13.7619179178623,13.9867669446731
493.4,7,7,6.99907654661422,7.00092207866237,7.22563898946844,6.73961366917966,13.9981530932284,14.0018441573247,13.7618030059458,13.986899019764
493.5,7,7,6.99907707967495,7.00092142611772,7.22564885575333,6.73960305069789,13.9981541593499,14.0018428522354,13.7616881583939,13.9870310108803
493.6,7,7,6.99907761247076,7.00092077404637,7.22565871656636,6.73959243902816,13.9981552249415,14.0018415480927,13.7615733751778,13.9871629180724
493.7,7,7,6.99907814500037,7.00092012245044,7.22566857188112,6.73958183420218,13.9981562900007,14.0018402449009,13.7614586566072,13.9872947409491
493.8,7,7,6.99907867717855,7.00091947148193,7.22567841993688,6.73957123840918,13.9981573543571,14.0018389429639,13.7613440233824,13.9874264525369
493.9,7,7,6.99907920909229,7.00091882098533,7.22568826253036,6.73956064941161,13.9981584181846,14.0018376419707,13.7612294543778,13.9875580804019
494,7,7,6.99907974074171,7.00091817096029,7.22569809966394,6.73955006720534,13.9981594814834,14.0018363419206,13.7611149495647,13.9876896245943
494.1,7,7,6.99908027212693,7.00091752140647,7.22570793134003,6.73953949178621,13.9981605442539,14.0018350428129,13.7610005089142,13.9878210851644
494.2,7,7,6.99908080324668,7.00091687232601,7.22571775753229,6.73952892318581,13.9981616064934,14.001833744652,13.7608861327353,13.9879524617221
494.3,7,7,6.99908133401596,7.00091622387021,7.22572757648461,6.73951836358538,13.9981626680319,14.0018324477404,13.7607718416724,13.9880837273911
494.4,7,7,6.99908186452151,7.00091557588426,7.22573738998899,6.73950781075556,13.998163729043,14.0018311517685,13.7606576146568,13.9882149096383
494.5,7,7,6.99908239476347,7.00091492836782,7.22574719804784,6.73949726469222,13.9981647895269,14.0018298567356,13.7605434516599,13.9883460085137
494.6,7,7,6.99908292474194,7.00091428132053,7.22575700066352,6.73948672539124,13.9981658494839,14.0018285626411,13.7604293526527,13.9884770240673
494.7,7,7,6.99908345445567,7.00091363474453,7.22576679780977,6.73947619288407,13.9981669089113,14.0018272694891,13.7603153179435,13.9886079559105
494.8,7,7,6.99908398381987,7.00091298879047,7.22577658773513,6.739465669344,13.9981679676397,14.0018259775809,13.760201368121,13.9887387772636
494.9,7,7,6.99908451292107,7.0009123433042,7.22578637222687,6.73945515254982,13.9981690258421,14.0018246866084,13.7600874821733,13.9888695154946
495,7,7,6.99908504175939,7.00091169828538,7.22579615128739,6.7394446424974,13.9981700835188,14.0018233965708,13.7599736600716,13.9890001706533
495.1,7,7,6.99908557033493,7.00091105373366,7.22580592491906,6.73943413918264,13.9981711406699,14.0018221074673,13.7598599017873,13.9891307427897
495.2,7,7,6.99908609864645,7.00091040965118,7.2258156930957,6.7394236426369,13.9981721972929,14.0018208193024,13.7597462076275,13.9892612315164
495.3,7,7,6.99908662660939,7.00090976618792,7.22582545407043,6.73941315502552,13.9981732532188,14.0018195323758,13.7596325981256,13.98939161015
495.4,7,7,6.99908715431003,7.0009091231904,7.22583520962585,6.73940267413539,13.9981743086201,14.0018182463808,13.7595190523262,13.98952190596
495.5,7,7,6.9990876817485,7.0009084806583,7.22584495976434,6.73939219996243,13.998175363497,14.0018169613166,13.7594055702007,13.9896521189962
495.6,7,7,6.99908820892492,7.00090783859126,7.22585470448828,6.73938173250253,13.9981764178498,14.0018156771825,13.7592921517204,13.9897822493082
495.7,7,7,6.99908873583801,7.00090719699141,7.22586444377154,6.73937127178693,13.998177471676,14.0018143939828,13.7591787971916,13.9899122965102
495.8,7,7,6.99908926240347,7.00090655600806,7.22587417587187,6.7393608199731,13.9981785248069,14.0018131120161,13.7590655270923,13.9900422340143
495.9,7,7,6.99908978870734,7.00090591548844,7.22588390256715,6.739350374856,13.9981795774147,14.0018118309769,13.7589523205235,13.9901720889923
496,7,7,6.99909031474975,7.00090527543219,7.22589362385978,6.73933993643154,13.9981806294995,14.0018105508644,13.7588391774567,13.9903018614937
496.1,7,7,6.9990908405308,7.00090463583899,7.22590333975212,6.73932950469566,13.9981816810616,14.001809271678,13.7587260978633,13.9904315515679
496.2,7,7,6.99909136604924,7.00090399671092,7.22591305021813,6.73931907967949,13.9981827320985,14.0018079934218,13.7586130820488,13.9905611588304
496.3,7,7,6.99909189122098,7.00090335819668,7.22592275352012,6.7393086635326,13.998183782442,14.0018067163934,13.7585001504357,13.9906906567889
496.4,7,7,6.99909241613183,7.00090272014413,7.22593245143134,6.73929825405802,13.9981848322637,14.0018054402883,13.7583872821816,13.9908200725175
496.5,7,7,6.99909294078192,7.00090208255293,7.22594214395413,6.73928785125168,13.9981858815638,14.0018041651059,13.7582744772579,13.9909494060655
496.6,7,7,6.99909346517135,7.00090144542276,7.22595183109089,6.73927745510952,13.9981869303427,14.0018028908455,13.7581617356361,13.9910786574821
496.7,7,7,6.99909398929888,7.0009008087557,7.22596151281561,6.73926706566255,13.9981879785978,14.0018016175114,13.7580490576209,13.9912078263842
496.8,7,7,6.99909451308063,7.00090017269979,7.22597118739523,6.73925668505254,13.9981890261613,14.0018003453996,13.7579364635795,13.9913368863745
496.9,7,7,6.9990950366022,7.00089953710356,7.22598085659829,6.73924631109051,13.9981900732044,14.0017990742071,13.7578239327257,13.99146586443
497,7,7,6.9990955598637,7.00089890196667,7.22599052042716,6.7392359437724,13.9981911197274,14.0017978039333,13.7577114650313,13.9915947605997
497.1,7,7,6.99909608286525,7.0008982672888,7.2260001788842,6.73922558309419,13.9981921657305,14.0017965345776,13.7575990604675,13.9917235749326
497.2,7,7,6.99909660560559,7.00089763307201,7.2260098319435,6.73921522908677,13.9981932112112,14.001795266144,13.7574867193383,13.9918523070472
497.3,7,7,6.99909712800107,7.00089699946371,7.22601947787656,6.73920488388409,13.9981942560021,14.0017939989274,13.7573744619557,13.9919809306405
497.4,7,7,6.99909765013707,7.00089636631309,7.22602911844727,6.73919454530516,13.9981953002741,14.0017927326262,13.75726226759,13.9921094725929
497.5,7,7,6.99909817201369,7.00089573361982,7.22603875365797,6.73918421334595,13.9981963440274,14.0017914672396,13.7571501362125,13.9922379329533
497.6,7,7,6.99909869363104,7.00089510138355,7.22604838351104,6.73917388800244,13.9981973872621,14.0017902027671,13.757038067795,13.9923663117703
497.7,7,7,6.99909921498789,7.00089446960637,7.22605800798064,6.73916356930542,13.9981984299758,14.0017889392127,13.7569260626403,13.9924946086638
497.8,7,7,6.9990997360008,7.00089383843502,7.22606762534283,6.73915325938106,13.9981994720016,14.00178767687,13.7568141410056,13.9926227974252
497.9,7,7,6.99910025675491,7.00089320771936,7.22607723735683,6.73914295605633,13.9982005135098,14.0017864154387,13.756702282217,13.9927509048383
498,7,7,6.99910077725033,7.00089257745905,7.22608684402501,6.7391326593272,13.9982015545007,14.0017851549181,13.7565904862462,13.9928789309519
498.1,7,7,6.99910129748718,7.00089194765376,7.22609644534972,6.73912236918968,13.9982025949744,14.0017838953075,13.7564787530648,13.9930068758145
498.2,7,7,6.9991018174642,7.00089131830555,7.2261060413052,6.73911208567444,13.9982036349284,14.0017826366111,13.7563670829749,13.9931347390473
498.3,7,7,6.99910233709821,7.00089068956055,7.22611563017207,6.73910181089991,13.9982046741964,14.0017813791211,13.7562554961787,13.9932624945355
498.4,7,7,6.9991028564741,7.00089006126924,7.22612521370491,6.73909154270098,13.9982057129482,14.0017801225385,13.7561439720584,13.993390168967
498.5,7,7,6.99910337559198,7.00088943343131,7.22613479190606,6.73908128107364,13.998206751184,14.0017788668626,13.7560325105856,13.9935177623903
498.6,7,7,6.99910389445198,7.00088880604641,7.2261443647779,6.73907102601391,13.998207788904,14.0017776120928,13.755921111732,13.9936452748538
498.7,7,7,6.99910441305284,7.00088817911662,7.2261539322947,6.73906077755235,13.9982088261057,14.0017763582332,13.7558097757989,13.9937727059799
498.8,7,7,6.99910493131159,7.00088755278739,7.22616349274168,6.73905053779969,13.9982098626232,14.0017751055748,13.7556985229337,13.9939000297476
498.9,7,7,6.99910544931291,7.0008869269099,7.22617304786874,6.7390403045987,13.9982108986258,14.0017738538198,13.7555873325744,13.9940272727489
499,7,7,6.9991059670569,7.0008863014838,7.22618259767824,6.73903007794538,13.9982119341138,14.0017726029676,13.7554762046928,13.9941544350323
499.1,7,7,6.99910648454368,7.00088567650877,7.22619214217254,6.73901985783576,13.9982129690874,14.0017713530175,13.7553651392604,13.9942815166458
499.2,7,7,6.99910700177201,7.00088505198687,7.226201681326,6.73900964430031,13.998214003544,14.0017701039737,13.7552541365779,13.9944085172133
499.3,7,7,6.99910751865913,7.00088442806292,7.22621121342836,6.73899943944208,13.9982150373183,14.0017688561258,13.7551432167379,13.9945354108068
499.4,7,7,6.99910803528949,7.00088380458874,7.22622074022491,6.73898924111167,13.998216070579,14.0017676091775,13.7550323592342,13.9946622239233
499.5,7,7,6.99910855166321,7.00088318156399,7.226230261718,6.73897904930512,13.9982171033264,14.001766363128,13.7549215640385,13.9947889566108
499.6,7,7,6.99910906778039,7.00088255898836,7.22623977790997,6.73896886401847,13.9982181355608,14.0017651179767,13.7548108311227,13.9949156089174
499.7,7,7,6.99910958363981,7.00088193686387,7.22624928877527,6.73895868528207,13.9982191672796,14.0017638737277,13.7547001607863,13.9950421804681
499.8,7,7,6.9991100991589,7.00088131533475,7.22625879260817,6.73894851519134,13.9982201983178,14.0017626306695,13.7545895730675,13.9951686454278
499.9,7,7,6.99911061442191,7.00088069425344,7.22626829114934,6.73893835160468,13.9982212288438,14.0017613885069,13.7544790475156,13.9952950301986
500,7,7,6.99911112942895,7.00088007361961,7.22627778440111,6.73892819451816,13.9982222588579,14.0017601472392,13.7543685841026,13.9954213348283
500.1,7,7,6.99911164418013,7.00087945343295,7.22628727236584,6.73891804392784,13.9982232883603,14.0017589068659,13.7542581828002,13.9955475593649
500.2,7,7,6.99911215867421,7.00087883369547,7.22629675501803,6.73890789986396,13.9982243173484,14.0017576673909,13.7541478439072,13.9956737034346
500.3,7,7,6.99911267282887,7.00087821455077,7.22630623065649,6.7388977644143,13.9982253456577,14.0017564291015,13.7540375874073,13.9957997412947
500.4,7,7,6.99911318672811,7.00087759585194,7.22631570101727,6.73888763544508,13.9982263734562,14.0017551917039,13.7539273929054,13.9959256992529
500.5,7,7,6.99911370037205,7.00087697759865,7.2263251661027,6.73887751295238,13.9982274007441,14.0017539551973,13.7538172603734,13.9960515773568
500.6,7,7,6.9991142137608,7.00087635979057,7.22633462591512,6.73886739693226,13.9982284275216,14.0017527195811,13.7537071897832,13.9961773756541
500.7,7,7,6.99911472689313,7.00087574242974,7.22634408042912,6.73885728741486,13.9982294537863,14.0017514848595,13.7535971814328,13.9963030937725
500.8,7,7,6.99911523968691,7.00087512565911,7.22635352794802,6.73884718648038,13.9982304793738,14.0017502513182,13.7534872552513,13.9964287060613
500.9,7,7,6.99911575222594,7.00087450933242,7.22636297020327,6.7388370920028,13.9982315044519,14.0017490186648,13.7533773908991,13.9965542387339
501,7,7,6.99911626451034,7.00087389344933,7.22637240719719,6.7388270039782,13.9982325290207,14.0017477868987,13.7532675883484,13.9966796918379
501.1,7,7,6.99911677654021,7.00087327800953,7.22638183893212,6.73881692240267,13.9982335530804,14.0017465560191,13.7531578475708,13.9968050654208
501.2,7,7,6.99911728831433,7.00087266301504,7.22639126538271,6.73880684730624,13.9982345766287,14.0017453260301,13.7530481688637,13.9969303591114
501.3,7,7,6.99911779975078,7.00087204860818,7.22640068485681,6.73879678076156,13.9982355995016,14.0017440972164,13.7529385721019,13.997055547351
501.4,7,7,6.99911831093315,7.00087143464333,7.22641009908125,6.73878672065032,13.9982366218663,14.0017428692867,13.7528290370012,13.9971806562591
501.5,7,7,6.99911882186154,7.00087082112017,7.22641950805836,6.73877666696862,13.9982376437231,14.0017416422403,13.7527195635336,13.997305685883
501.6,7,7,6.99911933253607,7.00087020803838,7.22642891179047,6.73876661971258,13.9982386650721,14.0017404160768,13.752610151671,13.9974306362701
501.7,7,7,6.9991198429555,7.00086959539995,7.22643831025231,6.7387565789121,13.998239685911,14.0017391907999,13.7525008017098,13.9975555070507
501.8,7,7,6.99912035303816,7.00086898334662,7.22644770175622,6.73874654663233,13.9982407060763,14.0017379666932,13.7523915334707,13.9976802727571
501.9,7,7,6.99912086286738,7.00086837173339,7.22645708802444,6.73873652076264,13.9982417257348,14.0017367434668,13.7522823267248,13.9978049594157
502,7,7,6.99912137244328,7.00086776055992,7.22646646905931,6.73872650129916,13.9982427448866,14.0017355211198,13.752173181444,13.9979295670735
502.1,7,7,6.99912188176598,7.00086714982591,7.22647584486314,6.73871648823801,13.998243763532,14.0017342996518,13.7520640976004,13.9980540957776
502.2,7,7,6.99912239083425,7.00086653953334,7.22648521541073,6.73870648160899,13.9982447816685,14.0017330790667,13.7519550754895,13.9981785451597
502.3,7,7,6.9991228995666,7.00086592982334,7.22649457901892,6.73869648346975,13.9982457991332,14.0017318596467,13.7518461348781,13.9983028898432
502.4,7,7,6.99912340804618,7.00086532055153,7.22650393740539,6.73868649171733,13.9982468160924,14.0017306411031,13.7517372555921,13.9984271557612
502.5,7,7,6.9991239162731,7.00086471171758,7.22651329057244,6.73867650634787,13.9982478325462,14.0017294234352,13.7516284376036,13.9985513429607
502.6,7,7,6.99912442424746,7.00086410332118,7.2265226385224,6.73866652735751,13.9982488484949,14.0017282066424,13.7515196808849,13.9986754514887
502.7,7,7,6.99912493196804,7.00086349536432,7.22653198123012,6.73865655477595,13.9982498639361,14.0017269907286,13.7514109857304,13.998799480978
502.8,7,7,6.99912543935358,7.0008628879875,7.22654131701695,6.73864659065337,13.9982508787072,14.001725775975,13.7513023718531,13.9989234061427
502.9,7,7,6.999125946487,7.00086228104697,7.22655064759598,6.73863663289444,13.998251892974,14.0017245620939,13.7511938191339,13.9990472528232
503,7,7,6.99912645336841,7.00086167454241,7.22655997296951,6.73862668149533,13.9982529067368,14.0017233490848,13.7510853275451,13.9991710210665
503.1,7,7,6.99912695999791,7.0008610684735,7.22656929313986,6.73861673645217,13.9982539199958,14.001722136947,13.7509768970588,13.9992947109191
503.2,7,7,6.99912746637429,7.00086046284223,7.22657860808196,6.73860679779457,13.9982549327486,14.0017209256845,13.7508685279687,13.9994183220153
503.3,7,7,6.99912797241648,7.0008598577885,7.22658791612164,6.73859686756528,13.998255944833,14.001719715577,13.7507602399339,13.9995418291594
503.4,7,7,6.9991284782072,7.00085925316916,7.2265972189674,6.73858694367656,13.9982569564144,14.0017185063383,13.7506520128903,13.9996652580997
503.5,7,7,6.99912898374656,7.00085864898391,7.22660651662157,6.7385770261246,13.9982579674931,14.0017172979678,13.7505438468101,13.9997886088827
503.6,7,7,6.99912948903466,7.00085804523243,7.22661580908645,6.73856711490555,13.9982589780693,14.0017160904649,13.7504357416655,13.9999118815549
503.7,7,7,6.99912999407028,7.0008574419167,7.22662509633703,6.73855721004892,13.9982599881406,14.0017148838334,13.7503276977496,14.0000350757518
503.8,7,7,6.99913049877258,7.000856839176,7.22663437670363,6.73854731359003,13.9982609975452,14.001713678352,13.7502197346675,14.0001581663678
503.9,7,7,6.99913100322405,7.00085623686782,7.22664365189018,6.73853742344875,13.9982620064481,14.0017124737356,13.7501118324099,14.000281179059
504,7,7,6.9991315074248,7.00085563499185,7.226652921899,6.73852753962126,13.9982630148496,14.0017112699837,13.7500039909492,14.0004041138718
504.1,7,7,6.99913201137493,7.00085503354778,7.22666218673241,6.73851766210372,13.9982640227499,14.0017100670956,13.7498962102575,14.0005269708527
504.2,7,7,6.99913251507324,7.00085443253757,7.22667144636545,6.73850779092555,13.9982650301465,14.0017088650751,13.7497884906271,14.0006497496383
504.3,7,7,6.99913301843906,7.00085383209991,7.2266806991329,6.7384979281147,13.9982660368781,14.0017076641998,13.7496808516096,14.0007724252125
504.4,7,7,6.99913352155471,7.0008532320929,7.22668994673416,6.73848807159857,13.9982670431094,14.0017064641858,13.7495732732503,14.00089502314
504.5,7,7,6.99913402442027,7.00085263251623,7.22669918917153,6.73847822137334,13.9982680488405,14.0017052650325,13.7494657555216,14.001017543467
504.6,7,7,6.99913452703586,7.0008520333696,7.22670842644731,6.73846837743522,13.9982690540717,14.0017040667392,13.7493582983958,14.0011399862397
504.7,7,7,6.99913502940026,7.00085143465495,7.22671765853665,6.7384585398135,13.9982700588005,14.0017028693099,13.7492509021643,14.0012623510961
504.8,7,7,6.99913553143303,7.00085083651037,7.22672688377875,6.7384487105288,13.9982710628661,14.0017016730207,13.7491435863251,14.0013846131092
504.9,7,7,6.99913603321626,7.00085023879459,7.22673610386849,6.73843888751602,13.9982720664325,14.0017004775892,13.7490363309782,14.0015067977526
505,7,7,6.99913653475004,7.0008496415073,7.22674531880815,6.73842907077137,13.9982730695001,14.0016992830146,13.7489291360959,14.0016289050722
505.1,7,7,6.99913703603448,7.00084904464818,7.22675452860004,6.73841926029106,13.998274072069,14.0016980892964,13.7488220016507,14.001750935114
505.2,7,7,6.99913753706838,7.00084844821918,7.22676373321937,6.73840945610428,13.9982750741368,14.0016968964384,13.748714927933,14.0018728875174
505.3,7,7,6.99913803777149,7.0008478523578,7.22677293100979,6.73839966022434,13.998276075543,14.0016957047156,13.7486079343876,14.0019947374443
505.4,7,7,6.99913853822569,7.00084725692336,7.22678212366164,6.73838987059361,13.9982770764514,14.0016945138467,13.7485010011688,14.0021165102772
505.5,7,7,6.99913903843108,7.00084666191555,7.22679131117722,6.73838008720832,13.9982780768622,14.0016933238311,13.7483941282492,14.0022382060619
505.6,7,7,6.99913953838776,7.00084606733408,7.22680049355881,6.7383703100647,13.9982790767755,14.0016921346682,13.748287315601,14.0023598248445
505.7,7,7,6.99914003809454,7.00084547318087,7.22680967078168,6.73836053919183,13.9982800761891,14.0016909463617,13.7481805635141,14.0024813662654
505.8,7,7,6.99914053747136,7.00084487959282,7.22681884119396,6.73835077659574,13.9982810749427,14.0016897591856,13.7480738913797,14.0026028055749
505.9,7,7,6.99914103659991,7.00084428642988,7.22682800648142,6.73834102022625,13.9982820731998,14.0016885728598,13.7479672794067,14.0027241680653
506,7,7,6.99914153548027,7.00084369369174,7.22683716664638,6.73833127007961,13.9982830709605,14.0016873873835,13.7478607275676,14.0028454537821
506.1,7,7,6.99914203411256,7.00084310137808,7.22684632169112,6.73832152615205,13.9982840682251,14.0016862027562,13.7477542358347,14.0029666627711
506.2,7,7,6.99914253249557,7.00084250949084,7.22685547159097,6.73831178847255,13.9982850649911,14.0016850189817,13.7476478044971,14.0030877946741
506.3,7,7,6.99914303054948,7.00084191816634,7.22686461469848,6.7383020590399,13.998286061099,14.0016838363327,13.747541452893,14.0032088248296
506.4,7,7,6.99914352835572,7.0008413272651,7.22687375269493,6.73829233581132,13.9982870567114,14.0016826545302,13.7474351612851,14.0033297784396
506.5,7,7,6.99914402591441,7.00084073678683,7.22688288558261,6.73828261878309,13.9982880518288,14.0016814735737,13.7473289296462,14.0034506555496
506.6,7,7,6.99914452322566,7.00084014673121,7.22689201336381,6.73827290795144,13.9982890464513,14.0016802934624,13.7472227579488,14.0035714562051
506.7,7,7,6.99914502028826,7.00083955710018,7.22690113601392,6.73826320334527,13.9982900405765,14.0016791142004,13.747116646481,14.0036921800491
506.8,7,7,6.99914551702257,7.00083896802946,7.22691025188992,6.73825350695611,13.9982910340451,14.0016779360589,13.7470106145278,14.003812802508
506.9,7,7,6.99914601350986,7.00083837938018,7.22691936266859,6.73824381674861,13.9982920270197,14.0016767587604,13.7469046424063,14.0039333486941
507,7,7,6.99914650975022,7.00083779115205,7.22692846835219,6.73823413271903,13.9982930195004,14.0016755823041,13.7467987300892,14.0040538186525
507.1,7,7,6.99914700574375,7.00083720334476,7.22693756894302,6.73822445486364,13.9982940114875,14.0016744066895,13.746692877549,14.0041742124287
507.2,7,7,6.99914750148926,7.00083661596021,7.22694666441655,6.73821478321122,13.9982950029785,14.0016732319204,13.7465870850731,14.004294529667
507.3,7,7,6.99914799690732,7.00083602913357,7.22695575313416,6.73820511974611,13.9982959938146,14.0016720582671,13.7464813718935,14.0044147458811
507.4,7,7,6.99914849207897,7.00083544272655,7.22696483676811,6.73819546244032,13.9982969841579,14.0016708854531,13.7463757183814,14.0045348860939
507.5,7,7,6.99914898700431,7.00083485673887,7.22697391532071,6.73818581129012,13.9982979740086,14.0016697134777,13.7462701245094,14.0046549503505
507.6,7,7,6.99914948168345,7.00083427117021,7.22698298879421,6.73817616629181,13.9982989633669,14.0016685423404,13.7461645902501,14.004774938696
507.7,7,7,6.99914997611519,7.00083368602249,7.22699205716417,6.73816652747405,13.9982999522304,14.001667372045,13.7460591158902,14.004894850776
507.8,7,7,6.99915047022029,7.00083310143026,7.22700111879636,6.73815689681402,13.9983009404406,14.0016662028605,13.7459537206086,14.0050146621914
507.9,7,7,6.99915096407961,7.00083251725586,7.22701017535857,6.73814727229106,13.9983019281592,14.0016650345117,13.7458483848306,14.005134397876
508,7,7,6.99915145769323,7.00083193349899,7.22701922685308,6.73813765390146,13.9983029153865,14.001663866998,13.7457431085288,14.0052540578746
508.1,7,7,6.99915195106127,7.00083135015934,7.22702827328215,6.73812804164152,13.9983039021225,14.0016627003187,13.7456378916759,14.0053736422323
508.2,7,7,6.99915244418253,7.00083076723881,7.22703731462141,6.73811843553981,13.9983048883651,14.0016615344776,13.7455327345576,14.0054931505958
508.3,7,7,6.99915293697798,7.00083018487139,7.22704634924102,6.73810883756637,13.998305873956,14.0016603697428,13.7454276563004,14.0056125586529
508.4,7,7,6.99915342952826,7.00082960292,7.2270553788043,6.73809924570784,13.9983068590565,14.00165920584,13.745322637383,14.0057318912486
508.5,7,7,6.99915392183345,7.00082902138434,7.22706440331351,6.73808965996052,13.9983078436669,14.0016580427687,13.7452176777783,14.0058511484276
508.6,7,7,6.99915441389368,7.00082844026411,7.22707342277092,6.73808008032073,13.9983088277874,14.0016568805282,13.7451127774589,14.0059703302347
508.7,7,7,6.99915490570774,7.00082785956121,7.2270824371522,6.73807050681693,13.9983098114155,14.0016557191224,13.7450079367099,14.0060894363179
508.8,7,7,6.99915539719681,7.00082727940903,7.22709144483194,6.73806094141207,13.9983107943936,14.0016545588181,13.744903174605,14.0062084424515
508.9,7,7,6.99915588844131,7.0008266996711,7.22710044746896,6.73805138210003,13.9983117768826,14.0016533993422,13.7447984716766,14.006327373392
509,7,7,6.99915637944135,7.0008261203471,7.22710944506552,6.73804182887715,13.9983127588827,14.0016522406942,13.7446938278976,14.006446229184
509.1,7,7,6.99915687019702,7.00082554143676,7.22711843762389,6.73803228173976,13.998313740394,14.0016510828735,13.7445892432409,14.0065650098721
509.2,7,7,6.99915736070715,7.00082496294195,7.22712742511981,6.73802274071622,13.9983147214143,14.0016499258839,13.7444847179905,14.0066837151056
509.3,7,7,6.9991578508931,7.0008243849955,7.22713640593225,6.73801320776239,13.9983157017862,14.001648769991,13.7443802711677,14.0068023207449
509.4,7,7,6.99915834083508,7.00082380746151,7.22714538171554,6.73800368087939,13.9983166816702,14.001647614923,13.7442758833585,14.0069208514583
509.5,7,7,6.99915883053322,7.00082323033969,7.22715435247197,6.73799416006359,13.9983176610664,14.0016464606794,13.7441715545358,14.0070393072904
509.6,7,7,6.9991593199876,7.00082265362975,7.22716331820378,6.73798464531132,13.9983186399752,14.0016453072595,13.7440672846725,14.0071576882855
509.7,7,7,6.99915980919704,7.00082207733354,7.22717227888679,6.73797513665084,13.9983196183941,14.0016441546671,13.7439630740518,14.0072759940942
509.8,7,7,6.9991602980831,7.00082150158335,7.22718123290434,6.73796563603097,13.9983205961662,14.0016430031667,13.7438589416427,14.0073942006626
509.9,7,7,6.99916078672582,7.00082092624385,7.22719018190631,6.73795614146004,13.9983215734516,14.0016418524877,13.7437548680846,14.0075123325715
510,7,7,6.99916127512529,7.00082035131475,7.22719912589497,6.73794665293441,13.9983225502506,14.0016407026295,13.7436508533505,14.0076303898651
510.1,7,7,6.9991617632816,7.00081977679575,7.22720806487258,6.73793717045045,13.9983235265632,14.0016395535915,13.7435468974132,14.0077483725877
510.2,7,7,6.9991622511936,7.00081920268872,7.227216998815,6.73792769403632,13.9983245023872,14.0016384053774,13.7434430005553,14.0078662803911
510.3,7,7,6.99916273878301,7.00081862912536,7.22722592610994,6.7379182256338,13.998325477566,14.0016372582507,13.7433391816933,14.0079840893066
510.4,7,7,6.99916322612968,7.00081805597094,7.22723484840285,6.73790876325841,13.9983264522594,14.0016361119419,13.74323542152,14.0081018238279
510.5,7,7,6.9991637132337,7.00081748322514,7.22724376569598,6.73789930690653,13.9983274264674,14.0016349664503,13.7431317200085,14.008219483999
510.6,7,7,6.99916420009518,7.0008169108877,7.22725267799158,6.73788985657455,13.9983284001904,14.0016338217754,13.7430280771316,14.0083370698639
510.7,7,7,6.99916468671294,7.00081633896046,7.2272615852656,6.73788041229051,13.9983293734259,14.0016326779209,13.7429244931712,14.0084545810757
510.8,7,7,6.99916517300892,7.00081576757455,7.22727048591009,6.7378709759892,13.9983303460178,14.0016315351491,13.7428209869915,14.0085719937509
510.9,7,7,6.99916565906275,7.00081519659583,7.22727938156606,6.73786154569331,13.9983313181255,14.0016303931917,13.7427175393386,14.008689332296
511,7,7,6.99916614487454,7.00081462602399,7.22728827223575,6.73785212139923,13.9983322897491,14.001629252048,13.7426141501856,14.0088065967549
511.1,7,7,6.99916663044438,7.00081405585875,7.22729715792142,6.73784270310334,13.9983332608888,14.0016281117175,13.7425108195054,14.0089237871715
511.2,7,7,6.9991671157711,7.00081348610195,7.22730603859908,6.7378332908336,13.9983342315422,14.0016269722039,13.742407547579,14.0090409032
511.3,7,7,6.99916760077684,7.00081291688417,7.22731491266512,6.73782388651784,13.9983352015537,14.0016258337683,13.7423043532186,14.0091579210418
511.4,7,7,6.99916808554103,7.00081234807182,7.22732378175613,6.73781448818586,13.9983361710821,14.0016246961436,13.7422012172234,14.0092748650166
511.5,7,7,6.99916857006378,7.00081177966462,7.22733264587434,6.73780509583407,13.9983371401276,14.0016235593292,13.7420981395665,14.0093917351682
511.6,7,7,6.99916905434518,7.00081121166227,7.22734150502201,6.73779570945886,13.9983381086904,14.0016224233245,13.741995120221,14.0095085315403
511.7,7,7,6.99916953838406,7.00081064406662,7.2273503591752,6.73778632908811,13.9983390767681,14.0016212881332,13.7418921594671,14.0096252537884
511.8,7,7,6.99917002210274,7.00081007700768,7.22735920673467,6.73777695664269,13.9983400442055,14.0016201540154,13.7417892760648,14.0097418781982
511.9,7,7,6.99917050558047,7.00080951035243,7.22736804933256,6.7377675901595,13.9983410111609,14.0016190207049,13.7416864508664,14.0098584290032
512,7,7,6.99917098881736,7.0008089441006,7.22737688697111,6.73775822963496,13.9983419776347,14.0016178882012,13.7415836838451,14.0099749062469
512.1,7,7,6.99917147181348,7.00080837825188,7.22738571965256,6.73774887506549,13.998342943627,14.0016167565038,13.7414809749741,14.0100913099729
512.2,7,7,6.99917195456769,7.00080781280813,7.22739454735306,6.73773952647885,13.9983439091354,14.0016156256163,13.7413783245327,14.0102076398379
512.3,7,7,6.99917243700249,7.00080724789878,7.22740336847768,6.73773018578901,13.998344874005,14.0016144957976,13.7412757512291,14.0103238722117
512.4,7,7,6.99917291919693,7.00080668339141,7.22741218465415,6.73772085103995,13.9983458383939,14.0016133667828,13.7411732359685,14.0104400312418
512.5,7,7,6.99917340115111,7.00080611928572,7.22742099588471,6.73771152222809,13.9983468023022,14.0016122385714,13.7410707787241,14.0105561169715
512.6,7,7,6.99917388286513,7.00080555558143,7.2274298021716,6.73770219934986,13.9983477657303,14.0016111111629,13.7409683794692,14.0106721294444
512.7,7,7,6.99917436433782,7.00080499228036,7.22743860349102,6.73769288243294,13.9983487286756,14.0016099845607,13.7408660384822,14.0107880683181
512.8,7,7,6.99917484549189,7.00080442951141,7.22744739825238,6.7376835733844,13.9983496909838,14.0016088590228,13.7407637744197,14.0109039100464
512.9,7,7,6.9991753264062,7.00080386714272,7.227456188079,6.73767427025526,13.9983506528124,14.0016077342854,13.7406615682397,14.0110196786911
513,7,7,6.99917580708083,7.000803305174,7.22746497297311,6.73766497304195,13.9983516141617,14.001606610348,13.7405594199153,14.0111353742954
513.1,7,7,6.99917628751589,7.00080274360496,7.22747375293695,6.73765568174094,13.9983525750318,14.0016054872099,13.7404573294198,14.0112509969026
513.2,7,7,6.99917676771021,7.00080218243741,7.22748252794678,6.73764639637979,13.9983535354204,14.0016043648748,13.7403552970311,14.0113665461716
513.3,7,7,6.99917724758669,7.00080162179972,7.22749129641633,6.73763711885871,13.9983544951734,14.0016032435994,13.7402533413539,14.0114819986395
513.4,7,7,6.99917772722399,7.00080106156058,7.22750005996452,6.73762784723573,13.998355454448,14.0016021231212,13.7401514433989,14.011597378283
513.5,7,7,6.9991782066222,7.00080050171968,7.22750881859358,6.73761858150732,13.9983564132444,14.0016010034394,13.7400496031394,14.0117126851449
513.6,7,7,6.99917868578143,7.00079994227677,7.22751757230573,6.73760932166994,13.9983573715629,14.0015998845535,13.7399478205487,14.0118279192684
513.7,7,7,6.99917916470052,7.00079938323363,7.22752632107732,6.73760006775106,13.998358329401,14.0015987664673,13.7398460959037,14.0119430803137
513.8,7,7,6.99917964330254,7.00079882471809,7.22753506332637,6.73759082164406,13.9983592866051,14.0015976494362,13.7397444477578,14.0120581449011
513.9,7,7,6.99918012166596,7.00079826659939,7.22754380066741,6.73758158141397,13.9983602433319,14.0015965331988,13.7396428571742,14.012173136922
514,7,7,6.99918059979088,7.00079770887724,7.22755253310267,6.73757234705724,13.9983611995818,14.0015954177545,13.7395413241262,14.0122880564192
514.1,7,7,6.9991810776774,7.00079715155137,7.22756126063437,6.73756311857037,13.9983621553548,14.0015943031027,13.7394398485872,14.0124029034358
514.2,7,7,6.99918155532436,7.00079659462357,7.22756998323892,6.73755389598072,13.9983631106487,14.0015931892471,13.7393384308335,14.0125176776331
514.3,7,7,6.99918203265503,7.00079603822111,7.22757869933864,6.73754468117487,13.9983640653101,14.0015920764422,13.7392370893667,14.0126323557142
514.4,7,7,6.99918250974768,7.0007954822138,7.22758741054368,6.73753547222481,13.9983650194954,14.0015909644276,13.7391358053026,14.0127469614859
514.5,7,7,6.99918298660242,7.00079492660136,7.22759611685626,6.73752626912701,13.9983659732048,14.0015898532027,13.7390345786146,14.0128614949909
514.6,7,7,6.99918346321934,7.00079437138349,7.2276048182786,6.73751707187797,13.9983669264387,14.001588742767,13.7389334092762,14.0129759562719
514.7,7,7,6.99918393959728,7.00079381656201,7.22761351478718,6.73750788050496,13.9983678791946,14.001587633124,13.7388322975627,14.0130903449915
514.8,7,7,6.9991844156597,7.00079326226362,7.22762220480859,6.73749869688779,13.9983688313194,14.0015865245272,13.7387312619247,14.0132046379353
514.9,7,7,6.99918489148468,7.00079270835869,7.22763088994863,6.73748951910536,13.9983697829694,14.0015854167174,13.7386302835301,14.0133188588258
515,7,7,6.99918536707233,7.00079215484694,7.22763957020951,6.73748034715418,13.9983707341447,14.0015843096939,13.7385293623524,14.0134330077055
515.1,7,7,6.99918584242273,7.00079160172809,7.22764824559344,6.73747118103074,13.9983716848455,14.0015832034562,13.7384284983652,14.0135470846169
515.2,7,7,6.99918631753474,7.00079104900393,7.22765691607696,6.73746202076223,13.9983726350695,14.0015820980079,13.738327691843,14.0136610892239
515.3,7,7,6.999186792332,7.00079049680064,7.22766558009096,6.73745286822171,13.998373584664,14.0015809936013,13.7382269611851,14.0137749983942
515.4,7,7,6.99918726689239,7.00078994498913,7.22767423923686,6.73744372149497,13.9983745337848,14.0015798899783,13.7381262876118,14.0138888357661
515.5,7,7,6.99918774121603,7.00078939356912,7.22768289351687,6.73743458057854,13.9983754824321,14.0015787871382,13.7380256710965,14.0140026013822
515.6,7,7,6.999188215303,7.00078884254035,7.2276915429332,6.73742544546893,13.998376430606,14.0015776850807,13.7379251116129,14.0141162952848
515.7,7,7,6.99918868915216,7.00078829190457,7.22770018746246,6.73741631619322,13.9983773783043,14.0015765838091,13.7378246094348,14.0142299171388
515.8,7,7,6.99918916268732,7.00078774178745,7.22770882553979,6.73740719461775,13.9983783253746,14.0015754835749,13.7377241829102,14.0143434438939
515.9,7,7,6.9991896359862,7.00078719206044,7.22771745876228,6.7373980788352,13.9983792719724,14.0015743841209,13.7376238133117,14.0144568991048
516,7,7,6.9991901090489,7.00078664272326,7.22772608713212,6.7373889688421,13.9983802180978,14.0015732854465,13.7375235006127,14.0145702828136
516.1,7,7,6.9991905818755,7.00078609377565,7.22773471065151,6.73737986463498,13.998381163751,14.0015721875513,13.737423244787,14.0146835950628
516.2,7,7,6.99919105446486,7.00078554521937,7.22774332929714,6.73737076624083,13.9983821089297,14.0015710904387,13.7373230461075,14.0147968355183
516.3,7,7,6.999191526741,7.00078499717952,7.22775194150841,6.73736167551928,13.998383053482,14.001569994359,13.7372229228714,14.0149099812113
516.4,7,7,6.99919199878142,7.00078444952813,7.22776054887806,6.73735259056986,13.9983839975628,14.0015688990563,13.737122856403,14.0150230556131
516.5,7,7,6.99919247058623,7.00078390226492,7.22776915140828,6.73734351138912,13.9983849411725,14.0015678045298,13.737022846676,14.015136058766
516.6,7,7,6.99919294215552,7.00078335538961,7.22777774910128,6.73733443797359,13.998385884311,14.0015667107792,13.7369228936642,14.0152489907118
516.7,7,7,6.99919341348814,7.00078280890396,7.22778634193378,6.73732537035018,13.9983868269763,14.0015656178079,13.7368229976397,14.015361851118
516.8,7,7,6.99919388450829,7.00078226293255,7.22779492834946,6.73731631037185,13.9983877690166,14.0015645258651,13.7367231768488,14.0154746170967
516.9,7,7,6.99919435529331,7.00078171734795,7.22780350993671,6.73730725614494,13.9983887105866,14.0015634346959,13.7366234126678,14.0155873120365
517,7,7,6.99919482584327,7.00078117214987,7.22781208669773,6.73729820766602,13.9983896516865,14.0015623442997,13.7365237050704,14.0156999359791
517.1,7,7,6.99919529615828,7.00078062733804,7.22782065863471,6.73728916493164,13.9983905923166,14.0015612546761,13.7364240540303,14.0158124889666
517.2,7,7,6.9991957662372,7.00078008291423,7.22782922572444,6.7372801279686,13.9983915324744,14.0015601658285,13.736324459819,14.0159249706673
517.3,7,7,6.9991962360044,7.00077953900246,7.22783778641486,6.73727109862323,13.9983924720088,14.0015590780049,13.736224940632,14.0160373582745
517.4,7,7,6.99919670553703,7.00077899547585,7.22784634229001,6.73726207500866,13.9983934110741,14.0015579909517,13.7361254778973,14.0161496750938
517.5,7,7,6.99919717483519,7.00077845233413,7.2278548933521,6.73725305712147,13.9983943496704,14.0015569046683,13.7360260715887,14.016261921167
517.6,7,7,6.99919764389895,7.00077790957701,7.2278634396033,6.73724404495822,13.9983952877979,14.001555819154,13.7359267216801,14.0163740965358
517.7,7,7,6.99919811272719,7.00077736720625,7.22787198102049,6.73723503854562,13.9983962254544,14.0015547344125,13.735827428442,14.0164862008698
517.8,7,7,6.99919858124447,7.00077682534537,7.22788051605583,6.73722603972338,13.9983971624889,14.0015536506907,13.7357282100193,14.0165982114428
517.9,7,7,6.99919904952774,7.00077628386801,7.22788904628905,6.73721704661141,13.9983980990555,14.001552567736,13.7356290478917,14.0167101514781
518,7,7,6.99919951757709,7.00077574277389,7.22789757172233,6.73720805920628,13.9983990351542,14.0015514855478,13.7355299420331,14.0168220210173
518.1,7,7,6.99919998539263,7.00077520206275,7.22790609235787,6.73719907750459,13.9983999707853,14.0015504041255,13.7354308924174,14.016933820102
518.2,7,7,6.9992004529732,7.00077466173633,7.2279146081726,6.73719010153294,13.9984009059464,14.0015493234727,13.7353318993143,14.0170455484028
518.3,7,7,6.99920092024356,7.00077412191762,7.22792311762289,6.73718113312445,13.9984018404871,14.0015482438352,13.7352329808182,14.0171571832739
518.4,7,7,6.99920138728048,7.0007735824808,7.22793162228419,6.73717217040576,13.998402774561,14.0015471649616,13.7351341184604,14.0172687478565
518.5,7,7,6.99920185408404,7.0007730434256,7.22794012215866,6.73716321337348,13.9984037081681,14.0015460868512,13.7350353122147,14.017380242192
518.6,7,7,6.99920232065434,7.00077250475175,7.2279486172485,6.7371542620242,13.9984046413087,14.0015450095035,13.734936562055,14.0174916663218
518.7,7,7,6.99920278699026,7.00077196646098,7.2279571075307,6.73714531638443,13.9984055739805,14.001543932922,13.7348378682507,14.0176030199178
518.8,7,7,6.9992032530167,7.00077142867577,7.22796559146586,6.73713637828073,13.9984065060334,14.0015428573515,13.7347392488452,14.0177142804141
518.9,7,7,6.99920371881025,7.00077089127083,7.22797407062511,6.73712744584647,13.9984074376205,14.0015417825417,13.7346406854215,14.0178254708701
519,7,7,6.99920418437102,7.00077035424589,7.22798254501062,6.73711851907824,13.998408368742,14.0015407084918,13.7345421779534,14.017936591327
519.1,7,7,6.99920464969909,7.00076981760068,7.22799101462458,6.73710959797265,13.9984092993982,14.0015396352014,13.734443726415,14.0180476418262
519.2,7,7,6.99920511479332,7.00076928133692,7.22799947944404,6.73710068255614,13.9984102295866,14.0015385626738,13.7343453310747,14.0181586220407
519.3,7,7,6.99920557957883,7.00076874557658,7.22800793793383,6.73709177464872,13.9984111591577,14.0015374911532,13.7342470099258,14.0182695094841
519.4,7,7,6.99920604413201,7.0007682101949,7.22801639166077,6.73708287239043,13.998412088264,14.0015364203898,13.7341487446024,14.0183803271344
519.5,7,7,6.99920650845296,7.0007676751916,7.22802484062703,6.73707397577789,13.9984130169059,14.0015353503832,13.7340505350785,14.0184910750329
519.6,7,7,6.99920697254177,7.00076714056642,7.22803328483479,6.73706508480773,13.9984139450835,14.0015342811328,13.7339523813283,14.0186017532205
519.7,7,7,6.99920743639731,7.00076660632109,7.22804172426117,6.73705619950628,13.9984148727946,14.0015332126422,13.7338542836193,14.0187123613715
519.8,7,7,6.99920789994486,7.00076607257703,7.2280501573752,6.73704732168704,13.9984157998897,14.0015321451541,13.7337562598945,14.0188228770788
519.9,7,7,6.99920836326064,7.00076553921002,7.22805858573941,6.73703844949671,13.9984167265213,14.00153107842,13.7336582918395,14.0189333232394
520,7,7,6.99920882634474,7.0007650062198,7.22806700935599,6.73702958293193,13.9984176526895,14.0015300124396,13.7335603794282,14.0190436998943
520.1,7,7,6.99920928919726,7.00076447360609,7.22807542822709,6.73702072198934,13.9984185783945,14.0015289472122,13.7334625226348,14.0191540070843
520.2,7,7,6.99920975181706,7.00076394137062,7.2280838423299,6.73701186669518,13.9984195036341,14.0015278827412,13.7333647217261,14.0192642444848
520.3,7,7,6.99921021412961,7.0007634096343,7.22809225013765,6.73700301885645,13.9984204282592,14.0015268192686,13.7332669945951,14.0193743897679
520.4,7,7,6.99921067621095,7.00076287827343,7.2281006532086,6.7369941766265,13.9984213524219,14.0015257565469,13.7331693229782,14.0194844657496
520.5,7,7,6.99921113806116,7.00076234728775,7.22810905154491,6.73698534000198,13.9984222761223,14.0015246945755,13.7330717068497,14.0195944724707
520.6,7,7,6.99921159968034,7.00076181667699,7.22811744514875,6.73697650897954,13.9984231993607,14.001523633354,13.7329741461837,14.019704409972
520.7,7,7,6.99921206106737,7.00076128644287,7.22812583399736,6.73696768358531,13.9984241221347,14.0015225728857,13.7328766412462,14.01981427793
520.8,7,7,6.99921252214788,7.00076075670578,7.22813421656817,6.73695886561987,13.9984250442958,14.0015215134116,13.7327792098801,14.0199240540954
520.9,7,7,6.99921298299772,7.00076022734255,7.22814259441516,6.73695005324314,13.9984259659954,14.0015204546851,13.7326818338731,14.0200337612039
521,7,7,6.99921344361699,7.00075969835293,7.22815096754049,6.73694124645179,13.998426887234,14.0015193967059,13.7325845131993,14.0201433992961
521.1,7,7,6.99921390400579,7.00075916973664,7.22815933594632,6.73693244524249,13.9984278080116,14.0015183394733,13.7324872478329,14.0202529684125
521.2,7,7,6.99921436416297,7.00075864149539,7.22816769960997,6.73692364964129,13.9984287283259,14.0015172829908,13.7323900380392,14.0203624682309
521.3,7,7,6.99921482401438,7.00075811374907,7.22817605701302,6.73691486144231,13.9984296480288,14.0015162274981,13.7322929016113,14.0204718765803
521.4,7,7,6.99921528363566,7.00075758637503,7.22818440970522,6.73690607881206,13.9984305672713,14.0015151727501,13.7321958203876,14.0205812161163
521.5,7,7,6.99921574302693,7.00075705937302,7.22819275768871,6.73689730174724,13.9984314860539,14.001514118746,13.7320987943423,14.0206904868792
521.6,7,7,6.99921620218826,7.00075653274276,7.22820110096565,6.7368885302445,13.9984324043765,14.0015130654855,13.7320018234497,14.0207996889096
521.7,7,7,6.99921666111855,7.00075600648595,7.22820943951342,6.73687976432983,13.9984333222371,14.0015120129719,13.7319049079743,14.0209088218862
521.8,7,7,6.99921711974377,7.00075548072198,7.22821777181777,6.73687100579091,13.9984342394875,14.001510961444,13.7318080656594,14.0210178637162
521.9,7,7,6.99921757813943,7.00075495532871,7.2282260994242,6.73686225280084,13.9984351562789,14.0015099106574,13.7317112783943,14.0211268369753
522,7,7,6.99921803630562,7.0007544303059,7.22823442233485,6.7368535053563,13.9984360726112,14.0015088606118,13.7316145461531,14.0212357417037
522.1,7,7,6.99921849424242,7.00075390565327,7.22824274055187,6.73684476345398,13.9984369884848,14.0015078113065,13.7315178689102,14.0213445779419
522.2,7,7,6.99921895194872,7.00075338137251,7.2282510540527,6.73683602711974,13.9984379038974,14.001506762745,13.7314212469294,14.0214533453695
522.3,7,7,6.99921940935068,7.00075285758251,7.22825936132727,6.73682729813493,13.9984388187014,14.001505715165,13.7313246979043,14.0215620219718
522.4,7,7,6.99921986652363,7.00075233416165,7.22826766391682,6.73681857467914,13.9984397330473,14.0015046683233,13.7312282037747,14.0216706302447
522.5,7,7,6.99922032346764,7.00075181110967,7.22827596182348,6.73680985674906,13.9984406469353,14.0015036222193,13.7311317645151,14.0217791702284
522.6,7,7,6.99922078018282,7.00075128842631,7.22828425504941,6.73680114434142,13.9984415603656,14.0015025768526,13.7310353800996,14.021887641963
522.7,7,7,6.99922123666805,7.00075076611325,7.22829254357211,6.73679243748197,13.9984424733361,14.0015015322265,13.7309390507916,14.0219960451296
522.8,7,7,6.99922169284966,7.00075024428887,7.22830082588566,6.7367837379457,13.9984433856993,14.0015004885777,13.7308427942347,14.0221043577907
522.9,7,7,6.9992221488028,7.00074972283208,7.22830910352706,6.7367750439187,13.9984442976056,14.0014994456642,13.7307465924196,14.0222126023631
523,7,7,6.99922260452755,7.00074920174261,7.22831737649845,6.7367663553977,13.9984452090551,14.0014984034852,13.7306504453207,14.0223207788868
523.1,7,7,6.99922306002401,7.00074868102021,7.22832564480198,6.73675767237941,13.998446120048,14.0014973620404,13.7305543529123,14.0224288874018
523.2,7,7,6.99922351529105,7.00074816066654,7.22833390841521,6.73674899488951,13.9984470305821,14.0014963213331,13.7304583154568,14.0225369275902
523.3,7,7,6.99922397025521,7.00074764079949,7.22834216583636,6.73674032469664,13.9984479405104,14.001495281599,13.7303623505486,14.0226448775918
523.4,7,7,6.99922442499143,7.00074712129847,7.22835041859822,6.73673165999338,13.9984488499829,14.0014942425969,13.7302664402287,14.0227527597444
523.5,7,7,6.99922487949981,7.00074660216323,7.22835866670291,6.73672300077647,13.9984497589996,14.0014932043265,13.7301705844715,14.022860574088
523.6,7,7,6.99922533378044,7.0007460833935,7.22836691015258,6.73671434704262,13.9984506675609,14.001492166787,13.7300747832515,14.0229683206622
523.7,7,7,6.9992257878322,7.00074556499095,7.22837514892486,6.73670569881744,13.9984515756644,14.0014911299819,13.7299790368303,14.0230759991504
523.8,7,7,6.99922624158178,7.00074504707297,7.2283833815221,6.73669705786325,13.9984524831636,14.0014900941459,13.7298833627529,14.0231835877692
523.9,7,7,6.99922669510398,7.00074452951948,7.22839160947287,6.73668842237909,13.998453390208,14.001489059039,13.7297877431107,14.0232911087779
524,7,7,6.99922714839886,7.00074401233021,7.22839983277929,6.73667979236168,13.9984542967977,14.0014880246604,13.7296921778781,14.0233985622162
524.1,7,7,6.99922760146653,7.00074349550492,7.22840805144351,6.73667116780779,13.9984552029331,14.0014869910098,13.7295966670296,14.0235059481237
524.2,7,7,6.99922805430588,7.00074297904526,7.22841626544321,6.73666254874292,13.9984561086118,14.0014859580905,13.7295012108262,14.0236132661846
524.3,7,7,6.99922850684378,7.00074246306813,7.22842447328488,6.7366539369231,13.9984570136876,14.0014849261363,13.7294058267636,14.0237204946926
524.4,7,7,6.99922895915481,7.00074194745395,7.22843267649287,6.73664533055378,13.9984579183096,14.0014838949079,13.7293104969833,14.0238276558282
524.5,7,7,6.99922941123908,7.00074143220246,7.22844087506932,6.73663672963174,13.9984588224782,14.0014828644049,13.7292152214599,14.0239347496311
524.6,7,7,6.99922986309667,7.00074091731341,7.22844906901634,6.73662813415373,13.9984597261933,14.0014818346268,13.729120000168,14.0240417761409
524.7,7,7,6.99923031472648,7.00074040278846,7.2284572583117,6.73661954414515,13.998460629453,14.0014808055769,13.7290248333678,14.0241487350428
524.8,7,7,6.99923076605554,7.00073988874399,7.228465441466,6.73661096135579,13.9984615321111,14.001479777488,13.7289297385057,14.0242556047067
524.9,7,7,6.99923121715828,7.00073937506095,7.22847361999939,6.73660238399751,13.9984624343166,14.0014787501219,13.7288346977735,14.0243624072354
525,7,7,6.99923166803479,7.00073886173907,7.228481793914,6.73659381206708,13.9984633360696,14.0014777234781,13.7287397111458,14.0244691426681
525.1,7,7,6.99923211868516,7.00073834877811,7.22848996321195,6.73658524556127,13.9984642373703,14.0014766975562,13.7286447785972,14.0245758110443
525.2,7,7,6.99923256910828,7.0007378361797,7.22849812787106,6.73657668450539,13.9984651382166,14.0014756723594,13.7285499003872,14.0246824120505
525.3,7,7,6.99923301923137,7.00073732405976,7.22850628640604,6.736568130643,13.9984660384627,14.0014746481195,13.7284550939132,14.0247889241324
525.4,7,7,6.99923346912867,7.00073681229972,7.22851444033286,6.73655958219234,13.9984669382573,14.0014736245994,13.728360341417,14.0248953693151
525.5,7,7,6.99923391880027,7.00073630089933,7.22852258965363,6.73655103915018,13.9984678376005,14.0014726017987,13.7282656428733,14.0250017476379
525.6,7,7,6.99923436824626,7.00073578985833,7.22853073437049,6.73654250151331,13.9984687364925,14.0014715797167,13.7281709982567,14.0251080591399
525.7,7,7,6.99923481746554,7.00073527917836,7.2285388744613,6.73653396930694,13.9984696349311,14.0014705583567,13.7280764078258,14.0252143035087
525.8,7,7,6.9992352663855,7.00073476897485,7.22854700844488,6.73652544426844,13.998470532771,14.0014695379497,13.7279818889293,14.0253204592658
525.9,7,7,6.9992357150802,7.00073425912972,7.22855513783301,6.73651692462238,13.9984714301604,14.0014685182594,13.7278874238589,14.025426548359
526,7,7,6.99923616354974,7.00073374964272,7.22856326262781,6.73650841036556,13.9984723270995,14.0014674992854,13.7277930125891,14.0255325708271
526.1,7,7,6.9992366117942,7.00073324051361,7.2285713828314,6.73649990149476,13.9984732235884,14.0014664810272,13.7276986550949,14.0256385267094
526.2,7,7,6.99923705981248,7.00073273174401,7.22857949842172,6.73649139803514,13.998474119625,14.001465463488,13.727604351634,14.0257444156944
526.3,7,7,6.99923750753214,7.00073222344886,7.22858760792167,6.73648290171784,13.9984750150643,14.0014644468977,13.7275101195062,14.0258502163792
526.4,7,7,6.99923795502708,7.00073171551059,7.22859571283885,6.73647441077378,13.9984759100542,14.0014634310212,13.727415941053,14.0259559506342
526.5,7,7,6.99923840229738,7.00073120792894,7.2286038131754,6.73646592519976,13.9984768045948,14.0014624158579,13.7273218162491,14.0260616184983
526.6,7,7,6.99923884934314,7.00073070070367,7.22861190893341,6.73645744499259,13.9984776986863,14.0014614014073,13.7272277450695,14.0261672200105
526.7,7,7,6.99923929616325,7.00073019383641,7.2286200000909,6.73644897017732,13.9984785923265,14.0014603876728,13.727133727771,14.0262727548605
526.8,7,7,6.99923974268544,7.0007296874416,7.22862808517484,6.73644050247895,13.9984794853709,14.0014593748832,13.727039781605,14.0263782017205
526.9,7,7,6.99924018898344,7.00072918140216,7.22863616568869,6.73643204013468,13.9984803779669,14.0014583628043,13.7269458889624,14.026483582384
527,7,7,6.99924063505733,7.00072867571786,7.22864424163456,6.73642358314133,13.9984812701147,14.0014573514357,13.7268520498181,14.0265888968899
527.1,7,7,6.9992410809072,7.00072817038844,7.22865231301455,6.73641513149574,13.9984821618144,14.0014563407769,13.726758264147,14.0266941452769
527.2,7,7,6.99924152653196,7.00072766541551,7.22866037980673,6.73640668522285,13.9984830530639,14.001455330831,13.7266645322054,14.0267993272359
527.3,7,7,6.99924197185949,7.00072716091305,7.22866844054215,6.73639824604152,13.998483943719,14.0014543218261,13.7265708711959,14.0269044215138
527.4,7,7,6.99924241696336,7.00072665676448,7.22867649672012,6.73638981219525,13.9984848339267,14.001453313529,13.7264772635591,14.0270094498278
527.5,7,7,6.99924286184365,7.00072615296955,7.22868454834274,6.73638138368086,13.9984857236873,14.0014523059391,13.7263837092699,14.0271144122164
527.6,7,7,6.99924330650045,7.00072564952801,7.22869259541211,6.73637296049518,13.9984866130009,14.001451299056,13.7262902083032,14.0272193087183
527.7,7,7,6.99924375093266,7.00072514644146,7.22870063790636,6.73636454266309,13.9984875018653,14.0014502928829,13.7261967609146,14.0273241390254
527.8,7,7,6.99924419506835,7.00072464382342,7.22870867436061,6.73635613189734,13.9984883901367,14.0014492876468,13.7261033842582,14.0274288819594
527.9,7,7,6.9992446389809,7.00072414155777,7.22871670627002,6.73634772644766,13.9984892779618,14.0014482831155,13.7260100608241,14.0275335591609
528,7,7,6.99924508267039,7.00072363964428,7.22872473363668,6.73633932631089,13.9984901653408,14.0014472792886,13.7259167905873,14.0276381706685
528.1,7,7,6.99924552613691,7.00072313808269,7.22873275646269,6.73633093148387,13.9984910522738,14.0014462761654,13.7258235735226,14.0277427165207
528.2,7,7,6.99924596937938,7.00072263687461,7.22874077472624,6.73632254199142,13.9984919387588,14.0014452737492,13.7257304098851,14.0278471964103
528.3,7,7,6.99924641232602,7.00072213613307,7.22874878696652,6.73631415954015,13.998492824652,14.0014442722661,13.7256373167803,14.0279515892335
528.4,7,7,6.99924685505004,7.00072163574244,7.22875679467454,6.73630578238605,13.9984937101001,14.0014432714849,13.7255442767476,14.028055916555
528.5,7,7,6.99924729755153,7.00072113570249,7.22876479785239,6.73629741052597,13.9984945951031,14.001442271405,13.7254512897622,14.0281601784131
528.6,7,7,6.99924773983057,7.00072063601298,7.22877279650216,6.73628904395677,13.9984954796611,14.001441272026,13.7253583557991,14.0282643748461
528.7,7,7,6.99924818188608,7.00072013667549,7.22878079060211,6.73628068270315,13.9984963637722,14.001440273351,13.7252654751123,14.0283685055481
528.8,7,7,6.99924862364646,7.00071963780257,7.22878877869548,6.73627232846569,13.9984972472929,14.0014392756051,13.7251726647593,14.0284725494891
528.9,7,7,6.99924906518473,7.00071913927911,7.22879676226913,6.73626397950657,13.9984981303695,14.0014382785582,13.7250799073287,14.0285765281582
529,7,7,6.999249506501,7.00071864110485,7.22880474132517,6.73625563582264,13.998499013002,14.0014372822097,13.7249872027957,14.0286804415935
529.1,7,7,6.99924994759535,7.00071814327955,7.22881271586568,6.73624729741078,13.9984998951907,14.0014362865591,13.7248945511353,14.0287842898333
529.2,7,7,6.99925038846668,7.00071764580481,7.22882068586899,6.73623896429562,13.9985007769334,14.0014352916096,13.7248019526009,14.0288880725726
529.3,7,7,6.99925082904358,7.00071714879269,7.22882864988235,6.73623063817168,13.9985016580872,14.0014342975854,13.7247094242017,14.0289917688553
529.4,7,7,6.99925126939889,7.00071665212856,7.22883660938853,6.73622231730732,13.9985025387978,14.0014333042571,13.7246169485756,14.0290954000949
529.5,7,7,6.99925170953271,7.00071615581217,7.22884456438962,6.7362140016994,13.9985034190654,14.0014323116243,13.7245245256976,14.0291989663296
529.6,7,7,6.99925214944513,7.00071565984329,7.22885251488771,6.73620569134483,13.9985042988903,14.0014313196866,13.724432155543,14.0293024675974
529.7,7,7,6.99925258913506,7.00071516422348,7.22886046086118,6.73619738626812,13.9985051782701,14.001430328447,13.7243398383644,14.0294059035944
529.8,7,7,6.99925302853124,7.00071466906437,7.22886840086131,6.7361890881578,13.9985060570625,14.0014293381287,13.7242475911229,14.0295092534378
529.9,7,7,6.99925346770636,7.00071417425179,7.22887633636676,6.73618079528837,13.9985069354127,14.0014283485036,13.7241553965054,14.0296125384663
530,7,7,6.99925390666051,7.00071367978549,7.22888426737963,6.73617250765672,13.998507813321,14.001427359571,13.724063254487,14.0297157587177
530.1,7,7,6.99925434539377,7.00071318566524,7.22889219390198,6.73616422525974,13.9985086907875,14.0014263713305,13.723971165043,14.02981891423
530.2,7,7,6.99925478390506,7.00071269189262,7.22890011591226,6.73615594812189,13.9985095678101,14.0014253837852,13.7238791284254,14.0299220047003
530.3,7,7,6.99925522212329,7.00071219857875,7.22890803196579,6.73614767792568,13.9985104442466,14.0014243971575,13.7237871615472,14.0300250093191
530.4,7,7,6.99925566012097,7.00071170560997,7.22891594353712,6.73613941295175,13.9985113202419,14.0014234112199,13.7236952471443,14.03012794935
530.5,7,7,6.9992560978982,7.00071121298602,7.22892385062834,6.736131153197,13.9985121957964,14.001422425972,13.7236033851919,14.030230824831
530.6,7,7,6.99925653545505,7.00071072070667,7.22893175324151,6.73612289865833,13.9985130709101,14.0014214414133,13.7235115756652,14.0303336357997
530.7,7,7,6.99925697279046,7.00071022877349,7.22893965135513,6.73611464936012,13.9985139455809,14.001420457547,13.7234198188155,14.0304363819543
530.8,7,7,6.99925740983349,7.00070973729715,7.22894754352855,6.7361064069789,13.998514819667,14.0014194745943,13.7233281315081,14.0305390425582
530.9,7,7,6.99925784665648,7.00070924616445,7.22895543123222,6.73609816980143,13.998515693313,14.0014184923289,13.7232364965276,14.0306416388007
531,7,7,6.99925828325954,7.00070875537515,7.22896331446821,6.7360899378246,13.9985165665191,14.0014175107503,13.7231449138492,14.0307441707192
531.1,7,7,6.99925871964273,7.000708264929,7.2289711932386,6.73608171104535,13.9985174392855,14.001416529858,13.7230533834483,14.0308466383516
531.2,7,7,6.999259155805,7.00070777482757,7.22897906752194,6.73607348948794,13.99851831161,14.0014155496551,13.7229619055753,14.0309490413969
531.3,7,7,6.99925959167557,7.00070728518108,7.22898693588159,6.73606527482299,13.9985191833511,14.0014145703622,13.722870497048,14.0310513591912
531.4,7,7,6.99926002732663,7.00070679587679,7.22899479978391,6.73605706534331,13.9985200546533,14.0014135917536,13.7227791406994,14.0311536128495
531.5,7,7,6.99926046275825,7.00070630691445,7.22900265923097,6.73604886104583,13.9985209255165,14.0014126138289,13.722687836505,14.0312558024092
531.6,7,7,6.99926089797053,7.00070581829385,7.22901051422484,6.73604066192747,13.9985217959411,14.0014116365877,13.7225965844401,14.0313579279079
531.7,7,7,6.99926133296239,7.00070533001652,7.22901836474415,6.73603246801244,13.9985226659248,14.001410660033,13.7225053847546,14.0314599890457
531.8,7,7,6.99926176766324,7.00070484219223,7.22902620935622,6.73602428096541,13.9985235353265,14.0014096843845,13.7224142542183,14.0315619652311
531.9,7,7,6.99926220214508,7.0007043547087,7.22903404952336,6.73601609908524,13.9985244042902,14.0014087094174,13.7223231757131,14.031663877505
532,7,7,6.99926263640801,7.00070386756571,7.22904188524764,6.7360079223689,13.998525272816,14.0014077351314,13.7222321492144,14.0317657259047
532.1,7,7,6.9992630704521,7.00070338076302,7.22904971653111,6.73599975081331,13.9985261409042,14.001406761526,13.7221411746977,14.0318675104677
532.2,7,7,6.99926350427629,7.00070289430217,7.22905754335247,6.73599158444259,13.9985270085526,14.0014057886043,13.7220502524119,14.0319692308952
532.3,7,7,6.99926393781014,7.00070240829247,7.22906536428302,6.73598342491551,13.9985278756203,14.0014048165849,13.7219593990796,14.0320708666677
532.4,7,7,6.9992643711255,7.00070192262211,7.22907318078102,6.73597527053698,13.998528742251,14.0014038452442,13.721868597631,14.0321724387524
532.5,7,7,6.99926480422245,7.00070143729087,7.22908099284852,6.73596712130396,13.9985296084449,14.0014028745817,13.7217778480415,14.0322739471866
532.6,7,7,6.99926523710108,7.0007009522985,7.22908880048757,6.73595897721339,13.9985304742022,14.001401904597,13.7216871502867,14.0323753920074
532.7,7,7,6.99926566976032,7.00070046764656,7.22909660367693,6.73595083828931,13.9985313395206,14.0014009352931,13.7215965046149,14.0324767729172
532.8,7,7,6.99926610212989,7.00069998344387,7.22910440099189,6.7359427061846,13.9985322042598,14.0013999668877,13.7215059277012,14.0325780694682
532.9,7,7,6.99926653428148,7.00069949957911,7.22911219388663,6.73593457921019,13.998533068563,14.0013989991582,13.7214154025242,14.0326793025544
533,7,7,6.99926696621517,7.00069901605206,7.2291199823632,6.73592645736305,13.9985339324303,14.0013980321041,13.7213249290593,14.0327804722127
533.1,7,7,6.99926739793104,7.00069853286246,7.22912776642367,6.73591834064014,13.9985347958621,14.0013970657249,13.7212345072821,14.0328815784803
533.2,7,7,6.99926782942804,7.00069805001187,7.22913554604683,6.7359102290654,13.9985356588561,14.0013961000237,13.7211441374404,14.0329826210605
533.3,7,7,6.99926826063605,7.00069756760866,7.22914331981196,6.73590212428586,13.9985365212721,14.0013951352173,13.7210538361617,14.033083579577
533.4,7,7,6.99926869162657,7.00069708554198,7.22915108916919,6.73589402461845,13.9985373832531,14.001394171084,13.720963586473,14.0331844748507
533.5,7,7,6.99926912239971,7.00069660381159,7.22915885412056,6.73588593006014,13.9985382447994,14.0013932076232,13.7208733883499,14.0332853069185
533.6,7,7,6.99926955295554,7.00069612241725,7.22916661466813,6.73587784060789,13.9985391059111,14.0013922448345,13.7207832417678,14.0333860758173
533.7,7,7,6.999269983293,7.0006956413605,7.22917437079077,6.73586975628557,13.998539966586,14.001391282721,13.7206931469739,14.0334867812514
533.8,7,7,6.99927041334214,7.00069516074928,7.2291821210717,6.73586167873439,13.9985408266843,14.0013903214986,13.7206031205485,14.0335874029159
533.9,7,7,6.99927084317431,7.00069468047317,7.22918986695701,6.73585360627722,13.9985416863486,14.0013893609463,13.7205131455668,14.0336879615587
534,7,7,6.99927127278959,7.00069420053195,7.22919760844876,6.73584553891105,13.9985425455792,14.0013884010639,13.7204232220043,14.0337884572167
534.1,7,7,6.99927170218807,7.00069372092539,7.22920534554898,6.73583747663286,13.9985434043761,14.0013874418508,13.7203333498366,14.0338888899265
534.2,7,7,6.99927213136869,7.00069324165502,7.22921307823661,6.73582941946643,13.9985442627374,14.00138648331,13.7202435293101,14.0339892593936
534.3,7,7,6.99927256026166,7.0006927628283,7.22922080509882,6.73582136904716,13.9985451205233,14.0013855256566,13.7201537769581,14.034089545384
534.4,7,7,6.99927298893816,7.00069228433532,7.22922852757769,6.73581332370386,13.9985459778763,14.0013845686706,13.7200640759037,14.034189768573
534.5,7,7,6.99927341739828,7.00069180617583,7.22923624567524,6.73580528343352,13.9985468347966,14.0013836123517,13.7199744261226,14.0342899289973
534.6,7,7,6.9992738456421,7.0006913283496,7.22924395939352,6.73579724823316,13.9985476912842,14.0013826566992,13.7198848275904,14.0343900266936
534.7,7,7,6.99927427366856,7.00069085085816,7.22925166871152,6.73578921812645,13.9985485473371,14.0013817017163,13.7197952805527,14.0344900613682
534.8,7,7,6.99927470140805,7.00069037380853,7.22925937222036,6.73578119474302,13.9985494028161,14.0013807476171,13.7197058014959,14.0345900128579
534.9,7,7,6.99927512893157,7.00068989709124,7.22926707135808,6.73577317641758,13.9985502578631,14.0013797941825,13.7196163735911,14.0346899017658
535,7,7,6.99927555623921,7.00068942070606,7.22927476612673,6.73576516314716,13.9985511124784,14.0013788414121,13.7195269968138,14.0347897281283
535.1,7,7,6.99927598333105,7.00068894465276,7.22928245652832,6.73575715492876,13.9985519666621,14.0013778893055,13.71943767114,14.0348894919819
535.2,7,7,6.99927641020604,7.00068846893284,7.22929014254193,6.73574915178599,13.9985528204121,14.0013769378657,13.7193483968143,14.0349891930342
535.3,7,7,6.99927683679472,7.00068799365291,7.22929782276259,6.73574115534269,13.9985536735894,14.0013759873058,13.7192591902764,14.0350888111921
535.4,7,7,6.99927726316793,7.00068751870394,7.22930549862435,6.73573316393949,13.9985545263359,14.0013750374079,13.7191700347451,14.0351883669869
535.5,7,7,6.99927768932577,7.00068704408569,7.22931317012924,6.73572517757342,13.9985553786515,14.0013740881714,13.7190809301961,14.0352878604549
535.6,7,7,6.99927811526831,7.00068656979793,7.22932083727927,6.7357171962415,13.9985562305366,14.0013731395959,13.7189918766052,14.0353872916324
535.7,7,7,6.9992785409945,7.00068609584218,7.22932850005357,6.73570921996725,13.998557081989,14.0013721916844,13.7189028742165,14.0354866602279
535.8,7,7,6.99927896643504,7.00068562232458,7.22933615705112,6.73570125036877,13.9985579328701,14.0013712446492,13.718813939423,14.0355859462187
535.9,7,7,6.99927939166062,7.00068514913657,7.22934380970195,6.73569328579256,13.9985587833212,14.0013702982731,13.718725055491,14.0356851700642
536,7,7,6.99927981667132,7.0006846762779,7.22935145800807,6.73568532623565,13.9985596333426,14.0013693525558,13.7186362223963,14.0357843318005
536.1,7,7,6.99928024146722,7.00068420374836,7.22935910197152,6.73567737169509,13.9985604829344,14.0013684074967,13.7185474401149,14.0358834314639
536.2,7,7,6.99928066604727,7.00068373154944,7.22936674157146,6.73566942219431,13.9985613320945,14.0013674630989,13.71845870889,14.0359824687639
536.3,7,7,6.99928109034234,7.00068325978686,7.22937437541081,6.73566147934569,13.9985621806847,14.0013665195737,13.7183700450681,14.0360814237476
536.4,7,7,6.99928151442295,7.00068278835248,7.22938200491559,6.73565354150158,13.9985630288459,14.001365576705,13.7182814319629,14.0361803168029
536.5,7,7,6.99928193828917,7.00068231724609,7.22938963008781,6.73564560865903,13.9985638765783,14.0013646344922,13.7181928695505,14.0362791479661
536.6,7,7,6.99928236194109,7.00068184646745,7.22939725092951,6.73563768081508,13.9985647238822,14.0013636929349,13.7181043578067,14.036377917273
536.7,7,7,6.99928278537767,7.00068137601807,7.2294048674199,6.7356297579931,13.9985655707553,14.0013627520361,13.7180158969743,14.0364766244342
536.8,7,7,6.99928320852992,7.00068090600321,7.22941247816581,6.73562184179975,13.9985664170598,14.0013618120064,13.717927503353,14.0365752495666
536.9,7,7,6.9992836314682,7.0006804363152,7.22942008458929,6.73561393059322,13.9985672629364,14.0013608726304,13.7178391603041,14.0366738129867
537,7,7,6.9992840541926,7.00067996695381,7.22942768669233,6.73560602437058,13.9985681083852,14.0013599339076,13.7177508678036,14.0367723147307
537.1,7,7,6.99928447670319,7.00067949791881,7.22943528447697,6.73559812312886,13.9985689534064,14.0013589958376,13.7176626258276,14.0368707548344
537.2,7,7,6.99928489899894,7.0006790292117,7.22944287792248,6.73559022689136,13.9985697979979,14.0013580584234,13.717574434618,14.0369691330093
537.3,7,7,6.99928532101102,7.00067856093731,7.22945046563959,6.73558233725907,13.998570642022,14.0013571218746,13.7174863104281,14.0370674294415
537.4,7,7,6.99928574280963,7.00067809298841,7.22945804904635,6.73557445259597,13.9985714856193,14.0013561859768,13.7173982366666,14.037165664377
537.5,7,7,6.99928616439485,7.00067762536478,7.22946562814478,6.73556657289914,13.9985723287897,14.0013552507296,13.7173102133096,14.0372638378515
537.6,7,7,6.99928658576676,7.00067715806619,7.2294732029369,6.73555869816565,13.9985731715335,14.0013543161324,13.7172222403332,14.0373619499008
537.7,7,7,6.99928700692433,7.00067669109413,7.22948077340205,6.73555082841869,13.9985740138487,14.0013533821883,13.7171343179785,14.0374600002373
537.8,7,7,6.99928742779888,7.00067622455299,7.22948833815483,6.7355429652536,13.9985748555978,14.001352449106,13.7170464624527,14.0375579691165
537.9,7,7,6.99928784846045,7.00067575833599,7.22949589860935,6.73553510704015,13.9985756969209,14.001351516672,13.7169586572116,14.0376558767134
538,7,7,6.99928826890913,7.00067529244291,7.22950345476761,6.73552725377542,13.9985765378183,14.0013505848858,13.7168709022313,14.0377537230637
538.1,7,7,6.999288689145,7.00067482687353,7.22951100663162,6.7355194054565,13.99857737829,14.0013496537471,13.7167831974881,14.0378515082031
538.2,7,7,6.99928910916701,7.00067436162932,7.22951855418077,6.73551156210649,13.998578218334,14.0013487232586,13.7166955432224,14.037949231845
538.3,7,7,6.99928952890667,7.00067389681425,7.22952609603358,6.73550372531511,13.9985790578133,14.0013477936285,13.716607955595,14.0380468743136
538.4,7,7,6.99928994843384,7.00067343232198,7.22953363360016,6.73549589345789,13.9985798968677,14.001346864644,13.716520418109,14.0381444557137
538.5,7,7,6.99929036774861,7.00067296815228,7.22954116688253,6.73548806653191,13.9985807354972,14.0013459363046,13.7164329307406,14.0382419760808
538.6,7,7,6.99929078685105,7.00067250430494,7.22954869588269,6.73548024453427,13.9985815737021,14.0013450086099,13.716345493466,14.0383394354505
538.7,7,7,6.99929120574014,7.00067204078142,7.22955622058009,6.735472427488,13.9985824114803,14.0013440815628,13.716258106525,14.0384368335371
538.8,7,7,6.99929162434753,7.00067157768526,7.22956373959712,6.7354646169772,13.9985832486951,14.0013431553705,13.7161707860322,14.0385341507335
538.9,7,7,6.99929204274292,7.00067111491057,7.22957125433994,6.73545681138314,13.9985840854858,14.0013422298211,13.7160835155379,14.0386314070742
539,7,7,6.99929246092641,7.00067065245712,7.22957876481057,6.73544901070291,13.9985849218528,14.0013413049142,13.7159962950182,14.0387286025948
539.1,7,7,6.99929287889806,7.00067019032469,7.22958627101099,6.73544121493363,13.9985857577961,14.0013403806494,13.7159091244494,14.0388257373305
539.2,7,7,6.99929329665685,7.00066972851474,7.22959377292073,6.73543342409824,13.9985865933137,14.0013394570295,13.7158220040706,14.0389228109969
539.3,7,7,6.99929371413458,7.00066926713039,7.22960126916604,6.73542563977526,13.9985874282692,14.0013385342608,13.7157349499505,14.0390198040549
539.4,7,7,6.99929413140082,7.00066880606616,7.22960876114913,6.73541786035166,13.9985882628016,14.0013376121323,13.7156479456862,14.0391167364695
539.5,7,7,6.99929454845563,7.00066834532185,7.22961624887201,6.73541008582456,13.9985890969113,14.0013366906437,13.7155609912539,14.0392136082758
539.6,7,7,6.9992949652991,7.00066788489723,7.22962373233668,6.73540231619106,13.9985899305982,14.0013357697945,13.7154740866299,14.0393104195092
539.7,7,7,6.9992953819302,7.00066742479376,7.22963121152271,6.73539455147406,13.9985907638604,14.0013348495875,13.7153872320527,14.039407169886
539.8,7,7,6.9992957982809,7.00066696511413,7.2296386850602,6.73538679324648,13.9985915965618,14.0013339302283,13.715300443545,14.0395038399354
539.9,7,7,6.99929621442058,7.0006665057533,7.22964615434745,6.735379039901,13.9985924288412,14.0013330115066,13.7152137047508,14.0396004495526
540,7,7,6.99929663034934,7.00066604671106,7.22965361938645,6.73537129143474,13.9985932606987,14.0013320934221,13.7151270156463,14.0396969987728
540.1,7,7,6.99929704606724,7.00066558798719,7.22966108017919,6.73536354784483,13.9985940921345,14.0013311759744,13.7150403762079,14.039793487631
540.2,7,7,6.99929746157326,7.00066512958314,7.22966853670531,6.73535580915406,13.9985949231465,14.0013302591663,13.7149537866733,14.0398899158447
540.3,7,7,6.99929787679952,7.00066467160117,7.22967598759876,6.73534807692984,13.998595753599,14.0013293432023,13.7148672630197,14.0399862640109
540.4,7,7,6.99929829181526,7.0006642139367,7.22968343425391,6.73534034957049,13.9985965836305,14.0013284278734,13.7147807889374,14.0400825519553
540.5,7,7,6.99929870662056,7.00066375658949,7.22969087667275,6.73533262707316,13.9985974132411,14.001327513179,13.714694364403,14.0401787797131
540.6,7,7,6.99929912121548,7.00066329955934,7.22969831485725,6.73532490943499,13.998598242431,14.0013265991187,13.7146079893928,14.0402749473192
540.7,7,7,6.99929953559902,7.00066284284769,7.22970574878713,6.73531719667867,13.998599071198,14.0013256856954,13.7145216641438,14.040371054492
540.8,7,7,6.99929994970346,7.00066238655637,7.22971317710017,6.7353094903661,13.9985998994069,14.0013247731127,13.7144354045875,14.040467081896
540.9,7,7,6.99930036359785,7.00066193058124,7.22972060118682,6.73530178890126,13.9986007271957,14.0013238611625,13.7143491944609,14.040563049288
541,7,7,6.99930077728228,7.00066147492207,7.22972802104906,6.73529409228129,13.9986015545646,14.0013229498441,13.7142630337405,14.040658956703
541.1,7,7,6.99930119075683,7.00066101957864,7.22973543668888,6.73528640050334,13.9986023815137,14.0013220391573,13.7141769224028,14.0407548041757
541.2,7,7,6.99930160402049,7.00066056455239,7.22974284808603,6.73527871359005,13.998603208041,14.0013211291048,13.7140908606841,14.0408505914255
541.3,7,7,6.99930201700567,7.00066010994475,7.22975025388214,6.73527103309779,13.9986040340113,14.0013202198895,13.7140048644702,14.0409462991842
541.4,7,7,6.99930242978131,7.00065965565198,7.22975765546375,6.73526335743618,13.9986048595626,14.001319311304,13.7139189175448,14.0410419471399
541.5,7,7,6.99930284234747,7.00065920167387,7.22976505283284,6.73525568660236,13.9986056846949,14.0013184033477,13.7138330198843,14.0411375353273
541.6,7,7,6.99930325470423,7.0006587480102,7.22977244599138,6.7352480205935,13.9986065094085,14.0013174960204,13.7137471714652,14.0412330637811
541.7,7,7,6.99930366685058,7.00065829466241,7.22977983491918,6.73524035943216,13.9986073337012,14.0013165893248,13.7136613725233,14.0413285322217
541.8,7,7,6.99930407871911,7.00065784173149,7.2297872182617,6.73523270466923,13.9986081574382,14.001315683463,13.7135756388988,14.0414239214478
541.9,7,7,6.99930449037857,7.00065738911414,7.22979459740158,6.73522505471991,13.9986089807571,14.0013147782283,13.7134899544218,14.0415192510791
542,7,7,6.99930490182904,7.00065693681016,7.22980197234079,6.73521740958138,13.9986098036581,14.0013138736203,13.7134043190687,14.04161452115
542.1,7,7,6.9993053130706,7.00065648481931,7.22980934308131,6.73520976925082,13.9986106261412,14.0013129696386,13.7133187328162,14.0417097316952
542.2,7,7,6.99930572410223,7.00065603314305,7.22981670960301,6.7352021337507,13.9986114482045,14.0013120662861,13.7132331958993,14.0418048824361
542.3,7,7,6.99930613485668,7.00065558188193,7.22982407055514,6.73519450462644,13.9986122697134,14.0013111637639,13.7131477241129,14.0418999542381
542.4,7,7,6.99930654540254,7.0006551309331,7.22983142731647,6.73518688029885,13.9986130908051,14.0013102618662,13.7130623013332,14.0419949666525
542.5,7,7,6.9993069557399,7.00065468029634,7.22983877988896,6.73517926076511,13.9986139114798,14.0013093605927,13.712976927537,14.0420899197139
542.6,7,7,6.99930736586883,7.00065422997142,7.22984612827457,6.7351716460224,13.9986147317377,14.0013084599428,13.7128916027007,14.0421848134567
542.7,7,7,6.99930777578831,7.00065377995979,7.22985347245325,6.73516403609313,13.9986155515766,14.0013075599196,13.7128063270588,14.042279647603
542.8,7,7,6.99930818543125,7.0006533303616,7.22986081107805,6.73515643251726,13.9986163708625,14.0013066607232,13.712721116361,14.0423744030852
542.9,7,7,6.99930859486609,7.00065288107441,7.22986814552386,6.73514883372118,13.9986171897322,14.0013057621488,13.7126359545296,14.0424690993864
543,7,7,6.9993090040929,7.00065243209799,7.22987547579263,6.73514123970206,13.9986180081858,14.001304864196,13.7125508415413,14.0425637365409
543.1,7,7,6.99930941311176,7.00065198343215,7.22988280188632,6.73513365045711,13.9986188262235,14.0013039668643,13.7124657773728,14.0426583145831
543.2,7,7,6.99930982192166,7.00065153507829,7.22989012378493,6.73512606600864,13.9986196438433,14.0013030701566,13.7123807622577,14.0427528332362
543.3,7,7,6.99931023045566,7.00065108713617,7.22989744014531,6.73511848789123,13.9986204609113,14.0013021742723,13.7122958119006,14.0428472734987
543.4,7,7,6.99931063878203,7.00065063950377,7.22990475233848,6.73511091453677,13.9986212775641,14.0013012790075,13.71221091027,14.0429416547859
543.5,7,7,6.99931104690086,7.00065019218086,7.22991206036639,6.73510334594247,13.9986220938017,14.0013003843617,13.7121260573426,14.0430359771322
543.6,7,7,6.99931145481222,7.00064974516725,7.22991936423099,6.73509578210553,13.9986229096244,14.0012994903345,13.7120412530951,14.0431302405716
543.7,7,7,6.9993118625151,7.00064929846434,7.22992666391234,6.73508822304819,13.9986237250302,14.0012985969287,13.7119564977604,14.0432244448284
543.8,7,7,6.99931226994272,7.00064885217148,7.22993395807108,6.73508067029964,13.9986245398854,14.001297704343,13.7118718069982,14.0433185709671
543.9,7,7,6.99931267716319,7.00064840618705,7.22994124807436,6.73507312229727,13.9986253543264,14.0012968123741,13.7117871648228,14.0434126383356
544,7,7,6.99931308417659,7.00064796051086,7.22994853392413,6.73506557903832,13.9986261683532,14.0012959210217,13.7117025712109,14.0435066469679
544.1,7,7,6.999313490983,7.00064751514268,7.22995581562233,6.73505804051999,13.998626981966,14.0012950302854,13.7116180261394,14.0436005968983
544.2,7,7,6.99931389758142,7.00064707008392,7.22996309314908,6.73505050676445,13.9986277951628,14.0012941401678,13.7115335298406,14.0436944878516
544.3,7,7,6.9993143039052,7.00064662543352,7.22997036516882,6.73504297929549,13.9986286078104,14.001293250867,13.711449097929,14.0437883009584
544.4,7,7,6.99931471002232,7.0006461810903,7.22997763304481,6.73503545655603,13.9986294200446,14.0012923621806,13.7113647144649,14.0438820554992
544.5,7,7,6.99931511593284,7.00064573705403,7.229984896779,6.7350279385433,13.9986302318657,14.0012914741081,13.711280379425,14.043975751508
544.6,7,7,6.99931552163686,7.00064529332452,7.22999215637336,6.73502042525452,13.9986310432737,14.001290586649,13.7111960927864,14.0440693890187
544.7,7,7,6.99931592713335,7.00064484990315,7.22999941180804,6.73501291671178,13.9986318542667,14.0012896998063,13.7111118547804,14.0441629677574
544.8,7,7,6.99931633235585,7.00064440688847,7.23000666175124,6.73500541443351,13.9986326647117,14.0012888137769,13.711027680977,14.0442564689199
544.9,7,7,6.99931673737216,7.0006439641797,7.23001390756241,6.73499791686812,13.9986334747443,14.0012879283594,13.7109435554822,14.04434991172
545,7,7,6.99931714218236,7.00064352177662,7.23002114924348,6.73499042401283,13.9986342843647,14.0012870435532,13.7108594782726,14.0444432961913
545.1,7,7,6.99931754678652,7.00064307967904,7.23002838679639,6.73498293586489,13.998635093573,14.0012861593581,13.7107754493253,14.0445366223679
545.2,7,7,6.99931795118363,7.00064263788834,7.23003562020138,6.73497545244629,13.9986359023673,14.0012852757767,13.7106914688712,14.0446298899765
545.3,7,7,6.99931835530739,7.00064219650264,7.2300428481304,6.73496797527016,13.9986367106148,14.0012843930053,13.7106075524354,14.0447230802785
545.4,7,7,6.99931875922543,7.0006417554216,7.23005007193905,6.73496050279032,13.9986375184509,14.0012835108432,13.7105236841695,14.0448162124207
545.5,7,7,6.99931916293783,7.00064131464501,7.23005729162928,6.73495303500404,13.9986383258757,14.00128262929,13.7104398640502,14.0449092864367
545.6,7,7,6.99931956644467,7.00064087417264,7.23006450720302,6.73494557190856,13.9986391328893,14.0012817483453,13.7103560920547,14.0450023023604
545.7,7,7,6.99931996974495,7.00064043400591,7.23007171864055,6.7349381135258,13.9986399394899,14.0012808680118,13.7102723684131,14.0450952599196
545.8,7,7,6.99932037277249,7.00063999424252,7.23007892461759,6.73493066136357,13.998640745545,14.001279988485,13.710188708606,14.0451881404405
545.9,7,7,6.99932077559479,7.00063955478253,7.23008612648591,6.73492321388113,13.9986415511896,14.0012791095651,13.7101050968304,14.0452809630036
546,7,7,6.99932117821193,7.00063911562573,7.23009332424745,6.73491577107576,13.9986423564239,14.0012782312515,13.7100215330633,14.0453737276423
546.1,7,7,6.99932158062398,7.00063867677192,7.23010051790414,6.73490833294469,13.998643161248,14.0012773535438,13.7099380172816,14.0454664343904
546.2,7,7,6.99932198282995,7.00063823822248,7.23010770743631,6.73490089950981,13.9986439656599,14.001276476445,13.709854549715,14.0455590829766
546.3,7,7,6.99932238476381,7.00063780007473,7.23011489152343,6.73489347227358,13.9986447695276,14.0012756001495,13.7097711457995,14.045651654792
546.4,7,7,6.9993227864929,7.00063736222914,7.23012207151345,6.73488604970072,13.9986455729858,14.0012747244583,13.7096877897775,14.0457441688507
546.5,7,7,6.9993231880173,7.0006369246855,7.2301292474083,6.73487863178849,13.9986463760346,14.001273849371,13.709604481626,14.0458366251861
546.6,7,7,6.99932358933709,7.00063648744359,7.23013641920992,6.73487121853416,13.9986471786742,14.0012729748872,13.709521221322,14.0459290238318
546.7,7,7,6.99932399045127,7.00063605050482,7.23014358689868,6.7348638099595,13.9986479809025,14.0012721010096,13.7094380090946,14.0460213645175
546.8,7,7,6.99932439129397,7.00063561396608,7.23015074915781,6.73485640756174,13.9986487825879,14.0012712279322,13.7093548603354,14.0461136286988
546.9,7,7,6.99932479193237,7.00063517772826,7.23015790733142,6.73484900981097,13.9986495838647,14.0012703554565,13.7092717593319,14.0462058353238
547,7,7,6.99932519236656,7.00063474179116,7.23016506142146,6.73484161670446,13.9986503847331,14.0012694835823,13.7091887060614,14.0462979844258
547.1,7,7,6.9993255925966,7.00063430615456,7.23017221142984,6.73483422823949,13.9986511851932,14.0012686123091,13.7091057005009,14.0463900760383
547.2,7,7,6.9993259926215,7.00063387081984,7.23017935733701,6.73482684443777,13.998651985243,14.0012677416397,13.7090227428787,14.0464821098919
547.3,7,7,6.99932639237556,7.00063343588352,7.23018649782991,6.73481946679126,13.9986527847511,14.001266871767,13.7089398485421,14.0465740675064
547.4,7,7,6.99932679192579,7.00063300124689,7.23019363424886,6.73481209377542,13.9986535838516,14.0012660024938,13.708857001824,14.0466659677644
547.5,7,7,6.99932719127227,7.00063256690973,7.2302007665958,6.73480472538754,13.9986543825445,14.0012651338195,13.7087742027016,14.046757810699
547.6,7,7,6.99932759041508,7.00063213287185,7.23020789487265,6.73479736162491,13.9986551808302,14.0012642657437,13.7086914511519,14.0468495963434
547.7,7,7,6.99932798935322,7.00063169913462,7.23021501905989,6.73479000250916,13.9986559787064,14.0012633982692,13.7086087474026,14.0469413244293
547.8,7,7,6.99932838802115,7.00063126579415,7.2302221378482,6.73478264952701,13.9986567760423,14.0012625315883,13.7085261067569,14.0470329765406
547.9,7,7,6.99932878648571,7.00063083275214,7.23022925257411,6.73477530115929,13.9986575729714,14.0012616655043,13.7084435135927,14.0471245714942
548,7,7,6.99932918474699,7.00063040000839,7.23023636323953,6.73476795740329,13.998658369494,14.0012608000168,13.7083609678871,14.0472161093232
548.1,7,7,6.99932958280508,7.00062996756268,7.23024346984639,6.73476061825631,13.9986591656102,14.0012599351254,13.7082784696175,14.0473075900607
548.2,7,7,6.99932998065897,7.00062953541639,7.23025057237524,6.7347532837399,13.9986599613179,14.0012590708328,13.7081960190106,14.0473990134393
548.3,7,7,6.99933037824326,7.00062910366524,7.23025766952046,6.73474595533558,13.9986607564865,14.0012582073305,13.7081136313258,14.0474903611067
548.4,7,7,6.99933077562466,7.00062867221133,7.23026476261478,6.73473863152948,13.9986615512493,14.0012573444227,13.7080312909857,14.0475816518146
548.5,7,7,6.99933117280325,7.00062824105445,7.23027185166013,6.73473131231893,13.9986623456065,14.0012564821089,13.7079489979677,14.047672885596
548.6,7,7,6.99933156977911,7.0006278101944,7.23027893665841,6.73472399770124,13.9986631395582,14.0012556203888,13.707866752249,14.0477640624838
548.7,7,7,6.99933196655125,7.00062737963254,7.23028601759025,6.73471668769787,13.9986639331025,14.0012547592651,13.7077845540559,14.0478551822114
548.8,7,7,6.9993323630544,7.00062694946421,7.23029309315372,6.73470938378515,13.9986647261088,14.0012538989284,13.7077024186036,14.0479462264904
548.9,7,7,6.99933275935514,7.00062651959189,7.23030016467779,6.73470208445454,13.9986655187103,14.0012530391838,13.7076203303598,14.0480372140073
549,7,7,6.99933315545353,7.0006260900154,7.23030723216436,6.73469478970335,13.9986663109071,14.0012521800308,13.7075382893017,14.048128144795
549.1,7,7,6.99933355134966,7.00062566073452,7.23031429561535,6.7346874995289,13.9986671026993,14.001251321469,13.7074562954067,14.0482190188863
549.2,7,7,6.99933394704254,7.0006252317506,7.23032135501142,6.73468021395261,13.9986678940851,14.0012504635012,13.7073743489004,14.0483098360156
549.3,7,7,6.99933434246706,7.00062480315861,7.23032840905435,6.73467293444561,13.9986686849341,14.0012496063172,13.7072924649541,14.0484005779576
549.4,7,7,6.99933473768962,7.00062437486143,7.23033545906933,6.73466565950466,13.9986694753792,14.0012487497229,13.7072106280802,14.0484912633343
549.5,7,7,6.99933513271031,7.00062394685885,7.23034250505828,6.73465838912707,13.9986702654206,14.0012478937177,13.7071288382562,14.0485818921783
549.6,7,7,6.9993355275292,7.00062351915069,7.2303495470231,6.73465112331018,13.9986710550584,14.0012470383014,13.7070470954593,14.0486724645223
549.7,7,7,6.9993359221453,7.00062309173827,7.23035658494451,6.73464386207532,13.9986718442906,14.0012461834765,13.7069653999146,14.0487629801017
549.8,7,7,6.99933631649367,7.00062266471618,7.23036361752797,6.73463660688848,13.9986726329873,14.0012453294324,13.7068837667496,14.0488534207543
549.9,7,7,6.99933671064054,7.00062223798769,7.23037064609492,6.73462935625168,13.9986734212811,14.0012444759754,13.7068021805214,14.0489438050375
550,7,7,6.99933710458601,7.00062181155261,7.23037767064726,6.73462211016225,13.998674209172,14.0012436231052,13.7067206412073,14.0490341329839
550.1,7,7,6.99933749833014,7.00062138541072,7.23038469118689,6.73461486861754,13.9986749966603,14.0012427708214,13.7066391487848,14.049124404626
550.2,7,7,6.99933789187196,7.00062095956339,7.2303917076946,6.73460763163882,13.9986757837439,14.0012419191268,13.7065577034782,14.0492146197
550.3,7,7,6.99933828514665,7.00062053410478,7.23039871887951,6.73460040068691,13.9986765702933,14.0012410682096,13.7064763203715,14.0493047601068
550.4,7,7,6.99933867822032,7.00062010893858,7.23040572605933,6.73459317426909,13.9986773564406,14.0012402178772,13.7063949840661,14.0493948443395
550.5,7,7,6.99933907109304,7.00061968406459,7.23041272923593,6.73458595238272,13.9986781421861,14.0012393681292,13.7063136945397,14.0494848724304
550.6,7,7,6.9993394637649,7.0006192594826,7.23041972841123,6.73457873502514,13.9986789275298,14.0012385189652,13.7062324517695,14.049574844412
550.7,7,7,6.9993398562349,7.00061883519395,7.23042672356606,6.73457152221755,13.9986797124698,14.0012376703879,13.7061512559794,14.0496647600214
550.8,7,7,6.9993402484384,7.00061841129245,7.23043371341321,6.73456431541566,13.9986804968768,14.0012368225849,13.7060701222097,14.0497546012222
550.9,7,7,6.99934064044134,7.00061798768216,7.23044069926664,6.73455711313199,13.9986812808827,14.0012359753643,13.7059890351063,14.0498443864432
551,7,7,6.99934103224379,7.00061756436288,7.23044768112824,6.73454991536389,13.9986820644876,14.0012351287258,13.7059079946469,14.0499341157168
551.1,7,7,6.99934142384584,7.00061714133441,7.23045465899991,6.73454272210873,13.9986828476917,14.0012342826688,13.7058270008088,14.0500237890755
551.2,7,7,6.99934181524651,7.0006167185981,7.23046163286252,6.73453553338761,13.998683630493,14.0012334371962,13.7057460538152,14.0501134062571
551.3,7,7,6.99934220638128,7.00061629624735,7.23046860143256,6.73452835065117,13.9986844127626,14.0012325924947,13.705665168663,14.0502029492875
551.4,7,7,6.99934259731596,7.00061587418662,7.23047556602023,6.73452117241712,13.9986851946319,14.0012317483732,13.7055843300425,14.050292436532
551.5,7,7,6.99934298805061,7.00061545241571,7.23048252662741,6.73451399868283,13.9986859761012,14.0012309048314,13.7055035379312,14.0503818680228
551.6,7,7,6.99934337858532,7.00061503093444,7.23048948325601,6.73450682944568,13.9986867571706,14.0012300618689,13.7054227923068,14.0504712437921
551.7,7,7,6.99934376891912,7.00061460974413,7.23049643588695,6.7344996647267,13.9986875378382,14.0012292194883,13.7053420933915,14.0505605635787
551.8,7,7,6.99934415898763,7.0006141889378,7.23050338324038,6.73449250597144,13.9986883179753,14.0012283778756,13.7052614561391,14.0506498094709
551.9,7,7,6.99934454885651,7.00061376842032,7.23051032662275,6.73448535170282,13.998689097713,14.0012275368406,13.705180865284,14.0507389997701
552,7,7,6.99934493852582,7.00061334819148,7.23051726603597,6.73447820191821,13.9986898770516,14.001226696383,13.7051003208038,14.0508281345085
552.1,7,7,6.99934532799566,7.00061292825109,7.23052420148192,6.73447105661499,13.9986906559913,14.0012258565022,13.7050198226762,14.0509172137181
552.2,7,7,6.99934571726504,7.00061250860047,7.2305311329416,6.73446391581413,13.9986914345301,14.0012250172009,13.7049393711228,14.0510062371389
552.3,7,7,6.99934610626975,7.00061208933228,7.23053805913876,6.73445678095612,13.9986922125395,14.0012241786646,13.7048589810542,14.0510951869208
552.4,7,7,6.99934649507529,7.00061167035175,7.23054498137618,6.73444965056905,13.9986929901506,14.0012233407035,13.7047786372488,14.051184081302
552.5,7,7,6.99934688368173,7.0006112516587,7.23055189965574,6.7344425246503,13.9986937673635,14.0012225033174,13.7046983396844,14.0512729203147
552.6,7,7,6.99934727208915,7.00061083325291,7.23055881397932,6.73443540319725,13.9986945441783,14.0012216665058,13.7046180883386,14.0513617039907
552.7,7,7,6.99934766029657,7.00061041513572,7.23056572432798,6.73442828623082,13.9986953205931,14.0012208302714,13.7045378834325,14.0514504320707
552.8,7,7,6.99934804823994,7.0006099973994,7.2305726294291,6.73442117518645,13.9986960964799,14.0012199947988,13.7044577398334,14.0515390867666
552.9,7,7,6.99934843598459,7.00060957994958,7.23057953058176,6.73441406859737,13.9986968719692,14.0012191598992,13.7043776423639,14.0516276862534
553,7,7,6.9993488235306,7.00060916278605,7.23058642778783,6.73440696646098,13.9986976470612,14.0012183255721,13.7042975910016,14.0517162305631
553.1,7,7,6.99934921087805,7.00060874590863,7.23059332104919,6.73439986877468,13.9986984217561,14.0012174918173,13.7042175857244,14.0518047197275
553.2,7,7,6.99934959802597,7.00060832931862,7.23060021034694,6.73439277555929,13.9986991960519,14.0012166586372,13.7041376267525,14.0518931534882
553.3,7,7,6.99934998491044,7.00060791310794,7.2306070944121,6.73438568824525,13.9986999698209,14.0012158262159,13.7040577289105,14.0519815141184
553.4,7,7,6.99935037159665,7.00060749718258,7.23061397454005,6.73437860537093,13.9987007431933,14.0012149943652,13.7039778770646,14.0520698197306
553.5,7,7,6.99935075808468,7.00060708154236,7.23062085073265,6.73437152693372,13.9987015161694,14.0012141630847,13.7038980711926,14.0521580703563
553.6,7,7,6.99935114437461,7.00060666618708,7.23062772299178,6.73436445293104,13.9987022887492,14.0012133323742,13.7038183112724,14.0522462660274
553.7,7,7,6.99935153046546,7.00060625111804,7.23063459129859,6.73435738338364,13.9987030609309,14.0012125022361,13.7037385975237,14.0523344064863
553.8,7,7,6.99935191629348,7.00060583642679,7.23064145438774,6.73435031971696,13.998703832587,14.0012116728536,13.703658944728,14.0524224740675
553.9,7,7,6.99935230192369,7.0006054220197,7.23064831355089,6.73434326047446,13.9987046038474,14.0012108440394,13.7035793377953,14.0525104868208
554,7,7,6.99935268735619,7.00060500789659,7.2306551687899,6.73433620565357,13.9987053747124,14.0012100157932,13.7034997767036,14.0525984447777
554.1,7,7,6.99935307259104,7.00060459405726,7.23066202010666,6.73432915525171,13.9987061451821,14.0012091881145,13.7034202614306,14.0526863479699
554.2,7,7,6.99935345762727,7.00060418050302,7.23066886748238,6.73432210928956,13.9987069152545,14.001208361006,13.7033407921956,14.0527741961408
554.3,7,7,6.99935384240127,7.00060376732502,7.23067570965529,6.73431506918757,13.9987076848025,14.00120753465,13.7032613837371,14.0528619716858
554.4,7,7,6.99935422697793,7.00060335443003,7.23068254791341,6.7343080334943,13.9987084539559,14.0012067088601,13.703182021009,14.0529496925924
554.5,7,7,6.99935461135732,7.00060294181786,7.23068938225859,6.73430100220719,13.9987092227146,14.0012058836357,13.7031027039891,14.0530373588919
554.6,7,7,6.99935499553952,7.00060252948833,7.23069621269269,6.73429397532366,13.998709991079,14.0012050589767,13.7030234326554,14.0531249706159
554.7,7,7,6.99935537952357,7.00060211744272,7.230703039197,6.73428695286431,13.9987107590471,14.0012042348854,13.7029442072263,14.0532125275087
554.8,7,7,6.99935576324599,7.00060170577182,7.23070986051334,6.73427993624466,13.998711526492,14.0012034115436,13.7028650423979,14.0533000120266
554.9,7,7,6.99935614677152,7.00060129438279,7.23071667792606,6.73427292401833,13.998712293543,14.0012025887656,13.7027859231673,14.0533874420947
555,7,7,6.99935653010025,7.00060088327543,7.230723491437,6.73426591618276,13.9987130602005,14.0012017665509,13.7027068495127,14.0534748177444
555.1,7,7,6.99935691323223,7.00060047244956,7.23073030104802,6.73425891273538,13.9987138264645,14.0012009448991,13.7026278214119,14.0535621390072
555.2,7,7,6.99935729616652,7.00060006190646,7.23073710674046,6.73425191369675,13.998714592333,14.0012001238129,13.7025488390828,14.0536494056281
555.3,7,7,6.99935767883979,7.00059965173655,7.23074390725975,6.73424492047739,13.9987153576796,14.0011993034731,13.7024699171788,14.053736600124
555.4,7,7,6.99935806131662,7.00059924184736,7.23075070388656,6.73423793163602,13.9987161226332,14.0011984836947,13.7023910407407,14.0538237403583
555.5,7,7,6.9993584435971,7.0005988322387,7.23075749662272,6.73423094717006,13.9987168871942,14.0011976644774,13.7023122097464,14.0539108263621
555.6,7,7,6.9993588256813,7.00059842291039,7.23076428547011,6.73422396707698,13.9987176513626,14.0011968458208,13.7022334241741,14.0539978581667
555.7,7,7,6.99935920756826,7.00059801386369,7.2307710704101,6.73421699137724,13.9987184151365,14.0011960277274,13.7021546842407,14.0540848355182
555.8,7,7,6.9993595891948,7.00059760518868,7.23077785019171,6.73421002147647,13.9987191783896,14.0011952103774,13.7020760045574,14.0541717409937
555.9,7,7,6.99935997062535,7.00059719679325,7.23078462609194,6.73420305593838,13.9987199412507,14.0011943935865,13.7019973702082,14.0542585923949
556,7,7,6.99936035186001,7.00059678867721,7.23079139811266,6.73419609476044,13.99872070372,14.0011935773544,13.7019187811711,14.054345389753
556.1,7,7,6.99936073289884,7.00059638084038,7.2307981662557,6.7341891379401,13.9987214657977,14.0011927616808,13.7018402374243,14.0544321330989
556.2,7,7,6.99936111374088,7.00059597328403,7.2308049305025,6.73418218549777,13.9987222274818,14.0011919465681,13.7017617391843,14.0545188221796
556.3,7,7,6.99936149432311,7.00059556609785,7.23081168960566,6.73417523883415,13.9987229886462,14.0011911321957,13.7016833010196,14.0546054396326
556.4,7,7,6.99936187470981,7.00059515919012,7.23081844483854,6.734168296518,13.9987237494196,14.0011903183802,13.7016049080576,14.0546920031979
556.5,7,7,6.99936225490106,7.00059475256065,7.23082519620298,6.73416135854677,13.9987245098021,14.0011895051213,13.7015265602763,14.0547785129064
556.6,7,7,6.99936263489693,7.00059434620926,7.23083194370083,6.73415442491793,13.9987252697939,14.0011886924185,13.701448257654,14.0548649687894
556.7,7,7,6.99936301469648,7.00059394013721,7.23083868731358,6.73414749565182,13.998726029393,14.0011878802744,13.7013700004065,14.0549513705944
556.8,7,7,6.99936339423681,7.00059353443383,7.23084542579739,6.73414057214426,13.9987267884736,14.0011870688677,13.7012918030601,14.0550377010188
556.9,7,7,6.99936377358206,7.00059312900777,7.23085216042197,6.73413365296899,13.9987275471641,14.0011862580155,13.7012136507852,14.0551239777415
557,7,7,6.99936415273232,7.00059272385885,7.23085889118918,6.73412673812349,13.9987283054646,14.0011854477177,13.7011355435601,14.0552102007934
557.1,7,7,6.99936453168765,7.00059231898687,7.23086561810086,6.73411982760522,13.9987290633753,14.0011846379737,13.7010574813629,14.0552963702053
557.2,7,7,6.99936491044711,7.00059191439311,7.23087234113854,6.73411292143446,13.9987298208942,14.0011838287862,13.7009794644089,14.0553824857259
557.3,7,7,6.99936528894794,7.00059151016652,7.23087905906194,6.73410602100216,13.9987305778959,14.001183020333,13.7009015071822,14.0554685301122
557.4,7,7,6.99936566725416,7.00059110621613,7.23088577313717,6.73409912488703,13.9987313345083,14.0011822124323,13.7008235948963,14.055554520982
557.5,7,7,6.99936604536583,7.00059070254176,7.23089248336605,6.73409223308656,13.9987320907317,14.0011814050835,13.7007457275293,14.0556404583661
557.6,7,7,6.99936642328302,7.00059029914321,7.23089918975043,6.73408534559824,13.998732846566,14.0011805982864,13.7006679050597,14.0557263422953
557.7,7,7,6.99936680100479,7.00058989602175,7.23090589227188,6.73407846244225,13.9987336020096,14.0011797920435,13.7005901277018,14.0558121725191
557.8,7,7,6.99936717846855,7.00058949326598,7.23091258969371,6.73407158500471,13.9987343569371,14.001178986532,13.700512409898,14.0558979318539
557.9,7,7,6.99936755573812,7.0005890907853,7.23091928327836,6.73406471186929,13.9987351114762,14.0011781815706,13.7004347369044,14.0559836378568
558,7,7,6.99936793281361,7.0005886885795,7.23092597302767,6.73405784303349,13.9987358656272,14.001177377159,13.7003571086994,14.0560692905584
558.1,7,7,6.99936830969506,7.00058828664842,7.23093265894347,6.73405097849479,13.9987366193901,14.0011765732968,13.7002795252614,14.0561548899896
558.2,7,7,6.99936868638155,7.0005878849933,7.23093934100742,6.73404411827332,13.9987373727631,14.0011757699866,13.7002019868042,14.0562404359005
558.3,7,7,6.99936906281061,7.0005874837024,7.23094601798633,6.73403726375036,13.9987381256212,14.0011749674048,13.700124507728,14.0563259111668
558.4,7,7,6.99936943904595,7.00058708268547,7.23095269113905,6.73403041351452,13.9987388780919,14.0011741653709,13.700047073332,14.0564113332852
558.5,7,7,6.99936981508765,7.00058668194232,7.23095936046742,6.7340235675633,13.9987396301753,14.0011733638846,13.6999696835945,14.0564967022861
558.6,7,7,6.99937019093576,7.00058628147277,7.23096602597325,6.73401672589421,13.9987403818715,14.0011725629455,13.6998923384939,14.0565820182001
558.7,7,7,6.99937056658936,7.00058588127807,7.23097268763825,6.7340098885273,13.9987411331787,14.0011717625561,13.6998150382435,14.0566672807784
558.8,7,7,6.99937094198613,7.00058548144611,7.23097934423279,6.73400305683903,13.9987418839723,14.0011709628922,13.6997377972016,14.0567524729556
558.9,7,7,6.99937131718962,7.00058508188701,7.23098599701209,6.73399622942294,13.9987426343792,14.001170163774,13.6996606007101,14.0568376121681
559,7,7,6.99937169219992,7.00058468260059,7.23099264597799,6.73398940627654,13.9987433843998,14.0011693652012,13.6995834487473,14.0569226984462
559.1,7,7,6.99937206701708,7.00058428358667,7.2309992911323,6.73398258739735,13.9987441340342,14.0011685671733,13.6995063412917,14.0570077318204
559.2,7,7,6.99937244164018,7.00058388484648,7.23100593245679,6.73397577280534,13.9987448832804,14.001167769693,13.6994292785559,14.0570927120427
559.3,7,7,6.99937281600705,7.00058348646757,7.23101256872534,6.73396896387219,13.9987456320141,14.0011669729351,13.6993522748566,14.0571776221066
559.4,7,7,6.99937319018108,7.00058308836042,7.23101920118958,6.73396215919632,13.9987463803622,14.0011661767208,13.6992753155782,14.0572624793883
559.5,7,7,6.99937356416237,7.00058269052484,7.23102582985135,6.73395535877527,13.9987471283247,14.0011653810497,13.6991984006991,14.057347283918
559.6,7,7,6.99937393795097,7.00058229296066,7.23103245471247,6.73394856260656,13.9987478759019,14.0011645859213,13.6991215301978,14.0574320357261
559.7,7,7,6.99937431154596,7.00058189566912,7.23103907575473,6.7339417707101,13.9987486230919,14.0011637913382,13.6990447042863,14.0575167345654
559.8,7,7,6.9993746848853,7.00058149873739,7.23104569175555,6.73393498445279,13.9987493697706,14.0011629974748,13.6989679372396,14.0576013634881
559.9,7,7,6.99937505803226,7.00058110207632,7.23105230396297,6.73392820243793,13.9987501160645,14.0011622041526,13.6988912144846,14.0576859398103
560,7,7,6.99937543098692,7.00058070568573,7.23105891237881,6.73392142466306,13.9987508619738,14.0011614113715,13.6988145359999,14.0577704635623
560.1,7,7,6.99937580374934,7.00058030956544,7.2310655170049,6.73391465112573,13.9987516074987,14.0011606191309,13.6987379017638,14.0578549347744
560.2,7,7,6.99937617631859,7.00057991371669,7.23107211782309,6.73390788184576,13.9987523526372,14.0011598274334,13.6986613119879,14.0579393532001
560.3,7,7,6.99937654863279,7.0005795182263,7.23107871361428,6.7339011181853,13.9987530972656,14.0011590364526,13.6985847809056,14.0580237019501
560.4,7,7,6.99937692075506,7.00057912300548,7.23108530562297,6.73389435875252,13.9987538415101,14.001158246011,13.6985082939862,14.0581079982807
560.5,7,7,6.99937729268546,7.00057872805405,7.23109189385095,6.73388760354497,13.9987545853709,14.0011574561081,13.6984318512081,14.0581922422223
560.6,7,7,6.99937766442408,7.00057833337182,7.23109847830005,6.7338808525602,13.9987553288482,14.0011566667436,13.6983554525501,14.0582764338048
560.7,7,7,6.99937803596998,7.00057793896004,7.23110505895218,6.73387410581797,13.99875607194,14.0011558779201,13.6982790982228,14.0583605727827
560.8,7,7,6.99937840726141,7.00057754490518,7.23111163459173,6.73386736467568,13.9987568145228,14.0011550898104,13.6982028024184,14.0584446423248
560.9,7,7,6.99937877836136,7.0005771511188,7.23111820645963,6.73386062774637,13.9987575567227,14.0011543022376,13.6981265506482,14.0585286596282
561,7,7,6.99937914926988,7.00057675760072,7.23112477455767,6.73385389502757,13.9987582985398,14.0011535152014,13.698050342891,14.0586126247227
561.1,7,7,6.99937951998707,7.00057636435076,7.23113133888768,6.73384716651684,13.9987590399741,14.0011527287015,13.6979741791254,14.0586965376386
561.2,7,7,6.99937989051198,7.00057597137016,7.23113789943161,6.73384044223389,13.998759781024,14.0011519427403,13.6978980595616,14.058780398131
561.3,7,7,6.99938026078302,7.00057557874504,7.23114445497736,6.73383372353139,13.998760521566,14.0011511574901,13.6978219983501,14.0588641894266
561.4,7,7,6.99938063086301,7.00057518638731,7.23115100676228,6.7338270090272,13.998761261726,14.0011503727746,13.6977459810448,14.0589479286632
561.5,7,7,6.99938100075203,7.00057479429681,7.23115755478817,6.73382029871888,13.9987620015041,14.0011495885936,13.6976700076243,14.0590316158708
561.6,7,7,6.99938137045015,7.00057440247335,7.23116409905684,6.73381359260398,13.9987627409003,14.0011488049467,13.6975940780672,14.0591152510793
561.7,7,7,6.99938173995644,7.00057401091816,7.23117063955031,6.73380689070216,13.9987634799129,14.0011480218363,13.6975181925832,14.0591988340448
561.8,7,7,6.99938210920945,7.00057361971702,7.23117717505995,6.73380019436136,13.9987642184189,14.001147239434,13.6974423652817,14.0592823480517
561.9,7,7,6.99938247827185,7.0005732287822,7.23118370681956,6.73379350220426,13.9987649565437,14.0011464575644,13.6973665817584,14.0593658101787
562,7,7,6.99938284714373,7.00057283811353,7.23119023483094,6.73378681422844,13.9987656942875,14.0011456762271,13.6972908419921,14.0594492204558
562.1,7,7,6.99938321582515,7.00057244771082,7.2311967590959,6.73378013043145,13.9987664316503,14.0011448954216,13.6972151459615,14.0595325789127
562.2,7,7,6.99938358431518,7.0005720575753,7.23120327959649,6.73377345083288,13.9987671686304,14.0011441151506,13.6971394938755,14.0596158853064
562.3,7,7,6.99938395255252,7.0005716677924,7.23120979512758,6.73376677677599,13.998767905105,14.0011433355848,13.6970638998025,14.0596991229788
562.4,7,7,6.9993843205997,7.00057127827476,7.23121630691942,6.73376010688825,13.9987686411994,14.0011425565495,13.6969883493802,14.0597823089498
562.5,7,7,6.99938468845679,7.00057088902218,7.2312228149738,6.73375344116725,13.9987693769136,14.0011417780444,13.6969128425873,14.0598654432493
562.6,7,7,6.99938505612386,7.00057050003451,7.23122931929252,6.73374677961054,13.9987701122477,14.001141000069,13.6968373794027,14.0599485259068
562.7,7,7,6.9993854236,7.00057011131295,7.2312358198577,6.73374012223765,13.9987708472,14.0011402226259,13.6967619600347,14.0600315566803
562.8,7,7,6.99938579082402,7.00056972294259,7.23124231546766,6.73373347038717,13.998771581648,14.0011394458852,13.6966865985105,14.0601145189688
562.9,7,7,6.99938615785833,7.00056933483642,7.23124880734911,6.73372682269135,13.9987723157167,14.0011386696728,13.6966112805098,14.0601974297338
563,7,7,6.99938652470299,7.00056894699425,7.23125529550386,6.73372017914776,13.998773049406,14.0011378939885,13.6965360060113,14.060280289005
563.1,7,7,6.99938689135807,7.00056855941592,7.23126177993368,6.73371353975401,13.9987737827161,14.0011371188318,13.696460774994,14.0603630968119
563.2,7,7,6.99938725782266,7.00056817210263,7.23126826062076,6.73370690452952,13.9987745156453,14.0011363442053,13.6963855876654,14.0604458529132
563.3,7,7,6.99938762403573,7.00056778513913,7.23127473636686,6.73370027480824,13.9987752480715,14.0011355702783,13.6963104580121,14.060528540765
563.4,7,7,6.99938799005952,7.00056739843876,7.23128120839519,6.73369364922718,13.998775980119,14.0011347968775,13.6962353717553,14.0606111772705
563.5,7,7,6.9993883558941,7.00056701200133,7.23128767670753,6.73368702778392,13.9987767117882,14.0011340240027,13.6961603288739,14.0606937624593
563.6,7,7,6.99938872153954,7.00056662582667,7.23129414130566,6.73368041047607,13.9987774430791,14.0011332516533,13.6960853293468,14.0607762963608
563.7,7,7,6.99938908699493,7.00056623991599,7.23130060217182,6.73367379732299,13.9987781739899,14.001132479832,13.6960103733811,14.0608587787344
563.8,7,7,6.99938945219939,7.0005658543537,7.23130705811121,6.733667189654,13.9987789043988,14.0011317087074,13.6959354749224,14.0609411930932
563.9,7,7,6.999389817215,7.00056546905347,7.23131351034353,6.73366058611083,13.99877963443,14.0011309381069,13.6958606197336,14.0610235562822
564,7,7,6.99939018204185,7.00056508401513,7.23131995887055,6.7336539866911,13.9987803640837,14.0011301680303,13.6957858077936,14.061105868331
564.1,7,7,6.99939054668,7.00056469923851,7.23132640369405,6.7336473913924,13.99878109336,14.001129398477,13.6957110390814,14.0611881292686
564.2,7,7,6.99939091112854,7.0005643147248,7.23133284479632,6.73364080023403,13.9987818222571,14.0011286294496,13.6956363138036,14.0612703388556
564.3,7,7,6.99939127532672,7.00056393055809,7.23133928098601,6.73363421454071,13.9987825506534,14.0011278611162,13.6955616458648,14.0613524806616
564.4,7,7,6.9993916393365,7.00056354665238,7.23134571347929,6.73362763295887,13.998783278673,14.0011270933048,13.6954870210697,14.0614345714737
564.5,7,7,6.99939200315796,7.00056316300752,7.23135214227795,6.73362105548613,13.9987840063159,14.001126326015,13.6954124393973,14.0615166113212
564.6,7,7,6.99939236679115,7.00056277962332,7.23135856738375,6.73361448212012,13.9987847335823,14.0011255592466,13.6953379008264,14.0615986002334
564.7,7,7,6.99939273023518,7.00056239650098,7.23136498877903,6.73360791288005,13.9987854604704,14.001124793002,13.6952634055631,14.0616805379713
564.8,7,7,6.99939309342943,7.00056201372424,7.23137140527588,6.73360134908605,13.9987861868589,14.0011240274485,13.6951889674714,14.0617624081611
564.9,7,7,6.99939345643572,7.00056163120746,7.23137781808697,6.73359478938925,13.9987869128714,14.0011232624149,13.6951145723975,14.0618442275323
565,7,7,6.99939381925412,7.00056124895048,7.23138422721407,6.73358823378729,13.9987876385082,14.001122497901,13.6950402203203,14.0619259961141
565.1,7,7,6.9993941818847,7.00056086695311,7.23139063265896,6.73358168227779,13.9987883637694,14.0011217339062,13.6949659112188,14.0620077139354
565.2,7,7,6.99939454432655,7.00056048521656,7.23139703440401,6.73357513487991,13.9987890886531,14.0011209704331,13.6948916452984,14.0620893807584
565.3,7,7,6.9993949065192,7.00056010382421,7.23140343126475,6.73356859290918,13.9987898130384,14.0011202076484,13.6948174363827,14.0621709802653
565.4,7,7,6.99939526852433,7.00055972269079,7.23140982445034,6.73356205502143,13.9987905370487,14.0011194453816,13.6947432703591,14.0622525291282
565.5,7,7,6.99939563034201,7.00055934181612,7.23141621396257,6.73355552121429,13.998791260684,14.0011186836322,13.6946691472066,14.0623340273761
565.6,7,7,6.9993959919723,7.00055896120003,7.23142259980319,6.73354899148541,13.9987919839446,14.0011179224001,13.6945950669043,14.062415475038
565.7,7,7,6.9993963534143,7.0005585808437,7.23142898195464,6.73354246585388,13.9987927068286,14.0011171616874,13.6945210296569,14.0624968718766
565.8,7,7,6.99939671460769,7.0005582008302,7.23143535923585,6.73353594563065,13.9987934292154,14.0011164016604,13.6944470492477,14.0625782016304
565.9,7,7,6.99939707561399,7.00055782107459,7.23144173285252,6.73352942947624,13.998794151228,14.0011156421492,13.6943731116052,14.0626594809142
566,7,7,6.99939743643327,7.00055744157669,7.23144810280641,6.73352291738828,13.9987948728665,14.0011148831534,13.6942992167086,14.0627407097567
566.1,7,7,6.99939779706561,7.00055706233633,7.23145446909927,6.73351640936441,13.9987955941312,14.0011141246727,13.6942253645369,14.062821888187
566.2,7,7,6.99939815751009,7.0005566833547,7.23146083171361,6.73350990542368,13.9987963150202,14.0011133667094,13.6941515552944,14.0629030159685
566.3,7,7,6.99939851770654,7.00055630471452,7.23146718947175,6.73350340687248,13.9987970354131,14.001112609429,13.6940778027239,14.0629840768956
566.4,7,7,6.99939887771634,7.0005559263312,7.23147354357591,6.73349691237597,13.9987977554327,14.0011118526624,13.694004092795,14.0630650875259
566.5,7,7,6.99939923753955,7.00055554820455,7.23147989402785,6.7334904219318,13.9987984750791,14.0011110964091,13.6939304254871,14.0631460478881
566.6,7,7,6.99939959717625,7.00055517033442,7.23148624082934,6.73348393553763,13.9987991943525,14.0011103406688,13.6938568007793,14.0632269580112
566.7,7,7,6.99939995662554,7.00055479272197,7.23149258396291,6.73347745321243,13.9987999132511,14.0011095854439,13.693783218875,14.0633078176595
566.8,7,7,6.99940031582737,7.00055441544962,7.23149892225429,6.73347097625807,13.9988006316547,14.0011088308992,13.693709693477,14.0633886106828
566.9,7,7,6.99940067484297,7.00055403843309,7.23150525690223,6.73346450334433,13.9988013496859,14.0011080768662,13.6936362105961,14.0634693535819
567,7,7,6.99940103367244,7.00055366167221,7.2315115879085,6.73345803446887,13.9988020673449,14.0011073233444,13.6935627702114,14.0635500463856
567.1,7,7,6.99940139231582,7.00055328516682,7.23151791527484,6.73345156962936,13.9988027846316,14.0011065703336,13.6934893723022,14.0636306891225
567.2,7,7,6.99940175077223,7.00055290891808,7.23152423898385,6.73344510884469,13.9988035015445,14.0011058178362,13.6934160170714,14.0637112815578
567.3,7,7,6.99940210898176,7.00055253300807,7.23153055786465,6.73343865341225,13.9988042179635,14.0011050660161,13.6933427181816,14.0637918075968
567.4,7,7,6.9994024670055,7.00055215735286,7.23153687311253,6.73343220200641,13.998804934011,14.0011043147057,13.6932694616845,14.0638722836837
567.5,7,7,6.99940282484353,7.00055178195228,7.23154318472924,6.73342575462485,13.9988056496871,14.0011035639046,13.6931962475593,14.0639527098471
567.6,7,7,6.99940318249591,7.00055140680617,7.23154949271653,6.73341931126525,13.9988063649918,14.0011028136123,13.6931230757853,14.0640330861155
567.7,7,7,6.99940353996175,7.00055103191568,7.23155579705706,6.73341287194643,13.9988070799235,14.0011020638314,13.6930499465648,14.0641134122549
567.8,7,7,6.99940389718129,7.00055065736257,7.23156209658331,6.73340643796127,13.9988077943626,14.0011013147251,13.6929768735205,14.0641936722258
567.9,7,7,6.99940425421548,7.00055028306324,7.23156839248713,6.73340000798875,13.998808508431,14.0011005661265,13.6929038427447,14.064273882416
568,7,7,6.99940461106438,7.00054990901752,7.23157468477028,6.73339358202657,13.9988092221288,14.001099818035,13.6928308542169,14.0643540428539
568.1,7,7,6.99940496772808,7.00054953522525,7.23158097343449,6.73338716007239,13.9988099354562,14.0010990704505,13.6927579079163,14.064434153568
568.2,7,7,6.99940532420566,7.00054916168758,7.23158725846246,6.733380742145,13.9988106484113,14.0010983233752,13.6926850040446,14.0645142143251
568.3,7,7,6.99940568043752,7.00054878848594,7.23159353869007,6.73337432953277,13.998811360875,14.0010975769719,13.6926121561847,14.0645942091407
568.4,7,7,6.99940603648446,7.00054841553707,7.23159981530571,6.73336792091927,13.9988120729689,14.0010968310741,13.6925393504696,14.0646741543463
568.5,7,7,6.99940639234655,7.0005480428408,7.23160608831114,6.73336151630221,13.9988127846931,14.0010960856816,13.6924665868788,14.0647540499703
568.6,7,7,6.99940674802386,7.00054767039696,7.23161235770809,6.73335511567927,13.9988134960477,14.0010953407939,13.6923938653915,14.064833896041
568.7,7,7,6.9994071035155,7.0005472982067,7.23161862347931,6.73334871906915,13.998814207031,14.0010945964134,13.6923211862089,14.0649136923261
568.8,7,7,6.99940745876198,7.00054692635114,7.23162488446404,6.73334232775578,13.998814917524,14.0010938527023,13.6922485628741,14.0649934228958
568.9,7,7,6.99940781382397,7.00054655474733,7.23163114184724,6.73333594042729,13.9988156276479,14.0010931094947,13.6921759815606,14.0650731040256
569,7,7,6.99940816870155,7.00054618339511,7.23163739563067,6.73332955708139,13.9988163374031,14.0010923667902,13.692103442248,14.0651527357438
569.1,7,7,6.99940852339478,7.00054581229431,7.23164364581604,6.73332317771576,13.9988170467896,14.0010916245886,13.6920309449156,14.0652323180787
569.2,7,7,6.99940887790277,7.0005454414461,7.23164989238617,6.73331680234906,13.9988177558055,14.0010908828922,13.691958489764,14.0653118507986
569.3,7,7,6.99940923216618,7.00054507093123,7.23165613418364,6.73331043226075,13.9988184643324,14.0010901418625,13.6918860902965,14.0653913180284
569.4,7,7,6.99940958624552,7.00054470066711,7.23166237239001,6.73330406614352,13.998819172491,14.0010894013342,13.6918137327273,14.0654707359879
569.5,7,7,6.99940994014089,7.00054433065358,7.23166860700701,6.73329770399507,13.9988198802818,14.0010886613072,13.6917414170358,14.0655501047051
569.6,7,7,6.99941029385233,7.00054396089047,7.23167483803636,6.73329134581312,13.9988205877047,14.0010879217809,13.6916691432017,14.0656294242083
569.7,7,7,6.99941064737897,7.00054359137893,7.23168106546092,6.73328499161624,13.9988212947579,14.0010871827579,13.6915969114246,14.0657086942667
569.8,7,7,6.9994110006616,7.0005432221994,7.23168728812664,6.73327864267948,13.9988220013232,14.0010864443988,13.6915247351685,14.0657878990594
569.9,7,7,6.9994113537606,7.00054285326963,7.23169350721163,6.73327229770004,13.9988227075212,14.0010857065393,13.6914526006878,14.0658670547506
570,7,7,6.99941170667604,7.00054248458945,7.23169972271763,6.73326595667564,13.9988234133521,14.0010849691789,13.6913805079622,14.0659461613684
570.1,7,7,6.999412059408,7.00054211615869,7.23170593464638,6.733259619604,13.998824118816,14.0010842323174,13.6913084569711,14.0660252189408
570.2,7,7,6.99941241195558,7.00054174797849,7.23171214298076,6.73325328650363,13.9988248239112,14.001083495957,13.6912364479139,14.0661042272378
570.3,7,7,6.99941276425972,7.00054138012899,7.23171834657006,6.73324695864517,13.9988255285194,14.001082760258,13.6911644942148,14.0661831704929
570.4,7,7,6.99941311638066,7.00054101252824,7.23172454658901,6.73324063473033,13.9988262327613,14.0010820250565,13.6910925821687,14.0662620648146
570.5,7,7,6.99941346831847,7.00054064517609,7.23173074303932,6.73323431475684,13.9988269366369,14.0010812903522,13.6910207117552,14.0663409102311
570.6,7,7,6.99941382007323,7.00054027807236,7.23173693592273,6.73322799872242,13.9988276401465,14.0010805561447,13.6909488829538,14.0664197067703
570.7,7,7,6.99941417164405,7.0005399112182,7.23174312522218,6.73322168664553,13.9988283432881,14.0010798224364,13.6908770959633,14.0664984542029
570.8,7,7,6.99941452297199,7.00053954469342,7.2317493097903,6.73321537979239,13.998829045944,14.0010790893868,13.6908053641686,14.0665771368163
570.9,7,7,6.99941487411716,7.0005391784164,7.23175549079839,6.73320907686922,13.9988297482343,14.0010783568328,13.6907336739047,14.0666557706642
571,7,7,6.99941522507963,7.00053881238699,7.23176166824819,6.73320277787377,13.9988304501593,14.001077624774,13.6906620251512,14.0667343557743
571.1,7,7,6.99941557585947,7.00053844660501,7.23176784214141,6.73319648280375,13.9988311517189,14.00107689321,13.6905904178879,14.0668128921744
571.2,7,7,6.9994159264558,7.0005380810716,7.23177401246104,6.73319019167757,13.9988318529116,14.0010761621432,13.6905188523128,14.0668913796362
571.3,7,7,6.99941627680983,7.00053771586626,7.23178017806304,6.73318390575707,13.9988325536197,14.0010754317325,13.6904473417714,14.0669698025009
571.4,7,7,6.99941662698151,7.0005373509077,7.23178634011533,6.73317762375294,13.998833253963,14.0010747018154,13.6903758726391,14.067048176767
571.5,7,7,6.99941697697092,7.00053698619575,7.23179249861964,6.73317134566293,13.9988339539418,14.0010739723915,13.6903044448953,14.0671265024623
571.6,7,7,6.99941732677814,7.00053662173026,7.23179865357767,6.73316507148477,13.9988346535563,14.0010732434605,13.6902330585199,14.0672047796144
571.7,7,7,6.99941767640226,7.00053625751235,7.23180480497247,6.7331588012368,13.9988353528045,14.0010725150247,13.6901617137104,14.0672830079958
571.8,7,7,6.99941802578465,7.00053589362119,7.2318109516633,6.7331525361765,13.9988360515693,14.0010717872424,13.6900904237731,14.0673611720013
571.9,7,7,6.99941837498513,7.00053552997583,7.23181709481472,6.73314627501903,13.9988367499703,14.0010710599517,13.6900191751233,14.0674392875745
572,7,7,6.99941872400376,7.00053516657611,7.23182323442842,6.73314001776214,13.9988374480075,14.0010703331522,13.6899479677405,14.0675173547432
572.1,7,7,6.99941907284062,7.00053480342186,7.23182937050613,6.73313376440357,13.9988381456812,14.0010696068437,13.6898768016047,14.0675953735351
572.2,7,7,6.99941942149482,7.00053444051421,7.23183550303094,6.7331275149616,13.9988388429896,14.0010688810284,13.6898056769127,14.0676733437231
572.3,7,7,6.99941976990785,7.00053407793201,7.23184163086542,6.73312127068935,13.9988395398157,14.001068155864,13.6897346069319,14.0677512497556
572.4,7,7,6.99942011813939,7.00053371559464,7.23184775517073,6.73311503030643,13.9988402362788,14.0010674311893,13.6896635781171,14.0678291075217
572.5,7,7,6.99942046618952,7.00053335350192,7.2318538759486,6.73310879381061,13.998840932379,14.0010667070038,13.6895925904484,14.067906917049
572.6,7,7,6.9994208140583,7.0005329916537,7.23185999320072,6.73310256119962,13.9988416281166,14.0010659833074,13.6895216439054,14.067984678365
572.7,7,7,6.99942116174484,7.00053263005109,7.23186610691024,6.73309633249169,13.9988423234897,14.0010652601022,13.6894507386845,14.0680623912435
572.8,7,7,6.99942150919079,7.00053226877265,7.23187221594303,6.73309010893561,13.9988430183816,14.0010645375453,13.6893798880141,14.068140040186
572.9,7,7,6.99942185645567,7.00053190773806,7.2318783214569,6.73308388925542,13.9988437129113,14.0010638154761,13.6893090783889,14.0682176410274
573,7,7,6.99942220353955,7.00053154694715,7.23188442345355,6.73307767344887,13.9988444070791,14.0010630938943,13.6892383097888,14.068295193795
573.1,7,7,6.99942255044252,7.00053118639976,7.23189052193467,6.73307146151374,13.998845100885,14.0010623727995,13.6891675821936,14.0683726985163
573.2,7,7,6.99942289716369,7.00053082609701,7.23189661688347,6.73306525346816,13.9988457943274,14.001061652194,13.6890968957991,14.0684501549659
573.3,7,7,6.99942324364481,7.00053046611714,7.23190270716912,6.73305905055663,13.9988464872896,14.0010609322343,13.6890262637947,14.0685275476983
573.4,7,7,6.9994235899453,7.00053010638015,7.23190879394605,6.73305285150759,13.9988471798906,14.0010602127603,13.688955672715,14.0686048924941
573.5,7,7,6.99942393606521,7.00052974688587,7.23191487721596,6.7330466563188,13.9988478721304,14.0010594937717,13.6888851225398,14.0686821893806
573.6,7,7,6.99942428200464,7.00052938763415,7.23192095698056,6.73304046498806,13.9988485640093,14.0010587752683,13.6888146132489,14.0687594383852
573.7,7,7,6.99942462776268,7.0005290286261,7.23192703322308,6.73303427753342,13.9988492555254,14.0010580572522,13.6887441450377,14.0688366392832
573.8,7,7,6.99942497328125,7.00052866993964,7.23193310481598,6.73302809519509,13.9988499465625,14.0010573398793,13.6886737310568,14.068913776682
573.9,7,7,6.9994253186196,7.0005283114951,7.23193917291035,6.7330219167059,13.9988506372392,14.0010566229902,13.6886033578802,14.0689908663082
574,7,7,6.99942566377781,7.00052795329231,7.23194523750788,6.73301574206363,13.9988513275556,14.0010559065846,13.6885330254878,14.0690679081889
574.1,7,7,6.99942600875595,7.00052759533111,7.23195129861027,6.73300957126607,13.9988520175119,14.0010551906622,13.6884627338596,14.0691449023516
574.2,7,7,6.99942635355314,7.00052723761261,7.23195735620082,6.73300340433123,13.9988527071063,14.0010544752252,13.6883924831902,14.0692218485721
574.3,7,7,6.99942669811141,7.00052688021444,7.23196340915523,6.73299724249501,13.9988533962228,14.0010537604289,13.6883222865917,14.0692987315107
574.4,7,7,6.99942704248989,7.00052652305721,7.23196945862128,6.73299108449465,13.9988540849798,14.0010530461144,13.6882521306774,14.06937556684
574.5,7,7,6.99942738668866,7.00052616614078,7.23197550460064,6.73298493032791,13.9988547733773,14.0010523322816,13.6881820154275,14.0694523545872
574.6,7,7,6.99942773070777,7.00052580946498,7.23198154709502,6.7329787799926,13.9988554614155,14.00105161893,13.6881119408218,14.0695290947794
574.7,7,7,6.99942807454635,7.00052545303092,7.23198758608774,6.73297263350666,13.9988561490927,14.0010509060618,13.6880419070546,14.0696057871935
574.8,7,7,6.99942841814659,7.00052509691591,7.23199362045781,6.73296649210175,13.9988568362932,14.0010501938318,13.687971927199,14.0696824165419
574.9,7,7,6.99942876156745,7.00052474104089,7.23199965134964,6.73296035451943,13.9988575231349,14.0010494820818,13.6879019879081,14.0697589984439
575,7,7,6.99942910480902,7.00052438540572,7.23200567876492,6.73295422075751,13.998858209618,14.0010487708114,13.6878320891618,14.0698355329264
575.1,7,7,6.99942944787136,7.00052403001022,7.23201170270533,6.73294809081377,13.9988588957427,14.0010480600204,13.6877622309403,14.0699120200165
575.2,7,7,6.9994297907536,7.0005236748555,7.23201772315427,6.73294196470613,13.9988595815072,14.001047349711,13.687692413437,14.0699884594919
575.3,7,7,6.99943013339805,7.00052332001857,7.23202373899398,6.73293584366196,13.9988602667961,14.0010466400371,13.6876226496867,14.0700648361172
575.4,7,7,6.99943047586355,7.00052296542068,7.23202975136556,6.73292972642719,13.9988609517271,14.0010459308414,13.6875529263817,14.0701411654582
575.5,7,7,6.99943081815017,7.00052261106168,7.2320357602707,6.73292361299962,13.9988616363003,14.0010452221234,13.687483243502,14.0702174475419
575.6,7,7,6.99943116025799,7.00052225694141,7.23204176571107,6.73291750337706,13.998862320516,14.0010445138828,13.6874136010278,14.0702936823951
575.7,7,7,6.99943150218613,7.00052190306097,7.23204776767012,6.73291139757735,13.9988630043723,14.0010438061219,13.6873439991519,14.0703698697963
575.8,7,7,6.99943184387704,7.00052154949705,7.23205376503334,6.73290529682363,13.9988636877541,14.0010430989941,13.6872744508709,14.0704459945623
575.9,7,7,6.99943218538942,7.00052119617123,7.23205975893851,6.73289919986616,13.9988643707788,14.0010423923425,13.6872049429161,14.0705220722055
576,7,7,6.99943252672335,7.00052084308335,7.23206574938731,6.73289310670275,13.9988650534467,14.0010416861667,13.6871354752675,14.0705981027529
576.1,7,7,6.99943286787889,7.00052049023325,7.23207173638143,6.73288701733122,13.9988657357578,14.0010409804665,13.6870660479055,14.0706740862312
576.2,7,7,6.99943320885518,7.00052013762203,7.23207771990434,6.73288093176935,13.9988664177104,14.0010402752441,13.6869966610222,14.0707500224197
576.3,7,7,6.99943354959479,7.00051978532608,7.23208369884479,6.73287485123605,13.9988670991896,14.0010395706522,13.686927327576,14.0708258961869
576.4,7,7,6.9994338901563,7.00051943326729,7.23208967433726,6.7328687744859,13.9988677803126,14.0010388665346,13.6868580343372,14.0709017229924
576.5,7,7,6.99943423053977,7.0005190814455,7.23209564638341,6.73286270151673,13.9988684610795,14.001038162891,13.6867887812859,14.0709775028629
576.6,7,7,6.99943457074528,7.00051872986054,7.23210161498492,6.73285663232635,13.9988691414906,14.0010374597211,13.6867195684025,14.0710532358252
576.7,7,7,6.99943491077195,7.00051837851353,7.23210758012533,6.73285056693247,13.9988698215439,14.0010367570271,13.6866503958787,14.0711289216592
576.8,7,7,6.99943525056251,7.00051802748053,7.23211354069661,6.73284450654983,13.998870501125,14.0010360549611,13.6865812766345,14.0712045452852
576.9,7,7,6.99943559017539,7.00051767668375,7.23211949782993,6.73283844993728,13.9988711803508,14.0010353533675,13.6865121974792,14.0712801221098
577,7,7,6.99943592961065,7.00051732612303,7.23212545152697,6.73283239709266,13.9988718592213,14.0010346522461,13.6864431583931,14.0713556521598
577.1,7,7,6.99943626886836,7.00051697579822,7.23213140178939,6.73282634801381,13.9988725377367,14.0010339515964,13.6863741593565,14.0714311354618
577.2,7,7,6.99943660794766,7.00051662571039,7.23213734860078,6.73282030271836,13.9988732158953,14.0010332514208,13.6863052005605,14.0715065717965
577.3,7,7,6.99943694679141,7.00051627593535,7.23214329085634,6.73281426241686,13.9988738935828,14.0010325518707,13.6862362948872,14.0715819461355
577.4,7,7,6.99943728545788,7.00051592639559,7.23214922968395,6.73280822587245,13.9988745709158,14.0010318527912,13.6861674291846,14.0716572738331
577.5,7,7,6.99943762394716,7.00051557709096,7.23215516508528,6.73280219308298,13.9988752478943,14.0010311541819,13.6860986034332,14.0717325549157
577.6,7,7,6.99943796225931,7.0005152280213,7.23216109706199,6.73279616404628,13.9988759245186,14.0010304560426,13.6860298176131,14.07180778941
577.7,7,7,6.99943830039347,7.0005148791877,7.23216702559772,6.73279013877994,13.9988766007869,14.0010297583754,13.6859610719151,14.0718829770973
577.8,7,7,6.99943863829263,7.00051453066564,7.23217294959089,6.73278411849033,13.9988772765853,14.0010290613313,13.6858923791831,14.0719581030007
577.9,7,7,6.99943897601494,7.00051418237793,7.23217887016609,6.73277810194486,13.9988779520299,14.0010283647559,13.6858237263041,14.0720331824218
578,7,7,6.99943931356047,7.00051383432442,7.23218478732498,6.73277208914138,13.9988786271209,14.0010276686488,13.6857551132583,14.0721082153872
578.1,7,7,6.9994396509293,7.00051348650496,7.23219070106924,6.73276608007773,13.9988793018586,14.0010269730099,13.6856865400263,14.0721832019232
578.2,7,7,6.99943998812055,7.00051313892061,7.23219661138253,6.73276007477145,13.9988799762411,14.0010262778412,13.6856180067979,14.072258141812
578.3,7,7,6.99944032507735,7.00051279164658,7.23220251716649,6.73275407442474,13.9988806501547,14.0010255832932,13.6855495263794,14.0723330201278
578.4,7,7,6.99944066185772,7.00051244460598,7.23220841954244,6.73274807780926,13.9988813237154,14.001024889212,13.6854810856963,14.07240785212
578.5,7,7,6.99944099846174,7.00051209779865,7.23221431851204,6.73274208492287,13.9988819969235,14.0010241955973,13.685412684729,14.072482637815
578.6,7,7,6.99944133488946,7.00051175122444,7.23222021407695,6.73273609576343,13.9988826697789,14.0010235024489,13.685344323458,14.0725573772392
578.7,7,7,6.99944167114002,7.00051140488442,7.2322261062209,6.7327301103484,13.99888334228,14.0010228097688,13.6852760020726,14.0726320701753
578.8,7,7,6.9994420071567,7.00051105885349,7.2322319938487,6.73272412987584,13.9988840143134,14.001022117707,13.6852077333414,14.0727067017486
578.9,7,7,6.99944234299736,7.00051071305506,7.23223787807844,6.73271815312167,13.9988846859947,14.0010214261101,13.6851395042283,14.0727812871563
579,7,7,6.99944267866207,7.00051036748899,7.23224375891175,6.73271218008373,13.9988853573241,14.001020734978,13.6850713147138,14.0728558264249
579.1,7,7,6.99944301415091,7.00051002215512,7.23224963635029,6.73270621075989,13.9988860283018,14.0010200443102,13.6850031647785,14.0729303195804
579.2,7,7,6.99944334946302,7.00050967705451,7.23225551037784,6.73270024516757,13.998886698926,14.001019354109,13.6849350546111,14.0730047664066
579.3,7,7,6.99944368454178,7.00050933226177,7.23226137990243,6.73269428450069,13.9988873690836,14.0010186645235,13.6848669969425,14.0730791520793
579.4,7,7,6.99944401944495,7.00050898770063,7.23226724603884,6.73268832753938,13.9988880388899,14.0010179754013,13.6847989787751,14.0731534917439
579.5,7,7,6.99944435417259,7.00050864337091,7.23227310878873,6.7326823742815,13.9988887083452,14.0010172867418,13.6847310000894,14.0732277854267
579.6,7,7,6.99944468872477,7.00050829927248,7.23227896815376,6.73267642472493,13.9988893774495,14.001016598545,13.6846630608661,14.0733020331539
579.7,7,7,6.99944502310064,7.0005079554064,7.23228482411774,6.73267047888702,13.9988900462013,14.0010159108128,13.6845951612934,14.0733762347097
579.8,7,7,6.99944535724371,7.00050761184697,7.23229067559188,6.73266453795759,13.9988907144874,14.0010152236939,13.6845273140644,14.0734503753207
579.9,7,7,6.9994456912116,7.00050726851822,7.23229652368774,6.73265860072096,13.9988913824232,14.0010145370364,13.68445950622,14.0735244700805
580,7,7,6.99944602500438,7.00050692541999,7.23230236840695,6.73265266717502,13.9988920500088,14.00101385084,13.6843917377408,14.0735985190153
580.1,7,7,6.99944635862212,7.00050658255213,7.23230820975117,6.73264673731763,13.9988927172442,14.0010131651043,13.6843240086074,14.0736725221513
580.2,7,7,6.99944669206395,7.00050623991571,7.23231404770426,6.73264081116609,13.9988933841279,14.0010124798314,13.6842563190075,14.0737464792733
580.3,7,7,6.99944702527355,7.00050589758472,7.23231988118062,6.73263488990614,13.9988940505471,14.0010117951694,13.6841886815968,14.0738203756583
580.4,7,7,6.99944735830838,7.00050555548351,7.23232571128855,6.73262897232626,13.9988947166168,14.001011110967,13.6841210834543,14.0738942263486
580.5,7,7,6.99944769116851,7.00050521361191,7.23233153802969,6.73262305842437,13.998895382337,14.0010104272238,13.6840535245608,14.0739680313701
580.6,7,7,6.99944802385402,7.00050487196977,7.23233736140569,6.73261714819832,13.998896047708,14.0010097439395,13.6839860048969,14.0740417907489
580.7,7,7,6.99944835636404,7.00050453055815,7.23234318140045,6.73261124166538,13.9988967127281,14.0010090611163,13.6839185246497,14.0741155042707
580.8,7,7,6.99944868864237,7.00050418945078,7.23234899693155,6.73260534000717,13.9988973772847,14.0010083789016,13.6838510964375,14.0741891572625
580.9,7,7,6.99944902074635,7.00050384857226,7.23235480910405,6.73259944201638,13.9988980414927,14.0010076971445,13.6837837073776,14.0742627647154
581,7,7,6.99944935267604,7.00050350792245,7.23236061791959,6.7325935476909,13.9988987053521,14.0010070158449,13.6837163574506,14.0743363266553
581.1,7,7,6.99944968443152,7.00050316750121,7.2323664233798,6.73258765702862,13.998899368863,14.0010063350024,13.6836490466374,14.074409843108
581.2,7,7,6.99945001601193,7.00050282730958,7.23237222546866,6.73258177004673,13.9989000320239,14.0010056546192,13.6835817751244,14.07448331386
581.3,7,7,6.99945034736121,7.00050248742099,7.23237802310688,6.73257588792279,13.9989006947224,14.001004974842,13.6835145554926,14.0745567242884
581.4,7,7,6.99945067853654,7.00050214776036,7.23238381739631,6.73257000945366,13.9989013570731,14.0010042955207,13.6834473748973,14.0746300893331
581.5,7,7,6.999451009538,7.00050180832754,7.23238960833859,6.73256413463722,13.998902019076,14.0010036166551,13.6833802333194,14.0747034090198
581.6,7,7,6.99945134036566,7.00050146912238,7.23239539593534,6.73255826347138,13.9989026807313,14.0010029382448,13.6833131307396,14.0747766833745
581.7,7,7,6.99945167101866,7.00050113014593,7.23240118017058,6.73255239597325,13.9989033420373,14.0010022602919,13.6832460673439,14.0748499121842
581.8,7,7,6.99945200144108,7.00050079147133,7.23240695996819,6.73254653331637,13.9989040028822,14.0010015829427,13.683179055676,14.0749230808759
581.9,7,7,6.99945233168997,7.00050045302379,7.23241273642679,6.73254067430171,13.9989046633799,14.0010009060476,13.6831120829293,14.0749962043385
582,7,7,6.9994526617654,7.00050011480317,7.232418509548,6.73253481892718,13.9989053235308,14.0010002296063,13.6830451490845,14.0750692825977
582.1,7,7,6.99945299166743,7.00049977680931,7.23242427933347,6.73252896719069,13.9989059833349,14.0009995536186,13.6829782541225,14.0751423156793
582.2,7,7,6.99945332139524,7.00049943904326,7.23243004576725,6.7325231191093,13.9989066427905,14.0009988780865,13.6829113982287,14.0752153033712
582.3,7,7,6.999453650893,7.00049910157788,7.23243580777636,6.73251727585249,13.998907301786,14.0009982031558,13.6828445939099,14.0752882311498
582.4,7,7,6.99945398021764,7.00049876433866,7.23244156645623,6.73251143622538,13.9989079604353,14.0009975286773,13.682777828397,14.0753611138535
582.5,7,7,6.99945430936923,7.00049842732547,7.23244732180847,6.73250560022588,13.9989086187385,14.0009968546509,13.6827111016711,14.0754339515078
582.6,7,7,6.99945463834785,7.00049809053815,7.2324530738347,6.73249976785191,13.9989092766957,14.0009961810763,13.682644413713,14.0755067441383
582.7,7,7,6.99945496715264,7.00049775397774,7.23245882251905,6.73249393912046,13.9989099343053,14.0009955079555,13.6825777647075,14.0755794915338
582.8,7,7,6.99945529572794,7.00049741771681,7.23246456679166,6.73248811519701,13.9989105914559,14.0009948354336,13.6825111671244,14.0756521792201
582.9,7,7,6.99945562413053,7.00049708168117,7.23247030774475,6.73248229489077,13.9989112482611,14.0009941633623,13.6824446082325,14.075724821985
583,7,7,6.99945595236049,7.00049674587066,7.23247604537994,6.73247647819967,13.998911904721,14.0009934917413,13.6823780880128,14.0757974198539
583.1,7,7,6.99945628041788,7.00049641028513,7.23248177969886,6.73247066512162,13.9989125608358,14.0009928205703,13.6823116064461,14.0758699728525
583.2,7,7,6.99945660830186,7.00049607492563,7.23248751068566,6.73246485567358,13.9989132166037,14.0009921498513,13.6822451637169,14.07594248077
583.3,7,7,6.99945693595688,7.00049573986443,7.23249323727363,6.73245905101701,13.9989138719138,14.0009914797289,13.6821787722578,14.0760149291817
583.4,7,7,6.99945726343961,7.00049540502762,7.23249896055179,6.7324532499652,13.9989145268792,14.0009908100552,13.6821124193754,14.0760873328249
583.5,7,7,6.99945759075012,7.00049507041507,7.23250468052176,6.73244745251611,13.9989151815002,14.0009901408301,13.6820461050508,14.0761596917251
583.6,7,7,6.99945791788847,7.00049473602662,7.23251039718514,6.73244165866765,13.9989158357769,14.0009894720532,13.6819798292649,14.0762320059077
583.7,7,7,6.99945824485382,7.00049440186331,7.23251611052616,6.73243586843671,13.9989164897076,14.0009888037266,13.6819135922014,14.0763042751627
583.8,7,7,6.99945857159077,7.00049406799712,7.23252181948121,6.73243008298078,13.9989171431815,14.0009881359942,13.6818474062563,14.0763764851146
583.9,7,7,6.99945889815583,7.00049373435445,7.23252752513614,6.73242430111723,13.9989177963117,14.0009874687089,13.6817812587737,14.0764486504504
584,7,7,6.99945922454907,7.00049340093515,7.23253322749255,6.73241852284399,13.9989184490981,14.0009868018703,13.6817151497348,14.0765207711954
584.1,7,7,6.99945955077057,7.00049306773908,7.23253892655207,6.73241274815903,13.9989191015411,14.0009861354782,13.6816490791203,14.0765928473751
584.2,7,7,6.99945987681948,7.00049273476725,7.23254462229893,6.73240697707916,13.998919753639,14.0009854695345,13.6815830471138,14.0766648787802
584.3,7,7,6.99946020264052,7.00049240209139,7.23255031367266,6.73240121075787,13.998920405281,14.0009848041828,13.6815170660742,14.076736851084
584.4,7,7,6.9994605282901,7.00049206963817,7.23255600175592,6.73239544801662,13.9989210565802,14.0009841392763,13.6814511233833,14.0768087789236
584.5,7,7,6.99946085376826,7.00049173740745,7.23256168655032,6.73238968885336,13.9989217075365,14.0009834748149,13.6813852190221,14.0768806623242
584.6,7,7,6.99946117907509,7.00049140539907,7.23256736805748,6.73238393326604,13.9989223581502,14.0009828107981,13.6813193529716,14.0769525013112
584.7,7,7,6.99946150420974,7.00049107361406,7.23257304626168,6.73237818127142,13.9989230084195,14.0009821472281,13.6812535254147,14.0770242956759
584.8,7,7,6.99946182911707,7.00049074212386,7.23257872010555,6.73237243401903,13.9989236582341,14.0009814842477,13.6811877486738,14.0770960311405
584.9,7,7,6.99946215385333,7.00049041085542,7.2325843906686,6.7323666903344,13.9989243077067,14.0009808217108,13.6811220101679,14.0771677222921
585,7,7,6.9994624784186,7.0004900798086,7.23259005795241,6.73236095021545,13.9989249568372,14.0009801596172,13.6810563098783,14.0772393691561
585.1,7,7,6.99946280281293,7.00048974898326,7.2325957219586,6.73235521366016,13.9989256056259,14.0009794979665,13.6809906477858,14.0773109717574
585.2,7,7,6.99946312703551,7.00048941838042,7.23260138267151,6.73234948068523,13.998926254071,14.0009788367608,13.6809250240729,14.0773825298884
585.3,7,7,6.9994634510313,7.00048908807122,7.23260703903686,6.73234375243625,13.9989269020626,14.0009781761424,13.6808594510253,14.0774540293196
585.4,7,7,6.99946377485643,7.00048875798292,7.23261269213098,6.73233802774276,13.9989275497129,14.0009775159658,13.6807939160996,14.0775254845887
585.5,7,7,6.99946409851097,7.00048842811538,7.23261834195549,6.73233230660272,13.9989281970219,14.0009768562308,13.6807284192768,14.0775968957208
585.6,7,7,6.99946442199499,7.00048809846844,7.23262398851196,6.73232658901409,13.99892884399,14.0009761969369,13.680662960538,14.0776682627408
585.7,7,7,6.99946474530766,7.00048776904312,7.23262963178481,6.73232087499353,13.9989294906153,14.0009755380862,13.6805975400649,14.0777395854418
585.8,7,7,6.99946506839408,7.00048743991031,7.23263527072284,6.73231516568269,13.9989301367882,14.0009748798206,13.6805321701071,14.0778108496426
585.9,7,7,6.99946539131026,7.00048711099753,7.23264090639923,6.73230945991514,13.9989307826205,14.0009742219951,13.6804668381581,14.0778820698316
586,7,7,6.99946571405625,7.00048678230463,7.23264653881558,6.73230375768883,13.9989314281125,14.0009735646093,13.680401544199,14.0779532460336
586.1,7,7,6.99946603663212,7.00048645383148,7.23265216797348,6.73229805900174,13.9989320732642,14.000972907663,13.6803362882111,14.0780243782737
586.2,7,7,6.99946635903705,7.00048612557908,7.23265779385737,6.73229236387047,13.9989327180741,14.0009722511582,13.6802710703755,14.0780954663454
586.3,7,7,6.99946668121628,7.00048579761804,7.23266341541914,6.73228667343276,13.9989333624326,14.0009715952361,13.6802059029053,14.078166496116
586.4,7,7,6.99946700322567,7.00048546987617,7.23266903372884,6.73228098652616,13.9989340064513,14.0009709397523,13.6801407733313,14.0782374820243
586.5,7,7,6.99946732506527,7.00048514235332,7.23267464878805,6.73227530314865,13.9989346501305,14.0009702847066,13.6800756816345,14.0783084240953
586.6,7,7,6.99946764673517,7.00048481504936,7.23268026059837,6.73226962329822,13.9989352934703,14.0009696300987,13.6800106277963,14.0783793223539
586.7,7,7,6.99946796823453,7.00048448796529,7.23268586914428,6.7322639469914,13.9989359364691,14.0009689759306,13.6799456119972,14.0784501765942
586.8,7,7,6.99946828950873,7.00048416117144,7.23269147338073,6.73225827536202,13.9989365790175,14.0009683223429,13.6798806464142,14.0785209727317
586.9,7,7,6.9994686106135,7.0004838345959,7.23269707437465,6.73225260725165,13.998937221227,14.0009676691918,13.6798157186149,14.078591725156
587,7,7,6.99946893154889,7.00048350823852,7.23270267212762,6.73224694265826,13.9989378630978,14.000967016477,13.6797508285805,14.078662433892
587.1,7,7,6.99946925231497,7.00048318209918,7.23270826664122,6.73224128157983,13.9989385046299,14.0009663641984,13.6796859762924,14.0787330989646
587.2,7,7,6.99946957291093,7.00048285617886,7.23271385789998,6.73223562403286,13.9989391458219,14.0009657123577,13.6796211619305,14.0788037201686
587.3,7,7,6.99946989328227,7.00048253054763,7.23271944486194,6.73222997114729,13.9989397865645,14.0009650610953,13.6795563976358,14.0788742834671
587.4,7,7,6.99947021348457,7.00048220513386,7.23272502859087,6.73222432176864,13.9989404269691,14.0009644102677,13.6794916710126,14.0789448032012
587.5,7,7,6.9994705335179,7.0004818799374,7.23273060908835,6.7322186758949,13.9989410670358,14.0009637598748,13.6794269820423,14.0790152793955
587.6,7,7,6.99947085338234,7.00048155495812,7.23273618635596,6.73221303352408,13.9989417067647,14.0009631099162,13.6793623307063,14.0790857120747
587.7,7,7,6.99947117307705,7.00048123019701,7.23274176037829,6.73220739467259,13.9989423461541,14.000962460394,13.679297717184,14.0791561010344
587.8,7,7,6.99947149254768,7.00048090572385,7.23274733011642,6.73220176046652,13.9989429850954,14.0009618114477,13.6792331535802,14.0792264322855
587.9,7,7,6.99947181184968,7.0004805814673,7.23275289663101,6.73219612975533,13.9989436236994,14.0009611629346,13.6791686275361,14.0792967201202
588,7,7,6.99947213098311,7.00048025742722,7.23275845992363,6.73219050253704,13.9989442619662,14.0009605148544,13.6791041390332,14.0793669645631
588.1,7,7,6.99947244994805,7.00047993360347,7.23276401999586,6.73218487880964,13.9989448998961,14.0009598672069,13.6790396880528,14.0794371656387
588.2,7,7,6.99947276874368,7.00047960999703,7.23276957683234,6.73217925858952,13.9989455374874,14.0009592199941,13.6789752747739,14.0795073231434
588.3,7,7,6.99947308731576,7.00047928667743,7.23277512939719,6.73217364299887,13.9989461746315,14.0009585733549,13.6789109112653,14.0795774231356
588.4,7,7,6.99947340571961,7.00047896357358,7.23278067874796,6.73216803089113,13.9989468114392,14.0009579271472,13.678846585205,14.0796474798589
588.5,7,7,6.9994737239553,7.00047864068536,7.23278622488623,6.73216242226431,13.9989474479106,14.0009572813707,13.6787822965743,14.0797174933377
588.6,7,7,6.9994740420229,7.00047831801262,7.23279176781356,6.73215681711641,13.9989480840458,14.0009566360252,13.6787180453547,14.0797874635967
588.7,7,7,6.9994743599216,7.00047799555636,7.23279730751463,6.73215121546375,13.9989487198432,14.0009559911127,13.6786538317246,14.0798573904328
588.8,7,7,6.99947467759728,7.00047767338579,7.23280284295663,6.7321456184247,13.9989493551946,14.0009553467716,13.6785896677171,14.0799272599518
588.9,7,7,6.99947499510513,7.00047735143015,7.23280837519398,6.73214002485661,13.9989499902103,14.0009547028603,13.6785255410465,14.0799970863488
589,7,7,6.99947531244523,7.00047702968929,7.23281390422826,6.73213443475751,13.9989506248905,14.0009540593786,13.6784614516945,14.0800668696482
589.1,7,7,6.99947562961764,7.00047670816307,7.23281943006103,6.73212884812541,13.9989512592353,14.0009534163261,13.6783973996424,14.0801366098746
589.2,7,7,6.99947594662155,7.00047638685248,7.23282495267702,6.73212326497657,13.9989518932431,14.000952773705,13.6783333850682,14.0802063068257
589.3,7,7,6.99947626340298,7.00047606582648,7.23283047104644,6.73211768642552,13.998952526806,14.000952131653,13.6782694199692,14.0802759466542
589.4,7,7,6.99947658001699,7.00047574501457,7.23283598622063,6.73211211133354,13.998953160034,14.0009514900291,13.6782054920962,14.0803455435073
589.5,7,7,6.99947689646365,7.00047542441659,7.23284149820116,6.73210653969865,13.9989537929273,14.0009508488332,13.6781416014308,14.0804150974091
589.6,7,7,6.99947721274301,7.00047510403242,7.2328470069896,6.73210097151888,13.998954425486,14.0009502080648,13.6780777479546,14.0804846083842
589.7,7,7,6.99947752885428,7.00047478386303,7.23285251257069,6.73209540681043,13.9989550577086,14.0009495677261,13.6780139318448,14.0805540762308
589.8,7,7,6.99947784474361,7.00047446397713,7.2328580139177,6.73208984668401,13.9989556894872,14.0009489279543,13.6779501650632,14.080623487149
589.9,7,7,6.99947816046591,7.00047414430448,7.23286351207886,6.73208429000482,13.9989563209318,14.000948288609,13.677886435397,14.0806928552375
590,7,7,6.99947847602127,7.00047382484493,7.23286900705575,6.73207873677087,13.9989569520425,14.0009476496899,13.6778227428279,14.0807621805208
590.1,7,7,6.99947879140974,7.00047350559835,7.23287449884993,6.73207318698019,13.9989575828195,14.0009470111967,13.6777590873374,14.0808314630229
590.2,7,7,6.99947910663051,7.00047318656572,7.23287998744619,6.73206764064896,13.998958213261,14.0009463731314,13.6776954691023,14.0809007025431
590.3,7,7,6.99947942162987,7.00047286781547,7.23288547182082,6.73206209888405,13.9989588432597,14.0009457356309,13.6776319000487,14.080969885328
590.4,7,7,6.99947973646261,7.00047254927763,7.23289095301897,6.73205656055455,13.9989594729252,14.0009450985553,13.6775683680002,14.0810390254287
590.5,7,7,6.99948005112881,7.00047223095208,7.2328964310422,6.73205102565849,13.9989601022576,14.0009444619042,13.6775048729384,14.0811081228694
590.6,7,7,6.99948036562851,7.00047191283866,7.23290190589207,6.73204549419392,13.998960731257,14.0009438256773,13.6774414148451,14.0811771776742
590.7,7,7,6.99948067996093,7.00047159493836,7.23290737755344,6.73203996617692,13.9989613599219,14.0009431898767,13.6773779938963,14.081246189643
590.8,7,7,6.99948099407247,7.00047127731933,7.23291284500558,6.73203444271062,13.9989619881449,14.0009425546387,13.6773146219829,14.0813151450691
590.9,7,7,6.99948130801779,7.00047095991189,7.23291830929058,6.73202892266797,13.9989626160356,14.0009419198238,13.6772512869645,14.0813840579558
591,7,7,6.99948162179695,7.00047064271591,7.23292377041001,6.732023406047,13.9989632435939,14.0009412854318,13.6771879888228,14.0814529283273
591.1,7,7,6.99948193541004,7.00047032573123,7.23292922836541,6.73201789284576,13.9989638708201,14.0009406514625,13.6771247275396,14.0815217562076
591.2,7,7,6.99948224885623,7.00047000895885,7.23293468314168,6.73201238308029,13.9989644977125,14.0009400179177,13.6770615032906,14.0815905413972
591.3,7,7,6.99948256208208,7.00046969246664,7.2329401337211,6.73200687784993,13.9989651241642,14.0009393849333,13.676998327931,14.081659270236
591.4,7,7,6.99948287514211,7.0004693761852,7.23294558114271,6.73200137603149,13.9989657502842,14.0009387523704,13.6769351893567,14.0817279566798
591.5,7,7,6.99948318803638,7.00046906011439,7.23295102540805,6.73199587762302,13.9989663760728,14.0009381202288,13.6768720875494,14.0817966007526
591.6,7,7,6.99948350076498,7.00046874425407,7.23295646651867,6.73199038262258,13.99896700153,14.0009374885081,13.6768090224909,14.0818652024784
591.7,7,7,6.99948381332708,7.00046842860521,7.23296190445952,6.73198489104614,13.9989676266542,14.0009368572104,13.6767459943564,14.0819337616583
591.8,7,7,6.99948412566937,7.00046811323544,7.23296733821587,6.73197940398928,13.9989682513387,14.0009362264709,13.6766830149659,14.0820022646786
591.9,7,7,6.99948443784624,7.00046779807562,7.2329727688237,6.73197392033267,13.9989688756925,14.0009355961512,13.6766200722512,14.0820707254478
592,7,7,6.99948474985775,7.0004674831256,7.23297819628455,6.73196844007435,13.9989694997155,14.0009349662512,13.6765571661942,14.0821391439897
592.1,7,7,6.99948506170398,7.00046716838526,7.23298362059997,6.73196296321239,13.998970123408,14.0009343367705,13.6764942967765,14.0822075203282
592.2,7,7,6.99948537338413,7.00046685385555,7.23298904175494,6.73195748976272,13.9989707467683,14.0009337077111,13.676431464173,14.0822758542652
592.3,7,7,6.99948568484498,7.00046653960385,7.23299445873773,6.73195202081716,13.99897136969,14.0009330792077,13.6763686801684,14.082344132233
592.4,7,7,6.99948599614082,7.00046622556128,7.23299987258127,6.7319465552602,13.9989719922816,14.0009324511226,13.6763059327305,14.082412368093
592.5,7,7,6.9994863072717,7.00046591172769,7.23300528328709,6.73194109308992,13.9989726145434,14.0009318234554,13.676243221841,14.0824805618689
592.6,7,7,6.99948661823769,7.00046559810297,7.23301069085675,6.73193563430436,13.9989732364754,14.0009311962059,13.676180547482,14.0825487135846
592.7,7,7,6.999486929038,7.00046528468807,7.23301609527526,6.73193017891942,13.998973858076,14.0009305693761,13.6761179098274,14.0826168230426
592.8,7,7,6.99948723961955,7.00046497155009,7.23302149553388,6.73192472802317,13.9989744792391,14.0009299431002,13.6760553206271,14.0826848767212
592.9,7,7,6.99948755003647,7.00046465862042,7.23302689266248,6.73191928050394,13.9989751000729,14.0009293172408,13.6759927678845,14.0827528884347
593,7,7,6.99948786028884,7.00046434589894,7.23303228666261,6.73191383635979,13.9989757205777,14.0009286917979,13.6759302515817,14.0828208582069
593.1,7,7,6.99948817037672,7.0004640333855,7.23303767753581,6.73190839558878,13.9989763407534,14.000928066771,13.6758677717004,14.0828887860615
593.2,7,7,6.99948848029931,7.00046372108107,7.23304306526716,6.73190295820676,13.9989769605986,14.0009274421621,13.6758053284143,14.0829566718016
593.3,7,7,6.99948879000367,7.00046340905248,7.23304844885085,6.73189752529808,13.9989775800073,14.000926818105,13.6757429334382,14.0830245019515
593.4,7,7,6.99948909954381,7.0004630972314,7.23305382931376,6.73189209575486,13.9989781990876,14.0009261944628,13.6756805748112,14.0830922902786
593.5,7,7,6.99948940891978,7.00046278561769,7.23305920665741,6.73188666957517,13.9989788178396,14.0009255712354,13.6756182525154,14.0831600368065
593.6,7,7,6.99948971813167,7.00046247421122,7.23306458088334,6.73188124675709,13.9989794362633,14.0009249484224,13.6755559665328,14.083227741559
593.7,7,7,6.99949002717866,7.00046216301294,7.23306995197668,6.73187582731641,13.9989800543573,14.0009243260259,13.6754937170363,14.0832954043397
593.8,7,7,6.99949033600795,7.00046185208944,7.23307531893459,6.73187041233377,13.9989806720159,14.0009237041789,13.6754315157058,14.0833630117186
593.9,7,7,6.99949064467341,7.00046154137264,7.2330806827809,6.73186500070507,13.9989812893468,14.0009230827453,13.6753693506162,14.0834305774165
594,7,7,6.99949095317512,7.00046123086241,7.23308604351715,6.73185959242841,13.9989819063502,14.0009224617248,13.6753072217496,14.0834981014569
594.1,7,7,6.99949126151312,7.00046092055861,7.23309140114487,6.73185418750186,13.9989825230262,14.0009218411172,13.6752451290879,14.0835655838634
594.2,7,7,6.99949156968663,7.00046061046219,7.23309675564923,6.73184878594115,13.9989831393733,14.0009212209244,13.6751830728036,14.0836330244404
594.3,7,7,6.99949187764297,7.00046030063948,7.23310210603034,6.73184338882325,13.9989837552859,14.000920601279,13.6751210645418,14.0837004098033
594.4,7,7,6.99949218543587,7.00045999102268,7.23310745330904,6.73183799504782,13.9989843708717,14.0009199820454,13.6750590924129,14.0837677536265
594.5,7,7,6.9994924930654,7.00045968161163,7.23311279748685,6.73183260461296,13.9989849861308,14.0009193632233,13.674997156399,14.0838350559334
594.6,7,7,6.99949280053164,7.00045937240622,7.23311813856528,6.73182721751677,13.9989856010633,14.0009187448124,13.6749352564821,14.0839023167474
594.7,7,7,6.99949310783378,7.0004590634074,7.23312347652956,6.7318218337749,13.9989862156676,14.0009181268148,13.6748733928343,14.0839695358737
594.8,7,7,6.99949341491927,7.00045875468121,7.23312881038276,6.73181645446066,13.9989868298385,14.0009175093624,13.6748115770657,14.0840366999731
594.9,7,7,6.99949372184172,7.00045844616013,7.2331341411427,6.73181107847746,13.9989874436834,14.0009168923203,13.6747497973224,14.0841038226734
595,7,7,6.99949402860119,7.00045813784402,7.23313946881088,6.73180570582341,13.9989880572024,14.000916275688,13.6746880535864,14.084170903998
595.1,7,7,6.99949433519777,7.00045782973274,7.23314479338884,6.73180033649662,13.9989886703955,14.0009156594655,13.6746263458397,14.0842379439704
595.2,7,7,6.99949464163065,7.00045752182724,7.23315011486182,6.7317949705127,13.9989892832613,14.0009150436545,13.674564674254,14.0843049423962
595.3,7,7,6.9994949478474,7.00045721419334,7.23315543223585,6.73178960894125,13.9989898956948,14.0009144283867,13.6745030504048,14.0843718859815
595.4,7,7,6.9994952539015,7.00045690676373,7.23316074652574,6.73178425068947,13.998990507803,14.0009138135275,13.6744414624734,14.084438788308
595.5,7,7,6.99949555979303,7.0004565995383,7.233166057733,6.73177889575547,13.9989911195861,14.0009131990766,13.674379910442,14.0845056493989
595.6,7,7,6.99949586552205,7.00045629251692,7.23317136585914,6.73177354413736,13.9989917310441,14.0009125850338,13.6743183942926,14.0845724692777
595.7,7,7,6.99949617108777,7.00045598570051,7.23317667088948,6.73176819585068,13.9989923421755,14.000911971401,13.6742569141962,14.0846392477507
595.8,7,7,6.99949647643788,7.00045567915464,7.23318197183296,6.73176285196141,13.9989929528758,14.0009113583093,13.6741954816941,14.0847059715688
595.9,7,7,6.99949678162574,7.00045537281229,7.23318726970139,6.73175751138047,13.9989935632515,14.0009107456246,13.6741340850026,14.0847726542679
596,7,7,6.99949708665142,7.00045506667332,7.2331925644963,6.73175217410596,13.9989941733028,14.0009101333466,13.6740727241039,14.0848392958711
596.1,7,7,6.99949739151499,7.0004547607376,7.23319785621919,6.73174684013601,13.99899478303,14.0009095214752,13.6740113989803,14.0849058964017
596.2,7,7,6.99949769621565,7.00045445500606,7.2332031448554,6.73174150948612,13.9989953924313,14.0009089100121,13.6739501098021,14.0849724556666
596.3,7,7,6.99949800070122,7.00045414954402,7.23320842941682,6.73173618321862,13.9989960014024,14.000908299088,13.6738888680762,14.0850389604619
596.4,7,7,6.99949830502494,7.00045384428471,7.23321371091227,6.73173086024813,13.9989966100499,14.0009076885694,13.673827662054,14.0851054242772
596.5,7,7,6.99949860918688,7.00045353922799,7.23321898934327,6.7317255405728,13.9989972183738,14.000907078456,13.6737664917179,14.0851718471359
596.6,7,7,6.99949891318708,7.00045323437373,7.23322426471131,6.73172022419073,13.9989978263742,14.0009064687475,13.67370535705,14.0852382290609
596.7,7,7,6.99949921702478,7.00045292972287,7.2332295370018,6.73171491111739,13.9989984340496,14.0009058594457,13.6736442582204,14.0853045698601
596.8,7,7,6.99949952064792,7.00045262534046,7.23323480522952,6.73170960241146,13.9989990412958,14.0009052506809,13.6735832067014,14.0853708563739
596.9,7,7,6.99949982410959,7.00045232116,7.23324007040033,6.73170429699129,13.9989996482192,14.00090464232,13.6735221907796,14.0854371020466
597,7,7,6.99950012740987,7.00045201718134,7.23324533251573,6.73169899485502,13.9990002548197,14.0009040343627,13.6734612104373,14.0855033069012
597.1,7,7,6.99950043054881,7.00045171340436,7.23325059157723,6.73169369600077,13.9990008610976,14.0009034268087,13.6734002656569,14.0855694709608
597.2,7,7,6.99950073352564,7.00045140982999,7.23325584757026,6.73168840044394,13.9990014670513,14.00090281966,13.6733393566077,14.0856355940337
597.3,7,7,6.99950103628843,7.00045110652304,7.23326109951252,6.73168310923962,13.9990020725769,14.0009022130461,13.6732784947278,14.0857016630049
597.4,7,7,6.99950133889015,7.00045080341724,7.23326634840691,6.73167782130984,13.9990026777803,14.0009016068345,13.6732176683389,14.0857676912733
597.5,7,7,6.99950164133087,7.00045050051247,7.23327159425491,6.73167253665275,13.9990032826617,14.0009010010249,13.6731568774233,14.0858336788618
597.6,7,7,6.99950194361064,7.00045019780861,7.23327683705803,6.73166725526647,13.9990038872213,14.0009003956172,13.6730961219633,14.0858996257932
597.7,7,7,6.99950224572869,7.00044989530657,7.23328207680174,6.73166197716636,13.9990044914574,14.0008997906131,13.6730354021279,14.0859655318767
597.8,7,7,6.99950254763323,7.00044959307091,7.23328731250666,6.73165670340389,13.9990050952665,14.0008991861418,13.672974729321,14.0860313840417
597.9,7,7,6.99950284937708,7.00044929103563,7.2332925451727,6.73165143290479,13.9990056987542,14.0008985820713,13.672914091899,14.0860971956415
598,7,7,6.99950315096032,7.00044898920061,7.23329777480137,6.73164616566721,13.9990063019206,14.0008979784012,13.6728534898444,14.086162966699
598.1,7,7,6.99950345238301,7.00044868756571,7.23330300139415,6.73164090168927,13.999006904766,14.0008973751314,13.6727929231396,14.0862286972371
598.2,7,7,6.99950375364437,7.00044838613185,7.23330822493656,6.73163564098629,13.9990075072887,14.0008967722637,13.6727323919529,14.0862943870654
598.3,7,7,6.99950405469273,7.00044808496335,7.23331344445212,6.73163038460615,13.9990081093855,14.0008961699267,13.6726719076542,14.0863600231576
598.4,7,7,6.99950435558081,7.00044778399445,7.23331866093779,6.73162513147824,13.9990087111616,14.0008955679889,13.6726114586348,14.0864256188219
598.5,7,7,6.99950465630866,7.00044748322503,7.23332387439505,6.73161988160071,13.9990093126173,14.0008949664501,13.6725510448771,14.086491174081
598.6,7,7,6.99950495687635,7.00044718265496,7.2333290848254,6.73161463497171,13.9990099137527,14.0008943653099,13.6724906663636,14.0865566889578
598.7,7,7,6.99950525728311,7.00044688228517,7.23333429221441,6.73160939160649,13.9990105145662,14.0008937645703,13.6724303232621,14.0866221632625
598.8,7,7,6.99950555747738,7.00044658217969,7.23333949558847,6.73160415254936,13.9990111149548,14.0008931643594,13.6723700269085,14.0866875840129
598.9,7,7,6.99950585751175,7.00044628227306,7.23334469594159,6.73159891673337,13.9990117150235,14.0008925645461,13.6723097657287,14.0867529644721
599,7,7,6.99950615738629,7.00044598256513,7.23334989327527,6.73159368415666,13.9990123147726,14.0008919651303,13.6722495397053,14.0868183046628
599.1,7,7,6.99950645710107,7.00044568305578,7.23335508759098,6.73158845481741,13.9990129142021,14.0008913661116,13.6721893488207,14.0868836046078
599.2,7,7,6.9995067566553,7.00044538374594,7.23336027887435,6.73158322873079,13.9990135133106,14.0008907674919,13.6721291932423,14.0869488641179
599.3,7,7,6.99950705599756,7.00044508469939,7.23336546615464,6.73157800693757,13.9990141119951,14.0008901693988,13.6720690842721,14.0870140702547
599.4,7,7,6.99950735518031,7.00044478585091,7.23337065042293,6.73157278837444,13.9990147103606,14.0008895717018,13.6720090103707,14.0870792362366
599.5,7,7,6.9995076541984,7.00044448720687,7.23337583158201,6.73156757314536,13.9990153083968,14.0008889744137,13.6719489726696,14.0871443607707
599.6,7,7,6.99950795307556,7.00044418873773,7.23338101008058,6.73156236076903,13.9990159061511,14.0008883774755,13.6718889659445,14.0872094498405
599.7,7,7,6.99950825174775,7.00044389052294,7.23338618470947,6.73155715254155,13.9990165034955,14.0008877810459,13.6718290042733,14.0872744873326
599.8,7,7,6.9995085502454,7.00044359252463,7.2333913560441,6.73155194784558,13.9990171004908,14.0008871850493,13.6717690809564,14.0873394809216
599.9,7,7,6.99950884859705,7.00044329470736,7.23339652462323,6.73154674610331,13.9990176971941,14.0008865894147,13.6717091897206,14.0874044377903
600,7,7,6.99950914680274,7.00044299707106,7.23340169044779,6.73154154731363,13.9990182936055,14.0008859941421,13.6716493305554,14.0874693579527
