t,r1,r2,y1,y2,u1,u2,h1,h2,h3,h4
0,7,7,7,7,6.27535485569222,7.01752558584853,14,14,14.7903847353393,10.6541925826856
0.1,7,7,6.99876858639838,6.99854843676278,6.28227001319986,7.02592719066361,13.9975371727968,13.9970968735256,14.7890397820609,10.653041781078
0.2,7,7,6.99756518029594,6.99713286266921,6.28904396663288,7.03414173504848,13.9951303605919,13.9942657253384,14.7877262467379,10.6519160018189
0.3,7,7,6.99638926857238,6.99575255718459,6.29567927256496,7.04217292140353,13.9927785371448,13.9915051143692,14.7864435066272,10.6508147894282
0.4,7,7,6.99524034488796,6.99440681017428,6.30217845384152,7.05002439875872,13.9904806897759,13.9888136203486,14.785190947962,10.6497376944512
0.5,7,7,6.99411790968351,6.99309492190365,6.30854399957969,7.05769976277356,13.988235819367,13.9861898438073,14.7839679659522,10.6486842734584
0.6,7,7,6.99302780535259,6.99182425604285,6.31474638003307,7.06516063513452,13.9860556107052,13.9836485120857,14.7827810042537,10.6476597534518
0.7,7,7,6.99196423902936,6.99058734501975,6.3208147863238,7.07244580990594,13.9839284780587,13.9811746900395,14.7816235467192,10.6466589604768
0.8,7,7,6.99092663865027,6.98938339368652,6.32675206921615,7.07955937351902,13.9818532773005,13.978766787373,14.7804949059985,10.6456813867865
0.9,7,7,6.9899144438537,6.98821162466873,6.3325610212622,7.08650532119343,13.9798288877074,13.9764232493375,14.7793944100809,10.6447265350292
1,7,7,6.98892731209521,6.98707153831303,6.33824333498664,7.09328620210501,13.9778546241904,13.9741430766261,14.7783216297667,10.6437941026591
1.1,7,7,6.9879641981686,6.98596175133141,6.3438042551528,7.09990917185584,13.9759283963372,13.9719235026628,14.7772753624633,10.6428831584192
1.2,7,7,6.98702473192935,6.98488173712498,6.34924561678668,7.10637692448604,13.9740494638587,13.96976347425,14.7762551547302,10.6419933748036
1.3,7,7,6.98610840973277,6.98383080269294,6.35456993018065,7.11269302208012,13.9722168194655,13.9676616053859,14.7752604073952,10.6411243048306
1.4,7,7,6.98521480981138,6.98280835987373,6.35977929203772,7.11886048075691,13.9704296196228,13.9656167197475,14.774290612956,10.640275574763
1.5,7,7,6.98434536195237,6.98181613489094,6.36486642659749,7.12487023500215,13.9686907239047,13.9636322697819,14.7733472919461,10.6394484688725
1.6,7,7,6.98349902853227,6.98085275798875,6.36983653804448,7.13072936726708,13.9669980570645,13.9617055159775,14.772429253949,10.6386420630209
1.7,7,7,6.98267318234606,6.97991489613496,6.37470289087425,7.13645522863796,13.9653463646921,13.9598297922699,14.7715335852805,10.6378540082327
1.8,7,7,6.98186741958703,6.97900199984351,6.37946749821832,7.14205064410956,13.9637348391741,13.958003999687,14.770659810731,10.6370839461569
1.9,7,7,6.9810814445819,6.97811365503735,6.38413182552613,7.14751773142083,13.9621628891638,13.9562273100747,14.769807573798,10.6363316153151
2,7,7,6.98031416252354,6.97724846218483,6.38870139187028,7.15286376459309,13.9606283250471,13.9544969243697,14.768975652708,10.6355960377582
2.1,7,7,6.97957135988725,6.97641350960737,6.3931468063241,7.15805160023087,13.9591427197745,13.9528270192147,14.7681702791327,10.6348824056025
2.2,7,7,6.97884646479529,6.97560062107872,6.39750135607467,7.1631239499492,13.9576929295906,13.9512012421574,14.7673842840851,10.6341848318742
2.3,7,7,6.97813914671939,6.97480935174223,6.40176668933399,7.16808310135163,13.9562782934388,13.9496187034845,14.7666172827319,10.6335030232644
2.4,7,7,6.9774490796271,6.97403926336421,6.40594443194475,7.17293130804999,13.9548981592542,13.9480785267284,14.765868895955,10.6328366904549
2.5,7,7,6.97677600769369,6.97329000466069,6.41003585344719,7.17767036851407,13.9535520153874,13.9465800093214,14.7651388210038,10.6321856070984
2.6,7,7,6.97612481541949,6.97256749194394,6.41401608743708,7.18226920079047,13.952249630839,13.9451349838879,14.7644322706369,10.6315541621359
2.7,7,7,6.97548962797395,6.97186449259831,6.41791494568823,7.18676566476802,13.9509792559479,13.9437289851966,14.763742892025,10.6309370871564
2.8,7,7,6.9748701493497,6.97118061242009,6.42173390464696,7.19116178807503,13.9497402986994,13.9423612248402,14.7630703440472,10.6303341194884
2.9,7,7,6.97426608756777,6.97051546307584,6.42547442071465,7.19545956821029,13.9485321751355,13.9410309261517,14.7624142906486,10.6297450000355
3,7,7,6.97367721339704,6.96986873312967,6.42913763119308,7.19966059922721,13.9473544267941,13.9397374662593,14.7617744634448,10.6291695260513
3.1,7,7,6.97310789066304,6.96924565276483,6.43270126742154,7.2037373292699,13.9462157813261,13.9384913055297,14.7611554812623,10.6286116244403
3.2,7,7,6.97255286880203,6.96863982554712,6.43619202788056,7.20772331786969,13.9451057376041,13.9372796510942,14.7605517147214,10.6280665807519
3.3,7,7,6.9720118827377,6.9680509021686,6.43961123510234,7.21162036222104,13.9440237654754,13.9361018043372,14.7599628614471,10.6275341597594
3.4,7,7,6.97148467100309,6.96747853852436,6.44296019365798,7.21543023281279,13.9429693420062,13.9349570770487,14.7593886235544,10.6270141294384
3.5,7,7,6.97097102819839,6.96692245849944,6.4462399223452,7.21915434251062,13.9419420563968,13.9338449169989,14.7588287631198,10.6265063081855
3.6,7,7,6.97047485190912,6.96638728430951,6.44943047935904,7.22276826836916,13.9409497038182,13.932774568619,14.7582873724954,10.6260142091564
3.7,7,7,6.96999145062444,6.96586736048174,6.45255577438137,7.22630175828377,13.9399829012489,13.9317347209635,14.7577594635772,10.6255336139898
3.8,7,7,6.96952058698106,6.96536237750037,6.45561699203385,7.22975640520357,13.9390411739621,13.9307247550007,14.757244768333,10.6250643120428
3.9,7,7,6.96906202684946,6.96487203046114,6.45861530084508,7.23313377840733,13.9381240536989,13.9297440609223,14.7567430227108,10.6246060955407
4,7,7,6.96861558618463,6.96439607455662,6.46155161342269,7.2364351301657,13.9372311723693,13.9287921491132,14.7562540157865,10.6241588018201
4.1,7,7,6.96818474510106,6.96393859330993,6.46440807210815,7.23963881085737,13.9363694902021,13.9278771866199,14.7557813732298,10.6237255735401
4.2,7,7,6.96776531270993,6.96349458781302,6.46720608854743,7.24277118992464,13.9355306254199,13.926989175626,14.7553206753758,10.6233026365897
4.3,7,7,6.96735707647655,6.96306378381824,6.46994672379737,7.24583367928635,13.9347141529531,13.9261275676365,14.7548716846331,10.6228898023462
4.4,7,7,6.96695982676328,6.9626459111651,6.47263102449617,7.24882766988147,13.9339196535266,13.9252918223302,14.7544341669379,10.6224868847556
4.5,7,7,6.96657339865983,6.96224075279604,6.47525980810084,7.25175427164061,13.9331467973197,13.9244815055921,14.7540079352971,10.6220937381206
4.6,7,7,6.96620089850045,6.96185191493955,6.47781708364746,7.25459429310102,13.9324017970009,13.9237038298791,14.7535962016967,10.621713173344
4.7,7,7,6.96583858366781,6.96147498045048,6.48032202526999,7.25737110920098,13.9316771673356,13.922949960901,14.7531950503504,10.6213418141311
4.8,7,7,6.96548626387042,6.96110970633909,6.4827755833191,7.26008597140729,13.9309725277408,13.9222194126782,14.7528042706483,10.620979491582
4.9,7,7,6.96514375141216,6.96075585323809,6.48517869522759,7.26274011259177,13.9302875028243,13.9215117064762,14.7524236551078,10.6206260390979
5,7,7,6.96481089852748,6.96041322868616,6.4875320931979,7.26533451652662,13.929621797055,13.9208264573723,14.752053037947,10.6202813261789
5.1,7,7,6.96449047690986,6.9600850160332,6.48982145814648,7.26785217057073,13.9289809538197,13.9201700320664,14.7516952644446,10.6199478666693
5.2,7,7,6.96417914531285,6.95976731359993,6.49206396011393,7.27031379546465,13.9283582906257,13.9195346271999,14.7513468654682,10.6196226404995
5.3,7,7,6.96387673337114,6.95945990610003,6.4942604502696,7.27272050046337,13.9277534667423,13.9189198122001,14.7510076543241,10.6193054964347
5.4,7,7,6.96358307304435,6.95916258145768,6.49641176821006,7.27507337834082,13.9271661460887,13.9183251629154,14.7506774470903,10.6189962853009
5.5,7,7,6.963298031928,6.95887516901248,6.49851856975361,7.27737330105417,13.926596063856,13.917750338025,14.7503560967857,10.6186948902106
5.6,7,7,6.96302408213569,6.95860047746336,6.50056803317108,7.27960518720386,13.9260481642714,13.9172009549267,14.7500461236205,10.6184035590269
5.7,7,7,6.9627582417757,6.95833506183852,6.50257553353353,7.28178740495383,13.9255164835514,13.916670123677,14.7497444543942,10.6181195906525
5.8,7,7,6.96250035833244,6.95807873140451,6.5045418331578,7.28392093751471,13.9250007166649,13.916157462809,14.7494509236117,10.617842849674
5.9,7,7,6.96225028137291,6.9578312982733,6.50646768399342,7.2860067534897,13.9245005627458,13.9156625965466,14.7491653682347,10.6175732025237
6,7,7,6.96200789225503,6.95759261110773,6.50835367342506,7.28804562573431,13.9240157845101,13.9151852222155,14.7488876579467,10.6173105445066
6.1,7,7,6.96177539491842,6.95736514669836,6.51018832073343,7.29002418465759,13.9235507898368,13.9147302933967,14.7486200247971,10.6170568853365
6.2,7,7,6.9615501291875,6.9571458647045,6.51198539336975,7.29195871317871,13.923100258375,13.914291729409,14.7483597465585,10.6168098095238
6.3,7,7,6.96133195853563,6.95693459615317,6.51374557405469,7.29385008279365,13.9226639170713,13.9138691923063,14.7481066765259,10.6165691958249
6.4,7,7,6.9611207483016,6.95673117459319,6.5154695362218,7.29569915205169,13.9222414966032,13.9134623491864,14.7478606701721,10.6163349246491
6.5,7,7,6.96091639217304,6.95653546581463,6.51715780594769,7.29750660597494,13.9218327843461,13.9130709316293,14.7476216119514,10.6161069022214
6.6,7,7,6.96072085404635,6.95634965258091,6.51880010347107,7.29926059229542,13.9214417080927,13.9126993051618,14.7473914784676,10.6158869250326
6.7,7,7,6.96053176174645,6.95617105302854,6.52040875645928,7.30097554562704,13.9210635234929,13.9123421060571,14.7471678586154,10.6156728333187
6.8,7,7,6.96034899306823,6.95599951747009,6.52198437633144,7.30265223845188,13.9206979861365,13.9119990349402,14.7469506223454,10.6154645185261
6.9,7,7,6.96017242747749,6.95583489845308,6.52352756618758,7.30429143177715,13.920344854955,13.9116697969062,14.7467396415384,10.6152618735815
7,7,7,6.96000196970769,6.95567707694839,6.52503879718202,7.30589373277886,13.9200039394154,13.9113541538968,14.7465348137413,10.6150648144903
7.1,7,7,6.95983936880815,6.95552797526491,6.52650886505892,7.30744863413704,13.9196787376163,13.9110559505298,14.7463378891107,10.6148749468427
7.2,7,7,6.95968251040394,6.95538522911171,6.52794880805049,7.30896893216246,13.9193650208079,13.9107704582234,14.7461467323403,10.6146903398382
7.3,7,7,6.9595312851175,6.95524870589336,6.52935917370692,7.31045531157994,13.919062570235,13.9104974117867,14.745961228144,10.6145108962878
7.4,7,7,6.95938558506786,6.95511827499516,6.53074050212659,7.31190844694396,13.9187711701357,13.9102365499903,14.7457812629469,10.6143365203281
7.5,7,7,6.95924532488376,6.95499383084371,6.53209321526409,7.31332887643601,13.9184906497675,13.9099876616874,14.7456067459008,10.614167136724
7.6,7,7,6.95911206133438,6.9548770650473,6.53340907199761,7.31470728490581,13.9182241226688,13.9097541300946,14.7454392264199,10.6140041801552
7.7,7,7,6.95898391079441,6.95476589463531,6.53469795580305,7.31605501648817,13.9179678215888,13.9095317892706,14.7452768136863,10.6138459248178
7.8,7,7,6.95886077537528,6.9546602021602,6.53596035702134,7.31737267812729,13.9177215507506,13.9093204043204,14.7451194055004,10.6136922836999
7.9,7,7,6.95874255852875,6.95455987192987,6.53719675931879,7.31866086775326,13.9174851170575,13.9091197438597,14.7449669011793,10.613543170977
8,7,7,6.95862918374795,6.95446481029769,6.53840754057804,7.31992006239812,13.9172583674959,13.9089296205954,14.7448192201616,10.6133985192589
8.1,7,7,6.95852203573309,6.95437650454087,6.53958532216038,7.32114200367091,13.9170440714662,13.9087530090817,14.7446777339039,10.6132596102161
8.2,7,7,6.95841943738032,6.95429312088027,6.54073895342319,7.32233674849741,13.9168388747606,13.9085862417605,14.7445407683233,10.6131249015778
8.3,7,7,6.95832130109071,6.95421455529321,6.54186887346513,7.32350483488341,13.9166426021814,13.9084291105864,14.74440823282,10.6129943154458
8.4,7,7,6.95822754046574,6.95414070531278,6.54297551540649,7.32464679284523,13.9164550809315,13.9082814106256,14.744280038139,10.6128677749854
8.5,7,7,6.95813808693922,6.9540714878641,6.54405921765273,7.3257630452183,13.9162761738784,13.9081429757282,14.7441561128372,10.6127452198319
8.6,7,7,6.9580541712431,6.95400820926326,6.545113373898,7.32684627035345,13.9161083424862,13.9080164185265,14.7440376706108,10.6126277946771
8.7,7,7,6.95797430109546,6.95394925644825,6.5461459074383,7.32790538418043,13.9159486021909,13.9078985128965,14.7439232295106,10.6125141215624
8.8,7,7,6.95789839811259,6.95389453729422,6.54715721147599,7.32894086360317,13.9157967962252,13.9077890745884,14.7438127092196,10.6124041307508
8.9,7,7,6.95782638498578,6.95384396105508,6.5481476738589,7.32995317844427,13.9156527699716,13.9076879221102,14.7437060306127,10.6122977534575
9,7,7,6.9577582002619,6.9537974540267,6.54911759763216,7.33094270350459,13.9155164005238,13.9075949080534,14.743603130329,10.6121949356096
9.1,7,7,6.95769493691468,6.95375616227573,6.55006106808022,7.33190294750146,13.9153898738294,13.9075123245515,14.7435050822088,10.612096699275
9.2,7,7,6.95763526805012,6.95371866822184,6.55098517922296,7.33284181496033,13.9152705361002,13.9074373364437,14.7434105746289,10.6120018135946
9.3,7,7,6.95757912353712,6.95368489028457,6.55189028315595,7.33375972862858,13.9151582470742,13.9073697805691,14.7433195363875,10.6119102161398
9.4,7,7,6.95752643420734,6.95365474810541,6.55277672717909,7.33465710497717,13.9150528684147,13.9073094962108,14.743231897339,10.6118218453341
9.5,7,7,6.95747714497917,6.95362817628661,6.5536447826657,7.33553427623352,13.9149542899583,13.9072563525732,14.7431476012872,10.611736652739
9.6,7,7,6.95743222558445,6.95360617900097,6.55448915417585,7.33638548719691,13.9148644511689,13.9072123580019,14.7430675980868,10.611655550652
9.7,7,7,6.95739049711265,6.9535875117849,6.55531619314002,7.33721774584917,13.9147809942253,13.9071750235698,14.7429907271104,10.6115774399007
9.8,7,7,6.95735189682304,6.95357210240289,6.5561262148377,7.33803142693661,13.9147037936461,13.9071442048058,14.7429169252363,10.6115022646004
9.9,7,7,6.95731636283701,6.95355987970238,6.55691953025336,7.33882689964247,13.914632725674,13.9071197594048,14.7428461302788,10.6114299696296
10,7,7,6.95728384578021,6.95355078564862,6.55769638239312,7.3396044584607,13.9145676915604,13.9071015712972,14.7427782923927,10.6113605115951
10.1,7,7,6.95725520514167,6.95354569878815,6.55845203032804,7.34035900070356,13.9145104102833,13.9070913975763,14.7427142515162,10.6112947045335
10.2,7,7,6.95722939440811,6.95354352795324,6.55919216053864,7.34109673961437,13.9144587888162,13.9070870559065,14.7426529808823,10.6112315671576
10.3,7,7,6.95720635745672,6.95354420919027,6.55991705533213,7.34181800739377,13.9144127149134,13.9070884183805,14.7425944245315,10.6111710494422
10.4,7,7,6.95718603893671,6.95354767950538,6.56062699316914,7.34252313131152,13.9143720778734,13.9070953590108,14.7425385273348,10.6111131020454
10.5,7,7,6.95716839458583,6.95355388739081,6.56132219164914,7.34321237241758,13.9143367891717,13.9071077747816,14.7424852450767,10.6110576860924
10.6,7,7,6.95715418529037,6.95356360018374,6.56199840635268,7.3438812064652,13.9143083705807,13.9071272003675,14.7424353202509,10.6110055276643
10.7,7,7,6.95714248297682,6.95357586244616,6.56266072834503,7.34453514219343,13.9142849659536,13.9071517248923,14.7423878447604,10.6109557510006
10.8,7,7,6.95713323744839,6.9535906175642,6.56330941040431,7.3451744740922,13.9142664748968,13.9071812351284,14.7423427689954,10.6109083113226
10.9,7,7,6.95712639919956,6.95360780977457,6.5639447018638,7.34579949228093,13.9142527983991,13.9072156195491,14.7423000440821,10.6108631644637
11,7,7,6.95712192854711,6.95362739335549,6.5645667975685,7.34641042816706,13.9142438570942,13.907254786711,14.7422596307958,10.610820275595
11.1,7,7,6.95712049819721,6.95365003721165,6.56517189766532,7.34700327028984,13.9142409963944,13.9073000744233,14.7422221852418,10.6107802920697
11.2,7,7,6.9571212860177,6.95367490606687,6.56576456007843,7.34758290286337,13.9142425720354,13.9073498121337,14.7421869045276,10.6107424325879
11.3,7,7,6.95712424711806,6.95370194981204,6.56634501114117,7.34814958695204,13.9142484942361,13.9074038996241,14.7421537446723,10.6107066570687
11.4,7,7,6.9571293372267,6.95373111909183,6.56691347410194,7.34870357974628,13.9142586744534,13.9074622381837,14.7421226623476,10.6106729259792
11.5,7,7,6.9571365207618,6.95376237331377,6.56747012342713,7.34924508638021,13.9142730415236,13.9075247466275,14.7420936227527,10.6106412081135
11.6,7,7,6.95714639158177,6.95379629427321,6.56801155731347,7.3497705499838,13.9142927831635,13.9075925885464,14.742067205406,10.6106120803586
11.7,7,7,6.95715822230422,6.95383215305903,6.5685418563144,7.35028430113691,13.9143164446084,13.9076643061181,14.7420427006829,10.6105848459671
11.8,7,7,6.95717197278978,6.95386990532679,6.56906122308124,7.35078657127618,13.9143439455796,13.9077398106536,14.7420200695923,10.6105594690643
11.9,7,7,6.95718760345324,6.95390950740011,6.56956985750269,7.35127758840446,13.9143752069065,13.9078190148002,14.7419992737218,10.6105359142662
12,7,7,6.95720508238635,6.95395092323377,6.57006791579482,7.35175753436844,13.9144101647727,13.9079018464675,14.7419802821928,10.6105141536109
12.1,7,7,6.95722493295542,6.95399465754873,6.57055235254835,7.35222325530511,13.9144498659108,13.9079893150975,14.741963606626,10.6104947009166
12.2,7,7,6.95724651250697,6.95404007557164,6.57102682089052,7.35267859099565,13.9144930250139,13.9080801511433,14.741948620082,10.6104769351167
12.3,7,7,6.95726978515552,6.9540871380669,6.57149150226525,7.35312374661498,13.914539570311,13.9081742761338,14.7419352879938,10.6104608241026
12.4,7,7,6.95729471551177,6.95413580639093,6.57194657564256,7.35355892429426,13.9145894310235,13.9082716127819,14.741923576307,10.6104463362048
12.5,7,7,6.95732127495791,6.9541860485299,6.57239218089457,7.35398428523909,13.9146425499158,13.9083720970598,14.7419134576199,10.6104334463664
12.6,7,7,6.95734992384908,6.95423830102345,6.57282559170376,7.35439703286951,13.9146998476982,13.9084766020469,14.7419053833587,10.6104226119595
12.7,7,7,6.95738009528826,6.95429201239996,6.57325007849743,7.35480057186453,13.9147601905765,13.9085840247999,14.7418987998885,10.6104132796551
12.8,7,7,6.95741175719859,6.95434714795132,6.57366580372859,7.35519508412055,13.9148235143972,13.9086942959026,14.7418936765639,10.6104054207164
12.9,7,7,6.95744487794741,6.9544036734941,6.57407292763489,7.35558074883598,13.9148897558948,13.9088073469882,14.7418899831942,10.6103990067999
13,7,7,6.95747943186407,6.95446156058864,6.57447157545214,7.35595770892069,13.9149588637281,13.9089231211773,14.7418876954603,10.6103940154496
13.1,7,7,6.95751582299014,6.95452118547443,6.57485930655166,7.3563234845473,13.9150316459803,13.9090423709489,14.7418872114231,10.6103908535212
13.2,7,7,6.95755355215175,6.95458207037833,6.5752390487131,7.35668109466183,13.9151071043035,13.9091641407567,14.7418880424355,10.6103890283116
13.3,7,7,6.9575925906818,6.95464418460455,6.57561094738369,7.35703070052623,13.9151851813636,13.9092883692091,14.7418901613288,10.6103885141026
13.4,7,7,6.95763291031088,6.95470749792224,6.57597514602696,7.3573724610109,13.9152658206218,13.9094149958445,14.7418935413377,10.6103892855283
13.5,7,7,6.95767448800802,6.95477198506073,6.57633175677189,7.35770650280864,13.915348976016,13.9095439701215,14.7418981608758,10.6103913224619
13.6,7,7,6.95771767749724,6.95483796894351,6.57667859476815,7.35803062691731,13.9154353549945,13.909675937887,14.7419043706938,10.6103949865513
13.7,7,7,6.95776204013555,6.95490503698551,6.57701828101357,7.35834751031117,13.9155240802711,13.909810073971,14.7419117397588,10.6103998393517
13.8,7,7,6.95780755030842,6.95497316204661,6.57735094572765,7.3586572959612,13.9156151006168,13.9099463240932,14.7419202439848,10.6104058578476
13.9,7,7,6.95785418275736,6.95504231739873,6.57767671735358,7.35896012471843,13.9157083655147,13.9100846347975,14.7419298596432,10.6104130193392
14,7,7,6.95790191681574,6.95511248058096,6.57799569628344,7.35925610890089,13.9158038336315,13.9102249611619,14.7419405675705,10.6104213057846
14.1,7,7,6.95795106125762,6.95518392739013,6.57830592666257,7.35954329848407,13.9159021225152,13.9103678547803,14.7419526765748,10.6104310383772
14.2,7,7,6.95800123153197,6.9552563028872,6.57860975482331,7.35982406726145,13.9160024630639,13.9105126057744,14.7419658067011,10.6104418272296
14.3,7,7,6.95805240475693,6.95532958308305,6.57890729734979,7.36009854199012,13.9161048095139,13.9106591661661,14.7419799365963,10.6104536517461
14.4,7,7,6.95810455836939,6.95540374435365,6.57919866923563,7.36036684754792,13.9162091167388,13.9108074887073,14.741995045224,10.6104664916132
14.5,7,7,6.95815767382042,6.95547876672953,6.57948396036302,7.3606290835109,13.9163153476408,13.9109575334591,14.7420111155689,10.6104803306567
14.6,7,7,6.95821201973909,6.95555488436552,6.57976141989137,7.36088352060075,13.9164240394782,13.911109768731,14.742028419256,10.6104954538697
14.7,7,7,6.95826725990196,6.95563179328505,6.5800331482458,7.3611322638158,13.9165345198039,13.9112635865701,14.7420466216126,10.6105115148186
14.8,7,7,6.95832337387339,6.95570947229125,6.5802992498012,7.36137542554021,13.9166467477468,13.9114189445825,14.7420657037086,10.6105284950741
14.9,7,7,6.95838034150308,6.9557879005108,6.58055982750832,7.36161311649227,13.9167606830062,13.9115758010216,14.7420856468947,10.6105463764593
15,7,7,6.95843814613889,6.9558670601835,6.58081496183835,7.36184542495323,13.9168762922778,13.911734120367,14.7421064360603,10.6105651444718
15.1,7,7,6.95849702056593,6.95594714868241,6.58106308549195,7.36207081736455,13.9169940411319,13.9118942973648,14.7421283098666,10.6105850517141
15.2,7,7,6.9585566717282,6.95602790707058,6.58130607873766,7.36229116041057,13.9171133434564,13.9120558141412,14.7421509737853,10.610605790637
15.3,7,7,6.95861708137975,6.95610931662548,6.58154403501833,7.36250655373427,13.9172341627595,13.912218633251,14.7421744110348,10.6106273447504
15.4,7,7,6.95867823152999,6.95619135891128,6.58177704650163,7.36271709550185,13.91735646306,13.9123827178226,14.742198605082,10.6106496977906
15.5,7,7,6.95874010722578,6.95627401812696,6.58200518523196,7.36292286398243,13.9174802144516,13.9125480362539,14.742223542505,10.6106728367517
15.6,7,7,6.95880290925807,6.95635745917053,6.5822270482249,7.36312249915169,13.9176058185161,13.9127149183411,14.7422494327427,10.6106969852559
15.7,7,7,6.95886638311915,6.95644146289614,6.5824443186497,7.36331765640038,13.9177327662383,13.9128829257923,14.7422760168558,10.6107218705477
15.8,7,7,6.95893051252302,6.95652601277379,6.58265708016089,7.36350842407661,13.917861025046,13.9130520255476,14.7423032799673,10.6107474778732
15.9,7,7,6.95899528141222,6.95661109252758,6.58286541527127,7.36369488921932,13.9179905628244,13.9132221850552,14.7423312074209,10.610773792681
16,7,7,6.95906067635543,6.95669668809395,6.58306938847984,7.36387712122231,13.9181213527109,13.9133933761879,14.7423597872916,10.6108008033056
16.1,7,7,6.95912686959515,6.95678293571202,6.58326774390273,7.36405391392801,13.9182537391903,13.913565871424,14.7423892031133,10.6108287074415
16.2,7,7,6.95919364103735,6.95686965137613,6.58346198825495,7.36422673538656,13.9183872820747,13.9137393027523,14.742419227497,10.6108572634648
16.3,7,7,6.95926097615025,6.9569568204991,6.58365219642698,7.36439566393315,13.9185219523005,13.9139136409982,14.7424498472541,10.6108864581757
16.4,7,7,6.95932886060663,6.95704442871885,6.58383844228709,7.36456077674236,13.9186577212133,13.9140888574377,14.7424810493923,10.610916278556
16.5,7,7,6.95939728233827,6.95713246351279,6.58402078357822,7.36472213534036,13.9187945646765,13.9142649270256,14.7425128233142,10.6109467141401
16.6,7,7,6.95946638812316,6.95722103584251,6.58419809610428,7.36487867000067,13.9189327762463,13.914442071685,14.7425453295899,10.6109779394277
16.7,7,7,6.95953598858018,6.95730999272135,6.58437172861094,7.36503168266705,13.9190719771604,13.9146199854427,14.7425783687991,10.6110097406481
16.8,7,7,6.95960607074756,6.95739932128353,6.5845417481419,7.36518124279805,13.9192121414951,13.9147986425671,14.7426119292509,10.6110421059929
16.9,7,7,6.95967662184662,6.95748900886275,6.5847082208256,7.36532741882331,13.9193532436932,13.9149780177255,14.742645999428,10.611075023816
17,7,7,6.95974763103014,6.95757904430322,6.58487119835584,7.36547026529448,13.9194952620603,13.9151580886064,14.7426805699103,10.6111084847265
17.1,7,7,6.95981922237152,6.95766951628489,6.58502967442482,7.365608833459,13.919638444743,13.9153390325698,14.7427157809121,10.6111426424756
17.2,7,7,6.95989123389029,6.9577602991884,6.58518485635942,7.36574427797848,13.9197824677806,13.9155205983768,14.7427514578066,10.6111773082109
17.3,7,7,6.95996365402975,6.9578513816732,6.58533680417787,7.36587666044205,13.9199273080595,13.9157027633464,14.7427875902309,10.6112124713696
17.4,7,7,6.96003647139705,6.95794275257545,6.58548557707897,7.36600604152667,13.9200729427941,13.9158855051509,14.7428241679756,10.6112481215341
17.5,7,7,6.96010967623875,6.95803440195175,6.58563122134043,7.36613246960109,13.9202193524775,13.9160688039035,14.7428611826645,10.6112842502753
17.6,7,7,6.96018337239345,6.95812639885472,6.58577283618792,7.36625510318313,13.9203667447869,13.9162527977094,14.7428987564684,10.6113209927862
17.7,7,7,6.96025742231695,6.9582186417968,6.58591150234775,7.36637496634038,13.9205148446339,13.9164372835936,14.7429367367391,10.6113581825053
17.8,7,7,6.96033181570997,6.95831112078872,6.58604727354821,7.36649211368536,13.9206636314199,13.9166222415774,14.7429751142907,10.6113958099848
17.9,7,7,6.96040654241979,6.95840382599777,6.58618020278393,7.3666065990219,13.9208130848396,13.9168076519955,14.7430138800738,10.6114338659067
18,7,7,6.96048159367276,6.95849674855608,6.58631033148337,7.36671846523752,13.9209631873455,13.9169934971122,14.7430530266381,10.6114723427035
18.1,7,7,6.96055705528279,6.95858994024044,6.58643685334451,7.36682696597133,13.9211141105656,13.9171798804809,14.7430926601611,10.6115113589698
18.2,7,7,6.96063281148909,6.95868332082841,6.58656073576015,7.36693300949164,13.9212656229782,13.9173666416568,14.7431326474768,10.6115507680835
18.3,7,7,6.96070885311752,6.95877688152786,6.5866820268272,7.36703664422573,13.921417706235,13.9175537630557,14.7431729804432,10.6115905615948
18.4,7,7,6.96078517112509,6.95887061368534,6.58680077398574,7.36713791788393,13.9215703422502,13.9177412273707,14.7432136510394,10.6116307311702
18.5,7,7,6.96086175761588,6.95896450938717,6.58691701432263,7.36723686849454,13.9217235152318,13.9179290187743,14.743254652636,10.6116712700131
18.6,7,7,6.96093868235661,6.95905860521746,6.58703002610527,7.36733283404679,13.9218773647132,13.9181172104349,14.7432960772358,10.6117122818751
18.7,7,7,6.96101584899595,6.95915283967912,6.58714067527099,7.36742662012603,13.9220316979919,13.9183056793582,14.7433378089412,10.6117536379678
18.8,7,7,6.9610932493665,6.95924720504053,6.58724900487505,7.36751826967583,13.922186498733,13.9184944100811,14.7433798405361,10.6117953307349
18.9,7,7,6.9611708754182,6.95934169369292,6.58735505738466,7.36760782500414,13.9223417508364,13.9186833873858,14.7434221649114,10.611837352724
19,7,7,6.96124872004148,6.9594362985692,6.58745886599961,7.36769531983132,13.922497440083,13.9188725971384,14.7434647761658,10.6118796978291
19.1,7,7,6.96132683872517,6.95953104290603,6.58755978469104,7.3677801669471,13.9226536774503,13.9190620858121,14.7435077537398,10.6119224565291
19.2,7,7,6.96140515240316,6.95962588168176,6.58765858857508,7.36786308088238,13.9228103048063,13.9192517633635,14.7435509970414,10.6119655159851
19.3,7,7,6.96148365380879,6.95972080810414,6.58775531619336,7.36794409971893,13.9229673076176,13.9194416162083,14.7435944996753,10.6120088694404
19.4,7,7,6.96156233578037,6.95981581548975,6.58785000556107,7.36802326097493,13.9231246715607,13.9196316309795,14.7436382553413,10.6120525102313
19.5,7,7,6.96164119191284,6.95991089752276,6.58794268639797,7.36810059455153,13.9232823838257,13.9198217950455,14.7436822587836,10.6120964328702
19.6,7,7,6.96172026499999,6.96000606572674,6.5880327804419,7.368175579572,13.92344053,13.9200121314535,14.7437265783102,10.6121407159693
19.7,7,7,6.96179949136032,6.96010128956239,6.58812098150836,7.36824884982264,13.9235989827206,13.9202025791248,14.7437711268943,10.6121852609523
19.8,7,7,6.96187886453298,6.96019656306948,6.58820732409816,7.36832043907464,13.923757729066,13.920393126139,14.7438158988684,10.6122300617781
19.9,7,7,6.96195836175697,6.96029187604327,6.58829206493405,7.36839058122511,13.9239167235139,13.9205837520865,14.7438608623663,10.6122750822474
20,7.32572190988016,7.32572190988016,6.96204482446937,6.96039463117589,8.41462371235639,9.25049382987123,13.9240896489387,13.9207892623518,14.7439129367862,10.6123267566662
20.1,7.75,7.75,6.97869230598878,6.97849498421656,10.7110102771747,11.6096329119642,13.9573846119776,13.9569899684331,14.7606377100776,10.6278537108774
20.2,7.75,7.75,6.99495898178904,6.99614451121644,10.6304153829677,11.5195366878391,13.9899179635781,13.9922890224329,14.7769717810671,10.643043064431
20.3,7.75,7.75,7.0108876464841,7.01339514120587,10.5515016847121,11.4314853408764,14.0217752929682,14.0267902824117,14.792959805111,10.6579325139162
20.4,7.75,7.75,7.02647233083104,7.03024059135632,10.4742988324193,11.3455110125525,14.0529446616621,14.0604811827126,14.8085962617104,10.6725167240268
20.5,7.75,7.75,7.04172047102134,7.04669041072506,10.3987697998793,11.2615646843936,14.0834409420427,14.0933808214501,14.82388936418,10.6868022530955
20.6,7.75,7.75,7.05662332897977,7.06273518036728,10.3249580022373,11.1796945643383,14.1132466579595,14.1254703607346,14.8388308606024,10.700781302632
20.7,7.75,7.75,7.07123351606895,7.07843727388376,10.2526017470193,11.0995808808417,14.1424670321379,14.1568745477675,14.8534748354158,10.7145005380883
20.8,7.75,7.75,7.08554501719879,7.0937902013803,10.181730920546,11.0212568513584,14.1710900343976,14.1875804027606,14.8678156038709,10.7279545913772
20.9,7.75,7.75,7.09950223229948,7.10872988767941,10.1126219862295,10.9450508150642,14.199004464599,14.2174597753588,14.8817974417394,10.7410940519533
21,7.75,7.75,7.11314255434063,7.12330087842209,10.045088938087,10.8707343822103,14.2262851086813,14.2466017568442,14.8954589568471,10.7539520757937
21.1,7.75,7.75,7.12650545434749,7.1375497294658,9.97893545710666,10.7980688955425,14.253010908695,14.2750994589316,14.9088405404634,10.7665636852028
21.2,7.75,7.75,7.13959599592417,7.15148284692873,9.91413633583543,10.7270214794391,14.2791919918483,14.3029656938575,14.9219477122996,10.7789333506963
21.3,7.75,7.75,7.1524191707415,7.16510653723543,9.85066672531439,10.6575597706151,14.304838341483,14.3302130744709,14.9347859069262,10.791065479633
21.4,7.75,7.75,7.16492520041527,7.17836400337155,9.78877411211672,10.5899747652769,14.3298504008305,14.3567280067431,14.9473056795841,10.8029158052591
21.5,7.75,7.75,7.17714754972696,7.19129470873885,9.72829205100808,10.5240641651704,14.3542950994539,14.3825894174777,14.9595412695483,10.8145140204188
21.6,7.75,7.75,7.18912154746705,7.2039399047638,9.66904484676154,10.4596165403302,14.3782430949341,14.4078798095276,14.9715285033448,10.8258914930512
21.7,7.75,7.75,7.2008517222313,7.21630526155472,9.61100995808419,10.3966027972268,14.4017034444626,14.4326105231094,14.9832722717303,10.837052223791
21.8,7.75,7.75,7.21234253841342,7.22839636119882,9.55416516356439,10.3349942945402,14.4246850768268,14.4567927223976,14.9947773901344,10.8480001568248
21.9,7.75,7.75,7.22354942564724,7.24016285103141,9.49873203013494,10.2750489685478,14.4470988512945,14.4803257020628,15.0059999789411,10.8586956293092
22,7.75,7.75,7.23450233736689,7.25163969910164,9.44456159484025,10.2165875946622,14.4690046747338,14.5032793982033,15.016970408168,10.8691652359164
22.1,7.75,7.75,7.24523289876883,7.26286346346133,9.39149659966955,10.1594228291059,14.4904657975377,14.5257269269227,15.0277204605645,10.8794370748459
22.2,7.75,7.75,7.25574516086169,7.27383916424002,9.33951688274686,10.1035289173568,14.5114903217234,14.54767832848,15.0382544703508,10.889514726719
22.3,7.75,7.75,7.26604311732393,7.28457174380462,9.28860256777494,10.0488805042907,14.5320862346479,14.5691434876092,15.048576705081,10.8994017216903
22.4,7.75,7.75,7.2760868576784,7.29501655694354,9.23895203217789,9.99570625051397,14.5521737153568,14.5900331138871,15.0586482179474,10.9090625180753
22.5,7.75,7.75,7.28590319570848,7.30520459396042,9.19043194250814,9.94384734454193,14.571806391417,14.6104091879208,15.0684959511927,10.9185209383914
22.6,7.75,7.75,7.29552044435811,7.31516825879575,9.1429015277431,9.89313775768222,14.5910408887162,14.6303365175915,15.0781481045961,10.92780215479
22.7,7.75,7.75,7.30494222810633,7.32491199724316,9.09634275058905,9.84355468506092,14.6098844562127,14.6498239944863,15.0876085197637,10.9369093723498
22.8,7.75,7.75,7.31417212021663,7.3344401863606,9.05073782882309,9.79507567475443,14.6283442404333,14.6688803727212,15.0968809792821,10.945845751019
22.9,7.75,7.75,7.32317438032172,7.3437132368377,9.006264389424,9.7479034569357,14.6463487606434,14.6874264736754,15.105930909248,10.954579438504
23,7.75,7.75,7.3319730142025,7.35275861808742,8.96280307577063,9.7018972857166,14.663946028405,14.7055172361748,15.1147822146566,10.9631317765039
23.1,7.75,7.75,7.34059337188472,7.36160505616527,8.92022786337367,9.65691000104806,14.6811867437694,14.7232101123305,15.1234599200617,10.9715253183339
23.2,7.75,7.75,7.34903869676266,7.37025648911627,8.87852261280195,9.61292140512649,14.6980773935253,14.7405129782325,15.1319674309129,10.9797629332116
23.3,7.75,7.75,7.35731218646066,7.37871679420143,8.83767141253575,9.56991161220211,14.7146243729213,14.7574335884029,15.1403081003963,10.987847449987
23.4,7.75,7.75,7.3653818329342,7.38695086168487,8.79783331891461,9.52806038044794,14.7307636658684,14.7739017233697,15.1484512316253,10.9957503195114
23.5,7.75,7.75,7.37326913003455,7.39498304358495,8.75890147710111,9.4872429568501,14.7465382600691,14.7899660871699,15.1564180379258,11.0034906630915
23.6,7.75,7.75,7.3809967768527,7.40283880887292,8.72076305511013,9.44732888885687,14.7619935537054,14.8056776177458,15.1642307295356,11.0110886898883
23.7,7.75,7.75,7.38856767618199,7.41052164651978,8.68340360948137,9.40830028399689,14.777135352364,14.8210432930396,15.1718923256397,11.0185469686835
23.8,7.75,7.75,7.39598468989932,7.41803499172327,8.64680890046768,9.37013952580922,14.7919693797986,14.8360699834465,15.1794057991325,11.0258680321453
23.9,7.75,7.75,7.40321915085522,7.42534770435404,8.61112136247979,9.3330060178086,14.8064383017104,14.8506954087081,15.1867438908622,11.0330262886852
24,7.75,7.75,7.41029030540627,7.43248137560456,8.57624532532049,9.29678916866348,14.8205806108125,14.8649627512091,15.1939254283842,11.0400388720769
24.1,7.75,7.75,7.41721848044798,7.43945858937238,8.54207976133402,9.26137332319098,14.834436960896,14.8789171787448,15.2009701271631,11.0469238929823
24.2,7.75,7.75,7.4240062742636,7.44628243730071,8.50861174310691,9.22674262824319,14.8480125485272,14.8925648746014,15.2078806642305,11.0536836513876
24.3,7.75,7.75,7.43065624854885,7.4529559634456,8.47582852536335,9.19288147489023,14.8613124970977,14.9059119268912,15.2146596756095,11.0603204149651
24.4,7.75,7.75,7.4371427269835,7.45945154589456,8.44385766316934,9.15993122832655,14.874285453967,14.9189030917891,15.2212829506753,11.0668112404369
24.5,7.75,7.75,7.44348294470077,7.465788330265,8.4126134943229,9.12779384026721,14.8869658894015,14.93157666053,15.2277672020612,11.0731714823027
24.6,7.75,7.75,7.44969510552552,7.47198634439927,8.38200555501102,9.09636676386132,14.899390211051,14.9439726887985,15.2341299334465,11.0794173724677
24.7,7.75,7.75,7.45578153542614,7.47804832828247,8.35202227341149,9.06563595059097,14.9115630708523,14.9560966565649,15.2403735187256,11.0855509703926
24.8,7.75,7.75,7.4617445276465,7.48397697977438,8.322652240591,9.03558756809391,14.923489055293,14.9679539595488,15.2465002954569,11.09157430662
24.9,7.75,7.75,7.46756108355266,7.48974779553075,8.29400969089676,9.00634699378542,14.9351221671053,14.9794955910615,15.2524887566441,11.0974668094087
25,7.75,7.75,7.47324663823395,7.49537775443108,8.26601791860407,8.97782729104092,14.9464932764679,14.9907555088622,15.2583537398711,11.1032422402815
25.1,7.75,7.75,7.47881749516906,7.50088461936572,8.23859591487135,8.94993752721473,14.9576349903381,15.0017692387314,15.2641107877002,11.1089151489863
25.2,7.75,7.75,7.48427573674722,7.50627081899369,8.2117333202901,8.92266525121509,14.9685514734944,15.0125416379874,15.2697620054105,11.1144873797247
25.3,7.75,7.75,7.48962341608225,7.51153874467401,8.18541992115855,8.89599820332074,14.9792468321645,15.023077489348,15.2753094660801,11.1199607508164
25.4,7.75,7.75,7.49483993205846,7.51666665770769,8.15975802547725,8.87004758887108,14.9896798641169,15.0333333154154,15.2807340606629,11.125316814322
25.5,7.75,7.75,7.49993910852967,7.52166961695504,8.13467894400325,8.84473631661608,14.9998782170593,15.0433392339101,15.2860489641777,11.1305679054675
25.6,7.75,7.75,7.50493554780267,7.52656337799535,8.11011013136661,8.81998374595118,15.0098710956053,15.0531267559907,15.2912679801529,11.1357270677638
25.7,7.75,7.75,7.50983111434781,7.5313500937993,8.08604231274744,8.7957788401702,15.0196622286956,15.0627001875986,15.2963929758066,11.1407959527438
25.8,7.75,7.75,7.51462764644079,7.53603188430266,8.06246634368807,8.7721107320352,15.0292552928816,15.0720637686053,15.3014257898167,11.1457761887723
25.9,7.75,7.75,7.51930668977706,7.54058946195675,8.03947385349213,8.74907806292797,15.0386133795541,15.0811789239135,15.3063494401356,11.1506512299452
26,7.75,7.75,7.5238806258256,7.54503618397183,8.01700332886585,8.72661246636844,15.0477612516512,15.0900723679437,15.3111756274745,11.1554321343438
26.1,7.75,7.75,7.52836253387635,7.54938602670576,7.99498980114186,8.70464242344812,15.0567250677527,15.0987720534115,15.3159166131181,11.1601305966824
26.2,7.75,7.75,7.53275408340411,7.55364089894579,7.97342496591967,8.68315815006959,15.0655081668082,15.1072817978916,15.3205740532748,11.1647480960256
26.3,7.75,7.75,7.53705692044196,7.55780268021572,7.95230063545204,8.66215001224003,15.0741138408839,15.1156053604314,15.3251495788539,11.1692860906979
26.4,7.75,7.75,7.54125451311984,7.56185425638053,7.93169887688483,8.64170551192977,15.0825090262397,15.1237085127611,15.329628094607,11.1737297382932
26.5,7.75,7.75,7.54535795155828,7.56580747633094,7.91156460109932,8.62176401545416,15.0907159031166,15.1316149526619,15.3340199937593,11.1780889532339
26.6,7.75,7.75,7.54937895141613,7.56967473918165,7.89183962286067,8.60226208936859,15.0987579028323,15.1393494783633,15.3383361697562,11.182374222355
26.7,7.75,7.75,7.55331900765841,7.57345773739928,7.87251650617624,8.58319105913814,15.1066380153168,15.1469154747986,15.3425780917509,11.1865868703216
26.8,7.75,7.75,7.55717959426915,7.57715813752328,7.85358791945466,8.56454238320642,15.1143591885383,15.1543162750466,15.3467472064688,11.1907282032306
26.9,7.75,7.75,7.56094590097601,7.58076075273457,7.83512736702551,8.54639368628167,15.121891801952,15.1615215054691,15.3508300925018,11.1947849044195
27,7.75,7.75,7.56462786167898,7.58427609480885,7.8170855114163,8.52869118913891,15.129255723358,15.1685521896177,15.354835983437,11.1987658641309
27.1,7.75,7.75,7.56823597102441,7.58771516451298,7.79941024106356,8.51137862609682,15.1364719420488,15.175430329026,15.3587745594656,11.202680487462
27.2,7.75,7.75,7.57177156778072,7.59107946264361,7.78209489720344,8.49444830565004,15.1435431355614,15.1821589252872,15.3626471239039,11.2065299608435
27.3,7.75,7.75,7.57523597193547,7.59437046702251,7.76513291452016,8.47789265411932,15.1504719438709,15.188740934045,15.3664549601826,11.2103154540812
27.4,7.75,7.75,7.57861591502768,7.59757470005159,7.74859012907773,8.4617805373896,15.1572318300554,15.1951494001032,15.3701861319091,11.2140250170977
27.5,7.75,7.75,7.58192029565243,7.60070148803477,7.7324223533037,8.446064252804,15.1638405913049,15.2014029760695,15.3738488440815,11.217666622909
27.6,7.75,7.75,7.58515851507825,7.60376059187207,7.7165829141597,8.43069388955056,15.1703170301565,15.2075211837441,15.3774517006724,11.2212487078006
27.7,7.75,7.75,7.58833177225234,7.60675334250601,7.70106584858999,8.41566262718988,15.1766635445047,15.213506685012,15.3809958579574,11.2247723344328
27.8,7.75,7.75,7.59144124930879,7.60968105051746,7.68586527719211,8.40096374969821,15.1828824986176,15.2193621010349,15.3844824545798,11.2282385505796
27.9,7.75,7.75,7.59447505864027,7.61253175422527,7.67104016859477,8.38665835536531,15.1889501172805,15.2250635084505,15.3879008717218,11.2316366302339
28,7.75,7.75,7.59744117175109,7.61531372880409,7.65655094662682,8.37270412903043,15.1948823435022,15.2306274576082,15.3912584019649,11.2349737249337
28.1,7.75,7.75,7.60034801077201,7.61803563570746,7.64235580831957,8.35905679456381,15.200696021544,15.2360712714149,15.394562694554,11.2382574032556
28.2,7.75,7.75,7.60319664947524,7.62069865533609,7.62844941342122,8.34571030349074,15.2063932989505,15.2413973106722,15.3978147753788,11.2414886170335
28.3,7.75,7.75,7.60598814658008,7.62330395004278,7.61482649657234,8.33265869988028,15.2119762931602,15.2466079000856,15.4010156546937,11.2446683047713
28.4,7.75,7.75,7.60871185122003,7.62584090271223,7.60153987595904,8.3199561930216,15.2174237024401,15.2516818054245,15.4041558827661,11.2477868369125
28.5,7.75,7.75,7.611374904668,7.6283168564253,7.58855410484582,8.30756524474802,15.222749809336,15.2566337128506,15.4072419427571,11.2508506292424
28.6,7.75,7.75,7.61398485217977,7.63073949762595,7.57583174150392,8.29544657545622,15.2279697043595,15.2614789952519,15.4102806369033,11.2538664731527
28.7,7.75,7.75,7.61654265545497,7.63310987327344,7.56336800327253,8.2835948208968,15.2330853109099,15.2662197465469,15.4132728754683,11.2568352212359
28.8,7.75,7.75,7.61904926271517,7.63542901432812,7.55115817454547,8.27200469885176,15.2380985254303,15.2708580286562,15.4162195548492,11.2597577141477
28.9,7.75,7.75,7.62149513079442,7.63768749633321,7.53924956504771,8.26072430845534,15.2429902615888,15.2753749926664,15.4191122627066,11.2626253044972
29,7.75,7.75,7.6238866574401,7.63989183576415,7.52761042605999,8.24972034755886,15.2477733148802,15.2797836715283,15.4219567641036,11.2654437490732
29.1,7.75,7.75,7.62623060258346,7.64204885434302,7.51620722158643,8.23895796753655,15.2524612051669,15.284097708686,15.4247591097865,11.2682191431387
29.2,7.75,7.75,7.62852782757496,7.64415948073267,7.50503566821269,8.22843241066627,15.2570556551499,15.2883189614653,15.427520107474,11.2709522504153
29.3,7.75,7.75,7.63077918169626,7.646224629412,7.49409154256589,8.21813899194675,15.2615583633925,15.292449258824,15.4302405525862,11.2736438239344
29.4,7.75,7.75,7.63297611393074,7.64823593389999,7.48341722076623,8.20812039084737,15.2659522278615,15.2964718678,15.4329129533736,11.2762860961233
29.5,7.75,7.75,7.63512435612444,7.65019917756211,7.47298426589586,8.19834706180225,15.2702487122489,15.3003983551242,15.4355424377807,11.2788842335033
29.6,7.75,7.75,7.6372299648515,7.65212041515785,7.46276263988172,8.18878808589618,15.274459929703,15.3042408303157,15.4381343897688,11.2814437077923
29.7,7.75,7.75,7.63929371160444,7.65400047046952,7.45274850634737,8.17943924311437,15.2785874232089,15.308000940939,15.4406895261065,11.283965203124
29.8,7.75,7.75,7.6413163570683,7.65584015470342,7.44293808268161,8.17029637791526,15.2826327141366,15.3116803094068,15.4432085526546,11.2864493940589
29.9,7.75,7.75,7.64329023889789,7.65763203993283,7.43336932617942,8.16139736231599,15.2865804777958,15.3152640798657,15.4456847946502,11.2888893011819
30,7.75,7.75,7.64522049253766,7.65938125928912,7.42401676594613,8.1527159823851,15.2904409850753,15.3187625185782,15.4481228147318,11.2912895622918
30.1,7.75,7.75,7.64711254459759,7.6610931872327,7.41485349669428,8.14422480457567,15.2942250891952,15.3221863744654,15.4505274051977,11.2936550905602
30.2,7.75,7.75,7.6489670861022,7.66276855455154,7.40587608236054,8.13592008561294,15.2979341722044,15.3255371091031,15.4528992021457,11.2959864988445
30.3,7.75,7.75,7.65078479839749,7.66440808088229,7.39708113502926,8.12779813938806,15.301569596795,15.3288161617646,15.4552388319986,11.2982843914286
30.4,7.75,7.75,7.65255881513937,7.66600517095481,7.3885026541744,8.11989257331911,15.3051176302787,15.3320103419096,15.4575403450805,11.300542494964
30.5,7.75,7.75,7.65429373760095,7.66756438113677,7.38011782532446,8.11218012841286,15.3085874752019,15.3351287622735,15.4598078024123,11.3027649736416
30.6,7.75,7.75,7.6559944281478,7.66909048242414,7.37190254902528,8.10463646256818,15.3119888562956,15.3381809648483,15.4620454712561,11.3049562402951
30.7,7.75,7.75,7.65766150574166,7.67058412314304,7.36385374770406,8.09725825523091,15.3153230114833,15.3411682462861,15.4642539161528,11.3071168439473
30.8,7.75,7.75,7.65929558067638,7.67204594173083,7.35596838690707,8.09004223653767,15.3185911613528,15.3440918834617,15.4664336930608,11.3092473259427
30.9,7.75,7.75,7.66089049961415,7.67347008166183,7.34827692115116,8.08301823069444,15.3217809992283,15.3469401633237,15.4685794958683,11.311342045477
31,7.75,7.75,7.66245038538136,7.67486058767859,7.34075891516209,8.07616559968963,15.3249007707627,15.3497211753572,15.4706949404654,11.3134047424903
31.1,7.75,7.75,7.6639795949513,7.67622169543918,7.33339278254048,8.06946274361172,15.3279591899026,15.3524433908784,15.4727838281749,11.3154393816084
31.2,7.75,7.75,7.66547868274751,7.67755398014215,7.32617576676512,8.06290671675701,15.330957365495,15.3551079602843,15.4748466600612,11.3174464546831
31.3,7.75,7.75,7.66694819543048,7.6788580082163,7.31910514993199,8.05649461837399,15.333896390861,15.3577160164326,15.4768839295751,11.3194264466889
31.4,7.75,7.75,7.66838261833655,7.68012857859185,7.31220821136497,8.05025291636558,15.3367652366731,15.3602571571837,15.4788909018477,11.3213742835164
31.5,7.75,7.75,7.66978564574733,7.68136928214299,7.30546664673516,8.04416329760874,15.3395712914947,15.362738564286,15.4808707977416,11.3232933250578
31.6,7.75,7.75,7.67116118194855,7.68258387960009,7.29886112050771,8.0382065947012,15.3423223638971,15.3651677592002,15.4828270050601,11.3251871344186
31.7,7.75,7.75,7.67250972356236,7.68377288130748,7.2923891636949,8.03238019436331,15.3450194471247,15.367545762615,15.4847599685562,11.3270561522459
31.8,7.75,7.75,7.67383176025808,7.68493678983167,7.28604834189545,8.02668152318128,15.3476635205162,15.3698735796633,15.4866701262293,11.3289008130275
31.9,7.75,7.75,7.67512234947079,7.68607098568773,7.27986309041408,8.02113407137442,15.3502446989416,15.3721419713755,15.4885532502925,11.3307165503704
32,7.75,7.75,7.67638480162702,7.68717865709686,7.27381701354977,8.01572158816414,15.352769603254,15.3743573141937,15.4904122110234,11.3325063837073
32.1,7.75,7.75,7.67762261552633,7.68826314343358,7.26789279182405,8.01042706404757,15.3552452310527,15.3765262868672,15.4922500292059,11.3342735164368
32.2,7.75,7.75,7.67883623602159,7.68932489752183,7.26208821377211,8.00524818056311,15.3576724720432,15.3786497950437,15.4940670996366,11.336018343345
32.3,7.75,7.75,7.68002610173825,7.69036436528707,7.25640109890647,8.00018265460631,15.3600522034765,15.3807287305741,15.4958638111197,11.3377412537011
32.4,7.75,7.75,7.68118778258049,7.69137744330715,7.25085333513125,7.9952513345238,15.362375565161,15.3827548866143,15.4976363860272,11.3394381360038
32.5,7.75,7.75,7.68232424514337,7.69236696256855,7.24543023627236,7.9904397990677,15.3646484902867,15.3847339251371,15.4993873834755,11.3411117046819
32.6,7.75,7.75,7.68343862501452,7.6933358886006,7.24011628861385,7.98573295310684,15.366877250029,15.3866717772012,15.5011194984804,11.3427648408774
32.7,7.75,7.75,7.68453132067891,7.69428462320851,7.23490951134173,7.98112873966089,15.3690626413578,15.388569246417,15.5028330815168,11.3443978983002
32.8,7.75,7.75,7.68560272504369,7.69521356207857,7.22980795138757,7.9766251331096,15.3712054500874,15.3904271241571,15.5045284777437,11.346011225719
32.9,7.75,7.75,7.68664886707256,7.69611905973183,7.22483121492951,7.97224063778492,15.3732977341451,15.3922381194637,15.5062023091867,11.3476011192102
33,7.75,7.75,7.68767240537499,7.69700363019991,7.21996614700473,7.96796245550567,15.37534481075,15.3940072603998,15.5078568587748,11.3491700199546
33.1,7.75,7.75,7.68867615018927,7.69786990730483,7.21519885131479,7.96377718953504,15.3773523003785,15.3957398146097,15.5094945323514,11.3507205203792
33.2,7.75,7.75,7.68966045846939,7.69871824759748,7.21052755363323,7.9596830148191,15.3793209169388,15.397436495195,15.5111156410684,11.3522529374032
33.3,7.75,7.75,7.6906256821733,7.699549002201,7.20595050458491,7.95567813412011,15.3812513643466,15.399098004402,15.5127204913606,11.35376758352
33.4,7.75,7.75,7.69156826148505,7.70035893202373,7.20148526658503,7.95177897196235,15.3831365229701,15.4007178640475,15.514306060096,11.3552611200059
33.5,7.75,7.75,7.69249057913378,7.70115026986744,7.19712005617667,7.94797417012342,15.3849811582676,15.4023005397349,15.5158743850435,11.3567357432352
33.6,7.75,7.75,7.69339515392055,7.70192535522165,7.19284242578748,7.94425183870626,15.3867903078411,15.4038507104433,15.5174276153417,11.3581937869624
33.7,7.75,7.75,7.6942823056001,7.70268450449405,7.18865078622898,7.94061035837893,15.3885646112002,15.4053690089881,15.5189660272523,11.3596355351539
33.8,7.75,7.75,7.69515234945217,7.70342802927751,7.18454357057217,7.93704813448353,15.3903046989043,15.406856058555,15.5204898928513,11.361061267812
33.9,7.75,7.75,7.69600209403084,7.70415305113211,7.18053651061417,7.93357974610481,15.3920041880617,15.4083061022642,15.5219965040883,11.3624679734551
34,7.75,7.75,7.69683367494056,7.70486155331676,7.17661905136289,7.93019511257609,15.3936673498811,15.4097231066335,15.5234876810984,11.3638576291256
34.1,7.75,7.75,7.69764934991973,7.7055556141403,7.17278004287973,7.92688368093723,15.3952986998395,15.4111112282806,15.524965345122,11.3652323368132
34.2,7.75,7.75,7.69844940540328,7.70623551439949,7.16901806171515,7.92364401434298,15.3968988108066,15.412471028799,15.5264297414625,11.3665923509691
34.3,7.75,7.75,7.69923412381775,7.70690153061982,7.16533170435769,7.92047469783575,15.3984682476355,15.4138030612396,15.5278811117098,11.3679379224938
34.4,7.75,7.75,7.70000064370518,7.70755110443919,7.16173506290368,7.91738867296868,15.4000012874104,15.4151022088784,15.5293170276126,11.3692663331489
34.5,7.75,7.75,7.70075087930139,7.7081859976805,7.15821868270736,7.91437699258367,15.4015017586028,15.416371995361,15.5307391160959,11.3705793634621
34.6,7.75,7.75,7.70148685448855,7.70880805687927,7.15477257613222,7.911430289952,15.4029737089771,15.4176161137585,15.5321490960598,11.3718789077591
34.7,7.75,7.75,7.70220882585629,7.7094175312406,7.15139546818309,7.90854729011084,15.4044176517126,15.4188350624812,15.5335471853379,11.3731651940544
34.8,7.75,7.75,7.70291704640382,7.71001466618031,7.14808610172386,7.90572673751411,15.4058340928076,15.4200293323606,15.5349335984684,11.3744384471823
34.9,7.75,7.75,7.70360895028096,7.71059718741786,7.14485710015912,7.90298012062542,15.4072179005619,15.4211943748357,15.5363061556918,11.3756962116956
35,7.75,7.75,7.70428625342469,7.71116666027248,7.1416999944347,7.90029949802335,15.4085725068494,15.422333320545,15.5376663123921,11.3769400920431
35.1,7.75,7.75,7.70495077023011,7.71172472559353,7.13860583799921,7.89767655552705,15.4099015404602,15.4234494511871,15.5390156078074,11.3781717964738
35.2,7.75,7.75,7.70560273055351,7.71227160455891,7.13557348883114,7.8951101617839,15.411205461107,15.4245432091178,15.5403542353955,11.3793915293231
35.3,7.75,7.75,7.7062423610351,7.71280751498471,7.13260182090587,7.89259920266675,15.4124847220702,15.4256150299694,15.5416823856899,11.3805994920776
35.4,7.75,7.75,7.70686736063688,7.71333043473573,7.12970214211408,7.89015387718038,15.4137347212738,15.4266608694715,15.5429980996406,11.3817934648049
35.5,7.75,7.75,7.70747926766091,7.7138417547449,7.12686686620666,7.88776713629935,15.4149585353218,15.4276835094898,15.544302680318,11.3829748941801
35.6,7.75,7.75,7.70807970884327,7.71434293331814,7.12408797914173,7.88543159980157,15.4161594176865,15.4286858666363,15.5455975074207,11.3841453217107
35.7,7.75,7.75,7.70866889009418,7.71483416676748,7.1213644580058,7.88314626373961,15.4173377801884,15.429668333535,15.5468827527756,11.3853049305225
35.8,7.75,7.75,7.70924701444313,7.71531564842231,7.11869529421435,7.88091013944804,15.4184940288863,15.4306312968446,15.5481585856149,11.3864539011896
35.9,7.75,7.75,7.70981201807933,7.71578557995758,7.11609061735048,7.87873228164537,15.4196240361587,15.4315711599152,15.5494232429433,11.3875902248629
36,7.75,7.75,7.71036528017914,7.71624519754102,7.1135436319026,7.87660643315852,15.4207305603583,15.432490395082,15.5506778925782,11.3887152068394
36.1,7.75,7.75,7.71090825937161,7.71669579746653,7.11104715908485,7.87452604252101,15.4218165187432,15.4333915949331,15.5519237725349,11.3898302392035
36.2,7.75,7.75,7.71144114011754,7.71713755398425,7.10860028267242,7.87249021881807,15.4228822802351,15.4342751079685,15.5531610354449,11.3909354860834
36.3,7.75,7.75,7.71196410429726,7.71757063869797,7.10620209927549,7.87049808469317,15.4239282085945,15.4351412773959,15.5543898316366,11.392031109322
36.4,7.75,7.75,7.71247530061809,7.71799345195174,7.10386168306997,7.86855767937934,15.4249506012362,15.4359869039035,15.5556085722898,11.3931152892701
36.5,7.75,7.75,7.71297596571002,7.71840709255536,7.10157294681475,7.86666344836095,15.42595193142,15.4368141851107,15.556818305108,11.3941892045318
36.6,7.75,7.75,7.71346740760855,7.71881271300616,7.0993294598673,7.86480957559549,15.4269348152171,15.4376254260123,15.5580201422684,11.3952541132807
36.7,7.75,7.75,7.71394979156125,7.71921046797951,7.09713040156736,7.86299527045298,15.4278995831225,15.438420935959,15.5592142193674,11.3963101626289
36.8,7.75,7.75,7.71442328050427,7.71960050980269,7.09497496275146,7.86121975433276,15.4288465610085,15.4392010196054,15.5604006699573,11.3973574976415
36.9,7.75,7.75,7.71488621352986,7.71998141518116,7.09287127227449,7.85949016526115,15.4297724270597,15.4399628303623,15.5615780599751,11.3983944682679
37,7.75,7.75,7.71533969957237,7.7203541610105,7.09081387729758,7.85780157224995,15.4306793991447,15.440708322021,15.5627473304446,11.3994221395734
37.1,7.75,7.75,7.71578491176136,7.72071977215289,7.08879701729201,7.85614881187798,15.4315698235227,15.4414395443058,15.5639094817661,11.4004416497148
37.2,7.75,7.75,7.71622199813421,7.72107838591504,7.08681995719786,7.85453118249269,15.4324439962684,15.4421567718301,15.5650646344175,11.4014531305629
37.3,7.75,7.75,7.71665110465785,7.72143013752017,7.08488197225336,7.85294799311466,15.4333022093157,15.4428602750403,15.5662129070631,11.4024567121548
37.4,7.75,7.75,7.71707074098381,7.72177376024083,7.08299034460028,7.85140558196065,15.4341414819676,15.4435475204817,15.567353003163,11.4034508964817
37.5,7.75,7.75,7.71748190165325,7.72211012276064,7.08114018963576,7.84989957136655,15.4349638033065,15.4442202455213,15.5684857689832,11.4044366468516
37.6,7.75,7.75,7.71788563894181,7.72244013664598,7.07932634705114,7.84842537706864,15.4357712778836,15.444880273292,15.5696121056256,11.4054149938501
37.7,7.75,7.75,7.71828208547092,7.7227639237919,7.07754815846158,7.84698237636174,15.4365641709418,15.4455278475838,15.5707321201506,11.4063860556961
37.8,7.75,7.75,7.7186713720074,7.72308160424471,7.07580497470662,7.84556995601076,15.4373427440148,15.4461632084894,15.5718459180089,11.407349948966
37.9,7.75,7.75,7.71905216100318,7.72339205027937,7.07410331954118,7.84419374439303,15.4381043220064,15.4467841005587,15.5729523248885,11.4083053119668
38,7.75,7.75,7.71942534452189,7.72369603452504,7.07243881733094,7.84284985488277,15.4388506890438,15.4473920690501,15.5740521028773,11.4092530168024
38.1,7.75,7.75,7.71979186657236,7.72399436797556,7.07080684538108,7.84153421719336,15.4395837331447,15.4479887359511,15.5751460648532,11.4101939976344
38.2,7.75,7.75,7.72015184596722,7.7242871588504,7.06920681398698,7.84024627866956,15.4403036919344,15.4485743177008,15.5762343059681,11.4111283604535
38.3,7.75,7.75,7.72050539985781,7.72457451372848,7.06763814170663,7.83898549505906,15.4410107997156,15.449149027457,15.5773169199452,11.4120562097793
38.4,7.75,7.75,7.72085132758909,7.72485542830055,7.06610667302442,7.83775686473274,15.4417026551782,15.4497108566011,15.5783928411245,11.4129763061486
38.5,7.75,7.75,7.72119042942055,7.72513058992859,7.0646084881866,7.83655693684039,15.4423808588411,15.4502611798572,15.5794627568052,11.4138894399137
38.6,7.75,7.75,7.72152355236905,7.72540072032354,7.06313944603358,7.83538209723983,15.4430471047381,15.4508014406471,15.5805274014696,11.4147964587971
38.7,7.75,7.75,7.72185080287804,7.72566591556937,7.0616990183796,7.83423185543281,15.4437016057561,15.4513318311387,15.5815868597002,11.4156974578364
38.8,7.75,7.75,7.72217228590289,7.72592627029427,7.06028668443995,7.83310572837729,15.4443445718058,15.4518525405885,15.5826412148111,11.4165925307517
38.9,7.75,7.75,7.72248692343258,7.72618088977299,7.05890768029497,7.83200815527767,15.4449738468652,15.452361779546,15.5836894977446,11.4174805476928
39,7.75,7.75,7.72279543348314,7.72643038567213,7.05755849451863,7.83093607202616,15.4455908669663,15.4528607713443,15.5847323293442,11.4183622257271
39.1,7.75,7.75,7.72309857617891,7.72667540043757,7.05623541725522,7.8298862693103,15.4461971523578,15.4533508008751,15.5857703744198,11.4192383350811
39.2,7.75,7.75,7.72339644688372,7.72691601938414,7.05493797542291,7.8288583117867,15.4467928937674,15.4538320387683,15.5868037081724,11.4201089609818
39.3,7.75,7.75,7.72368913962843,7.72715232653477,7.05366570256919,7.8278517707283,15.4473782792569,15.4543046530695,15.5878324046772,11.4209741874762
39.4,7.75,7.75,7.72397568628264,7.72738352447334,7.05242328984691,7.82687058903457,15.4479513725653,15.4547670489467,15.5888555807828,11.4218329830255
39.5,7.75,7.75,7.72425673118289,7.72761015766464,7.05120759156311,7.82591204583312,15.4485134623658,15.4552203153293,15.589873798273,11.422685998996
39.6,7.75,7.75,7.72453295660753,7.72783279817908,7.05001528417218,7.82497329110861,15.4490659132151,15.4556655963582,15.5908876600275,11.423533936129
39.7,7.75,7.75,7.7248044479959,7.72805152177457,7.04884594394999,7.82405393846047,15.4496088959918,15.4561030435491,15.59189723292,11.4243768708641
39.8,7.75,7.75,7.72507128959333,7.72826640306254,7.04769915311045,7.82315360735927,15.4501425791867,15.4565328061251,15.5929025828251,11.4252148785835
39.9,7.75,7.75,7.7253326117173,7.7284767310424,7.04657911473581,7.82227580018269,15.4506652234346,15.4569534620848,15.5939029030036,11.4260470159378
40,7.75,7.75,7.72558899269602,7.72868299051414,7.04548301071279,7.82141810068901,15.451177985392,15.4573659810283,15.5948987027435,11.4268738753844
40.1,7.75,7.75,7.72584104506525,7.7288856910614,7.04440786350382,7.8205779777569,15.4516820901305,15.4577713821228,15.5958905298665,11.427696095355
40.2,7.75,7.75,7.72608884537454,7.72908489996068,7.04335329359521,7.81975508841725,15.4521776907491,15.4581697999214,15.5968784438546,11.428513744418
40.3,7.75,7.75,7.72633246910395,7.72928068347099,7.04231892679205,7.81894909491106,15.4526649382079,15.458561366942,15.5978625033028,11.4293268901947
40.4,7.75,7.75,7.72657113477811,7.72947240733932,7.04130852903323,7.81816310859716,15.4531422695562,15.4589448146786,15.5988419694563,11.4301346684573
40.5,7.75,7.75,7.72680536158832,7.72966050338922,7.04031957561015,7.81739498360872,15.4536107231766,15.4593210067784,15.5998173049339,11.4309376188393
40.6,7.75,7.75,7.72703569958628,7.72984542571826,7.03934939889382,7.81664247186603,15.4540713991726,15.4596908514365,15.6007890085987,11.4317363238896
40.7,7.75,7.75,7.72726221735865,7.73002723407574,7.03839765897024,7.8159052689417,15.4545244347173,15.4600544681515,15.601757133371,11.4325308451262
40.8,7.75,7.75,7.72748498253408,7.73020598730798,7.03746402068951,7.81518307503192,15.4549699650682,15.460411974616,15.6027217313841,11.4333212432186
40.9,7.75,7.75,7.7277032926714,7.730381119329,7.03655185846277,7.81447865440755,15.4554065853428,15.460762238658,15.603682124386,11.4341067249393
41,7.75,7.75,7.72791761397998,7.73055301492141,7.03565891037483,7.81379010117919,15.45583522796,15.4611060298428,15.6046387334974,11.4348877825475
41.1,7.75,7.75,7.72812844052931,7.73072207890948,7.03478278637036,7.81311541849366,15.4562568810586,15.461444157819,15.6055920140374,11.4356649484662
41.2,7.75,7.75,7.72833583377336,7.73088836436203,7.03392318200494,7.8124543361269,15.4566716675467,15.4617767287241,15.6065420131016,11.4364382778981
41.3,7.75,7.75,7.72853985430801,7.73105192354643,7.03307979710135,7.811806587958,15.457079708616,15.4621038470929,15.6074887770868,11.4372078252859
41.4,7.75,7.75,7.72873987050976,7.73121225092811,7.03225565540072,7.81117463015673,15.4574797410195,15.4624245018562,15.6084316816017,11.4379728611275
41.5,7.75,7.75,7.72893630111937,7.73136968951624,7.03144873036216,7.81055676983666,15.4578726022387,15.4627393790325,15.60937111086,11.4387338351892
41.6,7.75,7.75,7.72912959004798,7.73152460037557,7.03065688054135,7.80995123313812,15.458259180096,15.4630492007511,15.6103074814426,11.4394912349247
41.7,7.75,7.75,7.72931979236061,7.73167703064568,7.02987983326381,7.80935778019101,15.4586395847212,15.4633540612914,15.6112408352742,11.4402451098799
41.8,7.75,7.75,7.72950696235366,7.73182702675481,7.02911731967718,7.80877617476662,15.4590139247073,15.4636540535096,15.6121712136589,11.44099550892
41.9,7.75,7.75,7.72969053186148,7.73197413696035,7.02837204944841,7.80820859953373,15.459381063723,15.4639482739207,15.61309804017,11.4417417597517
42,7.75,7.75,7.72987087709472,7.73211866717283,7.02764220685132,7.80765355067147,15.4597417541894,15.4642373343457,15.6140216661885,11.4424842740213
42.1,7.75,7.75,7.73004839702284,7.73226093959106,7.02692587311054,7.80710945225869,15.4600967940457,15.4645218791821,15.6149424738239,11.4432234988316
42.2,7.75,7.75,7.73022314098809,7.73240099609196,7.02622280400759,7.80657609136376,15.4604462819762,15.4648019921839,15.6158605004102,11.4439594786616
42.3,7.75,7.75,7.73039515764422,7.73253887792111,7.02553275874743,7.80605325828672,15.4607903152884,15.4650777558422,15.6167757827304,11.4446922573805
42.4,7.75,7.75,7.73056393569109,7.73267418112811,7.02485816570097,7.80554289290297,15.4611278713822,15.4653483622562,15.6176877870867,11.445421214067
42.5,7.75,7.75,7.73072981323279,7.73280717867386,7.0241973979586,7.80504365921425,15.4614596264656,15.4656143573477,15.6185968356451,11.4461467261636
42.6,7.75,7.75,7.73089314896986,7.73293815823438,7.0235487361777,7.80455415700289,15.4617862979397,15.4658763164688,15.6195032798312,11.4468692045597
42.7,7.75,7.75,7.7310539871185,7.73306715701551,7.02291196162731,7.80407419724506,15.462107974237,15.466134314031,15.6204071529033,11.4475886891956
42.8,7.75,7.75,7.7312123712782,7.73319421166265,7.02228685864278,7.80360359378507,15.4624247425564,15.4663884233253,15.6213084876302,11.4483052194653
42.9,7.75,7.75,7.73136784110935,7.73331896069205,7.02167560365748,7.8031440709586,15.4627356822187,15.4666379213841,15.6222067883952,11.4490182205908
43,7.75,7.75,7.73152070057183,7.73344164779732,7.02107673887472,7.80269444173791,15.4630414011437,15.4668832955946,15.6231023513603,11.4497280393191
43.1,7.75,7.75,7.73167127228278,7.73356252998665,7.02048872357211,7.8022534618757,15.4633425445656,15.4671250599733,15.6239955006299,11.4504350540321
43.2,7.75,7.75,7.73181959586688,7.73368164031963,7.01991136184723,7.80182096356675,15.4636391917338,15.4673632806393,15.6248862658433,11.4511393006043
43.3,7.75,7.75,7.73196571039636,7.73379901135841,7.01934446054402,7.80139678155139,15.4639314207927,15.4675980227168,15.6257746762057,11.4518408144212
43.4,7.75,7.75,7.73210920120296,7.73391431935856,7.01878997045376,7.8009824488143,15.4642184024059,15.4678286387171,15.6266602700538,11.4525390621647
43.5,7.75,7.75,7.73225034165151,7.73402778201478,7.01824658524419,7.80057691056746,15.464500683303,15.4680555640296,15.6275433203968,11.4532343630285
43.6,7.75,7.75,7.73238942202489,7.734139629089,7.01771292417184,7.80017906102097,15.4647788440498,15.468279258178,15.628424127003,11.4539270662062
43.7,7.75,7.75,7.732526477835,7.73424988996036,7.01718881178097,7.79978875120192,15.46505295567,15.4684997799207,15.6293027162987,11.4546172039307
43.8,7.75,7.75,7.73266154409892,7.73435859356645,7.01667407507573,7.79940583439668,15.4653230881978,15.4687171871329,15.6301791143245,11.4553048079966
43.9,7.75,7.75,7.73279424708206,7.73446544970574,7.01617046275695,7.7990316737079,15.4655884941641,15.4689308994115,15.6310528897061,11.4559893823503
44,7.75,7.75,7.73292483273332,7.73457065297498,7.0156768041494,7.79866533173878,15.4658496654666,15.46914130595,15.6319242948309,11.456671221447
44.1,7.75,7.75,7.73305356235944,7.73467440892695,7.01519186179188,7.79830582561378,15.4661071247189,15.4693488178539,15.6327936077816,11.4573506482655
44.2,7.75,7.75,7.73318046778843,7.73477674367368,7.01471547854194,7.79795302307474,15.4663609355769,15.4695534873474,15.6336608521314,11.4580276917765
44.3,7.75,7.75,7.73330558040509,7.73487768293524,7.0142474994603,7.79760679386878,15.4666111608102,15.4697553658705,15.6345260511111,11.458702380558
44.4,7.75,7.75,7.73342856316485,7.73497696632776,7.01378949225137,7.79726835027188,15.4668571263297,15.4699539326555,15.6353888003808,11.4593742520625
44.5,7.75,7.75,7.7335496374483,7.73507476792499,7.01334040773867,7.79693685910025,15.4670992748966,15.47014953585,15.6362493339534,11.4600435785281
44.6,7.75,7.75,7.73366903859402,7.73517127176644,7.01289913678863,7.79661144659769,15.467338077188,15.4703425435329,15.6371079105794,11.4607106593825
44.7,7.75,7.75,7.73378679513028,7.73526650106387,7.01246553866106,7.7962919953417,15.4675735902606,15.4705330021277,15.6379645512986,11.4613755206739
44.8,7.75,7.75,7.73390293518834,7.73536047868105,7.01203947458907,7.7959783896896,15.4678058703767,15.4707209573621,15.6388192768466,11.4620381880988
44.9,7.75,7.75,7.73401715461258,7.7354529707446,7.01162235017328,7.79567170800429,15.4680343092252,15.4709059414892,15.6396717070279,11.4626982292495
45,7.75,7.75,7.73412965276589,7.73554413309099,7.01121322505481,7.79537120961879,15.4682593055318,15.471088266182,15.640522059476,11.4633558964052
45.1,7.75,7.75,7.73424064171305,7.73563413063954,7.01081110503347,7.7950761176525,15.4684812834261,15.4712682612791,15.6413705756993,11.4640114678283
45.2,7.75,7.75,7.73435014702666,7.73572298402726,7.01041586405964,7.79478632785094,15.4687002940533,15.4714459680545,15.6422172744874,11.464664966949
45.3,7.75,7.75,7.73445819392374,7.73581071358224,7.01002737785102,7.79450173753945,15.4689163878475,15.4716214271645,15.64306217436,11.4653164168827
45.4,7.75,7.75,7.73456450773282,7.73589710900548,7.00964690682535,7.79422330618068,15.4691290154656,15.471794218011,15.6439049166998,11.4659654123453
45.5,7.75,7.75,7.73466926808381,7.73598230992514,7.00927360808333,7.79395037524348,15.4693385361676,15.4719646198503,15.6447457045322,11.4666121876804
45.6,7.75,7.75,7.73477266618104,7.73606646426476,7.0089065903616,7.79368225385551,15.4695453323621,15.4721329285295,15.6455847639792,11.467257002122
45.7,7.75,7.75,7.73487472494966,7.7361495903755,7.00854574076785,7.79341884945051,15.4697494498993,15.472299180751,15.6464221118321,11.4678998767554
45.8,7.75,7.75,7.7349754669963,7.73623170633426,7.00819094799269,7.79316007086445,15.4699509339926,15.4724634126685,15.6472577646428,11.4685408323836
45.9,7.75,7.75,7.73507464408396,7.73631262280969,7.00784334242569,7.79290677198567,15.4701492881679,15.4726252456194,15.6480913830918,11.4691794881441
46,7.75,7.75,7.73517241815601,7.73639246502278,7.00750216845433,7.79265836720493,15.470344836312,15.4727849300456,15.6489231571705,11.469816062257
46.1,7.75,7.75,7.73526896171801,7.73647136578722,7.0071666270074,7.79241424201249,15.470537923436,15.4729427315744,15.6497532992618,11.4704507968429
46.2,7.75,7.75,7.73536429532371,7.73654934142472,7.00683661697664,7.79217431421692,15.4707285906474,15.4730986828494,15.6505818243825,11.4710837108861
46.3,7.75,7.75,7.73545843924159,7.73662640801351,7.00651203867147,7.7919385028715,15.4709168784832,15.473252816027,15.6514087473364,11.4717148231181
46.4,7.75,7.75,7.73555116893737,7.73670239487542,7.00619390602607,7.79170756811912,15.4711023378747,15.4734047897508,15.6522337460776,11.4723437746774
46.5,7.75,7.75,7.73564263050091,7.73677741442323,7.00588154160355,7.79148098909426,15.4712852610018,15.4735548288465,15.6530569989599,11.4729707692842
46.6,7.75,7.75,7.7357329796753,7.73685158603508,7.00557422890155,7.7912582190881,15.4714659593506,15.4737031720702,15.6538787060909,11.4735960336605
46.7,7.75,7.75,7.73582223489017,7.73692492423082,7.00527187736578,7.7910391851185,15.4716444697803,15.4738498484616,15.6546988809112,11.4742195849085
46.8,7.75,7.75,7.73591041431962,7.73699744331408,7.00497439771165,7.7908238153082,15.4718208286392,15.4739948866282,15.6555175366719,11.4748414399037
46.9,7.75,7.75,7.73599731468522,7.73706898920485,7.00468269957385,7.79061278655489,15.4719946293704,15.4741379784097,15.6563343668018,11.4754612596173
47,7.75,7.75,7.73608306786521,7.73713966292721,7.00439617553079,7.79040563547772,15.4721661357304,15.4742793258544,15.6571495392582,11.4760792347235
47.1,7.75,7.75,7.73616781457459,7.73720957191026,7.00411418303011,7.79020187556913,15.4723356291492,15.4744191438205,15.6579632431731,11.4766955780825
47.2,7.75,7.75,7.73625157134034,7.73727872907392,7.00383664096974,7.79000144202185,15.4725031426807,15.4745574581478,15.6587754905867,11.4773103051101
47.3,7.75,7.75,7.73633435446055,7.73734714714618,7.00356346938476,7.78980427100939,15.4726687089211,15.4746942942924,15.659586293371,11.4779234310191
47.4,7.75,7.75,7.73641597972088,7.73741468682035,7.00329548449716,7.78961096550527,15.4728319594418,15.4748293736407,15.6603953588317,11.4785346346702
47.5,7.75,7.75,7.73649656625863,7.73748143899214,7.00303214159206,7.78942111316987,15.4729931325173,15.4749628779843,15.6612028456312,11.4791440949946
47.6,7.75,7.75,7.7365762413142,7.73754750046137,7.0027728643479,7.78923428095115,15.4731524826284,15.4750950009227,15.6620089330806,11.4797520123671
47.7,7.75,7.75,7.73665501971034,7.73761288272732,7.00251758012802,7.78905041129859,15.4733100394207,15.4752257654546,15.6628136319762,11.4803584006925
47.8,7.75,7.75,7.73673291606471,7.73767759711884,7.00226621731416,7.78886944753233,15.4734658321294,15.4753551942377,15.6636169529647,11.4809632736941
47.9,7.75,7.75,7.73680976326379,7.73774151748218,7.00201950846571,7.7886919269762,15.4736195265276,15.4754830349644,15.6644186158088,11.4815663263809
48,7.75,7.75,7.73688566902123,7.73780472570361,7.00177696502882,7.78851748261232,15.4737713380425,15.4756094514072,15.6652187708551,11.4821677271085
48.1,7.75,7.75,7.73696074849445,7.7378673091255,7.00153806999934,7.78834572885606,15.4739214969889,15.475734618251,15.6660175886191,11.4827676649993
48.2,7.75,7.75,7.73703501497956,7.73792927798564,7.00130275832213,7.78817661459885,15.4740700299591,15.4758585559713,15.6668150787918,11.4833661526045
48.3,7.75,7.75,7.73710848158903,7.73799064237041,7.00107096585415,7.78801008950504,15.4742169631781,15.4759812847408,15.6676112509316,11.4839632023124
48.4,7.75,7.75,7.73718099655154,7.73805128783998,7.00084335022416,7.78784663259425,15.4743619931031,15.47610257568,15.6684058359966,11.484558523721
48.5,7.75,7.75,7.73725265733708,7.73811128826471,7.00061947317697,7.78768591709334,15.4745053146742,15.4762225765294,15.669198976887,11.4851522756555
48.6,7.75,7.75,7.73732356826649,7.73817072257005,7.00039887083421,7.78752759956952,15.474647136533,15.4763414451401,15.6699908362337,11.4857446370908
48.7,7.75,7.75,7.73739374126843,7.73822959987349,7.00018148493061,7.78737163463297,15.4747874825369,15.476459199747,15.6707814227457,11.4863356193652
48.8,7.75,7.75,7.73746318810708,7.73828792915809,6.99996725801779,7.78721797758,15.4749263762142,15.4765758583162,15.6715707450142,11.4869252336711
48.9,7.75,7.75,7.737531770778,7.73834560641988,6.99975678061406,7.78706705564712,15.475063541556,15.4766912128398,15.6723585440718,11.4875132027972
49,7.75,7.75,7.73759957756448,7.73840269839552,6.99954965951252,7.78691857779907,15.475199155129,15.476805396791,15.6731449561446,11.4880996769754
49.1,7.75,7.75,7.73766670306727,7.73845927651751,6.99934547841539,7.78677223803622,15.4753334061345,15.476918553035,15.6739301367885,11.4886848260231
49.2,7.75,7.75,7.73773315799013,7.73851534890842,6.99914418513826,7.78662799604559,15.4754663159803,15.4770306978168,15.6747140938396,11.4892686601916
49.3,7.75,7.75,7.73779895288945,7.73857092357139,6.99894572822827,7.78648581212333,15.4755979057789,15.4771418471428,15.6754968350296,11.4898511896017
49.4,7.75,7.75,7.73786396211662,7.73862590580331,6.99875063809675,7.78634606751207,15.4757279242332,15.4772518116066,15.6762781104696,11.4904321489801
49.5,7.75,7.75,7.73792826571491,7.73868035599046,6.99855856188293,7.78620850291365,15.4758565314298,15.4773607119809,15.6770580503975,11.4910116808049
49.6,7.75,7.75,7.73799194956511,7.73873433889293,6.99836912590344,7.78607284557267,15.4759838991302,15.4774686777859,15.6778368040133,11.4915899466227
49.7,7.75,7.75,7.73805502327373,7.73878786174962,6.99818228341966,7.78593905968327,15.4761100465475,15.4775757234992,15.6786143783775,11.4921669557112
49.8,7.75,7.75,7.73811749631528,7.73884093169338,6.99799798834817,7.78580710998033,15.4762349926306,15.4776818633868,15.6793907804578,11.4927427172304
49.9,7.75,7.75,7.73817925413288,7.73889346231372,6.99781671726524,7.7856773368523,15.4763585082658,15.4777869246274,15.6801657685581,11.4933169767226
50,7.75,7.75,7.73824036937784,7.73894550834222,6.99763815344508,7.7855495091865,15.4764807387557,15.4778910166844,15.6809394675381,11.4938898696641
50.1,7.75,7.75,7.73830092010683,7.73899712859525,6.99746196137112,7.78542338375306,15.4766018402137,15.4779942571905,15.6817120208806,11.4944615501258
50.2,7.75,7.75,7.73836091494346,7.73904832952681,6.9972880991818,7.78529892874749,15.4767218298869,15.4780966590536,15.6824834349569,11.4950320265122
50.3,7.75,7.75,7.73842036239308,7.73909911749675,6.9971165256023,7.78517611284539,15.4768407247862,15.4781982349935,15.6832537160556,11.4956013071229
50.4,7.75,7.75,7.73847915785821,7.73914941349163,6.99694766899075,7.78505524014413,15.4769583157164,15.4782988269833,15.684022629886,11.4961691473093
50.5,7.75,7.75,7.73853736735782,7.73919926720612,6.99678124498487,7.78493610456355,15.4770747347156,15.4783985344122,15.6847902964714,11.4967356762197
50.6,7.75,7.75,7.73859506192695,7.73924873216004,6.99661695225181,7.78481848909797,15.4771901238539,15.4784974643201,15.6855568541454,11.4973010411616
50.7,7.75,7.75,7.7386522493087,7.73929781411023,6.99645475329764,7.78470236549536,15.4773044986174,15.4785956282205,15.6863223086665,11.4978652497572
50.8,7.75,7.75,7.73870893714027,7.73934651872982,6.99629461115388,7.78458770592996,15.4774178742805,15.4786930374596,15.6870866657196,11.4984283095344
50.9,7.75,7.75,7.73876502976916,7.73939477360689,6.9961369109907,7.78447478225942,15.4775300595383,15.4787895472138,15.6878496977196,11.4989899847522
51,7.75,7.75,7.73882058726244,7.73944262394787,6.99598139743172,7.78436341063698,15.4776411745249,15.4788852478957,15.6886115203347,11.4995503988346
51.1,7.75,7.75,7.73887567435239,7.73949011855088,6.99582779976072,7.78425339735019,15.4777513487048,15.4789802371018,15.689372267254,11.500109692964
51.2,7.75,7.75,7.73893029799333,7.73953726255338,6.99567608439515,7.78414471730106,15.4778605959867,15.4790745251068,15.6901319436912,11.5006678740614
51.3,7.75,7.75,7.73898446504472,7.73958406101852,6.99552621822306,7.78403734577007,15.4779689300894,15.479168122037,15.6908905547945,11.5012249489631
51.4,7.75,7.75,7.73903808789031,7.73963044742903,6.99537854773129,7.78393152597211,15.4780761757806,15.4792608948581,15.6916478790619,11.5017806900269
51.5,7.75,7.75,7.73909122125482,7.73967646299044,6.9952328435046,7.78382709380886,15.4781824425096,15.4793529259809,15.6924040282342,11.502335215494
51.6,7.75,7.75,7.73914392421169,7.73972215228977,6.99508886224882,7.78372387625894,15.4782878484234,15.4794443045795,15.693159131805,11.5028886609937
51.7,7.75,7.75,7.73919620300862,7.73976751991425,6.9949465738842,7.78362185102472,15.4783924060172,15.4795350398285,15.6939131945036,11.5034410328183
51.8,7.75,7.75,7.73924806380834,7.73981257038504,6.99480594875244,7.78352099614457,15.4784961276167,15.4796251407701,15.6946662210007,11.5039923371841
51.9,7.75,7.75,7.73929942621669,7.73985724245151,6.99466729869113,7.7834215293844,15.4785988524334,15.479714484903,15.6954179953237,11.5045423538229
52,7.75,7.75,7.73935034016211,7.73990157375122,6.99453041753726,7.78332330418805,15.4787006803242,15.4798031475024,15.6961686256666,11.5050911962779
52.1,7.75,7.75,7.73940085963602,7.73994560511364,6.99439508655786,7.783226165915,15.478801719272,15.4798912102273,15.6969182377264,11.5056389951384
52.2,7.75,7.75,7.73945099025311,7.7399893406371,6.99426127881007,7.78313009475398,15.4789019805062,15.4799786812742,15.6976668358012,11.5061857561328
52.3,7.75,7.75,7.73950073755188,7.74003278436124,6.99412896772839,7.78303507119207,15.4790014751038,15.4800655687225,15.6984144241375,11.5067314849218
52.4,7.75,7.75,7.73955002763094,7.74007587974397,6.99399843411377,7.7829412903819,15.4791000552619,15.4801517594879,15.6991607917992,11.507275967961
52.5,7.75,7.75,7.73959890611151,7.74011866123939,6.9938694926295,7.78284862135072,15.479197812223,15.4802373224788,15.6999060437719,11.5078193145306
52.6,7.75,7.75,7.73964742241983,7.74016116632245,6.99374194654183,7.7827569257877,15.4792948448397,15.4803223326449,15.7006503023105,11.508361650639
52.7,7.75,7.75,7.73969558160343,7.74020339865703,6.99361577171702,7.78266618608922,15.4793911632069,15.4804067973141,15.7013935713298,11.5089029815096
52.8,7.75,7.75,7.73974338864161,7.74024536185485,6.99349094435928,7.78257638491658,15.4794867772832,15.4804907237097,15.7021358546986,11.5094433123044
52.9,7.75,7.75,7.7397907754722,7.74028700358646,6.993367717468,7.78248769732707,15.4795815509444,15.4805740071729,15.7028769460793,11.5099824356202
53,7.75,7.75,7.73983778384743,7.74032835546411,6.99324592436028,7.78240000619224,15.4796755676949,15.4806567109282,15.7036169475495,11.5105204568636
53.1,7.75,7.75,7.7398844590913,7.74036945196624,6.99312538800726,7.78231318770975,15.4797689181826,15.4807389039325,15.7043559782379,11.5110574978749
53.2,7.75,7.75,7.73993080574321,7.74041029637063,6.9930060867908,7.78222722623623,15.4798616114864,15.4808205927413,15.705094041718,11.5115935634238
53.3,7.75,7.75,7.73997682828142,7.74045089190875,6.99288799939542,7.78214210636353,15.4799536565628,15.4809017838175,15.7058311415224,11.5121286582256
53.4,7.75,7.75,7.74002246389752,7.74049119002292,6.99277135391604,7.78205798528941,15.480044927795,15.4809823800458,15.7065670755222,11.5126625804953
53.5,7.75,7.75,7.74006775086728,7.74053121978712,6.99265600037803,7.7819747581856,15.4801355017346,15.4810624395742,15.7073019431543,11.5131954321154
53.6,7.75,7.75,7.74011273082723,7.7405710130014,6.99254177940276,7.78189231414124,15.4802254616545,15.4811420260028,15.7080358607016,11.5137273311272
53.7,7.75,7.75,7.7401574078615,7.74061057260039,6.99242867162487,7.78181063925352,15.480314815723,15.4812211452008,15.7087688314342,11.5142582818939
53.8,7.75,7.75,7.74020178599942,7.74064990147755,6.99231665794997,7.78172971982855,15.4804035719988,15.4812998029551,15.7095008585854,11.5147882887299
53.9,7.75,7.75,7.74024580716171,7.74068895445518,6.99220594416288,7.7816496971899,15.4804916143234,15.4813779089104,15.7102317438874,11.5153171549993
54,7.75,7.75,7.74028950649936,7.74072775833865,6.99209639525496,7.78157047743849,15.4805790129987,15.4814555166773,15.7109615843745,11.5158449793739
54.1,7.75,7.75,7.74033292233305,7.74076634253234,6.99198786765787,7.78149196111909,15.4806658446661,15.4815326850647,15.7116904937338,11.5163718764273
54.2,7.75,7.75,7.74037605833895,7.74080470966588,6.99188034402356,7.78141413587452,15.4807521166779,15.4816094193318,15.7124184749648,11.5168978501581
54.3,7.75,7.75,7.74041891814417,7.74084286233225,6.99177380724672,7.78133698953308,15.4808378362883,15.4816857246645,15.7131455310346,11.5174229045211
54.4,7.75,7.75,7.74046144792843,7.74088075838533,6.99166844312522,7.78126064930713,15.4809228958569,15.4817615167707,15.7138714672271,11.5179468476086
54.5,7.75,7.75,7.74050368003304,7.7409184226016,6.99156413005619,7.78118503100942,15.4810073600661,15.4818368452032,15.7145963783857,11.5184697751625
54.6,7.75,7.75,7.74054564979574,7.74095588224103,6.99146073863387,7.78111004536548,15.4810912995915,15.4819117644821,15.7153203758238,11.5189917985859
54.7,7.75,7.75,7.74058736052719,7.74099313966208,6.99135825331675,7.78103568139062,15.4811747210544,15.4819862793242,15.7160434623002,11.5195129215504
54.8,7.75,7.75,7.74062881549403,7.74103019719061,6.99125665878068,7.78096192826485,15.4812576309881,15.4820603943812,15.7167656405448,11.5200331476879
54.9,7.75,7.75,7.74066996471374,7.7410670154023,6.99115612291704,7.7808889006549,15.4813399294275,15.4821340308046,15.7174867191175,11.5205522894414
55,7.75,7.75,7.74071083800024,7.74110361725774,6.99105653613152,7.78081652300442,15.4814216760005,15.4822072345155,15.7182067908595,11.5210704398748
55.1,7.75,7.75,7.74075146800666,7.74114002809588,6.99095778170541,7.78074471508759,15.4815029360133,15.4822800561918,15.718925964908,11.5215877074875
55.2,7.75,7.75,7.74079185771607,7.74117625003402,6.99085984571495,7.78067346713853,15.4815837154321,15.482352500068,15.7196442438075,11.5221040956572
55.3,7.75,7.75,7.74083201007215,7.74121228516052,6.990762714431,7.78060276953761,15.4816640201443,15.482424570321,15.7203616300765,11.5226196077264
55.4,7.75,7.75,7.74087187855255,7.7412480964974,6.99066653970143,7.78053272579626,15.4817437571051,15.4824961929948,15.7210779353057,11.5231340601496
55.5,7.75,7.75,7.74091149069677,7.74128370537866,6.99057122268929,7.78046326802913,15.4818229813935,15.4825674107573,15.721793250501,11.5236475435387
55.6,7.75,7.75,7.74095087674062,7.7413191354208,6.99047665804163,7.78039432405384,15.4819017534812,15.4826382708416,15.7225076828005,11.5241601637284
55.7,7.75,7.75,7.74099003937361,7.74135438852668,6.99038283328333,7.78032588518685,15.4819800787472,15.4827087770534,15.7232212345572,11.5246719238328
55.8,7.75,7.75,7.74102898124997,7.7413894665734,6.99028973611355,7.78025794287451,15.4820579624999,15.4827789331468,15.7239339081013,11.5251828269345
55.9,7.75,7.75,7.74106765896916,7.74142433478428,6.99019750400496,7.78019059070764,15.4821353179383,15.4828486695686,15.7246455178352,11.5256926931951
56,7.75,7.75,7.7411060980229,7.7414590130351,6.99010604775752,7.78012376761962,15.4822121960458,15.4829180260702,15.7253561530793,11.5262016109772
56.1,7.75,7.75,7.7411443264692,7.74149352339641,6.99001527220077,7.78005740857872,15.4822886529384,15.4829870467928,15.7260659191289,11.5267096836656
56.2,7.75,7.75,7.7411823467345,7.74152786758034,6.98992516615683,7.77999150586263,15.482364693469,15.4830557351607,15.7267748181666,11.5272169141377
56.3,7.75,7.75,7.74122016121358,7.74156204727609,6.98983571860392,7.77992605186439,15.4824403224272,15.4831240945522,15.7274828523548,11.5277233052426
56.4,7.75,7.75,7.74125772932445,7.74159602969026,6.98974705413336,7.77986113135075,15.4825154586489,15.4831920593805,15.728189838712,11.5282286805755
56.5,7.75,7.75,7.7412950747141,7.74162983339004,6.98965909217868,7.7797966893169,15.4825901494282,15.4832596667801,15.7288958650062,11.5287331264319
56.6,7.75,7.75,7.74133222347746,7.74166347905708,6.98957174669233,7.77973266708907,15.4826644469549,15.4833269581142,15.7296010348298,11.5292367439391
56.7,7.75,7.75,7.74136917780514,7.74169696823379,6.98948500765812,7.77966905779859,15.4827383556103,15.4833939364676,15.7303053502135,11.529739535762
56.8,7.75,7.75,7.74140593985936,7.74173030244221,6.98939886519961,7.77960585467924,15.4828118797187,15.4834606048844,15.7310088131697,11.5302415045399
56.9,7.75,7.75,7.74144247160483,7.74176345067822,6.98931343236451,7.77954313464762,15.4828849432097,15.4835269013564,15.731711243159,11.5307424770563
57,7.75,7.75,7.74147879502582,7.74179643033351,6.98922863632147,7.77948084808857,15.4829575900516,15.483592860667,15.7324127265155,11.5312425377025
57.1,7.75,7.75,7.74151493444654,7.74182926084046,6.98914439919702,7.77941894198224,15.4830298688931,15.4836585216809,15.7331133652533,11.5317417855214
57.2,7.75,7.75,7.74155089184621,7.74186194359046,6.98906071201521,7.77935741021811,15.4831017836924,15.4837238871809,15.7338131612675,11.532240222987
57.3,7.75,7.75,7.74158666917859,7.74189447995679,6.98897756592521,7.77929624677666,15.4831733383572,15.4837889599136,15.7345121164369,11.5327378525502
57.4,7.75,7.75,7.74162223071133,7.74192684055194,6.9888950636291,7.7792355215893,15.4832444614227,15.4838536811039,15.7352100525083,11.5332345039616
57.5,7.75,7.75,7.74165759692911,7.74195904171048,6.98881313922602,7.77917518983364,15.4833151938582,15.483918083421,15.7359070544874,11.5337302598553
57.6,7.75,7.75,7.74169279055786,7.74199110173971,6.98873172216693,7.77911520351844,15.4833855811157,15.4839822034794,15.7366032229214,11.5342252173451
57.7,7.75,7.75,7.74172781338728,7.74202302189664,6.98865080440739,7.77905555720659,15.4834556267746,15.4840460437933,15.7372985595843,11.5347193787333
57.8,7.75,7.75,7.74176266718424,7.74205480342214,6.988570378015,7.77899624554176,15.4835253343685,15.4841096068443,15.7379930662355,11.5352127463014
57.9,7.75,7.75,7.74179731830081,7.74208641839154,6.98849053641888,7.7789373322384,15.4835946366016,15.4841728367831,15.7386865667691,11.535705152569
58,7.75,7.75,7.74183178586827,7.74211788218759,6.98841121992819,7.77887877673679,15.4836635717365,15.4842357643752,15.7393791449565,11.5361966785441
58.1,7.75,7.75,7.74186609116883,7.7421492121031,6.98833236455748,7.77882053551904,15.4837321823377,15.4842984242062,15.7400708999774,11.5366874195513
58.2,7.75,7.75,7.74190023582227,7.7421804092754,6.98825396309644,7.77876260374612,15.4838004716445,15.4843608185508,15.7407618334974,11.5371773777384
58.3,7.75,7.75,7.74193422142791,7.74221147482745,6.98817600843509,7.77870497665075,15.4838684428558,15.4844229496549,15.7414519471692,11.5376665552348
58.4,7.75,7.75,7.74196801622625,7.74224238216055,6.98809858569016,7.77864771241284,15.4839360324525,15.4844847643211,15.7421410669099,11.53815478715
58.5,7.75,7.75,7.74200163812622,7.74227314579932,6.98802164073568,7.77859077426449,15.4840032762524,15.4845462915986,15.7428292753409,11.5386421529848
58.6,7.75,7.75,7.74203510710488,7.74230378212042,6.98794511546845,7.77853412266801,15.4840702142098,15.4846075642408,15.7435166703626,11.5391287463995
58.7,7.75,7.75,7.74206842462965,7.74233429215462,6.9878690034251,7.77847775331557,15.4841368492593,15.4846685843092,15.7442032535438,11.5396145694032
58.8,7.75,7.75,7.74210159214958,7.7423646769199,6.98779329823213,7.77842166196311,15.4842031842992,15.4847293538398,15.7448890264421,11.5400996239883
58.9,7.75,7.75,7.74213457961787,7.74239491102151,6.98771807755402,7.77836590186216,15.4842691592357,15.484789822043,15.7455738168859,11.5405837476938
59,7.75,7.75,7.74216740383857,7.74242500820933,6.98764329225193,7.77831043961848,15.4843348076771,15.4848500164187,15.7462577064217,11.5410670186193
59.1,7.75,7.75,7.74220008360783,7.74245498403148,6.98756888949481,7.77825523923652,15.4844001672157,15.484909968063,15.7469407917499,11.5415495288737
59.2,7.75,7.75,7.74223262025641,7.74248483942378,6.98749486348818,7.77820029688031,15.4844652405128,15.4849696788476,15.7476230743528,11.5420312803411
59.3,7.75,7.75,7.74226501509862,7.74251457531068,6.98742120851798,7.77814560877054,15.4845300301972,15.4850291506214,15.7483045557024,11.5425122748908
59.4,7.75,7.75,7.74229723964267,7.7425441673927,6.98734799556674,7.7780912237688,15.4845944792853,15.4850883347854,15.7489850654395,11.5429923523465
59.5,7.75,7.75,7.74232930969309,7.74257362871921,6.98727517996537,7.77803711148313,15.4846586193862,15.4851472574384,15.7496646841023,11.5434715895021
59.6,7.75,7.75,7.74236124297651,7.74260297408776,6.98720271360869,7.77798323907101,15.484722485953,15.4852059481755,15.7503435072619,11.5439500770165
59.7,7.75,7.75,7.7423930407011,7.74263220434958,6.98713059130114,7.77792960311566,15.4847860814022,15.4852644086992,15.7510215363232,11.5444278166614
59.8,7.75,7.75,7.7424247040603,7.74266132034575,6.98705880791921,7.77787620025059,15.4848494081206,15.4853226406915,15.7516987726818,11.5449048101951
59.9,7.75,7.75,7.74245620597594,7.74269029877516,6.9869874284532,7.77782307542575,15.4849124119519,15.4853805975503,15.752375047701,11.5453808995958
60,7.75,7.75,7.74248756134742,7.74271915205276,6.98691641224052,7.77777020092158,15.4849751226948,15.4854383041055,15.7530504409711,11.5458561604375
60.1,7.75,7.75,7.74251878693176,7.74274789429501,6.9868457154126,7.77771754670303,15.4850375738635,15.48549578859,15.7537250469972,11.5463306820203
60.2,7.75,7.75,7.74254988382718,7.74277652627772,6.98677533331022,7.77766510972565,15.4850997676544,15.4855530525554,15.7543988671146,11.5468044660148
60.3,7.75,7.75,7.74258085311866,7.74280504876765,6.98670526133869,7.7776128869897,15.4851617062373,15.4856100975353,15.7550719026504,11.5472775140791
60.4,7.75,7.75,7.74261166901474,7.74283343937564,6.98663555911371,7.77756091995841,15.4852233380295,15.4856668787513,15.7557439866107,11.5477496702284
60.5,7.75,7.75,7.74264234559439,7.74286170994106,6.98656618956435,7.77750918329163,15.4852846911888,15.4857234198821,15.756415197691,11.5482210088942
60.6,7.75,7.75,7.74267289873463,7.74288987396123,6.98649711262059,7.77745764945473,15.4853457974693,15.4857797479225,15.7570856293871,11.5486916181001
60.7,7.75,7.75,7.74270332943502,7.74291793214467,6.98642832410349,7.77740631573408,15.48540665887,15.4858358642893,15.7577552829721,11.5491614994251
60.8,7.75,7.75,7.7427336386832,7.74294588519185,6.98635981989189,7.77735517945574,15.4854672773664,15.4858917703837,15.7584241597115,11.5496306544374
60.9,7.75,7.75,7.74276380186051,7.74297371154844,6.98629165477997,7.77730427897373,15.485527603721,15.4859474230969,15.7590920941822,11.550098929083
61,7.75,7.75,7.74279383230149,7.74300142253072,6.98622379491701,7.77725359106701,15.485587664603,15.4860028450614,15.7597591642331,11.5505663967205
61.1,7.75,7.75,7.74282374508353,7.74302903107199,6.98615620363923,7.7772030904287,15.4856474901671,15.486058062144,15.7604254624012,11.5510331441709
61.2,7.75,7.75,7.74285354111761,7.74305653782077,6.98608887719777,7.77715277463904,15.4857070822352,15.4861130756415,15.7610909899038,11.5514991729308
61.3,7.75,7.75,7.74288322130404,7.74308394341839,6.98602181189551,7.77710264131354,15.4857664426081,15.4861678868368,15.7617557479512,11.5519644844869
61.4,7.75,7.75,7.74291276209473,7.74311122707645,6.9859550582004,7.77705272603244,15.4858255241895,15.4862224541529,15.7624195726261,11.5524289266208
61.5,7.75,7.75,7.74294217614788,7.74313839963493,6.98588858514925,7.77700300746258,15.4858843522958,15.4862767992699,15.763082540974,11.5528925716805
61.6,7.75,7.75,7.74297147781339,7.74316547351232,6.98582235913327,7.77695346228257,15.4859429556268,15.4863309470246,15.7637447446187,11.553355505351
61.7,7.75,7.75,7.74300066792274,7.74319244930359,6.98575637678871,7.77690408833375,15.4860013358455,15.4863848986072,15.7644061847272,11.5538177290548
61.8,7.75,7.75,7.74302974729784,7.74321932759723,6.9856906347982,7.77685488348879,15.4860594945957,15.4864386551945,15.76506686246,11.5542792442051
61.9,7.75,7.75,7.74305869336932,7.74324608830932,6.98562517974693,7.77680588085215,15.4861173867386,15.4864921766186,15.7657266153479,11.5547399003322
62,7.75,7.75,7.74308751818021,7.7432727418452,6.98555998326143,7.77675706077317,15.4861750363604,15.4865454836904,15.766385519671,11.5551997688302
62.1,7.75,7.75,7.74311623541764,7.74329930015248,6.98549501447327,7.77670840170071,15.4862324708353,15.486598600305,15.767043666181,11.5556589343085
62.2,7.75,7.75,7.74314484584171,7.74332576377826,6.9854302703636,7.7766599017081,15.4862896916834,15.4866515275565,15.7677010559994,11.5561173981222
62.3,7.75,7.75,7.74317335020392,7.74335213326387,6.98536574795508,7.77661155889649,15.4863467004078,15.4867042665277,15.7683576902422,11.5565751616182
62.4,7.75,7.75,7.74320172683116,7.74337838917487,6.98530149034735,7.77656340415939,15.4864034536623,15.4867567783497,15.7690134078354,11.5570320759973
62.5,7.75,7.75,7.74322998720616,7.7434045415192,6.98523747148988,7.77651541934613,15.4864599744123,15.4868090830384,15.7696682843287,11.557488211751
62.6,7.75,7.75,7.74325814441137,7.74343060181272,6.98517366297294,7.77646758448462,15.4865162888227,15.4868612036254,15.770322409638,11.5579436524669
62.7,7.75,7.75,7.74328619914278,7.74345657055978,6.98511006208654,7.77641989785431,15.4865723982856,15.4869131411196,15.7709757848442,11.5583983994394
62.8,7.75,7.75,7.74331415208865,7.74348244825955,6.98504666615783,7.7763723577594,15.4866283041773,15.4869648965191,15.7716284110229,11.5588524539553
62.9,7.75,7.75,7.74334198239805,7.74350821607792,6.98498351515656,7.77632499311773,15.4866839647961,15.4870164321558,15.772280128448,11.5593056688155
63,7.75,7.75,7.74336970104263,7.74353388365859,6.98492058511628,7.77627778711651,15.4867394020853,15.4870677673172,15.7729310119697,11.5597581136542
63.1,7.75,7.75,7.74339732055235,7.74355946212073,6.98485784983374,7.7762307211928,15.4867946411047,15.4871189242415,15.7735811507015,11.5602098710866
63.2,7.75,7.75,7.74342484156559,7.74358495193041,6.9847953068755,7.77618379380921,15.4868496831312,15.4871699038608,15.7742305456873,11.5606609423521
63.3,7.75,7.75,7.74345226471379,7.7436103535491,6.9847329538414,7.77613700345038,15.4869045294276,15.4872207070982,15.7748791979665,11.5611113286832
63.4,7.75,7.75,7.7434795699016,7.74363564869905,6.98467082788981,7.77609037726757,15.4869591398032,15.4872712973981,15.7755269491178,11.5615608844165
63.5,7.75,7.75,7.74350676763382,7.74366084668934,6.98460890692446,7.77604389964186,15.4870135352676,15.4873216933787,15.77617387332,11.5620096783707
63.6,7.75,7.75,7.74353386993475,7.7436859582737,6.98454716672269,7.77599755326846,15.4870677398695,15.4873719165474,15.776820058914,11.5624577922328
63.7,7.75,7.75,7.74356087739101,7.74371098388399,6.98448560509873,7.77595133677279,15.487121754782,15.487421967768,15.7774655069101,11.5629052271923
63.8,7.75,7.75,7.74358779058298,7.74373592394791,6.9844242198966,7.77590524879981,15.487175581166,15.4874718478958,15.7781102183149,11.5633519844326
63.9,7.75,7.75,7.74361459011098,7.74376076070464,6.98436304574854,7.77585931492009,15.487229180222,15.4875215214093,15.7787540359735,11.5637979197676
64,7.75,7.75,7.74364128605269,7.74378550315516,6.98430206223691,7.77581352058055,15.4872825721054,15.4875710063103,15.7793970334182,11.5642431012383
64.1,7.75,7.75,7.74366788996885,7.74381016171574,6.98424124691736,7.77576784960043,15.4873357799377,15.4876203234315,15.7800392982439,11.5646876096434
64.2,7.75,7.75,7.74369440239954,7.74383473678754,6.98418059782592,7.77572230074982,15.4873888047991,15.4876694735751,15.780680831431,11.5651314461272
64.3,7.75,7.75,7.74372082387919,7.74385922876805,6.98412011302529,7.77567687281619,15.4874416477584,15.4877184575361,15.781321633956,11.5655746118285
64.4,7.75,7.75,7.74374713565,7.74388362037805,6.98405982487699,7.77563158995458,15.4874942713,15.4877672407561,15.7819615498952,11.5660169639859
64.5,7.75,7.75,7.74377334739816,7.74390792033411,6.9839997144705,7.77558643856404,15.4875466947963,15.4878158406682,15.7826006521573,11.5664585698963
64.6,7.75,7.75,7.74379947025868,7.74393213874001,6.98393976095865,7.77554140346863,15.4875989405174,15.48786427748,15.7832390276155,11.5668995095066
64.7,7.75,7.75,7.74382550472976,7.74395627596945,6.98387996257607,7.77549648356702,15.4876510094595,15.4879125519389,15.7838766772227,11.56733978392
64.8,7.75,7.75,7.74385145130455,7.7439803323928,6.98382031758133,7.77545167777333,15.4877029026091,15.4879606647856,15.7845136019287,11.5677793942348
64.9,7.75,7.75,7.74387729181862,7.74400429118076,6.98376085629397,7.77540700897392,15.4877545836372,15.4880085823615,15.7851496470083,11.5682181990663
65,7.75,7.75,7.74390303559873,7.74402816078666,6.98370156115703,7.77536246441891,15.4878060711975,15.4880563215733,15.7857848847675,11.568656264998
65.1,7.75,7.75,7.74392869338818,7.7440519510242,6.98364241275824,7.77531802983121,15.4878573867764,15.4881039020484,15.7864194013796,11.5690936711578
65.2,7.75,7.75,7.74395426564748,7.74407566224244,6.98358340951014,7.77527370422379,15.487908531295,15.4881513244849,15.7870531977727,11.5695304186118
65.3,7.75,7.75,7.74397975283262,7.74409929478743,6.98352454984668,7.77522948662336,15.4879595056652,15.4881985895749,15.7876862748719,11.5699665084212
65.4,7.75,7.75,7.74400513732891,7.7441228322513,6.98346586225032,7.77518539877812,15.4880102746578,15.4882456645026,15.7883184791221,11.5704018005343
65.5,7.75,7.75,7.7440304281325,7.7441462828431,6.98340733038008,7.77514142869942,15.488060856265,15.4882925656862,15.7889498822444,11.5708363608491
65.6,7.75,7.75,7.74405563562556,7.74416965610657,6.98334893611334,7.77509756291488,15.4881112712511,15.4883393122131,15.7895805697325,11.5712702677045
65.7,7.75,7.75,7.74408076023467,7.74419295236861,6.98329067802197,7.7750538005391,15.4881615204693,15.4883859047372,15.790210542492,11.5717035221325
65.8,7.75,7.75,7.74410580238236,7.74421617195342,6.98323255469698,7.77501014069884,15.4882116047647,15.4884323439068,15.7908398014254,11.5721361251609
65.9,7.75,7.75,7.74413074496438,7.74423929884896,6.98317459296725,7.7749666041202,15.4882614899288,15.4884785976979,15.7914681941207,11.5725679380308
66,7.75,7.75,7.7441555966722,7.74426234103702,6.98311677758459,7.77492317949593,15.4883111933444,15.488524682074,15.7920957917314,11.5729990259802
66.1,7.75,7.75,7.74418036755433,7.74428530780937,6.98305909158595,7.77487985407469,15.4883607351087,15.4885706156187,15.7927226790896,11.573429466586
66.2,7.75,7.75,7.74420505800682,7.74430819947299,6.98300153368586,7.77483662706137,15.4884101160136,15.488616398946,15.7933488570801,11.5738592608492
66.3,7.75,7.75,7.74422966842204,7.74433101633243,6.98294410261603,7.77479349767174,15.4884593368441,15.4886620326649,15.793974326585,11.5742884097669
66.4,7.75,7.75,7.74425418217077,7.74435374274845,6.98288682371608,7.77475048571296,15.4885083643415,15.4887074854969,15.794598936311,11.5747167758369
66.5,7.75,7.75,7.74427860766309,7.74437638649082,6.9828296827203,7.77470758048823,15.4885572153262,15.4887527729816,15.7952227568592,11.5751444236598
66.6,7.75,7.75,7.74430295463864,7.74439895661548,6.98277266370867,7.77466476989282,15.4886059092773,15.488797913231,15.7958458724167,11.5755714300755
66.7,7.75,7.75,7.74432722346596,7.74442145341149,6.98271576552352,7.77462205321194,15.4886544469319,15.488842906823,15.7964682838492,11.5759977960567
66.8,7.75,7.75,7.74435141451022,7.74444387716574,6.98265898702255,7.77457942974048,15.4887028290204,15.4888877543315,15.79708999202,11.5764235225725
66.9,7.75,7.75,7.74437551158527,7.74446621259097,6.98260235220335,7.77453691845842,15.4887510231705,15.4889324251819,15.7977108467323,11.5768484733437
67,7.75,7.75,7.7443995228408,7.74448846725865,6.98254584768387,7.77449450921633,15.4887990456816,15.4889769345173,15.7983309180487,11.5772727123546
67.1,7.75,7.75,7.7444234577299,7.74451065000342,6.98248945848278,7.77445219048995,15.4888469154598,15.4890213000068,15.7989502895261,11.5776963157307
67.2,7.75,7.75,7.74444731659625,7.7445327610982,6.98243318355687,7.77440996163593,15.4888946331925,15.4890655221964,15.7995689620129,11.5781192844187
67.3,7.75,7.75,7.74447109978054,7.74455480081392,6.9823770218767,7.77436782201948,15.4889421995611,15.4891096016278,15.8001869363552,11.578541619362
67.4,7.75,7.75,7.74449479151085,7.7445767541966,6.98232099622964,7.77432578987504,15.4889895830217,15.4891535083932,15.800804063432,11.578963185474
67.5,7.75,7.75,7.74451839969535,7.74459862863167,6.98226509402884,7.77428385554447,15.4890367993907,15.4891972572633,15.8014204127799,11.5793840461419
67.6,7.75,7.75,7.74454193352067,7.74462043274557,6.98220930113821,7.77424200802516,15.4890838670413,15.4892408654911,15.8020360673397,11.579804276797
67.7,7.75,7.75,7.7445653933081,7.74464216679663,6.98215361661703,7.77420024673728,15.4891307866162,15.4892843335933,15.8026510279437,11.5802238783623
67.8,7.75,7.75,7.7445887793762,7.74466383104142,6.98209803953697,7.77415857110862,15.4891775587524,15.4893276620828,15.8032652954223,11.5806428517577
67.9,7.75,7.75,7.74461207634123,7.74468541084225,6.98204259159328,7.77411699870063,15.4892241526825,15.4893708216845,15.803878721711,11.5810610630611
68,7.75,7.75,7.7446352918869,7.74470691340958,6.98198726091507,7.77407552029661,15.4892705837738,15.4894138268192,15.8044913758325,11.5814785750797
68.1,7.75,7.75,7.7446584349515,7.74472834717344,6.98193203412775,7.77403412536332,15.489316869903,15.4894566943469,15.8051033401237,11.5818954625699
68.2,7.75,7.75,7.74468150583608,7.744749712379,6.98187691038244,7.77399281337742,15.4893630116722,15.489499424758,15.8057146154023,11.5823117264326
68.3,7.75,7.75,7.7447045048392,7.74477100926979,6.98182188884137,7.77395158382238,15.4894090096784,15.4895420185396,15.8063252024839,11.5827273675662
68.4,7.75,7.75,7.74472741694181,7.74479222350911,6.98176699021344,7.77391045365121,15.4894548338836,15.4895844470182,15.8069349543433,11.5831422531873
68.5,7.75,7.75,7.74475024961846,7.74481336214241,6.98171220327277,7.77386941404433,15.4895004992369,15.4896267242848,15.8075439394996,11.583556445539
68.6,7.75,7.75,7.74477301157548,7.74483443341396,6.98165751533127,7.77382845489136,15.489546023151,15.4896688668279,15.8081522396977,11.5839700187198
68.7,7.75,7.75,7.7447957030956,7.74485543755696,6.98160292562235,7.77378757571922,15.4895914061912,15.4897108751139,15.8087598557415,11.5843829736105
68.8,7.75,7.75,7.74481832445935,7.74487637480318,6.98154843338933,7.77374677606089,15.4896366489187,15.4897527496064,15.8093667884333,11.5847953110899
68.9,7.75,7.75,7.74484086099101,7.74489723110299,6.9814940584496,7.77370607231843,15.489681721982,15.489794462206,15.8099728917705,11.5852068994889
69,7.75,7.75,7.74486331996985,7.74491801334582,6.98143979015864,7.77366545602996,15.4897266399397,15.4898360266916,15.8105782337786,11.5856178005014
69.1,7.75,7.75,7.744885709885,7.74493872959974,6.98138561644775,7.77362491746657,15.48977141977,15.4898774591995,15.811182895621,11.5860280875837
69.2,7.75,7.75,7.74490803100264,7.74495938008716,6.98133153662405,7.7735844561999,15.4898160620053,15.4899187601743,15.811786878089,11.5864377615984
69.3,7.75,7.75,7.74493028358695,7.74497996502915,6.9812775500035,7.77354407180699,15.4898605671739,15.4899599300583,15.8123901819722,11.5868468234056
69.4,7.75,7.75,7.74495245328628,7.7450004706505,6.98122367559687,7.7735037801901,15.4899049065726,15.490000941301,15.812992662276,11.587255142429
69.5,7.75,7.75,7.74497454719713,7.74502090369276,6.98116990328409,7.77346357320995,15.4899490943943,15.4900418073855,15.8135943865408,11.5876627798265
69.6,7.75,7.75,7.74499657360474,7.7450412720565,6.98111622155567,7.77342344148231,15.4899931472095,15.490082544113,15.8141954353587,11.5880698084269
69.7,7.75,7.75,7.74501853276032,7.74506157595429,6.98106262978475,7.77338338461864,15.4900370655206,15.4901231519086,15.8147958095091,11.5884762290755
69.8,7.75,7.75,7.74504042491324,7.74508181559751,6.98100912735239,7.77334340223518,15.4900808498265,15.490163631195,15.8153955097701,11.5888820426157
69.9,7.75,7.75,7.74506223601844,7.74510197747386,6.98095573253882,7.77330350977989,15.4901244720369,15.4902039549477,15.8159943921402,11.5892871195431
70,7.75,7.75,7.74508397300095,7.74512206818435,6.9809024356974,7.7732636994049,15.4901679460019,15.4902441363687,15.8165925236838,11.5896915204922
70.1,7.75,7.75,7.74510564395419,7.74514209546991,6.98084922582395,7.77322396203795,15.4902112879084,15.4902841909398,15.8171899844305,11.5900953176774
70.2,7.75,7.75,7.74512724911579,7.74516205953419,6.98079610235077,7.77318429732592,15.4902544982316,15.4903241190684,15.8177867751486,11.5904985119285
70.3,7.75,7.75,7.74514878872171,7.74518196057973,6.98074306471726,7.77314470491994,15.4902975774434,15.4903639211595,15.8183828966053,11.5909011040728
70.4,7.75,7.75,7.74517024901762,7.74520178534664,6.98069013054124,7.77310519985419,15.4903404980352,15.4904035706933,15.8189782057795,11.5913029656593
70.5,7.75,7.75,7.74519163676725,7.74522154030204,6.98063729060382,7.77306577454448,15.4903832735345,15.4904430806041,15.8195727692667,11.59170415681
70.6,7.75,7.75,7.74521295988317,7.74524123303441,6.98058453435787,7.77302642020137,15.4904259197663,15.4904824660688,15.8201666665426,11.5921047491378
70.7,7.75,7.75,7.74523421859067,7.74526086373923,6.98053186128868,7.77298713650325,15.4904684371813,15.4905217274785,15.8207598983654,11.5925047434575
70.8,7.75,7.75,7.74525541311354,7.74528043261098,6.98047927088792,7.77294792313236,15.4905108262271,15.490560865222,15.8213524654921,11.592904140582
70.9,7.75,7.75,7.74527652997375,7.7452999266326,6.98042678017211,7.77290879474516,15.4905530599475,15.4905998532652,15.8219442258692,11.5933028130958
71,7.75,7.75,7.74529757578302,7.74531935214338,6.98037438030917,7.77286974399645,15.490595151566,15.4906387042868,15.8225352456307,11.5937008206188
71.1,7.75,7.75,7.74531855828294,7.74533871658582,6.98032206116573,7.77283076235365,15.4906371165659,15.4906774331716,15.8231256037065,11.5940982341739
71.2,7.75,7.75,7.74533947768758,7.74535802014793,6.98026982227459,7.77279184952327,15.4906789553752,15.4907160402959,15.823715300845,11.594495054562
71.3,7.75,7.75,7.74536033420969,7.74537726301685,6.98021766317426,7.7727530052152,15.4907206684194,15.4907545260337,15.8243043377936,11.5948912825826
71.4,7.75,7.75,7.74538111463443,7.74539643240957,6.9801656003347,7.77271424374036,15.4907622292689,15.4907928648191,15.8248925734549,11.595286791839
71.5,7.75,7.75,7.74540182542987,7.74541553454301,6.98011362527395,7.77267555797052,15.4908036508597,15.490831069086,15.8254800735081,11.5956816414588
71.6,7.75,7.75,7.74542247417559,7.74543457671963,6.98006172823368,7.77263693960693,15.4908449483512,15.4908691534393,15.8260669163444,11.5960759018855
71.7,7.75,7.75,7.74544306107549,7.74545355912062,6.98000990878922,7.7725983883811,15.490886122151,15.4909071182412,15.8266531027032,11.5964695739073
71.8,7.75,7.75,7.74546358633224,7.74547248192637,6.97995816652109,7.77255990402757,15.4909271726645,15.4909449638527,15.8272386333229,11.5968626583108
71.9,7.75,7.75,7.74548403698227,7.74549133257986,6.97990651740174,7.77252150054036,15.4909680739645,15.4909826651597,15.827823368051,11.5972550297029
72,7.75,7.75,7.74550441935758,7.74551011718066,6.9798549532665,7.77248317098868,15.4910088387152,15.4910202343613,15.8284073721181,11.5976467467279
72.1,7.75,7.75,7.74552474088392,7.74552884289659,6.97980346469729,7.77244490728698,15.4910494817678,15.4910576857932,15.8289907233838,11.5980378792597
72.2,7.75,7.75,7.7455450017559,7.74554750990259,6.97975205130764,7.77240670918909,15.4910900035118,15.4910950198052,15.829573422579,11.5984284280745
72.3,7.75,7.75,7.74556520216703,7.74556611837285,6.97970071271564,7.77236857645151,15.4911304043341,15.4911322367457,15.8301554704334,11.5988183939471
72.4,7.75,7.75,7.74558532939408,7.74558465596891,6.97964946444029,7.77233052277688,15.4911706587882,15.4911693119378,15.8307367277291,11.5992076524732
72.5,7.75,7.75,7.74560538963992,7.74560312867755,6.9795982986047,7.77229254141442,15.4912107792798,15.4912062573551,15.8313172592538,11.5995962618224
72.6,7.75,7.75,7.74562539018385,7.74562154353694,6.97954720609997,7.77225462447351,15.4912507803677,15.4912430870739,15.8318971423422,11.5999842913081
72.7,7.75,7.75,7.74564533121203,7.74563990071624,6.97949618657381,7.77221677172783,15.4912906624241,15.4912798014325,15.8324763777171,11.6003717416954
72.8,7.75,7.75,7.7456652129096,7.74565820038394,6.97944523967806,7.77217898295348,15.4913304258192,15.4913164007679,15.8330549660999,11.6007586137477
72.9,7.75,7.75,7.74568502278372,7.7456764304133,6.97939438051764,7.77214127158449,15.4913700455674,15.4913528608266,15.8336327691974,11.6011447840363
73,7.75,7.75,7.74570476691439,7.74569459668252,6.97934360147711,7.77210363103453,15.4914095338288,15.491389193365,15.8342098513598,11.6015303102635
73.1,7.75,7.75,7.74572445244122,7.7457127061046,6.97929289372881,7.77206605359163,15.4914489048824,15.4914254122092,15.8347862894032,11.6019152611911
73.2,7.75,7.75,7.74574407954265,7.7457307588434,6.97924225695111,7.77202853904718,15.4914881590853,15.4914615176868,15.8353620840424,11.6022996375735
73.3,7.75,7.75,7.74576364839617,7.74574875506216,6.9791916908261,7.77199108719473,15.4915272967923,15.4914975101243,15.8359372359913,11.6026834401638
73.4,7.75,7.75,7.74578314673023,7.74576668283951,6.97914121007998,7.77195371122,15.4915662934605,15.491533365679,15.8365116078716,11.6030665464956
73.5,7.75,7.75,7.74580258050765,7.7457845479489,6.97909080733511,7.77191640468732,15.4916051610153,15.4915690958978,15.8370852636014,11.6034490138113
73.6,7.75,7.75,7.74582195673453,7.74580235718236,6.97904047402007,7.77187916004881,15.4916439134691,15.4916047143647,15.8376582794838,11.6038309103293
73.7,7.75,7.75,7.74584127558223,7.74582011069886,6.97899020984072,7.77184197711166,15.4916825511645,15.4916402213977,15.8382306562262,11.6042122367939
73.8,7.75,7.75,7.74586053722123,7.74583780865675,6.97894001450627,7.77180485568496,15.4917210744425,15.4916756173135,15.8388023945354,11.6045929939482
73.9,7.75,7.75,7.74587972959294,7.74585543933418,6.97888990239594,7.77176780872429,15.4917594591859,15.4917108786684,15.8393733579386,11.6049730602763
74,7.75,7.75,7.7458988585482,7.74587300840337,6.97883986634865,7.7717308299323,15.4917977170964,15.4917460168067,15.839943609927,11.6053524925674
74.1,7.75,7.75,7.7459179309652,7.74589052253924,6.97878989802682,7.7716939119122,15.4918358619304,15.4917810450785,15.840513226296,11.605731358504
74.2,7.75,7.75,7.74593694700883,7.74590798189619,6.97873999716097,7.77165705448531,15.4918738940177,15.4918159637924,15.8410822077463,11.606109658821
74.3,7.75,7.75,7.74595590684315,7.74592538662807,6.97869016348461,7.77162025747463,15.4919118136863,15.4918507732561,15.8416505549773,11.6064873942521
74.4,7.75,7.75,7.74597479861483,7.74594272520711,6.97864041105845,7.77158353362169,15.4919495972297,15.4918854504142,15.8422181324137,11.6068644442199
74.5,7.75,7.75,7.74599362806749,7.74596000320749,6.97859073291897,7.77154687675651,15.491987256135,15.491920006415,15.8427850031239,11.6072408650673
74.6,7.75,7.75,7.74601240195658,7.74597722719061,6.97854112094229,7.77151027962188,15.4920248039132,15.4919544543812,15.8433512424014,11.6076167239479
74.7,7.75,7.75,7.74603112044101,7.74599439730664,6.97849157488108,7.77147374205168,15.492062240882,15.4919887946133,15.8439168509399,11.6079920215876
74.8,7.75,7.75,7.74604978367896,7.74601151370521,6.97844209449067,7.77143726388132,15.4920995673579,15.4920230274104,15.8444818294324,11.6083667587113
74.9,7.75,7.75,7.74606838001532,7.74602856504753,6.97839269353872,7.77140085765279,15.4921367600306,15.4920571300951,15.845046043192,11.6087408156693
75,7.75,7.75,7.74608691509082,7.74604555681281,6.97834336524226,7.77136451731365,15.4921738301816,15.4920911136256,15.8456095548692,11.6091142483639
75.1,7.75,7.75,7.74610539554287,7.74606249545217,6.97829410167312,7.77132823573594,15.4922107910857,15.4921249909043,15.8461724392604,11.6094871234266
75.2,7.75,7.75,7.74612382152488,7.74607938111184,6.97824490260379,7.77129201276478,15.4922476430498,15.4921587622237,15.8467346970528,11.609859441575
75.3,7.75,7.75,7.74614219318964,7.74609621393754,6.97819576780918,7.77125584824668,15.4922843863793,15.4921924278751,15.8472963289329,11.6102312035255
75.4,7.75,7.75,7.74616049907371,7.7461129827747,6.97814671078686,7.77121975453697,15.4923209981474,15.4922259655494,15.8478572010946,11.6106022905455
75.5,7.75,7.75,7.74617874471896,7.74612969301029,6.97809772491908,7.77118372569204,15.4923574894379,15.4922593860206,15.8484173757744,11.6109727581025
75.6,7.75,7.75,7.74619693664904,7.74614635098827,6.97804880245721,7.77114775470395,15.4923938732981,15.4922927019765,15.8489769272766,11.6113426723126
75.7,7.75,7.75,7.74621507501233,7.74616295685116,6.97799994319156,7.7711118414279,15.4924301500247,15.4923259137023,15.849535856282,11.6117120338851
75.8,7.75,7.75,7.7462331599566,7.74617951074103,6.97795114691458,7.77107598572027,15.4924663199132,15.4923590214821,15.850094163471,11.6120808435284
75.9,7.75,7.75,7.74625118020414,7.74619600168307,6.97790242687429,7.77104019976131,15.4925023604083,15.4923920033661,15.8506517159104,11.6124489834172
76,7.75,7.75,7.74626914120155,7.7462124349746,6.97785377660451,7.77100447770845,15.4925382824031,15.4924248699492,15.8512085754267,11.6128165085893
76.1,7.75,7.75,7.74628704936272,7.74622881685525,6.97780518852161,7.77096881266554,15.4925740987254,15.4924576337105,15.8517648158368,11.6131834846516
76.2,7.75,7.75,7.74630490483138,7.74624514746408,6.97775666243189,7.77093320449678,15.4926098096628,15.4924902949282,15.8523204378155,11.6135499123057
76.3,7.75,7.75,7.74632270775067,7.74626142693974,6.97770819814358,7.77089765306741,15.4926454155013,15.4925228538795,15.852875442037,11.613915792252
76.4,7.75,7.75,7.74634044702302,7.74627764448297,6.97765980867359,7.77086217039293,15.492680894046,15.4925552889659,15.8534296964335,11.6142810075631
76.5,7.75,7.75,7.74635812800313,7.74629380530387,6.97761148769499,7.7708267507248,15.4927162560063,15.4925876106077,15.8539832624257,11.6146456128523
76.6,7.75,7.75,7.74637575699881,7.74630991554038,6.97756322777616,7.77079138727137,15.4927515139976,15.4926198310808,15.8545362133473,11.6150096732231
76.7,7.75,7.75,7.74639333414945,7.74632597532832,6.97751502873776,7.77075607990485,15.4927866682989,15.4926519506566,15.8550885498672,11.6153731893694
76.8,7.75,7.75,7.74641085959395,7.74634198480311,6.97746689040216,7.77072082849844,15.4928217191879,15.4926839696062,15.8556402726539,11.6157361619844
76.9,7.75,7.75,7.74642832240968,7.74635793333713,6.97741882557178,7.77068564491213,15.4928566448194,15.4927158666743,15.8561912504976,11.616098475029
77,7.75,7.75,7.74644572786253,7.74637382605546,6.97737082804789,7.77065052348521,15.4928914557251,15.4927476521109,15.8567415444167,11.6164601826973
77.1,7.75,7.75,7.74646308215762,7.74638966899687,6.9773228905392,7.77061545752392,15.4929261643152,15.4927793379937,15.8572912272662,11.6168213495944
77.2,7.75,7.75,7.74648038543034,7.7464054622941,6.97727501287925,7.77058044690769,15.4929607708607,15.4928109245882,15.8578402997094,11.6171819764073
77.3,7.75,7.75,7.74649763781559,7.74642120607956,6.97722719490315,7.77054549151681,15.4929952756312,15.4928424121591,15.8583887624091,11.6175420638222
77.4,7.75,7.75,7.74651482856093,7.7464368898935,6.97717944921367,7.77051060306408,15.4930296571219,15.492873779787,15.8589364850063,11.6179014966793
77.5,7.75,7.75,7.74653196284632,7.74645251877811,6.97713176973043,7.77047577597106,15.4930639256926,15.4929050375562,15.859483528121,11.6182603287579
77.6,7.75,7.75,7.74654904677725,7.74646809867532,6.97708414929194,7.77044100363601,15.4930980935545,15.4929361973506,15.8600299641334,11.6186186241706
77.7,7.75,7.75,7.74656608048541,7.74648362971497,6.97703658774335,7.7704062859448,15.4931321609708,15.4929672594299,15.8605757937015,11.6189763835975
77.8,7.75,7.75,7.74658306410201,7.7464991120266,6.97698908493117,7.77037162278409,15.493166128204,15.4929982240532,15.8611210174824,11.6193336077179
77.9,7.75,7.75,7.7465999870403,7.74651453531484,6.97694165327198,7.77033702572695,15.4931999740806,15.4930290706297,15.8616655059613,11.6196901822429
78,7.75,7.75,7.74661685439692,7.74652990454092,6.97689428679478,7.77030248927222,15.4932337087938,15.4930598090818,15.8622093193631,11.6200461605416
78.1,7.75,7.75,7.7466336721807,7.74654522555214,6.97684697845853,7.7702680069049,15.4932673443614,15.4930904511043,15.8627525295972,11.6204016062391
78.2,7.75,7.75,7.74665044051982,7.74656049847562,6.97679972811877,7.77023357851667,15.4933008810396,15.4931209969512,15.8632951373164,11.6207565200086
78.3,7.75,7.75,7.74666715954208,7.74657572343814,6.9767525356323,7.7701992039999,15.4933343190842,15.4931514468763,15.8638371431726,11.621110902523
78.4,7.75,7.75,7.74668381882224,7.74659089030537,6.97670541324148,7.77016489479459,15.4933676376445,15.4931817806107,15.8643784184879,11.6214646403562
78.5,7.75,7.75,7.74670042337607,7.74660600395946,6.97665835507679,7.77013064547242,15.4934008467521,15.4932120079189,15.8649190230957,11.621817786471
78.6,7.75,7.75,7.74671697911838,7.74662107015513,6.97661135420913,7.77009644960043,15.4934339582368,15.4932421403103,15.8654590284388,11.6221704040099
78.7,7.75,7.75,7.74673348617415,7.74663608901691,6.97656441050339,7.77006230707549,15.4934669723483,15.4932721780338,15.8659984351647,11.62252249364
78.8,7.75,7.75,7.74674994466793,7.74665106066901,6.9765175238256,7.77002821779512,15.4934998893359,15.493302121338,15.86653724392,11.6228740560275
78.9,7.75,7.75,7.74676634433212,7.74666597513489,6.97647070625479,7.76999419307226,15.4935326886642,15.4933319502698,15.8670753268576,11.6232249786009
79,7.75,7.75,7.74678269010385,7.74668083721937,6.97642395201569,7.76996022754742,15.4935653802077,15.4933616744387,15.8676127434224,11.6235753139215
79.1,7.75,7.75,7.74679898780646,7.7466956525866,6.97637725428355,7.76992631486545,15.4935979756129,15.4933913051732,15.8681495645945,11.6239251246535
79.2,7.75,7.75,7.7468152375619,7.74671042135862,6.9763306129317,7.76989245492791,15.4936304751238,15.4934208427172,15.868685791016,11.6242744114579
79.3,7.75,7.75,7.74683143949171,7.74672514365718,6.97628402783445,7.76985864763692,15.4936628789834,15.4934502873144,15.8692214233287,11.6246231749948
79.4,7.75,7.75,7.7468475834822,7.7467398096605,6.97623751091724,7.76982490418381,15.4936951669644,15.493479619321,15.8697563345097,11.6249713035396
79.5,7.75,7.75,7.74686367439404,7.74675442409774,6.97619105649263,7.76979121927432,15.4937273487881,15.4935088481955,15.8702905836184,11.6253188492555
79.6,7.75,7.75,7.74687971796141,7.7467689925443,6.97614465783337,7.76975758662732,15.4937594359228,15.4935379850886,15.8708242411759,11.6256658743336
79.7,7.75,7.75,7.7468957143034,7.74678351511988,6.97609831482037,7.76972400614858,15.4937914286068,15.4935670302398,15.8713573078196,11.6260123794287
79.8,7.75,7.75,7.74691166353874,7.74679799194388,6.97605202733542,7.76969047774435,15.4938233270775,15.4935959838878,15.8718897841859,11.6263583651949
79.9,7.75,7.75,7.74692755570422,7.74681241334637,6.97600580715914,7.76965701248924,15.4938551114084,15.4936248266927,15.87242154407,11.6267037207471
80,7.75,7.75,7.74694339558597,7.74682678398238,6.97595964868611,7.76962360515102,15.4938867911719,15.4936535679648,15.8729526461492,11.6270484978543
80.1,7.75,7.75,7.74695918883124,7.74684110934039,6.97591354528045,7.76959024951914,15.4939183776625,15.4936822186808,15.8734831604891,11.6273927582385
80.2,7.75,7.75,7.74697493555641,7.74685538953782,6.9758674968299,7.76955694550317,15.4939498711128,15.4937107790756,15.874013087722,11.6277365025489
80.3,7.75,7.75,7.74699063587757,7.74686962469184,6.97582150322297,7.76952369301311,15.4939812717551,15.4937392493837,15.8745424284797,11.6280797314337
80.4,7.75,7.75,7.74700627997873,7.74688380528158,6.97577557610338,7.76949050301123,15.4940125599575,15.4937676105632,15.875071057369,11.6284223348398
80.5,7.75,7.75,7.74702187257334,7.74689793588943,6.97572970994252,7.76945737032443,15.4940437451467,15.4937958717789,15.8755990326882,11.6287643641456
80.6,7.75,7.75,7.74703741922373,7.74691202191863,6.97568389819036,7.76942428880969,15.4940748384475,15.4938240438373,15.8761264240507,11.6291058806088
80.7,7.75,7.75,7.74705292004378,7.74692606348445,6.97563814074075,7.76939125838,15.4941058400876,15.4938521269689,15.8766532320843,11.6294468848727
80.8,7.75,7.75,7.74706837514705,7.74694006070188,6.97559243748831,7.76935827894876,15.4941367502941,15.4938801214038,15.877179457416,11.6297873775799
80.9,7.75,7.75,7.7470837748617,7.74695400419643,6.97554679994694,7.76932536136984,15.4941675497234,15.4939080083929,15.877704975458,11.630127249502
81,7.75,7.75,7.74709912383023,7.7469678984793,6.9755012226602,7.76929250052671,15.4941982476605,15.4939357969586,15.8782298441325,11.6304665516307
81.1,7.75,7.75,7.74711442753199,7.74698174887009,6.97545569915888,7.76925969034111,15.494228855064,15.4939634977402,15.8787541326047,11.6308053447632
81.2,7.75,7.75,7.74712968607847,7.74699555548199,6.97541022934239,7.76922693072911,15.4942593721569,15.493991110964,15.8792778414974,11.6311436295372
81.3,7.75,7.75,7.74714489958087,7.74700931842793,6.97536481311081,7.76919422160717,15.4942897991617,15.4940186368559,15.8798009714331,11.6314814065899
81.4,7.75,7.75,7.74716005850856,7.74702302847721,6.97531946185471,7.7691615737244,15.4943201170171,15.4940460569544,15.8803233986235,11.6318185675106
81.5,7.75,7.75,7.74717516743471,7.74703669007117,6.97527417018555,7.76912898201848,15.4943503348694,15.4940733801423,15.8808451806177,11.6321551629077
81.6,7.75,7.75,7.74719023175753,7.74705030844735,6.97522893171048,7.7690964404734,15.4943804635151,15.4941006168947,15.8813663861358,11.632491253122
81.7,7.75,7.75,7.74720525158624,7.74706388371693,6.97518374633391,7.76906394900804,15.4944105031725,15.4941277674339,15.8818870157961,11.6328268387858
81.8,7.75,7.75,7.74722022702979,7.74707741599085,6.97513861396087,7.76903150754163,15.4944404540596,15.4941548319817,15.8824070702162,11.6331619205308
81.9,7.75,7.75,7.74723514869599,7.74709089617971,6.97509354586439,7.76899912672177,15.494470297392,15.4941817923594,15.8829264264019,11.6334963907574
82,7.75,7.75,7.74725002109023,7.74710432865631,6.97504853672004,7.76896680153826,15.4945000421805,15.4942086573126,15.8834451415316,11.6338302996939
82.1,7.75,7.75,7.74726484953126,7.74711771857759,6.97500358020729,7.76893452603507,15.4945296990625,15.4942354371552,15.8839632838839,11.6341637072288
82.2,7.75,7.75,7.74727963412618,7.7471310660528,6.97495867623506,7.76890230013363,15.4945592682524,15.4942621321056,15.8844808540725,11.634496613989
82.3,7.75,7.75,7.74729437498178,7.74714437119098,6.97491382471284,7.76887012375568,15.4945887499636,15.494288742382,15.8849978527104,11.634829020601
82.4,7.75,7.75,7.7473090628417,7.7471576250416,6.97486903680139,7.76883800745031,15.4946181256834,15.4943152500832,15.8855141575915,11.6351608202694
82.5,7.75,7.75,7.74732370214495,7.74717083191017,6.97482430723694,7.76880594625748,15.4946474042899,15.4943416638203,15.8860298255265,11.6354920628458
82.6,7.75,7.75,7.7473382981325,7.74718399687446,6.97477962976764,7.76877393427914,15.494676596265,15.4943679937489,15.8865449243556,11.6358228077702
82.7,7.75,7.75,7.74735285090938,7.74719712004189,6.9747350043065,7.76874197143904,15.4947057018188,15.4943942400838,15.887059454688,11.6361530556643
82.8,7.75,7.75,7.74736736058037,7.74721020151962,6.97469043076703,7.76871005766118,15.4947347211607,15.4944204030392,15.8875734171324,11.6364828071495
82.9,7.75,7.75,7.74738181802238,7.74722323249368,6.97464592020246,7.76867820339883,15.4947636360448,15.4944464649874,15.8880866902647,11.6368119562278
83,7.75,7.75,7.74739622760943,7.7472362172035,6.97460146740663,7.76864640374044,15.4947924552189,15.494472434407,15.888599330531,11.6371405523777
83.1,7.75,7.75,7.74741059450624,7.74724916064907,6.97455706619304,7.76861465284406,15.4948211890125,15.4944983212981,15.8891114053362,11.6374686545943
83.2,7.75,7.75,7.74742491881588,7.74726206293599,6.9745127164784,7.76858295063552,15.4948498376318,15.494524125872,15.8896229152851,11.6377962634942
83.3,7.75,7.75,7.7474392006412,7.74727492416964,6.97446841817986,7.76855129704091,15.4948784012824,15.4945498483393,15.8901338609819,11.6381233796936
83.4,7.75,7.75,7.74745343098998,7.74728773567036,6.97442418224744,7.76851970242018,15.49490686198,15.4945754713407,15.8906441217793,11.638449897986
83.5,7.75,7.75,7.74746761417257,7.74730050161262,6.97438000352979,7.76848816190864,15.4949352283451,15.4946010032252,15.8911537537612,11.6387758674793
83.6,7.75,7.75,7.74748175527886,7.74731322691998,6.97433587590278,7.76845666971879,15.4949635105577,15.49462645384,15.8916628239004,11.6391013467276
83.7,7.75,7.75,7.74749585441009,7.74732591169629,6.97429179928646,7.76842522577837,15.4949917088202,15.4946518233926,15.8921713327974,11.6394263363427
83.8,7.75,7.75,7.74750991166723,7.74733855604518,6.9742477736013,7.76839383001537,15.4950198233345,15.4946771120904,15.8926792810522,11.6397508369357
83.9,7.75,7.75,7.74752391818665,7.74735115141913,6.974203809698,7.76836249269865,15.4950478363733,15.4947023028383,15.8931865487884,11.6400747440848
84,7.75,7.75,7.74753787821622,7.74736370192877,6.97415990247749,7.76833120900898,15.4950757564324,15.4947274038575,15.8936931917304,11.640398106531
84.1,7.75,7.75,7.74755179677247,7.7473762124225,6.97411604587533,7.76829997321179,15.4951035935449,15.494752424845,15.8941992764223,11.6407209823908
84.2,7.75,7.75,7.74756567395482,7.74738868300248,6.97407223981462,7.76826878523656,15.4951313479096,15.494777366005,15.8947048034602,11.641043372271
84.3,7.75,7.75,7.74757950986248,7.74740111377065,6.9740284842188,7.76823764501303,15.495159019725,15.4948022275413,15.8952097734398,11.641365276778
84.4,7.75,7.75,7.74759329575818,7.74741349630948,6.9739847898428,7.76820656272101,15.4951865915164,15.494826992619,15.8957140672503,11.6416865922685
84.5,7.75,7.75,7.7476070358285,7.74742583466684,6.97394115163756,7.76817553358548,15.495214071657,15.4948516693337,15.8962177402593,11.6420073671193
84.6,7.75,7.75,7.74762073501792,7.74743813361724,6.9738975635959,7.76814455192337,15.4952414700358,15.4948762672345,15.896720858585,11.6423276590131
84.7,7.75,7.75,7.74763439342414,7.74745039326118,6.97385402564366,7.76811361766576,15.4952687868483,15.4949007865224,15.8972234228193,11.6426474685519
84.8,7.75,7.75,7.74764801114467,7.74746261369897,6.97381053770701,7.76808273074399,15.4952960222893,15.4949252273979,15.8977254335538,11.6429667963371
84.9,7.75,7.75,7.74766157956646,7.74747478664099,6.97376711044833,7.76805190125074,15.4953231591329,15.494949573282,15.8982267724378,11.6432855394981
85,7.75,7.75,7.74767510281594,7.7474869160734,6.97372373886649,7.76802112445402,15.4953502056319,15.4949738321468,15.8987274944844,11.6436037460504
85.1,7.75,7.75,7.74768858576679,7.74749900669802,6.97368041700935,7.76799039472096,15.4953771715336,15.494998013396,15.8992276653893,11.6439214732462
85.2,7.75,7.75,7.74770202851509,7.74751105861376,6.97363714480525,7.76795971198417,15.4954040570302,15.4950221172275,15.8997272857402,11.6442387216829
85.3,7.75,7.75,7.74771543115669,7.74752307191931,6.97359392218286,7.7679290761764,15.4954308623134,15.4950461438386,15.9002263561245,11.6445554919571
85.4,7.75,7.75,7.74772878520073,7.74753503845096,6.9735507597149,7.76789849730498,15.4954575704015,15.4950700769019,15.9007247589462,11.6448716819646
85.5,7.75,7.75,7.74774209471454,7.74754696213418,6.97350765244633,7.76786797067985,15.4954841894291,15.4950939242684,15.9012225488668,11.6451873393626
85.6,7.75,7.75,7.74775536450226,7.74755884759927,6.97346459447805,7.76783749071723,15.4955107290045,15.4951176951985,15.9017197911623,11.6455025209765
85.7,7.75,7.75,7.74776859465838,7.74757069494356,6.97342158574068,7.76780705735106,15.4955371893168,15.4951413898871,15.9022164864162,11.6458172273989
85.8,7.75,7.75,7.74778178527717,7.74758250426422,6.97337862616512,7.76777667051546,15.4955635705543,15.4951650085284,15.9027126352116,11.6461314592217
85.9,7.75,7.75,7.74779492798796,7.74759426752143,6.97333572623716,7.767746340134,15.4955898559759,15.4951885350429,15.9032081207023,11.6464451151012
86,7.75,7.75,7.74780802680002,7.74760598858099,6.97329288104613,7.76771606155758,15.4956160536,15.495211977162,15.9037029972004,11.6467582423392
86.1,7.75,7.75,7.74782108644914,7.7476176720028,6.97325008474414,7.76768582925039,15.4956421728983,15.4952353440056,15.9041973295652,11.6470708973375
86.2,7.75,7.75,7.74783410702826,7.74762931788268,6.97320733726389,7.76765564314766,15.4956682140565,15.4952586357654,15.9046911183761,11.647383080684
86.3,7.75,7.75,7.74784708863013,7.74764092631627,6.97316463853832,7.76762550318473,15.4956941772603,15.4952818526325,15.9051843642122,11.6476947929661
86.4,7.75,7.75,7.74786002300235,7.74765248938578,6.97312199896873,7.76759541920293,15.4957200460047,15.4953049787716,15.9056769509714,11.6480059335947
86.5,7.75,7.75,7.74787291409714,7.74766401089823,6.97307941368726,7.76756538659319,15.4957458281943,15.4953280217965,15.9061689326192,11.6483165495189
86.6,7.75,7.75,7.74788576658304,7.74767549534428,6.97303687689561,7.76753539986675,15.4957715331661,15.4953509906886,15.9066603736009,11.6486266967203
86.7,7.75,7.75,7.74789858055153,7.74768694281826,6.97299438852835,7.76750545895997,15.4957971611031,15.4953738856365,15.9071512744921,11.6489363757823
86.8,7.75,7.75,7.74791135609387,7.74769835341432,6.9729519485203,7.76747556380936,15.4958227121877,15.4953967068286,15.9076416358677,11.6492455872877
86.9,7.75,7.75,7.74792408507408,7.74770971933482,6.97290956719048,7.76744572417537,15.4958481701482,15.4954194386696,15.9081313423649,11.6495542313961
87,7.75,7.75,7.74793677138828,7.74772104432895,6.97286723971246,7.76741593548817,15.4958735427766,15.4954420886579,15.9086204476045,11.6498623547069
87.1,7.75,7.75,7.74794941963887,7.74773233281919,6.97282496033599,7.76738619230509,15.4958988392777,15.4954646656384,15.9091090156213,11.6501700127847
87.2,7.75,7.75,7.74796202991588,7.74774358489842,6.97278272899738,7.76735649456357,15.4959240598318,15.4954871697968,15.9095970469867,11.6504772062082
87.3,7.75,7.75,7.74797460230916,7.74775480065934,6.97274054563317,7.76732684220119,15.4959492046183,15.4955096013187,15.9100845422716,11.6507839355561
87.4,7.75,7.75,7.74798712879736,7.74776597242261,6.97269842048211,7.76729724489885,15.4959742575947,15.4955319448452,15.9105713868472,11.6510901017308
87.5,7.75,7.75,7.74799961322137,7.74777710388052,6.97265634875796,7.76726769812516,15.4959992264427,15.495554207761,15.9110576339924,11.6513957509847
87.6,7.75,7.75,7.74801206011856,7.74778819938842,6.97261432475713,7.76723819648271,15.4960241202371,15.4955763987768,15.911543347334,11.6517009384684
87.7,7.75,7.75,7.74802446957754,7.74779925903776,6.97257234841751,7.76720873990995,15.4960489391551,15.4955985180755,15.9120285274394,11.6520056647566
87.8,7.75,7.75,7.74803684168679,7.74781028291985,6.97253041967722,7.76717932834547,15.4960736833736,15.4956205658397,15.9125131748756,11.6523099304232
87.9,7.75,7.75,7.74804916853783,7.74782126347185,6.97248854869665,7.7671499713918,15.4960983370757,15.4956425269437,15.9129971757426,11.6526136371082
88,7.75,7.75,7.74806145391724,7.74783220433,6.97244673072856,7.76712066455529,15.4961229078345,15.49566440866,15.9134805829799,11.6529168307195
88.1,7.75,7.75,7.74807370229834,7.74784310978358,6.97240496011474,7.76709140248302,15.4961474045967,15.4956862195672,15.913963459809,11.6532195659972
88.2,7.75,7.75,7.7480859137684,7.74785397992267,6.97236323679458,7.76706218511439,15.4961718275368,15.4957079598453,15.9144458067934,11.6535218435115
88.3,7.75,7.75,7.74809808841454,7.74786481483716,6.97232156070761,7.7670330123889,15.4961961768291,15.4957296296743,15.9149276244963,11.6538236638319
88.4,7.75,7.75,7.74811021843947,7.74787560707897,6.9722799419376,7.76700389383186,15.4962204368789,15.4957512141579,15.9154087997415,11.6541249293305
88.5,7.75,7.75,7.74812230757632,7.74788636022919,6.97223837577523,7.76697482498674,15.4962446151526,15.4957727204584,15.9158893851313,11.6544256855732
88.6,7.75,7.75,7.74813436023535,7.74789707851201,6.97219685660657,7.76694580054435,15.4962687204707,15.495794157024,15.9163694434849,11.6547259868927
88.7,7.75,7.75,7.74814637650253,7.74790776201616,6.97215538437232,7.76691682044497,15.4962927530051,15.4958155240323,15.9168489753619,11.655025833855
88.8,7.75,7.75,7.74815835646366,7.74791841083017,6.97211395901337,7.76688788462898,15.4963167129273,15.4958368216603,15.9173279813216,11.6553252270252
88.9,7.75,7.75,7.74817029243097,7.74792901761899,6.97207259053842,7.76685900254555,15.4963405848619,15.495858035238,15.9178063489067,11.6556240695016
89,7.75,7.75,7.74818218808498,7.74793958590938,6.9720312742751,7.76683016977459,15.49636437617,15.4958791718188,15.9182841303847,11.655922406511
89.1,7.75,7.75,7.74819404777386,7.74795011986146,6.97199000465271,7.76680138105002,15.4963880955477,15.4959002397229,15.9187613881752,11.6562202919819
89.2,7.75,7.75,7.74820587158231,7.74796061956262,6.97194878161318,7.76677263631293,15.4964117431646,15.4959212391252,15.919238122834,11.6565177264759
89.3,7.75,7.75,7.74821765959484,7.74797108510006,6.97190760509859,7.76674393550454,15.4964353191897,15.4959421702001,15.9197143349165,11.6568147105539
89.4,7.75,7.75,7.74822940423161,7.74798150925007,6.9718664850441,7.76671528799885,15.4964588084632,15.4959630185001,15.9201899126793,11.657111148035
89.5,7.75,7.75,7.74824110912131,7.74799189548591,6.9718254168134,7.7666866894117,15.4964822182426,15.4959837909718,15.9206649080575,11.6574070838094
89.6,7.75,7.75,7.74825277855099,7.7480022479046,6.971784394878,7.76665813451943,15.496505557102,15.4960044958092,15.9211393830738,11.6577025714044
89.7,7.75,7.75,7.74826441260408,7.7480125665922,6.97174341918098,7.76662962326392,15.4965288252082,15.4960251331844,15.9216133382804,11.6579976113773
89.8,7.75,7.75,7.74827601136385,7.74802285163464,6.97170248966557,7.76660115558716,15.4965520227277,15.4960457032693,15.9220867742287,11.6582922042849
89.9,7.75,7.75,7.74828756735681,7.74803309591785,6.97166161619469,7.76657274078896,15.4965751347136,15.4960661918357,15.9225595798843,11.6585862546616
90,7.75,7.75,7.74829908416062,7.74804330286244,6.97162079416727,7.76654437452052,15.4965981683212,15.4960866057249,15.9230318068523,11.6588798070637
90.1,7.75,7.75,7.7483105660021,7.74805347650324,6.97158001809619,7.76651605160005,15.4966211320042,15.4961069530065,15.9235035167612,11.6591729146203
90.2,7.75,7.75,7.74832201296344,7.74806361692505,6.97153928792555,7.76648777197015,15.4966440259269,15.4961272338501,15.9239747101594,11.6594655778843
90.3,7.75,7.75,7.74833342512673,7.74807372421251,6.97149860359964,7.76645953557354,15.4966668502535,15.496147448425,15.9244453875946,11.6597577974086
90.4,7.75,7.75,7.74834479512327,7.7480837913596,6.97145797491043,7.76643135163675,15.4966895902465,15.4961675827192,15.9249154387367,11.6600494784375
90.5,7.75,7.75,7.74835612648046,7.74809382173505,6.97141739729134,7.76640321584585,15.4967122529609,15.4961876434701,15.9253849148625,11.6603406651958
90.6,7.75,7.75,7.74836742336576,7.74810381931245,6.97137686529574,7.76637512306031,15.4967348467315,15.4962076386249,15.9258538772095,11.6606314104175
90.7,7.75,7.75,7.7483786858602,7.74811378417533,6.97133637886874,7.76634707322346,15.4967573717204,15.4962275683507,15.9263223263222,11.6609217146514
90.8,7.75,7.75,7.74838991404466,7.74812371640709,6.97129593795559,7.76631906627869,15.4967798280893,15.4962474328142,15.9267902627446,11.661211578446
90.9,7.75,7.75,7.74840110065376,7.74813360910817,6.97125555227846,7.76629111138011,15.4968022013075,15.4962672182163,15.9272575768459,11.6615009077506
91,7.75,7.75,7.74841224916537,7.74814346559616,6.97121521730459,7.76626320424819,15.4968244983307,15.4962869311923,15.9277243195774,11.6617897464611
91.1,7.75,7.75,7.74842336368848,7.74815328978436,6.97117492762708,7.76623533978315,15.496846727377,15.4963065795687,15.9281905517879,11.6620781469189
91.2,7.75,7.75,7.74843444430296,7.74816308175506,6.97113468319197,7.76620751792897,15.4968688886059,15.4963261635101,15.9286562740181,11.662366109669
91.3,7.75,7.75,7.74844549108854,7.74817284159041,6.97109448394539,7.76617973862974,15.4968909821771,15.4963456831808,15.9291214868082,11.6626536352558
91.4,7.75,7.75,7.74845649688165,7.74818256249574,6.97105433954084,7.76615201096791,15.4969129937633,15.4963651249915,15.9295860812222,11.662940630328
91.5,7.75,7.75,7.74846746511138,7.7481922477383,6.97101424547871,7.76612433069791,15.4969349302228,15.4963844954766,15.9300501078879,11.663227138455
91.6,7.75,7.75,7.7484783998291,7.74820190117195,6.97097419639113,7.76609669276024,15.4969567996582,15.4964038023439,15.930513627268,11.6635132115891
91.7,7.75,7.75,7.74848930111353,7.74821152287778,6.97093419222499,7.7660690970995,15.4969786022271,15.4964230457556,15.9309766398996,11.6637988502709
91.8,7.75,7.75,7.74850016904327,7.74822111293673,6.97089423292727,7.7660415436604,15.4970003380865,15.4964422258735,15.9314391463193,11.664084055041
91.9,7.75,7.75,7.74851099655515,7.74823066465747,6.97085432808382,7.76601404145457,15.4970219931103,15.4964613293149,15.9319010382808,11.6643687332423
92,7.75,7.75,7.74852178703018,7.74824018125764,6.97081447322755,7.76598658626996,15.4970435740604,15.4964803625153,15.9323623660908,11.6646529281203
92.1,7.75,7.75,7.7485325444629,7.74824966653257,6.970774663029,7.76595917308685,15.4970650889258,15.4964993330651,15.9328231898286,11.6649366912406
92.2,7.75,7.75,7.74854326893096,7.74825912056214,6.97073489743584,7.76593180185045,15.4970865378619,15.4965182411243,15.9332835100277,11.6652200231401
92.3,7.75,7.75,7.74855396051182,7.7482685434261,6.97069517639584,7.76590447250606,15.4971079210236,15.4965370868522,15.9337433272211,11.6655029243552
92.4,7.75,7.75,7.74856461224131,7.74827792853496,6.97065550942814,7.76587719399523,15.4971292244826,15.4965558570699,15.9342025338475,11.6657853029181
92.5,7.75,7.75,7.74857522745304,7.7482872790575,6.97061589209767,7.76584996213907,15.4971504549061,15.496574558115,15.9346611798946,11.6660672017525
92.6,7.75,7.75,7.74858581008557,7.74829659873135,6.97057631911273,7.76582277195714,15.4971716201711,15.4965931974627,15.9351193250611,11.6663486720406
92.7,7.75,7.75,7.74859636021543,7.74830588763522,6.97053679042172,7.76579562339524,15.4971927204309,15.4966117752704,15.9355769698768,11.6666297143154
92.8,7.75,7.75,7.74860687791903,7.74831514584771,6.97049730597316,7.76576851639927,15.4972137558381,15.4966302916954,15.936034114871,11.6669103291091
92.9,7.75,7.75,7.74861735632979,7.74832436687964,6.9704578752204,7.76574145984139,15.4972347126596,15.4966487337593,15.9364906531631,11.6671904251381
93,7.75,7.75,7.74862779873459,7.74833355385166,6.97041849375984,7.76571444957547,15.4972555974692,15.4966671077033,15.9369466344238,11.6674700450069
93.1,7.75,7.75,7.74863820901681,7.74834271044455,6.97037915633697,7.76568748065997,15.4972764180336,15.4966854208891,15.9374021179738,11.6677492395169
93.2,7.75,7.75,7.74864858725191,7.7483518367359,6.9703398629009,7.76566055304123,15.4972971745038,15.4967036734718,15.9378571043391,11.6680280091973
93.3,7.75,7.75,7.74865893351523,7.74836093280312,6.97030061340083,7.7656336666657,15.4973178670305,15.4967218656062,15.9383115940456,11.6683063545762
93.4,7.75,7.75,7.74866924103643,7.74836999225594,6.97026141722518,7.7656068303369,15.4973384820729,15.4967399845119,15.9387654808885,11.6685841850492
93.5,7.75,7.75,7.74867951305635,7.74837901816754,6.97022227000134,7.76558003994106,15.4973590261127,15.4967580363351,15.9392188142238,11.6688615429038
93.6,7.75,7.75,7.74868975340394,7.74838801416272,6.97018316651145,7.76555329057511,15.4973795068079,15.4967760283254,15.9396716529967,11.6691384785637
93.7,7.75,7.75,7.74869996215362,7.74839698031793,6.9701441067053,7.76552658218595,15.4973999243072,15.4967939606359,15.9401239977298,11.669414992554
93.8,7.75,7.75,7.74871013937966,7.74840591670946,6.97010509053273,7.76549991472055,15.4974202787593,15.4968118334189,15.940575848945,11.6696910853991
93.9,7.75,7.75,7.74872027840667,7.74841481704444,6.97006612731802,7.76547329691443,15.4974405568133,15.4968296340889,15.9410271011092,11.6699666671684
94,7.75,7.75,7.74873038243007,7.74842368434935,6.9700272127191,7.76544672468586,15.4974607648601,15.4968473686987,15.9414778032657,11.670241779835
94.1,7.75,7.75,7.74874045522514,7.74843252219378,6.96998834155428,7.76542019316984,15.4974809104503,15.4968650443876,15.9419280139867,11.6705164734475
94.2,7.75,7.75,7.74875049686528,7.74844133065307,6.96994951377395,7.76539370231379,15.4975009937306,15.4968826613061,15.9423777337912,11.6707907485272
94.3,7.75,7.75,7.74876050742375,7.7484501098024,6.96991072932859,7.7653672520652,15.4975210148475,15.4969002196048,15.9428269631978,11.6710646055946
94.4,7.75,7.75,7.74877048031874,7.74845885344492,6.96987199747908,7.76534085109224,15.4975409606375,15.4969177068898,15.9432755973399,11.6713379553881
94.5,7.75,7.75,7.74878041870092,7.74846756456104,6.96983331391349,7.76531449534488,15.4975608374018,15.4969351291221,15.9437236849505,11.6716108395687
94.6,7.75,7.75,7.74879032629266,7.74847624666598,6.9697946734858,7.76528817999581,15.4975806525853,15.496952493332,15.9441712842313,11.6718833078127
94.7,7.75,7.75,7.74880020316633,7.74848489983399,6.96975607614698,7.76526190499295,15.4976004063327,15.496969799668,15.9446183956979,11.6721553606374
94.8,7.75,7.75,7.74881004939419,7.74849352413915,6.96971752184812,7.76523567028429,15.4976200987884,15.4969870482783,15.9450650198652,11.6724269985597
94.9,7.75,7.75,7.74881985848677,7.74850211347923,6.96967901978742,7.76520948447128,15.4976397169735,15.4970042269585,15.9455110525289,11.672698132982
95,7.75,7.75,7.74882963355057,7.74851067078925,6.9696405656827,7.76518334353527,15.4976592671011,15.4970213415785,15.9459565421138,11.6729688052555
95.1,7.75,7.75,7.7488393782558,7.74851919953085,6.96960215442314,7.76515724268627,15.4976787565116,15.4970383990617,15.9464015464537,11.6732390646869
95.2,7.75,7.75,7.74884909267383,7.74852769977721,6.96956378596029,7.76513118187268,15.4976981853477,15.4970553995544,15.9468460660604,11.6735089117897
95.3,7.75,7.75,7.74885877687593,7.74853617160132,6.96952546024578,7.76510516104297,15.4977175537519,15.4970723432026,15.9472901014456,11.6737783470769
95.4,7.75,7.75,7.7488684244637,7.74854460899419,6.96948718641586,7.76507918873249,15.4977368489274,15.4970892179884,15.9477335490627,11.6740472826104
95.5,7.75,7.75,7.7488780385001,7.74855301484612,6.96944896021769,7.76505326095368,15.4977560770002,15.4971060296922,15.9481764570303,11.6743157594335
95.6,7.75,7.75,7.74888762260386,7.74856139256597,6.96941077657525,7.76502737295347,15.4977752452077,15.4971227851319,15.9486188828166,11.6745838264864
95.7,7.75,7.75,7.74889717684541,7.74856974222583,6.96937263544064,7.76500152468075,15.4977943536908,15.4971394844517,15.9490608269302,11.6748514842786
95.8,7.75,7.75,7.74890670129501,7.74857806389764,6.969334536766,7.76497571608447,15.49781340259,15.4971561277953,15.9495022898791,11.6751187333195
95.9,7.75,7.75,7.74891618964411,7.74858635166431,6.96929648962629,7.76494995563445,15.4978323792882,15.4971727033286,15.9499431687701,11.6753854863252
96,7.75,7.75,7.74892564491273,7.74859460837205,6.96925848979764,7.76492423937391,15.4978512898255,15.4971892167441,15.9503835114178,11.6756517840338
96.1,7.75,7.75,7.74893507066886,7.7486028373777,6.96922053223844,7.76489856258639,15.4978701413377,15.4972056747554,15.9508233749272,11.6759176750214
96.2,7.75,7.75,7.74894446698193,7.74861103875229,6.96918261690131,7.76487292522124,15.4978889339639,15.4972220775046,15.9512627598036,11.6761831597937
96.3,7.75,7.75,7.74895383392128,7.74861921256674,6.96914474373888,7.76484732722785,15.4979076678426,15.4972384251335,15.9517016665516,11.6764482388564
96.4,7.75,7.75,7.74896316526694,7.7486273529945,6.96910692176545,7.76482177701114,15.4979263305339,15.497254705989,15.9521399929268,11.6767128255753
96.5,7.75,7.75,7.7489724639966,7.74863546283834,6.96906914678579,7.76479627064479,15.4979449279932,15.4972709256767,15.9525777864418,11.6769769603853
96.6,7.75,7.75,7.74898173362818,7.74864354540385,6.96903141379233,7.76477080344861,15.4979634672564,15.4972870908077,15.953015103841,11.677240691501
96.7,7.75,7.75,7.74899097423018,7.74865160076102,6.96899372273813,7.7647453753724,15.4979819484604,15.497303201522,15.9534519456263,11.6775040194246
96.8,7.75,7.75,7.74900018587099,7.74865962897973,6.96895607357635,7.76471998636601,15.498000371742,15.4973192579595,15.953888312299,11.6777669446579
96.9,7.75,7.75,7.74900936241804,7.74866762432268,6.9689184752612,7.76469464476997,15.4980187248361,15.4973352486454,15.9543241022592,11.6780293812116
97,7.75,7.75,7.74901850680726,7.74867558954985,6.96888092362578,7.76466934668817,15.4980370136145,15.4973511790997,15.9547593627193,11.6782913692198
97.1,7.75,7.75,7.74902762250719,7.74868352791628,6.96884341369617,7.76464408747637,15.4980552450144,15.4973670558326,15.9551941500659,11.6785529565383
97.2,7.75,7.75,7.7490367095854,7.74869143949097,6.9688059454259,7.76461886708479,15.4980734191708,15.4973828789819,15.9556284647974,11.6788141436656
97.3,7.75,7.75,7.74904576810935,7.74869932434278,6.9687685187686,7.76459368546373,15.4980915362187,15.4973986486856,15.9560623074115,11.6790749310999
97.4,7.75,7.75,7.74905479203271,7.74870717682234,6.96873114261899,7.76456855088991,15.4981095840654,15.4974143536447,15.9564955769488,11.6793352334918
97.5,7.75,7.75,7.7490637842502,7.74871499964748,6.96869381283819,7.76454345949714,15.4981275685004,15.497429999295,15.9569283203235,11.6795950906771
97.6,7.75,7.75,7.74907274818164,7.74872279602344,6.96865652448557,7.76451840667679,15.4981454963633,15.4974455920469,15.9573605935667,11.6798545501551
97.7,7.75,7.75,7.7490816838937,7.7487305660182,6.96861927751514,7.76449339237953,15.4981633677874,15.4974611320364,15.9577923971732,11.680113612421
97.8,7.75,7.75,7.74909059145294,7.74873830969963,6.96858207188094,7.76446841655607,15.4981811829059,15.4974766193993,15.9582237316376,11.6803722779691
97.9,7.75,7.75,7.74909946489808,7.74874602150506,6.96854491641879,7.76444348741986,15.4981989297962,15.4974920430101,15.9586544966362,11.6806304620856
98,7.75,7.75,7.74910830708319,7.74875370411072,6.96850780701753,7.76441860113437,15.4982166141664,15.4975074082214,15.9590847387873,11.6808882043096
98.1,7.75,7.75,7.74911712138007,7.74876136067279,6.9684707387695,7.76439375312629,15.4982342427601,15.4975227213456,15.9595145137687,11.6811455517872
98.2,7.75,7.75,7.74912590785447,7.74876899125828,6.96843371162913,7.76436894334669,15.4982518157089,15.4975379825166,15.9599438220719,11.6814025050097
98.3,7.75,7.75,7.74913466657206,7.74877659593406,6.96839672555091,7.7643441717467,15.4982693331441,15.4975531918681,15.9603726641881,11.6816590644679
98.4,7.75,7.75,7.74914339165546,7.74878416922288,6.96835978931225,7.76431944647706,15.4982867833109,15.4975683384458,15.9608009404252,11.6819151460788
98.5,7.75,7.75,7.74915208591868,7.74879171376003,6.96832289882947,7.76429476373061,15.4983041718374,15.4975834275201,15.9612286971077,11.6821707890872
98.6,7.75,7.75,7.7491607526861,7.7487992326533,6.96828604922752,7.76427011896904,15.4983215053722,15.4975984653066,15.9616559895622,11.6824260402883
98.7,7.75,7.75,7.74916939202261,7.74880672596873,6.96824924046127,7.76424551214384,15.4983387840452,15.4976134519375,15.9620828182771,11.6826809001698
98.8,7.75,7.75,7.74917800399297,7.74881419377225,6.96821247248562,7.76422094320656,15.4983560079859,15.4976283875445,15.9625091837403,11.6829353692188
98.9,7.75,7.75,7.74918658280261,7.74882163067077,6.96817575402012,7.7641964202457,15.4983731656052,15.4976432613415,15.9629349868869,11.6831893639787
99,7.75,7.75,7.74919513122597,7.74882903925921,6.96813908100826,7.76417193948326,15.4983902624519,15.4976580785184,15.9633602737495,11.683442923402
99.1,7.75,7.75,7.74920365254069,7.74883642259772,6.96810244860734,7.76414749641564,15.4984073050814,15.4976728451954,15.9637850993062,11.6836960939355
99.2,7.75,7.75,7.74921214681079,7.74884378075137,6.96806585677262,7.76412309099471,15.4984242936216,15.4976875615027,15.964209464042,11.6839488760634
99.3,7.75,7.75,7.74922061410014,7.74885111378513,6.9680293054594,7.76409872317243,15.4984412282003,15.4977022275703,15.9646333684416,11.6842012702694
99.4,7.75,7.75,7.74922904869587,7.74885841638888,6.9679928033299,7.7640744009756,15.4984580973917,15.4977168327778,15.9650567140633,11.6844531937182
99.5,7.75,7.75,7.7492374533334,7.74886569111778,6.9679563463545,7.76405012065512,15.4984749066668,15.4977313822356,15.9654795466495,11.6847046850725
99.6,7.75,7.75,7.74924583124425,7.74887294098497,6.96791992972255,7.76402587774178,15.4984916624885,15.4977458819699,15.9659019208322,11.6849557904334
99.7,7.75,7.75,7.74925418249156,7.7488801660546,6.96788355338969,7.76400167218788,15.4985083649831,15.4977603321092,15.9663238370932,11.6852065102813
99.8,7.75,7.75,7.74926250713836,7.7488873663907,6.96784721731164,7.76397750394575,15.4985250142767,15.4977747327814,15.9667452959139,11.6854568450965
99.9,7.75,7.75,7.74927079955236,7.74889453676491,6.96781093009372,7.76395338098099,15.4985415991047,15.4977890735298,15.9671661994714,11.6857067126608
100,7.75,7.75,7.74927906243048,7.74890167969318,6.96777468773301,7.76392929957315,15.498558124861,15.4978033593864,15.9675865932203,11.6859561513489
100.1,7.75,7.75,7.74928729895875,7.74890879814237,6.96773848545058,7.76390525528716,15.4985745979175,15.4978175962847,15.9680065314485,11.6862052069187
100.2,7.75,7.75,7.74929550919946,7.74891589217569,6.96770232320246,7.76388124807568,15.4985910183989,15.4978317843514,15.9684260146347,11.6864538798472
100.3,7.75,7.75,7.74930369321481,7.74892296185625,6.96766620094475,7.76385727789145,15.4986073864296,15.4978459237125,15.968845043257,11.686702170611
100.4,7.75,7.75,7.74931184545197,7.74893000203628,6.9676301272264,7.76383335263936,15.4986236909039,15.4978600040726,15.9692635201073,11.6869499976044
100.5,7.75,7.75,7.74931996856993,7.74893701519307,6.96759409807091,7.76380946862739,15.4986399371399,15.4978740303861,15.969681490354,11.6871973989167
100.6,7.75,7.75,7.74932806570981,7.74894400424787,6.9675581087308,7.76378562145426,15.4986561314196,15.4978880084957,15.9700990079436,11.6874444199647
100.7,7.75,7.75,7.74933613693307,7.74895096926298,6.96752215916249,7.76376181107306,15.4986722738661,15.497901938526,15.9705160733515,11.6876910612221
100.8,7.75,7.75,7.74934418230107,7.74895791030059,6.96748624932243,7.7637380374369,15.4986883646021,15.4979158206012,15.9709326870526,11.6879373231619
100.9,7.75,7.75,7.74935219633942,7.74896482229235,6.96745038770367,7.76371430839046,15.4987043926788,15.4979296445847,15.9713487524495,11.6881831247866
101,7.75,7.75,7.74936018166967,7.74897170767747,6.9674145703559,7.76369062026987,15.4987203633393,15.4979434153549,15.9717643144263,11.6884285039017
101.1,7.75,7.75,7.74936814138862,7.74897856933224,6.96737879256283,7.76366696870744,15.4987362827772,15.4979571386645,15.9721794265903,11.6886735055858
101.2,7.75,7.75,7.74937607555692,7.74898540731805,6.96734305428124,7.76364335365662,15.4987521511138,15.4979708146361,15.9725940894137,11.688918130309
101.3,7.75,7.75,7.74938398423512,7.74899222169619,6.96730735546794,7.76361977507091,15.4987679684702,15.4979844433924,15.9730083033681,11.6891623785411
101.4,7.75,7.75,7.7493918620262,7.7489990074766,6.96727170456053,7.76359624073525,15.4987837240524,15.4979980149532,15.9734219724629,11.6894061698881
101.5,7.75,7.75,7.74939971151476,7.74900576706094,6.96723609763466,7.76357274701371,15.4987994230295,15.4980115341219,15.9738351412998,11.6896495418739
101.6,7.75,7.75,7.74940753575392,7.74901250328119,6.96720053000496,7.7635492895719,15.4988150715078,15.4980250065624,15.9742478631491,11.6898925392414
101.7,7.75,7.75,7.7494153348035,7.74901921619785,6.96716500162856,7.76352586836364,15.498830669607,15.4980384323957,15.9746601384798,11.6901351624571
101.8,7.75,7.75,7.74942310872323,7.74902590587134,6.96712951246264,7.76350248334278,15.4988462174465,15.4980518117427,15.9750719677605,11.6903774119875
101.9,7.75,7.75,7.74943085219247,7.74903256738871,6.96709407088977,7.76347914223503,15.4988617043849,15.4980651347774,15.9754832556029,11.6906192080377
102,7.75,7.75,7.74943856775935,7.74903920311466,6.96705867301136,7.76345584143217,15.4988771355187,15.4980784062293,15.9758940463283,11.6908605878523
102.1,7.75,7.75,7.74944625843386,7.74904581583748,6.9670233141727,7.76343257663282,15.4988925168677,15.498091631675,15.9763043928724,11.6911015958406
102.2,7.75,7.75,7.74945392427505,7.74905240561681,6.96698799433126,7.76340934779117,15.4989078485501,15.4981048112336,15.976714295701,11.6913422324659
102.3,7.75,7.75,7.74946156534184,7.74905897251217,6.96695271344455,7.76338615486145,15.4989231306837,15.4981179450243,15.9771237552796,11.6915824981912
102.4,7.75,7.75,7.74946917638893,7.74906551168666,6.9669174798406,7.76336300551056,15.4989383527779,15.4981310233733,15.9775326768183,11.6918223138165
102.5,7.75,7.75,7.74947675992845,7.74907202546852,6.96688228964633,7.76333989615779,15.4989535198569,15.498144050937,15.9779411043599,11.6920617163088
102.6,7.75,7.75,7.7494843189279,7.749078516603,6.96684713823745,7.7633168225345,15.4989686378558,15.498157033206,15.9783490905077,11.6923007497466
102.7,7.75,7.75,7.7494918534455,7.74908498514886,6.96681202557175,7.76329378459526,15.498983706891,15.4981699702977,15.9787566357243,11.6925394145897
102.8,7.75,7.75,7.74949936353941,7.74909143116478,6.9667769516071,7.76327078229464,15.4989987270788,15.4981828623296,15.9791637404721,11.6927777112977
102.9,7.75,7.75,7.74950684403863,7.74909784988878,6.96674192461738,7.76324782324124,15.4990136880773,15.4981956997776,15.9795703105557,11.6930155612614
103,7.75,7.75,7.74951429741984,7.74910424361316,6.96670694075482,7.76322490388159,15.4990285948397,15.4982084872263,15.9799763897412,11.6932530011722
103.1,7.75,7.75,7.74952172660854,7.74911061504076,6.96667199542529,7.76320201997957,15.4990434532171,15.4982212300815,15.9803820303017,11.69349007478
103.2,7.75,7.75,7.74952913166219,7.7491169642295,6.96663708858693,7.76317917149009,15.4990582633244,15.498233928459,15.9807872326966,11.6937267825413
103.3,7.75,7.75,7.74953651263816,7.7491232912372,6.96660222019794,7.7631563583681,15.4990730252763,15.4982465824744,15.9811919973853,11.6939631249124
103.4,7.75,7.75,7.7495438644388,7.74912959137571,6.96656739847845,7.76313358816431,15.4990877288776,15.4982591827514,15.9815962307629,11.6941990238703
103.5,7.75,7.75,7.74955118950576,7.74913586690194,6.96653261960583,7.76311085735232,15.4991023790115,15.4982717338039,15.9819999763206,11.6944345158329
103.6,7.75,7.75,7.74955849072314,7.74914212047693,6.96649787901587,7.76308816172823,15.4991169814463,15.4982842409539,15.9824032860035,11.6946696442239
103.7,7.75,7.75,7.74956576814765,7.74914835215774,6.96646317666702,7.76306550124731,15.4991315362953,15.4982967043155,15.982806160268,11.6949044094968
103.8,7.75,7.75,7.74957302183587,7.74915456200136,6.9664285125178,7.76304287586487,15.4991460436717,15.4983091240027,15.9832085995704,11.6951388121042
103.9,7.75,7.75,7.74958024676252,7.74916074539243,6.96639389473507,7.76302029307419,15.499160493525,15.4983214907849,15.9836105108922,11.6953727746052
104,7.75,7.75,7.7495874453347,7.74916690455295,6.96635931952108,7.76299774937571,15.4991748906694,15.4983338091059,15.9840119374518,11.6956063331463
104.1,7.75,7.75,7.74959462039565,7.74917304210274,6.9663247823413,7.76297524059753,15.4991892407913,15.4983460842055,15.9844129308684,11.6958395308276
104.2,7.75,7.75,7.74960177200133,7.74917915809807,6.96629028315452,7.76295276669525,15.4992035440027,15.4983583161961,15.9848134915954,11.6960723680989
104.3,7.75,7.75,7.74960890020757,7.74918525259509,6.96625582191957,7.76293032762454,15.4992178004151,15.4983705051902,15.985213620086,11.6963048454098
104.4,7.75,7.75,7.74961600006048,7.74919132105016,6.9662214067504,7.76290793082171,15.499232000121,15.4983826421003,15.9856132239043,11.696536885897
104.5,7.75,7.75,7.74962307393307,7.74919736565089,6.96618703387398,7.76288557281382,15.4992461478661,15.4983947313018,15.9860123459976,11.6967685254377
104.6,7.75,7.75,7.74963012462827,7.74920338897649,6.96615269878524,7.7628632494607,15.4992602492565,15.498406777953,15.9864110376615,11.6969998068103
104.7,7.75,7.75,7.7496371522013,7.74920939108241,6.96611840144328,7.76284096071831,15.4992743044026,15.4984187821648,15.9868092993463,11.6972307304615
104.8,7.75,7.75,7.74964415670724,7.749215372024,6.96608414180724,7.76281870654264,15.4992883134145,15.498430744048,15.9872071315021,11.6974612968378
104.9,7.75,7.75,7.74965113326264,7.74922132732829,6.96604992793858,7.76279649431349,15.4993022665253,15.4984426546566,15.9876044422718,11.6976914296492
105,7.75,7.75,7.74965808420689,7.74922725914901,6.96601575608877,7.76277432058434,15.4993161684138,15.498454518298,15.9880012743334,11.6979211645053
105.1,7.75,7.75,7.74966501230315,7.74923317002535,6.96598162178199,7.76275218124649,15.4993300246063,15.4984663400507,15.988397678661,11.6981505438656
105.2,7.75,7.75,7.74967191760588,7.74923906001195,6.96594752497762,7.76273007625625,15.4993438352118,15.4984781200239,15.9887936557018,11.6983795681737
105.3,7.75,7.75,7.74967880016945,7.74924492916336,6.96591346563513,7.76270800556996,15.4993576003389,15.4984898583267,15.9891892059031,11.6986082378725
105.4,7.75,7.75,7.7496856551799,7.74925077307627,6.96587945176387,7.76268597651131,15.4993713103598,15.4985015461525,15.9895842379825,11.6988364772416
105.5,7.75,7.75,7.74969248494343,7.749256593871,6.96584547963964,7.76266398565999,15.4993849698869,15.498513187742,15.9899787943505,11.699064321625
105.6,7.75,7.75,7.74969929218398,7.7492623940473,6.9658115448156,7.76264202893856,15.499398584368,15.4985247880946,15.9903729256618,11.6992918131655
105.7,7.75,7.75,7.74970607695527,7.74926817365904,6.96577764725148,7.76262010630366,15.4994121539105,15.4985363473181,15.9907666323608,11.6995189523032
105.8,7.75,7.75,7.74971283931095,7.74927393275996,6.96574378690701,7.76259821771194,15.4994256786219,15.4985478655199,15.9911599148916,11.6997457394781
105.9,7.75,7.75,7.74971957450564,7.7492796670154,6.96570997173984,7.76257637043147,15.4994391490113,15.4985593340308,15.991552682543,11.6999720995349
106,7.75,7.75,7.7497262848128,7.74928537851276,6.96567619804991,7.76255456106793,15.4994525696256,15.4985707570255,15.9919449774597,11.7001980675539
106.1,7.75,7.75,7.74973297291764,7.74929106971294,6.96564246141917,7.76253278557487,15.4994659458353,15.4985821394259,15.9923368499791,11.7004236853636
106.2,7.75,7.75,7.74973963887317,7.749296740669,6.96560876180763,7.76251104390926,15.4994792777463,15.498593481338,15.9927283005428,11.7006489534008
106.3,7.75,7.75,7.74974628273233,7.74930239143393,6.96557509917534,7.76248933602811,15.4994925654647,15.4986047828679,15.9931193295918,11.7008738721023
106.4,7.75,7.75,7.7497528998174,7.74930801774071,6.96554148142861,7.76246766914424,15.4995057996348,15.4986160354814,15.9935098469822,11.7010983668739
106.5,7.75,7.75,7.74975949236952,7.7493136216443,6.96550790489132,7.76244603988913,15.499518984739,15.4986272432886,15.9938998945946,11.7013224725344
106.6,7.75,7.75,7.74976606303573,7.74931920556728,6.96547436517401,7.7624244442471,15.4995321260715,15.4986384111346,15.9942895224515,11.7015462305998
106.7,7.75,7.75,7.74977261186831,7.74932476956197,6.96544086223697,7.76240288217544,15.4995452237366,15.4986495391239,15.9946787309915,11.701769641504
106.8,7.75,7.75,7.74977913891951,7.74933031368056,6.96540739604056,7.7623813536315,15.499558277839,15.4986606273611,15.9950675206527,11.7019927056804
106.9,7.75,7.75,7.74978563957835,7.74933583372272,6.96537397444011,7.76235986577327,15.4995712791567,15.4986716674454,15.9954558018545,11.7022153490921
107,7.75,7.75,7.74979211605412,7.74934133171145,6.96534059378331,7.76233841525787,15.4995842321082,15.4986826634229,15.9958436162153,11.7024376062977
107.1,7.75,7.75,7.74979857095614,7.74934681003156,6.96530724970902,7.76231699810011,15.4995971419123,15.4986936200631,15.9962310134448,11.7026595185037
107.2,7.75,7.75,7.74980500433603,7.74935226873461,6.96527394217784,7.76229561425762,15.4996100086721,15.4987045374692,15.9966179939785,11.7028810861407
107.3,7.75,7.75,7.7498114162453,7.74935770787205,6.96524067115042,7.76227426368808,15.4996228324906,15.4987154157441,15.9970045582517,11.703102309639
107.4,7.75,7.75,7.74981780213887,7.74936312330924,6.96520744443149,7.76225295349509,15.4996356042777,15.4987262466185,15.9973906172433,11.7033231155145
107.5,7.75,7.75,7.74982416419459,7.74936851703767,6.96517425839235,7.76223168036116,15.4996483283892,15.4987370340753,15.9977762123115,11.7035435380681
107.6,7.75,7.75,7.74983050498456,7.74937389140497,6.96514110870001,7.76221044033141,15.4996610099691,15.4987477828099,15.9981613928549,11.7037636181986
107.7,7.75,7.75,7.74983682455973,7.74937924646192,6.96510799531536,7.76218923336378,15.4996736491195,15.4987584929238,15.9985461593062,11.7039833563334
107.8,7.75,7.75,7.74984312297093,7.74938458225924,6.96507491819931,7.76216805941628,15.4996862459419,15.4987691645185,15.9989305120978,11.7042027528997
107.9,7.75,7.75,7.74984939573807,7.74938989472705,6.96504188510641,7.76214692553853,15.4996987914761,15.4987797894541,15.9993143627645,11.7044217349625
108,7.75,7.75,7.74985564500794,7.74939518582577,6.96500889243135,7.76212582843826,15.4997112900159,15.4987903716515,15.9996977524058,11.7046403365665
108.1,7.75,7.75,7.74986187331599,7.74940045786637,6.9649759358691,7.76210476419063,15.499723746632,15.4988009157327,16.0000807301115,11.7048585983051
108.2,7.75,7.75,7.74986808071246,7.7494057108989,6.96494301538081,7.76208373275392,15.4997361614249,15.4988114217978,16.0004632963114,11.7050765206026
108.3,7.75,7.75,7.74987426724752,7.74941094497335,6.96491013092771,7.76206273408644,15.499748534495,15.4988218899467,16.0008454514351,11.7052941038833
108.4,7.75,7.75,7.74988042850519,7.74941615608363,6.96487729021447,7.76204177518426,15.4997608570104,15.4988323121673,16.0012271075695,11.7055112757569
108.5,7.75,7.75,7.74988656660166,7.74942134615959,6.96484448965903,7.76202085278013,15.4997731332033,15.4988426923192,16.0016083055572,11.705728070014
108.6,7.75,7.75,7.74989268403617,7.74942651747604,6.96481172498409,7.76199996297903,15.4997853680723,15.4988530349521,16.0019890941813,11.7059445269449
108.7,7.75,7.75,7.74989878085829,7.74943167008231,6.96477899615111,7.76197910573955,15.4997975617166,15.4988633401646,16.0023694738687,11.7061606469708
108.8,7.75,7.75,7.74990485711751,7.74943680402766,6.96474630312157,7.76195828102033,15.499809714235,15.4988736080553,16.002749445046,11.7063764305128
108.9,7.75,7.75,7.74991090846114,7.7494419153689,6.96471365355064,7.76193749576429,15.4998218169223,15.4988838307378,16.0031289203489,11.7065918057218
109,7.75,7.75,7.74991693697515,7.74944700600571,6.96468104387937,7.76191674672898,15.4998338739503,15.4988940120114,16.0035079403645,11.7068068061359
109.1,7.75,7.75,7.74992294512306,7.74945207817729,6.96464846985798,7.761896030049,15.4998458902461,15.4989041563546,16.0038865535713,11.7070214717446
109.2,7.75,7.75,7.74992893295378,7.74945713193227,6.96461593144819,7.76187534568325,15.4998578659076,15.4989142638645,16.0042647603934,11.7072358029659
109.3,7.75,7.75,7.74993490051615,7.74946216731917,6.96458342861178,7.76185469359067,15.4998698010323,15.4989243346383,16.0046425612545,11.7074498002179
109.4,7.75,7.75,7.74994084351989,7.7494671804568,6.96455096895477,7.76183408066144,15.4998816870398,15.4989343609136,16.0050198693352,11.7076633921885
109.5,7.75,7.75,7.74994676402117,7.74947217321509,6.96451854894111,7.76181350367776,15.4998935280423,15.4989443464302,16.0053967249691,11.7078766121654
109.6,7.75,7.75,7.74995266444827,7.74947714779817,6.96448616434836,7.76179295880359,15.4999053288965,15.4989542955963,16.0057731763319,11.7080894998392
109.7,7.75,7.75,7.74995854484945,7.74948210425395,6.96445381513852,7.76177244599813,15.4999170896989,15.4989642085079,16.0061492238451,11.7083020556251
109.8,7.75,7.75,7.74996440527288,7.74948704263026,6.96442150127365,7.76175196522064,15.4999288105458,15.4989740852605,16.0065248679294,11.7085142799379
109.9,7.75,7.75,7.74997024148989,7.74949195910697,6.96438923031096,7.76173152330896,15.4999404829798,15.4989839182139,16.0069000223067,11.7087261019988
110,7.75,7.75,7.74997605552725,7.74949685552472,6.96435699873716,7.76171111706973,15.4999521110545,15.4989937110494,16.0072747270587,11.7089375548469
110.1,7.75,7.75,7.74998184977844,7.74950173405306,6.96432480235695,7.76169074269605,15.4999636995569,15.4990034681061,16.0076490300606,11.709148677876
110.2,7.75,7.75,7.74998762429109,7.7495065947392,6.9642926411326,7.76167040014744,15.4999752485822,15.4990131894784,16.0080229317308,11.7093594714984
110.3,7.75,7.75,7.74999337911274,7.74951143763028,6.96426051502642,7.76165008938346,15.4999867582255,15.4990228752606,16.0083964324876,11.709569936126
110.4,7.75,7.75,7.74999911007547,7.74951625896635,6.96422843154719,7.76162981719001,15.4999982201509,15.4990325179327,16.0087694465902,11.709780001509
110.5,7.75,7.75,7.75000481917704,7.74952106055919,6.96419638720422,7.76160958039797,15.5000096383541,15.4990421211184,16.0091420138703,11.7099897004399
110.6,7.75,7.75,7.75001050877663,7.74952584454427,6.96416437782912,7.76158937522939,15.5000210175533,15.4990516890885,16.0095141819044,11.710199072018
110.7,7.75,7.75,7.75001617892122,7.74953061096811,6.96413240338445,7.76156920164407,15.5000323578424,15.4990612219362,16.0098859511082,11.7104081166525
110.8,7.75,7.75,7.75002182965772,7.74953535987716,6.96410046383278,7.76154905960191,15.5000436593154,15.4990707197543,16.0102573218971,11.7106168347523
110.9,7.75,7.75,7.75002745687817,7.74954008757079,6.9640685666348,7.76152895583721,15.5000549137563,15.4990801751416,16.0106282090644,11.7108251565932
111,7.75,7.75,7.75003306255172,7.74954479583233,6.96403670832222,7.76150888720497,15.5000661251034,15.4990895916647,16.0109986521934,11.7110331147226
111.1,7.75,7.75,7.75003864900367,7.74954948676365,6.96400488475342,7.7614888499559,15.5000772980073,15.4990989735273,16.0113686985639,11.7112407479473
111.2,7.75,7.75,7.75004421628038,7.74955416041061,6.96397309589121,7.76146884405015,15.5000884325608,15.4991083208212,16.0117383485887,11.7114480566738
111.3,7.75,7.75,7.75004976442814,7.74955881681898,6.96394134169843,7.76144886944789,15.5000995288563,15.499117633638,16.0121076026806,11.7116550413078
111.4,7.75,7.75,7.75005528939815,7.74956345234657,6.96390962958801,7.76142893283227,15.5001105787963,15.4991269046931,16.0124763761633,11.711861632647
111.5,7.75,7.75,7.75006079313131,7.74956806874869,6.96387795611393,7.76140903108216,15.5001215862626,15.4991361374974,16.0128447083733,11.7120678629951
111.6,7.75,7.75,7.75006627791951,7.74957266809411,6.9638463171611,7.76138916047678,15.500132555839,15.4991453361882,16.0132126462957,11.7122737708692
111.7,7.75,7.75,7.75007174380852,7.74957725042801,6.96381471269263,7.76136932097658,15.500143487617,15.499154500856,16.0135801903407,11.7124793566724
111.8,7.75,7.75,7.75007719084398,7.74958181579551,6.96378314267161,7.76134951254201,15.500154381688,15.499163631591,16.0139473409181,11.7126846208079
111.9,7.75,7.75,7.75008261503547,7.74958636061201,6.96375161446353,7.76132974180546,15.5001652300709,15.499172721224,16.0143140138788,11.7128894945908
112,7.75,7.75,7.75008801829601,7.74959088660518,6.96372012464448,7.76131000566952,15.500176036592,15.4991817732104,16.014680248314,11.7130940100836
112.1,7.75,7.75,7.75009340288457,7.74959539581119,6.96368866912576,7.76129030044166,15.5001868057691,15.4991907916224,16.0150460909161,11.7132982055151
112.2,7.75,7.75,7.75009876884627,7.74959988827456,6.96365724787071,7.76127062608262,15.5001975376925,15.4991997765491,16.0154115420926,11.7135020812857
112.3,7.75,7.75,7.75010411622615,7.74960436403974,6.96362586084269,7.76125098255319,15.5002082324523,15.4992087280795,16.0157766022505,11.7137056377954
112.4,7.75,7.75,7.7501094410914,7.7496088195789,6.96359451536012,7.76123137643532,15.5002188821828,15.4992176391578,16.0161411877643,11.7139088068737
112.5,7.75,7.75,7.75011474532753,7.7496132565925,6.963563208021,7.76121180465515,15.5002294906551,15.499226513185,16.0165053374815,11.7141116203432
112.6,7.75,7.75,7.75012003116098,7.74961767708453,6.96353193476284,7.76119226354821,15.500240062322,15.4992353541691,16.0168690978039,11.7143141161466
112.7,7.75,7.75,7.75012529863628,7.7496220810989,6.96350069554923,7.76117275307553,15.5002505972726,15.4992441621978,16.017232469136,11.7145162946815
112.8,7.75,7.75,7.75013054779787,7.74962646867938,6.96346949034379,7.76115327319819,15.5002610955957,15.4992529373588,16.0175954518824,11.7147181563449
112.9,7.75,7.75,7.75013577476975,7.7496308363541,6.96343832641817,7.76113383044814,15.5002715495395,15.4992616727082,16.0179579629375,11.7149196334768
113,7.75,7.75,7.75014098141031,7.74963518579667,6.96340720039218,7.76111442177486,15.5002819628206,15.4992703715933,16.0183200409069,11.7151207576616
113.1,7.75,7.75,7.7501461699139,7.74963951897942,6.9633761082293,7.76109504354173,15.5002923398278,15.4992790379588,16.0186817319033,11.7153215665583
113.2,7.75,7.75,7.75015134032446,7.7496438359456,6.96334504989339,7.76107569571007,15.5003026806489,15.4992876718912,16.0190430363289,11.7155220605615
113.3,7.75,7.75,7.75015649268584,7.74964813673837,6.96331402534833,7.76105637824126,15.5003129853717,15.4992962734767,16.0194039545853,11.7157222400653
113.4,7.75,7.75,7.7501616231781,7.74965241794095,6.96328304181934,7.7610370976176,15.5003232463562,15.4993048358819,16.0197644040836,11.7159220379164
113.5,7.75,7.75,7.75016673363285,7.74965668120052,6.96325209594785,7.76101785081176,15.5003334672657,15.499313362401,16.020124423189,11.7161214854628
113.6,7.75,7.75,7.75017182621281,7.7496609284582,6.96322118372318,7.76099863421474,15.5003436524256,15.4993218569164,16.0204840577275,11.7163206200818
113.7,7.75,7.75,7.7501769009613,7.74966515975661,6.96319030510941,7.76097944778816,15.5003538019226,15.4993303195132,16.0208433080983,11.716519442165
113.8,7.75,7.75,7.7501819579216,7.74966937513828,6.9631594600707,7.76096029149369,15.5003639158432,15.4993387502766,16.0212021747006,11.7167179521038
113.9,7.75,7.75,7.75018699332909,7.74967357124074,6.96312865578615,7.76094117176438,15.5003739866582,15.4993471424815,16.0215605754584,11.7169160832477
114,7.75,7.75,7.75019200898896,7.74967774968512,6.96309788891868,7.76092208559587,15.5003840179779,15.4993554993702,16.0219185484984,11.7171138667103
114.1,7.75,7.75,7.75019700703269,7.74968191238177,6.96306715548323,7.76090302940661,15.5003940140654,15.4993638247635,16.0222761393613,11.7173113395889
114.2,7.75,7.75,7.75020198750304,7.7496860593727,6.96303645544416,7.7608840031585,15.5004039750061,15.4993721187454,16.0226333484438,11.7175085022723
114.3,7.75,7.75,7.7502069504427,7.74969019069981,6.96300578876585,7.76086500681349,15.5004139008854,15.4993803813996,16.0229901761426,11.7177053551492
114.4,7.75,7.75,7.75021189214162,7.74969430305416,6.96297516258162,7.76084604675574,15.5004237842832,15.4993886061083,16.0233465408912,11.7179018320683
114.5,7.75,7.75,7.75021681437894,7.74969839803119,6.96294457357574,7.76082712000374,15.5004336287579,15.4993967960624,16.0237024805792,11.7180979639103
114.6,7.75,7.75,7.75022171925532,7.74970247751097,6.96291401778859,7.76080822300314,15.5004434385106,15.4994049550219,16.0240580404642,11.7182937874947
114.7,7.75,7.75,7.75022660681295,7.74970654153486,6.96288349518478,7.76078935571612,15.5004532136259,15.4994130830697,16.0244132209404,11.7184893032078
114.8,7.75,7.75,7.75023147709395,7.74971059014418,6.96285300572893,7.76077051810493,15.5004629541879,15.4994211802884,16.0247680224015,11.718684511435
114.9,7.75,7.75,7.7502363264421,7.7497146200827,6.96282255650892,7.76075171650519,15.5004726528842,15.4994292401654,16.0251223637879,11.718879346521
115,7.75,7.75,7.75024115661086,7.74971863292059,6.96279214423018,7.76073294795806,15.5004823132217,15.4994372658412,16.025476282753,11.7190738391153
115.1,7.75,7.75,7.75024596967045,7.74972263050802,6.96276176495837,7.76071420893619,15.5004919393409,15.499445261016,16.0258298242736,11.7192680257616
115.2,7.75,7.75,7.75025076566252,7.74972661288577,6.96273141865834,7.76069549940206,15.500501531325,15.4994532257715,16.0261829887412,11.7194619068433
115.3,7.75,7.75,7.75025554462863,7.74973058009453,6.96270110529498,7.76067681931819,15.5005110892573,15.4994611601891,16.0265357765468,11.7196554827432
115.4,7.75,7.75,7.75026030296566,7.74973452893008,6.96267083191099,7.76065817497205,15.5005206059313,15.4994690578602,16.0268881071337,11.7198486882979
115.5,7.75,7.75,7.75026504240172,7.74973846093761,6.96264059523286,7.76063956342726,15.5005300848034,15.4994769218752,16.0272400179215,11.7200415539274
115.6,7.75,7.75,7.75026976497703,7.74974237793789,6.96261039135133,7.76062098118331,15.5005395299541,15.4994847558758,16.0275915536076,11.7202341159019
115.7,7.75,7.75,7.75027447073268,7.7497462799711,6.96258022023151,7.76060242820295,15.5005489414654,15.4994925599422,16.0279427145806,11.7204263746017
115.8,7.75,7.75,7.75027915970967,7.74975016707733,6.96255008183851,7.76058390444899,15.5005583194193,15.4995003341547,16.0282935012293,11.7206183304071
115.9,7.75,7.75,7.75028382835731,7.74975403610356,6.96251998317023,7.76056541616109,15.5005676567146,15.4995080722071,16.0286438334965,11.720809918643
116,7.75,7.75,7.75028847837865,7.74975788857043,6.96248992097401,7.76054696042519,15.5005769567573,15.4995157771409,16.0289937485694,11.7210011695017
116.1,7.75,7.75,7.75029311178435,7.7497617262697,6.96245989136554,7.76052853376738,15.5005862235687,15.4995234525394,16.0293432908676,11.7211921189816
116.2,7.75,7.75,7.75029772861493,7.74976554924095,6.96242989431016,7.7605101361507,15.5005954572299,15.4995310984819,16.0296924607776,11.7213827674602
116.3,7.75,7.75,7.75030232891084,7.7497693575237,6.96239992977324,7.76049176753822,15.5006046578217,15.4995387150474,16.0300412586851,11.721573115315
116.4,7.75,7.75,7.75030690917311,7.74977314801538,6.96237000470812,7.76047343412218,15.5006138183462,15.4995462960308,16.0303896050296,11.721763098356
116.5,7.75,7.75,7.75031147108009,7.74977692221243,6.96234011588292,7.76045513301068,15.5006229421602,15.4995538444249,16.0307375367673,11.7219527465493
116.6,7.75,7.75,7.75031601661324,7.74978068187801,6.96231025943806,7.76043686075619,15.5006320332265,15.499561363756,16.0310850980421,11.7221420956234
116.7,7.75,7.75,7.75032054581254,7.74978442705114,6.96228043533912,7.76041861732203,15.5006410916251,15.4995688541023,16.0314322892378,11.7223311459532
116.8,7.75,7.75,7.7503250587179,7.74978815777077,6.9622506435517,7.76040040267157,15.5006501174358,15.4995763155415,16.0317791107379,11.7225198979133
116.9,7.75,7.75,7.75032955188136,7.74979187098403,6.96222089098495,7.76038222294995,15.5006591037627,15.4995837419681,16.0321254834746,11.7227082877953
117,7.75,7.75,7.75033402695692,7.74979556816351,6.96219117442757,7.76036407528725,15.5006680539138,15.499591136327,16.0324714441749,11.7228963453407
117.1,7.75,7.75,7.75033848589722,7.74979925104422,6.96216149004456,7.76034595626215,15.5006769717944,15.4995985020884,16.0328170367087,11.7230841060101
117.2,7.75,7.75,7.7503429287417,7.74980291966459,6.96213183780174,7.76032786583824,15.5006858574834,15.4996058393292,16.0331622614574,11.7232715701758
117.3,7.75,7.75,7.75034735552974,7.749806574063,6.96210221766496,7.76030980397918,15.5006947110595,15.499613148126,16.0335071188019,11.7234587382097
117.4,7.75,7.75,7.75035176286372,7.7498102112356,6.96207263649944,7.76029177678337,15.5007035257274,15.4996204224712,16.0338515301642,11.7236455468813
117.5,7.75,7.75,7.75035615237359,7.74981383263145,6.96204309111434,7.76027378140269,15.5007123047472,15.4996276652629,16.0341955320434,11.7238320257091
117.6,7.75,7.75,7.75036052598359,7.74981743995781,6.96201357769908,7.76025581444186,15.5007210519672,15.4996348799156,16.0345391680375,11.7240182098879
117.7,7.75,7.75,7.75036488373261,7.74982103325256,6.9619840962197,7.76023787586474,15.5007297674652,15.4996420665051,16.0348824385252,11.7242040997873
117.8,7.75,7.75,7.75036922565951,7.74982461255351,6.96195464664228,7.76021996563525,15.500738451319,15.499649225107,16.0352253438849,11.7243896957765
117.9,7.75,7.75,7.75037354841633,7.74982817490509,6.96192523578847,7.7602020898054,15.5007470968327,15.4996563498102,16.0355678060252,11.7245749350995
118,7.75,7.75,7.7503778536093,7.74983172173318,6.9618958604877,7.76018424554876,15.5007557072186,15.4996634434664,16.0359098612189,11.7247598470535
118.1,7.75,7.75,7.7503821431346,7.74983525471772,6.96186651695365,7.76016642949583,15.5007642862692,15.4996705094354,16.0362515527937,11.7249444665693
118.2,7.75,7.75,7.75038641703064,7.74983877389602,6.96183720515259,7.76014864161075,15.5007728340613,15.499677547792,16.0365928811257,11.7251287940139
118.3,7.75,7.75,7.75039067533573,7.74984227930533,6.96180792505084,7.76013088185772,15.5007813506715,15.4996845586107,16.036933846591,11.7253128297537
118.4,7.75,7.75,7.75039491475091,7.74984576803766,6.96177868342672,7.76011315624271,15.5007898295018,15.4996915360753,16.0372743715814,11.7254965115038
118.5,7.75,7.75,7.75039913685901,7.74984924149607,6.96174947712987,7.76009546196078,15.500798273718,15.4996984829921,16.0376144921449,11.7256798683418
118.6,7.75,7.75,7.75040334352856,7.74985270133353,6.961720302398,7.76007779566805,15.5008066870571,15.4997054026671,16.0379542513406,11.7258629349365
118.7,7.75,7.75,7.75040753479743,7.74985614758683,6.96169115919764,7.76006015732895,15.5008150695949,15.4997122951737,16.0382936495423,11.7260457116519
118.8,7.75,7.75,7.75041171070342,7.74985958029268,6.96166204749535,7.76004254690791,15.5008234214068,15.4997191605854,16.0386326871235,11.7262281988521
118.9,7.75,7.75,7.75041586799591,7.74986299658992,6.96163297402641,7.76002497036526,15.5008317359918,15.4997259931798,16.0389712869563,11.7264103347198
119,7.75,7.75,7.75042000823465,7.74986639785916,6.96160393566053,7.76000742491734,15.5008400164693,15.4997327957183,16.039309484865,11.7265921481143
119.1,7.75,7.75,7.75042413326086,7.74986978572681,6.9615749286593,7.75998990724573,15.5008482665217,15.4997395714536,16.0396473236424,11.7267736734443
119.2,7.75,7.75,7.75042824311192,7.7498731602291,6.96154595298947,7.75997241731512,15.5008564862238,15.4997463204582,16.0399848036597,11.7269549110714
119.3,7.75,7.75,7.75043233782512,7.74987652140221,6.96151700861784,7.7599549550902,15.5008646756502,15.4997530428044,16.0403219252877,11.7271358613568
119.4,7.75,7.75,7.75043641419752,7.74987986643119,6.96148810223701,7.75993752648596,15.500872828395,15.4997597328624,16.0406586118758,11.7273164629475
119.5,7.75,7.75,7.75044047376609,7.74988319667446,6.96145923073653,7.75992012873992,15.5008809475322,15.4997663933489,16.0409948990263,11.7274967444864
119.6,7.75,7.75,7.75044451834513,7.74988651373227,6.96143039040177,7.75990275855888,15.5008890366903,15.4997730274645,16.041330829267,11.7276767401238
119.7,7.75,7.75,7.75044854797151,7.74988981764033,6.9614015811997,7.7598854159078,15.500897095943,15.4997796352807,16.0416664029666,11.7278564502187
119.8,7.75,7.75,7.75045256268203,7.74989310843429,6.96137280309733,7.75986810075165,15.5009051253641,15.4997862168686,16.0420016204937,11.7280358751298
119.9,7.75,7.75,7.75045655932078,7.74989638334469,6.96134406274486,7.75985081896039,15.5009131186416,15.4997927666894,16.0423364056713,11.7282149539649
120,7.75,7.75,7.75046053940227,7.74989964370812,6.9613153570516,7.75983356779256,15.5009210788045,15.4997992874162,16.0426707938813,11.7283937151518
120.1,7.75,7.75,7.75046450471424,7.74990289109906,6.96128668232648,7.75981634398002,15.5009290094285,15.4998057821981,16.0430048273884,11.7285721925847
120.2,7.75,7.75,7.75046845529305,7.74990612555269,6.96125803853671,7.75979914748798,15.5009369105861,15.4998122511054,16.0433385065589,11.7287503866199
120.3,7.75,7.75,7.75047239117501,7.74990934710413,6.96122942564952,7.75978197828167,15.50094478235,15.4998186942083,16.0436718317589,11.7289282976134
120.4,7.75,7.75,7.75047630925063,7.74991255302878,6.96120085027298,7.75976484218639,15.5009526185013,15.4998251060576,16.0440047272821,11.7291058651306
120.5,7.75,7.75,7.75048021101224,7.74991574464168,6.96117230933604,7.75974773648154,15.5009604220245,15.4998314892834,16.0443372282915,11.729283117386
120.6,7.75,7.75,7.75048409822138,7.74991892349194,6.96114379917102,7.75973065792383,15.5009681964428,15.4998378469839,16.0446693767902,11.7294600880191
120.7,7.75,7.75,7.75048797091391,7.7499220896142,6.96111531974535,7.75971360647873,15.5009759418278,15.4998441792284,16.0450011731423,11.7296367773837
120.8,7.75,7.75,7.75049182912567,7.74992524304308,6.96108687102651,7.75969658211173,15.5009836582513,15.4998504860862,16.0453326177112,11.7298131858332
120.9,7.75,7.75,7.75049566979293,7.74992838109814,6.96105845958073,7.7596795906038,15.5009913395859,15.4998567621963,16.0456636352585,11.7299892533873
121,7.75,7.75,7.75049949438618,7.74993150507325,6.96103008235642,7.75966262925503,15.5009989887724,15.4998630101465,16.0459942607294,11.7301650080486
121.1,7.75,7.75,7.75050330464108,7.74993461649246,6.96100173570918,7.75964569484681,15.5010066092822,15.4998692329849,16.0463245358676,11.730340483204
121.2,7.75,7.75,7.75050710059302,7.74993771538992,6.96097341960666,7.75962878734487,15.501014201186,15.4998754307798,16.0466544610345,11.7305156792046
121.3,7.75,7.75,7.75051088227734,7.74994080179973,6.96094513401654,7.75961190671496,15.5010217645547,15.4998816035995,16.0469840365914,11.7306905964013
121.4,7.75,7.75,7.75051464667551,7.74994387308499,6.96091688546352,7.75959505869404,15.501029293351,15.49988774617,16.0473131877641,11.7308651752647
121.5,7.75,7.75,7.75051839523643,7.74994693051867,6.96088867091536,7.75957824060275,15.5010367904729,15.4998938610373,16.047641949282,11.7310394435871
121.6,7.75,7.75,7.75052212967024,7.74994997560016,6.96086048675075,7.75956144924696,15.5010442593405,15.4998999512003,16.0479703626305,11.7312134345046
121.7,7.75,7.75,7.75052585001187,7.74995300836312,6.96083233293755,7.75954468459267,15.5010517000237,15.4999060167262,16.0482984281689,11.7313871483657
121.8,7.75,7.75,7.75052955629617,7.74995602884113,6.96080420944367,7.75952794660588,15.5010591125923,15.4999120576823,16.0486261462559,11.7315605855189
121.9,7.75,7.75,7.75053324554918,7.74995903444019,6.96077612275256,7.75951124097988,15.5010664910984,15.4999180688804,16.0489534425789,11.7317336868822
122,7.75,7.75,7.75053691919851,7.74996202641268,6.96074806985119,7.75949456505568,15.501073838397,15.4999240528254,16.0492803516526,11.7319064800394
122.1,7.75,7.75,7.75054057892914,7.74996500623371,6.96072004714116,7.75947791566348,15.5010811578583,15.4999300124674,16.0496069147061,11.7320789978773
122.2,7.75,7.75,7.75054422477551,7.74996797393642,6.96069205459057,7.75946129276952,15.501088449551,15.4999359478728,16.0499331320963,11.7322512407421
122.3,7.75,7.75,7.75054785677203,7.74997092955392,6.96066409216756,7.75944469634006,15.5010957135441,15.4999418591078,16.0502590041796,11.7324232089796
122.4,7.75,7.75,7.75055147198869,7.74997387053444,6.96063616631457,7.75942813202505,15.5011029439774,15.4999477410689,16.0505844571018,11.7325948439524
122.5,7.75,7.75,7.7505550718321,7.7499767981101,6.96060827403768,7.75941159718572,15.5011101436642,15.4999535962202,16.0509095251642,11.7327661730368
122.6,7.75,7.75,7.7505586579624,7.74997971373204,6.96058041176126,7.75939508867641,15.5011173159248,15.4999594274641,16.0512342493416,11.7329372288726
122.7,7.75,7.75,7.75056223041359,7.74998261743296,6.96055257945362,7.7593786064636,15.5011244608272,15.4999652348659,16.0515586299882,11.7331080118034
122.8,7.75,7.75,7.75056578921959,7.74998550924544,6.96052477708312,7.7593621505138,15.5011315784392,15.4999710184909,16.0518826674584,11.7332785221725
122.9,7.75,7.75,7.75056933149378,7.74998838665937,6.96049701105152,7.75934572643395,15.5011386629876,15.4999767733187,16.0522062883531,11.7334487017837
123,7.75,7.75,7.75057285862204,7.74999125088687,6.96046927838382,7.75932933160536,15.5011457172441,15.4999825017737,16.0525295267619,11.7336185778075
123.1,7.75,7.75,7.75057637224002,7.74999410335551,6.96044157552702,7.75931296290631,15.50115274448,15.499988206711,16.0528524234066,11.7337881826383
123.2,7.75,7.75,7.75057987238127,7.74999694409748,6.96041390244967,7.75929662030353,15.5011597447625,15.499993888195,16.0531749786393,11.7339575166171
123.3,7.75,7.75,7.75058335907924,7.74999977314491,6.96038625912031,7.7592803037638,15.5011667181585,15.4999995462898,16.0534971928117,11.7341265800849
123.4,7.75,7.75,7.75058682949009,7.75000258802869,6.96035865190031,7.75926401885132,15.5011736589802,15.5000051760574,16.0538189929774,11.7342953152833
123.5,7.75,7.75,7.75059028497929,7.75000538994126,6.96033107783348,7.75924776296737,15.5011805699586,15.5000107798825,16.0541404130154,11.7344637491787
123.6,7.75,7.75,7.75059372715831,7.75000818028695,6.96030353338929,7.75923153301398,15.5011874543166,15.5000163605739,16.0544614933963,11.7346319139218
123.7,7.75,7.75,7.75059715606022,7.75001095909747,6.96027601853649,7.75921532895812,15.5011943121204,15.5000219181949,16.0547822344698,11.7347998098511
123.8,7.75,7.75,7.75060057171807,7.75001372640447,6.96024853324385,7.75919915076683,15.5012011434361,15.5000274528089,16.0551026365854,11.7349674373051
123.9,7.75,7.75,7.75060397133019,7.75001647977928,6.96022108383258,7.75918300396194,15.5012079426604,15.5000329595586,16.0554226272461,11.7351347389603
124,7.75,7.75,7.7506073562419,7.75001922039491,6.96019366736522,7.75916688596449,15.5012147124838,15.5000384407898,16.0557422401218,11.7353017415803
124.1,7.75,7.75,7.75061072804083,7.7500219496328,6.9601662803335,7.7591507937001,15.5012214560817,15.5000438992656,16.0560615154335,11.7354684770738
124.2,7.75,7.75,7.75061408675961,7.75002466752421,6.96013892270641,7.75913472713602,15.5012281735192,15.5000493350484,16.0563804535286,11.735634945777
124.3,7.75,7.75,7.75061743243082,7.75002737410031,6.96011159445293,7.75911868623949,15.5012348648616,15.5000547482006,16.0566990547543,11.7358011480258
124.4,7.75,7.75,7.75062076229446,7.75003006697224,6.96008430185441,7.7591026764903,15.5012415245889,15.5000601339445,16.05701724706,11.7359670269285
124.5,7.75,7.75,7.75062407767594,7.75003274729391,6.96005704199193,7.75908669532913,15.5012481553519,15.5000654945878,16.0573350639081,11.7361326090472
124.6,7.75,7.75,7.75062738013938,7.7500354164242,6.96002981137941,7.759070739705,15.5012547602788,15.5000708328484,16.0576525452715,11.7362979260507
124.7,7.75,7.75,7.75063066971696,7.75003807439389,6.96000260998603,7.7590548095854,15.5012613394339,15.5000761487878,16.0579696914953,11.7364629782727
124.8,7.75,7.75,7.75063394644084,7.75004072123372,6.95997543778099,7.75903890493783,15.5012678928817,15.5000814424674,16.0582865029245,11.7366277660465
124.9,7.75,7.75,7.75063720759207,7.75004335459403,6.95994830100603,7.75902303120032,15.5012744151841,15.5000867091881,16.058602907952,11.7367922329091
125,7.75,7.75,7.75064045447646,7.7500459756099,6.95992119676069,7.75900718583304,15.5012809089529,15.5000919512198,16.0589189398338,11.7369564052227
125.1,7.75,7.75,7.75064368863491,7.75004858561801,6.95989412158088,7.75899136580825,15.5012873772698,15.500097171236,16.0592346382966,11.7371203144177
125.2,7.75,7.75,7.75064691009918,7.75005118464866,6.95986707543598,7.75897557109368,15.5012938201984,15.5001023692973,16.0595500036832,11.7372839608253
125.3,7.75,7.75,7.75065011890097,7.75005377273213,6.95984005829542,7.75895980165707,15.5013002378019,15.5001075454643,16.0598650363363,11.7374473447766
125.4,7.75,7.75,7.7506533123619,7.75005634755744,6.95981307636162,7.75894406289502,15.5013066247238,15.5001126951149,16.0601796650893,11.7376104102339
125.5,7.75,7.75,7.75065649176837,7.7500589102411,6.95978612675241,7.75892835228703,15.5013129835367,15.5001178204822,16.0604939229935,11.7377731833609
125.6,7.75,7.75,7.75065965863842,7.75006146209787,6.95975920602556,7.75891266682843,15.5013193172768,15.5001229241957,16.0608078495307,11.7379356953514
125.7,7.75,7.75,7.75066281300338,7.75006400315764,6.95973231415067,7.75889700648718,15.5013256260068,15.5001280063153,16.0611214450415,11.7380979465343
125.8,7.75,7.75,7.75066595489452,7.75006653345022,6.95970545109735,7.75888137123129,15.501331909789,15.5001330669004,16.0614347098664,11.7382599372382
125.9,7.75,7.75,7.75066908167342,7.7500690507027,6.959678623029,7.7588657664162,15.5013381633468,15.5001381014054,16.0617475732765,11.7384216118477
126,7.75,7.75,7.75067219460741,7.75007155601333,6.95965182708162,7.75885018954062,15.5013443892148,15.5001431120267,16.0620600681194,11.7385829963297
126.1,7.75,7.75,7.75067529519192,7.75007405067528,6.95962505983468,7.75883463762278,15.5013505903838,15.5001481013506,16.0623722336338,11.7387441216429
126.2,7.75,7.75,7.75067838345787,7.750076534718,6.95959832125799,7.75881911063087,15.5013567669157,15.500153069436,16.0626840701582,11.7389049881138
126.3,7.75,7.75,7.75068145943611,7.75007900817086,6.95957161132138,7.75880360853314,15.5013629188722,15.5001580163417,16.0629955780308,11.7390655960688
126.4,7.75,7.75,7.75068452052765,7.75008146879847,6.95954493614944,7.7587881366442,15.5013690410553,15.5001629375969,16.0633066869575,11.7392258903116
126.5,7.75,7.75,7.75068756798098,7.75008391768106,6.95951829289623,7.75877269248182,15.501375135962,15.5001678353621,16.0636174295837,11.7393858966136
126.6,7.75,7.75,7.75069060326926,7.75008635609056,6.9594916781628,7.75875727308695,15.5013812065385,15.5001727121811,16.0639278449065,11.7395456457003
126.7,7.75,7.75,7.75069362642298,7.75008878405596,6.95946509191914,7.75874187842803,15.501387252846,15.5001775681119,16.0642379332623,11.7397051378959
126.8,7.75,7.75,7.75069663747259,7.75009120160621,6.9594385341353,7.75872650847353,15.5013932749452,15.5001824032124,16.064547694987,11.7398643735243
126.9,7.75,7.75,7.75069963385799,7.75009360654287,6.95941201089733,7.75871116849754,15.501399267716,15.5001872130857,16.0648570602185,11.7400232978055
127,7.75,7.75,7.75070261680908,7.75009599992843,6.95938551937726,7.75869585603677,15.5014052336182,15.5001919998569,16.0651660614013,11.7401819363167
127.1,7.75,7.75,7.75070558777706,7.75009838301388,6.95935905619751,7.75868056815469,15.5014111755541,15.5001967660278,16.0654747372926,11.740340319552
127.2,7.75,7.75,7.750708546792,7.75010075582777,6.9593326213283,7.75866530481998,15.501417093584,15.5002015116555,16.0657830882265,11.7404984478331
127.3,7.75,7.75,7.75071149388393,7.75010311839864,6.95930621473987,7.75865006600135,15.5014229877679,15.5002062367973,16.0660911145367,11.7406563214816
127.4,7.75,7.75,7.75071442653113,7.75010546856445,6.95927984248002,7.75863485693269,15.5014288530623,15.5002109371289,16.0663987467903,11.7408138861308
127.5,7.75,7.75,7.75071734594517,7.7501078073702,6.95925350173859,7.75861967516944,15.5014346918903,15.5002156147404,16.0667060172322,11.7409711671651
127.6,7.75,7.75,7.75072025355557,7.75011013604625,6.95922718915925,7.7586045177975,15.5014405071111,15.5002202720925,16.0670129643812,11.7411281948487
127.7,7.75,7.75,7.750723149392,7.75011245462075,6.95920090471244,7.75858938478576,15.501446298784,15.5002249092415,16.0673195885693,11.7412849695012
127.8,7.75,7.75,7.75072603348407,7.75011476312178,6.9591746483686,7.75857427610316,15.5014520669681,15.5002295262436,16.067625890128,11.7414414914415
127.9,7.75,7.75,7.75072890334792,7.75011705942319,6.95914842613751,7.75855919694368,15.5014578066958,15.5002341188464,16.0679318000508,11.7415977067134
128,7.75,7.75,7.75073176017704,7.75011934455277,6.95912223522672,7.7585441448814,15.5014635203541,15.5002386891055,16.0682373503839,11.7417536405099
128.1,7.75,7.75,7.75073460537955,7.75012161972053,6.95909607230103,7.75852911702442,15.5014692107591,15.5002432394411,16.0685425794099,11.741909322867
128.2,7.75,7.75,7.75073743898473,7.7501238849542,6.95906993733105,7.75851411334187,15.5014748779695,15.5002477699084,16.0688474874582,11.7420647541018
128.3,7.75,7.75,7.75074026102179,7.75012614028146,6.95904383028743,7.75849913380292,15.5014805220436,15.5002522805629,16.0691520748583,11.7422199345313
128.4,7.75,7.75,7.75074306904421,7.7501283836115,6.95901775714223,7.75848418356193,15.5014861380884,15.500256767223,16.0694562730271,11.7423748106062
128.5,7.75,7.75,7.75074586422763,7.75013061595511,6.95899171512055,7.75846926021147,15.5014917284553,15.5002612319102,16.0697601138141,11.7425294073297
128.6,7.75,7.75,7.75074864795909,7.75013283850231,6.95896570090816,7.7584543608817,15.5014972959182,15.5002656770046,16.0700636352663,11.7426837545113
128.7,7.75,7.75,7.75075142026745,7.75013505128041,6.95893971447589,7.75843948554196,15.5015028405349,15.5002701025608,16.0703668377113,11.7428378524657
128.8,7.75,7.75,7.75075418118155,7.75013725431667,6.95891375579458,7.75842463416168,15.5015083623631,15.5002745086333,16.0706697214761,11.7429917015076
128.9,7.75,7.75,7.75075692829169,7.7501394455551,6.9588878307988,7.75840981185587,15.5015138565834,15.5002788911102,16.0709722183987,11.7431452484921
129,7.75,7.75,7.75075966275592,7.75014162598977,6.9588619367311,7.75839501623546,15.5015193255118,15.5002832519795,16.0712743601326,11.7432985182337
129.1,7.75,7.75,7.75076238594045,7.75014379679097,6.95883607029809,7.7583802444525,15.5015247718809,15.5002875935819,16.0715761844913,11.743451540317
129.2,7.75,7.75,7.75076509787378,7.7501459579856,6.95881023147079,7.75836549647657,15.5015301957476,15.5002919159712,16.0718776918002,11.7436043150547
129.3,7.75,7.75,7.75076779858433,7.75014810960053,6.95878442022024,7.7583507722773,15.5015355971687,15.5002962192011,16.0721788823842,11.7437568427589
129.4,7.75,7.75,7.75077048569876,7.75015024961404,6.95875864244379,7.75833607693069,15.5015409713975,15.5003004992281,16.0724796884992,11.7439090706861
129.5,7.75,7.75,7.75077316035773,7.75015237900376,6.95873289540131,7.75832140806589,15.5015463207155,15.5003047580075,16.0727801416043,11.7440610234638
129.6,7.75,7.75,7.75077582390695,7.75015449892052,6.9587071758201,7.75830676285666,15.5015516478139,15.500308997841,16.0730802792809,11.7442127304533
129.7,7.75,7.75,7.75077847637451,7.75015660939084,6.95868148367138,7.7582921412728,15.501556952749,15.5003132187817,16.0733801018523,11.7443641919648
129.8,7.75,7.75,7.75078111778846,7.75015871044117,6.95865581892638,7.75827754328419,15.5015622355769,15.5003174208823,16.0736796096413,11.7445154083084
129.9,7.75,7.75,7.75078374581129,7.7501608000836,6.95863018744548,7.75826297392807,15.5015674916226,15.5003216001672,16.0739787353189,11.7446663271389
130,7.75,7.75,7.75078636156655,7.75016287927951,6.95860458650577,7.75824843085169,15.5015727231331,15.500325758559,16.0742775101512,11.744816972898
130.1,7.75,7.75,7.75078896637969,7.7501649491606,6.95857901285508,7.75823391125034,15.5015779327594,15.5003298983212,16.0745759714889,11.7449673747253
130.2,7.75,7.75,7.75079156027843,7.75016700975298,6.95855346646484,7.75821941509408,15.5015831205569,15.500334019506,16.0748741196532,11.7451175329288
130.3,7.75,7.75,7.75079414329042,7.75016906108273,6.95852794730648,7.758204942353,15.5015882865808,15.5003381221655,16.0751719549649,11.7452674478164
130.4,7.75,7.75,7.75079671311352,7.75017110119519,6.95850246120364,7.75819049802589,15.501593426227,15.5003422023904,16.0754694105074,11.7454170674385
130.5,7.75,7.75,7.75079927085437,7.75017313103579,6.95847700545051,7.75817607977792,15.5015985417087,15.5003462620716,16.0757665173549,11.7455664160522
130.6,7.75,7.75,7.75080181781846,7.75017515171734,6.95845157681534,7.75816168482583,15.5016036356369,15.5003503034347,16.0760633126292,11.7457155225771
130.7,7.75,7.75,7.75080435403313,7.75017716326558,6.95842617526974,7.75814731313987,15.5016087080663,15.5003543265312,16.0763597966492,11.745864387319
130.8,7.75,7.75,7.75080687952565,7.75017916570618,6.95840080078534,7.75813296469035,15.5016137590513,15.5003583314124,16.0766559697336,11.7460130105835
130.9,7.75,7.75,7.75080939202876,7.75018115711729,6.95837545914929,7.75811864443791,15.5016187840575,15.5003623142346,16.0769517653757,11.7461613408137
131,7.75,7.75,7.75081189263244,7.75018313842858,6.95835014767278,7.75810435006554,15.5016237852649,15.5003662768572,16.0772472144591,11.7463094020835
131.1,7.75,7.75,7.75081438262247,7.75018511073429,6.95832486314432,7.75809007881119,15.5016287652449,15.5003702214686,16.0775423538779,11.7464572230942
131.2,7.75,7.75,7.7508168620258,7.75018707405976,6.95829960553571,7.75807583064536,15.5016337240516,15.5003741481195,16.0778371839491,11.7466048041494
131.3,7.75,7.75,7.75081933086936,7.75018902843028,6.95827437481878,7.75806160553857,15.5016386617387,15.5003780568606,16.0781317049892,11.7467521455524
131.4,7.75,7.75,7.75082178692028,7.75019097195631,6.95824917674445,7.75804740841358,15.5016435738406,15.5003819439126,16.0784258508986,11.746899196136
131.5,7.75,7.75,7.7508242312521,7.750192905552,6.95822400864077,7.75803323697106,15.5016484625042,15.500385811104,16.0787196523716,11.7470459797926
131.6,7.75,7.75,7.75082666513115,7.75019483029328,6.95819886731639,7.75801908847005,15.5016533302623,15.5003896605866,16.0790131460762,11.7471925250065
131.7,7.75,7.75,7.75082908858403,7.75019674620512,6.95817375274329,7.75800496288126,15.5016581771681,15.5003934924102,16.0793063323273,11.7473388320789
131.8,7.75,7.75,7.7508315016373,7.75019865331244,6.95814866489349,7.75799086017542,15.5016630032746,15.5003973066249,16.0795992114393,11.7474849013111
131.9,7.75,7.75,7.75083390209203,7.75020054975749,6.95812360948194,7.75797678523771,15.5016678041841,15.500401099515,16.0798917177171,11.747630681923
132,7.75,7.75,7.75083629100552,7.75020243643916,6.95809858385343,7.75796273578634,15.501672582011,15.5004048728783,16.080183881667,11.7477761976263
132.1,7.75,7.75,7.75083866962495,7.75020431441534,6.95807358483661,7.75794870910127,15.5016773392499,15.5004086288307,16.0804757397322,11.74792147669
132.2,7.75,7.75,7.75084103797656,7.75020618371062,6.95804861240366,7.75793470515343,15.5016820759531,15.5004123674212,16.0807672922255,11.7480665194134
132.3,7.75,7.75,7.75084339608653,7.75020804434956,6.95802366652677,7.75792072391379,15.5016867921731,15.5004160886991,16.0810585394594,11.7482113260953
132.4,7.75,7.75,7.75084574178941,7.75020989450576,6.95799875288516,7.75790677023018,15.5016914835788,15.5004197890115,16.0813494161407,11.74835584634
132.5,7.75,7.75,7.75084807612651,7.75021173506302,6.95797386884025,7.75789284183824,15.501696152253,15.500423470126,16.0816399525886,11.74850010368
132.6,7.75,7.75,7.75085040032609,7.7502135670615,6.95794901124056,7.75787893603871,15.5017008006522,15.500427134123,16.0819301850232,11.7486441261705
132.7,7.75,7.75,7.75085271441404,7.75021539052541,6.95792418005844,7.75786505280273,15.5017054288281,15.5004307810508,16.0822201137554,11.7487879141086
132.8,7.75,7.75,7.75085501841618,7.75021720547895,6.95789937526629,7.75785119210147,15.5017100368324,15.5004344109579,16.0825097390955,11.748931467791
132.9,7.75,7.75,7.75085731020007,7.75021901012657,6.95787460250782,7.75783735874574,15.5017146204001,15.5004380202531,16.0827989961496,11.7490747372034
133,7.75,7.75,7.75085959079125,7.75022080533728,6.95784985916098,7.75782355048846,15.5017191815825,15.5004416106746,16.0830879150511,11.7492177457004
133.1,7.75,7.75,7.75086186139933,7.7502225921337,6.95782514209401,7.75780976465098,15.5017237227987,15.5004451842674,16.0833765317986,11.7493605211251
133.2,7.75,7.75,7.75086412204983,7.7502243705397,6.95780045127945,7.75779600120465,15.5017282440997,15.5004487410794,16.0836648467008,11.7495030637724
133.3,7.75,7.75,7.75086637276823,7.75022614057911,6.95777578668989,7.75778226012088,15.5017327455365,15.5004522811582,16.0839528600661,11.7496453739368
133.4,7.75,7.75,7.75086861145466,7.75022790048681,6.95775115393377,7.75776854617369,15.5017372229093,15.5004558009736,16.084240507397,11.7497874019828
133.5,7.75,7.75,7.75087083911908,7.75022965111717,6.95772655040546,7.75775485713316,15.5017416782382,15.5004593022343,16.0845278186426,11.7499291710882
133.6,7.75,7.75,7.7508730569527,7.75023139347559,6.95770197299279,7.75774119034111,15.5017461139054,15.5004627869512,16.0848148295813,11.7500707088855
133.7,7.75,7.75,7.75087526498071,7.75023312758559,6.9576774216685,7.75772754576912,15.5017505299614,15.5004662551712,16.0851015405197,11.7502120156675
133.8,7.75,7.75,7.75087746322823,7.75023485347063,6.95765289640533,7.75771392338877,15.5017549264565,15.5004697069413,16.0853879517642,11.7503530917268
133.9,7.75,7.75,7.75087964962751,7.75023656939554,6.95762840277674,7.75770032793762,15.501759299255,15.5004731387911,16.0856739992114,11.7504938878034
134,7.75,7.75,7.75088182517317,7.75023827620032,6.95760393819339,7.75768675720278,15.5017636503463,15.5004765524006,16.085959712627,11.7506344269
134.1,7.75,7.75,7.75088399103826,7.75023997487338,6.95757949956255,7.75767320854637,15.5017679820765,15.5004799497468,16.0862451275707,11.75077473644
134.2,7.75,7.75,7.75088614724762,7.75024166543788,6.95755508685715,7.75765968194017,15.5017722944952,15.5004833308758,16.086530244347,11.7509148167141
134.3,7.75,7.75,7.75088829382605,7.75024334791693,6.95753070005014,7.757646177356,15.5017765876521,15.5004866958339,16.0868150632604,11.7510546680126
134.4,7.75,7.75,7.75089042873745,7.75024502060489,6.95750634468016,7.75763269949518,15.5017808574749,15.5004900412098,16.0870995205988,11.7511942414489
134.5,7.75,7.75,7.75089255296132,7.75024668432756,6.95748201817409,7.75761924616173,15.5017851059226,15.5004933686551,16.0873836459461,11.7513335598515
134.6,7.75,7.75,7.75089466765281,7.75024834005663,6.95745771745851,7.75760581473792,15.5017893353056,15.5004966801133,16.0876674746444,11.7514726504364
134.7,7.75,7.75,7.75089677283641,7.75024998781491,6.95743344250654,7.75759240519576,15.5017935456728,15.5004999756298,16.0879510069963,11.7516115134919
134.8,7.75,7.75,7.75089886853658,7.75025162762517,6.95740919329131,7.75757901750726,15.5017977370732,15.5005032552503,16.0882342433043,11.7517501493064
134.9,7.75,7.75,7.75090095274848,7.75025325781083,6.95738497531691,7.75756565633779,15.501801905497,15.5005065156217,16.0885171202452,11.7518885093636
135,7.75,7.75,7.75090302643667,7.75025487918373,6.9573607860263,7.75755231950816,15.5018060528733,15.5005097583675,16.0887996672219,11.7520266163196
135.1,7.75,7.75,7.75090509073863,7.75025649269908,6.95733662236527,7.75753900442064,15.5018101814773,15.5005129853982,16.0890819193607,11.7521644971838
135.2,7.75,7.75,7.75090714567853,7.75025809837935,6.95731248430711,7.75752571104745,15.5018142913571,15.5005161967587,16.0893638769622,11.7523021522429
135.3,7.75,7.75,7.75090919128049,7.75025969624697,6.95728837182512,7.75751243936081,15.501818382561,15.5005193924939,16.089645540327,11.7524395817828
135.4,7.75,7.75,7.7509112255705,7.75026128465398,6.95726429038911,7.7574991939904,15.501822451141,15.500522569308,16.0899268465181,11.7525767376553
135.5,7.75,7.75,7.75091324949836,7.75026286439848,6.95724023745798,7.75748597277369,15.5018264989967,15.500525728797,16.0902078247588,11.7527136423447
135.6,7.75,7.75,7.75091526418417,7.75026443641943,6.95721620999659,7.75747277313281,15.5018305283683,15.5005288728389,16.0904885099608,11.7528503226561
135.7,7.75,7.75,7.75091726965175,7.75026600073899,6.95719220797842,7.75745959504018,15.5018345393035,15.500532001478,16.0907689024229,11.7529867788737
135.8,7.75,7.75,7.75091926592489,7.75026755737923,6.95716823137696,7.75744643846822,15.5018385318498,15.5005351147585,16.0910490024434,11.7531230112818
135.9,7.75,7.75,7.75092125105999,7.7502691047204,6.95714428562791,7.75743330801122,15.50184250212,15.5005382094408,16.0913287474695,11.7532589720971
136,7.75,7.75,7.75092322599232,7.75027064354704,6.95712036820606,7.75742020152315,15.5018464519846,15.5005412870941,16.0916081665458,11.7533946836336
136.1,7.75,7.75,7.75092519182478,7.75027217478214,6.9570964760952,7.75740711644587,15.5018503836496,15.5005443495643,16.0918872943709,11.7535301724932
136.2,7.75,7.75,7.75092714858088,7.75027369844751,6.95707260926898,7.75739405275199,15.5018542971618,15.500547396895,16.0921661312416,11.7536654389584
136.3,7.75,7.75,7.75092909628408,7.7502752145649,6.95704876770106,7.75738101041415,15.5018581925682,15.5005504291298,16.0924446774544,11.753800483311
136.4,7.75,7.75,7.75093103302076,7.75027672154234,6.95702495679331,7.75736799399148,15.5018620660415,15.5005534430847,16.0927228708376,11.7539352581303
136.5,7.75,7.75,7.75093295971187,7.75027822015101,6.95700117403627,7.75735500135434,15.5018659194237,15.500556440302,16.0930007402586,11.7540697855614
136.6,7.75,7.75,7.75093487744336,7.75027971129817,6.95697741643254,7.75734202996418,15.5018697548867,15.5005594225963,16.0932783202043,11.7542040920046
136.7,7.75,7.75,7.75093678623841,7.75028119500528,6.95695368395593,7.7573290797938,15.5018735724768,15.5005623900106,16.0935556109695,11.75433817774
136.8,7.75,7.75,7.75093868612017,7.75028267129378,6.95692997658031,7.75731615081606,15.5018773722403,15.5005653425876,16.0938326128487,11.7544720430477
136.9,7.75,7.75,7.7509405752046,7.75028413859904,6.95690629967391,7.75730324755516,15.5018811504092,15.5005682771981,16.0941092640491,11.7546056408668
137,7.75,7.75,7.75094245439849,7.75028559767912,6.9568826507429,7.75729036789779,15.501884908797,15.5005711953582,16.094385593262,11.7547389931744
137.1,7.75,7.75,7.75094432477109,7.75028704942575,6.95685902680859,7.75727750932478,15.5018886495422,15.5005740988515,16.0946616347638,11.7548721261707
137.2,7.75,7.75,7.75094618634527,7.75028849386007,6.95683542784496,7.75726467180915,15.5018923726905,15.5005769877201,16.0949373888473,11.7550050401339
137.3,7.75,7.75,7.75094803914384,7.7502899310032,6.95681185382605,7.75725185532396,15.5018960782877,15.5005798620064,16.0952128558054,11.7551377353419
137.4,7.75,7.75,7.75094988131195,7.75029135931747,6.95678831008669,7.75723906435878,15.5018997626239,15.5005827186349,16.0954879742215,11.7552701650911
137.5,7.75,7.75,7.75095171374244,7.75029277954797,6.95676479414861,7.75722629681646,15.5019034274849,15.5005855590959,16.0957627726116,11.755402351192
137.6,7.75,7.75,7.75095353748808,7.75029419257115,6.95674130305165,7.7572135501971,15.5019070749762,15.5005883851423,16.0960372850435,11.7555343196461
137.7,7.75,7.75,7.75095535257141,7.75029559840785,6.95671783677,7.75720082447393,15.5019107051428,15.5005911968157,16.096311511808,11.7556660707295
137.8,7.75,7.75,7.75095715901495,7.75029699707887,6.95669439527785,7.7571881196202,15.5019143180299,15.5005939941577,16.0965854531959,11.7557976047182
137.9,7.75,7.75,7.7509589549926,7.75029838707307,6.95667098387686,7.75717544009111,15.5019179099852,15.5005967741461,16.0968590481646,11.7559288752632
138,7.75,7.75,7.75096074138346,7.75029976912278,6.9566476001042,7.75716278380554,15.5019214827669,15.5005995382456,16.0971323250564,11.7560599040095
138.1,7.75,7.75,7.75096251922403,7.75030114408942,6.95662424101815,7.75715014828275,15.5019250384481,15.5006022881788,16.0974053177312,11.7561907167614
138.2,7.75,7.75,7.75096428853655,7.75030251199351,6.95660090659307,7.75713753349615,15.5019285770731,15.500605023987,16.0976780264781,11.756321313793
138.3,7.75,7.75,7.75096604934323,7.75030387285552,6.95657759680331,7.75712493941919,15.5019320986865,15.500607745711,16.097950451586,11.7564516953783
138.4,7.75,7.75,7.75096779984634,7.75030522519047,6.9565543169176,7.75711237047294,15.5019355996927,15.5006104503809,16.0982225323836,11.7565818155203
138.5,7.75,7.75,7.75096954091141,7.75030656971813,6.95653106448844,7.75709982459222,15.5019390818228,15.5006131394363,16.0984942970406,11.7567116957
138.6,7.75,7.75,7.75097127355892,7.75030790728508,6.95650783659241,7.75708729931528,15.5019425471178,15.5006158145702,16.0987657792106,11.7568413615256
138.7,7.75,7.75,7.75097299781079,7.75030923791154,6.95648463320404,7.75707479461571,15.5019459956216,15.5006184758231,16.0990369791807,11.7569708132694
138.8,7.75,7.75,7.75097471368893,7.75031056161768,6.95646145429788,7.75706231046717,15.5019494273779,15.5006211232354,16.099307897238,11.7571000512033
138.9,7.75,7.75,7.7509764194236,7.75031187694425,6.95643830510989,7.75704985125686,15.5019528388472,15.5006237538885,16.0995784730804,11.7572290296799
139,7.75,7.75,7.75097811586694,7.75031318459866,6.95641518320784,7.7570374149354,15.5019562317339,15.5006263691973,16.0998487347057,11.7573577700171
139.1,7.75,7.75,7.75097980402362,7.75031448541288,6.95639208568648,7.75702499905988,15.5019596080472,15.5006289708258,16.1001187155628,11.7574862976287
139.2,7.75,7.75,7.75098148391526,7.75031577940684,6.9563690125205,7.75701260360412,15.5019629678305,15.5006315588137,16.1003884159368,11.7576146127851
139.3,7.75,7.75,7.75098315556346,7.75031706660039,6.95634596368463,7.75700022854195,15.5019663111269,15.5006341332008,16.1006578361131,11.7577427157561
139.4,7.75,7.75,7.7509848172261,7.75031834555964,6.95632294438232,7.75698787822695,15.5019696344522,15.5006366911193,16.100926916156,11.7578705612414
139.5,7.75,7.75,7.75098646974211,7.75031961697981,6.95629995219647,7.75697555062545,15.5019729394842,15.5006392339596,16.1011956838929,11.757998170397
139.6,7.75,7.75,7.75098811410056,7.7503208816785,6.95627698423989,7.75696324331323,15.5019762282011,15.500641763357,16.1014641725691,11.7581255684438
139.7,7.75,7.75,7.75098975032277,7.75032213967533,6.95625404048745,7.75695095626431,15.5019795006455,15.5006442793507,16.101732382468,11.75825275565
139.8,7.75,7.75,7.75099137843006,7.75032339098986,6.95623112091405,7.75693868945271,15.5019827568601,15.5006467819797,16.1020003138728,11.7583797322837
139.9,7.75,7.75,7.75099299670751,7.75032463421318,6.95620823069084,7.75692644719865,15.501985993415,15.5006492684264,16.1022679072124,11.7585064533889
140,7.75,7.75,7.75099460598105,7.75032587002849,6.95618536741574,7.75691422748403,15.5019892119621,15.500651740057,16.1025351901447,11.758632939961
140.1,7.75,7.75,7.75099620722435,7.75032709923924,6.95616252821952,7.75690202790319,15.5019924144487,15.5006541984785,16.1028021957126,11.7587592170292
140.2,7.75,7.75,7.75099780045845,7.75032832186474,6.95613971307721,7.75688984843036,15.5019956009169,15.5006566437295,16.1030689241978,11.75888528486
140.3,7.75,7.75,7.75099938570437,7.75032953792426,6.95611692196387,7.75687768903974,15.5019987714087,15.5006590758485,16.1033353758817,11.7590111437193
140.4,7.75,7.75,7.75100096127404,7.75033074603348,6.95609416001859,7.75686555401843,15.5020019225481,15.500661492067,16.103601491555,11.7591367489931
140.5,7.75,7.75,7.75100252798056,7.75033194686379,6.95607142485422,7.75685344136379,15.5020050559611,15.5006638937276,16.1038672987072,11.7592621215174
140.6,7.75,7.75,7.75100408678241,7.75033314120469,6.95604871361933,7.7568413486886,15.5020081735648,15.5006662824094,16.1041328301805,11.7593872861313
140.7,7.75,7.75,7.75100563770035,7.7503343290752,6.95602602628914,7.75682927596726,15.5020112754007,15.5006686581504,16.1043980862546,11.759512243099
140.8,7.75,7.75,7.75100718075511,7.75033551049429,6.95600336283885,7.75681722317418,15.5020143615102,15.5006710209886,16.1046630672091,11.7596369926847
140.9,7.75,7.75,7.7510087142851,7.75033668410187,6.95598072837572,7.75680519456359,15.5020174285702,15.5006733682037,16.1049277141942,11.7597614906139
141,7.75,7.75,7.75101023909075,7.75033785055768,6.95595812052742,7.75679318814816,15.5020204781815,15.5006757011154,16.1051920545324,11.7598857575643
141.1,7.75,7.75,7.75101175611559,7.75033901063748,6.95593553646022,7.75678120155901,15.5020235122312,15.500678021275,16.1054561208659,11.7600098181859
141.2,7.75,7.75,7.75101326538008,7.75034016436001,6.95591297614948,7.75676923477069,15.5020265307602,15.50068032872,16.1057199134729,11.7601336727413
141.3,7.75,7.75,7.75101476690467,7.75034131174395,6.9558904395706,7.75675728775783,15.5020295338093,15.5006826234879,16.1059834326311,11.7602573214927
141.4,7.75,7.75,7.75101625905389,7.75034245145306,6.95586793179918,7.75674536474201,15.5020325181078,15.5006849029061,16.1062466198478,11.7603807205025
141.5,7.75,7.75,7.75101774261566,7.75034358413563,6.95584545047762,7.75673346375114,15.5020354852313,15.5006871682713,16.1065095022795,11.7605038902912
141.6,7.75,7.75,7.75101921851877,7.75034471055387,6.95582299278977,7.75672158243448,15.5020384370375,15.5006894211077,16.1067721123701,11.7606268553215
141.7,7.75,7.75,7.7510206867834,7.75034583072624,6.95580055871117,7.7567097207668,15.5020413735668,15.5006916614525,16.1070344503958,11.760749615854
141.8,7.75,7.75,7.75102214742971,7.75034694467115,6.95577814821736,7.75669787872289,15.5020442948594,15.5006938893423,16.1072965166326,11.7608721721489
141.9,7.75,7.75,7.75102359884798,7.75034805107585,6.95575576635252,7.75668606049196,15.502047197696,15.5006961021517,16.1075582529428,11.7609944806034
142,7.75,7.75,7.75102504181383,7.75034915057732,6.95573341077367,7.75667426411702,15.5020500836277,15.5006983011546,16.1078196863177,11.7611165615818
142.1,7.75,7.75,7.75102647724147,7.75035024392446,6.95571107868214,7.75666248726537,15.5020529544829,15.5007004878489,16.1080808490042,11.7612384393608
142.2,7.75,7.75,7.75102790515083,7.75035133113545,6.95568877005361,7.75665072991195,15.5020558103017,15.5007026622709,16.1083417412767,11.7613601141988
142.3,7.75,7.75,7.75102932556176,7.7503524122284,6.95566648486381,7.75663899203176,15.5020586511235,15.5007048244568,16.1086023634095,11.7614815863545
142.4,7.75,7.75,7.75103073688996,7.75035348591373,6.95564422812568,7.75662727778183,15.5020614737799,15.5007069718275,16.1088626576173,11.761602812557
142.5,7.75,7.75,7.7510321398989,7.75035455281728,6.95562199751079,7.7566155852202,15.5020642797978,15.5007091056346,16.1091226507276,11.7617238130159
142.6,7.75,7.75,7.75103353548844,7.75035561367483,6.95559979023779,7.75660391203204,15.5020670709769,15.5007112273497,16.1093823747915,11.7618446118228
142.7,7.75,7.75,7.75103492367822,7.75035666850427,6.95557760628254,7.7565922581925,15.5020698473564,15.5007133370085,16.1096418300816,11.7619652092347
142.8,7.75,7.75,7.75103630448783,7.75035771732345,6.95555544562092,7.75658062367674,15.5020726089757,15.5007154346469,16.1099010168704,11.762085605508
142.9,7.75,7.75,7.75103767635801,7.75035875886557,6.95553331323488,7.7565690126099,15.502075352716,15.5007175177311,16.1101598777229,11.7622057577017
143,7.75,7.75,7.75103904004025,7.75035979374552,6.95551120681039,7.75655742306491,15.5020780800805,15.500719587491,16.1104184393036,11.7623256858716
143.1,7.75,7.75,7.75104039642025,7.75036082268616,6.95548912358335,7.75654585274469,15.5020807928405,15.5007216453723,16.1106767334693,11.7624454139259
143.2,7.75,7.75,7.75104174551738,7.7503618457051,6.95546706352978,7.75653430162457,15.5020834910348,15.5007236914102,16.1109347604907,11.7625649421196
143.3,7.75,7.75,7.75104308735096,7.75036286281992,6.95544502662572,7.7565227696799,15.5020861747019,15.5007257256398,16.1111925206386,11.7626842707075
143.4,7.75,7.75,7.75104442038644,7.75036387278626,6.95542301782231,7.75651126100415,15.5020888407729,15.5007277455725,16.111449956826,11.7628033570758
143.5,7.75,7.75,7.75104574536349,7.75036487620821,6.95540103481987,7.75649977368503,15.502091490727,15.5007297524164,16.1117070955555,11.7629222211275
143.6,7.75,7.75,7.75104706315385,7.75036587379592,6.9553790748714,7.75648830544309,15.5020941263077,15.5007317475918,16.1119639684908,11.763040886589
143.7,7.75,7.75,7.75104837377661,7.75036686556672,6.95535713795308,7.75647685625383,15.5020967475532,15.5007337311334,16.1122205759007,11.7631593537132
143.8,7.75,7.75,7.75104967725084,7.75036785153793,6.95533522404112,7.7564654260928,15.5020993545017,15.5007357030759,16.1124769180543,11.7632776227531
143.9,7.75,7.75,7.75105097206633,7.75036883048728,6.95531333805605,7.75645401902202,15.5021019441327,15.5007376609746,16.1127329382104,11.7633956514199
144,7.75,7.75,7.75105225895112,7.75036980300825,6.95529147771244,7.75644263314386,15.5021045179022,15.5007396060165,16.1129886627108,11.7635134594652
144.1,7.75,7.75,7.75105353876316,7.75037076979843,6.95526964028028,7.75643126619638,15.5021070775263,15.5007415395969,16.1132441230271,11.7636310704342
144.2,7.75,7.75,7.7510548115213,7.75037173087491,6.95524782573592,7.75641991815528,15.5021096230426,15.5007434617498,16.1134993194265,11.7637484845784
144.3,7.75,7.75,7.75105607724433,7.75037268625473,6.95522603405572,7.75640858899626,15.5021121544887,15.5007453725095,16.1137542521763,11.7638657021488
144.4,7.75,7.75,7.75105733444606,7.7503736347374,6.95520427012982,7.75639728275014,15.5021146688921,15.5007472694748,16.1140088648788,11.7639826811792
144.5,7.75,7.75,7.75105858384305,7.75037457690592,6.95518253168694,7.75638599753387,15.5021171676861,15.5007491538118,16.1142631837162,11.7640994412706
144.6,7.75,7.75,7.75105982627966,7.75037551344554,6.95516081601395,7.75637473110287,15.5021196525593,15.5007510268911,16.1145172399692,11.7642160057891
144.7,7.75,7.75,7.75106106177448,7.75037644437308,6.95513912308735,7.756363483433,15.502122123549,15.5007528887462,16.1147710339033,11.764332374984
144.8,7.75,7.75,7.75106229034605,7.75037736970534,6.95511745288366,7.75635225450017,15.5021245806921,15.5007547394107,16.1150245657841,11.7644485491046
144.9,7.75,7.75,7.75106351053187,7.75037828826324,6.95509581026284,7.75634104830421,15.5021270210637,15.5007565765265,16.1152777795552,11.7645644865052
145,7.75,7.75,7.75106472303715,7.75037920061949,6.95507419296765,7.75632986297652,15.5021294460743,15.500758401239,16.11553070124,11.7646802066371
145.1,7.75,7.75,7.75106592869288,7.75038010744717,6.95505259830173,7.75631869628976,15.5021318573858,15.5007602148943,16.1157833619298,11.7647957326884
145.2,7.75,7.75,7.75106712751738,7.75038100876286,6.95503102624174,7.75630754821998,15.5021342550348,15.5007620175257,16.1160357618884,11.7649110649066
145.3,7.75,7.75,7.75106831952893,7.75038190458308,6.95500947676438,7.75629641874325,15.5021366390579,15.5007638091662,16.1162879013796,11.7650262035391
145.4,7.75,7.75,7.75106950328841,7.75038279374988,6.95498795469959,7.75628531182867,15.5021390065768,15.5007655874998,16.1165397246861,11.7651411072581
145.5,7.75,7.75,7.75107067948984,7.75038367682581,6.95496645780409,7.75627422562199,15.5021413589797,15.5007673536516,16.1167912576736,11.765255795367
145.6,7.75,7.75,7.75107184895101,7.75038455447197,6.95494498339819,7.75626315791297,15.502143697902,15.5007691089439,16.1170425312452,11.7653702908765
145.7,7.75,7.75,7.75107301168997,7.75038542670469,6.95492353145871,7.75625210867784,15.5021460233799,15.5007708534094,16.1172935456631,11.7654845940326
145.8,7.75,7.75,7.75107416772477,7.75038629354025,6.95490210196248,7.75624107789286,15.5021483354495,15.5007725870805,16.1175443011891,11.7655987050809
145.9,7.75,7.75,7.75107531563931,7.75038715384147,6.95488069970967,7.75623006949658,15.5021506312786,15.5007743076829,16.117794742443,11.7657125830091
146,7.75,7.75,7.7510764561166,7.75038800816091,6.95485932247087,7.75621908164902,15.5021529122332,15.5007760163218,16.1180448951338,11.7658262469735
146.1,7.75,7.75,7.75107758996139,7.75038885714788,6.95483796758293,7.75620811215692,15.5021551799228,15.5007777142958,16.1182947899775,11.7659397198092
146.2,7.75,7.75,7.75107871719151,7.75038970081845,6.95481663502282,7.75619716099667,15.502157434383,15.5007794016369,16.1185444272346,11.7660530017605
146.3,7.75,7.75,7.75107983782473,7.75039053918867,6.95479532476752,7.75618622814472,15.5021596756495,15.5007810783773,16.1187938071654,11.766166093071
146.4,7.75,7.75,7.75108095046768,7.75039137114181,6.95477404158763,7.75617531750934,15.5021619009354,15.5007827422836,16.1190428747241,11.766278953042
146.5,7.75,7.75,7.75108205579251,7.75039219722058,6.95475278326749,7.75616442726465,15.502164111585,15.5007843944412,16.1192916554642,11.7663916006834
146.6,7.75,7.75,7.75108315459112,7.75039301806271,6.9547315471604,7.75615355523428,15.5021663091822,15.5007860361254,16.1195401799159,11.7665040586562
146.7,7.75,7.75,7.75108424688108,7.750393833684,6.95471033324348,7.75614270139479,15.5021684937622,15.500787667368,16.119788448338,11.7666163272028
146.8,7.75,7.75,7.75108533267993,7.75039464410026,6.95468914149387,7.75613186572278,15.5021706653599,15.5007892882005,16.1200364609891,11.7667284065651
146.9,7.75,7.75,7.7510864106167,7.75039544821491,6.95466797665276,7.75612105209648,15.5021728212334,15.5007908964298,16.1202841631559,11.7668402563555
147,7.75,7.75,7.75108748135281,7.75039624656098,6.95464683651818,7.75611025870404,15.5021749627056,15.500792493122,16.1205315802374,11.7669518954387
147.1,7.75,7.75,7.75108854566751,7.75039703976474,6.95462571845976,7.75609948338581,15.502177091335,15.5007940795295,16.1207787425791,11.7670633463028
147.2,7.75,7.75,7.75108960357812,7.75039782784177,6.95460462245476,7.75608872611852,15.5021792071562,15.5007956556835,16.121025650438,11.7671746091883
147.3,7.75,7.75,7.75109065510192,7.75039861080763,6.95458354848048,7.75607798687896,15.5021813102038,15.5007972216153,16.1212723040712,11.7672856843354
147.4,7.75,7.75,7.75109169889006,7.75039938758559,6.95456250124892,7.75606726951551,15.5021833977801,15.5007987751712,16.1215186490957,11.7673965316653
147.5,7.75,7.75,7.75109273559338,7.75040015869913,6.95454147857169,7.75605657223024,15.5021854711868,15.5008003173983,16.1217647107568,11.7675071698988
147.6,7.75,7.75,7.75109376597864,7.75040092476326,6.95452047783463,7.7560458928801,15.5021875319573,15.5008018495265,16.1220105192167,11.767617621352
147.7,7.75,7.75,7.75109479006291,7.75040168579333,6.95449949901517,7.75603523144202,15.5021895801258,15.5008033715867,16.1222560747308,11.7677278862638
147.8,7.75,7.75,7.75109580786324,7.75040244180465,6.95447854209075,7.75602458789294,15.5021916157265,15.5008048836093,16.1225013775543,11.7678379648726
147.9,7.75,7.75,7.75109681805256,7.75040319174003,6.95445761174437,7.75601396605162,15.5021936361051,15.5008063834801,16.1227463736326,11.7679478174062
148,7.75,7.75,7.75109782127129,7.75040393611355,6.95443670580114,7.75600336413396,15.5021956425426,15.5008078722271,16.1229910880584,11.7680574624424
148.1,7.75,7.75,7.75109881827387,7.75040467552915,6.954415821663,7.7559927800134,15.5021976365477,15.5008093510583,16.1232355508116,11.7681669221268
148.2,7.75,7.75,7.75109980907714,7.75040541000192,6.95439495930753,7.75598221366703,15.5021996181543,15.5008108200038,16.1234797621459,11.7682761966964
148.3,7.75,7.75,7.75110079369791,7.75040613954696,6.95437411871233,7.75597166507197,15.5022015873958,15.5008122790939,16.1237237223149,11.7683852863882
148.4,7.75,7.75,7.75110177083058,7.75040686312631,6.95435330453159,7.75596113801755,15.5022035416612,15.5008137262526,16.1239673775901,11.768494151734
148.5,7.75,7.75,7.75110274110531,7.75040758124478,6.95433251460383,7.75595063073343,15.5022054822106,15.5008151624896,16.1242107529126,11.7686028111698
148.6,7.75,7.75,7.75110370526437,7.75040829449541,6.95431174634698,7.75594014110938,15.5022074105287,15.5008165889908,16.1244538780812,11.7687112866719
148.7,7.75,7.75,7.75110466332438,7.75040900289306,6.95429099973878,7.75592966912268,15.5022093266488,15.5008180057861,16.1246967533479,11.7688195784756
148.8,7.75,7.75,7.75110561530193,7.75040970645258,6.95427027475697,7.75591921475061,15.5022112306039,15.5008194129052,16.1249393789648,11.768927686816
148.9,7.75,7.75,7.75110655991258,7.75041040415496,6.95424957602714,7.75590878175334,15.5022131198252,15.5008208083099,16.1251817015274,11.7690355725274
149,7.75,7.75,7.75110749777636,7.75041109649592,6.95422890140109,7.7558983683741,15.5022149955527,15.5008221929918,16.125423745826,11.7691432539046
149.1,7.75,7.75,7.75110842962358,7.75041178405772,6.95420824831269,7.75588797251895,15.5022168592472,15.5008235681154,16.1256655414796,11.7692507527558
149.2,7.75,7.75,7.75110935547061,7.75041246685501,6.9541876167398,7.75587759416531,15.5022187109412,15.50082493371,16.1259070887386,11.7693580693148
149.3,7.75,7.75,7.7511102753338,7.7504131449024,6.95416700666032,7.75586723329064,15.5022205506676,15.5008262898048,16.1261483878534,11.7694652038149
149.4,7.75,7.75,7.75111118794963,7.75041381719955,6.9541464226714,7.75585689362612,15.5022223758993,15.5008276343991,16.1263893857414,11.7695721173902
149.5,7.75,7.75,7.7511120939281,7.75041448423318,6.9541258626381,7.75584657342853,15.5022241878562,15.5008289684664,16.1266301070433,11.7696788281958
149.6,7.75,7.75,7.75111299398773,7.75041514657498,6.95410532401004,7.75583627062003,15.5022259879755,15.50083029315,16.1268705811993,11.769785357873
149.7,7.75,7.75,7.75111388814465,7.75041580423937,6.95408480676525,7.75582598517822,15.5022277762893,15.5008316084787,16.1271108084583,11.7698917066538
149.8,7.75,7.75,7.751114776415,7.75041645724074,6.95406431088177,7.75581571708072,15.50222955283,15.5008329144815,16.127350789069,11.7699978747699
149.9,7.75,7.75,7.75111565755585,7.75041710459712,6.95404384092852,7.75580547002995,15.5022313151117,15.5008342091942,16.1275904702686,11.7701038236532
150,7.75,7.75,7.75111653216734,7.75041774678639,6.95402339478368,7.75579524229612,15.5022330643347,15.5008354935728,16.127829876549,11.7702095713198
150.1,7.75,7.75,7.75111740095633,7.75041838436981,6.95400296991258,7.75578503181739,15.5022348019127,15.5008367687396,16.1280690371731,11.7703151392456
150.2,7.75,7.75,7.75111826393876,7.75041901736158,6.95398256629339,7.75577483857151,15.5022365278775,15.5008380347232,16.1283079523879,11.7704205276606
150.3,7.75,7.75,7.7511191211305,7.75041964577589,6.95396218390429,7.75576466253628,15.502238242261,15.5008392915518,16.1285466224407,11.770525736795
150.4,7.75,7.75,7.75111997130896,7.75042026864881,6.95394182728614,7.75575450738557,15.5022399426179,15.5008405372976,16.1287849948864,11.7706307283763
150.5,7.75,7.75,7.75112081506455,7.75042088644955,6.9539214943302,7.75574437140292,15.5022416301291,15.5008417728991,16.1290230940692,11.7707355202826
150.6,7.75,7.75,7.75112165309266,7.75042149972911,6.95390118251736,7.75573425254237,15.5022433061853,15.5008429994582,16.1292609490754,11.7708401338255
150.7,7.75,7.75,7.75112248540899,7.75042210850146,6.95388089182593,7.75572415078183,15.502244970818,15.5008442170029,16.1294985601507,11.7709445692333
150.8,7.75,7.75,7.7511233120292,7.75042271278056,6.95386062223424,7.75571406609927,15.5022466240584,15.5008454255611,16.1297359275405,11.7710488267345
150.9,7.75,7.75,7.75112413175071,7.75042331162031,6.95384037825531,7.75570400214024,15.5022482635014,15.5008466232406,16.1299729991156,11.77115286835
151,7.75,7.75,7.75112494515437,7.75042390548134,6.95382015779333,7.75569395720147,15.5022498903087,15.5008478109627,16.1302097990733,11.7712567118213
151.1,7.75,7.75,7.75112575292423,7.75042449490454,6.95379995834468,7.75568392925277,15.5022515058485,15.5008489898091,16.1304463563247,11.7713603782963
151.2,7.75,7.75,7.75112655507576,7.75042507990367,6.95377977988782,7.75567391827225,15.5022531101515,15.5008501598073,16.1306826711139,11.7714638680021
151.3,7.75,7.75,7.75112735162443,7.75042566049248,6.95375962240123,7.755663924238,15.5022547032489,15.500851320985,16.1309187436846,11.7715671811652
151.4,7.75,7.75,7.75112814138738,7.7504262357424,6.95373949037023,7.75565395076747,15.5022562827748,15.5008524714848,16.1311545222215,11.771670280098
151.5,7.75,7.75,7.75112892493602,7.7504268061056,6.95371938171192,7.75564399617052,15.502257849872,15.5008536122112,16.1313900307759,11.7717731824061
151.6,7.75,7.75,7.75112970294324,7.75042737211305,6.95369929393803,7.75563405843261,15.5022594058865,15.5008547442261,16.1316252980847,11.7718759090753
151.7,7.75,7.75,7.75113047542428,7.75042793377829,6.95367922702716,7.75562413753198,15.5022609508486,15.5008558675566,16.1318603243905,11.7719784603311
151.8,7.75,7.75,7.75113124239441,7.75042849111485,6.95365918095794,7.75561423344693,15.5022624847888,15.5008569822297,16.1320951099356,11.7720808363983
151.9,7.75,7.75,7.75113200269023,7.75042904321142,6.9536391601882,7.75560434976695,15.5022640053805,15.5008580864228,16.132329603216,11.7721829998786
152,7.75,7.75,7.75113275687383,7.75042959051187,6.95361916264783,7.75559448481495,15.5022655137477,15.5008591810237,16.1325638281383,11.7722849682426
152.1,7.75,7.75,7.75113350560708,7.75043013353737,6.95359918586383,7.75558463659191,15.5022670112142,15.5008602670747,16.1327978132664,11.7723867623153
152.2,7.75,7.75,7.75113424890504,7.75043067230125,6.95357922981495,7.75557480507626,15.5022684978101,15.5008613446025,16.1330315588413,11.7724883823204
152.3,7.75,7.75,7.75113498678273,7.75043120681684,6.95355929447995,7.75556499024642,15.5022699735655,15.5008624136337,16.1332650651036,11.7725898284814
152.4,7.75,7.75,7.75113571809597,7.7504317361898,6.95353938428936,7.75555519566422,15.5022714361919,15.5008634723796,16.1334982808591,11.7726910636868
152.5,7.75,7.75,7.75113644339765,7.75043226085585,6.95351949718576,7.75554541966546,15.5022728867953,15.5008645217117,16.1337312298705,11.7727921052733
152.6,7.75,7.75,7.75113716333879,7.75043278132649,6.95349963071134,7.75553566026656,15.5022743266776,15.500865562653,16.1339639405296,11.7728929739065
152.7,7.75,7.75,7.75113787793423,7.75043329761487,6.95347978484498,7.75552591744609,15.5022757558685,15.5008665952297,16.1341964130759,11.7729936698081
152.8,7.75,7.75,7.75113858719879,7.75043380973409,6.95345995956558,7.75551619118266,15.5022771743976,15.5008676194682,16.1344286477486,11.7730941932001
152.9,7.75,7.75,7.75113929000721,7.75043431680655,6.95344015927655,7.75550648501056,15.5022785800144,15.5008686336131,16.134660593661,11.7731945072561
153,7.75,7.75,7.75113998690333,7.75043481925991,6.95342038193309,7.75549679727845,15.5022799738067,15.5008696385198,16.1348922744327,11.7732946291799
153.1,7.75,7.75,7.75114067852746,7.75043531759619,6.95340062509245,7.75548712601805,15.5022813570549,15.5008706351924,16.1351237182849,11.7733945794783
153.2,7.75,7.75,7.75114136489422,7.75043581182831,6.95338088873365,7.75547747120809,15.5022827297884,15.5008716236566,16.1353549254553,11.7734943583717
153.3,7.75,7.75,7.75114204601824,7.7504363019692,6.95336117283575,7.75546783282732,15.5022840920365,15.5008726039384,16.1355858961818,11.7735939660802
153.4,7.75,7.75,7.75114272079292,7.75043678715771,6.95334148177518,7.75545821438276,15.5022854415858,15.5008735743154,16.1358165798832,11.7736933660606
153.5,7.75,7.75,7.75114338975316,7.75043726781357,6.9533218135197,7.75544861423579,15.5022867795063,15.5008745356271,16.1360470000371,11.7737925753846
153.6,7.75,7.75,7.75114405352872,7.75043774442945,6.95330216564153,7.75543903043333,15.5022881070574,15.5008754888589,16.1362771846949,11.7738916144016
153.7,7.75,7.75,7.75114471213402,7.75043821701809,6.95328253811982,7.75542946295425,15.502289424268,15.5008764340362,16.1365071340929,11.7739904833304
153.8,7.75,7.75,7.75114536558346,7.75043868559219,6.95326293093378,7.75541991177749,15.5022907311669,15.5008773711844,16.1367368484672,11.7740891823896
153.9,7.75,7.75,7.75114601278887,7.75043914930684,6.95324334843305,7.75541038038294,15.5022920255777,15.5008782986137,16.1369662775407,11.7741876753167
154,7.75,7.75,7.75114665427633,7.75043960857395,6.95322378859786,7.75540086714465,15.5022933085527,15.5008792171479,16.1371954446494,11.7742859790526
154.1,7.75,7.75,7.75114729066518,7.75044006387699,6.95320424901529,7.7553913701246,15.5022945813304,15.500880127754,16.1374243776764,11.7743841137902
154.2,7.75,7.75,7.75114792196966,7.7504405152285,6.95318472966464,7.75538188930184,15.5022958439393,15.500881030457,16.1376530768563,11.7744820797469
154.3,7.75,7.75,7.75114854820397,7.75044096264098,6.95316523052524,7.75537242465543,15.5022970964079,15.500881925282,16.1378815424238,11.7745798771397
154.4,7.75,7.75,7.75114916829805,7.7504414052855,6.95314575592017,7.75536297963839,15.5022983365961,15.500882810571,16.1381097244034,11.7746774699849
154.5,7.75,7.75,7.75114978276932,7.75044184356626,6.953126303842,7.75535355263731,15.5022995655386,15.5008836871325,16.1383376459909,11.7747748750933
154.6,7.75,7.75,7.75115039222687,7.75044227795768,6.9531068718926,7.75534414172914,15.5023007844537,15.5008845559154,16.1385653349019,11.7748721125028
154.7,7.75,7.75,7.75115099668471,7.75044270847212,6.95308746005139,7.75533474689309,15.5023019933694,15.5008854169442,16.1387927913694,11.7749691824291
154.8,7.75,7.75,7.75115159615685,7.75044313512187,6.95306806829785,7.75532536810837,15.5023031923137,15.5008862702437,16.1390200156267,11.7750660850876
154.9,7.75,7.75,7.75115218959113,7.75044355709369,6.95304870092864,7.75531600880131,15.5023043791823,15.5008871141874,16.1392469579979,11.7751627847716
155,7.75,7.75,7.7511527774964,7.75044397478426,6.95302935594862,7.75530666737095,15.5023055549928,15.5008879495685,16.1394736415397,11.7752592981627
155.1,7.75,7.75,7.75115336047163,7.75044438865906,6.95301003097432,7.7552973419091,15.5023067209433,15.5008887773181,16.139700093801,11.7753556451448
155.2,7.75,7.75,7.75115393853063,7.75044479873024,6.95299072598533,7.75528803239512,15.5023078770613,15.5008895974605,16.1399263150136,11.775451825932
155.3,7.75,7.75,7.75115451168722,7.75044520500993,6.95297144096124,7.75527873880839,15.5023090233744,15.5008904100199,16.1401523054089,11.7755478407382
155.4,7.75,7.75,7.75115507890688,7.75044560670035,6.95295218017246,7.75526946454871,15.5023101578138,15.5008912134007,16.1403780156092,11.7756436541314
155.5,7.75,7.75,7.75115564069,7.75044600419071,6.95293294163608,7.7552602080275,15.50231128138,15.5008920083814,16.1406034685326,11.7757392826651
155.6,7.75,7.75,7.75115619762558,7.75044639793773,6.9529137229832,7.75525096735133,15.5023123952512,15.5008927958755,16.1408286915626,11.7758347460703
155.7,7.75,7.75,7.75115674972725,7.75044678795336,6.95289452419354,7.75524174249969,15.5023134994545,15.5008935759067,16.1410536849294,11.7759300445596
155.8,7.75,7.75,7.75115729700862,7.75044717424955,6.95287534524682,7.75523253345213,15.5023145940172,15.5008943484991,16.1412784488633,11.7760251783452
155.9,7.75,7.75,7.75115783845256,7.75044755604373,6.9528561903874,7.75522334358214,15.5023156769051,15.5008951120875,16.1415029342822,11.7761201122681
156,7.75,7.75,7.75115837455115,7.7504479337178,6.95283705764448,7.75521417131342,15.5023167491023,15.5008958674356,16.1417271639666,11.7762148627545
156.1,7.75,7.75,7.75115890588353,7.75044830771982,6.95281794466365,7.75520501476717,15.5023178117671,15.5008966154396,16.1419511651359,11.7763094493836
156.2,7.75,7.75,7.75115943246315,7.75044867806156,6.95279885142476,7.75519587392303,15.5023188649263,15.5008973561231,16.1421749380187,11.7764038723664
156.3,7.75,7.75,7.75115995430344,7.75044904475479,6.95277977790767,7.7551867487607,15.5023199086069,15.5008980895096,16.1423984828438,11.7764981319137
156.4,7.75,7.75,7.75116047040439,7.75044940703192,6.95276072833083,7.75517764262758,15.5023209408088,15.5008988140638,16.1426217508232,11.7765921931373
156.5,7.75,7.75,7.75116098124988,7.75044976526762,6.9527417007355,7.75516855395954,15.5023219624998,15.5008995305352,16.1428447646007,11.7766860723369
156.6,7.75,7.75,7.75116148740937,7.75045011990146,6.95272269278165,7.7551594808923,15.5023229748187,15.5009002398029,16.1430675512324,11.7767797889413
156.7,7.75,7.75,7.7511619888961,7.75045047094503,6.95270370444926,7.75515042340566,15.5023239777922,15.5009009418901,16.1432901109455,11.7768733431598
156.8,7.75,7.75,7.75116248572331,7.75045081840988,6.95268473571832,7.75514138147948,15.5023249714466,15.5009016368198,16.1435124439673,11.7769667352017
156.9,7.75,7.75,7.75116297690791,7.75045116154321,6.95266579078157,7.75513235843522,15.5023259538158,15.5009023230864,16.1437345018019,11.7770599304476
157,7.75,7.75,7.75116346292567,7.75045150071258,6.95264686769222,7.75512335272086,15.5023269258513,15.5009030014252,16.1439563069573,11.777152945072
157.1,7.75,7.75,7.7511639443365,7.75045183634917,6.95262796412454,7.75511436248653,15.502327888673,15.5009036726983,16.1441778863275,11.7772457983538
157.2,7.75,7.75,7.75116442115344,7.7504521684644,6.95260908005864,7.75510538771221,15.5023288423069,15.5009043369288,16.1443992401381,11.7773384905011
157.3,7.75,7.75,7.75116489338956,7.75045249706963,6.95259021547465,7.75509642837787,15.5023297867791,15.5009049941393,16.1446203686151,11.7774310217215
157.4,7.75,7.75,7.75116536007843,7.75045282142659,6.95257137453973,7.75508748777927,15.5023307201569,15.5009056428532,16.1448412235527,11.7775233576627
157.5,7.75,7.75,7.75116582168782,7.75045314189584,6.95255255531901,7.75507856437639,15.5023316433756,15.5009062837917,16.1450618273241,11.7776155143745
157.6,7.75,7.75,7.75116627876823,7.75045345890032,6.95253375550094,7.75506965633368,15.5023325575365,15.5009069178006,16.145282206662,11.7777075109874
157.7,7.75,7.75,7.75116673133252,7.75045377245126,6.95251497506575,7.75506076363124,15.502333462665,15.5009075449025,16.1455023617907,11.777799347708
157.8,7.75,7.75,7.75116717939357,7.75045408255986,6.9524962139937,7.75505188624922,15.5023343587871,15.5009081651197,16.1457222929346,11.7778910247423
157.9,7.75,7.75,7.75116762200137,7.75045438850213,6.9524774764266,7.75504302745783,15.5023352440027,15.5009087770043,16.1459419521765,11.7779825080031
158,7.75,7.75,7.75116805961584,7.75045469063174,6.95245876044135,7.75503418572896,15.5023361192317,15.5009093812635,16.1461613617553,11.7780738134165
158.1,7.75,7.75,7.75116849277817,7.75045498936353,6.95244006374051,7.75502535924129,15.5023369855563,15.5009099787271,16.1463805482438,11.7781649599657
158.2,7.75,7.75,7.75116892150106,7.75045528470854,6.95242138630445,7.75501654797506,15.5023378430021,15.5009105694171,16.1465995118647,11.7782559478557
158.3,7.75,7.75,7.75116934579719,7.7504555766778,6.95240272811357,7.75500775191055,15.5023386915944,15.5009111533556,16.146818252841,11.7783467772911
158.4,7.75,7.75,7.75116976473274,7.75045586456139,6.95238409328442,7.75499897429265,15.5023395294655,15.5009117291228,16.147036723542,11.7784374144476
158.5,7.75,7.75,7.75117017875988,7.75045614870621,6.95236547990568,7.75499021360505,15.5023403575198,15.5009122974124,16.1472549460736,11.7785278751288
158.6,7.75,7.75,7.75117058841065,7.75045642951909,6.95234688569389,7.75498146804055,15.5023411768213,15.5009128590382,16.1474729468492,11.7786181781715
158.7,7.75,7.75,7.75117099369756,7.75045670701091,6.95232831062956,7.75497273757954,15.5023419873951,15.5009134140218,16.1476907260904,11.7787083237791
158.8,7.75,7.75,7.7511713946331,7.75045698119253,6.9523097546932,7.75496402220244,15.5023427892662,15.5009139623851,16.1479082840185,11.7787983121549
158.9,7.75,7.75,7.75117179029944,7.75045725136787,6.95229122197634,7.75495532512898,15.5023435805989,15.5009145027357,16.1481255732877,11.7788881097355
159,7.75,7.75,7.75117218114109,7.75045751787717,6.95227271057928,7.7549466448546,15.5023443622822,15.5009150357543,16.1483426158714,11.7789777322029
159.1,7.75,7.75,7.75117256768106,7.75045778111938,6.9522542182325,7.75493797958608,15.5023451353621,15.5009155622388,16.148559438025,11.7790671982486
159.2,7.75,7.75,7.75117294993167,7.75045804110522,6.95223574491663,7.75492932930397,15.5023458998633,15.5009160822104,16.1487760399687,11.7791565080745
159.3,7.75,7.75,7.75117332790526,7.75045829784537,6.9522172906123,7.75492069398883,15.5023466558105,15.5009165956907,16.1489924219223,11.7792456618822
159.4,7.75,7.75,7.75117370069971,7.7504585506574,6.95219885938616,7.75491207683542,15.5023474013994,15.5009171013148,16.149208536823,11.779334626368
159.5,7.75,7.75,7.75117406875201,7.75045879987496,6.9521804493501,7.75490347635083,15.502348137504,15.5009175997499,16.1494244065126,11.7794234170926
159.6,7.75,7.75,7.75117443257626,7.75045904588928,6.95216205824839,7.75489489075575,15.5023488651525,15.5009180917786,16.1496400570895,11.7795120526034
159.7,7.75,7.75,7.75117479218461,7.75045928871089,6.95214368606181,7.75488632003085,15.5023495843692,15.5009185774218,16.1498554887724,11.7796005331008
159.8,7.75,7.75,7.75117514758922,7.75045952835032,6.95212533277113,7.75487776415685,15.5023502951784,15.5009190567006,16.1500707017799,11.7796888587852
159.9,7.75,7.75,7.75117549790348,7.75045976413854,6.95210700241826,7.75486922630371,15.502350995807,15.5009195282771,16.15028564933,11.7797769966098
160,7.75,7.75,7.75117584355697,7.75045999640274,6.95208869312658,7.75486070499011,15.5023516871139,15.5009199928055,16.150500353134,11.7798649620156
160.1,7.75,7.75,7.75117618505498,7.75046022552654,6.95207040265413,7.7548521984505,15.50235237011,15.5009204510531,16.1507148391343,11.7799527734067
160.2,7.75,7.75,7.75117652240951,7.7504604515203,6.95205213098177,7.75484370666572,15.502353044819,15.5009209030406,16.1509291075481,11.7800404309821
160.3,7.75,7.75,7.75117685563254,7.75046067439438,6.95203387809042,7.75483522961663,15.5023537112651,15.5009213487888,16.1511431585925,11.7801279349406
160.4,7.75,7.75,7.75117718385276,7.75046089349296,6.95201564799742,7.75482677044857,15.5023543677055,15.5009217869859,16.151356945765,11.7802152524911
160.5,7.75,7.75,7.75117750749242,7.75046110913686,6.9519974388376,7.75481832769172,15.5023550149848,15.5009222182737,16.151570490647,11.7803023989553
160.6,7.75,7.75,7.75117782704815,7.75046132170221,6.95197924838261,7.75480989959421,15.5023556540963,15.5009226434044,16.1517838190257,11.7803893925952
160.7,7.75,7.75,7.75117814253179,7.75046153119919,6.95196107661345,7.75480148613702,15.5023562850636,15.5009230623984,16.1519969311172,11.7804762336084
160.8,7.75,7.75,7.75117845395515,7.75046173763802,6.95194292351117,7.75479308730116,15.5023569079103,15.500923475276,16.152209827137,11.7805629221922
160.9,7.75,7.75,7.75117876046199,7.75046194037585,6.95192479306871,7.75478470620755,15.502357520924,15.5009238807517,16.1524224608601,11.7806494258091
161,7.75,7.75,7.75117906246734,7.75046213972727,6.95190668343224,7.75477634139774,15.5023581249347,15.5009242794545,16.1526348537389,11.7807357596626
161.1,7.75,7.75,7.7511793604593,7.75046233606099,6.95188859238696,7.75476799113349,15.5023587209186,15.500924672122,16.1528470314067,11.7808219418735
161.2,7.75,7.75,7.75117965444955,7.75046252938707,6.95187051991401,7.75475965539589,15.5023593088991,15.5009250587741,16.153058994078,11.780907972638
161.3,7.75,7.75,7.75117994444971,7.75046271971552,6.95185246599456,7.7547513341661,15.5023598888994,15.500925439431,16.1532707419671,11.780993852152
161.4,7.75,7.75,7.75118022961842,7.75046290641632,6.9518344345973,7.7547430305408,15.5023604592368,15.5009258128326,16.1534822291245,11.7810795481298
161.5,7.75,7.75,7.75118051036359,7.75046308979789,6.95181642387968,7.75473474307286,15.5023610207272,15.5009261795958,16.1536934768747,11.7811650756574
161.6,7.75,7.75,7.75118078716491,7.75046327022166,6.95179843164038,7.75472647003751,15.5023615743298,15.5009265404433,16.1539045106977,11.7812504527155
161.7,7.75,7.75,7.75118106003388,7.75046344769753,6.95178045786064,7.75471821141601,15.5023621200678,15.5009268953951,16.1541153308068,11.781335679499
161.8,7.75,7.75,7.75118132898197,7.75046362223537,6.95176250252175,7.75470996718962,15.5023626579639,15.5009272444707,16.1543259374148,11.7814207562022
161.9,7.75,7.75,7.75118159318248,7.75046379321774,6.95174456956835,7.75470174043099,15.502363186365,15.5009275864355,16.1545362848464,11.7815056507895
162,7.75,7.75,7.75118185303627,7.75046396094698,6.95172665716907,7.7546935297042,15.5023637060725,15.500927921894,16.1547463942983,11.7815903782302
162.1,7.75,7.75,7.75118210901476,7.75046412577739,6.95170876313597,7.75468533329788,15.5023642180295,15.5009282515548,16.1549562910988,11.7816749563661
162.2,7.75,7.75,7.75118236112929,7.75046428771871,6.95169088745041,7.75467715119342,15.5023647222586,15.5009285754374,16.1551659754596,11.7817593853905
162.3,7.75,7.75,7.75118260939116,7.75046444678064,6.9516730300938,7.75466898337224,15.5023652187823,15.5009288935613,16.1553754475924,11.7818436654965
162.4,7.75,7.75,7.7511828529881,7.75046460235814,6.95165519498687,7.75466083288307,15.5023657059762,15.5009292047163,16.1555846620938,11.7819277648965
162.5,7.75,7.75,7.75118309231407,7.75046475474757,6.95163738030937,7.75465269830116,15.5023661846281,15.5009295094951,16.1557936400342,11.782011698444
162.6,7.75,7.75,7.75118332783232,7.7504649042962,6.95161958388663,7.75464457792842,15.5023666556646,15.5009298085924,16.1560024065907,11.7820954838429
162.7,7.75,7.75,7.751183559554,7.7504650510136,6.95160180570016,7.75463647174638,15.502367119108,15.5009301020272,16.1562109619736,11.782179121285
162.8,7.75,7.75,7.75118378749028,7.75046519490933,6.95158404573148,7.75462837973661,15.5023675749806,15.5009303898187,16.1564193063933,11.782262610962
162.9,7.75,7.75,7.75118401084311,7.75046533539055,6.95156630787755,7.75462030492412,15.5023680216862,15.5009306707811,16.1566273947169,11.7823459213327
163,7.75,7.75,7.75118422999963,7.75046547274774,6.95154859032918,7.75461224589522,15.5023684599993,15.5009309454955,16.1568352478889,11.7824290671357
163.1,7.75,7.75,7.75118444541504,7.75046560732122,6.95153089092491,7.75460420096503,15.5023688908301,15.5009312146424,16.1570428909364,11.7825120659378
163.2,7.75,7.75,7.75118465710033,7.75046573912044,6.95151320964635,7.7545961701152,15.5023693142007,15.5009314782409,16.1572503240685,11.7825949179295
163.3,7.75,7.75,7.7511848650665,7.75046586815479,6.95149554647515,7.75458815332743,15.502369730133,15.5009317363096,16.157457547494,11.7826776233009
163.4,7.75,7.75,7.75118506852955,7.75046599384342,6.95147790528466,7.75458015360322,15.5023701370591,15.5009319876868,16.1576645163487,11.7827601507555
163.5,7.75,7.75,7.75118526786989,7.75046611647104,6.95146028427669,7.75457216953985,15.5023705357398,15.5009322329421,16.1578712514525,11.7828425149179
163.6,7.75,7.75,7.75118546353476,7.75046623637116,6.95144268130285,7.75456419946552,15.5023709270695,15.5009324727423,16.158077777683,11.7829247332187
163.7,7.75,7.75,7.75118565553502,7.75046635355306,6.95142509634491,7.75455624336204,15.50237131107,15.5009327071061,16.158284095248,11.783006805847
163.8,7.75,7.75,7.7511858438815,7.75046646802599,6.95140752938463,7.75454830121124,15.502371687763,15.500932936052,16.1584902043552,11.7830887329918
163.9,7.75,7.75,7.75118602780404,7.75046657922092,6.9513899842719,7.75454037599125,15.5023720556081,15.5009331584418,16.1586960604072,11.783170483599
164,7.75,7.75,7.7511862076764,7.75046668741685,6.95137245921944,7.75453246631026,15.5023724153528,15.5009333748337,16.1589016840998,11.7832520721802
164.1,7.75,7.75,7.75118638393802,7.75046679294058,6.95135495209189,7.75452457050946,15.502372767876,15.5009335858812,16.1591071001625,11.7833335160308
164.2,7.75,7.75,7.75118655659959,7.75046689580126,6.95133746287114,7.75451668857081,15.5023731131992,15.5009337916025,16.1593123088016,11.7834148153387
164.3,7.75,7.75,7.75118672567178,7.75046699600798,6.95131999153906,7.75450882047625,15.5023734513436,15.500933992016,16.1595173102236,11.7834959702914
164.4,7.75,7.75,7.75118689039807,7.75046709300333,6.95130254192225,7.75450096918073,15.5023737807961,15.5009341860067,16.1597220600963,11.7835769500759
164.5,7.75,7.75,7.75118705114569,7.7504671870607,6.95128511224426,7.75449313330328,15.5023741022914,15.5009343741214,16.1599265789922,11.7836577690912
164.6,7.75,7.75,7.75118720834637,7.7504672785003,6.95126770038268,7.75448531119799,15.5023744166927,15.5009345570006,16.1601308914936,11.7837384444988
164.7,7.75,7.75,7.75118736201063,7.75046736733113,6.95125030631951,7.75447750284693,15.5023747240213,15.5009347346623,16.1603349978055,11.7838189764852
164.8,7.75,7.75,7.75118751214901,7.75046745356214,6.95123293003674,7.75446970823219,15.502375024298,15.5009349071243,16.160538898133,11.7838993652364
164.9,7.75,7.75,7.7511876580184,7.75046753664734,6.95121557533783,7.75446193028571,15.5023753160368,15.5009350732947,16.1607425484075,11.7839795801788
165,7.75,7.75,7.75118779997962,7.75046761685463,6.95119824045709,7.75445416763724,15.5023755999592,15.5009352337093,16.160945969079,11.7840596355998
165.1,7.75,7.75,7.75118793845676,7.75046769449771,6.95118092328497,7.75444641865368,15.5023758769135,15.5009353889954,16.1611491845834,11.7841395485278
165.2,7.75,7.75,7.75118807346022,7.75046776958543,6.95116362380358,7.75443868331725,15.5023761469204,15.5009355391709,16.1613521951246,11.7842193191478
165.3,7.75,7.75,7.75118820500036,7.75046784212659,6.95114634199504,7.75443096161016,15.5023764100007,15.5009356842532,16.161555000906,11.7842989476447
165.4,7.75,7.75,7.75118833234735,7.75046791158649,6.9511290816398,7.75442325644151,15.5023766646947,15.500935823173,16.1617575581213,11.7843784036822
165.5,7.75,7.75,7.75118845585563,7.75046797822756,6.95111184098288,7.75441556645171,15.5023769117113,15.5009359564551,16.1619598870986,11.7844577014369
165.6,7.75,7.75,7.75118857594182,7.75046804235712,6.95109461792749,7.75440789002038,15.5023771518836,15.5009360847142,16.1621620121284,11.7845368578053
165.7,7.75,7.75,7.75118869261615,7.75046810398389,6.95107741245586,7.75440022712985,15.5023773852323,15.5009362079678,16.1623639334132,11.7846158729708
165.8,7.75,7.75,7.75118880588885,7.75046816311652,6.95106022455022,7.75439257776247,15.5023776117777,15.500936326233,16.1625656511554,11.7846947471171
165.9,7.75,7.75,7.75118891504312,7.75046821923138,6.95104305796819,7.75438494480468,15.5023778300862,15.5009364384628,16.1627671218087,11.7847734501436
166,7.75,7.75,7.75118902042717,7.75046827258557,6.95102591096541,7.75437732690745,15.5023780408543,15.5009365451711,16.1629683655802,11.784851996117
166.1,7.75,7.75,7.75118912245021,7.75046832348012,6.95100878145778,7.75436972246303,15.5023782449004,15.5009366469602,16.163169406616,11.7849304018026
166.2,7.75,7.75,7.75118922112233,7.75046837192358,6.95099166942763,7.75436213145387,15.5023784422447,15.5009367438472,16.1633702451174,11.7850086673825
166.3,7.75,7.75,7.75118931645362,7.7504684179245,6.95097457485733,7.75435455386247,15.5023786329072,15.500936835849,16.1635708812854,11.7850867930389
166.4,7.75,7.75,7.75118940774014,7.75046846097012,6.95095750148179,7.75434699255274,15.5023788154803,15.5009369219402,16.1637712718323,11.7851647489055
166.5,7.75,7.75,7.75118949532393,7.75046850131229,6.95094044756721,7.75433944618617,15.5023789906479,15.5009370026246,16.163971436845,11.7852425489396
166.6,7.75,7.75,7.75118957960692,7.75046853924585,6.95092341104209,7.75433191316753,15.5023791592138,15.5009370784917,16.1641714003261,11.7853202097764
166.7,7.75,7.75,7.75118966059906,7.75046857477923,6.95090639188889,7.7543243934794,15.5023793211981,15.5009371495585,16.1643711624756,11.7853977315967
166.8,7.75,7.75,7.75118973831028,7.75046860792082,6.95088939009007,7.7543168871044,15.5023794766206,15.5009372158416,16.1645707234932,11.7854751145814
166.9,7.75,7.75,7.75118981204935,7.75046863816858,6.95087240935802,7.75430939688411,15.5023796240987,15.5009372763372,16.1647700403481,11.7855523290964
167,7.75,7.75,7.7511898821522,7.75046866576921,6.9508554479694,7.75430192149043,15.5023797643044,15.5009373315384,16.1649691330078,11.7856293889908
167.1,7.75,7.75,7.7511899490136,7.75046869101144,6.95083850386526,7.75429445934057,15.5023798980272,15.5009373820229,16.1651680253324,11.7857063107703
167.2,7.75,7.75,7.75119001264336,7.75046871390355,6.95082157702814,7.75428701041726,15.5023800252867,15.5009374278071,16.1653667175204,11.7857830946147
167.3,7.75,7.75,7.75119007305125,7.75046873445383,6.95080466744065,7.75427957470322,15.5023801461025,15.5009374689077,16.1655652097703,11.7858597407033
167.4,7.75,7.75,7.75119012955854,7.75046875217077,6.95078777879276,7.75427215501787,15.5023802591171,15.5009375043415,16.1657634593067,11.7859362196329
167.5,7.75,7.75,7.75119018249519,7.75046876729597,6.95077090937157,7.75426475004346,15.5023803649904,15.5009375345919,16.1659614859783,11.7860125451448
167.6,7.75,7.75,7.75119023224887,7.75046878011219,6.95075405713053,7.75425735820952,15.5023804644977,15.5009375602244,16.1661593135036,11.7860887336165
167.7,7.75,7.75,7.75119027882926,7.75046879062756,6.95073722205233,7.75424997949892,15.5023805576585,15.5009375812551,16.1663569420797,11.7861647852264
167.8,7.75,7.75,7.751190322246,7.75046879885024,6.95072040411967,7.75424261389452,15.502380644492,15.5009375977005,16.166554371904,11.7862407001527
167.9,7.75,7.75,7.75119036183266,7.7504688042991,6.95070360700028,7.7542352641937,15.5023807236653,15.5009376085982,16.1667515604546,11.7863164492208
168,7.75,7.75,7.7511903979133,7.75046880721074,6.95068682899161,7.754227929089,15.5023807958266,15.5009376144215,16.1669485274625,11.7863920460656
168.1,7.75,7.75,7.75119043086862,7.750468807862,6.95067006805947,7.7542206070222,15.5023808617372,15.500937615724,16.167145296505,11.786467506937
168.2,7.75,7.75,7.75119046070816,7.75046880626091,6.95065332418665,7.75421329797629,15.5023809214163,15.5009376125218,16.1673418677785,11.7865428320121
168.3,7.75,7.75,7.75119048744141,7.75046880241547,6.95063659735598,7.75420600193427,15.5023809748828,15.5009376048309,16.1675382414787,11.7866180214678
168.4,7.75,7.75,7.7511905104141,7.75046879585477,6.95061989121307,7.75419872167165,15.5023810208282,15.5009375917095,16.1677343753359,11.786693046357
168.5,7.75,7.75,7.75119052994446,7.75046878681048,6.95060320406566,7.75419145589117,15.5023810598889,15.500937573621,16.1679302889638,11.7867679202083
168.6,7.75,7.75,7.75119054640632,7.75046877555365,6.95058653389182,7.75418420304679,15.5023810928126,15.5009375511073,16.1681260058001,11.7868426591453
168.7,7.75,7.75,7.75119055980907,7.75046876209217,6.95056988067448,7.7541769631216,15.5023811196181,15.5009375241843,16.1683215260397,11.7869172633438
168.8,7.75,7.75,7.75119057016208,7.7504687464339,6.95055324439656,7.75416973609873,15.5023811403242,15.5009374928678,16.1685168498771,11.7869917329794
168.9,7.75,7.75,7.75119057682303,7.750468728118,6.95053662868172,7.75416252473202,15.5023811536461,15.500937456236,16.1687119352931,11.7870660393305
169,7.75,7.75,7.75119058010442,7.75046870737129,6.95052003184791,7.75415532773431,15.5023811602088,15.5009374147426,16.168906801785,11.7871401958207
169.1,7.75,7.75,7.75119058037331,7.75046868445909,6.9505034518854,7.75414814357164,15.5023811607466,15.5009373689182,16.1691014726514,11.7872142184479
169.2,7.75,7.75,7.75119057763894,7.75046865938916,6.95048688877722,7.75414097222722,15.5023811552779,15.5009373187783,16.1692959480859,11.7872881073867
169.3,7.75,7.75,7.75119057191056,7.75046863216926,6.95047034250641,7.75413381368431,15.5023811438211,15.5009372643385,16.169490228282,11.7873618628113
169.4,7.75,7.75,7.75119056255765,7.75046860234842,6.95045381667481,7.75412667067522,15.5023811251153,15.5009372046968,16.1696842714691,11.7874354562243
169.5,7.75,7.75,7.75119054988703,7.75046857014868,6.95043730961052,7.75411954192283,15.5023810997741,15.5009371402974,16.1698780970289,11.7875089009446
169.6,7.75,7.75,7.7511905342591,7.75046853582974,6.95042081931592,7.75411242590516,15.5023810685182,15.5009370716595,16.1700717281219,11.7875822128457
169.7,7.75,7.75,7.75119051568297,7.75046849939926,6.95040434577416,7.75410532260556,15.5023810313659,15.5009369987985,16.1702651649406,11.7876553921008
169.8,7.75,7.75,7.75119049416773,7.75046846086486,6.95038788896839,7.75409823200739,15.5023809883355,15.5009369217297,16.1704584076771,11.7877284388828
169.9,7.75,7.75,7.75119046909451,7.75046841978529,6.95037145247877,7.7540911568216,15.502380938189,15.5009368395706,16.170651414808,11.7878013249168
170,7.75,7.75,7.75119044076455,7.75046837637789,6.95035503464347,7.75408409578106,15.5023808815291,15.5009367527558,16.1708442056002,11.7878740634178
170.1,7.75,7.75,7.75119040953167,7.75046833089686,6.95033863347693,7.75407704737566,15.5023808190633,15.5009366617937,16.171036803077,11.7879466701357
170.2,7.75,7.75,7.75119037540484,7.75046828334971,6.95032224896239,7.75407001158887,15.5023807508097,15.5009365666994,16.1712292074295,11.7880191452423
170.3,7.75,7.75,7.75119033839303,7.75046823374393,6.95030588108311,7.75406298840419,15.5023806767861,15.5009364674879,16.1714214188487,11.7880914889095
170.4,7.75,7.75,7.75119029788881,7.75046818164786,6.95028953339773,7.75405598051134,15.5023805957776,15.5009363632957,16.1716133960568,11.7881636730829
170.5,7.75,7.75,7.75119025418795,7.75046812727421,6.95027320425444,7.7540489866531,15.5023805083759,15.5009362545484,16.1718051582066,11.7882357108747
170.6,7.75,7.75,7.75119020763775,7.75046807087175,6.95025689167962,7.75404200533115,15.5023804152755,15.5009361417435,16.171996728185,11.7883076179119
170.7,7.75,7.75,7.75119015824708,7.75046801244785,6.95024059565663,7.75403503652911,15.5023803164942,15.5009360248957,16.1721881061818,11.7883793943652
170.8,7.75,7.75,7.75119010602477,7.7504679520099,6.95022431616882,7.75402808023058,15.5023802120495,15.5009359040198,16.1723792923869,11.788451040405
170.9,7.75,7.75,7.75119005037467,7.75046788913563,6.95020805675347,7.75402113910423,15.5023801007493,15.5009357782713,16.1725702457666,11.7885225281962
171,7.75,7.75,7.75118999158714,7.75046782403324,6.95019181576869,7.75401421190267,15.5023799831743,15.5009356480665,16.1727609853602,11.7885938707487
171.1,7.75,7.75,7.7511899300031,7.7504677569461,6.95017559125275,7.7540072971393,15.5023798600062,15.5009355138922,16.172951533919,11.7886650835676
171.2,7.75,7.75,7.75118986563128,7.7504676878815,6.95015938318913,7.75400039479784,15.5023797312626,15.500935375763,16.1731418916317,11.7887361668223
171.3,7.75,7.75,7.75118979848039,7.7504676168467,6.95014319156128,7.75399350486203,15.5023795969608,15.5009352336934,16.1733320586871,11.7888071206822
171.4,7.75,7.75,7.75118972796539,7.75046754342868,6.95012701988522,7.75398662997963,15.5023794559308,15.5009350868574,16.1735219942938,11.7888779175295
171.5,7.75,7.75,7.75118965437132,7.75046746783117,6.95011086652894,7.75397976891301,15.5023793087426,15.5009349356623,16.1737117173785,11.7889485702727
171.6,7.75,7.75,7.7511895780328,7.75046739029228,6.95009472954254,7.75397292018719,15.5023791560656,15.5009347805846,16.173901250558,11.789019094296
171.7,7.75,7.75,7.75118949895842,7.75046731081919,6.95007860890957,7.75396608378602,15.5023789979168,15.5009346216384,16.1740905940196,11.7890894897674
171.8,7.75,7.75,7.75118941715677,7.75046722941903,6.95006250461362,7.75395925969335,15.5023788343135,15.5009344588381,16.1742797479509,11.789159756855
171.9,7.75,7.75,7.75118933205379,7.75046714568789,6.95004642014957,7.75395245053622,15.5023786641076,15.5009342913758,16.1744686718017,11.7892298681571
172,7.75,7.75,7.75118924392923,7.7504670598251,6.95003035389525,7.75394565508665,15.5023784878585,15.5009341196502,16.1746573843864,11.7892998364815
172.1,7.75,7.75,7.75118915311152,7.75046697206361,6.95001430391246,7.75393887188122,15.502378306223,15.5009339441272,16.1748459081882,11.7893696770921
172.2,7.75,7.75,7.75118905960913,7.75046688241045,6.94999827018489,7.75393210090389,15.5023781192183,15.5009337648209,16.1750342433932,11.7894393901558
172.3,7.75,7.75,7.75118896343051,7.75046679087266,6.94998225269621,7.75392534213864,15.502377926861,15.5009335817453,16.1752223901878,11.7895089758395
172.4,7.75,7.75,7.75118886401241,7.75046669705528,6.94996625492034,7.75391859819192,15.5023777280248,15.5009333941106,16.1754103082613,11.7895784069558
172.5,7.75,7.75,7.75118876162941,7.75046660115331,6.94995027524486,7.75391186784534,15.5023775232588,15.5009332023066,16.1755980163168,11.7896476962124
172.6,7.75,7.75,7.7511886566038,7.75046650339461,6.94993431174323,7.75390514964696,15.5023773132076,15.5009330067892,16.1757855367044,11.7897168587541
172.7,7.75,7.75,7.75118854894393,7.7504664037861,6.94991836439921,7.75389844358085,15.5023770978879,15.5009328075722,16.1759728696093,11.7897858947466
172.8,7.75,7.75,7.75118843865816,7.7504663023347,6.94990243319662,7.7538917496311,15.5023768773163,15.5009326046694,16.1761600152164,11.7898548043555
172.9,7.75,7.75,7.75118832519384,7.75046619865426,6.94988652158851,7.75388507038372,15.5023766503877,15.5009323973085,16.1763469334532,11.7899235606061
173,7.75,7.75,7.75118820882046,7.75046609293553,6.94987062797216,7.75387840462989,15.5023764176409,15.5009321858711,16.1765336429121,11.7899921761071
173.1,7.75,7.75,7.7511880898543,7.75046598540135,6.9498547504326,7.753871750929,15.5023761797086,15.5009319708027,16.1767201658111,11.7900606658848
173.2,7.75,7.75,7.75118796830357,7.75046587605853,6.94983888895371,7.75386510926527,15.5023759366071,15.5009317521171,16.1769065023343,11.7901290301035
173.3,7.75,7.75,7.7511878441765,7.75046576491388,6.94982304351938,7.7538584796229,15.502375688353,15.5009315298278,16.1770926526655,11.7901972689278
173.4,7.75,7.75,7.75118771693096,7.75046565158991,6.949807217562,7.7538518645676,15.5023754338619,15.5009313031798,16.1772785769684,11.7902653555943
173.5,7.75,7.75,7.75118758683138,7.7504655362732,6.94979140948846,7.75384526290001,15.5023751736628,15.5009310725464,16.1774642937256,11.790333302613
173.6,7.75,7.75,7.7511874541881,7.75046541918165,6.94977561739528,7.75383867319084,15.5023749083762,15.5009308383633,16.1776498250241,11.7904011248926
173.7,7.75,7.75,7.75118731900923,7.75046530032196,6.94975984126645,7.7538320954244,15.5023746380185,15.5009306006439,16.1778351710465,11.7904688225965
173.8,7.75,7.75,7.75118718130286,7.75046517970081,6.94974408108598,7.75382552958503,15.5023743626057,15.5009303594016,16.1780203319755,11.7905363958878
173.9,7.75,7.75,7.7511870405372,7.75046505694927,6.94972834026565,7.75381897821828,15.5023740810744,15.5009301138985,16.1782052682098,11.790603818213
174,7.75,7.75,7.75118689697173,7.75046493224978,6.94971261722196,7.7538124401342,15.5023737939435,15.5009298644996,16.1783899981229,11.7906711019842
174.1,7.75,7.75,7.75118675091094,7.75046480581539,6.94969691006282,7.75380591391471,15.5023735018219,15.5009296116308,16.1785745436712,11.7907382619935
174.2,7.75,7.75,7.7511866023628,7.75046467765269,6.94968121877234,7.75379939954422,15.5023732047256,15.5009293553054,16.1787589050363,11.790805298403
174.3,7.75,7.75,7.7511864513353,7.75046454776826,6.94966554333463,7.75379289700718,15.5023729026706,15.5009290955365,16.1789430823997,11.7908722113747
174.4,7.75,7.75,7.75118629730683,7.75046441580156,6.94964988714105,7.75378640882918,15.5023725946137,15.5009288316031,16.1791270363935,11.7909389745633
174.5,7.75,7.75,7.75118614053198,7.75046428193096,6.94963424861757,7.75377993382959,15.502372281064,15.5009285638619,16.1793107852827,11.7910056002836
174.6,7.75,7.75,7.75118598130947,7.75046414636475,6.94961862588348,7.75377347060143,15.5023719626189,15.5009282927295,16.1794943508942,11.7910721032121
174.7,7.75,7.75,7.75118581964716,7.75046400910941,6.94960301892297,7.75376701912925,15.5023716392943,15.5009280182188,16.1796777334083,11.7911384835097
174.8,7.75,7.75,7.75118565555292,7.75046387017142,6.94958742772027,7.75376057939761,15.5023713111058,15.5009277403428,16.1798609330055,11.791204741337
174.9,7.75,7.75,7.75118548851518,7.75046372919847,6.94957185564643,7.75375415391225,15.5023709770304,15.5009274583969,16.1800439105499,11.7912708505556
175,7.75,7.75,7.75118531878371,7.75046358636497,6.94955630113685,7.7537477415018,15.5023706375674,15.5009271727299,16.1802266841985,11.7913368233838
175.1,7.75,7.75,7.75118514665154,7.75046344187449,6.94954076232211,7.75374134077033,15.5023702933031,15.500926883749,16.1804092756495,11.7914026743832
175.2,7.75,7.75,7.75118497212642,7.75046329573343,6.94952523918651,7.7537349517025,15.5023699442528,15.5009265914669,16.1805916850821,11.7914684037133
175.3,7.75,7.75,7.75118479521611,7.75046314794815,6.94950973171436,7.75372857428298,15.5023695904322,15.5009262958963,16.1807739126757,11.7915340115338
175.4,7.75,7.75,7.75118461541891,7.75046299817445,6.94949424325654,7.75372221099781,15.5023692308378,15.5009259963489,16.1809559195248,11.7915994719113
175.5,7.75,7.75,7.75118443297987,7.75046284658281,6.94947877225786,7.75371586068482,15.5023688659597,15.5009256931656,16.1811377236794,11.7916647969685
175.6,7.75,7.75,7.75118424818641,7.75046269337222,6.94946331686007,7.75370952195905,15.5023684963728,15.5009253867444,16.1813193467096,11.7917300011527
175.7,7.75,7.75,7.75118406104616,7.75046253854894,6.94944787704758,7.75370319480525,15.5023681220923,15.5009250770979,16.1815007887937,11.7917950846224
175.8,7.75,7.75,7.75118387156677,7.75046238211923,6.94943245280481,7.75369687920821,15.5023677431335,15.5009247642385,16.1816820501097,11.7918600475361
175.9,7.75,7.75,7.75118367925629,7.75046222374689,6.94941704746259,7.75369057763445,15.5023673585126,15.5009244474938,16.1818630919811,11.7919248641639
176,7.75,7.75,7.75118348435508,7.75046206359853,6.94940165947505,7.75368428893088,15.5023669687102,15.5009241271971,16.1820439323517,11.7919895465338
176.1,7.75,7.75,7.75118328714504,7.75046190186859,6.94938628699507,7.75367801172343,15.5023665742901,15.5009238037372,16.1822245926645,11.7920541089795
176.2,7.75,7.75,7.75118308763371,7.75046173856325,6.94937093000716,7.75367174599698,15.5023661752674,15.5009234771265,16.1824050730964,11.7921185516585
176.3,7.75,7.75,7.7511828858286,7.75046157368865,6.94935558849583,7.75366549173643,15.5023657716572,15.5009231473773,16.1825853738245,11.7921828747282
176.4,7.75,7.75,7.75118268124738,7.75046140691644,6.94934026577203,7.75365925138886,15.5023653624948,15.5009228138329,16.1827654563998,11.7922470526607
176.5,7.75,7.75,7.7511824741258,7.75046123840944,6.94932496029913,7.75365302381028,15.5023649482516,15.5009224768189,16.1829453386603,11.7923110973898
176.6,7.75,7.75,7.75118226474032,7.75046106835762,6.94930967024106,7.75364680763739,15.5023645294806,15.5009221367152,16.1831250419226,11.7923750231367
176.7,7.75,7.75,7.75118205309835,7.75046089676707,6.94929439558244,7.7536406028552,15.5023641061967,15.5009217935341,16.1833045663627,11.7924388300577
176.8,7.75,7.75,7.75118183920733,7.75046072364382,6.94927913630789,7.7536344094487,15.5023636784147,15.5009214472876,16.1834839121564,11.7925025183091
176.9,7.75,7.75,7.75118162259435,7.75046054866723,6.94926389570855,7.75362822984574,15.5023632451887,15.5009210973345,16.1836630410809,11.7925660625637
177,7.75,7.75,7.75118140349063,7.7504603719964,6.949248672257,7.75362206291129,15.5023628069813,15.5009207439928,16.1838419708691,11.7926294746617
177.1,7.75,7.75,7.75118118216728,7.75046019381691,6.94923346412817,7.75361590729278,15.5023623643346,15.5009203876338,16.1840207227121,11.7926927687126
177.2,7.75,7.75,7.75118095863161,7.75046001413473,6.94921827130677,7.75360976297532,15.5023619172632,15.5009200282695,16.1841992967848,11.7927559448716
177.3,7.75,7.75,7.75118073289092,7.75045983295582,6.9492030937775,7.75360362994404,15.5023614657818,15.5009196659116,16.1843776932618,11.7928190032938
177.4,7.75,7.75,7.75118050448165,7.75045964996711,6.94918793481188,7.75359751060763,15.5023610089633,15.5009192999342,16.1845558741451,11.7928819188513
177.5,7.75,7.75,7.75118027363054,7.75045946532403,6.94917279289161,7.75359140384001,15.5023605472611,15.5009189306481,16.1847338570631,11.7929447032912
177.6,7.75,7.75,7.7511800406034,7.75045927920786,6.94915766620253,7.75358530829924,15.5023600812068,15.5009185584157,16.1849116630822,11.7930073706123
177.7,7.75,7.75,7.75117980540746,7.75045909162445,6.94914255472945,7.75357922397054,15.5023596108149,15.5009181832489,16.1850892923762,11.7930699209688
177.8,7.75,7.75,7.75117956804989,7.75045890257966,6.94912745845719,7.75357315083915,15.5023591360998,15.5009178051593,16.1852667451187,11.7931323545144
177.9,7.75,7.75,7.75117932807632,7.7504587117679,6.94911238063772,7.7535670912948,15.5023586561526,15.5009174235358,16.1854439835348,11.7931946463191
178,7.75,7.75,7.75117908570908,7.75045851934099,6.94909731976183,7.75356104422023,15.5023581714182,15.500917038682,16.1856210251492,11.7932568080378
178.1,7.75,7.75,7.75117884120879,7.75045832547594,6.94908227402621,7.7535550082841,15.5023576824176,15.5009166509519,16.1857978909044,11.7933188535592
178.2,7.75,7.75,7.75117859458256,7.75045813017853,6.94906724341575,7.75354898347171,15.5023571891651,15.5009162603571,16.185974580973,11.7933807830363
178.3,7.75,7.75,7.75117834583746,7.75045793345451,6.94905222791536,7.75354296976841,15.5023566916749,15.500915866909,16.1861510955276,11.7934425966218
178.4,7.75,7.75,7.75117809452816,7.75045773500563,6.94903723075764,7.7535369695451,15.5023561890563,15.5009154700113,16.1863273970152,11.793504269582
178.5,7.75,7.75,7.75117784087265,7.75045753498016,6.94902225044239,7.75353098169333,15.5023556817453,15.5009150699603,16.1865035028572,11.7935658134801
178.6,7.75,7.75,7.75117758512644,7.75045733355093,6.94900728517706,7.7535250048922,15.5023551702529,15.5009146671019,16.1866794338732,11.7936272420958
178.7,7.75,7.75,7.75117732729651,7.75045713072364,6.94899233494665,7.75351903912716,15.502354654593,15.5009142614473,16.1868551902346,11.7936885555808
178.8,7.75,7.75,7.75117706738984,7.75045692650393,6.94897739973618,7.75351308438365,15.5023541347797,15.5009138530079,16.1870307721129,11.7937497540867
178.9,7.75,7.75,7.75117680497,7.75045672060076,6.94896248275894,7.75350714301387,15.50235360994,15.5009134412015,16.1872061421755,11.7938108130747
179,7.75,7.75,7.75117654025073,7.75045651315892,6.94894758252373,7.75350121391809,15.5023530805015,15.5009130263178,16.1873813177415,11.7938717440172
179.1,7.75,7.75,7.75117627348245,7.75045630434714,6.94893269724867,7.75349529578584,15.5023525469649,15.5009126086943,16.1875563195079,11.7939325605853
179.2,7.75,7.75,7.75117600467206,7.75045609417101,6.94891782691887,7.75348938860265,15.5023520093441,15.500912188342,16.1877311476453,11.7939932629297
179.3,7.75,7.75,7.75117573382643,7.75045588263609,6.94890297151946,7.75348349235407,15.5023514676529,15.5009117652722,16.1879058023239,11.794053851201
179.4,7.75,7.75,7.75117546051793,7.75045566945842,6.94888813424456,7.75347760937375,15.5023509210359,15.5009113389168,16.1880802464303,11.7941143010536
179.5,7.75,7.75,7.75117518495605,7.75045545477938,6.94887331361188,7.75347173857063,15.5023503699121,15.5009109095588,16.1882544971817,11.7941746238698
179.6,7.75,7.75,7.75117490738626,7.75045523876364,6.94885850785019,7.75346587864454,15.5023498147725,15.5009104775273,16.1884285751536,11.7942348332131
179.7,7.75,7.75,7.75117462781535,7.7504550214167,6.94884371694468,7.75346002958114,15.5023492556307,15.5009100428334,16.1886024805154,11.794294929233
179.8,7.75,7.75,7.7511743462501,7.75045480274403,6.94882894088056,7.7534541913661,15.5023486925002,15.5009096054881,16.1887762134363,11.7943549120789
179.9,7.75,7.75,7.7511740622715,7.75045458246866,6.94881418283296,7.75344836631461,15.502348124543,15.5009091649373,16.1889497370206,11.7944147575976
180,7.75,7.75,7.75117377608491,7.75045436072857,6.94879944132841,7.75344255334423,15.5023475521698,15.5009087214571,16.1891230683842,11.7944744770816
180.1,7.75,7.75,7.75117348793089,7.75045413768448,6.94878471460626,7.75343675116504,15.5023469758618,15.500908275369,16.189296227982,11.7945340839874
180.2,7.75,7.75,7.75117319781613,7.75045391334178,6.94877000265178,7.7534309597628,15.5023463956323,15.5009078266836,16.1894692159822,11.7945935784636
180.3,7.75,7.75,7.75117290574731,7.75045368770587,6.94875530545029,7.75342517912328,15.5023458114946,15.5009073754117,16.1896420325529,11.7946529606586
180.4,7.75,7.75,7.75117261131396,7.75045346050661,6.94874062615802,7.7534194115434,15.5023452226279,15.5009069210132,16.1898146410148,11.7947122066097
180.5,7.75,7.75,7.75117231471731,7.75045323187869,6.94872596331028,7.75341365594924,15.5023446294346,15.5009064637574,16.1899870583832,11.7947713275203
180.6,7.75,7.75,7.75117201619313,7.75045300197892,6.9487113151569,7.75340791106107,15.5023440323863,15.5009060039578,16.190159304993,11.7948303367412
180.7,7.75,7.75,7.75117171574798,7.75045277081259,6.94869668168327,7.75340217686474,15.502343431496,15.5009055416252,16.1903313810113,11.7948892344197
180.8,7.75,7.75,7.75117141338846,7.750452538385,6.9486820628748,7.75339645334613,15.5023428267769,15.50090507677,16.1905032866052,11.7949480207031
180.9,7.75,7.75,7.75117110871247,7.75045230443279,6.94866746186893,7.75339074278402,15.5023422174249,15.5009046088656,16.1906749853102,11.7950066718179
181,7.75,7.75,7.75117080191725,7.75045206908735,6.9486528772097,7.75338504411294,15.5023416038345,15.5009041381747,16.1908464940418,11.7950651988795
181.1,7.75,7.75,7.75117049323377,7.75045183250166,6.94863830715739,7.75337935606327,15.5023409864675,15.5009036650033,16.1910178330156,11.7951236151331
181.2,7.75,7.75,7.75117018266852,7.75045159468093,6.94862375169748,7.75337367862097,15.502340365337,15.5009031893619,16.1911890023977,11.7951819207251
181.3,7.75,7.75,7.75116987022799,7.75045135563037,6.94860921081544,7.75336801177203,15.502339740456,15.5009027112607,16.1913600023541,11.7952401158016
181.4,7.75,7.75,7.75116955551835,7.75045111509324,6.94859468763008,7.75336235777719,15.5023391110367,15.5009022301865,16.1915307966338,11.7952981767771
181.5,7.75,7.75,7.75116923873287,7.75045087319774,6.94858018069413,7.75335671557941,15.5023384774657,15.5009017463955,16.1917014020532,11.7953561146793
181.6,7.75,7.75,7.75116892009784,7.75045063009305,6.9485656882782,7.75335108391908,15.5023378401957,15.5009012601861,16.1918718387093,11.7954139426488
181.7,7.75,7.75,7.75116859961964,7.75045038578431,6.94855121036786,7.75334546278228,15.5023371992393,15.5009007715686,16.192042106767,11.7954716608309
181.8,7.75,7.75,7.75116827730467,7.75045014027664,6.94853674694871,7.75333985215508,15.5023365546093,15.5009002805533,16.1922122063915,11.7955292693709
181.9,7.75,7.75,7.75116795276725,7.75044989331981,6.948522301121,7.75333425428035,15.5023359055345,15.5008997866396,16.1923821015438,11.7955867448696
182,7.75,7.75,7.75116762619673,7.75044964503886,6.94850787144606,7.75332866810941,15.5023352523935,15.5008992900777,16.1925518089418,11.7956440982676
182.1,7.75,7.75,7.75116729781479,7.75044939557929,6.94849345620482,7.75332309239258,15.5023345956296,15.5008987911586,16.1927213485647,11.7957013426019
182.2,7.75,7.75,7.75116696762771,7.75044914494613,6.94847905538295,7.75331752711604,15.5023339352554,15.5008982898923,16.1928907205764,11.7957584780169
182.3,7.75,7.75,7.75116663564179,7.7504488931444,6.94846466896611,7.75331197226599,15.5023332712836,15.5008977862888,16.1930599251409,11.7958155046564
182.4,7.75,7.75,7.75116630147939,7.75044863993031,6.94845030003615,7.75330643006754,15.5023326029588,15.5008972798606,16.1932289264303,11.7958723993066
182.5,7.75,7.75,7.75116596532599,7.75044838542578,6.94843594716298,7.75330089948027,15.502331930652,15.5008967708516,16.1933977410644,11.7959291728218
182.6,7.75,7.75,7.75116562739872,7.75044812977266,6.94842160863773,7.7532953792644,15.5023312547974,15.5008962595453,16.1935663889053,11.7959858381359
182.7,7.75,7.75,7.75116528770378,7.7504478729759,6.94840728444617,7.75328986940621,15.5023305754076,15.5008957459518,16.1937348701159,11.7960423953922
182.8,7.75,7.75,7.75116494624737,7.75044761504043,6.94839297457406,7.75328436989199,15.5023298924947,15.5008952300809,16.1939031848593,11.7960988447335
182.9,7.75,7.75,7.75116460265975,7.75044735572876,6.94837868208495,7.75327888292923,15.5023292053195,15.5008947114575,16.1940712975169,11.7961551631298
183,7.75,7.75,7.7511642571226,7.75044709515978,6.94836440555724,7.75327340748575,15.5023285142452,15.5008941903196,16.1942392246113,11.7962113613496
183.1,7.75,7.75,7.75116390984858,7.75044683347172,6.94835014329224,7.75326794233157,15.5023278196972,15.5008936669434,16.1944069858881,11.7962674522246
183.2,7.75,7.75,7.7511635608438,7.75044657066946,6.9483358952758,7.75326248745306,15.5023271216876,15.5008931413389,16.1945745815095,11.796323435897
183.3,7.75,7.75,7.75116321011435,7.75044630675785,6.94832166149379,7.75325704283662,15.5023264202287,15.5008926135157,16.1947420116373,11.7963793125087
183.4,7.75,7.75,7.75116285729829,7.7504460415056,6.94830744499155,7.75325161067226,15.5023257145966,15.5008920830112,16.1949092408613,11.796435059212
183.5,7.75,7.75,7.75116250257356,7.75044577502857,6.94829324435597,7.75324618993594,15.5023250051471,15.5008915500571,16.1950762856071,11.7964906866903
183.6,7.75,7.75,7.75116214614839,7.7504455074615,6.94827905789842,7.75324077940742,15.5023242922968,15.500891014923,16.1952431655051,11.7965462076739
183.7,7.75,7.75,7.75116178802881,7.75044523880917,6.94826488560486,7.75323537907318,15.5023235760576,15.5008904776183,16.1954098807161,11.7966016223038
183.8,7.75,7.75,7.75116142822083,7.75044496907636,6.94825072746123,7.75322998891971,15.5023228564417,15.5008899381527,16.1955764314011,11.796656930721
183.9,7.75,7.75,7.75116106637016,7.75044469803784,6.94823658649485,7.75322461111967,15.5023221327403,15.5008893960757,16.1957427823567,11.7967121102588
184,7.75,7.75,7.75116070265105,7.75044442580655,6.94822246130096,7.75321924465711,15.5023214053021,15.5008888516131,16.1959089499125,11.7967671715161
184.1,7.75,7.75,7.75116033726742,7.75044415251374,6.94820835020099,7.75321388832146,15.5023206745348,15.5008883050275,16.1960749535839,11.7968221271225
184.2,7.75,7.75,7.75115997022517,7.75044387816413,6.94819425318097,7.7532085420993,15.5023199404503,15.5008877563283,16.1962407935308,11.7968769772181
184.3,7.75,7.75,7.75115960153023,7.7504436027624,6.94818017022695,7.75320320597721,15.5023192030605,15.5008872055248,16.196406469913,11.7969317219426
184.4,7.75,7.75,7.75115923083587,7.75044332608931,6.94816610434828,7.75319788211062,15.5023184616717,15.5008866521786,16.196571947733,11.7969863388093
184.5,7.75,7.75,7.75115885831272,7.75044304825492,6.94815205414856,7.75319256949163,15.5023177166254,15.5008860965098,16.1967372432246,11.7970408383332
184.6,7.75,7.75,7.75115848416039,7.75044276938705,6.94813801795919,7.75318726691925,15.5023169683208,15.5008855387741,16.1969023757892,11.7970952330437
184.7,7.75,7.75,7.75115810838471,7.75044248949034,6.94812399576628,7.75318197438016,15.5023162167694,15.5008849789807,16.1970673455858,11.79714952308
184.8,7.75,7.75,7.75115773099152,7.7504422085694,6.94810998755598,7.75317669186106,15.502315461983,15.5008844171388,16.197232152773,11.7972037085809
184.9,7.75,7.75,7.75115735164153,7.75044192641087,6.94809599631979,7.75317142150025,15.5023147032831,15.5008838528217,16.1973967625576,11.7972577672379
185,7.75,7.75,7.75115697050179,7.75044164312195,6.94808202066962,7.75316616229782,15.5023139410036,15.5008832862439,16.1975611910787,11.7973117094829
185.1,7.75,7.75,7.75115658776769,7.75044135882712,6.94806805894675,7.75316091306229,15.5023131755354,15.5008827176542,16.197725457624,11.7973655477461
185.2,7.75,7.75,7.75115620344499,7.75044107353094,6.9480541111374,7.75315567378046,15.50231240689,15.5008821470619,16.1978895623517,11.7974192821654
185.3,7.75,7.75,7.75115581753942,7.75044078723794,6.94804017722778,7.75315044443911,15.5023116350788,15.5008815744759,16.1980535054194,11.7974729128788
185.4,7.75,7.75,7.75115542971902,7.75044049974054,6.94802626019171,7.75314522715956,15.502310859438,15.5008809994811,16.1982172522368,11.797526417755
185.5,7.75,7.75,7.75115504014732,7.75044021114314,6.94801235864931,7.75314002094984,15.5023100802946,15.5008804222863,16.1983808188487,11.7975798071431
185.6,7.75,7.75,7.75115464901557,7.75043992156693,6.94799847095172,7.75313482462791,15.5023092980311,15.5008798431339,16.1985442244302,11.7976330933748
185.7,7.75,7.75,7.75115425632942,7.75043963101639,6.94798459708522,7.75312963818066,15.5023085126588,15.5008792620328,16.1987074691384,11.797686276587
185.8,7.75,7.75,7.75115386209454,7.75043933949596,6.94797073703613,7.75312446159497,15.5023077241891,15.5008786789919,16.19887055313,11.7977393569167
185.9,7.75,7.75,7.75115346598617,7.75043904680376,6.94795689376065,7.75311929697532,15.5023069319723,15.5008780936075,16.1990334420164,11.7977923124083
186,7.75,7.75,7.75115306816438,7.75043875304142,6.94794306588711,7.75311414333759,15.5023061363288,15.5008775060828,16.1991961517487,11.7978451533291
186.1,7.75,7.75,7.75115266881631,7.75043845832691,6.94792925177639,7.75310899950913,15.5023053376326,15.5008769166538,16.19935870139,11.7978978919128
186.2,7.75,7.75,7.75115226794754,7.75043816266462,6.94791545141488,7.75310386547691,15.5023045358951,15.5008763253292,16.1995210910963,11.7979505282955
186.3,7.75,7.75,7.75115186556365,7.75043786605892,6.94790166478899,7.75309874122793,15.5023037311273,15.5008757321178,16.1996833210235,11.7980030626128
186.4,7.75,7.75,7.75115146134699,7.75043756831352,6.94788789483743,7.75309362884992,15.502302922694,15.500875136627,16.1998453569834,11.7980554730841
186.5,7.75,7.75,7.75115105545421,7.75043726952733,6.94787414019664,7.75308852736657,15.5023021109084,15.5008745390547,16.2000072148338,11.798107769895
186.6,7.75,7.75,7.75115064806842,7.75043696981515,6.94786039923722,7.75308343561456,15.5023012961368,15.5008739396303,16.2001689135268,11.7981599651822
186.7,7.75,7.75,7.75115023919513,7.75043666918128,6.94784667194567,7.75307835358094,15.5023004783903,15.5008733383626,16.2003304532172,11.7982120590806
186.8,7.75,7.75,7.7511498288398,7.75043636763004,6.94783295830846,7.7530732812528,15.5022996576796,15.5008727352601,16.2004918340601,11.7982640517252
186.9,7.75,7.75,7.75114941669182,7.75043606497059,6.94781926124693,7.75306822070127,15.5022988333836,15.5008721299412,16.2006530220664,11.7983159215083
187,7.75,7.75,7.75114900290445,7.75043576129922,6.9478055794056,7.75306317095781,15.5022980058089,15.5008715225984,16.2008140330013,11.7983676785348
187.1,7.75,7.75,7.75114858765685,7.75043545672758,6.94779191116473,7.75305813086831,15.5022971753137,15.5008709134552,16.2009748857064,11.798419334845
187.2,7.75,7.75,7.75114817095442,7.75043515125989,6.94777825651088,7.75305310041993,15.5022963419088,15.5008703025198,16.2011355803356,11.7984708905728
187.3,7.75,7.75,7.75114775280257,7.75043484490041,6.94776461543063,7.75304807959984,15.5022955056051,15.5008696898008,16.2012961170429,11.7985223458522
187.4,7.75,7.75,7.75114733289755,7.7504345374637,6.94775099082805,7.75304307046272,15.5022946657951,15.5008690749274,16.2014564620372,11.7985736792475
187.5,7.75,7.75,7.75114691138932,7.75043422904342,6.94773738135568,7.75303807204769,15.5022938227786,15.5008684580868,16.2016166309917,11.7986249007834
187.6,7.75,7.75,7.75114648845314,7.75043391974814,6.94772378540338,7.75303308320983,15.5022929769063,15.5008678394963,16.2017766426382,11.7986760224044
187.7,7.75,7.75,7.75114606409431,7.75043360958204,6.94771020295777,7.75302810393638,15.5022921281886,15.5008672191641,16.2019364971295,11.7987270442436
187.8,7.75,7.75,7.75114563831817,7.75043329854926,6.94769663400554,7.75302313421463,15.5022912766363,15.5008665970985,16.2020961946187,11.7987779664339
187.9,7.75,7.75,7.75114521082776,7.75043298646969,6.94768308143358,7.75301817608288,15.5022904216555,15.5008659729394,16.2022557015115,11.7988287677103
188,7.75,7.75,7.75114478176978,7.75043267343442,6.94766954390244,7.75301322858788,15.5022895635396,15.5008653468688,16.2024150333896,11.7988794580179
188.1,7.75,7.75,7.75114435131561,7.750432359549,6.94765601981148,7.75300829059382,15.5022887026312,15.500864719098,16.2025742088756,11.7989300492063
188.2,7.75,7.75,7.75114391947051,7.75043204481752,6.94764250914741,7.75300336208805,15.502287838941,15.500864089635,16.2027332281215,11.7989805414075
188.3,7.75,7.75,7.75114348623972,7.75043172924407,6.947629011897,7.75299844305793,15.5022869724794,15.5008634584881,16.2028920912793,11.7990309347533
188.4,7.75,7.75,7.75114305133295,7.75043141265373,6.94761553093012,7.75299353552554,15.5022861026659,15.5008628253075,16.2030507649501,11.7990812081484
188.5,7.75,7.75,7.75114261489371,7.75043109513507,6.94760206491522,7.7529886385452,15.5022852297874,15.5008621902701,16.2032092646249,11.7991313714588
188.6,7.75,7.75,7.75114217708958,7.75043077679067,6.94758861226112,7.75298375099014,15.5022843541792,15.5008615535813,16.2033676088178,11.7991814364398
188.7,7.75,7.75,7.75114173792574,7.75043045762456,6.94757517295464,7.7529788728478,15.5022834758515,15.5008609152491,16.2035257976799,11.7992314032223
188.8,7.75,7.75,7.75114129740733,7.75043013764075,6.94756174698261,7.75297400410563,15.5022825948147,15.5008602752815,16.2036838313621,11.7992812719372
188.9,7.75,7.75,7.75114085525069,7.75042981666944,6.94754833719797,7.75296914676959,15.5022817105014,15.5008596333389,16.2038416766598,11.7993310216577
189,7.75,7.75,7.75114041159612,7.75042949479672,6.94753494227705,7.75296429990154,15.5022808231922,15.5008589895934,16.2039993489739,11.7993806621709
189.1,7.75,7.75,7.75113996660748,7.75042917212225,6.94752156063807,7.75295946238366,15.502279933215,15.5008583442445,16.2041568667104,11.7994302051386
189.2,7.75,7.75,7.75113952028988,7.75042884864999,6.94750819226793,7.75295463420349,15.5022790405798,15.5008576973,16.2043142300196,11.7994796506909
189.3,7.75,7.75,7.75113907264838,7.75042852438388,6.94749483715355,7.75294981534858,15.5022781452968,15.5008570487678,16.2044714390516,11.7995289989578
189.4,7.75,7.75,7.75113862340578,7.75042819915914,6.94748149813104,7.75294500780888,15.5022772468116,15.5008563983183,16.2046284607946,11.7995782291791
189.5,7.75,7.75,7.75113817269929,7.75042787305943,6.94746817388456,7.75294021065372,15.5022763453986,15.5008557461189,16.2047853105599,11.7996273510644
189.6,7.75,7.75,7.75113772068909,7.75042754618155,6.94745486284166,7.75293542277418,15.5022754413782,15.5008550923631,16.2049420066465,11.7996763761825
189.7,7.75,7.75,7.75113726738019,7.75042721852937,6.94744156498933,7.75293064415789,15.5022745347604,15.5008544370587,16.2050985492035,11.7997253046623
189.8,7.75,7.75,7.75113681277759,7.75042689010678,6.94742828031457,7.7529258747925,15.5022736255552,15.5008537802136,16.2052549383802,11.799774136633
189.9,7.75,7.75,7.75113635661047,7.75042656075395,6.94741501163678,7.75292111665209,15.5022727132209,15.5008531215079,16.2054111413567,11.7998228515003
190,7.75,7.75,7.75113589901297,7.75042623055212,6.94740175764789,7.75291636881338,15.5022717980259,15.5008524611042,16.2055671733549,11.7998714588964
190.1,7.75,7.75,7.75113544014165,7.75042589959527,6.94738851678471,7.75291163017629,15.5022708802833,15.5008517991905,16.2057230525676,11.7999199702976
190.2,7.75,7.75,7.75113498000144,7.75042556788723,6.94737528903435,7.75290690072856,15.5022699600029,15.5008511357745,16.2058787791429,11.7999683858323
190.3,7.75,7.75,7.75113451859726,7.75042523543179,6.94736207438387,7.75290218045791,15.5022690371945,15.5008504708636,16.2060343532292,11.8000167056284
190.4,7.75,7.75,7.75113405566459,7.75042490207399,6.94734887563606,7.75289747132266,15.5022681113292,15.500849804148,16.2061897421971,11.8000649092563
190.5,7.75,7.75,7.75113359133454,7.75042456789272,6.94733569149057,7.7528927724069,15.5022671826691,15.5008491357854,16.20634496118,11.8001130062714
190.6,7.75,7.75,7.75113312576009,7.75042423297919,6.94732252039345,7.75288808261931,15.5022662515202,15.5008484659584,16.2065000282649,11.8001610080585
190.7,7.75,7.75,7.75113265894611,7.75042389733715,6.94730936233186,7.75288340194772,15.5022653178922,15.5008477946743,16.2066549435991,11.8002089147449
190.8,7.75,7.75,7.75113219089744,7.75042356097034,6.94729621729298,7.75287873037995,15.5022643817949,15.5008471219407,16.2068097073298,11.8002567264577
190.9,7.75,7.75,7.75113172135575,7.75042322372856,6.94728308806307,7.75287406985866,15.5022634427115,15.5008464474571,16.2069642870172,11.8003044229306
191,7.75,7.75,7.75113125044917,7.75042288568838,6.94726997334946,7.75286941947526,15.5022625008983,15.5008457713768,16.2071186977067,11.8003520136428
191.1,7.75,7.75,7.75113077832717,7.7504225469383,6.94725687160737,7.75286477814713,15.5022615566543,15.5008450938766,16.2072729573801,11.8003995098883
191.2,7.75,7.75,7.75113030499454,7.75042220748201,6.94724378282404,7.75286014586218,15.5022606099891,15.500844414964,16.2074270661838,11.8004469117933
191.3,7.75,7.75,7.75112983045607,7.75042186732317,6.94723070698671,7.75285552260832,15.5022596609121,15.5008437346463,16.2075810242641,11.8004942194841
191.4,7.75,7.75,7.75112935445948,7.75042152631627,6.94721764686527,7.75285091031271,15.502258708919,15.5008430526325,16.2077347993694,11.8005414128566
191.5,7.75,7.75,7.75112887713,7.75042118453561,6.94720460117466,7.75284630807396,15.50225775426,15.5008423690712,16.2078884064577,11.8005885013141
191.6,7.75,7.75,7.75112839861364,7.75042084206701,6.9471915683792,7.75284171481813,15.5022567972273,15.500841684134,16.2080418634063,11.8006354960606
191.7,7.75,7.75,7.75112791891511,7.7504204989141,6.94717854846622,7.7528371305332,15.5022558378302,15.5008409978282,16.2081951703606,11.8006823972212
191.8,7.75,7.75,7.75112743803912,7.75042015508048,6.94716554142304,7.75283255520718,15.5022548760782,15.500840310161,16.2083483274662,11.8007292049215
191.9,7.75,7.75,7.75112695573942,7.75041981042522,6.94715255000326,7.75282799075181,15.5022539114788,15.5008396208504,16.2085013026583,11.8007758992181
192,7.75,7.75,7.75112647213831,7.75041946502042,6.94713957292939,7.7528234362729,15.5022529442766,15.5008389300408,16.2086541108081,11.8008224894395
192.1,7.75,7.75,7.75112598737842,7.75041911894926,6.94712660867479,7.75281889070507,15.5022519747568,15.5008382378985,16.2088067696891,11.8008689866998
192.2,7.75,7.75,7.75112550146439,7.75041877221529,6.94711365722687,7.75281435403642,15.5022510029288,15.5008375444306,16.2089592794459,11.8009153911236
192.3,7.75,7.75,7.75112501440085,7.75041842482206,6.94710071857304,7.75280982625503,15.5022500288017,15.5008368496441,16.209111640223,11.8009617028351
192.4,7.75,7.75,7.75112452594744,7.75041807663318,6.94708779545071,7.75280530925732,15.5022490518949,15.5008361532664,16.2092638201416,11.8010079020511
192.5,7.75,7.75,7.75112403622366,7.75041772771852,6.94707488658991,7.75280080215627,15.5022480724473,15.500835455437,16.2094158339864,11.8010539980252
192.6,7.75,7.75,7.75112354536876,7.7504173781587,6.94706199047299,7.75279630389501,15.5022470907375,15.5008347563174,16.2095676994278,11.8011000017829
192.7,7.75,7.75,7.7511230533873,7.7504170279572,6.94704910708745,7.75279181446171,15.5022461067746,15.5008340559144,16.2097194166096,11.8011459134477
192.8,7.75,7.75,7.75112256028385,7.75041667711752,6.94703623642076,7.75278733384456,15.5022451205677,15.500833354235,16.2098709856753,11.801191733143
192.9,7.75,7.75,7.75112206582388,7.75041632550769,6.94702338119426,7.75278286392479,15.5022441316478,15.5008326510154,16.2100223749308,11.801237441244
193,7.75,7.75,7.75112157012407,7.75041597319545,6.94701054014545,7.75277840382245,15.5022431402481,15.5008319463909,16.2101735990751,11.8012830469307
193.1,7.75,7.75,7.75112107332037,7.75041562025886,6.94699771176562,7.75277395248914,15.5022421466407,15.5008312405177,16.2103246756759,11.8013285611399
193.2,7.75,7.75,7.75112057541728,7.75041526670136,6.94698489604233,7.75276950991312,15.5022411508346,15.5008305334027,16.2104756048763,11.8013739839944
193.3,7.75,7.75,7.7511200764193,7.75041491252637,6.94697209296316,7.75276507608264,15.5022401528386,15.5008298250527,16.2106263868187,11.8014193156168
193.4,7.75,7.75,7.75111957609762,7.75041455760629,6.94695930523344,7.75276065286388,15.5022391521952,15.5008291152126,16.2107769899927,11.8014645365396
193.5,7.75,7.75,7.75111907456616,7.75041420200673,6.94694653159811,7.75275623938393,15.5022381491323,15.5008284040135,16.210927429012,11.8015096558693
193.6,7.75,7.75,7.75111857195763,7.75041384580328,6.94693377055733,7.75275183460275,15.5022371439153,15.5008276916066,16.2110777213424,11.8015546844553
193.7,7.75,7.75,7.75111806827646,7.75041348899931,6.94692102209875,7.75274743850871,15.5022361365529,15.5008269779986,16.2112278671261,11.8015996224193
193.8,7.75,7.75,7.75111756352707,7.75041313159819,6.94690828621002,7.75274305109015,15.5022351270541,15.5008262631964,16.2113778665047,11.801644469883
193.9,7.75,7.75,7.75111705748629,7.75041277347659,6.94689556558058,7.75273867419828,15.5022341149726,15.5008255469532,16.21152768815,11.8016892075353
194,7.75,7.75,7.75111655026534,7.75041241469804,6.94688285896277,7.75273430696716,15.5022331005307,15.5008248293961,16.2116773465911,11.8017338444098
194.1,7.75,7.75,7.75111604199371,7.75041205533569,6.94687016486556,7.7527299483651,15.5022320839874,15.5008241106714,16.2118268591927,11.8017783912688
194.2,7.75,7.75,7.75111553267578,7.75041169539285,6.94685748327667,7.75272559838053,15.5022310653516,15.5008233907857,16.2119762260958,11.8018228482332
194.3,7.75,7.75,7.75111502231589,7.75041133487281,6.94684481418383,7.7527212570019,15.5022300446318,15.5008226697456,16.2121254474414,11.8018672154238
194.4,7.75,7.75,7.75111451069642,7.75041097365648,6.94683216026072,7.75271692606555,15.5022290213928,15.500821947313,16.2122744920824,11.8019114736847
194.5,7.75,7.75,7.75111399792592,7.75041061180534,6.946819520267,7.75271260471249,15.5022279958518,15.5008212236107,16.2124233744637,11.801955631977
194.6,7.75,7.75,7.75111348413074,7.75041024939012,6.94680689272039,7.75270829191928,15.5022269682615,15.5008204987802,16.2125721118494,11.8019997009767
194.7,7.75,7.75,7.75111296931517,7.75040988641408,6.94679427760871,7.75270398767444,15.5022259386303,15.5008197728282,16.2127207043797,11.8020436808039
194.8,7.75,7.75,7.75111245348349,7.75040952288045,6.94678167491975,7.75269969196651,15.502224906967,15.5008190457609,16.2128691521946,11.8020875715783
194.9,7.75,7.75,7.75111193642357,7.75040915867428,6.94676908731152,7.75269540661708,15.5022238728471,15.5008183173486,16.2130174243273,11.8021313542983
195,7.75,7.75,7.75111141824129,7.75040879385503,6.94675651355097,7.75269113077404,15.5022228364826,15.5008175877101,16.2131655351389,11.8021750378529
195.1,7.75,7.75,7.75111089905993,7.75040842849107,6.94674395216452,7.75268686342216,15.5022217981199,15.5008168569821,16.2133135017935,11.8022186328325
195.2,7.75,7.75,7.75111037888369,7.75040806258562,6.94673140314006,7.75268260455005,15.5022207577674,15.5008161251712,16.2134613244305,11.8022621393564
195.3,7.75,7.75,7.7511098577168,7.75040769614184,6.94671886646547,7.75267835414632,15.5022197154336,15.5008153922837,16.213609003189,11.8023055575434
195.4,7.75,7.75,7.7511093353525,7.75040732904883,6.94670634478318,7.75267411401794,15.502218670705,15.5008146580977,16.2137565072811,11.8023488685446
195.5,7.75,7.75,7.75110881189408,7.75040696136409,6.94669383686738,7.75266988331962,15.5022176237882,15.5008139227282,16.2139038509849,11.8023920811778
195.6,7.75,7.75,7.75110828746176,7.75040659315368,6.94668134125314,7.75266566104429,15.5022165749235,15.5008131863074,16.2140510513651,11.8024352059485
195.7,7.75,7.75,7.75110776205969,7.75040622442074,6.94666885792841,7.75266144718062,15.5022155241194,15.5008124488415,16.2141981085602,11.8024782429748
195.8,7.75,7.75,7.75110723569203,7.75040585516839,6.94665638688118,7.75265724171732,15.5022144713841,15.5008117103368,16.2143450227085,11.8025211923748
195.9,7.75,7.75,7.7511067081573,7.75040548528971,6.94664393073837,7.75265304644683,15.5022134163146,15.5008109705794,16.2144917632,11.8025640354513
196,7.75,7.75,7.75110617955626,7.75040511484025,6.94663148828137,7.75264886053064,15.5022123591125,15.5008102296805,16.2146383442299,11.8026067809514
196.1,7.75,7.75,7.75110565000611,7.75040474388382,6.94661905805385,7.75264468296975,15.5022113000122,15.5008094877676,16.2147847827645,11.802649439296
196.2,7.75,7.75,7.75110511951095,7.75040437242348,6.94660664004385,7.75264051375294,15.5022102390219,15.500808744847,16.2149310789413,11.8026920106025
196.3,7.75,7.75,7.75110458807486,7.75040400046231,6.9465942342394,7.75263635286898,15.5022091761497,15.5008080009246,16.2150772328977,11.802734494988
196.4,7.75,7.75,7.75110405550157,7.75040362789729,6.94658184325208,7.75263220209591,15.5022081110031,15.5008072557946,16.2152232142005,11.8027768739061
196.5,7.75,7.75,7.75110352188935,7.75040325478209,6.94656946587041,7.75262806060194,15.5022070437787,15.5008065095642,16.2153690369629,11.8028191560334
196.6,7.75,7.75,7.75110298735242,7.75040288117826,6.9465571006466,7.7526239273961,15.5022059747048,15.5008057623565,16.2155147180529,11.8028613517071
196.7,7.75,7.75,7.75110245189482,7.75040250708882,6.94654474756877,7.75261980246724,15.5022049037896,15.5008050141776,16.2156602576074,11.8029034610438
196.8,7.75,7.75,7.75110191552057,7.75040213251678,6.94653240662502,7.75261568580423,15.5022038310411,15.5008042650336,16.2158056557627,11.8029454841596
196.9,7.75,7.75,7.75110137803854,7.75040175736298,6.94652008041164,7.75261157917078,15.5022027560771,15.500803514726,16.2159508822613,11.8029874026577
197,7.75,7.75,7.75110083954451,7.75040138167921,6.94650776772427,7.7526074817418,15.502201679089,15.5008027633584,16.2160959511348,11.8030292251449
197.1,7.75,7.75,7.7511003001498,7.75040100552482,6.9464954671236,7.75260339253427,15.5022006002996,15.5008020110496,16.2162408791538,11.8030709618753
197.2,7.75,7.75,7.75109975985838,7.75040062890279,6.9464831785978,7.75259931153713,15.5021995197168,15.5008012578056,16.2163856664542,11.8031126129645
197.3,7.75,7.75,7.7510992186742,7.75040025181608,6.94647090213509,7.75259523873931,15.5021984373484,15.5008005036322,16.2165303131717,11.8031541785279
197.4,7.75,7.75,7.7510986764112,7.75039987416927,6.94645864031655,7.75259117589035,15.5021973528224,15.5007997483385,16.2166747892232,11.8031956403169
197.5,7.75,7.75,7.75109813316271,7.75039949601235,6.94644639194487,7.75258712217177,15.5021962663254,15.5007989920247,16.2168191085591,11.8032370068693
197.6,7.75,7.75,7.75109758903719,7.75039911740249,6.94643415558918,7.75258307660845,15.5021951780744,15.500798234805,16.2169632878533,11.8032782883565
197.7,7.75,7.75,7.75109704403855,7.75039873834264,6.94642193123774,7.75257903918942,15.5021940880771,15.5007974766853,16.2171073272408,11.8033194848931
197.8,7.75,7.75,7.75109649817067,7.75039835883568,6.94640971887882,7.7525750099037,15.5021929963413,15.5007967176714,16.2172512268564,11.8033605965939
197.9,7.75,7.75,7.75109595125247,7.75039797878992,6.94639752107842,7.75257099048671,15.5021919025049,15.5007959575798,16.2173949567905,11.8034016053576
198,7.75,7.75,7.75109540337487,7.75039759825352,6.94638533664625,7.75256698012657,15.5021908067497,15.500795196507,16.2175385309129,11.8034425196532
198.1,7.75,7.75,7.75109485464353,7.75039721728157,6.94637316415982,7.752562977856,15.5021897092871,15.5007944345631,16.2176819658014,11.8034833495699
198.2,7.75,7.75,7.75109430506227,7.75039683587693,6.94636100360744,7.7525589836641,15.5021886101245,15.5007936717539,16.2178252615899,11.8035240952219
198.3,7.75,7.75,7.75109375463494,7.75039645404245,6.94634885497747,7.75255499753999,15.5021875092699,15.5007929080849,16.2179684184125,11.8035647567228
198.4,7.75,7.75,7.75109320318532,7.75039607169007,6.94633672082092,7.75255102120509,15.5021864063706,15.5007921433801,16.2181114065319,11.8036053161176
198.5,7.75,7.75,7.751092650802,7.75039568886619,6.94632459995447,7.75254705385403,15.502185301604,15.5007913777324,16.218254239738,11.8036457818072
198.6,7.75,7.75,7.75109209758784,7.7503953056238,6.94631249096393,7.75254309452735,15.5021841951757,15.5007906112476,16.2183969345126,11.8036861637994
198.7,7.75,7.75,7.75109154354662,7.75039492196572,6.94630039383772,7.75253914321421,15.5021830870932,15.5007898439314,16.2185394909892,11.8037264622074
198.8,7.75,7.75,7.75109098868211,7.75039453789475,6.94628830856425,7.75253519990382,15.5021819773642,15.5007890757895,16.2186819093007,11.8037666771442
198.9,7.75,7.75,7.75109043282292,7.7503941533264,6.94627623767964,7.7525312663037,15.5021808656458,15.5007883066528,16.2188241598813,11.8038067907998
199,7.75,7.75,7.75108987605532,7.75039376830532,6.94626418000749,7.75252734161498,15.5021797521106,15.5007875366106,16.2189662564412,11.8038468115074
199.1,7.75,7.75,7.75108931847942,7.75039338288248,6.94625213414189,7.75252342488591,15.5021786369588,15.500786765765,16.2191082153674,11.803886749194
199.2,7.75,7.75,7.75108876009894,7.75039299706064,6.94624010007132,7.75251951610575,15.5021775201979,15.5007859941213,16.2192500367921,11.8039266039721
199.3,7.75,7.75,7.75108820091762,7.75039261084255,6.94622807778427,7.75251561526377,15.5021764018352,15.5007852216851,16.2193917208478,11.8039663759536
199.4,7.75,7.75,7.75108764076877,7.75039222414722,6.94621606980206,7.75251172405372,15.5021752815375,15.5007844482944,16.2195332381388,11.804006047473
199.5,7.75,7.75,7.7510870797364,7.7503918370176,6.94620407495518,7.75250784168316,15.5021741594728,15.5007836740352,16.2196746022961,11.8040456267958
199.6,7.75,7.75,7.75108651791792,7.75039144950264,6.94619209184591,7.752503967208,15.5021730358358,15.5007828990053,16.2198158296123,11.8040851237693
199.7,7.75,7.75,7.751085955317,7.75039106160508,6.94618012046282,7.75250010061759,15.502171910634,15.5007821232102,16.2199569202189,11.8041245385047
199.8,7.75,7.75,7.7510853919373,7.75039067332759,6.94616816079447,7.75249624190128,15.5021707838746,15.5007813466552,16.2200978742474,11.8041638711134
199.9,7.75,7.75,7.75108482761683,7.75039028459263,6.94615621534747,7.75249239273914,15.5021696552337,15.5007805691853,16.2202386624713,11.8042031040728
200,7.75,7.75,7.75108426243731,7.75038989544148,6.94614428295914,7.7524885523451,15.5021685248746,15.500779790883,16.2203792984431,11.8042422455817
200.1,7.75,7.75,7.75108369649353,7.75038950592113,6.94613236223995,7.7524847197827,15.5021673929871,15.5007790118423,16.2205197983615,11.8042813054078
200.2,7.75,7.75,7.75108312978909,7.75038911603424,6.94612045317851,7.75248089504136,15.5021662595782,15.5007782320685,16.2206601623571,11.8043202836615
200.3,7.75,7.75,7.7510825623276,7.75038872578347,6.94610855576347,7.75247707811052,15.5021651246552,15.5007774515669,16.2208003905607,11.8043591804534
200.4,7.75,7.75,7.75108199395164,7.75038833509463,6.94609667248683,7.75247327065666,15.5021639879033,15.5007766701893,16.2209404539138,11.8043979784028
200.5,7.75,7.75,7.75108142474074,7.75038794400737,6.94608480219269,7.75246947190005,15.5021628494815,15.5007758880147,16.2210803658908,11.8044366856424
200.6,7.75,7.75,7.75108085478707,7.75038755256674,6.94607294349963,7.7524656809118,15.5021617095741,15.5007751051335,16.2212201425972,11.8044753118606
200.7,7.75,7.75,7.75108028409419,7.75038716077535,6.94606109639635,7.75246189768139,15.5021605681884,15.5007743215507,16.2213597841627,11.8045138571673
200.8,7.75,7.75,7.75107971266562,7.75038676863582,6.94604926087157,7.75245812219835,15.5021594253312,15.5007735372716,16.2214992907174,11.8045523216722
200.9,7.75,7.75,7.75107914034849,7.75038637607727,6.94603743940275,7.75245435611567,15.502158280697,15.5007727521545,16.2216386333698,11.8045906881354
201,7.75,7.75,7.75107856722014,7.75038598313772,6.94602563084075,7.75245059865991,15.5021571344403,15.5007719662754,16.2217778255167,11.804628964624
201.1,7.75,7.75,7.75107799337016,7.75038558986035,6.94601383381221,7.75244684890969,15.5021559867403,15.5007711797207,16.2219168831708,11.8046671607479
201.2,7.75,7.75,7.75107741880207,7.75038519624772,6.9460020483059,7.75244310685458,15.5021548376041,15.5007703924954,16.2220558064612,11.8047052766162
201.3,7.75,7.75,7.75107684351933,7.75038480230239,6.94599027431062,7.75243937248416,15.5021536870387,15.5007696046048,16.222194595517,11.8047433123378
201.4,7.75,7.75,7.75107626737351,7.75038440795673,6.94597851428938,7.75243564743805,15.502152534747,15.5007688159135,16.2223332216127,11.8047812508127
201.5,7.75,7.75,7.75107569043981,7.75038401324718,6.94596676709978,7.75243193094908,15.5021513808796,15.5007680264944,16.2224716980681,11.8048191000426
201.6,7.75,7.75,7.7510751128053,7.75038361821506,6.94595503137644,7.75242822210328,15.5021502256106,15.5007672364301,16.2226100408038,11.8048568695599
201.7,7.75,7.75,7.75107453447343,7.75038322286289,6.94594330710822,7.75242452089032,15.5021490689469,15.5007664457258,16.2227482499479,11.8048945594726
201.8,7.75,7.75,7.75107395544762,7.75038282719316,6.94593159428396,7.75242082729984,15.5021479108952,15.5007656543863,16.2228863256289,11.8049321698887
201.9,7.75,7.75,7.75107337558381,7.75038243114146,6.94591989535238,7.75241714295821,15.5021467511676,15.5007648622829,16.2230242392862,11.8049696838474
202,7.75,7.75,7.75107279495507,7.75038203474267,6.9459082091777,7.75241346710442,15.5021455899101,15.5007640694853,16.223162004163,11.8050071092855
202.1,7.75,7.75,7.75107221364602,7.75038163803627,6.94589653440253,7.75240979883191,15.502144427292,15.5007632760725,16.2232996360881,11.8050444556579
202.2,7.75,7.75,7.75107163166004,7.75038124102473,6.94588487101577,7.75240613813042,15.5021432633201,15.5007624820495,16.2234371351893,11.805081723072
202.3,7.75,7.75,7.75107104900048,7.75038084371052,6.94587321900636,7.75240248498968,15.502142098001,15.500761687421,16.2235745015938,11.805118911635
202.4,7.75,7.75,7.7510704655276,7.75038044603233,6.94586158080876,7.75239884102287,15.5021409310552,15.5007608920647,16.2237117069053,11.8051560045239
202.5,7.75,7.75,7.7510698813124,7.75038004802353,6.94584995529381,7.75239520547512,15.5021397626248,15.5007600960471,16.2238487642906,11.8051930096112
202.6,7.75,7.75,7.75106929643703,7.75037964972182,6.94583834111203,7.75239157744723,15.5021385928741,15.5007592994436,16.2239856894878,11.8052299362751
202.7,7.75,7.75,7.75106871090482,7.75037925112961,6.9458267382524,7.752387956929,15.5021374218096,15.5007585022592,16.2241224826235,11.8052667846222
202.8,7.75,7.75,7.7510681247191,7.75037885224931,6.94581514670391,7.75238434391025,15.5021362494382,15.5007577044986,16.2242591438245,11.805303554759
202.9,7.75,7.75,7.75106753774433,7.75037845302271,6.94580356888687,7.75238073999104,15.5021350754887,15.5007569060454,16.2243956448572,11.8053402299991
203,7.75,7.75,7.75106695004947,7.75037805348167,6.94579200367872,7.75237714442265,15.5021339000989,15.5007561069633,16.2245319988129,11.8053768181513
203.1,7.75,7.75,7.75106636171429,7.75037765366212,6.9457804497378,7.75237355631315,15.5021327234286,15.5007553073242,16.224668221339,11.8054133285177
203.2,7.75,7.75,7.75106577274204,7.75037725356644,6.94576890705319,7.7523699756524,15.5021315454841,15.5007545071329,16.2248043125616,11.8054497612041
203.3,7.75,7.75,7.751065183136,7.750376853197,6.94575737561395,7.7523664024303,15.502130366272,15.500753706394,16.2249402726066,11.8054861163161
203.4,7.75,7.75,7.75106459276479,7.75037645249859,6.94574585782631,7.75236283823395,15.5021291855296,15.5007529049972,16.2250760734023,11.8055223773033
203.5,7.75,7.75,7.75106400169539,7.7503760515016,6.94573435257424,7.75235928232065,15.5021280033908,15.5007521030032,16.2252117279647,11.805558551911
203.6,7.75,7.75,7.75106341000517,7.75037565024024,6.94572285852391,7.75235573380572,15.5021268200103,15.5007513004805,16.2253472518516,11.8055946493657
203.7,7.75,7.75,7.75106281769734,7.75037524871685,6.94571137566445,7.7523521926791,15.5021256353947,15.5007504974337,16.225482645188,11.8056306697724
203.8,7.75,7.75,7.75106222477513,7.75037484693376,6.945699903985,7.75234865893075,15.5021244495503,15.5007496938675,16.2256179080993,11.8056666132361
203.9,7.75,7.75,7.75106163111126,7.75037444483869,6.94568844587781,7.75234513413488,15.5021232622225,15.5007488896774,16.2257530126745,11.8057024633411
204,7.75,7.75,7.75106103677072,7.75037404246062,6.94567700023335,7.75234161755484,15.5021220735414,15.5007480849212,16.225887971855,11.8057382277697
204.1,7.75,7.75,7.75106044182855,7.75037363983206,6.94566556572555,7.75233810831307,15.5021208836571,15.5007472796641,16.2260228011093,11.8057739156736
204.2,7.75,7.75,7.75105984628793,7.75037323695529,6.9456541423436,7.75233460639961,15.5021196925759,15.5007464739106,16.2261575005616,11.8058095271568
204.3,7.75,7.75,7.75105925015202,7.75037283383259,6.94564273007671,7.75233111180452,15.502118500304,15.5007456676652,16.2262920703363,11.8058450623237
204.4,7.75,7.75,7.75105865329758,7.75037243041462,6.94563133130324,7.75232762608918,15.5021173065952,15.5007448608292,16.2264264826827,11.8058805048923
204.5,7.75,7.75,7.75105805578764,7.75037202672891,6.94561994492012,7.7523241485229,15.5021161115753,15.5007440534578,16.2265607504677,11.8059158624825
204.6,7.75,7.75,7.75105745769497,7.75037162280632,6.94560856960899,7.75232067823529,15.5021149153899,15.5007432456126,16.226694889071,11.8059511441715
204.7,7.75,7.75,7.75105685902268,7.75037121864909,6.9455972053591,7.75231721521644,15.5021137180454,15.5007424372982,16.2268288986162,11.8059863500627
204.8,7.75,7.75,7.75105625977388,7.75037081425946,6.94558585215973,7.75231375945646,15.5021125195478,15.5007416285189,16.2269627792269,11.8060214802595
204.9,7.75,7.75,7.75105565982931,7.75037040959093,6.94557451237545,7.75231031250406,15.5021113196586,15.5007408191819,16.2270965033112,11.8060565186128
205,7.75,7.75,7.75105505925008,7.75037000466963,6.94556318490959,7.75230687363448,15.5021101185002,15.5007400093393,16.2272300836622,11.8060914726807
205.1,7.75,7.75,7.7510544581067,7.7503695995248,6.94555186845146,7.75230344198438,15.5021089162134,15.5007391990496,16.2273635355715,11.8061263514662
205.2,7.75,7.75,7.75105385640223,7.75036919415865,6.94554056299037,7.75230001754392,15.5021077128045,15.5007383883173,16.2274968591619,11.8061611550721
205.3,7.75,7.75,7.75105325413973,7.75036878857337,6.94552926851567,7.75229660030331,15.5021065082795,15.5007375771467,16.2276300545562,11.806195883601
205.4,7.75,7.75,7.75105265120384,7.75036838272523,6.94551798737823,7.75229319179862,15.5021053024077,15.5007367654505,16.2277630943205,11.8062305210357
205.5,7.75,7.75,7.7510520476538,7.75036797663903,6.94550671848774,7.752289791311,15.5021040953076,15.5007359532781,16.2278959911745,11.8062650748726
205.6,7.75,7.75,7.75105144355788,7.7503675703424,6.94549546054112,7.75228639798411,15.5021028871158,15.5007351406848,16.2280287603221,11.8062995540416
205.7,7.75,7.75,7.7510508389191,7.75036716383749,6.94548421352775,7.7522830118082,15.5021016778382,15.500734327675,16.2281614018855,11.8063339586446
205.8,7.75,7.75,7.75105023374048,7.75036675712647,6.94547297743705,7.75227963277354,15.502100467481,15.5007335142529,16.2282939159866,11.8063682887834
205.9,7.75,7.75,7.75104962791049,7.75036635016834,6.94546175460626,7.75227626240369,15.502099255821,15.5007327003367,16.2284262753484,11.8064025285717
206,7.75,7.75,7.75104902148651,7.75036594298657,6.94545054395141,7.75227289998564,15.502098042973,15.5007318859731,16.2285584926179,11.8064366854449
206.1,7.75,7.75,7.75104841453463,7.75036553560721,6.94543934417696,7.75226954467001,15.5020968290693,15.5007310712144,16.2286905829117,11.80647076826
206.2,7.75,7.75,7.75104780705784,7.75036512803238,6.94542815527239,7.75226619644713,15.5020956141157,15.5007302560648,16.2288225463513,11.8065047771181
206.3,7.75,7.75,7.75104719905909,7.75036472026419,6.94541697722716,7.75226285530733,15.5020943981182,15.5007294405284,16.228954383058,11.8065387121204
206.4,7.75,7.75,7.75104659043062,7.75036431226436,6.94540581236499,7.75225952276177,15.5020931808612,15.5007286245287,16.2290860659106,11.8065725575104
206.5,7.75,7.75,7.751045981228,7.75036390405501,6.94539465960818,7.75225619810321,15.502091962456,15.50072780811,16.2292176074836,11.8066063206629
206.6,7.75,7.75,7.75104537151519,7.75036349566068,6.94538351766873,7.75225288048921,15.5020907430304,15.5007269913214,16.2293490228073,11.8066400103627
206.7,7.75,7.75,7.75104476129509,7.75036308708343,6.94537238653618,7.75224956991015,15.5020895225902,15.5007261741669,16.2294803120023,11.80667362671
206.8,7.75,7.75,7.75104415057063,7.75036267832535,6.94536126620004,7.75224626635645,15.5020883011413,15.5007253566507,16.2296114751891,11.8067071698053
206.9,7.75,7.75,7.75104353923776,7.75036226935077,6.94535015897059,7.75224297132693,15.5020870784755,15.5007245387015,16.2297424854015,11.806740624021
207,7.75,7.75,7.75104292735026,7.75036186018054,6.94533906377638,7.75223968412011,15.5020858547005,15.5007237203611,16.2298733551421,11.8067739966719
207.1,7.75,7.75,7.75104231496996,7.75036145083768,6.94532797933688,7.7522364039004,15.5020846299399,15.5007229016754,16.2300040993552,11.8068072964708
207.2,7.75,7.75,7.75104170209973,7.75036104132422,6.94531690564169,7.75223313065827,15.5020834041995,15.5007220826484,16.2301347181605,11.8068405235175
207.3,7.75,7.75,7.75104108874245,7.75036063164221,6.9453058426804,7.75222986438419,15.5020821774849,15.5007212632844,16.2302652116778,11.8068736779114
207.4,7.75,7.75,7.75104047479771,7.75036022175855,6.94529479274989,7.75222660656476,15.5020809495954,15.5007204435171,16.2303955530952,11.8069067441532
207.5,7.75,7.75,7.75103986031754,7.75035981169284,6.94528375478496,7.7522233565042,15.5020797206351,15.5007196233857,16.2305257548434,11.8069397294977
207.6,7.75,7.75,7.75103924536168,7.75035940146662,6.94527272751248,7.75222011337374,15.5020784907234,15.5007188029332,16.2306558317813,11.8069726425866
207.7,7.75,7.75,7.75103862993297,7.75035899108189,6.94526171092211,7.7522168771639,15.5020772598659,15.5007179821638,16.2307857840279,11.807005483519
207.8,7.75,7.75,7.75103801403422,7.75035858054063,6.94525070500352,7.75221364786526,15.5020760280684,15.5007171610813,16.2309156117024,11.8070382523935
207.9,7.75,7.75,7.75103739756864,7.7503581698123,6.9452397120403,7.75221042695223,15.5020747951373,15.5007163396246,16.2310452881458,11.8070709338379
208,7.75,7.75,7.7510367805865,7.75035775891524,6.94522873097342,7.75220721373474,15.502073561173,15.5007155178305,16.2311748257178,11.8071035350477
208.1,7.75,7.75,7.75103616314551,7.75035734786956,6.94521776053713,7.75220400739075,15.502072326291,15.5007146957391,16.2313042391922,11.8071360645938
208.2,7.75,7.75,7.75103554524846,7.75035693667721,6.94520680072115,7.75220080791087,15.5020710904969,15.5007138733544,16.2314335286876,11.8071685225747
208.3,7.75,7.75,7.75103492689811,7.75035652534013,6.94519585151521,7.75219761528572,15.5020698537962,15.5007130506803,16.231562694322,11.8072009090882
208.4,7.75,7.75,7.75103430800121,7.75035611383027,6.94518491518972,7.75219443097769,15.5020686160024,15.5007122276605,16.2316917095888,11.8072332088882
208.5,7.75,7.75,7.75103368860631,7.75035570216476,6.94517399069176,7.75219125430231,15.5020673772126,15.5007114043295,16.2318205867771,11.8072654291115
208.6,7.75,7.75,7.75103306876913,7.75035529036228,6.94516307676292,7.75218808444426,15.5020661375383,15.5007105807246,16.2319493405762,11.8072975782587
208.7,7.75,7.75,7.75103244849239,7.75035487842473,6.94515217339297,7.75218492139423,15.5020648969848,15.5007097568495,16.2320779711038,11.8073296564274
208.8,7.75,7.75,7.75103182777883,7.75035446635403,6.94514128057174,7.75218176514289,15.5020636555577,15.5007089327081,16.2322064784775,11.8073616637151
208.9,7.75,7.75,7.75103120653865,7.75035405412456,6.94513040055648,7.75217861714068,15.5020624130773,15.5007081082491,16.2323348363417,11.8073935850005
209,7.75,7.75,7.75103058481875,7.75035364175225,6.94511953230039,7.75217547670871,15.5020611696375,15.5007072835045,16.2324630569151,11.807425427362
209.1,7.75,7.75,7.75102996267285,7.75035322925439,6.94510867455233,7.75217234303832,15.5020599253457,15.5007064585088,16.2325911548035,11.8074571992308
209.2,7.75,7.75,7.75102934010363,7.75035281663285,6.94509782730216,7.75216921612026,15.5020586802073,15.5007056332657,16.2327191301236,11.8074889007037
209.3,7.75,7.75,7.75102871711377,7.75035240388951,6.94508699053973,7.75216609594529,15.5020574342275,15.500704807779,16.2328469829923,11.8075205318772
209.4,7.75,7.75,7.75102809361692,7.75035199100112,6.94507616650929,7.75216298395195,15.5020561872338,15.5007039820022,16.2329746872043,11.8075520777546
209.5,7.75,7.75,7.75102746965831,7.75035157798247,6.94506535417009,7.75215987946691,15.5020549393166,15.5007031559649,16.2331022549086,11.8075835453562
209.6,7.75,7.75,7.75102684528971,7.75035116484945,6.94505455227821,7.75215678168811,15.5020536905794,15.5007023296989,16.2332297006274,11.807614943044
209.7,7.75,7.75,7.75102622051376,7.75035075160392,6.94504376082358,7.75215369060637,15.5020524410275,15.5007015032078,16.2333570244769,11.8076462709141
209.8,7.75,7.75,7.75102559533311,7.75035033824771,6.94503297979613,7.75215060621252,15.5020511906662,15.5007006764954,16.2334842265732,11.8076775290624
209.9,7.75,7.75,7.75102496966475,7.75034992475991,6.94502221142714,7.75214752993332,15.5020499393295,15.5006998495198,16.2336112808602,11.8077087026154
210,7.75,7.75,7.75102434355229,7.75034951115417,6.94501145468188,7.75214446110093,15.5020486871046,15.5006990223083,16.2337381994177,11.8077397985358
210.1,7.75,7.75,7.75102371704559,7.75034909744504,6.94500070832363,7.75214139891986,15.5020474340912,15.5006981948901,16.233864996685,11.8077708251171
210.2,7.75,7.75,7.75102309014726,7.75034868363433,6.94498997234238,7.75213834338099,15.5020461802945,15.5006973672687,16.2339916727775,11.8078017824547
210.3,7.75,7.75,7.75102246285989,7.75034826972385,6.94497924672811,7.75213529447522,15.5020449257198,15.5006965394477,16.2341182278107,11.8078326706436
210.4,7.75,7.75,7.75102183510377,7.75034785569498,6.94496853369924,7.75213225361761,15.5020436702075,15.50069571139,16.234244635877,11.8078634749329
210.5,7.75,7.75,7.75102120692092,7.75034744156023,6.94495783222703,7.75212922014579,15.5020424138418,15.5006948831205,16.2343709089869,11.8078942022282
210.6,7.75,7.75,7.75102057835933,7.75034702733286,6.94494714108188,7.75212619327077,15.5020411567187,15.5006940546657,16.2344970614978,11.8079248607548
210.7,7.75,7.75,7.75101994942154,7.75034661301463,6.94493646025386,7.7521231729835,15.5020398988431,15.5006932260293,16.2346230935241,11.8079554506072
210.8,7.75,7.75,7.75101932011012,7.75034619860731,6.94492578973302,7.75212015927496,15.5020386402202,15.5006923972146,16.2347490051807,11.8079859718802
210.9,7.75,7.75,7.75101869034861,7.75034578409453,6.94491513172498,7.75211715354858,15.5020373806972,15.5006915681891,16.2348747707073,11.8080164099439
211,7.75,7.75,7.75101806017745,7.75034536948772,6.94490448520693,7.75211415514741,15.5020361203549,15.5006907389754,16.2350004020462,11.8080467716473
211.1,7.75,7.75,7.75101742964277,7.75034495479882,6.94489384895639,7.75211116328894,15.5020348592855,15.5006899095976,16.2351259134726,11.8080770651483
211.2,7.75,7.75,7.75101679874709,7.75034454002957,6.94488322296348,7.75210817796418,15.5020335974942,15.5006890800591,16.2352513051006,11.8081072905406
211.3,7.75,7.75,7.75101616749291,7.75034412518171,6.94487260721831,7.75210519916416,15.5020323349858,15.5006882503634,16.2353765770441,11.8081374479181
211.4,7.75,7.75,7.75101553580699,7.75034371024106,6.9448620039138,7.75210222828081,15.502031071614,15.5006874204821,16.2355017036895,11.8081675227718
211.5,7.75,7.75,7.75101490372821,7.75034329521797,6.94485141203305,7.75209926466256,15.5020298074564,15.5006865904359,16.2356266969109,11.8081975218944
211.6,7.75,7.75,7.7510142713009,7.75034288012313,6.94484083036062,7.75209630753328,15.5020285426018,15.5006857602463,16.2357515709024,11.8082274533764
211.7,7.75,7.75,7.75101363852751,7.75034246495825,6.9448302588867,7.75209335688408,15.502027277055,15.5006849299165,16.2358763257772,11.808257317311
211.8,7.75,7.75,7.75101300541053,7.75034204972501,6.94481969760147,7.75209041270605,15.5020260108211,15.50068409945,16.2360009616485,11.8082871137915
211.9,7.75,7.75,7.75101237187983,7.75034163441141,6.9448091486852,7.75208747637968,15.5020247437597,15.5006832688228,16.2361254530484,11.8083168284284
212,7.75,7.75,7.75101173797279,7.75034121902673,6.94479861112686,7.75208454725872,15.5020234759456,15.5006824380535,16.2362498117835,11.8083464679586
212.1,7.75,7.75,7.75101110373194,7.75034080358043,6.94478808371805,7.75208162457344,15.5020222074639,15.5006816071609,16.2363740519667,11.8083760404061
212.2,7.75,7.75,7.75101046915971,7.75034038807417,6.94477756644899,7.75207870831499,15.5020209383194,15.5006807761483,16.2364981737109,11.8084055458633
212.3,7.75,7.75,7.75100983425851,7.75033997250962,6.94476705930992,7.75207579847454,15.502019668517,15.5006799450192,16.2366221771284,11.8084349844228
212.4,7.75,7.75,7.75100919896134,7.75033955687687,6.94475656446859,7.75207289642123,15.5020183979227,15.5006791137537,16.2367460368961,11.808464341814
212.5,7.75,7.75,7.75100856330406,7.75033914118418,6.94474608091978,7.75207000151409,15.5020171266081,15.5006782823684,16.2368697647533,11.8084936247183
212.6,7.75,7.75,7.75100792732745,7.75033872543979,6.94473560746206,7.75206711298972,15.5020158546549,15.5006774508796,16.2369933747328,11.8085228410935
212.7,7.75,7.75,7.75100729103389,7.75033830964533,6.9447251440857,7.75206423083935,15.5020145820678,15.5006766192907,16.2371168669464,11.8085519910315
212.8,7.75,7.75,7.75100665442577,7.75033789380244,6.94471469078103,7.75206135505419,15.5020133088515,15.5006757876049,16.2372402415061,11.808581074624
212.9,7.75,7.75,7.7510060174391,7.75033747790327,6.94470424970329,7.75205848699211,15.5020120348782,15.5006749558065,16.2373634732325,11.8086100777185
213,7.75,7.75,7.7510053801083,7.75033706195507,6.94469381985309,7.75205562601744,15.5020107602166,15.5006741239101,16.2374865737981,11.8086390069413
213.1,7.75,7.75,7.75100474247239,7.75033664596489,6.94468340003589,7.75205277137301,15.5020094849448,15.5006732919298,16.2376095571559,11.8086678701845
213.2,7.75,7.75,7.75100410453373,7.75033622993433,6.94467299024206,7.75204992305013,15.5020082090675,15.5006724598687,16.237732423417,11.8086966675395
213.3,7.75,7.75,7.75100346629466,7.75033581386499,6.94466259046195,7.75204708104008,15.5020069325893,15.50067162773,16.2378551726926,11.8087253990971
213.4,7.75,7.75,7.75100282769418,7.75033539775106,6.94465220283843,7.75204424668954,15.5020056553884,15.5006707955021,16.2379777799464,11.8087540508221
213.5,7.75,7.75,7.75100218876527,7.75033498159879,6.94464182637787,7.75204141936806,15.5020043775305,15.5006699631976,16.2381002567845,11.8087826292859
213.6,7.75,7.75,7.75100154954524,7.75033456541406,6.9446314598926,7.7520385983247,15.5020030990905,15.5006691308281,16.2382226170804,11.8088111423158
213.7,7.75,7.75,7.75100091003642,7.75033414919844,6.94462110337304,7.75203578355082,15.5020018200728,15.5006682983969,16.2383448609447,11.8088395900021
213.8,7.75,7.75,7.7510002702411,7.75033373295349,6.94461075680963,7.75203297503778,15.5020005404822,15.500667465907,16.2384669884879,11.8088679724353
213.9,7.75,7.75,7.75099963010122,7.7503333166754,6.94460042233291,7.75203017412116,15.5019992602024,15.5006666333508,16.2385889748158,11.8088962756961
214,7.75,7.75,7.75099898964833,7.75033290036944,6.94459009895495,7.75202738017568,15.5019979792967,15.5006658007389,16.2387108314684,11.808924506302
214.1,7.75,7.75,7.75099834891809,7.75033248404035,6.94457978549495,7.75202459245659,15.5019966978362,15.5006649680807,16.2388325722404,11.8089526720152
214.2,7.75,7.75,7.75099770791277,7.75033206768966,6.94456948194337,7.75202181095531,15.5019954158255,15.5006641353793,16.2389541972418,11.8089807729257
214.3,7.75,7.75,7.75099706663463,7.75033165131892,6.94455918829071,7.75201903566326,15.5019941332693,15.5006633026378,16.2390757065823,11.8090088091233
214.4,7.75,7.75,7.75099642502851,7.75033123492624,6.94454890665527,7.75201626790501,15.501992850057,15.5006624698525,16.239197075509,11.8090367668038
214.5,7.75,7.75,7.75099578312453,7.75033081851595,6.94453863605483,7.75201350706041,15.5019915662491,15.5006616370319,16.2393183154962,11.809064652431
214.6,7.75,7.75,7.75099514095673,7.75033040209166,6.94452837531536,7.75201075239085,15.5019902819135,15.5006608041833,16.2394394402605,11.8090924737031
214.7,7.75,7.75,7.75099449852733,7.75032998565488,6.94451812442738,7.75200800388782,15.5019889970547,15.5006599713098,16.2395604499109,11.8091202307091
214.8,7.75,7.75,7.75099385583856,7.75032956920712,6.94450788338146,7.7520052615428,15.5019877116771,15.5006591384142,16.2396813445567,11.8091479235383
214.9,7.75,7.75,7.75099321283809,7.75032915274841,6.94449765428373,7.75200252666942,15.5019864256762,15.5006583054968,16.239802099585,11.809175538501
215,7.75,7.75,7.75099256955467,7.75032873628212,6.94448743615762,7.75199979865263,15.5019851391093,15.5006574725642,16.2399227264053,11.8092030820076
215.1,7.75,7.75,7.75099192602072,7.75032831981079,6.94447722783585,7.75199707675993,15.5019838520414,15.5006566396216,16.2400432386561,11.8092305616924
215.2,7.75,7.75,7.75099128223843,7.75032790333589,6.94446702930901,7.75199436098284,15.5019825644769,15.5006558066718,16.2401636364459,11.8092579776441
215.3,7.75,7.75,7.75099063820999,7.75032748685889,6.94445684056772,7.75199165131293,15.50198127642,15.5006549737178,16.2402839198832,11.8092853299509
215.4,7.75,7.75,7.75098999388584,7.75032707038169,6.94444666370602,7.75198894905296,15.5019799877717,15.5006541407634,16.2404040644946,11.8093126050371
215.5,7.75,7.75,7.75098934929341,7.75032665390674,6.94443649775297,7.75198625359297,15.5019786985868,15.5006533078135,16.2405240816248,11.8093398092598
215.6,7.75,7.75,7.75098870446351,7.75032623743552,6.94442634154798,7.75198356420646,15.501977408927,15.500652474871,16.2406439848349,11.8093669501903
215.7,7.75,7.75,7.7509880593983,7.75032582096946,6.94441619508172,7.75198088088506,15.5019761187966,15.5006516419389,16.2407637742328,11.8093940279163
215.8,7.75,7.75,7.75098741409992,7.75032540451001,6.94440605834483,7.75197820362037,15.5019748281998,15.50065080902,16.2408834499263,11.8094210425258
215.9,7.75,7.75,7.75098676852157,7.75032498806089,6.94439593341939,7.75197553370438,15.5019735370431,15.5006499761218,16.2410029875807,11.8094479805555
216,7.75,7.75,7.75098612268935,7.75032457162365,6.94438581934001,7.75197287053216,15.5019722453787,15.5006491432473,16.2411223984761,11.8094748483101
216.1,7.75,7.75,7.75098547663249,7.75032415519872,6.94437571495277,7.75197021338322,15.501970953265,15.5006483103974,16.2412416960969,11.8095016532979
216.2,7.75,7.75,7.75098483035313,7.7503237387875,6.94436562024839,7.75196756224924,15.5019696607063,15.500647477575,16.2413608805503,11.8095283956063
216.3,7.75,7.75,7.75098418385338,7.75032332239141,6.9443555352176,7.75196491712189,15.5019683677068,15.5006466447828,16.2414799519433,11.8095550753223
216.4,7.75,7.75,7.75098353708911,7.75032290601595,6.94434546193051,7.75196227928247,15.5019670741782,15.5006458120319,16.2415988860791,11.8095816790947
216.5,7.75,7.75,7.75098289008512,7.75032248966181,6.94433539942729,7.75195964813103,15.5019657801702,15.5006449793236,16.2417176941739,11.8096082131759
216.6,7.75,7.75,7.75098224286912,7.75032207332838,6.94432534656064,7.75195702295304,15.5019644857382,15.5006441466568,16.2418363896355,11.8096346850121
216.7,7.75,7.75,7.75098159544321,7.75032165701703,6.94431530332134,7.75195440374023,15.5019631908864,15.5006433140341,16.2419549725704,11.8096610946897
216.8,7.75,7.75,7.75098094780944,7.75032124072915,6.94430526970018,7.75195179048435,15.5019618956189,15.5006424814583,16.2420734430851,11.8096874422953
216.9,7.75,7.75,7.75098029992636,7.750320824472,6.94429524775541,7.75194918445606,15.5019605998527,15.500641648944,16.2421917771196,11.8097137145888
217,7.75,7.75,7.75097965181747,7.7503204082454,6.94428523653271,7.75194658506039,15.5019593036349,15.5006408164908,16.2423099858266,11.8097399177707
217.1,7.75,7.75,7.75097900350898,7.75031999204773,6.94427523489136,7.75194399158871,15.501958007018,15.5006399840955,16.2424280825378,11.8097660592252
217.2,7.75,7.75,7.75097835500293,7.75031957588034,6.9442652428222,7.75194140403281,15.5019567100059,15.5006391517607,16.2425460673592,11.8097921390384
217.3,7.75,7.75,7.75097770630137,7.75031915974459,6.94425526031606,7.7519388223845,15.5019554126027,15.5006383194892,16.2426639403966,11.809818157296
217.4,7.75,7.75,7.75097705736543,7.75031874364944,6.94424528941944,7.75193624790391,15.5019541147309,15.5006374872989,16.2427816777261,11.8098441008683
217.5,7.75,7.75,7.75097640821735,7.75031832759388,6.94423532918346,7.75193368000098,15.5019528164347,15.5006366551878,16.2428992904371,11.8098699759043
217.6,7.75,7.75,7.75097575888185,7.7503179115753,6.94422537847397,7.75193111797295,15.5019515177637,15.5006358231506,16.2430167917859,11.8098957897269
217.7,7.75,7.75,7.75097510936096,7.75031749559503,6.94421543728185,7.75192856181167,15.5019502187219,15.5006349911901,16.2431341818778,11.8099215424213
217.8,7.75,7.75,7.75097445965667,7.75031707965438,6.94420550559799,7.75192601150901,15.5019489193133,15.5006341593088,16.2432514608179,11.8099472340728
217.9,7.75,7.75,7.75097380973267,7.75031666376402,6.94419558545717,7.75192346831465,15.5019476194653,15.500633327528,16.2433686048177,11.8099728516611
218,7.75,7.75,7.75097315960997,7.75031624792208,6.94418567591597,7.7519209316434,15.5019463192199,15.5006324958442,16.2434856249036,11.8099984012841
218.1,7.75,7.75,7.75097250931183,7.75031583212501,6.94417577584673,7.75191840079832,15.5019450186237,15.50063166425,16.243602534257,11.8100238902038
218.2,7.75,7.75,7.75097185884024,7.75031541637409,6.94416588524038,7.75191587577133,15.5019437176805,15.5006308327482,16.2437193329825,11.8100493185048
218.3,7.75,7.75,7.75097120819716,7.75031500067062,6.94415600408788,7.75191335655435,15.5019424163943,15.5006300013412,16.2438360211846,11.8100746862717
218.4,7.75,7.75,7.75097055734879,7.7503145850269,6.94414613441237,7.75191084438669,15.5019411146976,15.5006291700538,16.2439525752091,11.8100999805928
218.5,7.75,7.75,7.75096990631492,7.75031416944026,6.94413627527583,7.751908338688,15.5019398126298,15.5006283388805,16.2440690060201,11.8101252075154
218.6,7.75,7.75,7.75096925511739,7.7503137539062,6.94412642555706,7.75190583876712,15.5019385102348,15.5006275078124,16.2441853267244,11.810150374241
218.7,7.75,7.75,7.75096860375813,7.75031333842598,6.94411658524704,7.75190334461604,15.5019372075163,15.500626676852,16.244301537426,11.8101754808536
218.8,7.75,7.75,7.75096795223909,7.75031292300086,6.9441067543368,7.75190085622672,15.5019359044782,15.5006258460017,16.2444176382286,11.8102005274371
218.9,7.75,7.75,7.75096730052893,7.75031250764475,6.94409693483791,7.75189837482817,15.5019346010579,15.5006250152895,16.2445336056117,11.8102255011878
219,7.75,7.75,7.75096664864624,7.75031209235419,6.94408712581773,7.75189589984487,15.5019332972925,15.5006241847084,16.2446494504773,11.8102504081024
219.1,7.75,7.75,7.75096599661144,7.75031167712376,6.94407732616146,7.75189343059138,15.5019319932229,15.5006233542475,16.2447651858582,11.8102752553226
219.2,7.75,7.75,7.75096534442646,7.75031126195468,6.94406753586016,7.75189096705974,15.5019306888529,15.5006225239094,16.2448808118576,11.8103000429317
219.3,7.75,7.75,7.75096469209319,7.7503108468482,6.94405775490489,7.75188850924198,15.5019293841864,15.5006216936964,16.2449963285787,11.8103247710129
219.4,7.75,7.75,7.75096403958272,7.75031043181979,6.94404798529574,7.7518860583569,15.5019280791654,15.5006208636396,16.2451117126337,11.8103494268696
219.5,7.75,7.75,7.75096338691246,7.75031001686523,6.9440382261054,7.75188361383372,15.5019267738249,15.5006200337305,16.245226974863,11.8103740164487
219.6,7.75,7.75,7.75096273410146,7.75030960197817,6.94402847622547,7.75188117499272,15.5019254682029,15.5006192039563,16.2453421282257,11.8103985468321
219.7,7.75,7.75,7.7509620811516,7.75030918715982,6.94401873564704,7.75187874182598,15.5019241623032,15.5006183743196,16.2454571728243,11.8104230181025
219.8,7.75,7.75,7.75096142806475,7.7503087724114,6.94400900436126,7.75187631432561,15.5019228561295,15.5006175448228,16.2455721087616,11.8104474303427
219.9,7.75,7.75,7.75096077481438,7.75030835774991,6.94399928435677,7.75187389370024,15.5019215496288,15.5006167154998,16.2456869127814,11.8104717709622
220,7.75,7.75,7.75096012141674,7.75030794317038,6.94398957471158,7.75187147938384,15.5019202428335,15.5006158863408,16.245801595663,11.8104960458582
220.1,7.75,7.75,7.75095946788952,7.75030752866558,6.9439798743236,7.75186907070234,15.501918935779,15.5006150573312,16.2459161702923,11.8105202620536
220.2,7.75,7.75,7.75095881423458,7.75030711423668,6.94397018318402,7.75186666764786,15.5019176284692,15.5006142284734,16.2460306367713,11.8105444196305
220.3,7.75,7.75,7.75095816045373,7.75030669988488,6.94396050128401,7.75186427021259,15.5019163209075,15.5006133997698,16.2461449952019,11.8105685186709
220.4,7.75,7.75,7.7509575065228,7.75030628562868,6.94395083060088,7.75186187959508,15.5019150130456,15.5006125712574,16.2462592224592,11.81059254669
220.5,7.75,7.75,7.7509568524569,7.75030587146238,6.9439411702179,7.75185949523402,15.5019137049138,15.5006117429248,16.2463733292617,11.8106165095357
220.6,7.75,7.75,7.75095619827239,7.75030545737786,6.94393151903929,7.7518571164609,15.5019123965448,15.5006109147557,16.2464873284223,11.8106404141721
220.7,7.75,7.75,7.75095554397109,7.75030504337629,6.94392187705628,7.75185474326795,15.5019110879422,15.5006100867526,16.2466012200425,11.8106642606808
220.8,7.75,7.75,7.75095488955479,7.75030462945883,6.94391224426011,7.75185237564738,15.5019097791096,15.5006092589177,16.2467150042235,11.8106880491433
220.9,7.75,7.75,7.7509542350016,7.75030421564547,6.9439026226168,7.75185001478777,15.5019084700032,15.5006084312909,16.246828657971,11.8107117671792
221,7.75,7.75,7.75095358032553,7.75030380192974,6.94389301121488,7.75184766013245,15.5019071606511,15.5006076038595,16.2469421919425,11.8107354205876
221.1,7.75,7.75,7.75095292554162,7.75030338830272,6.9438834089648,7.7518453110185,15.5019058510832,15.5006067766054,16.2470556188791,11.8107590162746
221.2,7.75,7.75,7.75095227065165,7.75030297476553,6.94387381585787,7.7518429674382,15.5019045413033,15.5006059495311,16.2471689388813,11.810782554321
221.3,7.75,7.75,7.75095161565739,7.7503025613193,6.94386423188537,7.75184062938382,15.5019032313148,15.5006051226386,16.24728215205,11.8108060348076
221.4,7.75,7.75,7.75095096053922,7.75030214798547,6.94385465900211,7.751838298034,15.5019019210784,15.5006042959709,16.24739523552,11.810829445458
221.5,7.75,7.75,7.75095030531002,7.75030173475686,6.94384509630183,7.75183597283672,15.50190061062,15.5006034695137,16.2475081998891,11.810852792023
221.6,7.75,7.75,7.75094964998357,7.75030132162371,6.94383554270122,7.75183365313459,15.5018992999671,15.5006026432474,16.2476210578262,11.8108760813505
221.7,7.75,7.75,7.75094899456162,7.75030090858713,6.94382599819161,7.75183133891992,15.5018979891232,15.5006018171743,16.2477338094315,11.8108993135209
221.8,7.75,7.75,7.75094833904589,7.75030049564822,6.94381646276435,7.75182903018505,15.5018966780918,15.5006009912964,16.2478464548049,11.8109224886144
221.9,7.75,7.75,7.75094768341897,7.75030008282981,6.94380693836312,7.75182672809879,15.5018953668379,15.5006001656596,16.2479589712103,11.8109455944578
222,7.75,7.75,7.7509470276927,7.75029967012405,6.94379742408682,7.7518244321137,15.5018940553854,15.5005993402481,16.2480713691854,11.8109686367535
222.1,7.75,7.75,7.75094637187957,7.75029925752036,6.94378791885833,7.75182214157787,15.5018927437591,15.5005985150407,16.248183661328,11.8109916222923
222.2,7.75,7.75,7.75094571598128,7.75029884501981,6.94377842266903,7.75181985648367,15.5018914319626,15.5005976900396,16.2482958477373,11.8110145511539
222.3,7.75,7.75,7.75094505999956,7.75029843262349,6.94376893551033,7.75181757682351,15.5018901199991,15.500596865247,16.248407928513,11.8110374234179
222.4,7.75,7.75,7.75094440391916,7.7502980203556,6.94375945931484,7.7518153037564,15.5018888078383,15.5005960407112,16.2485198810467,11.8110602270133
222.5,7.75,7.75,7.75094374775085,7.75029760820762,6.9437499931866,7.75181303673949,15.5018874955017,15.5005952164152,16.2486317158168,11.8110829675949
222.6,7.75,7.75,7.75094309150589,7.75029719616816,6.94374053605462,7.75181077512628,15.5018861830118,15.5005943923363,16.2487434453498,11.8111056518966
222.7,7.75,7.75,7.75094243518595,7.75029678423828,6.94373108791036,7.75180851890923,15.5018848703719,15.5005935684766,16.2488550697448,11.8111282799973
222.8,7.75,7.75,7.75094177879272,7.75029637241904,6.94372164874526,7.75180626808078,15.5018835575854,15.5005927448381,16.2489665891006,11.8111508519761
222.9,7.75,7.75,7.75094112231309,7.75029596073599,6.94371222048094,7.75180402379026,15.5018822446262,15.500591921472,16.2490779809359,11.8111733558637
223,7.75,7.75,7.7509404657568,7.75029554917993,6.94370280222654,7.75180178549933,15.5018809315136,15.5005910983599,16.2491892556701,11.8111957972674
223.1,7.75,7.75,7.75093980913388,7.75029513773871,6.9436933929172,7.75179955256691,15.5018796182678,15.5005902754774,16.2493004257594,11.8112181828643
223.2,7.75,7.75,7.75093915244598,7.75029472641336,6.94368399254441,7.75179732498549,15.501878304892,15.5005894528267,16.2494114913019,11.8112405127332
223.3,7.75,7.75,7.75093849569476,7.75029431520492,6.94367460109967,7.7517951027476,15.5018769913895,15.5005886304098,16.2495224523961,11.8112627869523
223.4,7.75,7.75,7.75093783886919,7.75029390414024,6.94366522049366,7.75179288699291,15.5018756777384,15.5005878082805,16.2496332866869,11.8112849936531
223.5,7.75,7.75,7.75093718197801,7.75029349320948,6.94365584984062,7.75179067718759,15.501874363956,15.500586986419,16.2497440045351,11.8113071383959
223.6,7.75,7.75,7.75093652503004,7.75029308239973,6.94364648808173,7.75178847269591,15.5018730500601,15.5005861647995,16.2498546183267,11.8113292278019
223.7,7.75,7.75,7.75093586802691,7.75029267171201,6.94363713520855,7.75178627351043,15.5018717360538,15.500585343424,16.2499651281594,11.8113512619489
223.8,7.75,7.75,7.75093521097023,7.75029226114731,6.94362779121262,7.75178407962371,15.5018704219405,15.5005845222946,16.2500755341308,11.8113732409149
223.9,7.75,7.75,7.75093455385107,7.75029185073379,6.94361845799377,7.75178189216591,15.5018691077021,15.5005837014676,16.2501858140116,11.8113951529313
224,7.75,7.75,7.75093389667713,7.75029144046096,6.94360913467129,7.75177971060762,15.5018677933543,15.5005828809219,16.2502959781043,11.8114170035117
224.1,7.75,7.75,7.75093323945606,7.75029103031516,6.94359982019237,7.75177753431845,15.5018664789121,15.5005820606303,16.2504060387252,11.8114387992215
224.2,7.75,7.75,7.75093258218948,7.7502906202974,6.94359051454863,7.751775363291,15.501865164379,15.5005812405948,16.2505159959712,11.8114605401381
224.3,7.75,7.75,7.75093192487895,7.75029021040865,6.94358121773167,7.75177319751791,15.5018638497579,15.5005804208173,16.2506258499396,11.8114822263388
224.4,7.75,7.75,7.75093126751756,7.75028980067831,6.94357193163052,7.75177103811982,15.5018625350351,15.5005796013566,16.2507355785258,11.8115038461544
224.5,7.75,7.75,7.75093061011205,7.75028939109528,6.94356265536948,7.75176888457177,15.5018612202241,15.5005787821906,16.2508451919742,11.8115254050521
224.6,7.75,7.75,7.75092995266891,7.75028898164518,6.94355338790173,7.75176673624865,15.5018599053378,15.5005779632904,16.250954702532,11.811546909542
224.7,7.75,7.75,7.7509292951897,7.75028857232897,6.94354412921895,7.75176459314312,15.5018585903794,15.5005771446579,16.2510641102956,11.811568359701
224.8,7.75,7.75,7.75092863767599,7.75028816314763,6.9435348793128,7.75176245524785,15.501857275352,15.5005763262953,16.2511734153614,11.8115897556057
224.9,7.75,7.75,7.75092798012284,7.75028775413177,6.94352564006156,7.7517603236741,15.5018559602457,15.5005755082635,16.2512825957492,11.8116110856855
225,7.75,7.75,7.75092732253601,7.75028734526969,6.94351641059452,7.75175819790129,15.501854645072,15.5005746905394,16.2513916616456,11.8116323553618
225.1,7.75,7.75,7.75092666492088,7.75028693654628,6.94350718987083,7.75175607730953,15.5018533298418,15.5005738730926,16.2515006252289,11.8116535710896
225.2,7.75,7.75,7.75092600727897,7.75028652796252,6.9434979778822,7.75175396189156,15.5018520145579,15.500573055925,16.2516094865951,11.8116747329452
225.3,7.75,7.75,7.75092534961182,7.75028611951933,6.94348877462035,7.7517518516401,15.5018506992236,15.5005722390387,16.25171824584,11.8116958410048
225.4,7.75,7.75,7.75092469191644,7.75028571124852,6.9434795819529,7.75174974765705,15.5018493838329,15.500571422497,16.2518268811065,11.8117168837956
225.5,7.75,7.75,7.75092403419765,7.7502853031378,6.9434703990141,7.75174764942622,15.5018480683953,15.5005706062756,16.2519354025241,11.8117378666931
225.6,7.75,7.75,7.7509233764597,7.75028489517139,6.943461224769,7.75174555633291,15.5018467529194,15.5005697903428,16.2520438222028,11.8117587960982
225.7,7.75,7.75,7.75092271870409,7.75028448735021,6.94345205920937,7.7517434683699,15.5018454374082,15.5005689747004,16.2521521402378,11.8117796720865
225.8,7.75,7.75,7.75092206093233,7.75028407967519,6.94344290232698,7.75174138552998,15.5018441218647,15.5005681593504,16.2522603567244,11.8118004947335
225.9,7.75,7.75,7.75092140314336,7.7502836721793,6.94343375597886,7.75173930890578,15.5018428062867,15.5005673443586,16.252368449928,11.8118212526636
226,7.75,7.75,7.75092074534104,7.75028326484966,6.94342461930417,7.75173723798541,15.5018414906821,15.5005665296993,16.2524764299213,11.811841951207
226.1,7.75,7.75,7.75092008752855,7.75028285766983,6.94341549127386,7.75173517215937,15.5018401750571,15.5005657153397,16.2525843087462,11.8118625967106
226.2,7.75,7.75,7.75091942970735,7.75028245064069,6.94340637187974,7.75173311142047,15.5018388594147,15.5005649012814,16.2526920864974,11.8118831892492
226.3,7.75,7.75,7.75091877187893,7.75028204376316,6.94339726111361,7.75173105576155,15.5018375437579,15.5005640875263,16.2527997632696,11.8119037288981
226.4,7.75,7.75,7.7509181140441,7.75028163707135,6.94338816082201,7.75172900626606,15.5018362280882,15.5005632741427,16.25290731745,11.8119242043777
226.5,7.75,7.75,7.75091745620582,7.75028123055181,6.94337907014896,7.7517269624264,15.5018349124116,15.5005624611036,16.2530147590547,11.8119446209735
226.6,7.75,7.75,7.75091679836617,7.75028082418744,6.94336998807126,7.75172492363818,15.5018335967323,15.5005616483749,16.253122100058,11.8119649849786
226.7,7.75,7.75,7.75091614052661,7.7502804179791,6.94336091458077,7.75172288989427,15.5018322810532,15.5005608359582,16.2532293405542,11.8119852964673
226.8,7.75,7.75,7.75091548268859,7.75028001192769,6.94335184966936,7.75172086118757,15.5018309653772,15.5005600238554,16.2533364806372,11.8120055555143
226.9,7.75,7.75,7.75091482485475,7.75027960606843,6.94334279517308,7.75171883859238,15.5018296497095,15.5005592121369,16.2534434988154,11.8120257509358
227,7.75,7.75,7.75091416702718,7.75027920038733,6.94333375024083,7.75171682160537,15.5018283340544,15.5005584007747,16.2535504050487,11.8120458879724
227.1,7.75,7.75,7.75091350920689,7.75027879486662,6.94332471385521,7.75171480962724,15.5018270184138,15.5005575897332,16.2536572112442,11.8120659728641
227.2,7.75,7.75,7.75091285139532,7.75027838950716,6.94331568600813,7.75171280265092,15.5018257027906,15.5005567790143,16.2537639174955,11.8120860056847
227.3,7.75,7.75,7.75091219359388,7.75027798430983,6.9433066666915,7.75171080066935,15.5018243871878,15.5005559686197,16.2538705238961,11.8121059865082
227.4,7.75,7.75,7.75091153580704,7.75027757931091,6.94329765773098,7.75170880474777,15.5018230716141,15.5005551586218,16.2539770090747,11.8121259042458
227.5,7.75,7.75,7.750910878036,7.7502771744959,6.9432886582803,7.75170681438709,15.501821756072,15.5005543489918,16.2540833829352,11.8121457640939
227.6,7.75,7.75,7.75091022028073,7.75027676984639,6.94327966732784,7.75170482899304,15.5018204405615,15.5005535396928,16.254189657318,11.8121655722394
227.7,7.75,7.75,7.75090956254264,7.75027636536322,6.94327068486554,7.7517028485586,15.5018191250853,15.5005527307264,16.2542958323163,11.8121853287558
227.8,7.75,7.75,7.75090890482312,7.75027596104724,6.94326171088538,7.75170087307679,15.5018178096462,15.5005519220945,16.2544019080229,11.8122050337164
227.9,7.75,7.75,7.75090824712842,7.75027555693581,6.94325274720268,7.75169890360382,15.5018164942568,15.5005511138716,16.254507863186,11.8122246761267
228,7.75,7.75,7.75090758945886,7.75027515301388,6.94324379297597,7.75169693964482,15.5018151789177,15.5005503060278,16.2546137076541,11.8122442611391
228.1,7.75,7.75,7.75090693181341,7.75027474926244,6.94323484719935,7.75169498061053,15.5018138636268,15.5005494985249,16.2547194532012,11.8122637948881
228.2,7.75,7.75,7.75090627419345,7.75027434568231,6.94322590986483,7.75169302649398,15.5018125483869,15.5005486913646,16.25482509992,11.8122832774465
228.3,7.75,7.75,7.75090561660035,7.75027394227431,6.94321698096442,7.75169107728823,15.5018112332007,15.5005478845486,16.2549306479026,11.8123027088872
228.4,7.75,7.75,7.75090495904208,7.75027353907684,6.94320806230319,7.75168913404058,15.5018099180842,15.5005470781537,16.2550360760161,11.8123220783092
228.5,7.75,7.75,7.75090430151814,7.75027313607433,6.94319915304443,7.75168719626032,15.5018086030363,15.5005462721487,16.2551413940539,11.8123413908211
228.6,7.75,7.75,7.75090364402648,7.75027273324718,6.94319025218794,7.75168526336314,15.501807288053,15.5005454664944,16.2552466137241,11.8123606525055
228.7,7.75,7.75,7.75090298656846,7.75027233059619,6.94318135972578,7.75168333534216,15.5018059731369,15.5005446611924,16.2553517351186,11.8123798634347
228.8,7.75,7.75,7.75090232914543,7.75027192812215,6.94317247565001,7.75168141219046,15.5018046582909,15.5005438562443,16.2554567583292,11.8123990236808
228.9,7.75,7.75,7.75090167176708,7.75027152586448,6.94316360175549,7.7516794949465,15.5018033435342,15.500543051729,16.255561662341,11.8124181224359
229,7.75,7.75,7.75090101443204,7.75027112380711,6.94315473721025,7.75167758312369,15.5018020288641,15.5005422476142,16.2556664568925,11.8124371647652
229.1,7.75,7.75,7.75090035713732,7.75027072192983,6.94314588101976,7.75167567614267,15.5018007142746,15.5005414438597,16.2557711536263,11.8124561566995
229.2,7.75,7.75,7.75089969988424,7.75027032023344,6.94313703317613,7.7516737739966,15.5017993997685,15.5005406404669,16.2558757526338,11.8124750983106
229.3,7.75,7.75,7.75089904267412,7.75026991871871,6.94312819367147,7.75167187667862,15.5017980853482,15.5005398374374,16.2559802540062,11.8124939896703
229.4,7.75,7.75,7.75089838551833,7.75026951742604,6.94311936429048,7.75166998521837,15.5017967710367,15.5005390348521,16.2560846368461,11.8125128200625
229.5,7.75,7.75,7.75089772841469,7.75026911633886,6.94311054420592,7.7516680991334,15.5017954568294,15.5005382326777,16.2561889108373,11.8125315945095
229.6,7.75,7.75,7.75089707135925,7.75026871543641,6.94310173242888,7.75166621784924,15.5017941427185,15.5005374308728,16.2562930875575,11.8125503189909
229.7,7.75,7.75,7.75089641435329,7.75026831471946,6.94309292895152,7.75166434135908,15.5017928287066,15.5005366294389,16.2563971670973,11.812568993578
229.8,7.75,7.75,7.75089575739811,7.75026791418876,6.94308413376601,7.75166246965612,15.5017915147962,15.5005358283775,16.2565011495475,11.8125876183418
229.9,7.75,7.75,7.75089510050673,7.75026751388566,6.94307534864695,7.75166060376129,15.5017902010135,15.5005350277713,16.2566050141273,11.8126061826579
230,7.75,7.75,7.75089444367618,7.75026711379313,6.94306657277179,7.7516587431962,15.5017888873524,15.5005342275863,16.2567087704664,11.8126246915059
230.1,7.75,7.75,7.75089378690154,7.75026671388985,6.94305780515722,7.75165688739123,15.5017875738031,15.5005334277797,16.2568124300777,11.8126431508144
230.2,7.75,7.75,7.75089313018408,7.75026631417656,6.94304904579544,7.75165503633963,15.5017862603682,15.5005326283531,16.2569159930514,11.8126615606541
230.3,7.75,7.75,7.75089247352508,7.75026591465399,6.94304029467865,7.75165319003466,15.5017849470502,15.500531829308,16.2570194594776,11.8126799210956
230.4,7.75,7.75,7.75089181693918,7.75026551536444,6.94303155357148,7.75165134948857,15.5017836338784,15.5005310307289,16.2571228086914,11.8126982216053
230.5,7.75,7.75,7.7508911604226,7.7502651162904,6.943022821656,7.75164951422702,15.5017823208452,15.5005302325808,16.2572260502688,11.8127164671203
230.6,7.75,7.75,7.75089050396951,7.75026471741001,6.94301409795446,7.75164768368522,15.501781007939,15.50052943482,16.2573291956583,11.8127346635188
230.7,7.75,7.75,7.75088984758116,7.75026431872399,6.94300538245911,7.75164585785646,15.5017796951623,15.500528637448,16.2574322449496,11.8127528108708
230.8,7.75,7.75,7.75088919125879,7.75026392023307,6.94299667516222,7.75164403673407,15.5017783825176,15.5005278404661,16.2575351982322,11.8127709092466
230.9,7.75,7.75,7.75088853501864,7.75026352198044,6.94298797781844,7.75164222132168,15.5017770700373,15.5005270439609,16.2576380349565,11.8127889482025
231,7.75,7.75,7.75088787885614,7.75026312394813,6.94297928961447,7.75164041114897,15.5017757577123,15.5005262478963,16.257740764645,11.8128069326336
231.1,7.75,7.75,7.75088722276457,7.75026272611376,6.94297060957808,7.75163860565593,15.5017744455291,15.5005254522275,16.2578433986822,11.8128248683679
231.2,7.75,7.75,7.75088656674515,7.75026232847804,6.94296193770158,7.75163680483593,15.5017731334903,15.5005246569561,16.2579459371572,11.8128427554751
231.3,7.75,7.75,7.7508859107991,7.75026193104166,6.94295327397727,7.75163500868231,15.5017718215982,15.5005238620833,16.2580483801591,11.8128605940248
231.4,7.75,7.75,7.7508852549442,7.75026153384872,6.9429446201499,7.75163321819019,15.5017705098884,15.5005230676974,16.2581507072528,11.8128783736626
231.5,7.75,7.75,7.75088459917514,7.7502611368808,6.9429359754108,7.75163143289323,15.5017691983503,15.5005222737616,16.2582529279076,11.812896099242
231.6,7.75,7.75,7.75088394348429,7.750260740115,6.94292733879321,7.75162965223618,15.5017678869686,15.50052148023,16.2583550534444,11.8129137765413
231.7,7.75,7.75,7.75088328787286,7.750260343552,6.94291871028949,7.75162787621244,15.5017665757457,15.500520687104,16.2584570839519,11.8129314056295
231.8,7.75,7.75,7.75088263234205,7.7502599471925,6.94291008989198,7.75162610481541,15.5017652646841,15.500519894385,16.2585590195185,11.8129489865758
231.9,7.75,7.75,7.75088197691114,7.75025955108144,6.94290147933562,7.75162433903175,15.5017639538223,15.5005191021629,16.2586608398231,11.8129665091145
232,7.75,7.75,7.75088132157411,7.75025915519998,6.94289287781628,7.75162257839905,15.5017626431482,15.5005183104,16.258762554282,11.8129839780577
232.1,7.75,7.75,7.75088066632243,7.75025875952471,6.94288428437267,7.75162082236679,15.5017613326449,15.5005175190494,16.258864174153,11.8130013991343
232.2,7.75,7.75,7.7508800111573,7.7502583640563,6.94287569899718,7.75161907092842,15.5017600223146,15.5005167281126,16.2589656995243,11.8130187724128
232.3,7.75,7.75,7.7508793560799,7.75025796879542,6.94286712168222,7.7516173240774,15.5017587121598,15.5005159375908,16.2590671304837,11.8130360979618
232.4,7.75,7.75,7.75087870111099,7.75025757378787,6.94285855415295,7.75161558279196,15.501757402222,15.5005151475757,16.2591684468233,11.8130533656038
232.5,7.75,7.75,7.75087804624382,7.75025717901437,6.94284999560977,7.75161384661364,15.5017560924876,15.5005143580287,16.2592696579068,11.8130705801097
232.6,7.75,7.75,7.75087739146903,7.75025678445103,6.94284144509682,7.75161211499658,15.5017547829381,15.5005135689021,16.2593707749293,11.8130877471593
232.7,7.75,7.75,7.75087673678777,7.75025639009851,6.94283290260654,7.75161038793428,15.5017534735755,15.500512780197,16.2594717979784,11.8131048668207
232.8,7.75,7.75,7.7508760822012,7.75025599595744,6.94282436813139,7.75160866542024,15.5017521644024,15.5005119919149,16.2595727271415,11.813121939162
232.9,7.75,7.75,7.75087542773156,7.75025560207445,6.9428158433868,7.75160694842438,15.5017508554631,15.5005112041489,16.259673542323,11.813138954093
233,7.75,7.75,7.75087477337137,7.75025520842986,6.9428073275777,7.75160523649211,15.5017495467427,15.5005104168597,16.2597742528345,11.813155916344
233.1,7.75,7.75,7.75087411911044,7.7502548149993,6.94279881975361,7.75160352908222,15.5017482382209,15.5005096299986,16.2598748698087,11.8131728315459
233.2,7.75,7.75,7.75087346494988,7.75025442178339,6.94279031990702,7.75160182618827,15.5017469298998,15.5005088435668,16.2599753933325,11.8131896997665
233.3,7.75,7.75,7.75087281089085,7.75025402878277,6.94278182803043,7.75160012780379,15.5017456217817,15.5005080575655,16.260075823493,11.8132065210731
233.4,7.75,7.75,7.75087215695701,7.75025363604485,6.94277334582962,7.75159843489043,15.501744313914,15.5005072720897,16.2601761403062,11.8132232854626
233.5,7.75,7.75,7.75087150314019,7.75025324354956,6.942764872514,7.75159674699746,15.5017430062804,15.5005064870991,16.2602763530319,11.8132399976245
233.6,7.75,7.75,7.75087084942936,7.75025285127206,6.94275640713846,7.75159506358829,15.5017416988587,15.5005057025441,16.2603764727408,11.8132566631416
233.7,7.75,7.75,7.75087019582564,7.75025245921296,6.94274794969552,7.75159338465651,15.5017403916513,15.5005049184259,16.2604764995193,11.8132732820811
233.8,7.75,7.75,7.75086954233013,7.75025206737287,6.94273950017773,7.75159171019573,15.5017390846603,15.5005041347457,16.2605764334538,11.81328985451
233.9,7.75,7.75,7.75086888896792,7.7502516758,6.94273106028129,7.75159004115934,15.5017377779358,15.5005033516,16.2606762546716,11.813306370511
234,7.75,7.75,7.75086823573014,7.75025128447386,6.94272262922006,7.75158837710049,15.5017364714603,15.5005025689477,16.2607759723808,11.8133228347335
234.1,7.75,7.75,7.75086758260497,7.75025089336917,6.94271420605423,7.75158671748713,15.5017351652099,15.5005017867383,16.2608755975905,11.8133392527126
234.2,7.75,7.75,7.75086692959348,7.75025050248652,6.9427057907764,7.75158506231292,15.501733859187,15.500501004973,16.2609751303866,11.8133556245146
234.3,7.75,7.75,7.75086627669677,7.75025011182652,6.94269738337915,7.75158341157151,15.5017325533935,15.500500223653,16.261074570855,11.8133719502063
234.4,7.75,7.75,7.75086562394131,7.75024972143812,6.94268898554913,7.75158176620813,15.5017312478826,15.5004994428762,16.2611738992333,11.8133882199557
234.5,7.75,7.75,7.75086497131755,7.75024933130045,6.94268059650466,7.75158012577974,15.5017299426351,15.5004986626009,16.2612731246785,11.8134044383725
234.6,7.75,7.75,7.75086431881287,7.7502489413878,6.9426722153112,7.75157848975884,15.5017286376257,15.5004978827756,16.2613722581383,11.8134206109439
234.7,7.75,7.75,7.75086366642833,7.75024855170073,6.94266384196139,7.75157685813912,15.5017273328567,15.5004971034015,16.2614712996982,11.8134367377361
234.8,7.75,7.75,7.75086301416501,7.75024816223984,6.94265547644787,7.75157523091429,15.50172602833,15.5004963244797,16.2615702494434,11.813452818815
234.9,7.75,7.75,7.75086236205072,7.75024777305481,6.94264712044782,7.7515736090215,15.5017247241014,15.5004955461096,16.2616690877215,11.8134688444337
235,7.75,7.75,7.75086171007526,7.75024738412442,6.94263877318394,7.75157199202145,15.5017234201505,15.5004947682488,16.2617678236383,11.8134848191621
235.1,7.75,7.75,7.75086105822522,7.7502469954225,6.94263043372696,7.75157037939118,15.5017221164504,15.500493990845,16.2618664680808,11.8135007484405
235.2,7.75,7.75,7.75086040650166,7.75024660694962,6.94262210206957,7.75156877112441,15.5017208130033,15.5004932138992,16.2619650211338,11.8135166323342
235.3,7.75,7.75,7.75085975490562,7.75024621870635,6.94261377820443,7.75156716721491,15.5017195098112,15.5004924374127,16.2620634828822,11.813532470909
235.4,7.75,7.75,7.75085910346625,7.75024583074308,6.94260546379934,7.75156556859178,15.5017182069325,15.5004916614862,16.2621618337825,11.8135482545019
235.5,7.75,7.75,7.75085845217269,7.75024544303824,6.94259715808135,7.7515639748195,15.5017169043454,15.5004908860765,16.26226008289,11.8135639876436
235.6,7.75,7.75,7.75085780101077,7.75024505556524,6.94258886012643,7.75156238537954,15.5017156020215,15.5004901111305,16.2623582410312,11.8135796757274
235.7,7.75,7.75,7.75085714998154,7.75024466832464,6.94258056992729,7.75156080026571,15.5017142999631,15.5004893366493,16.2624563082902,11.8135953188184
235.8,7.75,7.75,7.750856499086,7.75024428131699,6.94257228747666,7.7515592194718,15.501712998172,15.500488562634,16.2625542847515,11.8136109169816
235.9,7.75,7.75,7.75085584835461,7.75024389459337,6.94256401443297,7.75155764391895,15.5017116967092,15.5004877891867,16.2626521509801,11.8136264606378
236,7.75,7.75,7.75085519777588,7.75024350813186,6.94255575002761,7.75155607317534,15.5017103955518,15.5004870162637,16.2627499159808,11.8136419542785
236.1,7.75,7.75,7.75085454733489,7.75024312190547,6.94254749334175,7.75155450672691,15.5017090946698,15.5004862438109,16.2628475905199,11.8136574032507
236.2,7.75,7.75,7.75085389703265,7.75024273591474,6.94253924436816,7.75155294456749,15.5017077940653,15.5004854718295,16.2629451746814,11.8136728076188
236.3,7.75,7.75,7.75085324687018,7.7502423501602,6.94253100309959,7.75155138669094,15.5017064937404,15.5004847003204,16.2630426685489,11.8136881674474
236.4,7.75,7.75,7.75085259687918,7.75024196469362,6.94252277118518,7.75154983401046,15.5017051937584,15.5004839293872,16.2631400527952,11.8137034732402
236.5,7.75,7.75,7.75085194704754,7.75024157949272,6.94251454786064,7.75154828609796,15.5017038940951,15.5004831589854,16.2632373363752,11.81371872945
236.6,7.75,7.75,7.75085129735962,7.75024119453013,6.9425063322123,7.75154674244376,15.5017025947192,15.5004823890603,16.2633345299954,11.8137339413776
236.7,7.75,7.75,7.75085064781641,7.75024080980636,6.94249812423296,7.75154520304174,15.5017012956328,15.5004816196127,16.2634316337392,11.8137491090871
236.8,7.75,7.75,7.75084999841889,7.75024042532194,6.94248992391544,7.7515436678858,15.5016999968378,15.5004808506439,16.2635286476897,11.8137642326424
236.9,7.75,7.75,7.75084934920004,7.75024004112928,6.94248173289962,7.7515421378813,15.5016986984001,15.5004800822586,16.263625552627,11.8137793026295
237,7.75,7.75,7.75084870014711,7.75023965720579,6.94247355042552,7.75154061260381,15.5016974002942,15.5004793144116,16.2637223574561,11.813794323463
237.1,7.75,7.75,7.75084805124376,7.7502392735237,6.94246537558457,7.75153909154802,15.5016961024875,15.5004785470474,16.2638190728241,11.8138093003976
237.2,7.75,7.75,7.75084740249095,7.75023889008352,6.94245720836964,7.75153757470787,15.5016948049819,15.500477780167,16.2639156988139,11.813824233497
237.3,7.75,7.75,7.75084675388964,7.75023850688574,6.94244904877358,7.75153606207729,15.5016935077793,15.5004770137715,16.2640122355082,11.8138391228248
237.4,7.75,7.75,7.75084610547404,7.75023812398343,6.94244089842709,7.75153455455387,15.5016922109481,15.5004762479669,16.2641086637933,11.8138539590485
237.5,7.75,7.75,7.75084545723079,7.75023774135366,6.94243275657444,7.75153305171677,15.5016909144616,15.5004754827073,16.264204992525,11.8138687465446
237.6,7.75,7.75,7.75084480914286,7.75023735896829,6.94242462231218,7.75153155306507,15.5016896182857,15.5004747179366,16.2643012322914,11.8138834905224
237.7,7.75,7.75,7.75084416121119,7.75023697682782,6.94241649563322,7.75153005859273,15.5016883224224,15.5004739536556,16.2643973831747,11.8138981910451
237.8,7.75,7.75,7.75084351343672,7.75023659493273,6.94240837653045,7.75152856829373,15.5016870268734,15.5004731898655,16.2644934452572,11.8139128481757
237.9,7.75,7.75,7.75084286585484,7.7502362133367,6.94240026662542,7.75152708305791,15.5016857317097,15.5004724266734,16.264589399531,11.8139274526629
238,7.75,7.75,7.75084221845162,7.75023583201649,6.94239216516668,7.75152560246809,15.5016844369032,15.500471664033,16.2646852548028,11.8139420088452
238.1,7.75,7.75,7.75084157120934,7.75023545094361,6.94238407125583,7.7515241260276,15.5016831424187,15.5004709018872,16.2647810216019,11.813956521887
238.2,7.75,7.75,7.75084092412891,7.75023507011852,6.94237598488579,7.75152265373048,15.5016818482578,15.500470140237,16.2648767000102,11.8139709918508
238.3,7.75,7.75,7.75084027721126,7.7502346895417,6.94236790604953,7.75152118557073,15.5016805544225,15.5004693790834,16.2649722901093,11.8139854187993
238.4,7.75,7.75,7.75083963049295,7.75023430926743,6.94235983635953,7.75151972243055,15.5016792609859,15.5004686185349,16.2650677729967,11.8139997935615
238.5,7.75,7.75,7.75083898395948,7.75023392927217,6.94235177506853,7.7515182638963,15.501677967919,15.5004678585443,16.2651631574301,11.8140141204386
238.6,7.75,7.75,7.75083833759245,7.75023354952706,6.94234372128317,7.75151680947562,15.5016766751849,15.5004670990541,16.2652584538804,11.8140284045498
238.7,7.75,7.75,7.75083769139275,7.75023317003256,6.94233567499644,7.75151535916257,15.5016753827855,15.5004663400651,16.2653536624291,11.8140426459575
238.8,7.75,7.75,7.7508370453613,7.75023279078914,6.94232763620132,7.75151391295122,15.5016740907226,15.5004655815783,16.2654487831574,11.8140568447238
238.9,7.75,7.75,7.7508363995358,7.75023241185165,6.94231960650128,7.75151247171613,15.5016727990716,15.5004648237033,16.2655437972671,11.8140709917575
239,7.75,7.75,7.75083575390119,7.75023203319625,6.94231158515326,7.75151103504723,15.5016715078024,15.5004640663925,16.2656387134676,11.8140850913225
239.1,7.75,7.75,7.75083510843839,7.75023165479375,6.94230357126889,7.75150960245639,15.5016702168768,15.5004633095875,16.2657335421717,11.8140991484937
239.2,7.75,7.75,7.75083446314831,7.7502312766446,6.9422955648412,7.75150817393772,15.5016689262966,15.5004625532892,16.2658282834605,11.8141131633329
239.3,7.75,7.75,7.75083381803182,7.75023089874924,6.94228756586323,7.75150674948533,15.5016676360636,15.5004617974985,16.2659229374145,11.8141271359017
239.4,7.75,7.75,7.75083317312775,7.7502305211631,6.94227957592948,7.75150532996623,15.5016663462555,15.5004610423262,16.2660174853397,11.8141410571883
239.5,7.75,7.75,7.7508325284205,7.75023014386205,6.94227159430105,7.75150391497388,15.501665056841,15.5004602877241,16.266111935897,11.8141549314195
239.6,7.75,7.75,7.75083188389034,7.75022976681656,6.94226362009455,7.75150250402434,15.5016637677807,15.5004595336331,16.2662062994417,11.8141687636261
239.7,7.75,7.75,7.75083123953814,7.75022939002707,6.94225565330304,7.75150109711179,15.5016624790763,15.5004587800541,16.2663005760544,11.8141825538694
239.8,7.75,7.75,7.75083059536478,7.75022901349401,6.94224769391961,7.75149969423038,15.5016611907296,15.500458026988,16.2663947658151,11.8141963022106
239.9,7.75,7.75,7.75082995141018,7.75022863727334,6.94223974352986,7.7514982962396,15.5016599028204,15.5004572745467,16.2664888501331,11.8142099997165
240,7.75,7.75,7.75082930765819,7.75022826134067,6.94223180139901,7.75149690273642,15.5016586153164,15.5004565226813,16.2665828376212,11.8142236505771
240.1,7.75,7.75,7.75082866408846,7.75022788566614,6.94222386664861,7.75149551324109,15.5016573281769,15.5004557713323,16.2666767385777,11.8142372597796
240.2,7.75,7.75,7.75082802070184,7.75022751025019,6.94221593927179,7.75149412774782,15.5016560414037,15.5004550205004,16.2667705530825,11.8142508273847
240.3,7.75,7.75,7.75082737749918,7.75022713509321,6.94220801926165,7.7514927462508,15.5016547549984,15.5004542701864,16.2668642812152,11.8142643534533
240.4,7.75,7.75,7.75082673452149,7.75022676025172,6.94220010819496,7.75149136960209,15.501653469043,15.5004535205034,16.2669579044876,11.8142778291301
240.5,7.75,7.75,7.75082609175208,7.75022638570104,6.94219220534104,7.75148999740212,15.5016521835042,15.5004527714021,16.2670514314651,11.8142912585686
240.6,7.75,7.75,7.75082544916999,7.750226011411,6.94218430982636,7.75148862917531,15.50165089834,15.500452022822,16.2671448723889,11.8143046467127
240.7,7.75,7.75,7.75082480677605,7.75022563738202,6.94217642164408,7.75148726491589,15.5016496135521,15.500451274764,16.2672382273383,11.8143179936227
240.8,7.75,7.75,7.75082416457109,7.75022526361451,6.94216854078735,7.75148590461811,15.5016483291422,15.500450527229,16.2673314963927,11.8143312993588
240.9,7.75,7.75,7.75082352259717,7.75022489016546,6.94216066882414,7.75148454912661,15.5016470451943,15.5004497803309,16.2674246611658,11.8143445551433
241,7.75,7.75,7.75082288083709,7.75022451700995,6.94215280502786,7.75148319804531,15.5016457616742,15.5004490340199,16.2675177301756,11.8143577650936
241.1,7.75,7.75,7.75082223926928,7.7502241441175,6.94214494852986,7.75148185090272,15.5016444785386,15.500448288235,16.2676107136067,11.8143709341104
241.2,7.75,7.75,7.75082159789454,7.75022377148853,6.94213709932334,7.75148050769312,15.5016431957891,15.5004475429771,16.2677036115381,11.8143840622535
241.3,7.75,7.75,7.75082095671371,7.75022339912341,6.94212925740149,7.75147916841081,15.5016419134274,15.5004467982468,16.2677964240484,11.8143971495827
241.4,7.75,7.75,7.75082031576985,7.75022302707966,6.94212142432353,7.7514778338931,15.5016406315397,15.5004460541593,16.267889132853,11.8144101873971
241.5,7.75,7.75,7.75081967504528,7.75022265533208,6.94211359936694,7.75147650374731,15.5016393500906,15.5004453106642,16.2679817464227,11.8144231797784
241.6,7.75,7.75,7.75081903451781,7.75022228384992,6.94210578166792,7.75147517750605,15.5016380690356,15.5004445676998,16.2680742748858,11.8144361315842
241.7,7.75,7.75,7.75081839418825,7.75022191263356,6.94209797121971,7.75147385516364,15.5016367883765,15.5004438252671,16.2681667183209,11.8144490428741
241.8,7.75,7.75,7.75081775405739,7.75022154168338,6.94209016801554,7.75147253671442,15.5016355081148,15.5004430833668,16.2682590768062,11.8144619137074
241.9,7.75,7.75,7.75081711416933,7.75022117105736,6.94208237360595,7.75147122298842,15.5016342283387,15.5004423421147,16.2683513321576,11.8144747354595
242,7.75,7.75,7.75081647450587,7.75022080073007,6.94207458727245,7.75146991359637,15.5016329490117,15.5004416014601,16.2684434927995,11.8144875121763
242.1,7.75,7.75,7.75081583504427,7.75022043067047,6.94206680815606,7.75146860807493,15.5016316700885,15.5004408613409,16.2685355688041,11.8145002486732
242.2,7.75,7.75,7.75081519578528,7.75022006087893,6.94205903625005,7.75146730641846,15.5016303915706,15.5004401217579,16.2686275602494,11.8145129450092
242.3,7.75,7.75,7.75081455672971,7.75021969135581,6.94205127154771,7.75146600862134,15.5016291134594,15.5004393827116,16.2687194672133,11.8145256012432
242.4,7.75,7.75,7.75081391792263,7.75021932215957,6.94204351559093,7.75146471550638,15.5016278358453,15.5004386443191,16.268811271612,11.8145382088262
242.5,7.75,7.75,7.75081327934535,7.75021895326452,6.94203576766523,7.75146342668768,15.5016265586907,15.500437906529,16.268902981823,11.8145507717689
242.6,7.75,7.75,7.75081264097456,7.75021858463936,6.94202802691642,7.75146214170592,15.5016252819491,15.5004371692787,16.2689946078633,11.8145632948445
242.7,7.75,7.75,7.75081200281102,7.75021821628444,6.94202029333783,7.75146086055551,15.501624005622,15.5004364325689,16.2690861498103,11.8145757781114
242.8,7.75,7.75,7.75081136485548,7.75021784820012,6.94201256692278,7.75145958323086,15.501622729711,15.5004356964002,16.2691776077414,11.8145882216283
242.9,7.75,7.75,7.75081072715401,7.75021748044529,6.94200484920457,7.75145831054762,15.501621454308,15.5004349608906,16.2692689636724,11.8146006169212
243,7.75,7.75,7.75081008968743,7.75021711299404,6.94199713947271,7.75145704212325,15.5016201793749,15.5004342259881,16.2693602259346,11.8146129679658
243.1,7.75,7.75,7.75080945243187,7.75021674581481,6.94198943687779,7.75145577750239,15.5016189048637,15.5004334916296,16.2694514044897,11.8146252794933
243.2,7.75,7.75,7.75080881538809,7.75021637890792,6.94198174141314,7.75145451667952,15.5016176307762,15.5004327578158,16.2695424994147,11.8146375515619
243.3,7.75,7.75,7.75080817855681,7.75021601227373,6.94197405307216,7.75145325964908,15.5016163571136,15.5004320245475,16.2696335107865,11.8146497842296
243.4,7.75,7.75,7.75080754198504,7.75021564597156,6.9419663733796,7.75145200721961,15.5016150839701,15.5004312919431,16.2697244207199,11.8146619690972
243.5,7.75,7.75,7.75080690565315,7.75021527997529,6.94195870162894,7.75145075901188,15.5016138113063,15.5004305599506,16.2698152375003,11.8146741101054
243.6,7.75,7.75,7.75080626953671,7.75021491425308,6.94195103697548,7.75144951457451,15.5016125390734,15.5004298285062,16.2699059710344,11.814686211944
243.7,7.75,7.75,7.75080563363647,7.75021454880525,6.94194337941263,7.751448273902,15.5016112672729,15.5004290976105,16.2699966213988,11.8146982746707
243.8,7.75,7.75,7.75080499795314,7.75021418363215,6.9419357289338,7.75144703698887,15.5016099959063,15.5004283672643,16.2700871886699,11.8147102983431
243.9,7.75,7.75,7.75080436253464,7.75021381879351,6.94192808705527,7.75144580463656,15.5016087250693,15.500427637587,16.2701776550608,11.814722274636
244,7.75,7.75,7.75080372736089,7.750213454263,6.94192045307445,7.75144457646914,15.5016074547218,15.500426908526,16.2702680288114,11.8147342074555
244.1,7.75,7.75,7.75080309240694,7.75021309000853,6.94191282615137,7.75144335203919,15.5016061848139,15.5004261800171,16.2703583197738,11.8147461014503
244.2,7.75,7.75,7.7508024576735,7.75021272603041,6.94190520627944,7.75144213134123,15.501604915347,15.5004254520608,16.2704485280241,11.8147579566776
244.3,7.75,7.75,7.75080182316128,7.75021236232897,6.94189759345214,7.75144091436981,15.5016036463226,15.5004247246579,16.2705386536382,11.8147697731946
244.4,7.75,7.75,7.7508011889191,7.75021199896436,6.94188998917732,7.75143970191939,15.5016023778382,15.5004239979287,16.2706286789271,11.8147815427494
244.5,7.75,7.75,7.75080055492644,7.75021163591002,6.9418823927563,7.7514384936173,15.5016011098529,15.50042327182,16.2707186120852,11.8147932692139
244.6,7.75,7.75,7.75079992115781,7.75021127313363,6.94187480335377,7.75143728902002,15.5015998423156,15.5004225462673,16.2708084629103,11.814804957196
244.7,7.75,7.75,7.75079928761392,7.7502109106355,6.94186722096321,7.75143608812211,15.5015985752278,15.500421821271,16.2708982314782,11.8148166067524
244.8,7.75,7.75,7.75079865429546,7.75021054841593,6.94185964557811,7.75143489091817,15.5015973085909,15.5004210968319,16.2709879178643,11.8148282179397
244.9,7.75,7.75,7.75079802125214,7.75021018653547,6.94185207869796,7.7514336981957,15.5015960425043,15.5004203730709,16.2710775044767,11.8148397825792
245,7.75,7.75,7.75079738846299,7.75020982496736,6.94184451962797,7.75143250958528,15.501594776926,15.5004196499347,16.2711669994648,11.8148513045086
245.1,7.75,7.75,7.75079675590202,7.75020946367903,6.94183696753747,7.75143132464725,15.501593511804,15.5004189273581,16.2712564125725,11.8148627882952
245.2,7.75,7.75,7.75079612356992,7.75020910267079,6.94182942241999,7.75143014337623,15.5015922471398,15.5004182053416,16.271345743875,11.8148742339953
245.3,7.75,7.75,7.75079549146737,7.75020874194294,6.94182188426904,7.75142896576684,15.5015909829347,15.5004174838859,16.2714349934474,11.8148856416651
245.4,7.75,7.75,7.75079485964493,7.75020838155638,6.94181435457581,7.75142779259969,15.5015897192899,15.5004167631128,16.2715241437944,11.8148970031982
245.5,7.75,7.75,7.75079422808121,7.75020802148418,6.94180683264935,7.75142662350859,15.5015884561624,15.5004160429684,16.2716132030204,11.8149083223985
245.6,7.75,7.75,7.75079359674973,7.75020766169353,6.94179931766364,7.75142545805771,15.5015871934995,15.5004153233871,16.2717021808158,11.814919603793
245.7,7.75,7.75,7.75079296565116,7.75020730218474,6.94179180961221,7.75142429624172,15.5015859313023,15.5004146043695,16.2717910772554,11.8149308474377
245.8,7.75,7.75,7.75079233478616,7.75020694295808,6.94178430848865,7.75142313805528,15.5015846695723,15.5004138859162,16.2718798924138,11.8149420533883
245.9,7.75,7.75,7.75079170420614,7.75020658407484,6.94177681577584,7.75142198427214,15.5015834084123,15.5004131681497,16.2719686088918,11.8149532136102
246,7.75,7.75,7.75079107388928,7.75020622550787,6.94176933078671,7.75142083452931,15.5015821477786,15.5004124510157,16.2720572347491,11.8149643318738
246.1,7.75,7.75,7.75079044380863,7.75020586722418,6.94176185269978,7.75141968839478,15.5015808876173,15.5004117344484,16.2721457796229,11.8149754126661
246.2,7.75,7.75,7.75078981396483,7.75020550922403,6.94175438150867,7.75141854586326,15.5015796279297,15.5004110184481,16.2722342435876,11.8149864560425
246.3,7.75,7.75,7.75078918435854,7.75020515150771,6.94174691720698,7.75141740692946,15.5015783687171,15.5004103030154,16.2723226267173,11.8149974620587
246.4,7.75,7.75,7.75078855504198,7.75020479413684,6.94173946126937,7.75141627236032,15.501577110084,15.5004095882737,16.2724109117081,11.8150084227509
246.5,7.75,7.75,7.75078792599293,7.75020443708409,6.9417320130126,7.75141514179602,15.5015758519859,15.5004088741682,16.2724991065757,11.8150193418565
246.6,7.75,7.75,7.75078729718396,7.75020408031626,6.94172457161974,7.75141401480836,15.5015745943679,15.5004081606325,16.2725872209043,11.8150302238228
246.7,7.75,7.75,7.7507866686157,7.75020372383361,6.94171713708445,7.75141289139205,15.5015733372314,15.5004074476672,16.2726752547676,11.8150410687048
246.8,7.75,7.75,7.75078604028878,7.75020336763641,6.94170970940038,7.75141177154186,15.5015720805776,15.5004067352728,16.2727632082394,11.8150518765576
246.9,7.75,7.75,7.75078541225624,7.75020301178662,6.94170229003401,7.75141065601799,15.5015708245125,15.5004060235732,16.2728510641108,11.8150626394883
247,7.75,7.75,7.75078478449546,7.75020265625673,6.94169487830588,7.75140954446378,15.5015695689909,15.5004053125135,16.2729388303533,11.8150733612011
247.1,7.75,7.75,7.75078415697854,7.75020230101334,6.94168747340362,7.75140843645475,15.5015683139571,15.5004046020267,16.2730265164984,11.8150840461041
247.2,7.75,7.75,7.75078352970609,7.75020194605671,6.94168007532091,7.75140733198569,15.5015670594122,15.5004038921134,16.2731141226197,11.8150946942518
247.3,7.75,7.75,7.75078290267875,7.75020159138708,6.94167268405144,7.75140623105138,15.5015658053575,15.5004031827742,16.2732016487903,11.815105305699
247.4,7.75,7.75,7.75078227595032,7.75020123706674,6.94166530105358,7.75140513440534,15.5015645519006,15.5004024741335,16.2732890778955,11.8151158726228
247.5,7.75,7.75,7.75078164949779,7.75020088306802,6.94165792565164,7.75140404169403,15.5015632989956,15.500401766136,16.2733764178633,11.8151263986948
247.6,7.75,7.75,7.75078102329282,7.75020052935731,6.94165055703775,7.75140295249671,15.5015620465856,15.5004010587146,16.2734636781728,11.8151368882839
247.7,7.75,7.75,7.75078039733601,7.75020017593488,6.94164319520562,7.75140186680819,15.501560794672,15.5004003518698,16.273550858897,11.8151473414442
247.8,7.75,7.75,7.75077977162796,7.75019982280095,6.94163584014899,7.75140078462331,15.5015595432559,15.5003996456019,16.2736379601087,11.8151577582301
247.9,7.75,7.75,7.75077914622326,7.7501994700181,6.94162849331815,7.75139970668893,15.5015582924465,15.5003989400362,16.273724964787,11.8151681308884
248,7.75,7.75,7.75077852109851,7.75019911755852,6.94162115404116,7.75139863265462,15.501557042197,15.500398235117,16.2738118808162,11.8151784630581
248.1,7.75,7.75,7.75077789622493,7.75019876538842,6.94161382151463,7.75139756210333,15.5015557924499,15.5003975307768,16.2738987176236,11.8151887590693
248.2,7.75,7.75,7.7507772716031,7.75019841350802,6.94160649573232,7.75139649502992,15.5015545432062,15.500396827016,16.2739854752817,11.8151990189759
248.3,7.75,7.75,7.7507766472336,7.75019806191758,6.941599176688,7.75139543142927,15.5015532944672,15.5003961238352,16.2740721538628,11.8152092428316
248.4,7.75,7.75,7.75077602317179,7.75019771067995,6.94159186582392,7.75139437204164,15.5015520463436,15.5003954213599,16.2741587364393,11.8152194229526
248.5,7.75,7.75,7.75077539939389,7.75019735976716,6.94158456247189,7.75139331651968,15.5015507987878,15.5003947195343,16.2742452308522,11.8152295629453
248.6,7.75,7.75,7.75077477587067,7.75019700914524,6.94157726583296,7.75139226445002,15.5015495517413,15.5003940182905,16.274331646477,11.8152396671016
248.7,7.75,7.75,7.75077415260272,7.75019665881443,6.94156997590092,7.75139121582755,15.5015483052054,15.5003933176289,16.2744179833858,11.8152497354748
248.8,7.75,7.75,7.75077352959059,7.75019630877494,6.94156269266958,7.75139017064719,15.5015470591812,15.5003926175499,16.2745042416507,11.8152597681184
248.9,7.75,7.75,7.75077290689037,7.75019595908993,6.94155541757324,7.75138912964266,15.5015458137807,15.5003919181799,16.2745904044364,11.8152697574169
249,7.75,7.75,7.75077228447793,7.75019560973127,6.94154814994738,7.75138809246966,15.5015445689559,15.5003912194625,16.274676479541,11.815279706945
249.1,7.75,7.75,7.75077166232361,7.75019526066482,6.94154088899749,7.75138705871846,15.5015433246472,15.5003905213296,16.2747624762888,11.8152896209561
249.2,7.75,7.75,7.75077104042797,7.7501949118908,6.9415336347174,7.75138602838401,15.5015420808559,15.5003898237816,16.2748483947514,11.8152994995034
249.3,7.75,7.75,7.75077041879158,7.75019456340942,6.94152638710095,7.75138500146124,15.5015408375832,15.5003891268188,16.2749342350003,11.8153093426397
249.4,7.75,7.75,7.75076979747121,7.75019421528411,6.94151914757452,7.75138397867739,15.5015395949424,15.5003884305682,16.2750199802924,11.8153191428178
249.5,7.75,7.75,7.75076917644239,7.7501938674866,6.94151191547726,7.7513829596912,15.5015383528848,15.5003877349732,16.2751056383831,11.8153289035804
249.6,7.75,7.75,7.75076855567505,7.75019351998258,6.94150469001907,7.75138194409655,15.5015371113501,15.5003870399652,16.2751912185456,11.8153386291432
249.7,7.75,7.75,7.75076793516973,7.75019317277225,6.94149747119381,7.75138093188842,15.5015358703395,15.5003863455445,16.275276720851,11.8153483195589
249.8,7.75,7.75,7.750767314927,7.75019282585584,6.94149025899535,7.75137992306179,15.501534629854,15.5003856517117,16.2753621453705,11.8153579748799
249.9,7.75,7.75,7.75076669500431,7.75019247929702,6.94148305484221,7.75137891833745,15.5015333900086,15.500384958594,16.2754474754524,11.8153675876265
250,7.75,7.75,7.75076607537684,7.75019213306736,6.9414758580772,7.75137791737715,15.5015321507537,15.5003842661347,16.2755327188097,11.81537716131
250.1,7.75,7.75,7.75076545601413,7.75019178713243,6.94146866791456,7.75137691977836,15.5015309120283,15.5003835742649,16.2756178846647,11.8153867001084
250.2,7.75,7.75,7.75076483691671,7.75019144149241,6.94146148434822,7.7513759255361,15.5015296738334,15.5003828829848,16.2757029730883,11.815396204074
250.3,7.75,7.75,7.7507642180851,7.75019109614751,6.94145430737207,7.75137493464538,15.5015284361702,15.500382192295,16.2757879841511,11.8154056732588
250.4,7.75,7.75,7.75076359957748,7.75019075116164,6.9414471383968,7.7513739478206,15.501527199155,15.5003815023233,16.2758729012925,11.8154151002502
250.5,7.75,7.75,7.75076298136867,7.75019040650627,6.94143997676885,7.7513729647265,15.5015259627373,15.5003808130125,16.2759577321831,11.815424488528
250.6,7.75,7.75,7.75076236342781,7.75019006214678,6.94143282170683,7.7513719849641,15.5015247268556,15.5003801242936,16.2760424859949,11.8154338422331
250.7,7.75,7.75,7.75076174575542,7.75018971808336,6.94142567320468,7.75137100852847,15.5015234915108,15.5003794361667,16.2761271627983,11.8154431614172
250.8,7.75,7.75,7.75076112835202,7.75018937431622,6.94141853125634,7.75137003541465,15.501522256704,15.5003787486324,16.2762117626635,11.8154524461322
250.9,7.75,7.75,7.75076051127642,7.75018903090949,6.94141139726471,7.75136906633071,15.5015210225528,15.500378061819,16.2762962691204,11.8154616890317
251,7.75,7.75,7.75075989450314,7.75018868783451,6.94140427057985,7.75136810094432,15.5015197890063,15.500377375669,16.2763806897975,11.8154708935646
251.1,7.75,7.75,7.75075927800093,7.75018834505653,6.94139715042468,7.75136713886007,15.5015185560019,15.5003766901131,16.2764650338167,11.8154800638347
251.2,7.75,7.75,7.75075866177028,7.75018800257574,6.94139003679318,7.75136618007304,15.5015173235406,15.5003760051515,16.276549301248,11.8154891998935
251.3,7.75,7.75,7.75075804581172,7.7501876603923,6.94138292967934,7.75136522457833,15.5015160916234,15.5003753207846,16.2766334921612,11.8154983017922
251.4,7.75,7.75,7.7507574301847,7.75018731857061,6.9413758304783,7.75136427307769,15.5015148603694,15.5003746371412,16.276717590176,11.8155073622505
251.5,7.75,7.75,7.75075681486341,7.75018697708186,6.94136873854373,7.75136332524175,15.5015136297268,15.5003739541637,16.2768016028792,11.8155163846867
251.6,7.75,7.75,7.75075619981622,7.75018663589117,6.94136165310284,7.7513623806786,15.5015123996324,15.5003732717823,16.2768855393429,11.8155253731676
251.7,7.75,7.75,7.75075558504363,7.75018629499871,6.94135457414963,7.75136143938335,15.5015111700873,15.5003725899974,16.2769693996367,11.8155343277443
251.8,7.75,7.75,7.75075497054614,7.75018595440466,6.94134750167814,7.75136050135115,15.5015099410923,15.5003719088093,16.2770531838299,11.8155432484678
251.9,7.75,7.75,7.75075435638383,7.7501856141736,6.94134043707582,7.75135956727749,15.5015087127677,15.5003712283472,16.2771368756316,11.8155521281232
252,7.75,7.75,7.75075374253057,7.75018527427662,6.94133337969991,7.75135863683593,15.5015074850611,15.5003705485532,16.2772204825871,11.8155609700981
252.1,7.75,7.75,7.75075312895438,7.75018493467871,6.94132632878188,7.75135770963803,15.5015062579088,15.5003698693574,16.277304013719,11.815569778423
252.2,7.75,7.75,7.75075251565574,7.75018459538004,6.94131928431578,7.75135678567894,15.5015050313115,15.5003691907601,16.2773874690964,11.8155785531486
252.3,7.75,7.75,7.75075190263513,7.75018425638076,6.94131224629567,7.75135586495385,15.5015038052703,15.5003685127615,16.2774708487883,11.8155872943253
252.4,7.75,7.75,7.75075128995325,7.75018391774566,6.94130521610137,7.75135494815204,15.5015025799065,15.5003678354913,16.2775541365924,11.8155959948035
252.5,7.75,7.75,7.75075067758367,7.75018357944572,6.94129819309365,7.75135403494997,15.5015013551673,15.5003671588914,16.277637340013,11.8156046579403
252.6,7.75,7.75,7.75075006549405,7.75018324144581,6.94129117650824,7.75135312496265,15.5015001309881,15.5003664828916,16.2777204680234,11.8156132877299
252.7,7.75,7.75,7.75074945368484,7.75018290374608,6.94128416633922,7.75135221818529,15.5014989073697,15.5003658074922,16.2778035206923,11.8156218842227
252.8,7.75,7.75,7.75074884215653,7.75018256634668,6.94127716258067,7.75135131461308,15.5014976843131,15.5003651326934,16.2778864980882,11.8156304474689
252.9,7.75,7.75,7.75074823097042,7.75018222931259,6.94127016660484,7.75135041492917,15.5014964619408,15.5003644586252,16.2779693840972,11.8156389703831
253,7.75,7.75,7.75074762009977,7.75018189261469,6.94126317777602,7.7513495188129,15.5014952401995,15.5003637852294,16.2780521861824,11.8156474562925
253.1,7.75,7.75,7.75074700951187,7.75018155621772,6.94125619533413,7.75134862588268,15.5014940190237,15.5003631124354,16.2781349132684,11.8156559091553
253.2,7.75,7.75,7.75074639920721,7.75018122012182,6.94124921927331,7.75134773613377,15.5014927984144,15.5003624402436,16.2782175654233,11.8156643290215
253.3,7.75,7.75,7.75074578918623,7.75018088432715,6.94124224958768,7.75134684956141,15.5014915783725,15.5003617686543,16.2783001427154,11.8156727159409
253.4,7.75,7.75,7.75074517951081,7.75018054889886,6.94123528764192,7.75134596684263,15.5014903590216,15.5003610977977,16.2783826291182,11.8156810628921
253.5,7.75,7.75,7.75074457015393,7.75018021380771,6.94122833280384,7.75134508765961,15.5014891403079,15.5003604276154,16.2784650320545,11.8156893731724
253.6,7.75,7.75,7.75074396108255,7.75017987901835,6.94122138431754,7.75134421163419,15.5014879221651,15.5003597580367,16.2785473603999,11.8156976507046
253.7,7.75,7.75,7.75074335229713,7.75017954453092,6.9412144421772,7.75134333876164,15.5014867045943,15.5003590890618,16.2786296142223,11.815705895538
253.8,7.75,7.75,7.75074274379811,7.75017921034555,6.94120750637697,7.75134246903725,15.5014854875962,15.5003584206911,16.2787117935894,11.8157141077221
253.9,7.75,7.75,7.75074213564793,7.75017887652756,6.94120057827403,7.75134160313198,15.5014842712959,15.5003577530551,16.2787938825622,11.8157222802992
254,7.75,7.75,7.75074152781929,7.75017854304764,6.94119365723967,7.75134074073086,15.5014830556386,15.5003570860953,16.2788758885227,11.8157304165367
254.1,7.75,7.75,7.75074092027883,7.75017820987031,6.94118674252216,7.75133988145908,15.5014818405577,15.5003564197406,16.2789578202984,11.8157385203221
254.2,7.75,7.75,7.75074031302697,7.75017787699571,6.94117983411571,7.75133902531196,15.5014806260539,15.5003557539914,16.2790396779566,11.8157465917044
254.3,7.75,7.75,7.75073970606416,7.75017754442395,6.9411729320145,7.75133817228482,15.5014794121283,15.5003550888479,16.2791214615647,11.8157546307327
254.4,7.75,7.75,7.7507390994534,7.75017721222053,6.94116603756827,7.75133732304262,15.5014781989068,15.5003544244411,16.2792031552703,11.8157626305122
254.5,7.75,7.75,7.75073849316709,7.75017688035603,6.94115915015176,7.75133647727317,15.5014769863342,15.5003537607121,16.2792847664153,11.8157705942811
254.6,7.75,7.75,7.75073788717155,7.75017654879489,6.94115226901738,7.75133563460504,15.5014757743431,15.5003530975898,16.279366303779,11.8157785258916
254.7,7.75,7.75,7.75073728146721,7.75017621753722,6.94114539415936,7.75133479503357,15.5014745629344,15.5003524350744,16.2794477674284,11.8157864253924
254.8,7.75,7.75,7.75073667605449,7.75017588658314,6.94113852557194,7.75133395855412,15.501473352109,15.5003517731663,16.2795291574304,11.8157942928322
254.9,7.75,7.75,7.75073607099692,7.75017555599829,6.94113166459742,7.75133312582567,15.5014721419938,15.5003511119966,16.2796104580189,11.8158021213788
255,7.75,7.75,7.75073546626665,7.75017522575316,6.94112481061401,7.75133229653884,15.5014709325333,15.5003504515063,16.2796916764957,11.8158099142411
255.1,7.75,7.75,7.75073486182969,7.7501748958121,6.94111796287821,7.75133147032551,15.5014697236594,15.5003497916242,16.2797728215923,11.8158176752366
255.2,7.75,7.75,7.75073425768643,7.75017456617522,6.9411111213843,7.75133064718105,15.5014685153729,15.5003491323504,16.2798538933753,11.8158254044135
255.3,7.75,7.75,7.7507336538373,7.75017423684263,6.94110428612654,7.75132982710086,15.5014673076746,15.5003484736853,16.2799348919113,11.8158331018202
255.4,7.75,7.75,7.75073305034636,7.7501739078801,6.94109745843988,7.75132901073801,15.5014661006927,15.5003478157602,16.2800158015197,11.8158407606866
255.5,7.75,7.75,7.75073244718548,7.75017357925805,6.94109063770594,7.75132819778587,15.501464894371,15.5003471585161,16.2800966294627,11.8158483841925
255.6,7.75,7.75,7.75073184432036,7.75017325094073,6.9410838231853,7.75132738787961,15.5014636886407,15.5003465018815,16.2801773844242,11.8158559761208
255.7,7.75,7.75,7.7507312417514,7.75017292292825,6.94107701487228,7.75132658101467,15.5014624835028,15.5003458458565,16.2802580664705,11.8158635365195
255.8,7.75,7.75,7.75073063947901,7.7501725952207,6.94107021276119,7.75132577718646,15.501461278958,15.5003451904414,16.2803386756677,11.8158710654366
255.9,7.75,7.75,7.75073003756775,7.750172267884,6.94106341817964,7.75132497704216,15.5014600751355,15.500344535768,16.2804191964204,11.8158785561635
256,7.75,7.75,7.75072943598924,7.75017194088848,6.94105663051264,7.75132418027791,15.5014588719785,15.500343881777,16.2804996359512,11.8158860118514
256.1,7.75,7.75,7.75072883470888,7.75017161419832,6.94104984902486,7.75132338653215,15.5014576694178,15.5003432283966,16.2805800028969,11.8158934362487
256.2,7.75,7.75,7.75072823372707,7.7501712878136,6.94104307371064,7.75132259580034,15.5014564674541,15.5003425756272,16.2806602973233,11.8159008294031
256.3,7.75,7.75,7.7507276330442,7.75017096173443,6.94103630456431,7.75132180807794,15.5014552660884,15.5003419234689,16.2807405192963,11.8159081913623
256.4,7.75,7.75,7.75072703272532,7.75017063602682,6.94102954290622,7.7513210240063,15.5014540654506,15.5003412720536,16.2808206533049,11.8159155154788
256.5,7.75,7.75,7.75072643274181,7.75017031066105,6.94102278812476,7.75132024328427,15.5014528654836,15.5003406213221,16.2809007065325,11.8159228048751
256.6,7.75,7.75,7.75072583305878,7.75016998560121,6.94101603948863,7.75131946555354,15.5014516661176,15.5003399712024,16.280980687569,11.8159300632657
256.7,7.75,7.75,7.75072523367661,7.75016966084739,6.9410092969922,7.75131869080962,15.5014504673532,15.5003393216948,16.2810605964798,11.815937290698
256.8,7.75,7.75,7.75072463459568,7.75016933639967,6.94100256062985,7.75131791904798,15.5014492691914,15.5003386727993,16.2811404333303,11.8159444872192
256.9,7.75,7.75,7.75072403588153,7.75016901232419,6.94099583171469,7.7513171509042,15.5014480717631,15.5003380246484,16.2812201826937,11.8159516462425
257,7.75,7.75,7.75072343750529,7.75016868859116,6.94098910963845,7.75131638607983,15.5014468750106,15.5003373771823,16.2812998517145,11.8159587708622
257.1,7.75,7.75,7.7507228394318,7.75016836516458,6.94098239367387,7.75131562421978,15.5014456788636,15.5003367303292,16.2813794489358,11.8159658647589
257.2,7.75,7.75,7.75072224166142,7.75016804204455,6.94097568381533,7.75131486531959,15.5014444833228,15.5003360840891,16.2814589744226,11.8159729279796
257.3,7.75,7.75,7.75072164419452,7.75016771923114,6.94096898005726,7.75131410937478,15.501443288389,15.5003354384623,16.2815384282399,11.8159799605712
257.4,7.75,7.75,7.75072104709711,7.75016739679059,6.94096228370557,7.75131335701518,15.5014420941942,15.5003347935812,16.2816177950447,11.815986956007
257.5,7.75,7.75,7.75072045034008,7.75016707469304,6.94095559415534,7.75131260794501,15.5014409006802,15.5003341493861,16.2816970819425,11.8159939173533
257.6,7.75,7.75,7.75071985388799,7.75016675290244,6.94094891068328,7.7513118618124,15.501439707776,15.5003335058049,16.28177629743,11.8160008482572
257.7,7.75,7.75,7.7507192577412,7.75016643141886,6.94094223328382,7.7513111186129,15.5014385154824,15.5003328628377,16.281855441572,11.8160077487652
257.8,7.75,7.75,7.75071866190007,7.75016611024239,6.94093556195142,7.75131037834209,15.5014373238001,15.5003322204848,16.281934514433,11.8160146189239
257.9,7.75,7.75,7.75071806643106,7.75016578943934,6.94092889798483,7.75130964162407,15.5014361328621,15.5003315788787,16.2820135007531,11.8160214522665
258,7.75,7.75,7.75071747130483,7.75016546897981,6.94092224078247,7.75130890816575,15.5014349426097,15.5003309379596,16.2820924075991,11.8160282518311
258.1,7.75,7.75,7.75071687648567,7.75016514882767,6.940915589625,7.75130817761842,15.5014337529713,15.5003302976553,16.282171243422,11.8160350212318
258.2,7.75,7.75,7.75071628197394,7.75016482898299,6.94090894450689,7.75130744997767,15.5014325639479,15.500329657966,16.2822500082858,11.8160417605146
258.3,7.75,7.75,7.75071568776998,7.75016450944586,6.94090230542263,7.75130672523911,15.50143137554,15.5003290188917,16.2823287022549,11.8160484697258
258.4,7.75,7.75,7.75071509394069,7.75016419028267,6.94089567366387,7.75130600402118,15.5014301878814,15.5003283805653,16.2824073101519,11.8160551424579
258.5,7.75,7.75,7.75071450045652,7.75016387146345,6.94088904863231,7.75130528603344,15.501429000913,15.5003277429269,16.2824858390053,11.8160617817212
258.6,7.75,7.75,7.7507139072815,7.75016355295203,6.94088242961257,7.75130457093033,15.501427814563,15.5003271059041,16.2825642972201,11.8160683910968
258.7,7.75,7.75,7.75071331441596,7.75016323474849,6.94087581659916,7.75130385870747,15.5014266288319,15.500326469497,16.2826426848602,11.8160749706305
258.8,7.75,7.75,7.75071272186025,7.75016291685288,6.94086920958658,7.7513031493605,15.5014254437205,15.5003258337058,16.2827210019894,11.8160815203682
258.9,7.75,7.75,7.75071212968168,7.75016259933167,6.94086260985943,7.75130244350226,15.5014242593634,15.5003251986633,16.2827992335125,11.816088033961
259,7.75,7.75,7.7507115378505,7.75016228215486,6.94085601682269,7.75130174084492,15.501423075701,15.5003245643097,16.28287738642,11.816094514392
259.1,7.75,7.75,7.75071094633047,7.75016196528622,6.94084942976489,7.75130104104604,15.5014218926609,15.5003239305724,16.2829554690712,11.8161009652095
259.2,7.75,7.75,7.75071035512193,7.75016164872581,6.94084284868058,7.75130034410129,15.5014207102439,15.5003232974516,16.2830334815297,11.8161073864588
259.3,7.75,7.75,7.75070976422522,7.75016133247369,6.94083627356429,7.75129965000633,15.5014195284504,15.5003226649474,16.2831114238589,11.8161137781855
259.4,7.75,7.75,7.75070917370805,7.75016101659639,6.9408297056936,7.75129895936844,15.5014183474161,15.5003220331928,16.2831892810451,11.8161201340993
259.5,7.75,7.75,7.75070858354045,7.75016070106386,6.94082314447676,7.75129827190239,15.5014171670809,15.5003214021277,16.2832670600411,11.8161264571557
259.6,7.75,7.75,7.75070799368597,7.75016038583983,6.94081658920618,7.75129758726884,15.5014159873719,15.5003207716797,16.2833447691609,11.8161327508706
259.7,7.75,7.75,7.75070740414492,7.75016007092435,6.94081003987644,7.75129690546349,15.5014148082898,15.5003201418487,16.2834224084677,11.8161390152891
259.8,7.75,7.75,7.75070681491763,7.75015975631748,6.94080349648211,7.75129622648203,15.5014136298353,15.500319512635,16.2834999780245,11.8161452504563
259.9,7.75,7.75,7.75070622607221,7.7501594420858,6.9407969602938,7.75129555092622,15.5014124521444,15.5003188841716,16.2835774628989,11.8161514501398
260,7.75,7.75,7.7507056375785,7.75015912819922,6.94079043072298,7.75129487851341,15.501411275157,15.5003182563984,16.2836548700058,11.8161576172682
260.1,7.75,7.75,7.75070504939979,7.75015881462144,6.94078390706595,7.75129420890735,15.5014100987996,15.5003176292429,16.2837322076143,11.8161637553251
260.2,7.75,7.75,7.7507044615364,7.75015850135248,6.9407773893173,7.75129354210375,15.5014089230728,15.500317002705,16.2838094757872,11.8161698643551
260.3,7.75,7.75,7.75070387398863,7.75015818839241,6.94077087747166,7.75129287809835,15.5014077479773,15.5003163767848,16.2838866745872,11.816175944403
260.4,7.75,7.75,7.75070328682501,7.75015787580786,6.94076437279268,7.75129221748742,15.50140657365,15.5003157516157,16.2839637891624,11.816181989294
260.5,7.75,7.75,7.75070270001515,7.75015756356869,6.94075787469507,7.75129155999087,15.5014054000303,15.5003151271374,16.2840408263905,11.8161880019299
260.6,7.75,7.75,7.75070211352213,7.75015725163857,6.94075138247895,7.7512909052755,15.5014042270443,15.5003145032771,16.2841177944957,11.816193985762
260.7,7.75,7.75,7.75070152734626,7.75015694001753,6.94074489613898,7.75129025333706,15.5014030546925,15.5003138800351,16.2841946935406,11.8161999408348
260.8,7.75,7.75,7.75070094148782,7.75015662870561,6.94073841566978,7.75128960417133,15.5014018829756,15.5003132574112,16.2842715235873,11.8162058671928
260.9,7.75,7.75,7.75070035601572,7.75015631776949,6.94073194232814,7.75128895836912,15.5014007120314,15.500312635539,16.2843482698643,11.816211758718
261,7.75,7.75,7.75069977089939,7.75015600717901,6.94072547553196,7.75128831565289,15.5013995417988,15.500312014358,16.2844249392118,11.8162176182856
261.1,7.75,7.75,7.75069918610167,7.75015569689778,6.94071901458519,7.75128767569247,15.5013983722033,15.5003113937956,16.2845015398099,11.8162234493154
261.2,7.75,7.75,7.75069860162287,7.75015538692584,6.9407125594825,7.75128703848365,15.5013972032457,15.5003107738517,16.2845780717204,11.8162292518513
261.3,7.75,7.75,7.75069801746326,7.75015507726322,6.94070611021856,7.75128640402224,15.5013960349265,15.5003101545264,16.2846545350055,11.8162350259375
261.4,7.75,7.75,7.75069743369211,7.75015476797663,6.94069966804331,7.75128577289365,15.5013948673842,15.5003095359533,16.2847309149731,11.8162407655127
261.5,7.75,7.75,7.75069685027866,7.7501544590359,6.94069323237781,7.75128514482285,15.5013937005573,15.5003089180718,16.2848072184265,11.8162464734257
261.6,7.75,7.75,7.75069626718556,7.75015415040459,6.94068680252983,7.75128451948269,15.5013925343711,15.5003083008092,16.2848834535016,11.8162521530645
261.7,7.75,7.75,7.75069568441307,7.75015384208275,6.94068037849407,7.751283896869,15.5013913688261,15.5003076841655,16.2849596202599,11.8162578044729
261.8,7.75,7.75,7.75069510196149,7.75015353407039,6.94067396026523,7.7512832769776,15.501390203923,15.5003070681408,16.285035718763,11.8162634276947
261.9,7.75,7.75,7.75069451990042,7.75015322643426,6.94066754908643,7.75128266038854,15.5013890398008,15.5003064528685,16.2851117343983,11.8162690167248
262,7.75,7.75,7.75069393819893,7.75015291914414,6.94066114438191,7.75128204682932,15.5013878763979,15.5003058382883,16.2851876739322,11.8162745743856
262.1,7.75,7.75,7.75069335681944,7.7501526121636,6.9406547454632,7.75128143597576,15.5013867136389,15.5003052243272,16.2852635454566,11.8162801040341
262.2,7.75,7.75,7.75069277576223,7.75015230549266,6.94064835232504,7.75128082782372,15.5013855515245,15.5003046109853,16.2853393490328,11.8162856057136
262.3,7.75,7.75,7.75069219502757,7.75015199913132,6.94064196496217,7.75128022236905,15.5013843900551,15.5003039982626,16.2854150847219,11.8162910794675
262.4,7.75,7.75,7.75069161468542,7.75015169314637,6.94063558461092,7.7512796201865,15.5013832293708,15.5003033862927,16.2854907379901,11.8162965193465
262.5,7.75,7.75,7.75069103470465,7.75015138750756,6.94062921069868,7.75127902100603,15.5013820694093,15.5003027750151,16.2855663155674,11.816301928147
262.6,7.75,7.75,7.75069045504751,7.75015108217843,6.94062284254075,7.75127842450643,15.501380910095,15.5003021643569,16.2856418255018,11.8163073091949
262.7,7.75,7.75,7.75068987571424,7.750150777159,6.94061648013188,7.7512778306836,15.5013797514285,15.500301554318,16.2857172678543,11.8163126625333
262.8,7.75,7.75,7.75068929670511,7.75015047244928,6.94061012346685,7.75127723953341,15.5013785934102,15.5003009448986,16.2857926426857,11.8163179882051
262.9,7.75,7.75,7.75068871809042,7.75015016811605,6.94060377377528,7.75127665162534,15.5013774361808,15.5003003362321,16.2858679355405,11.8163232803164
263,7.75,7.75,7.75068813983886,7.75014986412905,6.94059743048766,7.75127606669182,15.5013762796777,15.5002997282581,16.2859431531121,11.8163285416378
263.1,7.75,7.75,7.75068756191248,7.7501495604518,6.94059109292302,7.75127548441456,15.501375123825,15.5002991209036,16.2860183034055,11.8163337754642
263.2,7.75,7.75,7.75068698431154,7.75014925708432,6.94058476107615,7.75127490478951,15.5013739686231,15.5002985141686,16.2860933864811,11.8163389818385
263.3,7.75,7.75,7.75068640703627,7.75014895402661,6.94057843494186,7.75127432781258,15.5013728140725,15.5002979080532,16.2861684023994,11.8163441608034
263.4,7.75,7.75,7.75068583015729,7.75014865134545,6.94057211574308,7.75127375404798,15.5013716603146,15.5002973026909,16.2862433367826,11.8163493065197
263.5,7.75,7.75,7.75068525364315,7.75014834901057,6.94056580291342,7.75127318323061,15.5013705072863,15.5002966980211,16.2863181962883,11.8163544217323
263.6,7.75,7.75,7.75068467745569,7.75014804698549,6.9405594957756,7.7512726150451,15.5013693549114,15.500296093971,16.286392988878,11.8163595097058
263.7,7.75,7.75,7.75068410159516,7.75014774527021,6.94055319432445,7.75127204948741,15.5013682031903,15.5002954905404,16.2864677146119,11.8163645704826
263.8,7.75,7.75,7.7506835260618,7.75014744386473,6.9405468985548,7.7512714865535,15.5013670521236,15.5002948877295,16.2865423735501,11.8163696041051
263.9,7.75,7.75,7.75068295092652,7.75014714283583,6.94054060968294,7.75127092680238,15.501365901853,15.5002942856717,16.2866169513923,11.8163746047885
264,7.75,7.75,7.75068237615771,7.75014684215323,6.94053432714557,7.75127036997138,15.5013647523154,15.5002936843065,16.2866914547599,11.8163795752524
264.1,7.75,7.75,7.75068180171704,7.75014654178043,6.9405280502691,7.75126981574802,15.5013636034341,15.5002930835609,16.2867658915718,11.8163845187309
264.2,7.75,7.75,7.75068122760474,7.75014624171743,6.94052177904837,7.75126926412829,15.5013624552095,15.5002924834349,16.2868402618877,11.8163894352661
264.3,7.75,7.75,7.75068065382105,7.75014594196422,6.94051551347827,7.75126871510817,15.5013613076421,15.5002918839284,16.2869145657674,11.8163943249002
264.4,7.75,7.75,7.75068008043717,7.75014564258758,6.94050925476847,7.75126816924154,15.5013601608743,15.5002912851752,16.2869887889874,11.8163991819024
264.5,7.75,7.75,7.75067950742134,7.75014534355722,6.94050300235873,7.75126762626811,15.5013590148427,15.5002906871144,16.2870629381336,11.8164040089669
264.6,7.75,7.75,7.75067893473506,7.75014504483663,6.94049675557912,7.75126708587829,15.5013578694701,15.5002900896733,16.2871370210821,11.8164088092979
264.7,7.75,7.75,7.75067836237854,7.75014474642582,6.94049051442454,7.7512665480681,15.5013567247571,15.5002894928516,16.2872110378923,11.8164135829372
264.8,7.75,7.75,7.75067779035201,7.75014444832476,6.94048427888987,7.75126601283355,15.501355580704,15.5002888966495,16.2872849886236,11.8164183299264
264.9,7.75,7.75,7.75067721872697,7.75014415060022,6.94047805017824,7.7512654807234,15.5013544374539,15.5002883012004,16.287358859129,11.8164230445885
265,7.75,7.75,7.75067664747151,7.7501438532219,6.94047182773245,7.75126495147975,15.501353294943,15.5002877064438,16.2874326559589,11.8164277295928
265.1,7.75,7.75,7.75067607654693,7.75014355615329,6.94046561088622,7.75126442479587,15.5013521530939,15.5002871123066,16.2875063869469,11.8164323881134
265.2,7.75,7.75,7.75067550595347,7.7501432593944,6.94045939963447,7.75126390066779,15.5013510119069,15.5002865187888,16.2875800521523,11.8164370201918
265.3,7.75,7.75,7.75067493569134,7.7501429629452,6.94045319397213,7.75126337909157,15.5013498713827,15.5002859258904,16.287653651634,11.8164416258695
265.4,7.75,7.75,7.7506743658323,7.75014266687242,6.94044699509577,7.75126286061088,15.5013487316646,15.5002853337448,16.287727171321,11.8164461995225
265.5,7.75,7.75,7.75067379634431,7.75014237114577,6.94044080245125,7.7512623449702,15.5013475926886,15.5002847422915,16.2878006177285,11.8164507437952
265.6,7.75,7.75,7.75067322718851,7.75014207572875,6.9404346153759,7.75126183186562,15.501346454377,15.5002841514575,16.2878739986479,11.8164552618322
265.7,7.75,7.75,7.75067265836512,7.75014178062135,6.94042843386466,7.75126132129321,15.5013453167302,15.5002835612427,16.2879473141381,11.8164597536746
265.8,7.75,7.75,7.75067208987435,7.75014148582355,6.9404222579125,7.75126081324906,15.5013441797487,15.5002829716471,16.2880205642578,11.8164642193636
265.9,7.75,7.75,7.75067152178822,7.75014119140204,6.9404160887095,7.75126030827179,15.5013430435764,15.5002823828041,16.2880937350113,11.8164686533281
266,7.75,7.75,7.75067095407455,7.75014089732653,6.94040992570453,7.75125980610824,15.5013419081491,15.5002817946531,16.288166832879,11.8164730581877
266.1,7.75,7.75,7.75067038669434,7.75014060356054,6.94040376823852,7.75125930645731,15.5013407733887,15.5002812071211,16.2882398656103,11.8164774370576
266.2,7.75,7.75,7.75066981964777,7.75014031010404,6.94039761630644,7.75125880931511,15.5013396392955,15.5002806202081,16.2883128332637,11.8164817899787
266.3,7.75,7.75,7.75066925293506,7.75014001695701,6.94039146990329,7.75125831467773,15.5013385058701,15.500280033914,16.2883857358976,11.8164861169918
266.4,7.75,7.75,7.7506686866285,7.75013972418612,6.94038533021272,7.75125782307881,15.501337373257,15.5002794483722,16.2884585595915,11.8164904125781
266.5,7.75,7.75,7.75066812069575,7.75013943176106,6.94037919668656,7.75125733426754,15.5013362413915,15.5002788635221,16.2885313107907,11.8164946793329
266.6,7.75,7.75,7.75066755509765,7.75013913964538,6.94037306866933,7.75125684794557,15.5013351101953,15.5002782792908,16.2886039972032,11.8164989203422
266.7,7.75,7.75,7.75066698983442,7.75013884783903,6.94036694615604,7.75125636410906,15.5013339796688,15.5002776956781,16.2886766188871,11.8165031356465
266.8,7.75,7.75,7.75066642490622,7.750138556342,6.94036082914171,7.75125588275414,15.5013328498124,15.500277112684,16.2887491759004,11.8165073252862
266.9,7.75,7.75,7.75066586038561,7.7501382652209,6.94035471880357,7.75125540440948,15.5013317207712,15.5002765304418,16.2888216543973,11.8165114837947
267,7.75,7.75,7.75066529624012,7.75013797444546,6.94034861459644,7.75125492882657,15.5013305924802,15.5002759488909,16.2888940607885,11.8165156137429
267.1,7.75,7.75,7.75066473243045,7.75013768397921,6.94034251586839,7.75125445570985,15.5013294648609,15.5002753679584,16.2889664027405,11.8165197181878
267.2,7.75,7.75,7.75066416895679,7.75013739382211,6.94033642261447,7.75125398505549,15.5013283379136,15.5002747876442,16.2890386803111,11.8165237971696
267.3,7.75,7.75,7.75066360581932,7.75013710397415,6.94033033482972,7.75125351685965,15.5013272116386,15.5002742079483,16.289110893558,11.8165278507285
267.4,7.75,7.75,7.7506630430908,7.75013681450188,6.940324253685,7.7512530516461,15.5013260861816,15.5002736290038,16.2891830287095,11.8165318734494
267.5,7.75,7.75,7.75066248073867,7.75013652537504,6.94031817863809,7.75125258916861,15.5013249614773,15.5002730507501,16.2892550921419,11.8165358678791
267.6,7.75,7.75,7.75066191872347,7.75013623655719,6.94031210904059,7.75125212913437,15.5013238374469,15.5002724731144,16.2893270914807,11.8165398370459
267.7,7.75,7.75,7.75066135704538,7.7501359480483,6.94030604488757,7.75125167153957,15.5013227140908,15.5002718960966,16.2893990267831,11.8165437809897
267.8,7.75,7.75,7.75066079570459,7.75013565984831,6.94029998617412,7.75125121638042,15.5013215914092,15.5002713196966,16.2894708981067,11.8165476997504
267.9,7.75,7.75,7.75066023477408,7.75013537202376,6.94029393406475,7.75125076417577,15.5013204695482,15.5002707440475,16.2895426917535,11.8165515879639
268,7.75,7.75,7.75065967422115,7.75013508454438,6.94028788802019,7.75125031468171,15.5013193484423,15.5002701690888,16.2896144140655,11.8165554481533
268.1,7.75,7.75,7.75065911400622,7.75013479737376,6.94028184739555,7.75124986760812,15.5013182280124,15.5002695947475,16.2896860726273,11.8165592833183
268.2,7.75,7.75,7.75065855412947,7.75013451051186,6.94027581218593,7.75124942295125,15.5013171082589,15.5002690210237,16.2897576674959,11.8165630934986
268.3,7.75,7.75,7.75065799459107,7.75013422395862,6.94026978238644,7.7512489807073,15.5013159891821,15.5002684479172,16.2898291987284,11.8165668787336
268.4,7.75,7.75,7.75065743546422,7.75013393778052,6.94026375915531,7.75124854139032,15.5013148709284,15.500267875561,16.2899006527001,11.8165706337102
268.5,7.75,7.75,7.7506568767161,7.75013365194731,6.94025774195618,7.75124810475862,15.5013137534322,15.5002673038946,16.2899720357192,11.8165743609276
268.6,7.75,7.75,7.75065631830702,7.75013336642259,6.94025173014765,7.75124767052482,15.501312636614,15.5002667328452,16.2900433553295,11.8165780633573
268.7,7.75,7.75,7.75065576023712,7.75013308120633,6.94024572372486,7.75124723868516,15.5013115204742,15.5002661624127,16.2901146115877,11.8165817410386
268.8,7.75,7.75,7.75065520250659,7.75013279629847,6.94023972268295,7.7512468092359,15.5013104050132,15.5002655925969,16.2901858045504,11.8165853940108
268.9,7.75,7.75,7.75065464518882,7.7501325117654,6.94023372817387,7.75124638268626,15.5013092903776,15.5002650235308,16.2902569206661,11.816589017011
269,7.75,7.75,7.7506540882509,7.75013222757692,6.94022773966419,7.75124595879681,15.5013081765018,15.5002644551538,16.2903279662089,11.8165926125148
269.1,7.75,7.75,7.75065353165299,7.75013194369665,6.94022175651597,7.75124553728284,15.501307063306,15.5002638873933,16.2903989486823,11.8165961834659
269.2,7.75,7.75,7.75065297539524,7.75013166012454,6.94021577872439,7.75124511814063,15.5013059507905,15.5002633202491,16.2904698681426,11.8165997299031
269.3,7.75,7.75,7.75065241947782,7.75013137686053,6.94020980628459,7.75124470136646,15.5013048389556,15.5002627537211,16.2905407246462,11.8166032518653
269.4,7.75,7.75,7.75065186397432,7.75013109397096,6.94020384034234,7.75124428746478,15.5013037279486,15.5002621879419,16.2906115047139,11.8166067441398
269.5,7.75,7.75,7.75065130885173,7.75013081142562,6.94019788036706,7.75124387619839,15.5013026177035,15.5002616228512,16.2906822145863,11.8166102091789
269.6,7.75,7.75,7.75065075407009,7.75013052918819,6.94019192572428,7.75124346728523,15.5013015081402,15.5002610583764,16.2907528617267,11.8166136498982
269.7,7.75,7.75,7.75065019962955,7.75013024725859,6.9401859764092,7.75124306072162,15.5013003992591,15.5002604945172,16.2908234461911,11.8166170663364
269.8,7.75,7.75,7.75064964553025,7.75012996563679,6.940180032417,7.75124265650387,15.5012992910605,15.5002599312736,16.2908939680354,11.816620458532
269.9,7.75,7.75,7.75064909184599,7.75012968438902,6.94017409488725,7.75124225513168,15.501298183692,15.500259368778,16.2909644138526,11.816623821322
270,7.75,7.75,7.75064853854365,7.75012940348511,6.94016816329226,7.75124185637008,15.5012970770873,15.5002588069702,16.2910347898498,11.8166271571354
270.1,7.75,7.75,7.75064798558315,7.75012912288877,6.94016223700098,7.75124145993964,15.5012959711663,15.5002582457775,16.2911051034504,11.8166304688602
270.2,7.75,7.75,7.75064743296464,7.75012884259993,6.94015631600863,7.75124106583671,15.5012948659293,15.5002576851999,16.29117535471,11.8166337565348
270.3,7.75,7.75,7.75064688068825,7.75012856261853,6.94015040031043,7.75124067405762,15.5012937613765,15.5002571252371,16.2912455436843,11.8166370201975
270.4,7.75,7.75,7.75064632882797,7.75012828301074,6.9401444910398,7.75124028509739,15.5012926576559,15.5002565660215,16.2913156570378,11.8166402547344
270.5,7.75,7.75,7.75064577735057,7.75012800374642,6.9401385876719,7.75123989872323,15.5012915547011,15.5002560074928,16.2913857009445,11.8166434625515
270.6,7.75,7.75,7.75064522621586,7.7501277247893,6.94013268957909,7.75123951465832,15.5012904524317,15.5002554495786,16.2914556827878,11.8166466465095
270.7,7.75,7.75,7.75064467542399,7.75012744613931,6.94012679675662,7.75123913289906,15.501289350848,15.5002548922786,16.2915256026233,11.8166498066464
270.8,7.75,7.75,7.75064412497508,7.75012716779639,6.94012090919975,7.75123875344179,15.5012882499502,15.5002543355928,16.2915954605062,11.8166529430002
270.9,7.75,7.75,7.75064357494329,7.75012688982663,6.94011502803576,7.75123837677687,15.5012871498866,15.5002537796533,16.2916652431723,11.8166560505059
271,7.75,7.75,7.7506430252953,7.75012661219991,6.94010915274267,7.7512380026737,15.5012860505906,15.5002532243998,16.2917349567624,11.8166591315467
271.1,7.75,7.75,7.75064247599081,7.75012633488,6.94010328269622,7.75123763085806,15.5012849519816,15.50025266976,16.2918046086207,11.816662188956
271.2,7.75,7.75,7.75064192702996,7.75012605786683,6.9400974178917,7.75123726132635,15.5012838540599,15.5002521157337,16.2918741988021,11.8166652227716
271.3,7.75,7.75,7.75064137841289,7.75012578116034,6.94009155832437,7.75123689407497,15.5012827568258,15.5002515623207,16.2919437273618,11.8166682330312
271.4,7.75,7.75,7.75064083021389,7.75012550482653,6.94008570511547,7.75123652958963,15.5012816604278,15.5002510096531,16.2920131811062,11.8166712147181
271.5,7.75,7.75,7.75064028239955,7.75012522883529,6.94007985774583,7.7512361676419,15.5012805647991,15.5002504576706,16.2920825661433,11.816674170193
271.6,7.75,7.75,7.7506397349295,7.75012495315046,6.94007401559454,7.75123580796014,15.501279469859,15.5002499063009,16.2921518897781,11.8166771022623
271.7,7.75,7.75,7.75063918780386,7.75012467777196,6.94006817865693,7.75123545054078,15.5012783756077,15.5002493555439,16.2922211520652,11.8166800109635
271.8,7.75,7.75,7.75063864102274,7.75012440269972,6.94006234692829,7.75123509538024,15.5012772820455,15.5002488053994,16.2922903530593,11.8166828963339
271.9,7.75,7.75,7.75063809466062,7.75012412799964,6.94005652152383,7.75123474295965,15.5012761893212,15.5002482559993,16.2923594796374,11.8166857534052
272,7.75,7.75,7.75063754868399,7.75012385364166,6.94005070192716,7.75123439305272,15.501275097368,15.5002477072833,16.2924285378746,11.8166885845153
272.1,7.75,7.75,7.75063700305237,7.75012357958964,6.94004488752074,7.75123404539036,15.5012740061047,15.5002471591793,16.2924975350371,11.8166913924439
272.2,7.75,7.75,7.75063645776589,7.75012330584353,6.94003907829992,7.75123369996904,15.5012729155318,15.5002466116871,16.2925664711791,11.8166941772282
272.3,7.75,7.75,7.75063591282466,7.75012303240323,6.94003327426001,7.7512333567852,15.5012718256493,15.5002460648065,16.292635346355,11.8166969389053
272.4,7.75,7.75,7.75063536830328,7.75012275933454,6.94002747651023,7.75123301631541,15.5012707366066,15.5002455186691,16.2927041475117,11.8166996725545
272.5,7.75,7.75,7.75063482416819,7.75012248660746,6.94002168453697,7.75123267833552,15.5012696483364,15.5002449732149,16.2927728806919,11.8167023804915
272.6,7.75,7.75,7.75063428037881,7.75012221418589,6.94001589772602,7.75123234257897,15.5012685607576,15.5002444283718,16.2928415531229,11.8167050654694
272.7,7.75,7.75,7.75063373693524,7.75012194206975,6.94001011607275,7.75123200904225,15.5012674738705,15.5002438841395,16.2929101648588,11.8167077275251
272.8,7.75,7.75,7.75063319383761,7.75012167025896,6.94000433957252,7.75123167772185,15.5012663876752,15.5002433405179,16.2929787159535,11.8167103666955
272.9,7.75,7.75,7.75063265116066,7.75012139881922,6.93999856932855,7.75123134908981,15.5012653023213,15.5002427976384,16.2930471934234,11.816712978107
273,7.75,7.75,7.75063210887072,7.75012112772056,6.93999280483002,7.75123102292407,15.5012642177414,15.5002422554411,16.2931156032791,11.8167155640534
273.1,7.75,7.75,7.75063156692716,7.75012085692692,6.93998704546604,7.75123069896062,15.5012631338543,15.5002417138538,16.2931839527093,11.8167181272613
273.2,7.75,7.75,7.75063102533006,7.75012058643824,6.93998129123198,7.75123037719596,15.5012620506601,15.5002411728765,16.2932522417677,11.8167206677675
273.3,7.75,7.75,7.75063048407955,7.75012031625443,6.93997554212324,7.7512300576266,15.5012609681591,15.5002406325089,16.2933204705079,11.8167231856083
273.4,7.75,7.75,7.75062994325047,7.75012004644106,6.93996979923712,7.75122974072012,15.5012598865009,15.5002400928821,16.2933886260155,11.8167256759574
273.5,7.75,7.75,7.75062940280912,7.75011977696822,6.93996406206554,7.75122942625654,15.5012588056182,15.5002395539364,16.2934567142691,11.8167281410864
273.6,7.75,7.75,7.75062886271476,7.7501195077999,6.9399583300009,7.75122911397434,15.5012577254295,15.5002390155998,16.2935247424188,11.8167305836959
273.7,7.75,7.75,7.75062832296749,7.75011923893604,6.9399526030386,7.75122880387007,15.501256645935,15.5002384778721,16.2935927105181,11.8167330038223
273.8,7.75,7.75,7.7506277835674,7.75011897037654,6.93994688117406,7.75122849594025,15.5012555671348,15.5002379407531,16.2936606186205,11.8167354015017
273.9,7.75,7.75,7.75062724458948,7.75011870218686,6.9399411654987,7.751228190648,15.501254489179,15.5002374043737,16.2937284538801,11.8167377719544
274,7.75,7.75,7.75062670599994,7.75011843433712,6.93993545550717,7.75122788777545,15.5012534119999,15.5002368686742,16.2937962222436,11.8167401174302
274.1,7.75,7.75,7.75062616775797,7.7501181667914,6.93992975059512,7.75122758706355,15.5012523355159,15.5002363335828,16.2938639308231,11.8167424406038
274.2,7.75,7.75,7.75062562986367,7.7501178995496,6.939924050758,7.75122728850885,15.5012512597273,15.5002357990992,16.2939315796718,11.8167447415111
274.3,7.75,7.75,7.75062509231712,7.75011763261163,6.93991835599126,7.75122699210792,15.5012501846342,15.5002352652233,16.2939991688428,11.8167470201882
274.4,7.75,7.75,7.75062455519342,7.75011736604284,6.93991266738045,7.75122669831947,15.5012491103868,15.5002347320857,16.2940666855585,11.8167492719014
274.5,7.75,7.75,7.75062401845873,7.75011709981339,6.93990698442292,7.75122640692767,15.5012480369175,15.5002341996268,16.2941341357339,11.8167514988791
274.6,7.75,7.75,7.75062348207215,7.75011683388741,6.93990130651761,7.75122611767595,15.5012469641443,15.5002336677748,16.2942015264434,11.81675370377
274.7,7.75,7.75,7.75062294603377,7.75011656826481,6.93989563365997,7.75122583056088,15.5012458920675,15.5002331365296,16.2942688577398,11.81675588661
274.8,7.75,7.75,7.75062241034368,7.7501163029455,6.93988996584548,7.75122554557906,15.5012448206874,15.500232605891,16.2943361296758,11.8167580474348
274.9,7.75,7.75,7.75062187507709,7.75011603799469,6.93988430415387,7.75122526318481,15.5012437501542,15.5002320759894,16.2944033295417,11.8167601815565
275,7.75,7.75,7.75062134020008,7.75011577338259,6.9398786480852,7.75122498316435,15.5012426804002,15.5002315467652,16.2944704632212,11.8167622911822
275.1,7.75,7.75,7.75062080567169,7.75011550907341,6.93987299704162,7.75122470526356,15.5012416113434,15.5002310181468,16.2945375377508,11.8167643789349
275.2,7.75,7.75,7.75062027149201,7.75011524506704,6.93986735101863,7.75122442947903,15.501240542984,15.5002304901341,16.2946045531831,11.8167664448503
275.3,7.75,7.75,7.75061973766112,7.75011498136338,6.93986171001172,7.75122415580738,15.5012394753222,15.5002299627268,16.2946715095705,11.8167684889638
275.4,7.75,7.75,7.75061920425432,7.75011471802753,6.93985607509483,7.75122388469859,15.5012384085086,15.5002294360551,16.2947383942708,11.8167705066331
275.5,7.75,7.75,7.75061867123764,7.75011445502976,6.93985044577072,7.75122361594092,15.5012373424753,15.5002289100595,16.2948052131364,11.8167725000438
275.6,7.75,7.75,7.75061813857007,7.75011419233431,6.93984482144474,7.75122334928265,15.5012362771401,15.5002283846686,16.2948719731663,11.8167744717939
275.7,7.75,7.75,7.75061760625167,7.75011392994108,6.93983920211242,7.75122308472042,15.5012352125033,15.5002278598822,16.2949386744129,11.8167764219185
275.8,7.75,7.75,7.75061707428252,7.75011366784999,6.93983358776928,7.75122282225086,15.501234148565,15.5002273357,16.2950053169282,11.8167783504528
275.9,7.75,7.75,7.75061654273801,7.75011340612598,6.93982797948351,7.75122256231964,15.501233085476,15.500226812252,16.2950718881372,11.8167802527998
276,7.75,7.75,7.75061601158413,7.75011314473938,6.93982237676052,7.75122230471704,15.5012320231683,15.5002262894788,16.2951383938609,11.8167821311239
276.1,7.75,7.75,7.7506154807798,7.7501128836545,6.93981677900887,7.75122204919373,15.5012309615596,15.500225767309,16.2952048410615,11.8167839879979
276.2,7.75,7.75,7.75061495032507,7.75011262287125,6.9398111862241,7.75122179574639,15.5012299006501,15.5002252457425,16.2952712297908,11.8167858234567
276.3,7.75,7.75,7.75061442022003,7.75011236238951,6.93980559840178,7.75122154437167,15.5012288404401,15.500224724779,16.2953375601007,11.8167876375352
276.4,7.75,7.75,7.75061389054015,7.75011210227412,6.93980001660435,7.75122129551097,15.5012277810803,15.5002242045482,16.2954038194827,11.8167894256811
276.5,7.75,7.75,7.75061336125135,7.75011184249545,6.9397944403399,7.75122104895656,15.5012267225027,15.5002236849909,16.2954700137271,11.8167911900381
276.6,7.75,7.75,7.7506128323125,7.75011158301788,6.93978886902015,7.75122080446149,15.501225664625,15.5002231660358,16.2955361497588,11.8167929331538
276.7,7.75,7.75,7.75061230372367,7.75011132384131,6.93978330264068,7.75122056202248,15.5012246074473,15.5002226476826,16.2956022276295,11.816794655063
276.8,7.75,7.75,7.75061177548492,7.75011106496564,6.93977774119706,7.75122032163619,15.5012235509698,15.5002221299313,16.2956682473907,11.8167963558002
276.9,7.75,7.75,7.7506112476718,7.75011080645554,6.93977218574607,7.75122008373979,15.5012224953436,15.5002216129111,16.2957341966003,11.8167980308577
277,7.75,7.75,7.75061072025019,7.75011054828145,6.93976663579842,7.75121984812752,15.5012214405004,15.5002210965629,16.2958000810178,11.8167996823583
277.1,7.75,7.75,7.75061019317891,7.75011029040782,6.939761090769,7.75121961455481,15.5012203863578,15.5002205808156,16.2958659075314,11.8168013128249
277.2,7.75,7.75,7.75060966645801,7.75011003283456,6.9397555506534,7.75121938301838,15.501219332916,15.5002200656691,16.2959316761924,11.816802922292
277.3,7.75,7.75,7.75060914008755,7.75010977556154,6.93975001544723,7.75121915351495,15.5012182801751,15.5002195511231,16.295997387052,11.8168045107938
277.4,7.75,7.75,7.75060861414316,7.75010951865332,6.93974448620161,7.75121892647745,15.5012172282863,15.5002190373066,16.2960630277342,11.8168060738667
277.5,7.75,7.75,7.75060808859068,7.75010926208036,6.93973896242987,7.7512187017021,15.5012161771814,15.5002185241607,16.2961286039676,11.8168076136129
277.6,7.75,7.75,7.75060756338886,7.75010900580723,6.93973344355004,7.75121847894668,15.5012151267777,15.5002180116145,16.2961941226041,11.8168091325309
277.7,7.75,7.75,7.75060703853775,7.75010874983379,6.93972792955774,7.75121825820792,15.5012140770755,15.5002174996676,16.2962595836946,11.8168106306546
277.8,7.75,7.75,7.75060651403743,7.75010849415994,6.9397224204486,7.75121803948259,15.5012130280749,15.5002169883199,16.2963249872901,11.8168121080182
277.9,7.75,7.75,7.75060598996356,7.75010823885006,6.9397169172681,7.75121782319942,15.5012119799271,15.5002164777001,16.2963903210799,11.8168135602018
278,7.75,7.75,7.75060546628195,7.75010798387472,6.93971141953223,7.75121760915659,15.5012109325639,15.5002159677494,16.2964555907626,11.8168149892872
278.1,7.75,7.75,7.75060494295132,7.75010772919851,6.93970592666209,7.75121739711421,15.5012098859026,15.500215458397,16.2965208031533,11.8168163977482
278.2,7.75,7.75,7.75060441997171,7.75010747482132,6.93970043865334,7.75121718706905,15.5012088399434,15.5002149496426,16.2965859583029,11.8168177856189
278.3,7.75,7.75,7.75060389734318,7.75010722074305,6.93969495550164,7.75121697901787,15.5012077946864,15.5002144414861,16.296651056262,11.8168191529329
278.4,7.75,7.75,7.75060337514146,7.75010696702792,6.93968947824689,7.75121677338527,15.5012067502829,15.5002139340558,16.2967160847852,11.8168204953139
278.5,7.75,7.75,7.75060285333232,7.75010671364655,6.93968400640765,7.75121656997138,15.5012057066646,15.5002134272931,16.2967810495405,11.8168218148233
278.6,7.75,7.75,7.75060233187443,7.75010646056363,6.93967853940813,7.75121636853861,15.5012046637489,15.5002129211273,16.2968459573074,11.8168231139108
278.7,7.75,7.75,7.75060181076784,7.75010620777903,6.93967307724402,7.75121616908374,15.5012036215357,15.5002124155581,16.2969108081361,11.8168243926101
278.8,7.75,7.75,7.7506012900126,7.75010595529265,6.939667619911,7.75121597160359,15.5012025800252,15.5002119105853,16.2969756020771,11.8168256509547
278.9,7.75,7.75,7.75060076968449,7.75010570316857,6.93966216844342,7.75121577651862,15.501201539369,15.5002114063371,16.2970403269496,11.8168268846113
279,7.75,7.75,7.75060024974923,7.75010545137745,6.93965672236241,7.75121558363089,15.5012004994985,15.5002109027549,16.2971049883918,11.8168280956211
279.1,7.75,7.75,7.75059973016548,7.75010519988408,6.93965128109528,7.7512153927051,15.501199460331,15.5002103997682,16.297169593147,11.8168292864099
279.2,7.75,7.75,7.75059921093328,7.75010494868832,6.93964584463772,7.75121520373806,15.5011984218666,15.5002098973766,16.2972341412654,11.816830457011
279.3,7.75,7.75,7.75059869205265,7.75010469779007,6.93964041298545,7.7512150167266,15.5011973841053,15.5002093955801,16.2972986327969,11.8168316074578
279.4,7.75,7.75,7.75059817359944,7.75010444725324,6.93963498716729,7.75121483208712,15.5011963471989,15.5002088945065,16.2973630556253,11.8168327334597
279.5,7.75,7.75,7.75059765553933,7.75010419704857,6.93962956670694,7.75121464962358,15.5011953110787,15.5002083940971,16.2974274153589,11.8168338370379
279.6,7.75,7.75,7.75059713783095,7.75010394714092,6.93962415103476,7.75121446910294,15.5011942756619,15.5002078942818,16.2974917187054,11.8168349205944
279.7,7.75,7.75,7.75059662047433,7.75010369753017,6.93961874014649,7.75121429052205,15.5011932409487,15.5002073950603,16.2975559657144,11.8168359841623
279.8,7.75,7.75,7.75059610346949,7.75010344821618,6.93961333403784,7.75121411387777,15.501192206939,15.5002068964324,16.2976201564358,11.8168370277746
279.9,7.75,7.75,7.75059558689231,7.75010319926273,6.93960793373218,7.75121393958243,15.5011911737846,15.5002063985255,16.2976842788173,11.8168380471831
280,7.75,7.75,7.75059507070846,7.75010295064062,6.93960253875573,7.75121376744189,15.5011901414169,15.5002059012812,16.2977483384376,11.8168390443894
280.1,7.75,7.75,7.75059455487651,7.75010270231479,6.93959714854191,7.75121359722538,15.501189109753,15.5002054046296,16.2978123419686,11.8168400217716
280.2,7.75,7.75,7.75059403939651,7.7501024542851,6.93959176308646,7.75121342892976,15.501188078793,15.5002049085702,16.29787628946,11.8168409793627
280.3,7.75,7.75,7.75059352426847,7.75010220655144,6.93958638238514,7.75121326255192,15.5011870485369,15.5002044131029,16.2979401809612,11.8168419171955
280.4,7.75,7.75,7.7505930095683,7.75010195917741,6.93958100745585,7.75121309850016,15.5011860191366,15.5002039183548,16.2980040044836,11.8168428310637
280.5,7.75,7.75,7.75059249526164,7.75010171213388,6.93957563782735,7.75121293658224,15.5011849905233,15.5002034242678,16.2980677655763,11.8168437229493
280.6,7.75,7.75,7.75059198130705,7.75010146538587,6.93957027293608,7.75121277656961,15.5011839626141,15.5002029307717,16.298131470876,11.8168445952071
280.7,7.75,7.75,7.75059146770455,7.75010121893325,6.93956491277781,7.75121261845918,15.5011829354091,15.5002024378665,16.2981951204321,11.8168454478696
280.8,7.75,7.75,7.75059095445416,7.7501009727759,6.93955955734832,7.75121246224783,15.5011819089083,15.5002019455518,16.2982587142937,11.8168462809695
280.9,7.75,7.75,7.75059044163182,7.75010072697725,6.93955420766009,7.7512123083399,15.5011808832636,15.5002014539545,16.2983222405355,11.8168470903422
281,7.75,7.75,7.75058992920314,7.75010048150824,6.93954886324441,7.75121215654499,15.5011798584063,15.5002009630165,16.2983857046771,11.8168478779502
281.1,7.75,7.75,7.75058941712666,7.75010023633398,6.93954352354069,7.75121200663679,15.5011788342533,15.500200472668,16.2984491133204,11.8168486461251
281.2,7.75,7.75,7.7505889054024,7.75009999145434,6.93953818854475,7.75121185861222,15.5011778108048,15.5001999829087,16.2985124665142,11.816849394899
281.3,7.75,7.75,7.75058839403037,7.75009974686918,6.93953285825241,7.75121171246819,15.5011767880607,15.5001994937384,16.2985757643076,11.8168501243044
281.4,7.75,7.75,7.75058788308652,7.75009950264179,6.93952753367073,7.75121156860511,15.501175766173,15.5001990052836,16.2986389948379,11.8168508302183
281.5,7.75,7.75,7.75058737253646,7.75009925874316,6.9395222143335,7.75121142683439,15.5011747450729,15.5001985174863,16.2987021635958,11.8168515145836
281.6,7.75,7.75,7.7505868623387,7.75009901513849,6.93951689968315,7.75121128693194,15.5011737246774,15.500198030277,16.2987652771482,11.8168521797088
281.7,7.75,7.75,7.75058635249325,7.75009877182766,6.93951158971551,7.7512111488947,15.5011727049865,15.5001975436553,16.2988283355437,11.8168528256261
281.8,7.75,7.75,7.75058584300013,7.75009852881053,6.93950628442641,7.75121101271962,15.5011716860003,15.5001970576211,16.2988913388309,11.8168534523673
281.9,7.75,7.75,7.75058533393531,7.75009828615019,6.93950098481757,7.75121087880316,15.5011706678706,15.5001965723004,16.2989542752099,11.8168540558508
282,7.75,7.75,7.75058482526435,7.75009804381773,6.93949569042526,7.75121074695858,15.5011696505287,15.5001960876355,16.2990171501422,11.8168546380001
282.1,7.75,7.75,7.75058431694576,7.75009780177843,6.93949040069487,7.75121061696398,15.5011686338915,15.5001956035569,16.2990799701601,11.816855201101
282.2,7.75,7.75,7.75058380897957,7.75009756003217,6.93948511562227,7.75121048881631,15.5011676179591,15.5001951200643,16.2991427353119,11.8168557451853
282.3,7.75,7.75,7.75058330136577,7.7500973185788,6.93947983520331,7.75121036251256,15.5011666027315,15.5001946371576,16.299205445646,11.8168562702846
282.4,7.75,7.75,7.75058279418032,7.75009707748124,6.93947456043438,7.75121023844528,15.5011655883606,15.5001941549625,16.2992680894245,11.816856772358
282.5,7.75,7.75,7.75058228738881,7.75009683671065,6.93946929085423,7.75121011642956,15.5011645747776,15.5001936734213,16.2993306720803,11.8168572533101
282.6,7.75,7.75,7.75058178094972,7.75009659623242,6.93946402591119,7.75120999624566,15.5011635618994,15.5001931924648,16.299393200111,11.8168577154039
282.7,7.75,7.75,7.75058127486306,7.7500963560464,6.93945876560117,7.75120987789058,15.5011625497261,15.5001927120928,16.2994556735647,11.8168581586708
282.8,7.75,7.75,7.75058076912883,7.75009611615246,6.93945350992003,7.75120976136129,15.5011615382577,15.5001922323049,16.2995180924895,11.8168585831423
282.9,7.75,7.75,7.75058026382301,7.75009587661333,6.93944825985888,7.75120964704651,15.501160527646,15.5001917532267,16.2995804452095,11.8168589848181
283,7.75,7.75,7.75057975891114,7.75009563740026,6.93944301495891,7.75120953476314,15.5011595178223,15.5001912748005,16.2996427371286,11.8168593655836
283.1,7.75,7.75,7.75057925435172,7.75009539847871,6.93943777467141,7.75120942429357,15.5011585087034,15.5001907969574,16.2997049747104,11.8168597276794
283.2,7.75,7.75,7.75057875014474,7.75009515984854,6.93943253899228,7.75120931563483,15.5011575002895,15.5001903196971,16.2997671580027,11.8168600711367
283.3,7.75,7.75,7.75057824629021,7.75009492150963,6.93942730791743,7.75120920878392,15.5011564925804,15.5001898430193,16.2998292870531,11.8168603959867
283.4,7.75,7.75,7.75057774286409,7.75009468352451,6.9394220824327,7.75120910412572,15.5011554857282,15.500189367049,16.2998913502473,11.8168606982692
283.5,7.75,7.75,7.75057723983192,7.75009444586451,6.93941686208172,7.75120900147893,15.5011544796638,15.500188891729,16.2999533529607,11.8168609798509
283.6,7.75,7.75,7.7505767371522,7.7500942084952,6.9394116463187,7.75120890062807,15.5011534743044,15.5001884169904,16.3000153016229,11.8168612429499
283.7,7.75,7.75,7.75057623482491,7.75009397141643,6.93940643513957,7.75120880157019,15.5011524696498,15.5001879428329,16.3000771962812,11.8168614875974
283.8,7.75,7.75,7.75057573285005,7.75009373462806,6.93940122854026,7.75120870430233,15.5011514657001,15.5001874692561,16.3001390369832,11.8168617138242
283.9,7.75,7.75,7.75057523130357,7.75009349819247,6.93939602750136,7.75120860920554,15.5011504626071,15.5001869963849,16.3002008121755,11.8168619177098
284,7.75,7.75,7.75057473015103,7.75009326208103,6.93939083156895,7.7512085161003,15.5011494603021,15.5001865241621,16.3002625272052,11.8168621011026
284.1,7.75,7.75,7.7505742293509,7.75009302625943,6.93938564020014,7.75120842477328,15.5011484587018,15.5001860525189,16.300324188468,11.8168622661983
284.2,7.75,7.75,7.75057372890316,7.75009279072753,6.93938045339088,7.75120833522153,15.5011474578063,15.5001855814551,16.3003857960111,11.8168624130277
284.3,7.75,7.75,7.75057322880782,7.75009255548517,6.93937527113712,7.75120824744212,15.5011464576156,15.5001851109703,16.3004473498817,11.8168625416217
284.4,7.75,7.75,7.75057272914081,7.75009232059453,6.93937009441426,7.75120816181232,15.5011454582816,15.5001846411891,16.300508838587,11.8168626480992
284.5,7.75,7.75,7.75057222986767,7.75009208602709,6.93936492277078,7.75120807815439,15.5011444597353,15.5001841720542,16.3005702674462,11.81686273429
284.6,7.75,7.75,7.75057173094689,7.75009185174862,6.93935975566667,7.75120799625708,15.5011434618938,15.5001837034972,16.3006316428211,11.8168628023679
284.7,7.75,7.75,7.75057123237844,7.75009161775898,6.93935459309792,7.75120791611747,15.5011424647569,15.500183235518,16.3006929647587,11.8168628523635
284.8,7.75,7.75,7.75057073416233,7.75009138405802,6.93934943506049,7.75120783773266,15.5011414683247,15.500182768116,16.3007542333059,11.8168628843074
284.9,7.75,7.75,7.75057023637446,7.75009115070772,6.93934428252461,7.75120776147618,15.5011404727489,15.5001823014154,16.3008154370305,11.8168628943575
285,7.75,7.75,7.75056973898038,7.75009091767963,6.93933913504118,7.75120768717202,15.5011394779608,15.5001818353593,16.3008765812233,11.8168628843256
285.1,7.75,7.75,7.75056924193857,7.75009068493965,6.93933399207304,7.75120761461103,15.5011384838771,15.5001813698793,16.3009376722129,11.8168628563635
285.2,7.75,7.75,7.75056874524902,7.7500904524876,6.9393288536162,7.75120754379032,15.501137490498,15.5001809049752,16.3009987100461,11.8168628105016
285.3,7.75,7.75,7.7505682489117,7.75009022032336,6.93932371966665,7.75120747470699,15.5011364978234,15.5001804406467,16.3010596947693,11.8168627467701
285.4,7.75,7.75,7.75056775300252,7.7500899885087,6.93931859118949,7.75120740773087,15.501135506005,15.5001799770174,16.3011206150103,11.8168626613661
285.5,7.75,7.75,7.75056725748702,7.75008975701527,6.93931346773797,7.7512073426877,15.501134514974,15.5001795140305,16.3011814760324,11.8168625560829
285.6,7.75,7.75,7.75056676232369,7.75008952580905,6.93930834877782,7.75120727937038,15.5011335246474,15.5001790516181,16.3012422841306,11.8168624330509
285.7,7.75,7.75,7.7505662675125,7.75008929488988,6.93930323430505,7.75120721777604,15.501132535025,15.5001785897798,16.3013030393514,11.8168622923001
285.8,7.75,7.75,7.75056577305343,7.75008906425761,6.93929812431569,7.75120715790182,15.5011315461069,15.5001781285152,16.3013637417412,11.8168621338605
285.9,7.75,7.75,7.75056527902236,7.75008883397385,6.93929301976971,7.75120710011387,15.5011305580447,15.5001776679477,16.3014243799874,11.8168619539678
286,7.75,7.75,7.75056478538483,7.75008860401031,6.93928792022275,7.75120704423961,15.5011295707697,15.5001772080206,16.3014849593253,11.8168617543973
286.1,7.75,7.75,7.75056429209933,7.75008837433307,6.93928282514335,7.75120699007404,15.5011285841987,15.5001767486661,16.3015454860173,11.8168615372577
286.2,7.75,7.75,7.75056379916585,7.75008814494199,6.93927773452757,7.75120693761429,15.5011275983317,15.500176289884,16.3016059601093,11.816861302579
286.3,7.75,7.75,7.75056330658436,7.7500879158369,6.93927264837145,7.75120688685753,15.5011266131687,15.5001758316738,16.3016663816476,11.8168610503908
286.4,7.75,7.75,7.75056281443069,7.75008768707921,6.93926756762989,7.75120683816624,15.5011256288614,15.5001753741584,16.3017267393787,11.8168607769673
286.5,7.75,7.75,7.7505623226704,7.75008745864073,6.93926249186087,7.75120679136957,15.5011246453408,15.5001749172815,16.3017870385107,11.8168604840656
286.6,7.75,7.75,7.75056183126199,7.75008723048765,6.93925742053576,7.75120674626454,15.501123662524,15.5001744609753,16.3018472852729,11.8168601737733
286.7,7.75,7.75,7.75056134020543,7.7500870026198,6.93925235365063,7.75120670284832,15.5011226804109,15.5001740052396,16.301907479711,11.8168598461201
286.8,7.75,7.75,7.75056084950072,7.75008677503703,6.93924729120156,7.75120666111808,15.5011216990014,15.5001735500741,16.3019676218709,11.8168595011354
286.9,7.75,7.75,7.75056035922361,7.75008654780055,6.93924223413838,7.75120662143268,15.5011207184472,15.5001730956011,16.3020277005584,11.8168591351312
287,7.75,7.75,7.7505598693397,7.75008632088225,6.93923718202144,7.75120658362298,15.5011197386794,15.5001726417645,16.3020877209539,11.816858749847
287.1,7.75,7.75,7.75055937980749,7.75008609424842,6.93923213432489,7.75120654748801,15.501118759615,15.5001721884968,16.3021476892541,11.8168583473494
287.2,7.75,7.75,7.75055889062697,7.7500858678989,6.93922709104483,7.75120651302496,15.5011177812539,15.5001717357978,16.3022076055046,11.8168579276675
287.3,7.75,7.75,7.75055840179809,7.75008564183354,6.93922205217735,7.75120648023103,15.5011168035962,15.5001712836671,16.3022674697509,11.8168574908307
287.4,7.75,7.75,7.75055791339661,7.75008541611333,6.93921701866728,7.75120644946148,15.5011158267932,15.5001708322267,16.3023272708573,11.8168570331886
287.5,7.75,7.75,7.7505574253881,7.75008519071026,6.93921199007727,7.75120642054885,15.5011148507762,15.5001703814205,16.3023870139773,11.8168565564632
287.6,7.75,7.75,7.7505569377311,7.75008496559073,6.93920696588429,7.75120639329417,15.5011138754622,15.5001699311815,16.3024467052749,11.8168560626999
287.7,7.75,7.75,7.75055645042558,7.75008474075458,6.93920194608444,7.75120636769465,15.5011129008512,15.5001694815092,16.3025063447954,11.8168555519277
287.8,7.75,7.75,7.75055596347151,7.75008451620165,6.93919693067385,7.75120634374753,15.501111926943,15.5001690324033,16.3025659325842,11.8168550241758
287.9,7.75,7.75,7.75055547694457,7.75008429199273,6.93919192059233,7.75120632180448,15.5011109538891,15.5001685839855,16.3026254575639,11.8168544758312
288,7.75,7.75,7.75055499081036,7.7500840680999,6.93918691540488,7.75120630169971,15.5011099816207,15.5001681361998,16.3026849248607,11.8168539085983
288.1,7.75,7.75,7.75055450502745,7.75008384448966,6.93918191459121,7.75120628323625,15.5011090100549,15.5001676889793,16.3027443406065,11.8168533245017
288.2,7.75,7.75,7.7505540195958,7.75008362116185,6.93917691814745,7.75120626641135,15.5011080391916,15.5001672423237,16.3028037048463,11.8168527235702
288.3,7.75,7.75,7.75055353451537,7.75008339811632,6.93917192606976,7.75120625122223,15.5011070690307,15.5001667962326,16.3028630176252,11.8168521058328
288.4,7.75,7.75,7.75055304986179,7.75008317541366,6.93916693929299,7.75120623801704,15.5011060997236,15.5001663508273,16.3029222679238,11.8168514677135
288.5,7.75,7.75,7.75055256560068,7.75008295302601,6.93916195738443,7.75120622663165,15.5011051312014,15.500165906052,16.3029814608414,11.8168508108994
288.6,7.75,7.75,7.75055208169063,7.75008273092,6.93915697982655,7.75120621687106,15.5011041633813,15.50016546184,16.3030406024778,11.8168501373945
288.7,7.75,7.75,7.75055159813159,7.75008250909548,6.93915200661551,7.75120620873253,15.5011031962632,15.500165018191,16.3030996928777,11.8168494472273
288.8,7.75,7.75,7.75055111492352,7.75008228755227,6.93914703774747,7.75120620221331,15.501102229847,15.5001645751045,16.303158732086,11.8168487404266
288.9,7.75,7.75,7.750550632142,7.75008206635075,6.93914207415236,7.75120619765805,15.501101264284,15.5001641327015,16.3032177091407,11.8168480134532
289,7.75,7.75,7.75055014975266,7.75008184546319,6.93913711539976,7.75120619490424,15.5011002995053,15.5001636909264,16.3032766291147,11.816847267977
289.1,7.75,7.75,7.75054966771411,7.7500816248563,6.93913216097487,7.75120619375885,15.5010993354282,15.5001632497126,16.3033354980757,11.8168465059814
289.2,7.75,7.75,7.75054918602631,7.75008140452993,6.93912721087388,7.75120619421916,15.5010983720526,15.5001628090599,16.3033943160681,11.8168457274948
289.3,7.75,7.75,7.75054870468922,7.7500811844839,6.93912226509296,7.75120619628245,15.5010974093784,15.5001623689678,16.3034530831366,11.8168449325457
289.4,7.75,7.75,7.75054822377834,7.7500809647784,6.93911732455716,7.75120620028986,15.5010964475567,15.5001619295568,16.3035117883765,11.8168441176314
289.5,7.75,7.75,7.75054774325933,7.75008074538577,6.93911238883831,7.75120620608054,15.5010954865187,15.5001614907715,16.3035704368341,11.8168432844048
289.6,7.75,7.75,7.75054726309084,7.75008052627283,6.93910745742434,7.75120621346338,15.5010945261817,15.5001610525457,16.3036290345453,11.8168424348289
289.7,7.75,7.75,7.7505467832728,7.75008030743944,6.93910253031145,7.75120622243569,15.5010935665456,15.5001606148789,16.3036875815543,11.816841568932
289.8,7.75,7.75,7.75054630380519,7.75008008888542,6.93909760749586,7.75120623299477,15.5010926076104,15.5001601777708,16.3037460779055,11.8168406867421
289.9,7.75,7.75,7.75054582476343,7.75007987067074,6.93909268989771,7.7512062454783,15.5010916495269,15.5001597413415,16.3038045127512,11.816839784793
290,7.75,7.75,7.75054534611321,7.75007965276783,6.93908777709112,7.75120625972705,15.5010906922264,15.5001593055357,16.3038628911113,11.8168388647205
290.1,7.75,7.75,7.75054486781319,7.75007943514363,6.93908286856671,7.75120627555184,15.5010897356264,15.5001588702873,16.30392121899,11.8168379284674
290.2,7.75,7.75,7.75054438986334,7.750079217798,6.93907796432071,7.75120629294999,15.5010887797267,15.500158435596,16.3039794964315,11.8168369760619
290.3,7.75,7.75,7.75054391226359,7.75007900073076,6.93907306434935,7.75120631191883,15.5010878245272,15.5001580014615,16.3040377234797,11.8168360075318
290.4,7.75,7.75,7.75054343508932,7.75007878400165,6.93906816956793,7.75120633279261,15.5010868701786,15.5001575680033,16.3040958893436,11.8168350194466
290.5,7.75,7.75,7.75054295830622,7.75007856758321,6.93906327955282,7.7512063554137,15.5010859166124,15.5001571351664,16.3041539990168,11.8168340134256
290.6,7.75,7.75,7.75054248187302,7.7500783514425,6.93905839379733,7.75120637959483,15.501084963746,15.500156702885,16.3042120584722,11.8168329913914
290.7,7.75,7.75,7.75054200578965,7.75007813557936,6.9390535122977,7.75120640533335,15.5010840115793,15.5001562711587,16.3042700677537,11.8168319533719
290.8,7.75,7.75,7.75054153005605,7.75007791999361,6.93904863505019,7.7512064326266,15.5010830601121,15.5001558399872,16.304328026905,11.8168308993949
290.9,7.75,7.75,7.75054105474753,7.7500777047448,6.93904376296528,7.75120646180544,15.5010821094951,15.5001554094896,16.3043859251913,11.8168298260654
291,7.75,7.75,7.75054057982981,7.75007748980553,6.93903889562158,7.75120649271382,15.5010811596596,15.5001549796111,16.30444376758,11.8168287349859
291.1,7.75,7.75,7.75054010526163,7.750077275143,6.93903403251507,7.75120652516637,15.5010802105233,15.500154550286,16.3045015600131,11.8168276280595
291.2,7.75,7.75,7.75053963104295,7.75007706075703,6.939029173642,7.75120655916046,15.5010792620859,15.5001541215141,16.304559302534,11.8168265053136
291.3,7.75,7.75,7.75053915717369,7.75007684664746,6.93902431899868,7.75120659469345,15.5010783143474,15.5001536932949,16.3046169951862,11.8168253667759
291.4,7.75,7.75,7.75053868372907,7.7500766328736,6.93901946949078,7.75120663209283,15.5010773674581,15.5001532657472,16.3046746272909,11.8168242090867
291.5,7.75,7.75,7.75053821067486,7.75007641940817,6.93901462469912,7.75120667120411,15.5010764213497,15.5001528388163,16.3047322037896,11.816823033832
291.6,7.75,7.75,7.75053773796983,7.75007620621846,6.93900978412235,7.75120671184383,15.5010754759397,15.5001524124369,16.3047897305931,11.8168218428951
291.7,7.75,7.75,7.75053726561393,7.75007599330431,6.93900494775675,7.75120675400936,15.5010745312279,15.5001519866086,16.3048472077447,11.8168206363033
291.8,7.75,7.75,7.75053679360709,7.75007578066556,6.93900011559863,7.75120679769809,15.5010735872142,15.5001515613311,16.3049046352876,11.816819414084
291.9,7.75,7.75,7.75053632202444,7.75007556836127,6.93899528854892,7.75120684323416,15.5010726440489,15.5001511367225,16.3049620025987,11.8168181729127
292,7.75,7.75,7.75053585083177,7.75007535636429,6.93899046619065,7.75120689046464,15.5010717016635,15.5001507127286,16.3050193145936,11.8168169143589
292.1,7.75,7.75,7.75053537998791,7.75007514464201,6.93898564802508,7.75120693920793,15.5010707599758,15.500150289284,16.3050765771522,11.8168156402863
292.2,7.75,7.75,7.75053490949278,7.75007493319428,6.93898083404855,7.75120698946144,15.5010698189856,15.5001498663886,16.3051337903177,11.8168143507222
292.3,7.75,7.75,7.75053443934634,7.75007472202093,6.93897602425737,7.75120704122258,15.5010688786927,15.5001494440419,16.305190954133,11.8168130456935
292.4,7.75,7.75,7.75053396962361,7.75007451118081,6.93897121954773,7.75120709481215,15.5010679392472,15.5001490223616,16.3052480580303,11.8168117219106
292.5,7.75,7.75,7.75053350029042,7.75007430064684,6.93896641950487,7.75120715007879,15.5010670005808,15.5001486012937,16.3053051068996,11.8168103809269
292.6,7.75,7.75,7.75053303130565,7.75007409038657,6.93896162363268,7.75120720684273,15.5010660626113,15.5001481807731,16.3053621065901,11.8168090245865
292.7,7.75,7.75,7.75053256266921,7.75007388039981,6.9389568319275,7.75120726510143,15.5010651253384,15.5001477607996,16.3054190571447,11.8168076529165
292.8,7.75,7.75,7.75053209438104,7.75007367068641,6.93895204438567,7.75120732485229,15.5010641887621,15.5001473413728,16.3054759586061,11.8168062659437
292.9,7.75,7.75,7.7505316265161,7.75007346130499,6.93894726189869,7.75120738641283,15.5010632530322,15.50014692261,16.3055328004615,11.816804860413
293,7.75,7.75,7.75053115904023,7.75007325222858,6.93894248405395,7.75120744963323,15.5010623180805,15.5001465044572,16.3055895875753,11.8168034378614
293.1,7.75,7.75,7.75053069191236,7.75007304342483,6.93893771035798,7.75120751433557,15.5010613838247,15.5001460868497,16.3056463257665,11.8168020001142
293.2,7.75,7.75,7.75053022513241,7.75007283489357,6.93893294080713,7.7512075805173,15.5010604502648,15.5001456697871,16.3057030150774,11.816800547198
293.3,7.75,7.75,7.75052975870031,7.75007262663462,6.93892817539777,7.75120764817587,15.5010595174006,15.5001452532692,16.3057596555507,11.8167990791395
293.4,7.75,7.75,7.75052929269091,7.75007241870641,6.9389234150167,7.75120771762551,15.5010585853818,15.5001448374128,16.3058162367281,11.8167975927176
293.5,7.75,7.75,7.75052882707011,7.75007221108205,6.93891865925351,7.75120778871794,15.5010576541402,15.5001444221641,16.3058727634487,11.8167960894537
293.6,7.75,7.75,7.75052836179687,7.75007200372931,6.9389139076173,7.75120786127705,15.5010567235937,15.5001440074586,16.3059292415012,11.8167945711537
293.7,7.75,7.75,7.75052789687112,7.75007179664802,6.93890916010445,7.75120793530033,15.5010557937422,15.500143593296,16.3059856709278,11.816793037844
293.8,7.75,7.75,7.75052743229277,7.75007158983801,6.93890441671134,7.75120801078524,15.5010548645855,15.500143179676,16.3060420517707,11.8167914895512
293.9,7.75,7.75,7.7505269681366,7.75007138335747,6.93889967832014,7.75120808804276,15.5010539362732,15.5001427667149,16.3060983736261,11.8167899230883
294,7.75,7.75,7.75052650436852,7.75007117717961,6.93889494452258,7.75120816692613,15.501053008737,15.5001423543592,16.3061546413081,11.8167883399605
294.1,7.75,7.75,7.75052604094755,7.75007097127233,6.93889021483034,7.75120824726106,15.5010520818951,15.5001419425447,16.3062108605748,11.8167867419549
294.2,7.75,7.75,7.75052557787361,7.75007076563546,6.93888548923983,7.75120832904503,15.5010511557472,15.5001415312709,16.3062670314685,11.8167851290979
294.3,7.75,7.75,7.75052511514662,7.75007056026881,6.93888076774746,7.75120841227556,15.5010502302932,15.5001411205376,16.306323154031,11.8167835014156
294.4,7.75,7.75,7.75052465284124,7.75007035523037,6.93887605123075,7.75120849726038,15.5010493056825,15.5001407104607,16.3063792179126,11.8167818557547
294.5,7.75,7.75,7.75052419092344,7.75007015049343,6.93887133928359,7.75120858385425,15.5010483818469,15.5001403009869,16.3064352279023,11.8167801936048
294.6,7.75,7.75,7.75052372935228,7.75006994602603,6.93886663142022,7.75120867188467,15.5010474587046,15.5001398920521,16.3064911897284,11.8167785167342
294.7,7.75,7.75,7.75052326812768,7.75006974182798,6.93886192763708,7.75120876134915,15.5010465362554,15.500139483656,16.3065471034327,11.816776825169
294.8,7.75,7.75,7.75052280724957,7.7500695378991,6.93885722793058,7.7512088522452,15.5010456144991,15.5001390757982,16.306602969057,11.8167751189351
294.9,7.75,7.75,7.75052234679248,7.75006933429715,6.93885253317366,7.75120894487739,15.501044693585,15.5001386685943,16.3066587763052,11.8167733949128
295,7.75,7.75,7.75052188672243,7.75006913099552,6.93884784296235,7.75120903910195,15.5010437734449,15.500138261991,16.3067145299414,11.8167716545759
295.1,7.75,7.75,7.75052142699854,7.75006892796236,6.93884315681342,7.75120913474818,15.5010428539971,15.5001378559247,16.3067702356641,11.816769899674
295.2,7.75,7.75,7.75052096762072,7.75006872519751,6.93883847472333,7.75120923181359,15.5010419352414,15.500137450395,16.3068258935149,11.8167681302332
295.3,7.75,7.75,7.75052050858889,7.75006852270077,6.93883379668853,7.75120933029573,15.5010410171778,15.5001370454015,16.3068815035354,11.8167663462791
295.4,7.75,7.75,7.75052004997749,7.75006832052966,6.93882912357738,7.75120943049598,15.501040099955,15.5001366410593,16.3069370554828,11.816764544725
295.5,7.75,7.75,7.75051959175258,7.75006811865769,6.93882445498802,7.75120953227208,15.5010391835052,15.5001362373154,16.3069925540965,11.8167627270295
295.6,7.75,7.75,7.75051913387332,7.75006791705314,6.93881979043977,7.75120963545506,15.5010382677466,15.5001358341063,16.3070480050453,11.8167608949235
295.7,7.75,7.75,7.75051867633963,7.75006771571581,6.93881512992911,7.75120974004248,15.5010373526793,15.5001354314316,16.3071034083708,11.8167590484329
295.8,7.75,7.75,7.75051821915143,7.75006751464554,6.93881047345249,7.75120984603189,15.5010364383029,15.5001350292911,16.307158764114,11.8167571875832
295.9,7.75,7.75,7.75051776238304,7.7500673138996,6.93880582187374,7.75120995372154,15.5010355247661,15.5001346277992,16.3072140620856,11.8167553093207
296,7.75,7.75,7.75051730600055,7.75006711345161,6.93880117479311,7.75121006297062,15.5010346120011,15.5001342269032,16.307269307,11.8167534150882
296.1,7.75,7.75,7.75051684996321,7.75006691326996,6.93879653173244,7.75121017361194,15.5010336999264,15.5001338265399,16.307324504497,11.8167515065987
296.2,7.75,7.75,7.75051639427092,7.75006671335448,6.93879189268822,7.75121028564306,15.5010327885418,15.500133426709,16.3073796546174,11.8167495838776
296.3,7.75,7.75,7.7505159389236,7.75006651370498,6.93878725765694,7.75121039906155,15.5010318778472,15.50013302741,16.3074347574025,11.8167476469504
296.4,7.75,7.75,7.75051548399544,7.75006631437851,6.93878262749789,7.75121051416255,15.5010309679909,15.500132628757,16.3074898027154,11.8167456927958
296.5,7.75,7.75,7.75051502945261,7.75006611534878,6.93877800181343,7.75121063080671,15.5010300589052,15.5001322306976,16.3075447952463,11.8167437228416
296.6,7.75,7.75,7.75051457525438,7.75006591658432,6.9387733801279,7.75121074882857,15.5010291505088,15.5001318331686,16.3075997406055,11.8167417387825
296.7,7.75,7.75,7.75051412140068,7.75006571808496,6.93876876243782,7.75121086822571,15.5010282428014,15.5001314361699,16.3076546388338,11.8167397406438
296.8,7.75,7.75,7.75051366789139,7.75006551985049,6.93876414873968,7.75121098899572,15.5010273357828,15.500131039701,16.3077094899721,11.8167377284505
296.9,7.75,7.75,7.75051321480063,7.75006532193775,6.9387595398883,7.75121111143066,15.5010264296013,15.5001306438755,16.307764283936,11.816735699214
297,7.75,7.75,7.75051276209457,7.75006512432055,6.9387549354881,7.7512112353926,15.5010255241891,15.5001302486411,16.3078190253915,11.8167336543467
297.1,7.75,7.75,7.75051230973258,7.75006492696753,6.93875033506593,7.75121136071783,15.5010246194652,15.5001298539351,16.3078737199195,11.8167315955255
297.2,7.75,7.75,7.75051185771455,7.75006472987852,6.93874573861831,7.75121148740393,15.5010237154291,15.500129459757,16.3079283675609,11.8167295227752
297.3,7.75,7.75,7.7505114060404,7.75006453305334,6.93874114614178,7.75121161544852,15.5010228120808,15.5001290661067,16.3079829683561,11.816727436121
297.4,7.75,7.75,7.7505109547841,7.75006433654856,6.93873655848667,7.75121174514058,15.5010219095682,15.5001286730971,16.3080375122732,11.816725332606
297.5,7.75,7.75,7.75051050391187,7.75006414033811,6.93873197525949,7.75121187634363,15.5010210078237,15.5001282806762,16.3080920039536,11.8167232136279
297.6,7.75,7.75,7.75051005338315,7.75006394439076,6.93872739598955,7.75121200889565,15.5010201067663,15.5001278887815,16.3081464489497,11.8167210808455
297.7,7.75,7.75,7.75050960319783,7.75006374870633,6.9387228206734,7.75121214279427,15.5010192063957,15.5001274974127,16.3082008473018,11.8167189342835
297.8,7.75,7.75,7.75050915335582,7.75006355328464,6.93871824930758,7.75121227803711,15.5010183067116,15.5001271065693,16.3082551990503,11.8167167739668
297.9,7.75,7.75,7.75050870393096,7.75006335818203,6.93871368273801,7.7512124149101,15.5010174078619,15.5001267163641,16.308309494215,11.8167145969705
298,7.75,7.75,7.75050825488954,7.75006316337253,6.93870912057324,7.7512125532782,15.5010165097791,15.5001263267451,16.3083637374135,11.8167124046773
298.1,7.75,7.75,7.75050780619105,7.75006296882504,6.93870456234505,7.75121269298107,15.5010156123821,15.5001259376501,16.3084179341691,11.8167101987282
298.2,7.75,7.75,7.75050735783538,7.75006277453938,6.93870000805,7.75121283401637,15.5010147156708,15.5001255490788,16.3084720845222,11.8167079791479
298.3,7.75,7.75,7.75050690982243,7.75006258051537,6.93869545768466,7.75121297638174,15.5010138196449,15.5001251610307,16.3085261885127,11.8167057459609
298.4,7.75,7.75,7.75050646222593,7.7500623868091,6.93869091209053,7.75121312036008,15.5010129244519,15.5001247736182,16.3085802362122,11.816703496274
298.5,7.75,7.75,7.75050601501222,7.75006219339473,6.93868637087821,7.75121326581777,15.5010120300244,15.5001243867895,16.3086342322142,11.8167012314551
298.6,7.75,7.75,7.75050556814083,7.75006200024127,6.93868183358193,7.75121341259615,15.5010111362817,15.5001240004825,16.3086881820136,11.8166989531276
298.7,7.75,7.75,7.75050512161168,7.75006180734855,6.93867730019826,7.75121356069289,15.5010102432234,15.5001236146971,16.3087420856504,11.8166966613159
298.8,7.75,7.75,7.75050467542466,7.75006161471637,6.9386727707238,7.75121371010567,15.5010093508493,15.5001232294327,16.3087959431643,11.8166943560444
298.9,7.75,7.75,7.75050422965335,7.75006142240061,6.93866824599567,7.75121386111438,15.5010084593067,15.5001228448012,16.3088497446783,11.8166920344513
299,7.75,7.75,7.75050378426416,7.75006123037551,6.93866372562649,7.7512140135868,15.5010075685283,15.500122460751,16.3089034947619,11.8166896978897
299.1,7.75,7.75,7.7505033392167,7.75006103861023,6.93865920915291,7.75121416736595,15.5010066784334,15.5001220772205,16.3089571988818,11.8166873479656
299.2,7.75,7.75,7.75050289451086,7.75006084710458,6.93865469657155,7.75121432244951,15.5010057890217,15.5001216942092,16.3090108570776,11.8166849847032
299.3,7.75,7.75,7.75050245014654,7.75006065585837,6.93865018787901,7.75121447883518,15.5010049002931,15.5001213117167,16.309064469389,11.8166826081268
299.4,7.75,7.75,7.75050200619719,7.75006046492724,6.93864568390805,7.75121463679988,15.5010040123944,15.5001209298545,16.3091180259896,11.8166802154055
299.5,7.75,7.75,7.75050156262927,7.75006027428554,6.93864118427332,7.75121479621278,15.5010031252585,15.5001205485711,16.3091715314257,11.8166778078779
299.6,7.75,7.75,7.75050111940246,7.75006008390255,6.93863668851389,7.75121495691855,15.5010022388049,15.5001201678051,16.3092249911355,11.8166753871328
299.7,7.75,7.75,7.75050067651665,7.75005989377809,6.93863219662639,7.75121511891491,15.5010013530333,15.5001197875562,16.3092784051584,11.8166729531941
299.8,7.75,7.75,7.75050023397174,7.75005970391197,6.93862770860745,7.75121528219954,15.5010004679435,15.5001194078239,16.3093317735338,11.816670506086
299.9,7.75,7.75,7.75049979184105,7.75005951435957,6.93862322528548,7.75121544704645,15.5009995836821,15.5001190287191,16.3093850864862,11.8166680430083
300,7.75,7.75,7.75049935009107,7.75005932509537,6.93861874627716,7.75121561332616,15.5009987001821,15.5001186501907,16.3094383485381,11.8166655652853
300.1,7.75,7.75,7.75049890868157,7.75005913608877,6.93861427112394,7.75121578088501,15.5009978173631,15.5001182721775,16.3094915650999,11.8166630744885
300.2,7.75,7.75,7.75049846761245,7.75005894733959,6.93860979982249,7.75121594972071,15.5009969352249,15.5001178946792,16.3095447362105,11.8166605706418
300.3,7.75,7.75,7.75049802688359,7.75005875884764,6.93860533236946,7.75121611983099,15.5009960537672,15.5001175176953,16.3095978619092,11.8166580537689
300.4,7.75,7.75,7.75049758656816,7.75005857066807,6.93860086958893,7.7512162914869,15.5009951731363,15.5001171413361,16.3096509324711,11.8166555211004
300.5,7.75,7.75,7.75049714663274,7.75005838277545,6.93859641109958,7.75121646456036,15.5009942932655,15.5001167655509,16.3097039523951,11.8166529739463
300.6,7.75,7.75,7.75049670703715,7.75005819513931,6.93859195644528,7.75121663889933,15.5009934140743,15.5001163902786,16.3097569270635,11.816650413861
300.7,7.75,7.75,7.75049626778128,7.75005800775948,6.93858750562269,7.75121681450152,15.5009925355626,15.500116015519,16.3098098565154,11.8166478408682
300.8,7.75,7.75,7.75049582886503,7.75005782063577,6.93858305862849,7.75121699136469,15.5009916577301,15.5001156412715,16.3098627407896,11.8166452549913
300.9,7.75,7.75,7.75049539036143,7.75005763382308,6.93857861628248,7.75121716975701,15.5009907807229,15.5001152676462,16.3099155702113,11.8166426534916
301,7.75,7.75,7.75049495223709,7.75005744729609,6.93857417820532,7.75121734955173,15.5009899044742,15.5001148945922,16.3099683492563,11.8166400376645
301.1,7.75,7.75,7.75049451445193,7.75005726102448,6.93856974394325,7.75121753059842,15.5009890289039,15.500114522049,16.3100210832791,11.8166374090477
301.2,7.75,7.75,7.75049407700584,7.75005707500805,6.93856531349296,7.75121771289485,15.5009881540117,15.5001141500161,16.3100737723184,11.8166347676646
301.3,7.75,7.75,7.7504936398987,7.75005688924662,6.93856088685114,7.75121789643876,15.5009872797974,15.5001137784932,16.310126416413,11.8166321135387
301.4,7.75,7.75,7.7504932032034,7.75005670379485,6.93855646483333,7.75121808149545,15.5009864064068,15.5001134075897,16.3101790059378,11.8166294439609
301.5,7.75,7.75,7.75049276688662,7.75005651862754,6.93855204706218,7.75121826793952,15.5009855337732,15.5001130372551,16.3102315453456,11.8166267602129
301.6,7.75,7.75,7.75049233090835,7.75005633371447,6.93854763308629,7.75121845562216,15.5009846618167,15.5001126674289,16.3102840399631,11.8166240638155
301.7,7.75,7.75,7.75049189526848,7.75005614905548,6.93854322290235,7.75121864454112,15.500983790537,15.500112298111,16.310336489829,11.816621354792
301.8,7.75,7.75,7.75049145996689,7.75005596465036,6.93853881650709,7.75121883469419,15.5009829199338,15.5001119293007,16.3103888949816,11.8166186331655
301.9,7.75,7.75,7.7504910250763,7.75005578055354,6.9385344147118,7.75121902634381,15.5009820501526,15.5001115611071,16.3104412458456,11.8166158962569
302,7.75,7.75,7.75049059056349,7.75005559673992,6.9385300171411,7.7512192193659,15.500981181127,15.5001111934798,16.3104935468507,11.8166131453341
302.1,7.75,7.75,7.7504901563885,7.75005541317942,6.93852562334594,7.75121941361325,15.500980312777,15.5001108263588,16.3105458032963,11.816610381901
302.2,7.75,7.75,7.75048972255122,7.75005522987187,6.93852123332303,7.75121960908364,15.5009794451024,15.5001104597437,16.3105980152207,11.8166076059806
302.3,7.75,7.75,7.75048928905153,7.75005504681707,6.9385168470691,7.75121980577487,15.5009785781031,15.5001100936341,16.3106501826621,11.8166048175962
302.4,7.75,7.75,7.75048885596202,7.7500548640692,6.93851246539127,7.75122000394653,15.500977711924,15.5001097281384,16.3107022960942,11.8166020140982
302.5,7.75,7.75,7.75048842324951,7.75005468160326,6.93850808791607,7.75122020347589,15.500976846499,15.5001093632065,16.3107543599242,11.8165991967404
302.6,7.75,7.75,7.75048799087413,7.75005449938933,6.9385037141968,7.75122040421731,15.5009759817483,15.5001089987787,16.310806379424,11.8165963670103
302.7,7.75,7.75,7.75048755883576,7.75005431742722,6.9384993442302,7.75122060616858,15.5009751176715,15.5001086348544,16.3108583546317,11.816593524931
302.8,7.75,7.75,7.75048712713429,7.75005413571673,6.93849497801301,7.75122080932752,15.5009742542686,15.5001082714335,16.3109102855854,11.8165906705252
302.9,7.75,7.75,7.75048669584215,7.75005395431179,6.93849061634816,7.75122101395093,15.5009733916843,15.5001079086236,16.3109621628077,11.8165878011729
303,7.75,7.75,7.75048626492621,7.75005377318753,6.93848625886413,7.75122121991738,15.5009725298524,15.5001075463751,16.3110139906831,11.8165849181142
303.1,7.75,7.75,7.7504858343467,7.75005359231414,6.93848190511653,7.75122142708278,15.5009716686934,15.5001071846283,16.3110657744562,11.8165820228202
303.2,7.75,7.75,7.7504854041035,7.75005341169144,6.93847755510213,7.75122163544496,15.500970808207,15.5001068233829,16.3111175141651,11.8165791153136
303.3,7.75,7.75,7.75048497419649,7.75005323131923,6.93847320881769,7.75122184500175,15.500969948393,15.5001064626385,16.3111692098475,11.8165761956171
303.4,7.75,7.75,7.75048454469793,7.75005305125121,6.93846886706196,7.75122205600715,15.5009690893959,15.5001061025024,16.311220852075,11.8165732611399
303.5,7.75,7.75,7.75048411557479,7.75005287146259,6.93846452946536,7.75122226834106,15.5009682311496,15.5001057429252,16.3112724452091,11.8165703131082
303.6,7.75,7.75,7.75048368678736,7.75005269192371,6.93846019558582,7.75122248186092,15.5009673735747,15.5001053838474,16.3113239944678,11.8165673529772
303.7,7.75,7.75,7.75048325833551,7.75005251263438,6.93845586542011,7.7512226965646,15.500966516671,15.5001050252688,16.3113754998887,11.8165643807692
303.8,7.75,7.75,7.75048283021914,7.75005233359441,6.93845153896501,7.75122291244993,15.5009656604383,15.5001046671888,16.3114269615094,11.8165613965068
303.9,7.75,7.75,7.75048240251034,7.75005215485724,6.93844721701514,7.75122312976815,15.5009648050207,15.5001043097145,16.3114783699499,11.816558397628
304,7.75,7.75,7.75048197517615,7.75005197639821,6.93844289920285,7.75122334840045,15.5009639503523,15.5001039527964,16.3115297295493,11.8165553853457
304.1,7.75,7.75,7.75048154817694,7.75005179818779,6.93843858508835,7.75122356820582,15.5009630963539,15.5001035963756,16.3115810454987,11.8165523610987
304.2,7.75,7.75,7.75048112151259,7.75005162022578,6.93843427466842,7.75122378918214,15.5009622430252,15.5001032404516,16.3116323178355,11.8165493249093
304.3,7.75,7.75,7.75048069518297,7.750051442512,6.93842996793988,7.75122401132726,15.5009613903659,15.500102885024,16.3116835465972,11.8165462767999
304.4,7.75,7.75,7.75048026926005,7.75005126509963,6.93842566569322,7.75122423488968,15.5009605385201,15.5001025301993,16.3117347224517,11.8165432142371
304.5,7.75,7.75,7.7504798437109,7.75005108796413,6.9384213675627,7.75122445975186,15.5009596874218,15.5001021759283,16.311785849716,11.8165401384204
304.6,7.75,7.75,7.75047941849599,7.7500509110761,6.9384170731108,7.75122468577434,15.500958836992,15.5001018221522,16.3118369335544,11.8165370507727
304.7,7.75,7.75,7.75047899361521,7.75005073443534,6.93841278233435,7.75122491295499,15.5009579872304,15.5001014688707,16.3118879740042,11.816533951316
304.8,7.75,7.75,7.75047856906842,7.75005055804167,6.93840849523017,7.7512251412917,15.5009571381368,15.5001011160833,16.3119389711025,11.8165308400727
304.9,7.75,7.75,7.75047814492741,7.75005038194803,6.93840421258465,7.75122537103024,15.5009562898548,15.5001007638961,16.3119899155652,11.8165277145376
305,7.75,7.75,7.75047772115935,7.75005020612998,6.93839993403396,7.75122560205436,15.5009554423187,15.50010041226,16.312040811687,11.8165245758971
305.1,7.75,7.75,7.75047729772478,7.75005003055826,6.93839565914285,7.75122583422609,15.5009545954496,15.5001000611165,16.3120916646058,11.8165214255581
305.2,7.75,7.75,7.75047687462358,7.75004985523267,6.93839138790815,7.75122606754333,15.5009537492472,15.5000997104653,16.3121424743586,11.8165182635426
305.3,7.75,7.75,7.75047645185563,7.75004968015303,6.93838712032671,7.75122630200399,15.5009529037113,15.5000993603061,16.3121932409824,11.8165150898726
305.4,7.75,7.75,7.75047602949254,7.75004950537203,6.93838285718087,7.75122653785113,15.5009520589851,15.5000990107441,16.3122439552405,11.8165119020713
305.5,7.75,7.75,7.75047560750154,7.75004933086535,6.93837859810865,7.75122677496977,15.5009512150031,15.5000986617307,16.3122946214058,11.8165087013118
305.6,7.75,7.75,7.75047518584329,7.75004915660385,6.93837434267709,7.75122701322344,15.5009503716866,15.5000983132077,16.3123452445896,11.8165054889852
305.7,7.75,7.75,7.75047476451764,7.75004898258733,6.93837009088302,7.75122725261007,15.5009495290353,15.5000979651747,16.3123958248288,11.8165022651135
305.8,7.75,7.75,7.75047434352447,7.75004880881562,6.9383658427233,7.75122749312757,15.5009486870489,15.5000976176312,16.31244636216,11.8164990297183
305.9,7.75,7.75,7.75047392293524,7.75004863534117,6.93836159897624,7.75122773501633,15.5009478458705,15.5000972706823,16.3124968473942,11.8164957803511
306,7.75,7.75,7.75047350271724,7.75004846213974,6.93835735928175,7.75122797816263,15.5009470054345,15.5000969242795,16.3125472847819,11.8164925181715
306.1,7.75,7.75,7.75047308283122,7.75004828918236,6.93835312320907,7.75122822243148,15.5009461656624,15.5000965783647,16.3125976794086,11.8164892445554
306.2,7.75,7.75,7.75047266327703,7.75004811646882,6.93834889075509,7.75122846782084,15.5009453265541,15.5000962329376,16.3126480313106,11.8164859595244
306.3,7.75,7.75,7.75047224405454,7.75004794399893,6.93834466191667,7.75122871432862,15.5009444881091,15.5000958879979,16.3126983405246,11.8164826631
306.4,7.75,7.75,7.75047182523505,7.75004777182491,6.93834043746809,7.75122896219257,15.5009436504701,15.5000955436498,16.3127485979085,11.8164793528613
306.5,7.75,7.75,7.75047140678594,7.75004759992264,6.93833621705113,7.7512292113002,15.5009428135719,15.5000951998453,16.312798807691,11.8164760299552
306.6,7.75,7.75,7.75047098866801,7.75004742826325,6.93833200023727,7.75122946151802,15.500941977336,15.5000948565265,16.3128489749315,11.8164726957419
306.7,7.75,7.75,7.75047057088113,7.75004725684657,6.93832778702341,7.75122971284397,15.5009411417623,15.5000945136931,16.3128990996662,11.8164693502428
306.8,7.75,7.75,7.75047015342519,7.75004708567239,6.93832357740642,7.75122996527601,15.5009403068504,15.5000941713448,16.3129491819315,11.8164659934794
306.9,7.75,7.75,7.75046973637128,7.75004691479268,6.9383193721566,7.75123021904926,15.5009394727426,15.5000938295854,16.3129992126321,11.8164626230582
307,7.75,7.75,7.75046931968686,7.75004674418343,6.93831517091758,7.75123047405242,15.5009386393737,15.5000934883669,16.3130491959751,11.8164592401133
307.1,7.75,7.75,7.75046890333285,7.75004657381593,6.93831097326304,7.75123073015351,15.5009378066657,15.5000931476319,16.3130991369938,11.8164558459895
307.2,7.75,7.75,7.7504684873091,7.75004640368997,6.93830677918991,7.75123098735047,15.5009369746182,15.5000928073799,16.3131490357243,11.816452440708
307.3,7.75,7.75,7.75046807161548,7.75004623380538,6.93830258869508,7.75123124564129,15.500936143231,15.5000924676108,16.3131988922028,11.8164490242902
307.4,7.75,7.75,7.75046765632294,7.75004606421385,6.93829840254488,7.75123150525845,15.5009353126459,15.5000921284277,16.3132486973804,11.8164455943699
307.5,7.75,7.75,7.750467241399,7.7500458948915,6.93829422038476,7.7512317660919,15.500934482798,15.500091789783,16.3132984554427,11.8164421520683
307.6,7.75,7.75,7.75046682680466,7.75004572580974,6.93829004179063,7.75123202801109,15.5009336536093,15.5000914516195,16.3133481713973,11.8164386987151
307.7,7.75,7.75,7.75046641253979,7.75004555696838,6.93828586675942,7.75123229101401,15.5009328250796,15.5000911139368,16.3133978452801,11.8164352343314
307.8,7.75,7.75,7.75046599860425,7.75004538836723,6.93828169528805,7.75123255509864,15.5009319972085,15.5000907767345,16.3134474771269,11.8164317589382
307.9,7.75,7.75,7.75046558506881,7.75004522005775,6.93827752813888,7.75123282049487,15.5009311701376,15.5000904401155,16.3134970579353,11.8164282701965
308,7.75,7.75,7.75046517190107,7.75004505201616,6.93827336495921,7.75123308709389,15.5009303438021,15.5000901040323,16.3135465918693,11.8164247692149
308.1,7.75,7.75,7.75046475906213,7.750044884214,6.93826920532714,7.75123335476657,15.5009295181243,15.500089768428,16.3135960839109,11.8164212573079
308.2,7.75,7.75,7.75046434655184,7.75004471665109,6.93826504923961,7.75123362351091,15.5009286931037,15.5000894333022,16.3136455340957,11.8164177344964
308.3,7.75,7.75,7.75046393437008,7.75004454932724,6.93826089669356,7.75123389332491,15.5009278687402,15.5000890986545,16.3136949424596,11.8164142008014
308.4,7.75,7.75,7.75046352258743,7.75004438229366,6.93825674844742,7.75123416443591,15.5009270451749,15.5000887645873,16.3137443000458,11.8164106539106
308.5,7.75,7.75,7.75046311117157,7.75004421552667,6.93825260415032,7.75123443673627,15.5009262223431,15.5000884310533,16.3137936109972,11.8164070949201
308.6,7.75,7.75,7.75046270008369,7.75004404899798,6.93824846338253,7.75123471009833,15.5009254001674,15.500088097996,16.3138428802703,11.8164035251294
308.7,7.75,7.75,7.75046228932365,7.75004388270737,6.938244326141,7.75123498452008,15.5009245786473,15.5000877654147,16.3138921079005,11.8163999445592
308.8,7.75,7.75,7.75046187889131,7.75004371665467,6.93824019242271,7.75123525999954,15.5009237577826,15.5000874333093,16.3139412939233,11.8163963532304
308.9,7.75,7.75,7.75046146885709,7.75004355089083,6.93823606298216,7.75123553676152,15.5009229377142,15.5000871017817,16.313990429428,11.8163927488573
309,7.75,7.75,7.75046105918875,7.7500433853923,6.9382319374703,7.75123581469955,15.5009221183775,15.5000867707846,16.314039518536,11.8163891325235
309.1,7.75,7.75,7.75046064984755,7.75004322013091,6.93822781546957,7.75123609368739,15.5009212996951,15.5000864402618,16.3140885661785,11.8163855055137
309.2,7.75,7.75,7.75046024083337,7.75004305510645,6.93822369697694,7.75123637372306,15.5009204816667,15.5000861102129,16.3141375723908,11.8163818678485
309.3,7.75,7.75,7.75045983214606,7.75004289031873,6.93821958198939,7.75123665480459,15.5009196642921,15.5000857806375,16.3141865372082,11.8163782195485
309.4,7.75,7.75,7.75045942385587,7.75004272581848,6.93821547125755,7.75123693715426,15.5009188477117,15.500085451637,16.3142354517653,11.8163745583544
309.5,7.75,7.75,7.75045901593061,7.75004256158225,6.93821136443418,7.75123722066679,15.5009180318612,15.5000851231645,16.3142843201627,11.8163708853376
309.6,7.75,7.75,7.75045860833168,7.75004239758199,6.93820726110385,7.75123750521734,15.5009172166634,15.500084795164,16.3143331473061,11.8163672017679
309.7,7.75,7.75,7.75045820105893,7.75004223381751,6.93820316126356,7.75123779080396,15.5009164021179,15.500084467635,16.3143819332307,11.8163635076658
309.8,7.75,7.75,7.75045779411222,7.75004207028863,6.93819906491031,7.75123807742469,15.5009155882244,15.5000841405773,16.3144306779717,11.8163598030517
309.9,7.75,7.75,7.75045738756159,7.75004190704579,6.93819497279087,7.75123836529928,15.5009147751232,15.5000838140916,16.3144793727088,11.8163560856926
310,7.75,7.75,7.75045698137497,7.75004174406569,6.93819088455977,7.75123865432366,15.5009139627499,15.5000834881314,16.3145280215217,11.8163523566476
310.1,7.75,7.75,7.75045657551384,7.7500415813204,6.93818679980375,7.75123894437436,15.5009131510277,15.5000831626408,16.3145766292911,11.8163486171718
310.2,7.75,7.75,7.75045616997803,7.75004141880974,6.93818271851981,7.75123923544946,15.5009123399561,15.5000828376195,16.3146251960519,11.8163448672857
310.3,7.75,7.75,7.75045576476743,7.75004125653351,6.93817864070497,7.75123952754701,15.5009115295349,15.500082513067,16.3146737218391,11.8163411070093
310.4,7.75,7.75,7.75045535995189,7.75004109454193,6.93817456710216,7.75123982088428,15.5009107199038,15.5000821890839,16.3147221978773,11.8163373341359
310.5,7.75,7.75,7.7504549554994,7.75004093281179,6.93817049736769,7.75124011535835,15.5009099109988,15.5000818656236,16.3147706282255,11.8163335497121
310.6,7.75,7.75,7.75045455137155,7.7500407713153,6.93816643109043,7.75124041084716,15.5009091027431,15.5000815426306,16.3148190177394,11.8163297549788
310.7,7.75,7.75,7.75045414756818,7.75004061005228,6.93816236826739,7.75124070734878,15.5009082951364,15.5000812201046,16.3148673664538,11.816325949956
310.8,7.75,7.75,7.75045374408916,7.75004044902254,6.93815830889562,7.75124100486128,15.5009074881783,15.5000808980451,16.3149156744033,11.816322134664
310.9,7.75,7.75,7.75045334100417,7.75004028827603,6.93815425371422,7.75124130359949,15.5009066820083,15.5000805765521,16.3149639328575,11.8163183069214
311,7.75,7.75,7.75045293828127,7.75004012778967,6.93815020238129,7.75124160346161,15.5009058765625,15.5000802555793,16.3150121458544,11.816314467763
311.1,7.75,7.75,7.75045253588215,7.75003996753581,6.93814615448779,7.75124190432697,15.5009050717643,15.5000799350716,16.315060318225,11.8163106184153
311.2,7.75,7.75,7.75045213380665,7.75003980751426,6.93814211003077,7.75124220619365,15.5009042676133,15.5000796150285,16.315108450004,11.8163067588982
311.3,7.75,7.75,7.75045173205465,7.75003964772482,6.93813806900727,7.75124250905976,15.5009034641093,15.5000792954496,16.3151565412258,11.8163028892317
311.4,7.75,7.75,7.75045133069562,7.75003948821722,6.93813403215263,7.75124281313764,15.5009026613912,15.5000789764344,16.3152045832043,11.81629900726
311.5,7.75,7.75,7.75045092969773,7.75003932896846,6.93812999912668,7.75124311832668,15.5009018593955,15.5000786579369,16.3152525799569,11.8162951140059
311.6,7.75,7.75,7.75045052902274,7.75003916995105,6.93812596952249,7.75124342450755,15.5009010580455,15.5000783399021,16.3153005362902,11.8162912106818
311.7,7.75,7.75,7.75045012867053,7.75003901116479,6.93812194333713,7.75124373167835,15.5009002573411,15.5000780223296,16.3153484522385,11.8162872973072
311.8,7.75,7.75,7.75044972864093,7.75003885260948,6.93811792056767,7.75124403983719,15.5008994572819,15.500077705219,16.315396327836,11.8162833739021
311.9,7.75,7.75,7.75044932900325,7.75003869433459,6.93811390194565,7.75124434919401,15.5008986580065,15.5000773886692,16.3154441544409,11.8162794383361
312,7.75,7.75,7.75044892972574,7.75003853631726,6.93810988713267,7.75124465964932,15.5008978594515,15.5000770726345,16.3154919360501,11.81627549162
312.1,7.75,7.75,7.75044853077026,7.75003837853011,6.93810587572389,7.75124497108513,15.5008970615405,15.5000767570602,16.3155396774456,11.8162715349521
312.2,7.75,7.75,7.75044813213668,7.75003822097295,6.9381018677164,7.75124528349959,15.5008962642734,15.5000764419459,16.3155873786615,11.8162675683518
312.3,7.75,7.75,7.75044773382484,7.75003806364559,6.93809786310727,7.75124559689081,15.5008954676497,15.5000761272912,16.3156350397321,11.8162635918389
312.4,7.75,7.75,7.75044733590386,7.75003790659724,6.9380938626243,7.75124591146631,15.5008946718077,15.5000758131945,16.3156826520591,11.8162596033081
312.5,7.75,7.75,7.75044693834206,7.75003774980515,6.93808986593082,7.75124622712774,15.5008938766841,15.5000754996103,16.3157302196194,11.8162556037585
312.6,7.75,7.75,7.75044654110142,7.75003759324209,6.93808587262408,7.75124654375846,15.5008930822028,15.5000751864842,16.3157777471704,11.8162515943743
312.7,7.75,7.75,7.75044614418179,7.75003743690785,6.93808188270118,7.75124686135661,15.5008922883636,15.5000748738157,16.3158252347462,11.8162475751749
312.8,7.75,7.75,7.75044574758303,7.75003728080225,6.93807789615921,7.75124717992033,15.5008914951661,15.5000745616045,16.3158726823807,11.8162435461797
312.9,7.75,7.75,7.75044535137405,7.75003712497426,6.93807391372225,7.75124749965475,15.5008907027481,15.5000742499485,16.3159200815196,11.8162395053085
313,7.75,7.75,7.75044495552326,7.75003696940122,6.93806993505535,7.75124782046263,15.5008899110465,15.5000739388024,16.3159674361191,11.8162354535488
313.1,7.75,7.75,7.75044455999275,7.75003681405606,6.93806595975782,7.75124814222868,15.5008891199855,15.5000736281121,16.3160147509128,11.8162313920707
313.2,7.75,7.75,7.75044416478237,7.75003665893856,6.93806198782678,7.75124846495105,15.5008883295647,15.5000733178771,16.3160620259344,11.8162273208936
313.3,7.75,7.75,7.75044376989195,7.75003650404854,6.93805801925935,7.75124878862788,15.5008875397839,15.5000730080971,16.3161092612177,11.8162232400366
313.4,7.75,7.75,7.75044337539025,7.75003634943471,6.93805405477589,7.75124911346195,15.5008867507805,15.5000726988694,16.3161564482516,11.8162191474443
313.5,7.75,7.75,7.75044298124574,7.75003619507455,6.93805009404317,7.75124943935712,15.5008859624915,15.5000723901491,16.3162035909726,11.8162150440926
313.6,7.75,7.75,7.75044258742061,7.7500360409411,6.93804613666255,7.75124976619942,15.5008851748412,15.5000720818822,16.3162506940899,11.8162109311379
313.7,7.75,7.75,7.75044219391471,7.75003588703415,6.93804218263118,7.75125009398701,15.5008843878294,15.5000717740683,16.316297757637,11.8162068085993
313.8,7.75,7.75,7.7504418007279,7.75003573335353,6.93803823194619,7.75125042271805,15.5008836014558,15.5000714667071,16.3163447816476,11.8162026764958
313.9,7.75,7.75,7.75044140792869,7.75003557994768,6.93803428532424,7.75125075259298,15.5008828158574,15.5000711598954,16.3163917576539,11.8161985327967
314,7.75,7.75,7.75044101548569,7.75003542679421,6.93803034243383,7.75125108351676,15.5008820309714,15.5000708535884,16.3164386895722,11.8161943784662
314.1,7.75,7.75,7.75044062336116,7.75003527386628,6.93802640287836,7.7512514153767,15.5008812467223,15.5000705477326,16.3164855820879,11.816190214647
314.2,7.75,7.75,7.75044023155497,7.75003512116371,6.93802246665499,7.75125174817101,15.5008804631099,15.5000702423274,16.3165324352342,11.8161860413581
314.3,7.75,7.75,7.75043984006695,7.75003496868629,6.93801853376087,7.75125208189785,15.5008796801339,15.5000699373726,16.3165792490447,11.8161818586185
314.4,7.75,7.75,7.75043944896546,7.75003481648225,6.93801460490899,7.75125241675532,15.5008788979309,15.5000696329645,16.3166260150944,11.8161776644216
314.5,7.75,7.75,7.75043905821915,7.75003466452928,6.93801067976955,7.75125275264948,15.5008781164383,15.5000693290586,16.3166727372798,11.8161734597204
314.6,7.75,7.75,7.75043866779041,7.7500345128007,6.93800675794799,7.75125308946896,15.5008773355808,15.5000690256014,16.3167194202625,11.8161692456439
314.7,7.75,7.75,7.7504382776791,7.75003436129631,6.93800283944147,7.75125342721194,15.5008765553582,15.5000687225926,16.3167660640756,11.8161650222111
314.8,7.75,7.75,7.75043788788506,7.75003421001591,6.93799892424717,7.75125376587664,15.5008757757701,15.5000684200318,16.3168126687523,11.8161607894406
314.9,7.75,7.75,7.75043749847643,7.75003405900749,6.93799501307444,7.75125410565883,15.5008749969529,15.500068118015,16.3168592259105,11.8161565453501
315,7.75,7.75,7.75043710942197,7.75003390824884,6.93799110559516,7.75125444646564,15.5008742188439,15.5000678164977,16.3169057394268,11.8161522908812
315.1,7.75,7.75,7.75043672068417,7.75003375771342,6.93798720141679,7.751254788187,15.5008734413683,15.5000675154268,16.3169522139391,11.8161480271496
315.2,7.75,7.75,7.75043633226289,7.75003360740103,6.93798330053651,7.75125513082111,15.5008726645258,15.5000672148021,16.3169986494804,11.816143754174
315.3,7.75,7.75,7.75043594415797,7.75003345731148,6.93797940295151,7.7512554743662,15.5008718883159,15.500066914623,16.3170450460837,11.816139471973
315.4,7.75,7.75,7.75043555643734,7.75003330749249,6.93797550936751,7.75125581901574,15.5008711128747,15.500066614985,16.3170913954093,11.816135178588
315.5,7.75,7.75,7.75043516906986,7.75003315792198,6.93797161945809,7.75125616467794,15.5008703381397,15.500066315844,16.3171377013142,11.8161308749496
315.6,7.75,7.75,7.75043478201813,7.75003300857354,6.93796773283271,7.75125651124401,15.5008695640363,15.5000660171471,16.3171839684127,11.8161265621601
315.7,7.75,7.75,7.75043439528199,7.75003285944697,6.93796384948857,7.75125685871217,15.500868790564,15.5000657188939,16.3172301967376,11.8161222402379
315.8,7.75,7.75,7.75043400886129,7.75003271054209,6.93795996942286,7.75125720708064,15.5008680177226,15.5000654210842,16.3172763863218,11.8161179092017
315.9,7.75,7.75,7.75043362282377,7.75003256190636,6.93795609333772,7.75125755654064,15.5008672456475,15.5000651238127,16.3173225288678,11.8161135671165
316,7.75,7.75,7.75043323713836,7.75003241351781,6.93795222090839,7.75125790700145,15.5008664742767,15.5000648270356,16.317368628213,11.8161092149018
316.1,7.75,7.75,7.75043285176778,7.75003226535017,6.93794835174631,7.75125825835552,15.5008657035356,15.5000645307003,16.3174146889482,11.8161048536466
316.2,7.75,7.75,7.75043246671186,7.75003211740324,6.93794448584872,7.7512586106011,15.5008649334237,15.5000642348065,16.3174607111063,11.8161004833693
316.3,7.75,7.75,7.75043208197046,7.75003196967684,6.93794062321282,7.75125896373643,15.5008641639409,15.5000639393537,16.3175066947197,11.8160961040882
316.4,7.75,7.75,7.75043169761112,7.75003182221819,6.93793676453716,7.75125931795047,15.5008633952222,15.5000636444364,16.3175526315331,11.8160917138922
316.5,7.75,7.75,7.75043131360284,7.75003167500542,6.93793290949865,7.75125967315355,15.5008626272057,15.5000633500108,16.3175985253643,11.8160873136894
316.6,7.75,7.75,7.75043092990847,7.75003152801241,6.93792905771071,7.75126002923938,15.5008618598169,15.5000630560248,16.3176443807809,11.816082904556
316.7,7.75,7.75,7.75043054652783,7.75003138123896,6.9379252091706,7.75126038620623,15.5008610930557,15.5000627624779,16.3176901978156,11.81607848651
316.8,7.75,7.75,7.75043016346078,7.75003123468487,6.93792136387553,7.75126074405236,15.5008603269216,15.5000624693697,16.3177359765007,11.8160740595697
316.9,7.75,7.75,7.75042978077465,7.75003108839712,6.9379175225205,7.75126110296448,15.5008595615493,15.5000621767942,16.3177817086225,11.8160696218472
317,7.75,7.75,7.75042939843855,7.75003094235396,6.93791368478404,7.75126146285396,15.5008587968771,15.5000618847079,16.3178273979795,11.8160651742399
317.1,7.75,7.75,7.75042901641541,7.7500307965294,6.93790985028159,7.75126182361579,15.5008580328308,15.5000615930588,16.3178730491163,11.8160607178107
317.2,7.75,7.75,7.75042863470508,7.75003065092325,6.93790601901039,7.75126218524822,15.5008572694102,15.5000613018465,16.3179186620652,11.8160562525777
317.3,7.75,7.75,7.75042825330739,7.7500305055353,6.93790219096769,7.75126254774952,15.5008565066148,15.5000610110706,16.3179642368584,11.8160517785589
317.4,7.75,7.75,7.75042787228949,7.75003036041229,6.93789836684492,7.75126291130422,15.500855744579,15.5000607208246,16.3180097653237,11.8160472938896
317.5,7.75,7.75,7.75042749162056,7.75003021553258,6.93789454632229,7.7512632758247,15.5008549832411,15.5000604310652,16.3180552512405,11.8160427994564
317.6,7.75,7.75,7.75042711126366,7.7500300708703,6.93789072901717,7.75126364120719,15.5008542225273,15.5000601417406,16.3181006991302,11.8160382963092
317.7,7.75,7.75,7.75042673121862,7.75002992642528,6.93788691492683,7.75126400744996,15.5008534624372,15.5000598528506,16.318146109025,11.816033784466
317.8,7.75,7.75,7.75042635148529,7.75002978219731,6.93788310404853,7.7512643745513,15.5008527029706,15.5000595643946,16.318191480957,11.8160292639446
317.9,7.75,7.75,7.7504259721306,7.75002963823286,6.93787929707019,7.75126474269352,15.5008519442612,15.5000592764657,16.3182368067952,11.8160247329033
318,7.75,7.75,7.75042559312383,7.75002949451043,6.93787549367364,7.75126511179006,15.5008511862477,15.5000589890209,16.3182820902997,11.816020192218
318.1,7.75,7.75,7.75042521442814,7.75002935100428,6.9378716934782,7.75126548173835,15.5008504288563,15.5000587020086,16.3183273359694,11.8160156429257
318.2,7.75,7.75,7.75042483604337,7.75002920771422,6.93786789648117,7.75126585253668,15.5008496720867,15.5000584154284,16.318372543836,11.8160110850444
318.3,7.75,7.75,7.75042445796936,7.75002906464006,6.93786410267981,7.75126622418336,15.5008489159387,15.5000581292801,16.3184177139315,11.8160065185916
318.4,7.75,7.75,7.75042408027283,7.75002892182803,6.93786031275855,7.75126659685852,15.5008481605457,15.5000578436561,16.318462838166,11.8160019417484
318.5,7.75,7.75,7.75042370292317,7.75002877925672,6.93785652640083,7.75126697047661,15.5008474058463,15.5000575585134,16.3185079202806,11.8159973553801
318.6,7.75,7.75,7.75042332588363,7.75002863690053,6.93785274322794,7.75126734493627,15.5008466517673,15.5000572738011,16.3185529647513,11.8159927605109
318.7,7.75,7.75,7.75042294915407,7.75002849475929,6.93784896323715,7.75126772023584,15.5008458983081,15.5000569895186,16.3185979716099,11.8159881571587
318.8,7.75,7.75,7.75042257273431,7.75002835283279,6.93784518642578,7.75126809637361,15.5008451454686,15.5000567056656,16.3186429408879,11.815983545341
318.9,7.75,7.75,7.75042219669088,7.750028211167,6.93784141347475,7.75126847352756,15.5008443933818,15.500056422334,16.3186878645364,11.8159789232613
319,7.75,7.75,7.75042182099325,7.75002806974066,6.93783764406913,7.75126885161315,15.5008436419865,15.5000561394813,16.3187327462775,11.8159742917743
319.1,7.75,7.75,7.75042144560479,7.75002792852829,6.93783387783212,7.75126923053023,15.5008428912096,15.5000558570566,16.3187775905647,11.8159696518918
319.2,7.75,7.75,7.75042107052534,7.7500277875297,6.93783011476104,7.75126961027715,15.5008421410507,15.5000555750594,16.3188223974294,11.8159650036314
319.3,7.75,7.75,7.75042069575475,7.75002764674471,6.93782635485319,7.75126999085221,15.5008413915095,15.5000552934894,16.3188671669032,11.8159603470104
319.4,7.75,7.75,7.75042032135932,7.75002750621903,6.93782259878604,7.75127037243125,15.5008406427186,15.5000550124381,16.3189118909776,11.8159556802549
319.5,7.75,7.75,7.75041994730862,7.7500273659315,6.93781884624627,7.75127075493073,15.5008398946172,15.500054731863,16.318956573356,11.8159510042089
319.6,7.75,7.75,7.75041957356613,7.7500272258568,6.937815096859,7.75127113825171,15.5008391471323,15.5000544517136,16.3190012184692,11.8159463198719
319.7,7.75,7.75,7.7504192001317,7.75002708599473,6.93781135062155,7.75127152239253,15.5008384002634,15.5000541719895,16.3190458263487,11.8159416272612
319.8,7.75,7.75,7.75041882700516,7.7500269463451,6.93780760753125,7.75127190735153,15.5008376540103,15.5000538926902,16.3190903970258,11.815936926394
319.9,7.75,7.75,7.75041845425261,7.75002680695339,6.93780386826213,7.7512722933024,15.5008369085052,15.5000536139068,16.3191349225323,11.8159322155187
320,7.75,7.75,7.75041808184372,7.75002666779854,6.93780013250245,7.75127268016261,15.5008361636874,15.5000533355971,16.3191794065529,11.8159274954688
320.1,7.75,7.75,7.75041770974207,7.75002652885536,6.93779639987925,7.75127306783441,15.5008354194841,15.5000530577107,16.3192238534962,11.8159227672314
320.2,7.75,7.75,7.75041733794752,7.75002639012366,6.93779267038986,7.75127345631614,15.500834675895,15.5000527802473,16.3192682633933,11.8159180308237
320.3,7.75,7.75,7.75041696645989,7.75002625160326,6.93778894403163,7.75127384560616,15.5008339329198,15.5000525032065,16.3193126362754,11.8159132862629
320.4,7.75,7.75,7.75041659534508,7.75002611333938,6.93778522147517,7.75127423587604,15.5008331906902,15.5000522266788,16.3193569642146,11.8159085318191
320.5,7.75,7.75,7.75041622457285,7.75002597531107,6.93778150241032,7.75127462704426,15.5008324491457,15.5000519506221,16.3194012508767,11.8159037683158
320.6,7.75,7.75,7.7504158541069,7.75002583749328,6.93777778646602,7.75127501901423,15.5008317082138,15.5000516749866,16.3194455006483,11.8158989967276
320.7,7.75,7.75,7.75041548394706,7.75002569988583,6.93777407363961,7.7512754117843,15.5008309678941,15.5000513997717,16.3194897135602,11.8158942170717
320.8,7.75,7.75,7.75041511409319,7.75002556248852,6.93777036392847,7.75127580535286,15.5008302281864,15.500051124977,16.3195338896436,11.815889429365
320.9,7.75,7.75,7.75041474461095,7.75002542534634,6.93776665799978,7.75127619988939,15.5008294892219,15.5000508506927,16.3195780210102,11.8158846318996
321,7.75,7.75,7.75041437547021,7.75002528843845,6.93776295554498,7.75127659531332,15.5008287509404,15.5000505768769,16.3196221113076,11.8158798254887
321.1,7.75,7.75,7.75041400663477,7.75002515173993,6.93775925619489,7.75127699152925,15.5008280132695,15.5000503034799,16.3196661649001,11.8158750110947
321.2,7.75,7.75,7.75041363810448,7.7500250152506,6.93775555994687,7.75127738853555,15.500827276209,15.5000500305012,16.3197101818185,11.8158701887347
321.3,7.75,7.75,7.75041326987917,7.75002487897027,6.93775186679829,7.7512777863306,15.5008265397583,15.5000497579405,16.3197541620936,11.8158653584255
321.4,7.75,7.75,7.75041290202433,7.75002474294367,6.93774817741298,7.75127818508182,15.5008258040487,15.5000494858873,16.319798097877,11.8158605184808
321.5,7.75,7.75,7.75041253450988,7.75002460715007,6.93774449148394,7.75127858470961,15.5008250690198,15.5000492143001,16.3198419927977,11.8158556697035
321.6,7.75,7.75,7.75041216729976,7.75002447156471,6.93774080864385,7.75127898511972,15.5008243345995,15.5000489431294,16.3198858511982,11.8158508130443
321.7,7.75,7.75,7.75041180039381,7.75002433618739,6.93773712889009,7.75127938631054,15.5008236007876,15.5000486723748,16.319929673109,11.8158459485198
321.8,7.75,7.75,7.75041143379187,7.75002420101791,6.93773345222006,7.75127978828047,15.5008228675837,15.5000484020358,16.3199734585608,11.8158410761468
321.9,7.75,7.75,7.7504110675592,7.75002406610077,6.93772977929421,7.75128019119486,15.5008221351184,15.5000481322015,16.3200171997445,11.8158361942605
322,7.75,7.75,7.75041070166584,7.75002393141537,6.9377261098071,7.75128059497509,15.5008214033317,15.5000478628307,16.3200609002711,11.8158313036538
322.1,7.75,7.75,7.75041033607582,7.75002379693705,6.93772244339328,7.75128099952804,15.5008206721516,15.5000475938741,16.320104564461,11.8158264052652
322.2,7.75,7.75,7.750409970789,7.75002366266562,6.93771878005016,7.75128140485212,15.500819941578,15.5000473253312,16.3201481923446,11.8158214991114
322.3,7.75,7.75,7.7504096058052,7.7500235286009,6.93771511977512,7.75128181094573,15.5008192116104,15.5000470572018,16.3201917839525,11.8158165852089
322.4,7.75,7.75,7.75040924118948,7.75002339478713,6.9377114632253,7.7512822179722,15.500818482379,15.5000467895743,16.3202353315148,11.8158116619142
322.5,7.75,7.75,7.75040887691196,7.75002326120381,6.93770781009678,7.75128262585386,15.5008177538239,15.5000465224076,16.3202788386242,11.8158067300104
322.6,7.75,7.75,7.75040851293681,7.75002312782643,6.93770416002599,7.75128303449872,15.5008170258736,15.5000462556529,16.3203223095794,11.815801790424
322.7,7.75,7.75,7.75040814926387,7.7500229946548,6.93770051301033,7.75128344390521,15.5008162985277,15.5000459893096,16.3203657444108,11.8157968431715
322.8,7.75,7.75,7.75040778589296,7.75002286168874,6.93769686904722,7.75128385407175,15.5008155717859,15.5000457233775,16.3204091431486,11.8157918882694
322.9,7.75,7.75,7.75040742288894,7.75002272897224,6.93769322879045,7.75128426515963,15.5008148457779,15.5000454579445,16.320452498062,11.8157869240952
323,7.75,7.75,7.75040706022202,7.75002259648491,6.93768959193766,7.75128467709214,15.500814120444,15.5000451929698,16.3204958127257,11.8157819514221
323.1,7.75,7.75,7.75040669785648,7.75002246420238,6.93768595812712,7.75128508977841,15.500813395713,15.5000449284048,16.3205390914167,11.8157769711649
323.2,7.75,7.75,7.75040633579216,7.75002233212447,6.93768232735623,7.75128550321689,15.5008126715843,15.5000446642489,16.3205823341652,11.81577198334
323.3,7.75,7.75,7.75040597402889,7.75002220025098,6.93767869962245,7.75128591740601,15.5008119480578,15.500044400502,16.3206255410014,11.8157669879636
323.4,7.75,7.75,7.7504056126313,7.75002206862566,6.93767507557624,7.75128633250505,15.5008112252626,15.5000441372513,16.320668704233,11.8157619834344
323.5,7.75,7.75,7.7504052515697,7.75002193722824,6.93767145491679,7.75128674843825,15.5008105031394,15.5000438744565,16.320711827417,11.8157569705155
323.6,7.75,7.75,7.7504048908085,7.75002180603449,6.93766783728418,7.75128716511585,15.500809781617,15.500043612069,16.3207549148087,11.8157519501102
323.7,7.75,7.75,7.75040453034752,7.75002167504421,6.93766422267585,7.75128758253631,15.500809060695,15.5000433500884,16.3207979664383,11.8157469222347
323.8,7.75,7.75,7.7504041701866,7.75002154425721,6.93766061108926,7.75128800069809,15.5008083403732,15.5000430885144,16.3208409823357,11.8157418869051
323.9,7.75,7.75,7.75040381039016,7.750021413717,6.93765700317159,7.75128841975847,15.5008076207803,15.500042827434,16.3208839548474,11.8157368425407
324,7.75,7.75,7.7504034509286,7.75002128340342,6.93765339862354,7.7512888396426,15.5008069018572,15.5000425668068,16.3209268875121,11.8157317898952
324.1,7.75,7.75,7.75040309176643,7.75002115329237,6.93764979708703,7.75128926026187,15.5008061835329,15.5000423065847,16.3209697845642,11.8157267298601
324.2,7.75,7.75,7.7504027329035,7.75002102338365,6.93764619855951,7.75128968161473,15.500805465807,15.5000420467673,16.3210126460334,11.8157216624514
324.3,7.75,7.75,7.75040237433964,7.75002089367708,6.93764260303845,7.75129010369965,15.5008047486793,15.5000417873542,16.3210554719496,11.8157165876852
324.4,7.75,7.75,7.75040201613903,7.75002076421592,6.93763901116776,7.75129052667195,15.5008040322781,15.5000415284318,16.3210982546975,11.8157115040015
324.5,7.75,7.75,7.7504016582722,7.75002063498012,6.93763542264966,7.75129095045769,15.5008033165444,15.5000412699602,16.3211409977982,11.8157064121441
324.6,7.75,7.75,7.75040130070377,7.75002050594571,6.93763183712787,7.75129137496937,15.5008026014075,15.5000410118914,16.3211837054647,11.8157013129931
324.7,7.75,7.75,7.75040094343357,7.75002037711249,6.93762825459987,7.75129180020545,15.5008018868671,15.500040754225,16.3212263777267,11.8156962065644
324.8,7.75,7.75,7.75040058646145,7.75002024848029,6.93762467506313,7.75129222616441,15.5008011729229,15.5000404969606,16.3212690146137,11.815691092874
324.9,7.75,7.75,7.75040022985136,7.75002012009212,6.93762109915833,7.75129265299962,15.5008004597027,15.5000402401842,16.3213116085487,11.8156859703822
325,7.75,7.75,7.75039987357394,7.75001999192804,6.93761752658917,7.75129308063805,15.5007997471479,15.5000399838561,16.3213541630352,11.8156808398233
325.1,7.75,7.75,7.75039951759391,7.75001986396422,6.9376139570012,7.7512935089933,15.5007990351878,15.5000397279284,16.3213966822649,11.8156757020661
325.2,7.75,7.75,7.75039916191112,7.75001973620047,6.93761039039189,7.75129393806383,15.5007983238222,15.5000394724009,16.3214391662674,11.8156705571263
325.3,7.75,7.75,7.7503988065254,7.75001960863659,6.93760682675873,7.75129436784815,15.5007976130508,15.5000392172732,16.3214816150721,11.8156654050197
325.4,7.75,7.75,7.7503984515005,7.75001948131537,6.93760326673917,7.75129479849766,15.500796903001,15.5000389626307,16.3215240211398,11.8156602442269
325.5,7.75,7.75,7.75039809680714,7.75001935421698,6.93759971003842,7.75129522994028,15.5007961936143,15.500038708434,16.3215663879565,11.8156550754727
325.6,7.75,7.75,7.75039774241018,7.75001922731771,6.93759615630381,7.75129566209065,15.5007954848204,15.5000384546354,16.3216087196928,11.8156498996146
325.7,7.75,7.75,7.75039738830945,7.75001910061738,6.93759260553282,7.75129609494728,15.5007947766189,15.5000382012348,16.3216510163783,11.8156447166682
325.8,7.75,7.75,7.75039703450479,7.75001897411579,6.93758905772297,7.75129652850866,15.5007940690096,15.5000379482316,16.3216932780421,11.8156395266492
325.9,7.75,7.75,7.75039668105973,7.75001884785549,6.93758551350848,7.75129696292429,15.5007933621195,15.500037695711,16.3217354971828,11.8156343280582
326,7.75,7.75,7.75039632794508,7.75001872181676,6.93758197259605,7.75129739812298,15.5007926558902,15.5000374436335,16.3217776772687,11.8156291216107
326.1,7.75,7.75,7.75039597512583,7.75001859597601,6.9375784346348,7.75129783402044,15.5007919502517,15.500037191952,16.3218198224499,11.8156239081529
326.2,7.75,7.75,7.7503956226018,7.75001847033308,6.93757489962222,7.7512982706152,15.5007912452036,15.5000369406662,16.3218619327555,11.8156186877002
326.3,7.75,7.75,7.75039527037283,7.75001834488776,6.93757136755585,7.75129870790577,15.5007905407457,15.5000366897755,16.3219040082145,11.8156134602683
326.4,7.75,7.75,7.75039491850224,7.75001821968236,6.93756783906669,7.75129914603972,15.5007898370045,15.5000364393647,16.3219460413632,11.8156082243778
326.5,7.75,7.75,7.75039456696094,7.75001809469726,6.93756431386297,7.75129958494677,15.5007891339219,15.5000361893945,16.3219880356523,11.8156029807346
326.6,7.75,7.75,7.75039421571402,7.75001796990903,6.93756079159552,7.7513000245437,15.500788431428,15.5000359398181,16.3220299952111,11.8155977301739
326.7,7.75,7.75,7.75039386476132,7.75001784531749,6.9375572722619,7.75130046482903,15.5007877295226,15.500035690635,16.3220719200687,11.8155924727112
326.8,7.75,7.75,7.75039351410267,7.75001772092243,6.93755375585962,7.75130090580129,15.5007870282053,15.5000354418449,16.322113810254,11.8155872083618
326.9,7.75,7.75,7.75039316380117,7.75001759676592,6.93755024301654,7.75130134760618,15.5007863276023,15.5000351935318,16.3221556583402,11.815581935666
327,7.75,7.75,7.75039281382783,7.75001747282846,6.93754673344233,7.75130179017428,15.5007856276557,15.5000349456569,16.3221974677611,11.8155766553207
327.1,7.75,7.75,7.75039246414786,7.75001734908674,6.93754322678961,7.75130223342343,15.5007849282957,15.5000346981735,16.3222392426253,11.8155713681499
327.2,7.75,7.75,7.75039211476111,7.75001722554058,6.93753972305593,7.75130267735218,15.5007842295222,15.5000344510812,16.3222809829615,11.815566074169
327.3,7.75,7.75,7.75039176566738,7.75001710218978,6.93753622223883,7.75130312195906,15.5007835313348,15.5000342043796,16.3223226887986,11.8155607733932
327.4,7.75,7.75,7.75039141692959,7.75001697907617,6.93753272496299,7.75130356738788,15.5007828338592,15.5000339581523,16.322364352747,11.8155554643825
327.5,7.75,7.75,7.75039106851882,7.75001685618035,6.93752923093957,7.75130401357011,15.5007821370376,15.5000337123607,16.3224059782232,11.8155501478244
327.6,7.75,7.75,7.75039072040041,7.75001673347915,6.93752573982292,7.75130446042465,15.5007814408008,15.5000334669583,16.3224475693151,11.8155448245322
327.7,7.75,7.75,7.75039037257419,7.75001661097239,6.93752225161061,7.75130490795004,15.5007807451484,15.5000332219448,16.3224891260515,11.815539494521
327.8,7.75,7.75,7.75039002503999,7.75001648865987,6.9375187663002,7.75130535614483,15.50078005008,15.5000329773197,16.3225306484609,11.8155341578059
327.9,7.75,7.75,7.75038967786049,7.75001636658318,6.93751528451324,7.75130580515098,15.500779355721,15.5000327331664,16.3225721291908,11.8155288129662
328,7.75,7.75,7.75038933100688,7.75001624472302,6.93751180596232,7.75130625490083,15.5007786620138,15.500032489446,16.3226135716403,11.8155234606806
328.1,7.75,7.75,7.75038898444461,7.75001612305637,6.93750833030355,7.7513067053143,15.5007779688892,15.5000322461127,16.3226549798773,11.8155181017514
328.2,7.75,7.75,7.75038863817352,7.75001600158303,6.9375048575345,7.75130715638996,15.500777276347,15.5000320031661,16.3226963539301,11.8155127361935
328.3,7.75,7.75,7.75038829219344,7.75001588030282,6.93750138765275,7.75130760812637,15.5007765843869,15.5000317606056,16.3227376938273,11.815507364022
328.4,7.75,7.75,7.75038794656682,7.75001575925707,6.93749792127672,7.75130806066364,15.5007758931336,15.5000315185141,16.3227789922527,11.8155019838355
328.5,7.75,7.75,7.75038760126495,7.75001563842661,6.93749445812046,7.75130851393497,15.5007752025299,15.5000312768532,16.3228202525888,11.8154965963035
328.6,7.75,7.75,7.75038725625341,7.75001551778854,6.9374909978418,7.75130896786131,15.5007745125068,15.5000310355771,16.3228614788829,11.8154912022177
328.7,7.75,7.75,7.75038691153203,7.75001539734267,6.93748754043833,7.75130942244126,15.5007738230641,15.5000307946853,16.3229026711634,11.8154858015928
328.8,7.75,7.75,7.75038656710063,7.75001527708881,6.93748408590765,7.75130987767337,15.5007731342013,15.5000305541776,16.3229438294584,11.8154803944438
328.9,7.75,7.75,7.75038622302146,7.75001515706805,6.93748063486507,7.75131033369592,15.5007724460429,15.5000303141361,16.3229849464885,11.8154749793884
329,7.75,7.75,7.7503858792659,7.75001503726134,6.93747718702605,7.75131079044298,15.5007717585318,15.5000300745227,16.3230260256191,11.8154695570871
329.1,7.75,7.75,7.75038553579965,7.7500149176459,6.93747374205019,7.75131124783653,15.5007710715993,15.5000298352918,16.3230670708774,11.815464128321
329.2,7.75,7.75,7.75038519262254,7.75001479822155,6.93747029993507,7.75131170587515,15.5007703852451,15.5000295964431,16.3231080822915,11.8154586931047
329.3,7.75,7.75,7.7503848497344,7.75001467898809,6.9374668606783,7.75131216455743,15.5007696994688,15.5000293579762,16.3231490598896,11.815453251453
329.4,7.75,7.75,7.75038450719724,7.75001455998639,6.9374634248921,7.75131262401983,15.5007690143945,15.5000291199728,16.3231899964283,11.8154478020025
329.5,7.75,7.75,7.75038416498255,7.75001444119748,6.93745999229338,7.75131308419726,15.5007683299651,15.500028882395,16.3232308952563,11.815442345405
329.6,7.75,7.75,7.75038382305615,7.75001432259874,6.93745656254343,7.75131354501271,15.5007676461123,15.5000286451975,16.3232717603807,11.8154368824308
329.7,7.75,7.75,7.75038348141786,7.75001420418997,6.93745313563986,7.75131400646479,15.5007669628357,15.5000284083799,16.3233125918295,11.8154314130947
329.8,7.75,7.75,7.75038314006753,7.75001408597099,6.93744971158028,7.75131446855209,15.5007662801351,15.500028171942,16.3233533896307,11.8154259374111
329.9,7.75,7.75,7.75038279906693,7.75001396798241,6.93744629097384,7.75131493140927,15.5007655981339,15.5000279359648,16.3233941465769,11.8154204540355
330,7.75,7.75,7.75038245838766,7.75001385020539,6.93744287353888,7.75131539497209,15.5007649167753,15.5000277004108,16.3234348660001,11.8154149636108
330.1,7.75,7.75,7.75038211799565,7.75001373261742,6.93743945893839,7.75131585916455,15.5007642359913,15.5000274652348,16.3234755518875,11.815409466897
330.2,7.75,7.75,7.75038177789074,7.75001361521832,6.93743604717,7.75131632398524,15.5007635557815,15.5000272304366,16.3235162042669,11.8154039639085
330.3,7.75,7.75,7.75038143807276,7.7500134980079,6.93743263823132,7.75131678943279,15.5007628761455,15.5000269960158,16.3235568231662,11.8153984546598
330.4,7.75,7.75,7.75038109860326,7.75001338102653,6.93742923272846,7.75131725564008,15.5007621972065,15.5000267620531,16.3235974014137,11.815392937825
330.5,7.75,7.75,7.75038075945395,7.75001326425549,6.93742583038116,7.75131772254368,15.5007615189079,15.500026528511,16.3236379423251,11.8153874140382
330.6,7.75,7.75,7.75038042059088,7.75001314767239,6.93742243085412,7.7513181900686,15.5007608411818,15.5000262953448,16.3236784498674,11.815381884049
330.7,7.75,7.75,7.75038008201388,7.75001303127705,6.93741903414496,7.75131865821345,15.5007601640278,15.5000260625541,16.3237189240683,11.8153763478718
330.8,7.75,7.75,7.75037974372278,7.75001291506929,6.93741564025133,7.75131912697686,15.5007594874456,15.5000258301386,16.3237593649556,11.8153708055209
330.9,7.75,7.75,7.75037940577893,7.75001279908923,6.93741224977629,7.75131959648993,15.5007588115579,15.5000255981785,16.3237997653935,11.8153652556888
331,7.75,7.75,7.75037906815411,7.75001268331827,6.93740886244099,7.75132006669009,15.5007581363082,15.5000253666365,16.3238401286807,11.8153596990011
331.1,7.75,7.75,7.7503787308145,7.75001256773415,6.9374054779118,7.75132053750331,15.500757461629,15.5000251354683,16.3238804587648,11.815354136197
331.2,7.75,7.75,7.75037839375994,7.75001245233669,6.93740209618638,7.75132100892822,15.5007567875199,15.5000249046734,16.3239207556733,11.8153485672907
331.3,7.75,7.75,7.75037805699025,7.7500123371257,6.93739871726236,7.75132148096347,15.5007561139805,15.5000246742514,16.3239610194337,11.8153429922966
331.4,7.75,7.75,7.75037772056656,7.75001222214108,6.9373953417398,7.7513219537384,15.5007554411331,15.5000244442822,16.3240012429457,11.8153374099253
331.5,7.75,7.75,7.75037738446075,7.75001210736431,6.93739196934126,7.75132242719125,15.5007547689215,15.5000242147286,16.3240414294916,11.8153318207938
331.6,7.75,7.75,7.75037704863913,7.75001199277329,6.93738859973477,7.75132290124899,15.5007540972783,15.5000239855466,16.3240815829995,11.8153262256312
331.7,7.75,7.75,7.75037671310153,7.75001187836783,6.93738523291798,7.75132337591025,15.5007534262031,15.5000237567357,16.3241217034965,11.8153206244517
331.8,7.75,7.75,7.75037637784777,7.75001176414774,6.93738186888859,7.75132385117369,15.5007527556955,15.5000235282955,16.3241617910102,11.8153150172693
331.9,7.75,7.75,7.75037604293876,7.75001165015268,6.93737850824361,7.75132432716691,15.5007520858775,15.5000233003054,16.3242018384752,11.815309402813
332,7.75,7.75,7.75037570834648,7.75001153636426,6.937375150707,7.75132480382897,15.500751416693,15.5000230727285,16.3242418491579,11.8153037816911
332.1,7.75,7.75,7.75037537403737,7.75001142276048,6.93737179594846,7.7513252810878,15.5007507480747,15.500022845521,16.3242818269665,11.8152981546227
332.2,7.75,7.75,7.75037504001124,7.75001130934116,6.93736844396567,7.75132575894206,15.5007500800225,15.5000226186823,16.3243217719282,11.8152925216218
332.3,7.75,7.75,7.75037470626792,7.75001119610612,6.9373650947563,7.7513262373904,15.5007494125358,15.5000223922122,16.3243616840702,11.8152868827024
332.4,7.75,7.75,7.7503743728681,7.75001108309477,6.93736174891441,7.75132671655872,15.5007487457362,15.5000221661895,16.3244015563625,11.8152812366112
332.5,7.75,7.75,7.75037403978386,7.75001097028884,6.93735840616534,7.75132719638687,15.5007480795677,15.5000219405777,16.3244413920549,11.8152755839485
332.6,7.75,7.75,7.75037370698175,7.75001085766645,6.93735506618044,7.75132767680375,15.5007474139635,15.5000217153329,16.3244811950363,11.815269925423
332.7,7.75,7.75,7.7503733744616,7.75001074522743,6.93735172895739,7.75132815780802,15.5007467489232,15.5000214904549,16.3245209653339,11.8152642610488
332.8,7.75,7.75,7.75037304222323,7.7500106329716,6.9373483944939,7.75132863939836,15.5007460844465,15.5000212659432,16.3245607029746,11.8152585908396
332.9,7.75,7.75,7.7503727103271,7.75001052093813,6.93734506338104,7.75132912169894,15.5007454206542,15.5000210418763,16.3246004009633,11.8152529135602
333,7.75,7.75,7.75037237874541,7.75001040910886,6.93734173534552,7.75132960465041,15.5007447574908,15.5000208182177,16.3246400625336,11.8152472298022
333.1,7.75,7.75,7.75037204744481,7.75001029746204,6.93733841006036,7.75133008818265,15.5007440948896,15.5000205949241,16.3246796915552,11.8152415402647
333.2,7.75,7.75,7.75037171642513,7.75001018599749,6.93733508752324,7.75133057229431,15.5007434328503,15.500020371995,16.3247192880549,11.8152358449614
333.3,7.75,7.75,7.75037138568621,7.75001007471503,6.93733176773187,7.75133105698408,15.5007427713724,15.5000201494301,16.3247588520598,11.815230143906
333.4,7.75,7.75,7.75037105528827,7.75000996365363,6.9373284512744,7.75133154237445,15.5007421105765,15.5000199273073,16.3247983766091,11.8152244358809
333.5,7.75,7.75,7.75037072520361,7.75000985279519,6.93732513787888,7.75133202840687,15.5007414504072,15.5000197055904,16.3248378649207,11.8152187214696
333.6,7.75,7.75,7.75037039539902,7.75000974211812,6.93732182721996,7.75133251501213,15.500740790798,15.5000194842362,16.3248773208448,11.8152130013611
333.7,7.75,7.75,7.75037006587432,7.75000963162224,6.93731851929536,7.75133300218892,15.5007401317486,15.5000192632445,16.3249167444083,11.8152072755692
333.8,7.75,7.75,7.75036973662933,7.75000952130736,6.9373152141028,7.75133348993594,15.5007394732587,15.5000190426147,16.3249561356379,11.8152015441073
333.9,7.75,7.75,7.75036940772408,7.75000941121221,6.93731191222746,7.75133397837399,15.5007388154482,15.5000188224244,16.3249954876075,11.8151958057755
334,7.75,7.75,7.75036907913095,7.75000930131881,6.93730861339879,7.7513344674453,15.5007381582619,15.5000186026376,16.3250348035188,11.8151900611489
334.1,7.75,7.75,7.75036875081685,7.7500091916057,6.93730531729306,7.75133495708162,15.5007375016337,15.5000183832114,16.3250740872031,11.8151843109069
334.2,7.75,7.75,7.75036842278161,7.75000908207269,6.93730202390798,7.75133544728165,15.5007368455632,15.5000181641454,16.3251133386871,11.815178555063
334.3,7.75,7.75,7.75036809502505,7.75000897271959,6.9372987332413,7.75133593804407,15.5007361900501,15.5000179454392,16.3251525579973,11.8151727936307
334.4,7.75,7.75,7.75036776760697,7.75000886358491,6.93729544587529,7.75133642948804,15.5007355352139,15.5000177271698,16.3251917382418,11.8151670254273
334.5,7.75,7.75,7.75036744049985,7.75000875465077,6.93729216154073,7.75133692155657,15.5007348809997,15.5000175093015,16.3252308826067,11.8151612510198
334.6,7.75,7.75,7.75036711367073,7.75000864589583,6.93728887991552,7.75133741418234,15.5007342273415,15.5000172917917,16.325269994904,11.8151554710779
334.7,7.75,7.75,7.75036678711944,7.75000853731991,6.93728560099738,7.75133790736404,15.5007335742389,15.5000170746398,16.3253090751603,11.815149685615
334.8,7.75,7.75,7.75036646084579,7.75000842892283,6.93728232478408,7.75133840110039,15.5007329216916,15.5000168578457,16.3253481234022,11.8151438946445
334.9,7.75,7.75,7.75036613490936,7.75000832074284,6.93727905185497,7.75133889550888,15.5007322698187,15.5000166414857,16.3253871327717,11.8151380970009
335,7.75,7.75,7.75036580928274,7.75000821276219,6.9372757819422,7.7513393905333,15.5007316185655,15.5000164255244,16.325426106439,11.8151322932431
335.1,7.75,7.75,7.75036548393308,7.75000810495967,6.93727251472525,7.75133988610724,15.5007309678662,15.5000162099193,16.3254650481974,11.8151264840313
335.2,7.75,7.75,7.75036515886021,7.75000799733508,6.93726925020188,7.75134038222943,15.5007303177204,15.5000159946702,16.3255039580733,11.8151206693787
335.3,7.75,7.75,7.75036483406395,7.75000788988825,6.93726598836985,7.75134087889858,15.5007296681279,15.5000157797765,16.3255428360931,11.8151148492985
335.4,7.75,7.75,7.75036450960366,7.75000778265721,6.93726272980564,7.75134137623053,15.5007290192073,15.5000155653144,16.3255816754329,11.8151090226425
335.5,7.75,7.75,7.75036418545201,7.75000767562431,6.93725947424273,7.75134187416987,15.500728370904,15.5000153512486,16.3256204792469,11.8151031899614
335.6,7.75,7.75,7.75036386157629,7.75000756876844,6.9372562213622,7.75134237265108,15.5007277231526,15.5000151375369,16.3256592513098,11.8150973519059
335.7,7.75,7.75,7.75036353797632,7.75000746208945,6.93725297116183,7.7513428716729,15.5007270759526,15.5000149241789,16.3256979916479,11.8150915084892
335.8,7.75,7.75,7.75036321465193,7.75000735558713,6.93724972363938,7.75134337123407,15.5007264293039,15.5000147111743,16.3257367002872,11.8150856597243
335.9,7.75,7.75,7.75036289166224,7.7500072492993,6.93724647936846,7.75134387144879,15.5007257833245,15.5000144985986,16.3257753704377,11.8150798044799
336,7.75,7.75,7.75036256898004,7.75000714320841,6.93724323808389,7.75134437226241,15.5007251379601,15.5000142864168,16.325814005238,11.8150739432988
336.1,7.75,7.75,7.75036224657274,7.75000703729348,6.93723999946834,7.75134487361032,15.5007244931455,15.500014074587,16.3258526084441,11.8150680768223
336.2,7.75,7.75,7.75036192444014,7.75000693155435,6.93723676351959,7.75134537549128,15.5007238488803,15.5000138631087,16.3258911800821,11.8150622050633
336.3,7.75,7.75,7.75036160258209,7.75000682599083,6.93723353023543,7.75134587790402,15.5007232051642,15.5000136519817,16.325929720178,11.815056328035
336.4,7.75,7.75,7.75036128105748,7.75000672064049,6.93723030018661,7.75134638096116,15.500722562115,15.500013441281,16.3259682219751,11.8150504446226
336.5,7.75,7.75,7.7503609598392,7.75000661548589,6.93722707310926,7.75134688460877,15.5007219196784,15.5000132309718,16.3260066885966,11.8150445553613
336.6,7.75,7.75,7.75036063889478,7.75000651050619,6.93722384868764,7.75134738878318,15.5007212777896,15.5000130210124,16.3260451237799,11.8150386608827
336.7,7.75,7.75,7.75036031822403,7.75000640570121,6.93722062691955,7.75134789348312,15.5007206364481,15.5000128114024,16.326083527551,11.8150327611999
336.8,7.75,7.75,7.75035999782679,7.75000630107079,6.93721740780278,7.75134839870735,15.5007199956536,15.5000126021416,16.3261218999357,11.8150268563257
336.9,7.75,7.75,7.75035967776172,7.75000619665224,6.93721419190525,7.75134890456689,15.5007193555234,15.5000123933045,16.3261602342106,11.8150209451622
337,7.75,7.75,7.75035935800184,7.75000609242823,6.9372109789644,7.75134941100856,15.5007187160037,15.5000121848565,16.3261985334836,11.8150150282366
337.1,7.75,7.75,7.75035903851476,7.75000598837807,6.93720776866608,7.75134991796956,15.5007180770295,15.5000119767561,16.3262368014735,11.8150091061714
337.2,7.75,7.75,7.75035871930033,7.75000588450156,6.93720456100808,7.75135042544867,15.5007174386007,15.5000117690031,16.3262750382062,11.8150031789794
337.3,7.75,7.75,7.75035840035836,7.75000578079853,6.9372013559882,7.75135093344465,15.5007168007167,15.5000115615971,16.3263132437074,11.8149972466735
337.4,7.75,7.75,7.75035808174731,7.75000567730609,6.93719815417155,7.75135144206691,15.5007161634946,15.5000113546122,16.3263514112868,11.814991308172
337.5,7.75,7.75,7.75035776344028,7.75000557400701,6.93719495529689,7.75135195126304,15.5007155268806,15.500011148014,16.3263895440369,11.8149853639947
337.6,7.75,7.75,7.75035744540503,7.75000547088069,6.9371917590516,7.75135246097112,15.5007148908101,15.5000109417614,16.3264276456582,11.8149794147547
337.7,7.75,7.75,7.75035712764138,7.75000536792698,6.93718856543351,7.75135297118993,15.5007142552828,15.500010735854,16.3264657161764,11.8149734604647
337.8,7.75,7.75,7.75035681014915,7.75000526514568,6.93718537444043,7.75135348191823,15.5007136202983,15.5000105302914,16.3265037556171,11.8149675011375
337.9,7.75,7.75,7.75035649298659,7.75000516257369,6.93718218663465,7.75135399326389,15.5007129859732,15.5000103251474,16.326541757323,11.8149615357079
338,7.75,7.75,7.75035617612688,7.75000506019387,6.93717900175624,7.75135450517521,15.5007123522538,15.5000101203877,16.3265797243713,11.8149555646878
338.1,7.75,7.75,7.75035585953791,7.75000495798575,6.93717581949413,7.75135501759116,15.5007117190758,15.5000099159715,16.3266176604442,11.8149495886812
338.2,7.75,7.75,7.7503555432195,7.75000485594918,6.93717263984617,7.75135553051052,15.500711086439,15.5000097118984,16.3266555655673,11.8149436077009
338.3,7.75,7.75,7.75035522717149,7.75000475408397,6.93716946281018,7.75135604393208,15.500710454343,15.5000095081679,16.326693439766,11.8149376217594
338.4,7.75,7.75,7.75035491145186,7.75000465242677,6.93716628894566,7.75135655796213,15.5007098229037,15.5000093048535,16.3267312764159,11.8149316298077
338.5,7.75,7.75,7.75035459603394,7.75000455096056,6.93716311799396,7.75135707254972,15.5007091920679,15.5000091019211,16.3267690785789,11.8149256323502
338.6,7.75,7.75,7.75035428088572,7.75000444966501,6.93715994964557,7.75135758763467,15.5007085617714,15.50000889933,16.3268068499191,11.8149196299819
338.7,7.75,7.75,7.75035396600702,7.75000434853995,6.93715678389834,7.75135810321579,15.500707932014,15.5000086970799,16.3268445904619,11.8149136227153
338.8,7.75,7.75,7.75035365139768,7.75000424758519,6.93715362075012,7.75135861929186,15.5007073027954,15.5000084951704,16.3268823002326,11.814907610563
338.9,7.75,7.75,7.75035333711547,7.75000414683716,6.93715046075762,7.75135913596765,15.5007066742309,15.5000082936743,16.3269199726394,11.8149015924919
339,7.75,7.75,7.7503530231338,7.75000404627894,6.93714730366348,7.75135965319291,15.5007060462676,15.5000080925579,16.326957610729,11.814895568999
339.1,7.75,7.75,7.75035270942078,7.75000394589033,6.93714414915974,7.75136017090833,15.5007054188416,15.5000078917807,16.3269952181477,11.8148895406702
339.2,7.75,7.75,7.75035239597626,7.75000384567116,6.93714099724425,7.75136068911273,15.5007047919525,15.5000076913423,16.3270327949205,11.814883507518
339.3,7.75,7.75,7.75035208280006,7.75000374562123,6.93713784791486,7.75136120780491,15.5007041656001,15.5000074912425,16.3270703410727,11.8148774695547
339.4,7.75,7.75,7.75035176994972,7.75000364577677,6.93713470172554,7.75136172708809,15.5007035398994,15.5000072915535,16.3271078500447,11.8148714257635
339.5,7.75,7.75,7.75035145739876,7.75000354612094,6.93713155842021,7.75136224691276,15.5007029147975,15.5000070922419,16.3271453248686,11.8148653766336
339.6,7.75,7.75,7.75035114511543,7.75000344663367,6.93712841769241,7.75136276722045,15.5007022902309,15.5000068932673,16.3271827691723,11.8148593227421
339.7,7.75,7.75,7.75035083309954,7.75000334731478,6.93712527954004,7.75136328800999,15.5007016661991,15.5000066946296,16.3272201829809,11.8148532641014
339.8,7.75,7.75,7.75035052135094,7.7500032481641,6.93712214396094,7.7513638092802,15.5007010427019,15.5000064963282,16.3272575663195,11.8148472007238
339.9,7.75,7.75,7.75035020992694,7.75000314921761,6.93711901150634,7.75136433113277,15.5007004198539,15.5000062984352,16.3272949126609,11.8148411316081
340,7.75,7.75,7.75034989880116,7.75000305045858,6.93711588192142,7.7513648535189,15.5006997976023,15.5000061009172,16.3273322250219,11.8148350572362
340.1,7.75,7.75,7.75034958794196,7.75000295186707,6.93711275490128,7.75136537638099,15.5006991758839,15.5000059037341,16.3273695070129,11.8148289781765
340.2,7.75,7.75,7.75034927734918,7.75000285344289,6.93710963044378,7.75136589971785,15.5006985546984,15.5000057068858,16.3274067586587,11.8148228944411
340.3,7.75,7.75,7.75034896702264,7.75000275518588,6.93710650854681,7.75136642352833,15.5006979340453,15.5000055103718,16.3274439799842,11.8148168060422
340.4,7.75,7.75,7.75034865701944,7.75000265713179,6.93710338975886,7.75136694791261,15.5006973140389,15.5000053142636,16.3274811644943,11.8148107119943
340.5,7.75,7.75,7.7503483473133,7.750002559264,6.93710027382636,7.7513674728226,15.5006966946266,15.500005118528,16.3275183151911,11.8148046127721
340.6,7.75,7.75,7.75034803787271,7.75000246156268,6.93709716044593,7.75136799820152,15.5006960757454,15.5000049231254,16.3275554356671,11.814798508935
340.7,7.75,7.75,7.75034772869749,7.75000236402765,6.93709404961546,7.75136852404822,15.500695457395,15.5000047280553,16.327592525947,11.8147924004952
340.8,7.75,7.75,7.75034741978748,7.75000226665875,6.93709094133284,7.75136905036154,15.500694839575,15.5000045333175,16.3276295860555,11.8147862874647
340.9,7.75,7.75,7.75034711119955,7.7500021694915,6.93708783614383,7.75136957724018,15.5006942223991,15.500004338983,16.3276666095295,11.8147801688736
341,7.75,7.75,7.75034680290752,7.7500020725094,6.93708473379615,7.75137010463673,15.500693605815,15.5000041450188,16.3277035993562,11.8147740451892
341.1,7.75,7.75,7.75034649488,7.75000197569273,6.9370816339879,7.75137063249527,15.50069298976,15.5000039513855,16.3277405591105,11.8147679169624
341.2,7.75,7.75,7.75034618711682,7.75000187904132,6.93707853671697,7.75137116081463,15.5006923742336,15.5000037580826,16.3277774888169,11.8147617842051
341.3,7.75,7.75,7.7503458796178,7.75000178255499,6.93707544198129,7.75137168959368,15.5006917592356,15.50000356511,16.3278143885002,11.8147556469294
341.4,7.75,7.75,7.75034557243961,7.75000168626906,6.93707235032391,7.75137221892963,15.5006911448792,15.5000033725381,16.3278512517288,11.8147495041806
341.5,7.75,7.75,7.75034526555615,7.75000159016711,6.9370692614938,7.75137274877578,15.5006905311123,15.5000031803342,16.3278880814752,11.8147433564189
341.6,7.75,7.75,7.75034495893617,7.75000149422956,6.93706617519055,7.75137327907703,15.5006899178723,15.5000029884591,16.3279248812967,11.8147372041865
341.7,7.75,7.75,7.75034465257948,7.75000139845624,6.93706309141208,7.75137380983221,15.500689305159,15.5000027969125,16.3279616512178,11.8147310474953
341.8,7.75,7.75,7.75034434648593,7.75000130284697,6.9370600101563,7.7513743410402,15.5006886929719,15.5000026056939,16.3279983912631,11.8147248863573
341.9,7.75,7.75,7.75034404071194,7.75000120743684,6.93705693196361,7.75137487279675,15.5006880814239,15.5000024148737,16.3280350950325,11.814718719833
342,7.75,7.75,7.75034373523153,7.75000111220955,6.9370538565842,7.75137540505585,15.5006874704631,15.5000022244191,16.328071765484,11.8147125483755
342.1,7.75,7.75,7.75034343001355,7.75000101714562,6.93705078371917,7.7513759377632,15.5006868600271,15.5000020342912,16.3281084061574,11.8147063725184
342.2,7.75,7.75,7.75034312505784,7.75000092224488,6.93704771336642,7.75137647091767,15.5006862501157,15.5000018444898,16.328145017077,11.8147001922736
342.3,7.75,7.75,7.75034282036422,7.75000082750717,6.9370446455239,7.75137700451812,15.5006856407284,15.5000016550143,16.3281815982672,11.8146940076529
342.4,7.75,7.75,7.7503425159889,7.75000073296735,6.93704158072932,7.75137753865887,15.5006850319778,15.5000014659347,16.3282181433595,11.814687817732
342.5,7.75,7.75,7.750342211906,7.75000063860922,6.93703851873413,7.75137807329458,15.500684423812,15.5000012772184,16.3282546552971,11.8146816229568
342.6,7.75,7.75,7.7503419080845,7.75000054441342,6.93703545924087,7.75137860837177,15.500683816169,15.5000010888268,16.3282911376025,11.8146754238526
342.7,7.75,7.75,7.75034160452423,7.75000045037979,6.9370324022475,7.7513791438893,15.5006832090485,15.5000009007596,16.3283275903001,11.8146692204312
342.8,7.75,7.75,7.75034130122502,7.75000035650816,6.93702934775196,7.75137967984607,15.50068260245,15.5000007130163,16.3283640134139,11.8146630127041
342.9,7.75,7.75,7.75034099824285,7.75000026283317,6.93702629628929,7.75138021633493,15.5006819964857,15.5000005256663,16.3284004006066,11.8146567997622
343,7.75,7.75,7.75034069555194,7.75000016933873,6.93702324761219,7.75138075331122,15.5006813911039,15.5000003386775,16.3284367548071,11.8146505820442
343.1,7.75,7.75,7.7503403931214,7.7500000760056,6.93702020142467,7.75138129072228,15.5006807862428,15.5000001520112,16.3284730795206,11.8146443600672
343.2,7.75,7.75,7.75034009095104,7.74999998283361,6.93701715772469,7.75138182856698,15.5006801819021,15.4999999656672,16.3285093747712,11.8146381338428
343.3,7.75,7.75,7.75033978904071,7.74999988982261,6.9370141165102,7.7513823668442,15.5006795780814,15.4999997796452,16.328545640583,11.8146319033824
343.4,7.75,7.75,7.75033948744616,7.749999797007,6.93701107831362,7.7513829056454,15.5006789748923,15.499999594014,16.3285818706495,11.8146256677917
343.5,7.75,7.75,7.75033918614172,7.7499997043708,6.93700804288885,7.75138344492657,15.5006783722834,15.4999994087416,16.3286180678853,11.8146194275027
343.6,7.75,7.75,7.7503388850966,7.74999961189489,6.93700500994138,7.75138398463584,15.5006777701932,15.4999992237898,16.3286542357785,11.8146131830239
343.7,7.75,7.75,7.75033858431064,7.74999951957911,6.93700197946918,7.7513845247721,15.5006771686213,15.4999990391582,16.3286903743531,11.8146069343668
343.8,7.75,7.75,7.75033828378367,7.74999942742328,6.9369989514702,7.75138506533425,15.5006765675673,15.4999988548466,16.3287264836328,11.8146006815429
343.9,7.75,7.75,7.75033798357123,7.74999933546162,6.93699592647424,7.75138560641232,15.5006759671425,15.4999986709232,16.3287625573423,11.8145944236726
344,7.75,7.75,7.75033768364773,7.74999924367823,6.93699290423642,7.75138614796296,15.5006753672955,15.4999984873565,16.3287985983817,11.8145881611808
344.1,7.75,7.75,7.75033738398252,7.74999915205411,6.93698988446368,7.75138668993511,15.500674767965,15.4999983041082,16.328834610222,11.8145818945679
344.2,7.75,7.75,7.75033708457544,7.74999906058911,6.93698686715399,7.75138723232765,15.5006741691509,15.4999981211782,16.328870592887,11.8145756238454
344.3,7.75,7.75,7.75033678542631,7.74999896928306,6.93698385230534,7.75138777513949,15.5006735708526,15.4999979385661,16.3289065464006,11.8145693490246
344.4,7.75,7.75,7.75033648659045,7.74999887816993,6.9369808404449,7.75138831845926,15.5006729731809,15.4999977563399,16.3289424645178,11.8145630692405
344.5,7.75,7.75,7.75033618804238,7.74999878723394,6.936977831329,7.75138886224429,15.5006723760848,15.4999975744679,16.3289783501247,11.8145567849111
344.6,7.75,7.75,7.75033588975157,7.74999869645621,6.93697482466604,7.75138940644426,15.5006717795031,15.4999973929124,16.3290142066753,11.8145504965288
344.7,7.75,7.75,7.75033559171785,7.74999860583659,6.93697182045399,7.75138995105809,15.5006711834357,15.4999972116732,16.3290500341933,11.8145442041048
344.8,7.75,7.75,7.75033529394104,7.7499985153749,6.93696881869084,7.75139049608471,15.5006705878821,15.4999970307498,16.3290858327023,11.8145379076505
344.9,7.75,7.75,7.75033499647625,7.74999842510492,6.93696581990118,7.75139104161132,15.5006699929525,15.4999968502098,16.3291215959879,11.8145316063151
345,7.75,7.75,7.7503346992981,7.74999833501094,6.93696282384254,7.75139158759594,15.5006693985962,15.4999966700219,16.3291573269221,11.8145253005102
345.1,7.75,7.75,7.75033440237618,7.74999824507422,6.93695983022475,7.75139213398901,15.5006688047524,15.4999964901484,16.3291930289419,11.8145189907198
345.2,7.75,7.75,7.75033410571031,7.74999815529459,6.9369568390458,7.75139268078946,15.5006682114206,15.4999963105892,16.329228702071,11.8145126769551
345.3,7.75,7.75,7.75033380930032,7.74999806567189,6.9369538503037,7.75139322799621,15.5006676186006,15.4999961313438,16.3292643463328,11.8145063592274
345.4,7.75,7.75,7.75033351320109,7.74999797623968,6.93695086452044,7.75139377569513,15.5006670264022,15.4999959524794,16.3292999555432,11.8145000367003
345.5,7.75,7.75,7.75033321738735,7.74999788698234,6.93694788145476,7.75139432384483,15.5006664347747,15.4999957739647,16.3293355325603,11.8144937097786
345.6,7.75,7.75,7.7503329218288,7.74999779788126,6.93694490081791,7.75139487239656,15.5006658436576,15.4999955957625,16.3293710808042,11.8144873789383
345.7,7.75,7.75,7.75033262652527,7.74999770893627,6.9369419226079,7.75139542134925,15.5006652530505,15.4999954178725,16.3294066002983,11.8144810441906
345.8,7.75,7.75,7.7503323314766,7.74999762014721,6.93693894682274,7.75139597070183,15.5006646629532,15.4999952402944,16.3294420910662,11.8144747055465
345.9,7.75,7.75,7.75033203673743,7.7499975315474,6.93693597398187,7.75139652053879,15.5006640734749,15.4999950630948,16.3294775469538,11.8144683621841
346,7.75,7.75,7.75033174228259,7.74999744312136,6.93693300384519,7.7513970708194,15.5006634845652,15.4999948862427,16.3295129708052,11.8144620145012
346.1,7.75,7.75,7.75033144808191,7.74999735485058,6.9369300361254,7.75139762149565,15.5006628961638,15.4999947097012,16.3295483660237,11.8144556629661
346.2,7.75,7.75,7.75033115413523,7.74999726673489,6.93692707082052,7.7513981725665,15.5006623082705,15.4999945334698,16.3295837326329,11.8144493075898
346.3,7.75,7.75,7.75033086044237,7.74999717877412,6.93692410792855,7.75139872403087,15.5006617208847,15.4999943575482,16.3296190706559,11.8144429483833
346.4,7.75,7.75,7.75033056705776,7.7499970910014,6.93692114796639,7.75139927597191,15.5006611341155,15.4999941820028,16.3296543739688,11.8144365845387
346.5,7.75,7.75,7.75033027395633,7.74999700340133,6.93691819069513,7.75139982834953,15.5006605479127,15.4999940068027,16.3296896454017,11.8144302164472
346.6,7.75,7.75,7.75032998110803,7.74999691595552,6.93691523582887,7.75140038111646,15.5006599622161,15.499993831911,16.3297248883415,11.8144238445692
346.7,7.75,7.75,7.75032968851269,7.7499968286638,6.93691228336565,7.75140093427168,15.5006593770254,15.4999936573276,16.3297601028113,11.8144174689158
346.8,7.75,7.75,7.75032939617014,7.74999674152601,6.93690933330348,7.75140148781413,15.5006587923403,15.499993483052,16.3297952888344,11.8144110894976
346.9,7.75,7.75,7.7503291041346,7.74999665457507,6.93690638615672,7.7514020418256,15.5006582082692,15.4999933091501,16.3298304403167,11.8144047055208
347,7.75,7.75,7.75032881238108,7.74999656779566,6.93690344168764,7.75140259626661,15.5006576247622,15.4999931355913,16.3298655600743,11.8143983173702
347.1,7.75,7.75,7.75032852087967,7.74999648116952,6.93690049961175,7.75140315109069,15.5006570417593,15.499992962339,16.3299006514777,11.8143919254983
347.2,7.75,7.75,7.75032822963019,7.74999639469648,6.93689755992708,7.75140370629679,15.5006564592604,15.499992789393,16.3299357145499,11.8143855299159
347.3,7.75,7.75,7.75032793863247,7.74999630837638,6.93689462263167,7.75140426188388,15.5006558772649,15.4999926167528,16.329970749314,11.8143791306338
347.4,7.75,7.75,7.7503276479405,7.74999622224192,6.93689168823735,7.7514048179324,15.500655295881,15.4999924444838,16.3300057497055,11.814372726872
347.5,7.75,7.75,7.75032735752941,7.74999613627789,6.93688875650756,7.75140537440351,15.5006547150588,15.4999922725558,16.330040718527,11.8143663190086
347.6,7.75,7.75,7.75032706736939,7.74999605046613,6.93688582715921,7.75140593125148,15.5006541347388,15.4999921009323,16.3300756591323,11.8143599074885
347.7,7.75,7.75,7.75032677746028,7.7499959648065,6.93688290019033,7.75140648847526,15.5006535549206,15.499991929613,16.3301105715444,11.8143534923224
347.8,7.75,7.75,7.7503264878019,7.74999587929881,6.93687997559899,7.75140704607384,15.5006529756038,15.4999917585976,16.3301454557863,11.814347073521
347.9,7.75,7.75,7.75032619844803,7.74999579397556,6.9368770538945,7.75140760412633,15.5006523968961,15.4999915879511,16.330180305823,11.814340650318
348,7.75,7.75,7.75032590937388,7.74999570882164,6.93687413484145,7.75140816259453,15.5006518187478,15.4999914176433,16.3302151244433,11.8143342230851
348.1,7.75,7.75,7.75032562054979,7.74999562381902,6.93687121815816,7.75140872143342,15.5006512410996,15.499991247638,16.3302499149848,11.8143277922596
348.2,7.75,7.75,7.75032533197557,7.74999553896752,6.93686830384267,7.75140928064199,15.5006506639511,15.499991077935,16.3302846774704,11.814321357852
348.3,7.75,7.75,7.75032504365106,7.74999545426699,6.93686539189305,7.7514098402192,15.5006500873021,15.499990908534,16.3303194119229,11.8143149198729
348.4,7.75,7.75,7.7503247556298,7.74999536974971,6.93686248281612,7.75141040024289,15.5006495112596,15.4999907394994,16.3303541123365,11.8143084775697
348.5,7.75,7.75,7.75032446788712,7.74999528540066,6.93685957637763,7.75141096067544,15.5006489357742,15.4999905708013,16.3303887814867,11.8143020313076
348.6,7.75,7.75,7.75032418039347,7.74999520120192,6.93685667229726,7.75141152147258,15.5006483607869,15.4999904024038,16.3304234226947,11.8142955815164
348.7,7.75,7.75,7.75032389314867,7.74999511715334,6.9368537705731,7.7514120826333,15.5006477862973,15.4999902343067,16.3304580359832,11.8142891282064
348.8,7.75,7.75,7.75032360615255,7.74999503325474,6.9368508712032,7.75141264415658,15.5006472123051,15.4999900665095,16.330492621375,11.8142826713883
348.9,7.75,7.75,7.75032331945844,7.74999494953819,6.9368479746919,7.75141320611895,15.5006466389169,15.4999898990764,16.3305271728935,11.8142762103227
349,7.75,7.75,7.75032303304177,7.74999486598879,6.93684508080612,7.75141376848341,15.5006460660835,15.4999897319776,16.3305616933005,11.8142697453688
349.1,7.75,7.75,7.7503227468731,7.74999478258872,6.9368421892669,7.75141433120642,15.5006454937462,15.4999895651774,16.3305961859012,11.8142632769485
349.2,7.75,7.75,7.75032246095225,7.74999469933783,6.93683930007233,7.75141489428695,15.5006449219045,15.4999893986757,16.3306306507181,11.8142568050724
349.3,7.75,7.75,7.75032217527906,7.74999461623595,6.9368364132205,7.75141545772402,15.5006443505581,15.4999892324719,16.3306650877739,11.8142503297508
349.4,7.75,7.75,7.75032188990664,7.74999453331494,6.93683352921326,7.75141602159286,15.5006437798133,15.4999890666299,16.3306994911211,11.8142438502578
349.5,7.75,7.75,7.7503216048105,7.74999445055998,6.93683064781867,7.75141658585708,15.500643209621,15.49998890112,16.3307338635079,11.8142373669463
349.6,7.75,7.75,7.75032131996134,7.74999436795339,6.93682776875915,7.75141715047383,15.5006426399227,15.4999887359068,16.3307682082236,11.8142308802308
349.7,7.75,7.75,7.75032103535899,7.749994285495,6.93682489203281,7.75141771544214,15.500642070718,15.49998857099,16.3308025252905,11.8142243901216
349.8,7.75,7.75,7.75032075100327,7.74999420318465,6.93682201763771,7.75141828076099,15.5006415020065,15.4999884063693,16.3308368147311,11.8142178966292
349.9,7.75,7.75,7.75032046694708,7.74999412105399,6.93681914607329,7.75141884650436,15.5006409338942,15.499988242108,16.3308710706268,11.8142113990407
350,7.75,7.75,7.75032018316603,7.74999403908829,6.93681627710873,7.75141941263646,15.5006403663321,15.4999880781766,16.3309052957125,11.814204897703
350.1,7.75,7.75,7.75031989963094,7.74999395727,6.93681341046782,7.75141997911514,15.5006397992619,15.49998791454,16.3309394932615,11.814198393023
350.2,7.75,7.75,7.75031961634163,7.74999387559894,6.93681054614864,7.75142054593944,15.5006392326833,15.4999877511979,16.3309736632959,11.8141918850111
350.3,7.75,7.75,7.75031933329793,7.74999379407495,6.93680768414932,7.75142111310836,15.5006386665959,15.4999875881499,16.331007805838,11.8141853736775
350.4,7.75,7.75,7.75031905055251,7.74999371272947,6.93680482496682,7.75142168069461,15.500638101105,15.4999874254589,16.3310419149982,11.8141788583226
350.5,7.75,7.75,7.7503187680811,7.74999363154789,6.93680196837146,7.75142224866298,15.5006375361622,15.4999872630958,16.331075993498,11.814172339287
350.6,7.75,7.75,7.75031848585463,7.74999355051273,6.93679911408837,7.75142281697205,15.5006369717093,15.4999871010255,16.3311100445945,11.8141658169704
350.7,7.75,7.75,7.75031820387292,7.74999346962385,6.93679626211568,7.75142338562085,15.5006364077458,15.4999869392477,16.3311440683101,11.8141592913831
350.8,7.75,7.75,7.7503179221358,7.74999338888108,6.93679341245148,7.7514239546084,15.5006358442716,15.4999867777622,16.3311780646668,11.8141527625351
350.9,7.75,7.75,7.75031764069572,7.74999330831565,6.93679056559033,7.75142452400615,15.5006352813914,15.4999866166313,16.3312120278034,11.8141462297399
351,7.75,7.75,7.75031735952851,7.74999322791303,6.93678772130368,7.75142509377947,15.500634719057,15.4999864558261,16.3312459604284,11.8141396933319
351.1,7.75,7.75,7.75031707860522,7.74999314765589,6.93678487931799,7.75142566388766,15.5006341572104,15.4999862953118,16.331279865783,11.8141331537037
351.2,7.75,7.75,7.75031679792567,7.74999306754406,6.9367820396314,7.75142623432975,15.5006335958513,15.4999861350881,16.3313137438894,11.8141266108653
351.3,7.75,7.75,7.75031651748969,7.74999298757737,6.93677920224203,7.75142680510476,15.5006330349794,15.4999859751547,16.3313475947696,11.8141200648267
351.4,7.75,7.75,7.75031623734952,7.74999290778687,6.936776367642,7.7514273762829,15.500632474699,15.4999858155737,16.3313814125908,11.8141135149144
351.5,7.75,7.75,7.75031595748108,7.74999282815811,6.93677353560389,7.75142794783014,15.5006319149622,15.4999856563162,16.3314152000483,11.8141069614567
351.6,7.75,7.75,7.75031567785553,7.74999274867387,6.9367707058555,7.75142851970646,15.5006313557111,15.4999854973477,16.3314489603675,11.8141004048388
351.7,7.75,7.75,7.75031539847272,7.74999266933398,6.93676787839498,7.75142909191089,15.5006307969454,15.499985338668,16.3314826935707,11.8140938450709
351.8,7.75,7.75,7.75031511933246,7.74999259013828,6.93676505322046,7.75142966444247,15.5006302386649,15.4999851802766,16.3315163996795,11.8140872821628
351.9,7.75,7.75,7.75031484048677,7.74999251111761,6.93676223082166,7.75143023737018,15.5006296809735,15.4999850222352,16.3315500728895,11.8140807154537
352,7.75,7.75,7.75031456191167,7.74999243225761,6.93675941097226,7.75143081066057,15.5006291238233,15.4999848645152,16.3315837158829,11.8140741452659
352.1,7.75,7.75,7.75031428357846,7.74999235354117,6.93675659340141,7.75143138427429,15.5006285671569,15.4999847070823,16.3316173318695,11.8140675719776
352.2,7.75,7.75,7.75031400548695,7.74999227496814,6.93675377810725,7.75143195821039,15.5006280109739,15.4999845499363,16.3316509208713,11.8140609955988
352.3,7.75,7.75,7.75031372763699,7.74999219653835,6.93675096508793,7.75143253246793,15.500627455274,15.4999843930767,16.3316844829101,11.8140544161392
352.4,7.75,7.75,7.75031345008037,7.74999211828243,6.93674815483079,7.75143310711465,15.5006269001607,15.4999842365649,16.3317180122093,11.8140478329508
352.5,7.75,7.75,7.7503131727932,7.74999204018612,6.9367453471106,7.75143368211768,15.5006263455864,15.4999840803722,16.3317515114382,11.8140412463498
352.6,7.75,7.75,7.7503128957469,7.74999196223243,6.93674254165785,7.75143425743835,15.5006257914938,15.4999839244649,16.331784983791,11.8140346567075
352.7,7.75,7.75,7.7503126189413,7.74999188442119,6.93673973847068,7.75143483307573,15.5006252378826,15.4999837688424,16.3318184292897,11.8140280640336
352.8,7.75,7.75,7.75031234237623,7.74999180675225,6.93673693754726,7.75143540902887,15.5006246847525,15.4999836135045,16.3318518479558,11.8140214683379
352.9,7.75,7.75,7.75031206610325,7.74999172925602,6.93673413937254,7.75143598536432,15.5006241322065,15.499983458512,16.3318852340408,11.8140148689848
353,7.75,7.75,7.75031179009861,7.74999165191836,6.93673134372239,7.75143656204976,15.5006235801972,15.4999833038367,16.3319185902009,11.8140082662847
353.1,7.75,7.75,7.75031151433383,7.74999157472236,6.93672855032863,7.75143713904721,15.5006230286677,15.4999831494447,16.331951919615,11.8140016606018
353.2,7.75,7.75,7.75031123880872,7.74999149766787,6.9367257591894,7.75143771635574,15.5006224776174,15.4999829953357,16.3319852223048,11.8139950519458
353.3,7.75,7.75,7.75031096352314,7.74999142075474,6.93672297030288,7.75143829397441,15.5006219270463,15.4999828415095,16.3320184982919,11.8139884403264
353.4,7.75,7.75,7.75031068852842,7.74999134401318,6.93672018415166,7.75143887196856,15.5006213770568,15.4999826880264,16.3320517418554,11.8139818251204
353.5,7.75,7.75,7.75031041380091,7.74999126742912,6.93671740051272,7.75143945030645,15.5006208276018,15.4999825348582,16.3320849556387,11.8139752066325
353.6,7.75,7.75,7.75031013931224,7.7499911909858,6.93671461911916,7.75144002895076,15.5006202786245,15.4999823819716,16.3321181428054,11.8139685852197
353.7,7.75,7.75,7.75030986506224,7.74999111468304,6.93671183996915,7.75144060790057,15.5006197301245,15.4999822293661,16.3321513033769,11.8139619608919
353.8,7.75,7.75,7.75030959105075,7.7499910385207,6.93670906306087,7.75144118715495,15.5006191821015,15.4999820770414,16.3321844373748,11.8139553336584
353.9,7.75,7.75,7.7503093173289,7.74999096252879,6.93670628887457,7.75144176677805,15.5006186346578,15.4999819250576,16.3322175391058,11.8139487029086
354,7.75,7.75,7.75030904387313,7.74999088669334,6.9367035171883,7.75144234673869,15.5006180877463,15.4999817733867,16.3322506112005,11.8139420689413
354.1,7.75,7.75,7.75030877065519,7.74999081099769,6.93670074773648,7.75144292700022,15.5006175413104,15.4999816219954,16.3322836568072,11.8139354321066
354.2,7.75,7.75,7.75030849767491,7.74999073544167,6.93669798051729,7.75144350756171,15.5006169953498,15.4999814708833,16.3323166759473,11.8139287924143
354.3,7.75,7.75,7.75030822493213,7.74999066002513,6.93669521552892,7.75144408842224,15.5006164498643,15.4999813200503,16.332349668642,11.8139221498737
354.4,7.75,7.75,7.75030795247777,7.74999058477788,6.93669245324926,7.75144466964481,15.5006159049555,15.4999811695558,16.3323826292258,11.8139155038864
354.5,7.75,7.75,7.75030768028836,7.74999050968606,6.93668969345748,7.75144525119877,15.5006153605767,15.4999810193721,16.3324155603163,11.8139088547453
354.6,7.75,7.75,7.75030740833577,7.74999043473309,6.93668693588926,7.75144583304812,15.5006148166715,15.4999808694662,16.3324484650468,11.8139022027939
354.7,7.75,7.75,7.75030713661984,7.74999035991883,6.93668418054281,7.75144641519196,15.5006142732397,15.4999807198377,16.3324813434383,11.8138955480418
354.8,7.75,7.75,7.7503068651404,7.74999028524311,6.93668142741632,7.75144699762937,15.5006137302808,15.4999805704862,16.3325141955123,11.8138888904982
354.9,7.75,7.75,7.75030659394816,7.74999021073556,6.93667867698537,7.75144758042217,15.5006131878963,15.4999804214711,16.3325470156302,11.8138822295769
355,7.75,7.75,7.75030632301974,7.7499901363824,6.93667592903018,7.75144816354027,15.5006126460395,15.4999802727648,16.3325798063973,11.813875565565
355.1,7.75,7.75,7.75030605232714,7.74999006216716,6.93667318328775,7.75144874694832,15.5006121046543,15.4999801243343,16.3326125709315,11.8138688987993
355.2,7.75,7.75,7.75030578187019,7.7499899880897,6.93667043975628,7.75144933064542,15.5006115637404,15.4999799761794,16.332645309254,11.8138622292893
355.3,7.75,7.75,7.75030551164873,7.74998991414987,6.93666769843397,7.75144991463068,15.5006110232975,15.4999798282997,16.3326780213857,11.8138555570442
355.4,7.75,7.75,7.75030524171324,7.74998984037707,6.93666495979409,7.75145049896475,15.5006104834265,15.4999796807541,16.3327107017157,11.8138488814896
355.5,7.75,7.75,7.75030497204045,7.74998976675762,6.93666222361795,7.75145108361808,15.5006099440809,15.4999795335152,16.3327433528363,11.8138422029072
355.6,7.75,7.75,7.75030470260248,7.74998969327518,6.9366594896438,7.75145166855596,15.500609405205,15.4999793865504,16.3327759778506,11.813835521627
355.7,7.75,7.75,7.75030443339915,7.74998961992959,6.93665675786986,7.75145225377752,15.5006088667983,15.4999792398592,16.3328085767795,11.8138288376583
355.8,7.75,7.75,7.75030416443032,7.74998954672071,6.93665402829435,7.75145283928185,15.5006083288606,15.4999790934414,16.332841149644,11.8138221510103
355.9,7.75,7.75,7.75030389574623,7.74998947367774,6.93665130138823,7.75145342512847,15.5006077914925,15.4999789473555,16.3328736908599,11.8138154611206
356,7.75,7.75,7.75030362732373,7.74998940078709,6.93664857693389,7.75145401128837,15.5006072546475,15.4999788015742,16.3329062030075,11.8138087682651
356.1,7.75,7.75,7.75030335913504,7.74998932803253,6.93664585467084,7.75145459772748,15.5006067182701,15.4999786560651,16.3329386891744,11.8138020727674
356.2,7.75,7.75,7.75030309117999,7.7499892554139,6.93664313459731,7.75145518444493,15.50060618236,15.4999785108278,16.3329711493817,11.8137953746365
356.3,7.75,7.75,7.75030282345844,7.74998918293106,6.93664041671152,7.75145577143982,15.5006056469169,15.4999783658621,16.3330035836502,11.8137886738817
356.4,7.75,7.75,7.75030255602042,7.74998911061302,6.93663770148218,7.75145635877054,15.5006051120408,15.499978221226,16.3330359864226,11.8137819699522
356.5,7.75,7.75,7.75030228884286,7.74998903844627,6.93663498869269,7.7514569464086,15.5006045776857,15.4999780768925,16.3330683602666,11.8137752631186
356.6,7.75,7.75,7.75030202189811,7.7499889664147,6.93663227808386,7.75145753432058,15.5006040437962,15.4999779328294,16.3331007082552,11.8137685536977
356.7,7.75,7.75,7.75030175518602,7.74998889451815,6.93662956965393,7.75145812250561,15.500603510372,15.4999777890363,16.3331330304092,11.8137618416985
356.8,7.75,7.75,7.75030148870641,7.74998882275647,6.93662686340113,7.7514587109628,15.5006029774128,15.4999776455129,16.3331653267492,11.8137551271303
356.9,7.75,7.75,7.75030122250912,7.74998875115848,6.93662415979186,7.75145929974942,15.5006024450182,15.499977502317,16.3331975917449,11.8137484094537
357,7.75,7.75,7.75030095657118,7.74998867971076,6.93662145861062,7.7514598888375,15.5006019131424,15.4999773594215,16.3332298279515,11.8137416889341
357.1,7.75,7.75,7.75030069086506,7.74998860839731,6.93661875959945,7.75146047819425,15.5006013817301,15.4999772167946,16.333262038427,11.8137349658817
357.2,7.75,7.75,7.75030042539058,7.74998853721796,6.93661606275661,7.75146106781881,15.5006008507812,15.4999770744359,16.3332942231923,11.8137282403054
357.3,7.75,7.75,7.7503001601476,7.74998846617258,6.93661336808034,7.7514616577103,15.5006003202952,15.4999769323452,16.3333263822679,11.8137215122144
357.4,7.75,7.75,7.75029989518573,7.74998839528978,6.93661067603479,7.75146224792486,15.5005997903715,15.4999767905796,16.33335851015,11.813714781081
357.5,7.75,7.75,7.75029963048209,7.74998832455625,6.93660798640548,7.75146283843506,15.5005992609642,15.4999766491125,16.3333906093814,11.8137080471649
357.6,7.75,7.75,7.75029936600927,7.74998825395606,6.93660529893573,7.75146342920873,15.5005987320185,15.4999765079121,16.3334226830056,11.81370131077
357.7,7.75,7.75,7.7502991017671,7.74998818348908,6.93660261362379,7.75146402024501,15.5005982035342,15.4999763669782,16.3334547310432,11.8136945719052
357.8,7.75,7.75,7.75029883775543,7.74998811315516,6.93659993046791,7.75146461154303,15.5005976755109,15.4999762263103,16.3334867535148,11.8136878305794
357.9,7.75,7.75,7.75029857402367,7.74998804298272,6.93659724993,7.75146520315784,15.5005971480473,15.4999760859654,16.3335187449427,11.8136810862766
358,7.75,7.75,7.75029831054902,7.74998797295853,6.93659457179663,7.75146579506251,15.500596621098,15.4999759459171,16.3335507078578,11.813674339251
358.1,7.75,7.75,7.7502980473042,7.74998790306679,6.93659189581235,7.7514663872255,15.5005960946084,15.4999758061336,16.3335826452889,11.8136675898001
358.2,7.75,7.75,7.75029778428905,7.74998783330736,6.93658922197542,7.75146697964595,15.5005955685781,15.4999756666147,16.3336145572562,11.8136608379327
358.3,7.75,7.75,7.75029752150339,7.74998776368007,6.93658655028412,7.751467572323,15.5005950430068,15.4999755273601,16.3336464437804,11.8136540836577
358.4,7.75,7.75,7.75029725899643,7.74998769421318,6.9365838811981,7.7514681653106,15.5005945179929,15.4999753884264,16.3336782994103,11.8136473264703
358.5,7.75,7.75,7.75029699674548,7.74998762489353,6.93658121450497,7.75146875858234,15.500593993491,15.4999752497871,16.3337101266643,11.8136405666195
358.6,7.75,7.75,7.75029673472337,7.74998755570544,6.93657854995053,7.75146935210729,15.5005934694467,15.4999751114109,16.3337419285566,11.8136338043964
358.7,7.75,7.75,7.75029647292993,7.74998748664875,6.93657588753304,7.7514699458846,15.5005929458599,15.4999749732975,16.3337737051077,11.8136270398098
358.8,7.75,7.75,7.750296211365,7.74998741772331,6.93657322725078,7.75147053991342,15.50059242273,15.4999748354466,16.3338054563378,11.8136202728684
358.9,7.75,7.75,7.75029595007757,7.74998734895717,6.9365705695612,7.7514711342466,15.5005919001551,15.4999746979143,16.3338371768219,11.8136135030787
359,7.75,7.75,7.75029568904503,7.74998728033728,6.93656791425292,7.75147172885826,15.5005913780901,15.4999745606746,16.3338688690664,11.8136067306845
359.1,7.75,7.75,7.75029542824035,7.74998721184805,6.93656526107298,7.75147232371807,15.5005908564807,15.4999744236961,16.3339005360711,11.8135999559705
359.2,7.75,7.75,7.75029516766335,7.74998714348932,6.93656261001966,7.75147291882517,15.5005903353267,15.4999742869786,16.3339321778561,11.8135931789454
359.3,7.75,7.75,7.75029490731387,7.74998707526096,6.93655996109123,7.75147351417874,15.5005898146277,15.4999741505219,16.3339637944417,11.8135863996179
359.4,7.75,7.75,7.75029464724068,7.74998700719081,6.93655731474294,7.75147410983055,15.5005892944814,15.4999740143816,16.333995380429,11.8135796175057
359.5,7.75,7.75,7.75029438742129,7.74998693926592,6.93655467076443,7.75147470575522,15.5005887748426,15.4999738785318,16.3340269383121,11.8135728328472
359.6,7.75,7.75,7.75029412782876,7.74998687147079,6.93655202890396,7.75147530192301,15.5005882556575,15.4999737429416,16.3340584710765,11.813566045921
359.7,7.75,7.75,7.75029386846293,7.74998680380527,6.93654938915983,7.75147589833309,15.5005877369259,15.4999736076105,16.3340899787424,11.8135592567357
359.8,7.75,7.75,7.75029360932363,7.74998673626923,6.93654675153032,7.75147649498463,15.5005872186473,15.4999734725385,16.3341214613297,11.8135524652999
359.9,7.75,7.75,7.75029335045942,7.74998666889033,6.93654411646847,7.75147709192835,15.5005867009188,15.4999733377807,16.3341529134654,11.8135456711423
360,7.75,7.75,7.75029309184791,7.74998660165569,6.93654148376495,7.75147768913935,15.5005861836958,15.4999732033114,16.3341843376318,11.8135388744962
360.1,7.75,7.75,7.75029283346228,7.74998653454992,6.93653885316923,7.75147828658851,15.5005856669246,15.4999730690998,16.3342157367999,11.813532075634
360.2,7.75,7.75,7.75029257530236,7.74998646757289,6.93653622467961,7.75147888427499,15.5005851506047,15.4999729351458,16.3342471109898,11.8135252745641
360.3,7.75,7.75,7.75029231736799,7.74998640072445,6.9365335982944,7.75147948219797,15.500584634736,15.4999728014489,16.3342784602214,11.8135184712952
360.4,7.75,7.75,7.75029205970752,7.74998633403207,6.93653097446444,7.75148008040711,15.500584119415,15.4999726680641,16.3343097791474,11.8135116653669
360.5,7.75,7.75,7.75029180229864,7.74998626748295,6.93652835298142,7.75148067887802,15.5005836045973,15.4999725349659,16.3343410702382,11.8135048570073
360.6,7.75,7.75,7.75029154511466,7.74998620106184,6.93652573359602,7.75148127758216,15.5005830902293,15.4999724021237,16.3343723364505,11.8134980464827
360.7,7.75,7.75,7.75029128815541,7.74998613476858,6.93652311630656,7.7514818765187,15.5005825763108,15.4999722695372,16.3344035778043,11.8134912338015
360.8,7.75,7.75,7.75029103142073,7.74998606860303,6.93652050111133,7.75148247568682,15.5005820628415,15.4999721372061,16.3344347943194,11.8134844189722
360.9,7.75,7.75,7.75029077495875,7.74998600259247,6.93651788845901,7.75148307513515,15.5005815499175,15.4999720051849,16.3344659806741,11.8134776015453
361,7.75,7.75,7.75029051874727,7.7499859367242,6.9365152781423,7.75148367483978,15.5005810374945,15.4999718734484,16.3344971393268,11.8134707817439
361.1,7.75,7.75,7.75029026275971,7.74998587098304,6.93651266991309,7.75148427477274,15.5005805255194,15.4999717419661,16.3345282732203,11.8134639598281
361.2,7.75,7.75,7.75029000699589,7.74998580536887,6.93651006376969,7.75148487493323,15.5005800139918,15.4999716107377,16.3345593823743,11.8134571358062
361.3,7.75,7.75,7.75028975145566,7.74998573988152,6.93650745971042,7.75148547532045,15.5005795029113,15.499971479763,16.3345904668086,11.8134503096867
361.4,7.75,7.75,7.75028949618695,7.7499856745481,6.9365048581818,7.75148607598196,15.5005789923739,15.4999713490962,16.3346215212268,11.8134434810309
361.5,7.75,7.75,7.75028924116764,7.749985609356,6.93650225897752,7.75148667689435,15.5005784823353,15.499971218712,16.3346525480758,11.8134366500568
361.6,7.75,7.75,7.75028898637127,7.74998554429014,6.93649966185066,7.75148727803024,15.5005779727425,15.4999710885803,16.334683550284,11.8134298170184
361.7,7.75,7.75,7.75028873179768,7.74998547935038,6.93649706679954,7.75148787938882,15.5005774635954,15.4999709587008,16.3347145278711,11.8134229819241
361.8,7.75,7.75,7.75028847744669,7.74998541453658,6.93649447382251,7.75148848096931,15.5005769548934,15.4999708290732,16.3347454808568,11.8134161447822
361.9,7.75,7.75,7.75028822336602,7.74998534987565,6.93649188336392,7.75148908281823,15.500576446732,15.4999706997513,16.3347764039701,11.8134093051647
362,7.75,7.75,7.75028796953368,7.74998528535505,6.93648929521846,7.75148968491266,15.5005759390674,15.4999705707101,16.334807299646,11.8134024632845
362.1,7.75,7.75,7.75028771592329,7.74998522095984,6.93648670914041,7.75149028722579,15.5005754318466,15.4999704419197,16.334838170799,11.8133956193898
362.2,7.75,7.75,7.7502874625347,7.74998515668985,6.9364841251281,7.75149088975684,15.5005749250694,15.4999703133797,16.3348690174487,11.8133887734888
362.3,7.75,7.75,7.75028720936775,7.74998509254496,6.93648154317987,7.751491492505,15.5005744187355,15.4999701850899,16.3348998396146,11.8133819255898
362.4,7.75,7.75,7.75028695646993,7.74998502855188,6.93647896373794,7.7514920955158,15.5005739129399,15.4999700571038,16.334930632051,11.8133750752753
362.5,7.75,7.75,7.75028670381935,7.74998496469818,6.936476386598,7.75149269876679,15.5005734076387,15.4999699293964,16.3349613971813,11.8133682227532
362.6,7.75,7.75,7.75028645138975,7.74998490096898,6.93647381151551,7.75149330223173,15.5005729027795,15.499969801938,16.3349921379058,11.813361368266
362.7,7.75,7.75,7.75028619918097,7.74998483736415,6.93647123848881,7.75149390590983,15.5005723983619,15.4999696747283,16.3350228542442,11.8133545118216
362.8,7.75,7.75,7.75028594719286,7.74998477388355,6.93646866751624,7.75149450980031,15.5005718943857,15.4999695477671,16.3350535462158,11.8133476534283
362.9,7.75,7.75,7.75028569547271,7.74998471055371,6.93646609903791,7.75149511394769,15.5005713909454,15.4999694211074,16.3350842086,11.8133407926792
363,7.75,7.75,7.75028544399869,7.74998464736229,6.93646353285047,7.75149571832998,15.5005708879974,15.4999692947246,16.3351148438085,11.8133339297771
363.1,7.75,7.75,7.7502851927447,7.74998458429451,6.93646096871057,7.75149632292151,15.5005703854894,15.499969168589,16.3351454547279,11.8133270649587
363.2,7.75,7.75,7.75028494171055,7.74998452135024,6.93645840661656,7.75149692772151,15.5005698834211,15.4999690427005,16.3351760413776,11.8133201982318
363.3,7.75,7.75,7.7502846908961,7.74998445852933,6.93645584656681,7.75149753272918,15.5005693817922,15.4999689170587,16.335206603777,11.8133133296048
363.4,7.75,7.75,7.75028444034843,7.74998439585815,6.93645328899928,7.75149813798805,15.5005688806969,15.4999687917163,16.3352371367303,11.8133064586808
363.5,7.75,7.75,7.75028419004582,7.74998433332441,6.93645073371162,7.75149874347661,15.5005683800916,15.4999686666488,16.3352676426376,11.8132995856581
363.6,7.75,7.75,7.75028393996225,7.74998427091347,6.93644818046164,7.75149934916975,15.5005678799245,15.4999685418269,16.3352981243718,11.8132927107674
363.7,7.75,7.75,7.75028369009757,7.74998420862519,6.93644562924772,7.7514999550667,15.5005673801951,15.4999684172504,16.3353285819522,11.8132858340166
363.8,7.75,7.75,7.75028344045161,7.74998414645941,6.93644308006821,7.75150056116667,15.5005668809032,15.4999682929188,16.335359015398,11.8132789554138
363.9,7.75,7.75,7.75028319107126,7.74998408444231,6.93644053335898,7.75150116751219,15.5005663821425,15.4999681688846,16.3353894195383,11.8132720745725
364,7.75,7.75,7.75028294193488,7.74998402256171,6.93643798891866,7.75150177408223,15.5005658838698,15.4999680451234,16.3354197967617,11.8132651916863
364.1,7.75,7.75,7.75028269301659,7.74998396080305,6.93643544650623,7.75150238085223,15.5005653860332,15.4999679216061,16.3354501499274,11.8132583069798
364.2,7.75,7.75,7.75028244431621,7.74998389916619,6.93643290612005,7.75150298782141,15.5005648886324,15.4999677983324,16.3354804790545,11.8132514204612
364.3,7.75,7.75,7.75028219583359,7.74998383765099,6.93643036775851,7.75150359498901,15.5005643916672,15.499967675302,16.3355107841621,11.8132445321383
364.4,7.75,7.75,7.75028194761541,7.74998377628344,6.93642783185538,7.75150420239656,15.5005638952308,15.4999675525669,16.335541060104,11.8132376416349
364.5,7.75,7.75,7.75028169964013,7.74998371505143,6.93642529821024,7.7515048100235,15.5005633992803,15.4999674301029,16.3355713092574,11.8132307491396
364.6,7.75,7.75,7.75028145188196,7.74998365394051,6.93642276658324,7.75150541784582,15.5005629037639,15.499967307881,16.3356015344678,11.8132238548717
364.7,7.75,7.75,7.75028120434074,7.74998359295055,6.93642023697277,7.75150602586275,15.5005624086815,15.4999671859011,16.3356317357542,11.813216958839
364.8,7.75,7.75,7.75028095701633,7.7499835320814,6.9364177093772,7.75150663407352,15.5005619140327,15.4999670641628,16.3356619131357,11.8132100610493
364.9,7.75,7.75,7.75028070995517,7.74998347135887,6.93641518422823,7.75150724251872,15.5005614199103,15.4999669427177,16.3356920614905,11.8132031611365
365,7.75,7.75,7.75028046313584,7.74998341077094,6.93641266132641,7.75150785117822,15.5005609262717,15.4999668215419,16.3357221831844,11.8131962592846
365.1,7.75,7.75,7.75028021653267,7.74998335030326,6.93641014043303,7.75150846002855,15.5005604330653,15.4999667006065,16.3357522810495,11.813189355707
365.2,7.75,7.75,7.75027997014549,7.74998328995568,6.9364076215465,7.75150906906895,15.500559940291,15.4999665799114,16.3357823551046,11.8131824504115
365.3,7.75,7.75,7.75027972397414,7.74998322972808,6.9364051046652,7.75150967829869,15.5005594479483,15.4999664594562,16.3358124053688,11.813175543406
365.4,7.75,7.75,7.7502794780649,7.74998316964607,6.93640259021873,7.75151028775735,15.5005589561298,15.4999663392921,16.3358424267444,11.8131686343343
365.5,7.75,7.75,7.7502792323964,7.74998310969772,6.93640007800864,7.75151089742527,15.5005584647928,15.4999662193954,16.3358724215863,11.8131617233757
365.6,7.75,7.75,7.7502789869431,7.74998304986878,6.93639756779735,7.75151150727953,15.5005579738862,15.4999660997376,16.3359023927128,11.8131548107379
365.7,7.75,7.75,7.75027874170484,7.74998299015911,6.93639505958327,7.75151211731938,15.5005574834097,15.4999659803182,16.3359323401427,11.8131478964289
365.8,7.75,7.75,7.75027849668145,7.74998293056857,6.9363925533648,7.75151272754406,15.5005569933629,15.4999658611371,16.3359622638949,11.8131409804562
365.9,7.75,7.75,7.750278251919,7.74998287112261,6.93639004956949,7.75151333799224,15.500556503838,15.4999657422452,16.3359921588961,11.8131340624737
366,7.75,7.75,7.75027800739623,7.74998281180937,6.93638754799981,7.75151394864469,15.5005560147925,15.4999656236187,16.33602202749,11.8131271426559
366.1,7.75,7.75,7.7502777630877,7.74998275261471,6.93638504841935,7.75151455947901,15.5005555261754,15.4999655052294,16.3360518724812,11.8131202212052
366.2,7.75,7.75,7.75027751899325,7.74998269353847,6.93638255082652,7.75151517049447,15.5005550379865,15.4999653870769,16.3360816938887,11.8131132981293
366.3,7.75,7.75,7.75027727511273,7.74998263458054,6.93638005521973,7.75151578169033,15.5005545502255,15.4999652691611,16.3361114917312,11.8131063734358
366.4,7.75,7.75,7.75027703149197,7.74998257576617,6.93637756202448,7.75151639310429,15.5005540629839,15.4999651515323,16.3361412609596,11.8130994467883
366.5,7.75,7.75,7.75027678810984,7.74998251708359,6.93637507104419,7.75151700471758,15.5005535762197,15.4999650341672,16.3361710039061,11.8130925183567
366.6,7.75,7.75,7.75027654494099,7.74998245851875,6.93637258204358,7.75151761650832,15.500553089882,15.4999649170375,16.3362007233624,11.813085588338
366.7,7.75,7.75,7.75027630198526,7.74998240007152,6.93637009502108,7.75151822847579,15.5005526039705,15.499964800143,16.336230419347,11.8130786567397
366.8,7.75,7.75,7.75027605924251,7.74998234174175,6.93636760997509,7.75151884061926,15.500552118485,15.4999646834835,16.3362600918787,11.8130717235694
366.9,7.75,7.75,7.75027581675837,7.74998228355454,6.93636512732909,7.75151945297548,15.5005516335167,15.4999645671091,16.3362897359324,11.8130647885004
367,7.75,7.75,7.75027557451178,7.7499822254982,6.93636264688744,7.75152006552614,15.5005511490236,15.4999644509964,16.3363193538292,11.8130578516981
367.1,7.75,7.75,7.75027533247753,7.74998216755876,6.93636016841598,7.75152067824987,15.5005506649551,15.4999643351175,16.3363489483474,11.8130509133539
367.2,7.75,7.75,7.75027509065546,7.74998210973611,6.93635769191315,7.75152129114596,15.5005501813109,15.4999642194722,16.3363785195056,11.8130439734755
367.3,7.75,7.75,7.75027484904541,7.74998205203009,6.93635521737737,7.75152190421369,15.5005496980908,15.4999641040602,16.3364080673223,11.8130370320702
367.4,7.75,7.75,7.75027460769281,7.74998199446563,6.93635274523008,7.75152251748889,15.5005492153856,15.4999639889313,16.3364375867963,11.813030088821
367.5,7.75,7.75,7.75027436657671,7.74998193703111,6.93635027527659,7.75152313095365,15.5005487331534,15.4999638740622,16.3364670802377,11.8130231438887
367.6,7.75,7.75,7.750274125672,7.74998187971269,6.93634780728386,7.75152374458716,15.500548251344,15.4999637594254,16.3364965504117,11.8130161974595
367.7,7.75,7.75,7.75027388497852,7.74998182251021,6.93634534125034,7.7515243583887,15.500547769957,15.4999636450204,16.3365259973365,11.8130092495408
367.8,7.75,7.75,7.7502736444961,7.74998176542356,6.93634287717444,7.75152497235756,15.5005472889922,15.4999635308471,16.3365554210307,11.81300230014
367.9,7.75,7.75,7.75027340427,7.74998170847746,6.9363404154756,7.75152558652864,15.50054680854,15.4999634169549,16.3365848165169,11.8129953489496
368,7.75,7.75,7.75027316427933,7.74998165166039,6.93633795596007,7.75152620088448,15.5005463285587,15.4999633033208,16.336614186094,11.812988396126
368.1,7.75,7.75,7.75027292449911,7.74998159495859,6.93633549839591,7.75152681540477,15.5005458489982,15.4999631899172,16.3366435325142,11.8129814418498
368.2,7.75,7.75,7.75027268492916,7.74998153837192,6.93633304278158,7.7515274300888,15.5005453698583,15.4999630767438,16.3366728557956,11.8129744861286
368.3,7.75,7.75,7.75027244556935,7.74998148190025,6.93633058911552,7.75152804493586,15.5005448911387,15.4999629638005,16.3367021559568,11.8129675289696
368.4,7.75,7.75,7.75027220646469,7.74998142556815,6.93632813781515,7.75152865997995,15.5005444129294,15.4999628511363,16.3367314280437,11.8129605700748
368.5,7.75,7.75,7.75027196759442,7.74998136936417,6.93632568868763,7.75152927520404,15.5005439351888,15.4999627387283,16.3367606743446,11.812953609596
368.6,7.75,7.75,7.75027172893365,7.74998131327463,6.93632324150217,7.75152989058832,15.5005434578673,15.4999626265493,16.3367898975983,11.8129466477089
368.7,7.75,7.75,7.75027149048221,7.74998125729942,6.9363207962572,7.7515305061321,15.5005429809644,15.4999625145988,16.3368190978232,11.8129396844206
368.8,7.75,7.75,7.75027125223996,7.7499812014384,6.93631835295119,7.75153112183466,15.5005425044799,15.4999624028768,16.3368482750374,11.8129327197384
368.9,7.75,7.75,7.75027101425173,7.74998114571595,6.93631591199957,7.7515317377291,15.5005420285035,15.4999622914319,16.3368774243106,11.8129257533738
369,7.75,7.75,7.75027077649683,7.74998109012071,6.93631347321041,7.75153235379882,15.5005415529937,15.4999621802414,16.33690654792,11.812918785474
369.1,7.75,7.75,7.75027053895049,7.74998103463912,6.93631103635402,7.75153297002451,15.500541077901,15.4999620692782,16.3369356485916,11.8129118162095
369.2,7.75,7.75,7.75027030161254,7.74998097927103,6.93630860142887,7.75153358640549,15.5005406032251,15.4999619585421,16.3369647263435,11.8129048455874
369.3,7.75,7.75,7.75027006448284,7.74998092401632,6.9363061684334,7.75153420294105,15.5005401289657,15.4999618480326,16.3369937811938,11.812897873615
369.4,7.75,7.75,7.75026982760602,7.74998086889921,6.93630373778107,7.75153481966339,15.500539655212,15.4999617377984,16.3370228082356,11.8128909000129
369.5,7.75,7.75,7.75026959096148,7.7499808139084,6.93630130928088,7.75153543655634,15.500539181923,15.4999616278168,16.3370518097353,11.812883924924
369.6,7.75,7.75,7.75026935452456,7.74998075903043,6.93629888270423,7.75153605360108,15.5005387090491,15.4999615180609,16.3370807884058,11.8128769485137
369.7,7.75,7.75,7.7502691182951,7.74998070426516,6.93629645804959,7.75153667079693,15.5005382365902,15.4999614085303,16.3371097442653,11.8128699707889
369.8,7.75,7.75,7.75026888227295,7.74998064961246,6.93629403531542,7.7515372881432,15.5005377645459,15.4999612992249,16.3371386773316,11.8128629917569
369.9,7.75,7.75,7.75026864650255,7.74998059509638,6.9362916149132,7.75153790567121,15.5005372930051,15.4999611901928,16.3371675827212,11.8128560111474
370,7.75,7.75,7.75026841096337,7.74998054070571,6.93628919665286,7.75153852336517,15.5005368219267,15.4999610814114,16.3371964626897,11.8128490290993
370.1,7.75,7.75,7.75026817563088,7.74998048642707,6.93628678030687,7.7515391412068,15.5005363512618,15.4999609728541,16.3372253199371,11.8128420457723
370.2,7.75,7.75,7.75026794050492,7.74998043226034,6.93628436587371,7.75153975919541,15.5005358810098,15.4999608645207,16.3372541544815,11.8128350611738
370.3,7.75,7.75,7.75026770558533,7.74998037820537,6.93628195335187,7.7515403773303,15.5005354111707,15.4999607564107,16.3372829663408,11.8128280753107
370.4,7.75,7.75,7.75026747091635,7.74998032428605,6.93627954315085,7.75154099564192,15.5005349418327,15.4999606485721,16.3373117506542,11.812821087922
370.5,7.75,7.75,7.75026723647756,7.74998027049124,6.93627713508148,7.75154161411492,15.5005344729551,15.4999605409825,16.3373405096669,11.812814099142
370.6,7.75,7.75,7.75026700224453,7.74998021680767,6.93627472891733,7.75154223273148,15.5005340044891,15.4999604336153,16.3373692460662,11.8128071091257
370.7,7.75,7.75,7.75026676821709,7.74998016323521,6.93627232465691,7.75154285149092,15.5005335364342,15.4999603264704,16.3373979598698,11.8128001178802
370.8,7.75,7.75,7.75026653439509,7.74998010977371,6.93626992229867,7.75154347039257,15.5005330687902,15.4999602195474,16.3374266510956,11.8127931254124
370.9,7.75,7.75,7.75026630082257,7.7499800564469,6.93626752225019,7.75154408946598,15.5005326016451,15.4999601128938,16.337455314906,11.8127861314701
371,7.75,7.75,7.7502660674792,7.74998000324371,6.9362651243232,7.75154470869621,15.5005321349584,15.4999600064874,16.3374839535354,11.8127791361838
371.1,7.75,7.75,7.75026583434065,7.74997995015096,6.93626272829236,7.75154532806595,15.5005316686813,15.4999599003019,16.3375125696582,11.8127721397032
371.2,7.75,7.75,7.75026560140678,7.74997989716852,6.93626033415616,7.75154594757451,15.5005312028136,15.499959794337,16.3375411632923,11.8127651420352
371.3,7.75,7.75,7.75026536867741,7.74997984429626,6.93625794191309,7.75154656722123,15.5005307373548,15.4999596885925,16.3375697344554,11.8127581431869
371.4,7.75,7.75,7.7502651361964,7.74997979155772,6.93625555196876,7.75154718703481,15.5005302723928,15.4999595831154,16.3375982783327,11.812751142915
371.5,7.75,7.75,7.75026490394349,7.74997973894192,6.93625316413583,7.7515478070007,15.500529807887,15.4999594778838,16.337626797148,11.8127441413456
371.6,7.75,7.75,7.75026467189449,7.74997968643577,6.93625077819,7.75154842710206,15.500529343789,15.4999593728715,16.3376552935631,11.8127371386235
371.7,7.75,7.75,7.75026444004923,7.74997963403914,6.93624839412979,7.75154904733824,15.5005288800985,15.4999592680783,16.3376837675959,11.8127301347557
371.8,7.75,7.75,7.75026420840756,7.74997958175191,6.93624601195369,7.75154966770856,15.5005284168151,15.4999591635038,16.3377122192638,11.812723129749
371.9,7.75,7.75,7.7502639770131,7.74997952959743,6.93624363206539,7.75155028824086,15.5005279540262,15.4999590591949,16.3377406437749,11.812716123369
372,7.75,7.75,7.75026374584574,7.74997947756481,6.93624125427842,7.75155090892102,15.5005274916915,15.4999589551296,16.3377690433424,11.8127091157377
372.1,7.75,7.75,7.75026351488134,7.74997942564106,6.93623887836959,7.75155152973267,15.5005270297627,15.4999588512821,16.3377974206156,11.812702106995
372.2,7.75,7.75,7.75026328411976,7.74997937382604,6.93623650433739,7.75155215067514,15.5005265682395,15.4999587476521,16.3378257756121,11.8126950971476
372.3,7.75,7.75,7.75026305356085,7.74997932211963,6.93623413218033,7.75155277174779,15.5005261071217,15.4999586442393,16.3378541083494,11.8126880862026
372.4,7.75,7.75,7.75026282324804,7.74997927054503,6.9362317623002,7.7515533929776,15.5005256464961,15.4999585410901,16.3378824140581,11.812681073934
372.5,7.75,7.75,7.75026259316129,7.74997921909141,6.93622939451139,7.75155401435084,15.5005251863226,15.4999584381828,16.3379106949411,11.8126740604599
372.6,7.75,7.75,7.75026236327658,7.74997916774588,6.93622702859177,7.75155463585162,15.5005247265532,15.4999583354918,16.337938953635,11.8126670459152
372.7,7.75,7.75,7.75026213359378,7.7499791165083,6.93622466453987,7.75155525747928,15.5005242671876,15.4999582330166,16.3379671901574,11.8126600303067
372.8,7.75,7.75,7.75026190411272,7.74997906537855,6.93622230235419,7.75155587923318,15.5005238082254,15.4999581307571,16.3379954045257,11.8126530136411
372.9,7.75,7.75,7.75026167487664,7.74997901437966,6.9362199424346,7.75155650113947,15.5005233497533,15.4999580287593,16.3380235919929,11.8126459957015
373,7.75,7.75,7.75026144586558,7.74997896350088,6.9362175845964,7.7515571231848,15.5005228917312,15.4999579270018,16.3380517547515,11.8126389766016
373.1,7.75,7.75,7.75026121705567,7.74997891272941,6.9362152286185,7.75155774535377,15.5005224341113,15.4999578254588,16.3380798954258,11.8126319564716
373.2,7.75,7.75,7.75026098844673,7.74997886206512,6.93621287449943,7.75155836764571,15.5005219768935,15.4999577241302,16.3381080140332,11.8126249353181
373.3,7.75,7.75,7.75026076003862,7.74997881150788,6.93621052223771,7.75155899005998,15.5005215200772,15.4999576230158,16.338136110591,11.8126179131479
373.4,7.75,7.75,7.75026053187438,7.74997876108055,6.93620817223131,7.75155961262192,15.5005210637488,15.4999575221611,16.3381641803746,11.8126108897525
373.5,7.75,7.75,7.75026030393415,7.74997871077247,6.93620582429641,7.75156023531856,15.5005206078683,15.4999574215449,16.3381922255662,11.8126038652418
373.6,7.75,7.75,7.75026007619413,7.74997866057093,6.93620347821297,7.75156085813494,15.5005201523883,15.4999573211419,16.3382202487775,11.8125968397409
373.7,7.75,7.75,7.75025984865417,7.7499786104758,6.93620113397953,7.75156148107044,15.5005196973083,15.4999572209516,16.338248250026,11.8125898132567
373.8,7.75,7.75,7.75025962131414,7.74997856048694,6.93619879159462,7.75156210412441,15.5005192426283,15.4999571209739,16.3382762293288,11.8125827857956
373.9,7.75,7.75,7.75025939421686,7.74997851062705,6.93619645145431,7.75156272732135,15.5005187884337,15.4999570212541,16.3383041819838,11.8125757571579
374,7.75,7.75,7.75025916734256,7.74997846088556,6.93619411337565,7.7515633506487,15.5005183346851,15.4999569217711,16.3383321101625,11.8125687274492
374.1,7.75,7.75,7.75025894066757,7.74997841124983,6.93619177713968,7.75156397409196,15.5005178813351,15.4999568224997,16.3383600164646,11.8125616967901
374.2,7.75,7.75,7.75025871419173,7.74997836171974,6.93618944274491,7.7515645976505,15.5005174283835,15.4999567234395,16.3383879009073,11.8125546651872
374.3,7.75,7.75,7.75025848791489,7.74997831229516,6.93618711018991,7.75156522132367,15.5005169758298,15.4999566245903,16.3384157635078,11.8125476326471
374.4,7.75,7.75,7.75025826187971,7.74997826299863,6.93618477986884,7.75156584513518,15.5005165237594,15.4999565259973,16.338443599586,11.8125405989782
374.5,7.75,7.75,7.75025803606649,7.74997821381963,6.93618245159965,7.75156646907283,15.500516072133,15.4999564276393,16.3384714113032,11.8125335642824
374.6,7.75,7.75,7.75025781045166,7.74997816474562,6.93618012516439,7.75156709312259,15.5005156209033,15.4999563294912,16.3384992012468,11.8125265286756
374.7,7.75,7.75,7.75025758503508,7.74997811577649,6.9361778005616,7.75156771728383,15.5005151700702,15.499956231553,16.338526969434,11.8125194921641
374.8,7.75,7.75,7.7502573598166,7.74997806691211,6.93617547778984,7.75156834155592,15.5005147196332,15.4999561338242,16.3385547158818,11.8125124547547
374.9,7.75,7.75,7.75025713483866,7.74997801817484,6.93617315724144,7.75156896596174,15.5005142696773,15.4999560363497,16.3385824359321,11.812505416264
375,7.75,7.75,7.75025691008168,7.74997796955425,6.93617083873516,7.75156959048949,15.5005138201634,15.4999559391085,16.3386101317362,11.81249837679
375.1,7.75,7.75,7.75025668552218,7.7499779210379,6.93616852205412,7.75157021512558,15.5005133710444,15.4999558420758,16.3386378058692,11.8124913364438
375.2,7.75,7.75,7.75025646116002,7.74997787262567,6.93616620719687,7.75157083986939,15.50051292232,15.4999557452513,16.3386654583481,11.8124842952319
375.3,7.75,7.75,7.75025623699505,7.74997782431742,6.93616389416195,7.75157146472029,15.5005124739901,15.4999556486348,16.33869308919,11.8124772531608
375.4,7.75,7.75,7.75025601306953,7.74997777613536,6.93616158333985,7.75157208970037,15.5005120261391,15.4999555522707,16.3387206937585,11.8124702100556
375.5,7.75,7.75,7.75025578936395,7.74997772806914,6.9361592745502,7.75157271479819,15.5005115787279,15.4999554561383,16.3387482741949,11.8124631660102
375.6,7.75,7.75,7.75025556585495,7.7499776801064,6.93615696757713,7.75157334000062,15.5005111317099,15.4999553602128,16.3387758330621,11.8124561211312
375.7,7.75,7.75,7.75025534254239,7.74997763224702,6.93615466241921,7.75157396530705,15.5005106850848,15.499955264494,16.3388033703771,11.812449075425
375.8,7.75,7.75,7.75025511942611,7.74997758449086,6.936152359075,7.75157459071684,15.5005102388522,15.4999551689817,16.3388308861568,11.812442028898
375.9,7.75,7.75,7.75025489654819,7.74997753685999,6.93615005793311,7.75157521625131,15.5005097930964,15.49995507372,16.3388583757868,11.8124349813835
376,7.75,7.75,7.7502546738892,7.7499774893441,6.93614775881404,7.75157584189938,15.5005093477784,15.4999549786882,16.338885841398,11.8124279329716
376.1,7.75,7.75,7.75025445142589,7.74997744193095,6.93614546150296,7.75157646764836,15.5005089028518,15.4999548838619,16.3389132855414,11.8124208837643
376.2,7.75,7.75,7.75025422915811,7.7499773946204,6.93614316599842,7.75157709349764,15.5005084583162,15.4999547892408,16.338940708234,11.8124138337679
376.3,7.75,7.75,7.75025400708573,7.74997734741232,6.93614087229899,7.75157771944661,15.5005080141715,15.4999546948246,16.3389681094924,11.8124067829888
376.4,7.75,7.75,7.7502537852506,7.74997730032861,6.93613858079147,7.75157834551577,15.5005075705012,15.4999546006572,16.338995484724,11.8123997312683
376.5,7.75,7.75,7.7502535636334,7.74997725335906,6.93613629129719,7.75157897169444,15.5005071272668,15.4999545067181,16.3390228360497,11.8123926786928
376.6,7.75,7.75,7.75025334221098,7.74997720649148,6.93613400360233,7.75157959797037,15.500506684422,15.499954412983,16.3390501660086,11.8123856253597
376.7,7.75,7.75,7.75025312098321,7.74997715972576,6.93613171770547,7.75158022434293,15.5005062419664,15.4999543194515,16.3390774746172,11.8123785712753
376.8,7.75,7.75,7.75025289994992,7.74997711306177,6.93612943360518,7.75158085081154,15.5005057998998,15.4999542261235,16.3391047618925,11.8123715164458
376.9,7.75,7.75,7.7502526791528,7.74997706652123,6.93612715168641,7.75158147739591,15.5005053583056,15.4999541330425,16.3391320232631,11.8123644607207
377,7.75,7.75,7.75025245857261,7.74997702009402,6.93612487177137,7.75158210408572,15.5005049171452,15.499954040188,16.3391592608401,11.8123574041825
377.1,7.75,7.75,7.75025223818631,7.74997697376805,6.93612259364724,7.75158273086917,15.5005044763726,15.4999539475361,16.3391864771505,11.8123503469242
377.2,7.75,7.75,7.75025201799375,7.74997692754318,6.93612031731259,7.75158335774563,15.5005040359875,15.4999538550864,16.339213672211,11.812343288952
377.3,7.75,7.75,7.75025179799479,7.7499768814193,6.93611804276602,7.75158398471452,15.5005035959896,15.4999537628386,16.3392408460382,11.8123362302721
377.4,7.75,7.75,7.75025157823091,7.74997683541797,6.93611577039066,7.75158461179478,15.5005031564618,15.4999536708359,16.3392679940824,11.8123291707418
377.5,7.75,7.75,7.75025135868296,7.74997678952914,6.93611350000955,7.75158523897648,15.5005027173659,15.4999535790583,16.3392951184446,11.81232211044
377.6,7.75,7.75,7.75025113932801,7.7499767437408,6.93611123141088,7.7515858662482,15.500502278656,15.4999534874816,16.33932222164,11.8123150494551
377.7,7.75,7.75,7.75025092016591,7.74997669805283,6.93610896459324,7.75158649360936,15.5005018403318,15.4999533961057,16.3393493036852,11.8123079877934
377.8,7.75,7.75,7.75025070119651,7.74997665246511,6.93610669955522,7.75158712105936,15.500501402393,15.4999533049302,16.3393763645967,11.8123009254609
377.9,7.75,7.75,7.75025048246112,7.74997660699905,6.93610443667815,7.75158774861639,15.5005009649222,15.4999532139981,16.3394033998461,11.8122938623229
378,7.75,7.75,7.75025026394066,7.74997656164465,6.93610217578591,7.75158837627087,15.5005005278813,15.4999531232893,16.3394304115246,11.8122867984545
378.1,7.75,7.75,7.75025004561231,7.74997651639001,6.93609991666768,7.75158900401182,15.5005000912246,15.49995303278,16.3394574021356,11.8122797339398
378.2,7.75,7.75,7.75024982747592,7.74997647123501,6.93609765932207,7.75158963183865,15.5004996549518,15.49995294247,16.3394843716955,11.8122726687849
378.3,7.75,7.75,7.75024960953136,7.74997642617951,6.93609540374768,7.75159025975078,15.5004992190627,15.499952852359,16.3395113202208,11.8122656029959
378.4,7.75,7.75,7.75024939181971,7.74997638124479,6.93609315032402,7.75159088776564,15.5004987836394,15.4999527624896,16.3395382432043,11.8122585364458
378.5,7.75,7.75,7.750249174322,7.74997633642091,6.93609089887583,7.75159151587399,15.500498348644,15.4999526728418,16.3395651427274,11.812251469206
378.6,7.75,7.75,7.75024895701552,7.74997629169605,6.93608864919327,7.7515921440653,15.500497914031,15.4999525833921,16.3395920212817,11.8122444013563
378.7,7.75,7.75,7.75024873990012,7.7499762470701,6.93608640127496,7.75159277233896,15.5004974798002,15.4999524941402,16.3396188788835,11.8122373329027
378.8,7.75,7.75,7.75024852297565,7.74997620254293,6.9360841551195,7.75159340069441,15.5004970459513,15.4999524050859,16.3396457155494,11.8122302638512
378.9,7.75,7.75,7.75024830628303,7.74997615813563,6.93608191110463,7.75159402914833,15.5004966125661,15.4999523162713,16.339672526793,11.8122231940827
379,7.75,7.75,7.75024808980336,7.74997611383837,6.93607966905589,7.75159465769184,15.5004961796067,15.4999522276767,16.3396993146861,11.8122161236648
379.1,7.75,7.75,7.75024787351403,7.7499760696394,6.93607742876446,7.7515952863148,15.5004957470281,15.4999521392788,16.3397260817086,11.812209052673
379.2,7.75,7.75,7.7502476574149,7.74997602553861,6.93607519022895,7.75159591501665,15.5004953148298,15.4999520510772,16.3397528278768,11.8122019811133
379.3,7.75,7.75,7.75024744150582,7.74997598153587,6.93607295344798,7.75159654379679,15.5004948830116,15.4999519630717,16.3397795532071,11.8121949089917
379.4,7.75,7.75,7.75024722582751,7.74997593765213,6.93607071879751,7.75159717267119,15.500494451655,15.4999518753043,16.3398062532341,11.8121878361965
379.5,7.75,7.75,7.75024701036118,7.7499758938776,6.93606848610388,7.75159780163131,15.5004940207224,15.4999517877552,16.33983293002,11.8121807627919
379.6,7.75,7.75,7.7502467950843,7.74997585020065,6.93606625515928,7.75159843066742,15.5004935901686,15.4999517004013,16.3398595860329,11.8121736888491
379.7,7.75,7.75,7.75024657999675,7.74997580662115,6.93606402596232,7.75159905977896,15.5004931599935,15.4999516132423,16.3398862212891,11.812166614374
379.8,7.75,7.75,7.75024636509836,7.74997576313898,6.93606179851164,7.75159968896536,15.5004927301967,15.499951526278,16.3399128358048,11.8121595393725
379.9,7.75,7.75,7.75024615042968,7.74997571977492,6.93605957318139,7.75160031824183,15.5004923008594,15.4999514395498,16.3399394251358,11.8121524637406
380,7.75,7.75,7.75024593597199,7.74997567651928,6.93605734979878,7.75160094760018,15.500491871944,15.4999513530386,16.3399659913342,11.8121453875388
380.1,7.75,7.75,7.75024572170288,7.74997563336049,6.93605512815695,7.7516015770311,15.5004914434058,15.499951266721,16.3399925368569,11.8121383108342
380.2,7.75,7.75,7.75024550762222,7.74997559029844,6.93605290825452,7.75160220653403,15.5004910152444,15.4999511805969,16.34001906172,11.8121312336325
380.3,7.75,7.75,7.75024529372985,7.74997554733299,6.93605069009013,7.75160283610841,15.5004905874597,15.499951094666,16.3400455659396,11.8121241559397
380.4,7.75,7.75,7.75024508006612,7.74997550448478,6.9360484740362,7.75160346576872,15.5004901601322,15.4999510089696,16.3400720450922,11.8121170776591
380.5,7.75,7.75,7.7502448666124,7.74997546174419,6.93604625992073,7.75160409550711,15.5004897332248,15.4999509234884,16.3400985012205,11.8121099988479
380.6,7.75,7.75,7.7502446533464,7.74997541909974,6.93604404753784,7.75160472531469,15.5004893066928,15.4999508381995,16.3401249367696,11.8121029195688
380.7,7.75,7.75,7.75024444026796,7.74997537655129,6.93604183688616,7.75160535519089,15.5004888805359,15.4999507531026,16.3401513517557,11.8120958398276
380.8,7.75,7.75,7.75024422737694,7.74997533409875,6.93603962796434,7.75160598513515,15.5004884547539,15.4999506681975,16.3401777461948,11.81208875963
380.9,7.75,7.75,7.7502440147135,7.74997529176258,6.93603742114303,7.75160661516125,15.500488029427,15.4999505835252,16.340204115684,11.8120816788871
381,7.75,7.75,7.75024380225911,7.74997524953322,6.93603521625106,7.75160724526166,15.5004876045182,15.4999504990664,16.3402304622564,11.8120745976523
381.1,7.75,7.75,7.75024358999155,7.74997520739929,6.93603301308352,7.7516078754279,15.5004871799831,15.4999504147986,16.3402567883459,11.8120675159842
381.2,7.75,7.75,7.75024337791069,7.74997516536066,6.93603081163904,7.75160850565942,15.5004867558214,15.4999503307213,16.3402830939684,11.8120604338886
381.3,7.75,7.75,7.75024316601638,7.74997512341721,6.93602861191627,7.75160913595564,15.5004863320328,15.4999502468344,16.3403093791398,11.8120533513712
381.4,7.75,7.75,7.75024295434859,7.74997508158928,6.93602641428414,7.75160976632965,15.5004859086972,15.4999501631786,16.3403356394779,11.8120462683503
381.5,7.75,7.75,7.75024274288888,7.74997503986737,6.93602421857227,7.75161039677424,15.5004854857778,15.4999500797347,16.3403618770062,11.8120391848759
381.6,7.75,7.75,7.75024253161513,7.74997499824017,6.93602202457671,7.75161102728133,15.5004850632303,15.4999499964803,16.3403880941472,11.8120321010026
381.7,7.75,7.75,7.75024232052722,7.74997495670756,6.93601983229611,7.75161165785038,15.5004846410544,15.4999499134151,16.3404142909168,11.8120250167359
381.8,7.75,7.75,7.75024210962498,7.74997491526944,6.93601764172912,7.75161228848083,15.50048421925,15.4999498305389,16.3404404673308,11.8120179320817
381.9,7.75,7.75,7.75024189894822,7.74997487394596,6.93601545324295,7.75161291918503,15.5004837978964,15.4999497478919,16.3404666190273,11.8120108469654
382,7.75,7.75,7.75024168847856,7.74997483272772,6.936013266668,7.75161354995613,15.5004833769571,15.4999496654554,16.3404927480205,11.8120037614337
382.1,7.75,7.75,7.75024147819401,7.74997479160349,6.93601108180129,7.75161418078644,15.500482956388,15.499949583207,16.3405188567215,11.811996675537
382.2,7.75,7.75,7.75024126809442,7.74997475057315,6.93600889864149,7.75161481167541,15.5004825361888,15.4999495011463,16.340544945146,11.8119895892809
382.3,7.75,7.75,7.75024105817965,7.74997470963659,6.93600671718724,7.7516154426225,15.5004821163593,15.4999494192732,16.34057101331,11.811982502671
382.4,7.75,7.75,7.75024084848931,7.74997466881382,6.93600453780403,7.75161607363936,15.5004816969786,15.4999493376276,16.3405970568718,11.8119754156402
382.5,7.75,7.75,7.7502406390051,7.74997462809551,6.93600236032306,7.75161670471947,15.5004812780102,15.499949256191,16.3406230778362,11.8119683282316
382.6,7.75,7.75,7.75024042970514,7.7499745874705,6.93600018454231,7.75161733585552,15.5004808594103,15.499949174941,16.340649078603,11.8119612404916
382.7,7.75,7.75,7.75024022058928,7.74997454693868,6.93599801046044,7.75161796704698,15.5004804411786,15.4999490938774,16.3406750591879,11.8119541524258
382.8,7.75,7.75,7.75024001165738,7.74997450649994,6.93599583807613,7.75161859829331,15.5004800233148,15.4999490129999,16.3407010196067,11.8119470640397
382.9,7.75,7.75,7.75023980294885,7.74997446617415,6.93599366775311,7.75161922960546,15.5004796058977,15.4999489323483,16.340726955538,11.8119399752734
383,7.75,7.75,7.7502395944455,7.74997442595203,6.93599149932341,7.75161986097724,15.500479188891,15.4999488519041,16.3407528689771,11.8119328861665
383.1,7.75,7.75,7.75023938612554,7.74997438582252,6.93598933258594,7.75162049240174,15.5004787722511,15.499948771645,16.3407787623128,11.8119257967616
383.2,7.75,7.75,7.75023917798883,7.74997434578551,6.93598716753939,7.75162112387842,15.5004783559777,15.499948691571,16.3408046355607,11.8119187070641
383.3,7.75,7.75,7.75023897003521,7.74997430584087,6.93598500418241,7.75162175540674,15.5004779400704,15.4999486116817,16.3408304887364,11.8119116170796
383.4,7.75,7.75,7.75023876230393,7.74997426600835,6.93598284287706,7.75162238699699,15.5004775246079,15.4999485320167,16.3408563175386,11.8119045267549
383.5,7.75,7.75,7.75023855477687,7.74997422627871,6.93598068345614,7.75162301864328,15.5004771095537,15.4999484525574,16.3408821239535,11.8118974361267
383.6,7.75,7.75,7.75023834743234,7.749974186641,6.93597852571951,7.7516236503391,15.5004766948647,15.499948373282,16.3409079103586,11.8118903452334
383.7,7.75,7.75,7.7502381402702,7.74997414709509,6.93597636966586,7.7516242820839,15.5004762805404,15.4999482941902,16.3409336767694,11.8118832540805
383.8,7.75,7.75,7.7502379332903,7.74997410764087,6.93597421529387,7.75162491387715,15.5004758665806,15.4999482152817,16.3409594232015,11.8118761626733
383.9,7.75,7.75,7.75023772653171,7.74997406829791,6.93597206296387,7.75162554572846,15.5004754530634,15.4999481365958,16.3409851453736,11.811869070966
384,7.75,7.75,7.75023751997638,7.74997402905708,6.93596991250947,7.75162617763227,15.5004750399528,15.4999480581142,16.3410108452626,11.8118619789916
384.1,7.75,7.75,7.75023731360272,7.74997398990748,6.93596776373147,7.75162680958242,15.5004746272054,15.499947979815,16.3410365252349,11.8118548867847
384.2,7.75,7.75,7.75023710741061,7.74997395084899,6.93596561662854,7.75162744157841,15.5004742148212,15.499947901698,16.3410621853059,11.8118477943508
384.3,7.75,7.75,7.75023690139989,7.74997391188151,6.9359634711994,7.75162807361969,15.5004738027998,15.499947823763,16.3410878254912,11.8118407016952
384.4,7.75,7.75,7.75023669560943,7.74997387302446,6.93596132780268,7.7516287057152,15.5004733912189,15.4999477460489,16.3411134415294,11.8118336087789
384.5,7.75,7.75,7.75023649002129,7.74997383426876,6.93595918627276,7.75162933785969,15.5004729800426,15.4999476685375,16.3411390353881,11.8118265156317
384.6,7.75,7.75,7.75023628461397,7.74997379560361,6.93595704641139,7.7516299700474,15.5004725692279,15.4999475912072,16.3411646094228,11.8118194222844
384.7,7.75,7.75,7.75023607938735,7.74997375702889,6.93595490821724,7.7516306022778,15.5004721587747,15.4999475140578,16.3411901636488,11.8118123287422
384.8,7.75,7.75,7.75023587434127,7.74997371854449,6.93595277168903,7.75163123455037,15.5004717486825,15.499947437089,16.3412156980815,11.8118052350107
384.9,7.75,7.75,7.75023566951442,7.74997368016969,6.93595063718373,7.75163186687337,15.5004713390288,15.4999473603394,16.3412412084795,11.8117981410574
385,7.75,7.75,7.75023546488894,7.74997364189549,6.93594850453648,7.75163249924188,15.5004709297779,15.499947283791,16.341266696801,11.8117910469091
385.1,7.75,7.75,7.75023526044344,7.74997360371115,6.93594637354996,7.7516331316505,15.5004705208869,15.4999472074223,16.3412921653907,11.8117839525927
385.2,7.75,7.75,7.75023505617779,7.74997356561657,6.93594424422287,7.75163376409871,15.5004701123556,15.4999471312331,16.3413176142638,11.8117768581134
385.3,7.75,7.75,7.75023485209184,7.74997352761162,6.93594211655391,7.75163439658599,15.5004697041837,15.4999470552232,16.3413430434355,11.8117697634765
385.4,7.75,7.75,7.75023464822409,7.74997348971545,6.93593999089838,7.75163502911995,15.5004692964482,15.4999469794309,16.3413684486842,11.8117626686566
385.5,7.75,7.75,7.75023444455677,7.74997345191911,6.93593786709222,7.75163566169598,15.5004688891135,15.4999469038382,16.3413938319591,11.8117555736772
385.6,7.75,7.75,7.75023424106858,7.74997341421197,6.93593574493901,7.75163629430904,15.5004684821372,15.4999468284239,16.3414191955937,11.8117484785614
385.7,7.75,7.75,7.7502340377594,7.7499733765939,6.93593362443746,7.75163692695861,15.5004680755188,15.4999467531878,16.3414445396034,11.8117413833142
385.8,7.75,7.75,7.75023383462907,7.74997333906479,6.93593150558628,7.7516375596442,15.5004676692581,15.4999466781296,16.3414698640032,11.8117342879411
385.9,7.75,7.75,7.75023363171592,7.74997330164363,6.93592938873911,7.75163819237275,15.5004672634318,15.4999466032873,16.341495164591,11.8117271924233
386,7.75,7.75,7.75023342900227,7.74997326432157,6.93592727373266,7.75163882513995,15.5004668580045,15.4999465286431,16.3415204433071,11.811720096781
386.1,7.75,7.75,7.75023322646691,7.74997322708801,6.93592516037143,7.75163945794113,15.5004664529338,15.499946454176,16.3415457024742,11.8117130010337
386.2,7.75,7.75,7.75023302410971,7.74997318994286,6.93592304865413,7.75164009077579,15.5004660482194,15.4999463798857,16.3415709421073,11.8117059051864
386.3,7.75,7.75,7.75023282193052,7.749973152886,6.93592093857949,7.75164072364344,15.500465643861,15.499946305772,16.3415961622217,11.8116988092443
386.4,7.75,7.75,7.75023261996751,7.74997311593628,6.93591883049949,7.75164135655035,15.500465239935,15.4999462318726,16.3416213586345,11.8116917131955
386.5,7.75,7.75,7.75023241820304,7.7499730790849,6.9359167242516,7.75164198949254,15.5004648364061,15.4999461581698,16.3416465332772,11.811684617057
386.6,7.75,7.75,7.75023221661603,7.74997304232136,6.93591461964124,7.7516426224657,15.5004644332321,15.4999460846427,16.3416716884614,11.8116775208444
386.7,7.75,7.75,7.75023201520634,7.74997300564556,6.93591251666713,7.75164325546933,15.5004640304127,15.4999460112911,16.3416968242024,11.8116704245629
386.8,7.75,7.75,7.75023181397384,7.74997296905737,6.93591041532799,7.75164388850293,15.5004636279477,15.4999459381147,16.3417219405152,11.8116633282176
386.9,7.75,7.75,7.75023161295648,7.74997293257552,6.93590831597418,7.75164452157216,15.500463225913,15.499945865151,16.3417470332364,11.811656231803
387,7.75,7.75,7.75023141213675,7.74997289619126,6.93590621844392,7.75164515467332,15.5004628242735,15.4999457923825,16.3417721042884,11.8116491353332
387.1,7.75,7.75,7.75023121149363,7.74997285989418,6.93590412254353,7.75164578780246,15.5004624229873,15.4999457197884,16.3417971559722,11.8116420388201
387.2,7.75,7.75,7.75023101102701,7.74997282368417,6.93590202827176,7.7516464209591,15.500462022054,15.4999456473683,16.3418221883029,11.8116349422687
387.3,7.75,7.75,7.75023081073674,7.74997278756112,6.93589993562733,7.75164705414272,15.5004616214735,15.4999455751222,16.3418472012954,11.8116278456841
387.4,7.75,7.75,7.7502306106606,7.74997275154359,6.93589784495895,7.75164768735837,15.5004612213212,15.4999455030872,16.3418721908058,11.8116207490673
387.5,7.75,7.75,7.75023041078115,7.74997271562291,6.93589575610559,7.75164832060264,15.5004608215623,15.4999454312458,16.3418971587472,11.8116136524295
387.6,7.75,7.75,7.7502302110775,7.74997267978875,6.93589366887451,7.75164895387193,15.500460422155,15.4999453595775,16.3419221074103,11.8116065557787
387.7,7.75,7.75,7.7502300115495,7.749972644041,6.93589158326444,7.75164958716577,15.500460023099,15.499945288082,16.34194703681,11.8115994591201
387.8,7.75,7.75,7.75022981219703,7.74997260837955,6.93588949927411,7.75165022048364,15.5004596243941,15.4999452167591,16.3419719469611,11.8115923624586
387.9,7.75,7.75,7.75022961305768,7.74997257282282,6.93588741725062,7.75165085382996,15.5004592261154,15.4999451456456,16.3419968337388,11.8115852658017
388,7.75,7.75,7.75022941411409,7.7499725373622,6.93588533703368,7.75165148720163,15.5004588282282,15.4999450747244,16.3420216990476,11.8115781691574
388.1,7.75,7.75,7.75022921534547,7.74997250198745,6.93588325843145,7.75165212059539,15.5004584306909,15.4999450039749,16.3420465451672,11.8115710725303
388.2,7.75,7.75,7.75022901675169,7.74997246669845,6.93588118144265,7.75165275401077,15.5004580335034,15.4999449333969,16.3420713721126,11.8115639759255
388.3,7.75,7.75,7.75022881833259,7.74997243149508,6.93587910606605,7.75165338744728,15.5004576366652,15.4999448629902,16.3420961798986,11.8115568793477
388.4,7.75,7.75,7.75022862012562,7.74997239639565,6.93587703264711,7.75165402090871,15.5004572402512,15.4999447927913,16.3421209644195,11.811549782811
388.5,7.75,7.75,7.75022842211349,7.7499723613916,6.9358749610263,7.75165465439222,15.500456844227,15.4999447227832,16.3421457275707,11.8115426863203
388.6,7.75,7.75,7.7502282242755,7.74997232647275,6.93587289101267,7.75165528789493,15.500456448551,15.4999446529455,16.3421704716216,11.8115355898767
388.7,7.75,7.75,7.75022802661152,7.74997229163901,6.93587082260495,7.75165592141637,15.500456053223,15.499944583278,16.342195196587,11.8115284934849
388.8,7.75,7.75,7.75022782912141,7.74997225689025,6.93586875580191,7.75165655495605,15.5004556582428,15.4999445137805,16.3422199024817,11.8115213971501
388.9,7.75,7.75,7.75022763184242,7.74997222224462,6.9358666909474,7.75165718851714,15.5004552636848,15.4999444444892,16.3422445852189,11.8115143008922
389,7.75,7.75,7.75022743475735,7.74997218769365,6.93586462788265,7.7516578220971,15.5004548695147,15.4999443753873,16.3422692466853,11.8115072047135
389.1,7.75,7.75,7.7502272378456,7.74997215322724,6.93586256641758,7.75165845569339,15.5004544756912,15.4999443064545,16.3422938891397,11.8115001086113
389.2,7.75,7.75,7.75022704110704,7.74997211884528,6.93586050655095,7.75165908930555,15.5004540822141,15.4999442376906,16.342318512597,11.8114930125905
389.3,7.75,7.75,7.75022684454153,7.74997208454766,6.93585844828152,7.75165972293309,15.5004536890831,15.4999441690953,16.3423431170717,11.811485916656
389.4,7.75,7.75,7.75022664818614,7.74997205035238,6.93585639195155,7.75166035657856,15.5004532963723,15.4999441007048,16.3423676984959,11.8114788208342
389.5,7.75,7.75,7.75022645202376,7.74997201625104,6.93585433740299,7.75166099023973,15.5004529040475,15.4999440325021,16.3423922587477,11.8114717251242
389.6,7.75,7.75,7.75022625603388,7.74997198223361,6.93585228444667,7.75166162391439,15.5004525120678,15.4999439644672,16.3424168000755,11.8114646295199
389.7,7.75,7.75,7.75022606021637,7.74997194829998,6.93585023308135,7.75166225760208,15.5004521204327,15.4999438966,16.3424413224938,11.8114575340262
389.8,7.75,7.75,7.75022586457109,7.74997191445004,6.93584818330578,7.75166289130231,15.5004517291422,15.4999438289001,16.3424658260174,11.8114504386479
389.9,7.75,7.75,7.75022566913494,7.74997188070167,6.93584613546064,7.75166352501705,15.5004513382699,15.4999437614033,16.3424903065969,11.8114433434176
390,7.75,7.75,7.75022547389089,7.74997184704652,6.93584408938863,7.75166415874434,15.5004509477818,15.499943694093,16.3425147661019,11.8114362483316
390.1,7.75,7.75,7.75022527881852,7.74997181347463,6.93584204490145,7.7516647924823,15.500450557637,15.4999436269493,16.3425392067703,11.8114291533801
390.2,7.75,7.75,7.75022508391771,7.7499717799859,6.93584000199785,7.75166542623048,15.5004501678354,15.4999435599718,16.3425636286167,11.8114220585681
390.3,7.75,7.75,7.75022488918831,7.74997174658023,6.93583796067662,7.75166605998841,15.5004497783766,15.4999434931605,16.3425880316554,11.8114149639003
390.4,7.75,7.75,7.75022469466706,7.74997171327534,6.93583592127684,7.75166669375744,15.5004493893341,15.4999434265507,16.3426124118562,11.8114078694155
390.5,7.75,7.75,7.75022450033699,7.74997168006296,6.93583388364194,7.7516673275359,15.500449000674,15.4999433601259,16.3426367710797,11.8114007751069
390.6,7.75,7.75,7.7502243061778,7.7499716469332,6.93583184758449,7.75166796132225,15.5004486123556,15.4999432938664,16.3426611115536,11.8113936809616
390.7,7.75,7.75,7.75022411218935,7.74997161388596,6.93582981310326,7.75166859511604,15.5004482243787,15.4999432277719,16.3426854332923,11.8113865869843
390.8,7.75,7.75,7.7502239183715,7.74997158092115,6.93582778019705,7.7516692289168,15.500447836743,15.4999431618423,16.3427097363102,11.8113794931798
390.9,7.75,7.75,7.75022372476082,7.74997154805634,6.93582574920334,7.7516698627253,15.5004474495216,15.4999430961127,16.3427340165956,11.8113723995928
391,7.75,7.75,7.75022353134041,7.74997151528332,6.93582371996631,7.75167049654014,15.5004470626808,15.4999430305666,16.3427582760005,11.8113653062137
391.1,7.75,7.75,7.75022333809007,7.7499714825923,6.9358216922994,7.75167113036012,15.5004466761801,15.4999429651846,16.3427825167423,11.8113582130263
391.2,7.75,7.75,7.75022314500966,7.74997144998317,6.9358196662014,7.75167176418479,15.5004462900193,15.4999428999663,16.3428067388353,11.8113511200352
391.3,7.75,7.75,7.75022295209905,7.74997141745582,6.93581764167107,7.75167239801368,15.5004459041981,15.4999428349116,16.342830942294,11.811344027245
391.4,7.75,7.75,7.75022275939462,7.74997138502771,6.93581561904437,7.75167303184697,15.5004455187892,15.4999427700554,16.3428551231249,11.8113369347066
391.5,7.75,7.75,7.75022256687957,7.74997135269069,6.9358135981662,7.75167366568355,15.5004451337591,15.4999427053814,16.3428792831717,11.8113298424076
391.6,7.75,7.75,7.75022237453377,7.74997132043502,6.93581157885084,7.75167429952254,15.5004447490675,15.49994264087,16.3429034246414,11.8113227503283
391.7,7.75,7.75,7.75022218235711,7.74997128826062,6.9358095610971,7.75167493336349,15.5004443647142,15.4999425765212,16.3429275475483,11.8113156584732
391.8,7.75,7.75,7.75022199034943,7.74997125616737,6.93580754490377,7.75167556720594,15.5004439806989,15.4999425123347,16.3429516519068,11.811308566847
391.9,7.75,7.75,7.75022179854696,7.7499712241726,6.93580553060522,7.75167620104951,15.5004435970939,15.4999424483452,16.3429757337418,11.8113014755065
392,7.75,7.75,7.75022160693297,7.74997119226821,6.93580351804706,7.75167683489333,15.5004432138659,15.4999423845364,16.3429997948885,11.8112943844365
392.1,7.75,7.75,7.75022141548743,7.74997116044456,6.93580150704448,7.75167746873687,15.5004428309749,15.4999423208891,16.3430238375437,11.8112872936138
392.2,7.75,7.75,7.75022122421022,7.74997112870154,6.93579949759627,7.75167810257966,15.5004424484204,15.4999422574031,16.3430478617217,11.8112802030432
392.3,7.75,7.75,7.75022103310119,7.74997109703904,6.93579748970122,7.75167873642127,15.5004420662024,15.4999421940781,16.3430718674367,11.8112731127291
392.4,7.75,7.75,7.7502208421964,7.74997106547426,6.93579548369215,7.75167937026072,15.5004416843928,15.4999421309485,16.3430958507321,11.8112660227342
392.5,7.75,7.75,7.75022065147919,7.74997103399917,6.93579347941542,7.75168000409743,15.5004413029584,15.4999420679983,16.3431198134343,11.8112589330406
392.6,7.75,7.75,7.75022046092964,7.74997100260419,6.93579147668703,7.75168063793119,15.5004409218593,15.4999420052084,16.3431437577303,11.8112518436218
392.7,7.75,7.75,7.75022027054762,7.74997097128922,6.9357894755058,7.75168127176153,15.5004405410952,15.4999419425784,16.3431676836341,11.8112447544823
392.8,7.75,7.75,7.75022008033298,7.74997094005415,6.93578747587053,7.75168190558802,15.500440160666,15.4999418801083,16.3431915911599,11.8112376656269
392.9,7.75,7.75,7.75021989032161,7.74997090891604,6.93578547811251,7.75168253940912,15.5004397806432,15.4999418178321,16.3432154763693,11.8112305771238
393,7.75,7.75,7.75021970049692,7.74997087786693,6.93578348207877,7.75168317322453,15.5004394009938,15.4999417557339,16.3432393410804,11.8112234889524
393.1,7.75,7.75,7.7502195108391,7.74997084689731,6.9357814875862,7.75168380703432,15.5004390216782,15.4999416937946,16.3432631874699,11.8112164010831
393.2,7.75,7.75,7.75021932134801,7.74997081600707,6.93577949463363,7.75168444083806,15.500438642696,15.4999416320141,16.343287015552,11.8112093135202
393.3,7.75,7.75,7.75021913202351,7.74997078519613,6.93577750321984,7.75168507463531,15.500438264047,15.4999415703923,16.3433108253406,11.8112022262684
393.4,7.75,7.75,7.75021894290131,7.74997075448139,6.93577551367459,7.75168570842398,15.5004378858026,15.4999415089628,16.3433346129155,11.8111951394019
393.5,7.75,7.75,7.75021875396491,7.74997072385495,6.93577352584565,7.75168634220401,15.5004375079298,15.4999414477099,16.3433583800863,11.8111880528972
393.6,7.75,7.75,7.75021856519458,7.74997069330739,6.93577153955074,7.75168697597581,15.5004371303892,15.4999413866148,16.3433821290199,11.8111809667213
393.7,7.75,7.75,7.75021837659019,7.74997066283861,6.93576955478867,7.75168760973894,15.5004367531804,15.4999413256772,16.3434058597302,11.8111738808789
393.8,7.75,7.75,7.7502181881516,7.74997063244849,6.93576757155828,7.75168824349298,15.5004363763032,15.499941264897,16.3434295722312,11.8111667953743
393.9,7.75,7.75,7.75021799991434,7.74997060215384,6.93576559018777,7.75168887723525,15.5004359998287,15.4999412043077,16.3434532626206,11.8111597102875
394,7.75,7.75,7.750217811862,7.74997057194681,6.9357636105256,7.75168951096599,15.500435623724,15.4999411438936,16.3434769326998,11.8111526255923
394.1,7.75,7.75,7.75021762397494,7.74997054181804,6.93576163239037,7.7516901446859,15.5004352479499,15.4999410836361,16.3435005846255,11.8111455412526
394.2,7.75,7.75,7.75021743625302,7.74997051176743,6.93575965578089,7.75169077839456,15.500434872506,15.4999410235349,16.3435242184118,11.8111384572729
394.3,7.75,7.75,7.75021724869612,7.74997048179488,6.93575768069598,7.75169141209153,15.5004344973922,15.4999409635898,16.3435478340724,11.8111313736576
394.4,7.75,7.75,7.75021706133959,7.74997045191706,6.93575570746235,7.75169204577361,15.5004341226792,15.4999409038341,16.343571427723,11.8111242904922
394.5,7.75,7.75,7.75021687416711,7.74997042212616,6.93575373592916,7.75169267944128,15.5004337483342,15.4999408442523,16.3435950011567,11.8111172077479
394.6,7.75,7.75,7.75021668715911,7.74997039241293,6.93575176591584,7.75169331309556,15.5004333743182,15.4999407848259,16.3436185565205,11.8111101253856
394.7,7.75,7.75,7.75021650031547,7.74997036277725,6.9357497974212,7.75169394673602,15.5004330006309,15.4999407255545,16.343642093828,11.8111030434095
394.8,7.75,7.75,7.75021631363606,7.74997033321901,6.93574783044408,7.75169458036223,15.5004326272721,15.499940666438,16.3436656130931,11.811095961824
394.9,7.75,7.75,7.75021612715607,7.74997030375477,6.93574586530968,7.75169521397045,15.5004322543121,15.4999406075095,16.3436891104494,11.8110888807202
395,7.75,7.75,7.75021594085924,7.74997027437678,6.93574390186786,7.75169584756141,15.5004318817185,15.4999405487536,16.3437125876816,11.8110818000669
395.1,7.75,7.75,7.75021575472612,7.74997024507584,6.93574193993887,7.75169648113645,15.5004315094522,15.4999404901517,16.3437360469267,11.8110747198214
395.2,7.75,7.75,7.75021556875658,7.74997021585185,6.93573997952155,7.75169711469512,15.5004311375132,15.4999404317037,16.3437594881985,11.8110676399883
395.3,7.75,7.75,7.75021538295048,7.74997018670471,6.93573802061473,7.75169774823702,15.500430765901,15.4999403734094,16.3437829115108,11.8110605605717
395.4,7.75,7.75,7.75021519734285,7.74997015765082,6.9357360635421,7.75169838175785,15.5004303946857,15.4999403153016,16.3438063130148,11.8110534816685
395.5,7.75,7.75,7.7502150119175,7.74997012868251,6.93573410815423,7.75169901525861,15.500430023835,15.499940257365,16.343829694487,11.8110464032445
395.6,7.75,7.75,7.75021482665508,7.74997009979066,6.9357321542722,7.75169964874092,15.5004296533102,15.4999401995813,16.3438530580547,11.8110393252542
395.7,7.75,7.75,7.75021464155546,7.74997007097515,6.93573020189485,7.75170028220436,15.5004292831109,15.4999401419503,16.3438764037316,11.811032247702
395.8,7.75,7.75,7.75021445661851,7.74997004223589,6.93572825102101,7.75170091564852,15.500428913237,15.4999400844718,16.3438997315313,11.811025170592
395.9,7.75,7.75,7.75021427187907,7.74997001358915,6.9357263019729,7.75170154906858,15.5004285437581,15.4999400271783,16.3439230376227,11.8110180940266
396,7.75,7.75,7.75021408732105,7.74996998502733,6.93572435460177,7.75170218246578,15.5004281746421,15.4999399700547,16.3439463237743,11.8110110179689
396.1,7.75,7.75,7.75021390292519,7.74996995654135,6.93572240872951,7.75170281584203,15.5004278058504,15.4999399130827,16.3439695921034,11.8110039423706
396.2,7.75,7.75,7.75021371869134,7.74996992813113,6.93572046435499,7.75170344919694,15.5004274373827,15.4999398562623,16.3439928426238,11.8109968672357
396.3,7.75,7.75,7.75021353461938,7.74996989979656,6.93571852147705,7.75170408253009,15.5004270692388,15.4999397995931,16.3440160753489,11.8109897925686
396.4,7.75,7.75,7.75021335074399,7.74996987155379,6.93571658041639,7.75170471583612,15.500426701488,15.4999397431076,16.3440392864653,11.8109827184768
396.5,7.75,7.75,7.75021316704916,7.74996984339527,6.93571464102496,7.75170534911653,15.5004263340983,15.4999396867905,16.3440624777332,11.8109756449212
396.6,7.75,7.75,7.7502129835157,7.74996981531201,6.9357127031255,7.75170598237353,15.5004259670314,15.499939630624,16.3440856512604,11.8109685718501
396.7,7.75,7.75,7.75021280014349,7.7499697873039,6.93571076671686,7.75170661560673,15.500425600287,15.4999395746078,16.3441088070603,11.8109614992677
396.8,7.75,7.75,7.75021261693239,7.74996975937085,6.93570883179789,7.75170724881571,15.5004252338648,15.4999395187417,16.3441319451466,11.8109544271782
396.9,7.75,7.75,7.75021243391693,7.74996973152888,6.93570689868781,7.7517078819946,15.5004248678339,15.4999394630578,16.3441550617231,11.8109473556946
397,7.75,7.75,7.75021225108116,7.7499697037705,6.93570496723927,7.75170851514514,15.5004245021623,15.499939407541,16.3441781585421,11.810940284775
397.1,7.75,7.75,7.75021206840599,7.74996967608678,6.93570303727582,7.75170914826984,15.500424136812,15.4999393521736,16.3442012377016,11.8109332143651
397.2,7.75,7.75,7.75021188589129,7.74996964847764,6.9357011087963,7.7517097813683,15.5004237717826,15.4999392969553,16.3442242992151,11.8109261444688
397.3,7.75,7.75,7.75021170353694,7.74996962094296,6.93569918179958,7.7517104144401,15.5004234070739,15.4999392418859,16.344247343096,11.8109190750903
397.4,7.75,7.75,7.7502115213773,7.74996959349864,6.93569725660342,7.75171104747887,15.5004230427546,15.4999391869973,16.3442703655656,11.8109120063479
397.5,7.75,7.75,7.75021133939648,7.74996956613726,6.93569533306113,7.75171168048658,15.500422678793,15.4999391322745,16.3442933683681,11.8109049381973
397.6,7.75,7.75,7.75021115757549,7.74996953884995,6.93569341099707,7.75171231346605,15.500422315151,15.4999390776999,16.344316353592,11.8108978705809
397.7,7.75,7.75,7.75021097591421,7.74996951163663,6.93569149041012,7.75171294641685,15.5004219518284,15.4999390232733,16.3443393212506,11.8108908035029
397.8,7.75,7.75,7.75021079441251,7.74996948449719,6.93568957129912,7.75171357933861,15.500421588825,15.4999389689944,16.3443622713573,11.8108837369674
397.9,7.75,7.75,7.75021061310458,7.7499694574474,6.93568765398039,7.75171421222441,15.5004212262092,15.4999389148948,16.3443852001507,11.8108766710978
398,7.75,7.75,7.75021043197462,7.74996943047989,6.93568573830791,7.75171484507649,15.5004208639492,15.4999388609598,16.3444081093671,11.8108696058475
398.1,7.75,7.75,7.75021025100374,7.74996940358588,6.93568382410685,7.75171547789792,15.5004205020075,15.4999388071718,16.3444310010851,11.8108625411559
398.2,7.75,7.75,7.75021007019179,7.74996937676526,6.93568191137608,7.75171611068832,15.5004201403836,15.4999387535305,16.3444538753182,11.810855477027
398.3,7.75,7.75,7.75020988953866,7.74996935001795,6.93568000011448,7.75171674344728,15.5004197790773,15.4999387000359,16.3444767320798,11.8108484134651
398.4,7.75,7.75,7.75020970907836,7.74996932335958,6.93567809063688,7.7517173761674,15.5004194181567,15.4999386467192,16.3444995676254,11.8108413505986
398.5,7.75,7.75,7.75020952879519,7.74996929678284,6.93567618279795,7.75171800885115,15.5004190575904,15.4999385935657,16.3445223836835,11.8108342883785
398.6,7.75,7.75,7.75020934867033,7.74996927027901,6.93567427642367,7.75171864150189,15.5004186973407,15.499938540558,16.3445451823233,11.8108272267413
398.7,7.75,7.75,7.75020916870364,7.74996924384801,6.93567237151291,7.75171927411924,15.5004183374073,15.499938487696,16.3445679635581,11.810820165691
398.8,7.75,7.75,7.75020898889501,7.74996921748973,6.93567046806455,7.7517199067028,15.50041797779,15.4999384349795,16.3445907274012,11.8108131052318
398.9,7.75,7.75,7.7502088092783,7.74996919121969,6.93566856639199,7.75172053924467,15.5004176185566,15.4999383824394,16.3446134701254,11.8108060454973
399,7.75,7.75,7.75020862983786,7.74996916503063,6.93566666635055,7.75172117174754,15.5004172596757,15.4999383300613,16.344636193451,11.810798986436
399.1,7.75,7.75,7.75020845055496,7.74996913891392,6.93566476776702,7.75172180421507,15.5004169011099,15.4999382778278,16.344658899438,11.8107919279815
399.2,7.75,7.75,7.75020827142949,7.74996911286944,6.93566287064028,7.75172243664686,15.500416542859,15.4999382257389,16.3446815880994,11.810784870138
399.3,7.75,7.75,7.75020809246132,7.74996908689712,6.93566097496921,7.75172306904254,15.5004161849226,15.4999381737942,16.3447042594486,11.8107778129093
399.4,7.75,7.75,7.75020791368413,7.74996906101234,6.93565908106577,7.7517237013937,15.5004158273683,15.4999381220247,16.3447269097753,11.8107707564342
399.5,7.75,7.75,7.75020773508238,7.7499690352079,6.93565718878595,7.75172433370326,15.5004154701648,15.4999380704158,16.344749540792,11.8107637006589
399.6,7.75,7.75,7.75020755663742,7.74996900947523,6.93565529795733,7.75172496597517,15.5004151132748,15.4999380189505,16.3447721545492,11.8107566455142
399.7,7.75,7.75,7.75020737834912,7.74996898381423,6.9356534085788,7.75172559820905,15.5004147566982,15.4999379676285,16.34479475106,11.810749591004
399.8,7.75,7.75,7.75020720021737,7.74996895822481,6.93565152064925,7.75172623040449,15.5004144004347,15.4999379164496,16.3448173303376,11.8107425371323
399.9,7.75,7.75,7.75020702227569,7.74996893272224,6.9356496344792,7.75172686255262,15.5004140445514,15.4999378654445,16.3448398886887,11.8107354840429
400,7.75,7.75,7.7502068445086,7.74996890729938,6.9356477499253,7.75172749465659,15.5004136890172,15.4999378145988,16.3448624278179,11.8107284316795
400.1,7.75,7.75,7.75020666689755,7.74996888194771,6.93564586681594,7.75172812672062,15.5004133337951,15.4999377638954,16.3448849497664,11.8107213799701
400.2,7.75,7.75,7.75020648944241,7.74996885666714,6.93564398515001,7.75172875874432,15.5004129788848,15.4999377133343,16.3449074545472,11.8107143289186
400.3,7.75,7.75,7.75020631214306,7.74996883145758,6.9356421049264,7.75172939072731,15.5004126242861,15.4999376629152,16.3449299421733,11.810707278529
400.4,7.75,7.75,7.75020613503288,7.74996880633419,6.9356402264542,7.75173002266022,15.5004122700658,15.4999376126684,16.3449524089684,11.81070022895
400.5,7.75,7.75,7.75020595809645,7.74996878128987,6.93563834959073,7.75173065454644,15.5004119161929,15.4999375625797,16.3449748566293,11.810693180123
400.6,7.75,7.75,7.7502057813153,7.74996875631617,6.93563647416517,7.75173128639044,15.5004115626306,15.4999375126323,16.3449972871878,11.8106861319732
400.7,7.75,7.75,7.75020560468932,7.74996873141302,6.9356346001764,7.75173191819186,15.5004112093786,15.499937462826,16.3450197006569,11.8106790845045
400.8,7.75,7.75,7.75020542821838,7.74996870658031,6.93563272762333,7.75173254995031,15.5004108564368,15.4999374131606,16.3450420970495,11.8106720377206
400.9,7.75,7.75,7.7502052519357,7.74996868183308,6.93563085681363,7.75173318165593,15.5004105038714,15.4999373636662,16.3450644727061,11.8106649917755
401,7.75,7.75,7.75020507582593,7.74996865716428,6.93562898760527,7.75173381331235,15.5004101516519,15.4999373143286,16.3450868293157,11.8106579466081
401.1,7.75,7.75,7.7502048998707,7.74996863256556,6.93562711982821,7.75173444492432,15.5004097997414,15.4999372651311,16.3451091689009,11.8106509021408
401.2,7.75,7.75,7.75020472406989,7.74996860803682,6.93562525348136,7.75173507649146,15.5004094481398,15.4999372160736,16.3451314914745,11.8106438583775
401.3,7.75,7.75,7.75020454842338,7.74996858357795,6.93562338856362,7.7517357080134,15.5004090968468,15.4999371671559,16.3451537970495,11.8106368153219
401.4,7.75,7.75,7.75020437296422,7.74996855920389,6.93562152538125,7.75173633947981,15.5004087459284,15.4999371184078,16.3451760819829,11.8106297731328
401.5,7.75,7.75,7.75020419767714,7.74996853490764,6.93561966379287,7.75173697089452,15.5004083953543,15.4999370698153,16.3451983479561,11.8106227317468
401.6,7.75,7.75,7.75020402254386,7.7499685106809,6.93561780362923,7.75173760226257,15.5004080450877,15.4999370213618,16.3452205969824,11.8106156910836
401.7,7.75,7.75,7.75020384756425,7.74996848652358,6.93561594488924,7.75173823358356,15.5004076951285,15.4999369730472,16.3452428290746,11.8106086511471
401.8,7.75,7.75,7.7502036727382,7.74996846243558,6.93561408757179,7.75173886485716,15.5004073454764,15.4999369248712,16.3452650442456,11.8106016119409
401.9,7.75,7.75,7.7502034980986,7.7499684384317,6.93561223198176,7.75173949607253,15.5004069961972,15.4999368768634,16.345287238869,11.8105945736286
402,7.75,7.75,7.75020332363025,7.74996841450502,6.93561037797842,7.75174012723376,15.5004066472605,15.49993682901,16.3453094146185,11.8105875361445
402.1,7.75,7.75,7.75020314931496,7.7499683906473,6.93560852539328,7.75174075834612,15.5004062986299,15.4999367812946,16.3453315734982,11.8105804994058
402.2,7.75,7.75,7.75020297515261,7.74996836685844,6.93560667422526,7.75174138940924,15.5004059503052,15.4999367337169,16.3453537155209,11.810573463416
402.3,7.75,7.75,7.75020280114307,7.74996834313834,6.93560482447327,7.75174202042277,15.5004056022861,15.4999366862767,16.3453758406995,11.8105664281791
402.4,7.75,7.75,7.75020262731908,7.7499683195017,6.93560297644077,7.75174265137544,15.5004052546382,15.4999366390034,16.3453979454238,11.8105593938631
402.5,7.75,7.75,7.75020245366552,7.74996829594163,6.9356011299877,7.75174328227152,15.500404907331,15.4999365918833,16.3454200313602,11.8105523604002
402.6,7.75,7.75,7.75020228016428,7.74996827244997,6.93559928494632,7.75174391311655,15.5004045603286,15.4999365448999,16.3454421005036,11.8105453277048
402.7,7.75,7.75,7.75020210681525,7.74996824902661,6.93559744131557,7.75174454391019,15.5004042136305,15.4999364980532,16.3454641528666,11.8105382957807
402.8,7.75,7.75,7.75020193361829,7.74996822567148,6.93559559909437,7.75174517465206,15.5004038672366,15.499936451343,16.3454861884621,11.8105312646314
402.9,7.75,7.75,7.75020176060599,7.74996820239913,6.93559375858479,7.75174580533045,15.500403521212,15.4999364047983,16.3455082036964,11.8105242344299
403,7.75,7.75,7.7502015877633,7.74996817920274,6.93559191964739,7.75174643594984,15.5004031755266,15.4999363584055,16.3455302002282,11.8105172051061
403.1,7.75,7.75,7.75020141507219,7.74996815607421,6.93559008211523,7.75174706651605,15.5004028301444,15.4999363121484,16.3455521800433,11.8105101765719
403.2,7.75,7.75,7.75020124253255,7.74996813301344,6.93558824598724,7.7517476970287,15.5004024850651,15.4999362660269,16.3455741431543,11.8105031488307
403.3,7.75,7.75,7.75020107014426,7.74996811002034,6.93558641126234,7.75174832748746,15.5004021402885,15.4999362200407,16.345596089574,11.8104961218864
403.4,7.75,7.75,7.75020089793973,7.74996808710935,6.93558457824122,7.75174895788013,15.5004017958795,15.4999361742187,16.3456180157251,11.8104890959163
403.5,7.75,7.75,7.750200725904,7.74996806427372,6.9355827467851,7.75174958821142,15.500401451808,15.4999361285474,16.3456399232586,11.8104820708483
403.6,7.75,7.75,7.75020055401912,7.74996804150541,6.93558091672778,7.7517502184874,15.5004011080382,15.4999360830108,16.3456618141513,11.8104750465916
403.7,7.75,7.75,7.75020038228498,7.74996801880431,6.9355790880682,7.75175084870772,15.50040076457,15.4999360376086,16.3456836884159,11.8104680231496
403.8,7.75,7.75,7.75020021070145,7.74996799617034,6.9355772608053,7.75175147887201,15.5004004214029,15.4999359923407,16.345705546065,11.8104610005261
403.9,7.75,7.75,7.7502000393008,7.74996797361782,6.93557543523839,7.75175210896764,15.5004000786016,15.4999359472356,16.3457273835376,11.8104539789032
404,7.75,7.75,7.75019986806813,7.74996795114005,6.93557361122931,7.75175273899955,15.5003997361363,15.4999359022801,16.3457492024771,11.8104469582063
404.1,7.75,7.75,7.75019969698559,7.74996792872906,6.93557178861265,7.75175336897403,15.5003993939712,15.4999358574581,16.3457710048514,11.8104399383422
404.2,7.75,7.75,7.75019952605306,7.74996790638474,6.93556996738733,7.75175399889075,15.5003990521061,15.4999358127695,16.3457927906731,11.8104329193144
404.3,7.75,7.75,7.75019935527042,7.749967884107,6.9355681475523,7.75175462874935,15.5003987105408,15.499935768214,16.3458145599547,11.8104259011264
404.4,7.75,7.75,7.75019918466977,7.74996786191007,6.9355663294055,7.75175525853675,15.5003983693395,15.4999357238201,16.3458363091513,11.8104188839649
404.5,7.75,7.75,7.7501990142363,7.74996783978728,6.93556451280942,7.7517558882581,15.5003980284726,15.4999356795746,16.345858039899,11.8104118677534
404.6,7.75,7.75,7.75019884395222,7.74996781773073,6.93556269759938,7.75175651791994,15.5003976879044,15.4999356354615,16.3458797541567,11.8104048523958
404.7,7.75,7.75,7.75019867381743,7.74996779574031,6.93556088377433,7.75175714752194,15.5003973476349,15.4999355914806,16.3459014519368,11.8103978378957
404.8,7.75,7.75,7.7501985038318,7.74996777381594,6.93555907133322,7.75175777706375,15.5003970076636,15.4999355476319,16.3459231332519,11.8103908242566
404.9,7.75,7.75,7.7501983340273,7.74996775197173,6.93555726057264,7.75175840653184,15.5003966680546,15.4999355039435,16.3459447945732,11.8103838116698
405,7.75,7.75,7.75019816438915,7.74996773020106,6.93555545135568,7.75175903593157,15.5003963287783,15.4999354604021,16.3459664375292,11.8103768000564
405.1,7.75,7.75,7.75019799489969,7.74996770849608,6.93555364351843,7.75175966526974,15.5003959897994,15.4999354169922,16.34598806407,11.810369789318
405.2,7.75,7.75,7.75019782555879,7.74996768685671,6.93555183705985,7.75176029454601,15.5003956511176,15.4999353737134,16.346009674208,11.8103627794581
405.3,7.75,7.75,7.75019765636633,7.74996766528286,6.93555003197889,7.75176092376004,15.5003953127327,15.4999353305657,16.3460312679555,11.8103557704801
405.4,7.75,7.75,7.75019748735412,7.74996764378851,6.93554822857077,7.75176155289787,15.5003949747082,15.499935287577,16.3460528417999,11.8103487625797
405.5,7.75,7.75,7.75019731850746,7.74996762236711,6.93554642669924,7.75176218196506,15.5003946370149,15.4999352447342,16.3460743973623,11.8103417556761
405.6,7.75,7.75,7.75019714980877,7.74996760101088,6.93554462620112,7.75176281096864,15.5003942996175,15.4999352020218,16.3460959365839,11.8103347496683
405.7,7.75,7.75,7.75019698125792,7.74996757971972,6.93554282707538,7.7517634399083,15.5003939625158,15.4999351594394,16.3461174594769,11.8103277445597
405.8,7.75,7.75,7.7501968128548,7.74996755849355,6.93554102932095,7.75176406878368,15.5003936257096,15.4999351169871,16.3461389660539,11.8103207403537
405.9,7.75,7.75,7.75019664463105,7.74996753734623,6.93553923323175,7.7517646975804,15.5003932892621,15.4999350746925,16.3461604528178,11.8103137372505
406,7.75,7.75,7.75019647657206,7.74996751627128,6.93553743867212,7.75176532630423,15.5003929531441,15.4999350325426,16.3461819213826,11.8103067351671
406.1,7.75,7.75,7.75019630866031,7.74996749526096,6.93553564547965,7.75176595496244,15.5003926173206,15.4999349905219,16.3462033736806,11.810299734
406.2,7.75,7.75,7.7501961408957,7.74996747431519,6.93553385365328,7.75176658355471,15.5003922817914,15.4999349486304,16.346224809724,11.8102927337526
406.3,7.75,7.75,7.75019597327809,7.74996745343388,6.93553206319199,7.7517672120807,15.5003919465562,15.4999349068678,16.3462462295252,11.8102857344284
406.4,7.75,7.75,7.750195805839,7.74996743263079,6.93553027438831,7.7517678405256,15.500391611678,15.4999348652616,16.3462676296031,11.8102787362317
406.5,7.75,7.75,7.75019563856386,7.74996741189947,6.93552848710724,7.75176846889536,15.5003912771277,15.4999348237989,16.3462890115642,11.8102717390776
406.6,7.75,7.75,7.75019547143526,7.74996739123226,6.93552670118708,7.75176909719752,15.5003909428705,15.4999347824645,16.3463103773322,11.8102647428602
406.7,7.75,7.75,7.75019530445307,7.74996737062908,6.9355249166268,7.75176972543174,15.5003906089061,15.4999347412582,16.3463317269192,11.8102577475828
406.8,7.75,7.75,7.75019513761719,7.74996735008984,6.93552313342538,7.75177035359771,15.5003902752344,15.4999347001797,16.3463530603374,11.8102507532488
406.9,7.75,7.75,7.75019497095895,7.74996732962817,6.93552135187403,7.75177098168017,15.5003899419179,15.4999346592563,16.3463743741217,11.8102437600669
407,7.75,7.75,7.75019480446387,7.74996730923769,6.93551957183833,7.75177160968529,15.5003896089277,15.4999346184754,16.3463956698711,11.8102367679502
407.1,7.75,7.75,7.75019463811462,7.74996728891081,6.93551779315735,7.75177223762083,15.5003892762292,15.4999345778216,16.3464169495006,11.8102297767901
407.2,7.75,7.75,7.75019447191108,7.74996726864743,6.93551601583005,7.75177286548648,15.5003889438222,15.4999345372949,16.3464382130224,11.8102227865902
407.3,7.75,7.75,7.75019430585314,7.74996724844746,6.93551423985542,7.7517734932819,15.5003886117063,15.4999344968949,16.3464594604486,11.8102157973537
407.4,7.75,7.75,7.75019413997197,7.74996722832445,6.93551246552334,7.75177412099143,15.5003882799439,15.4999344566489,16.3464806883295,11.8102088092936
407.5,7.75,7.75,7.75019397425318,7.74996720827204,6.93551069270002,7.75177474862144,15.5003879485064,15.4999344165441,16.3465018982572,11.8102018223209
407.6,7.75,7.75,7.75019380867951,7.74996718828271,6.93550892122524,7.75177537617992,15.500387617359,15.4999343765654,16.3465230921378,11.8101948363248
407.7,7.75,7.75,7.75019364325084,7.74996716835636,6.93550715109799,7.75177600366656,15.5003872865017,15.4999343367127,16.3465442699835,11.8101878513087
407.8,7.75,7.75,7.75019347796706,7.74996714849292,6.93550538231725,7.75177663108103,15.5003869559341,15.4999342969858,16.3465654318064,11.8101808672758
407.9,7.75,7.75,7.75019331285921,7.74996712870579,6.93550361517157,7.75177725840726,15.5003866257184,15.4999342574116,16.3465865741724,11.8101738844433
408,7.75,7.75,7.75019314791294,7.7499671089887,6.93550184952779,7.7517778856518,15.5003862958259,15.4999342179774,16.3466076986663,11.8101669027202
408.1,7.75,7.75,7.75019298311109,7.74996708933417,6.93550008522642,7.75177851282289,15.5003859662222,15.4999341786683,16.3466288071856,11.8101599219934
408.2,7.75,7.75,7.75019281845354,7.7499670697421,6.93549832226644,7.75177913992021,15.5003856369071,15.4999341394842,16.3466498997424,11.8101529422661
408.3,7.75,7.75,7.75019265394018,7.74996705021243,6.93549656064683,7.75177976694344,15.5003853078804,15.4999341004249,16.3466709763489,11.8101459635417
408.4,7.75,7.75,7.75019248960189,7.74996703075845,6.93549480065487,7.75178039387611,15.5003849792038,15.4999340615169,16.3466920335862,11.8101389860414
408.5,7.75,7.75,7.7501923254244,7.74996701137393,6.93549304215796,7.75178102072494,15.5003846508488,15.4999340227479,16.3467130730322,11.8101320096723
408.6,7.75,7.75,7.75019216139064,7.74996699205146,6.93549128499735,7.75178164749843,15.5003843227813,15.4999339841029,16.3467340965759,11.810125034319
408.7,7.75,7.75,7.75019199750047,7.74996697279096,6.93548952917204,7.75178227419623,15.5003839950009,15.4999339455819,16.3467551042291,11.8101180599846
408.8,7.75,7.75,7.75019183375379,7.74996695359232,6.93548777468102,7.75178290081805,15.5003836675076,15.4999339071846,16.3467760960038,11.8101110866723
408.9,7.75,7.75,7.75019167018134,7.74996693446876,6.93548602181023,7.75178352734699,15.5003833403627,15.4999338689375,16.346797068497,11.8101041146077
409,7.75,7.75,7.7501915067689,7.7499669154141,6.9354842704277,7.75178415378999,15.5003830135378,15.4999338308282,16.3468180232791,11.8100971436958
409.1,7.75,7.75,7.75019134349949,7.74996689642098,6.9354825203754,7.75178478015575,15.500382686999,15.499933792842,16.3468389622306,11.8100901738189
409.2,7.75,7.75,7.75019118037299,7.74996687748931,6.93548077165233,7.75178540644396,15.500382360746,15.4999337549786,16.3468598853634,11.8100832049801
409.3,7.75,7.75,7.75019101738927,7.749966858619,6.93547902425748,7.75178603265429,15.5003820347785,15.499933717238,16.3468807926894,11.8100762371826
409.4,7.75,7.75,7.75019085457893,7.74996683982316,6.93547727847551,7.75178665876947,15.5003817091579,15.4999336796463,16.3469016808208,11.810069270656
409.5,7.75,7.75,7.75019069192784,7.74996682109565,6.93547553417503,7.75178728479663,15.5003813838557,15.4999336421913,16.346922551321,11.8100623053033
409.6,7.75,7.75,7.75019052941908,7.74996680242917,6.93547379119874,7.75178791074467,15.5003810588382,15.4999336048583,16.346943406062,11.8100553410046
409.7,7.75,7.75,7.75019036705253,7.74996678382364,6.93547204954564,7.7517885366133,15.5003807341051,15.4999335676473,16.3469642450556,11.8100483777631
409.8,7.75,7.75,7.75019020482808,7.74996676527898,6.93547030921473,7.7517891624022,15.5003804096562,15.499933530558,16.3469850683137,11.8100414155817
409.9,7.75,7.75,7.75019004277616,7.74996674680816,6.93546857048938,7.75178978809369,15.5003800855523,15.4999334936163,16.3470058724638,11.8100344546942
410,7.75,7.75,7.75018988088272,7.74996672840511,6.93546683323879,7.75179041369509,15.5003797617654,15.4999334568102,16.3470266590621,11.8100274950017
410.1,7.75,7.75,7.75018971913091,7.74996671006259,6.93546509730639,7.75179103921553,15.5003794382618,15.4999334201252,16.3470474299723,11.8100205363819
410.2,7.75,7.75,7.75018955752063,7.74996669178052,6.93546336269116,7.75179166465472,15.5003791150413,15.499933383561,16.3470681852061,11.810013578838
410.3,7.75,7.75,7.75018939605175,7.74996667355882,6.93546162939213,7.75179229001233,15.5003787921035,15.4999333471176,16.3470889247753,11.810006622373
410.4,7.75,7.75,7.75018923475457,7.74996665541035,6.93545989769136,7.75179291527031,15.5003784695091,15.4999333108207,16.3471096453226,11.8099996672245
410.5,7.75,7.75,7.7501890736151,7.7499666373291,6.93545816745867,7.75179354043616,15.5003781472302,15.4999332746582,16.3471303483972,11.8099927132919
410.6,7.75,7.75,7.75018891261657,7.74996661930788,6.93545643853818,7.75179416551923,15.5003778252331,15.4999332386158,16.3471510358543,11.8099857604506
410.7,7.75,7.75,7.75018875175888,7.74996660134661,6.9354547109289,7.75179479051921,15.5003775035178,15.4999332026932,16.3471717077056,11.8099788087036
410.8,7.75,7.75,7.7501885910419,7.7499665834452,6.93545298462983,7.75179541543581,15.5003771820838,15.4999331668904,16.3471923639629,11.8099718580542
410.9,7.75,7.75,7.7501884304958,7.74996656561643,6.93545125992179,7.75179604025057,15.5003768609916,15.4999331312329,16.3472130012839,11.8099649087436
411,7.75,7.75,7.75018827010663,7.74996654785432,6.93544953667516,7.75179666497117,15.5003765402133,15.4999330957086,16.347233621211,11.8099579606695
411.1,7.75,7.75,7.75018810985773,7.74996653015175,6.93544781473479,7.75179728960719,15.5003762197155,15.4999330603035,16.3472542255908,11.809951013705
411.2,7.75,7.75,7.75018794974897,7.74996651250863,6.93544609409969,7.75179791415833,15.5003758994979,15.4999330250173,16.3472748144351,11.8099440678532
411.3,7.75,7.75,7.75018778978025,7.74996649492488,6.93544437476885,7.75179853862428,15.5003755795605,15.4999329898498,16.3472953877556,11.8099371231172
411.4,7.75,7.75,7.75018762998157,7.74996647741317,6.93544265702183,7.75179916298622,15.5003752599631,15.4999329548263,16.347315942225,11.8099301797423
411.5,7.75,7.75,7.75018747033906,7.74996645996756,6.93544094072961,7.751799787252,15.5003749406781,15.4999329199351,16.3473364793788,11.8099232376241
411.6,7.75,7.75,7.75018731083613,7.749966442581,6.93543922573772,7.75180041143141,15.5003746216723,15.499932885162,16.3473570010552,11.8099162966337
411.7,7.75,7.75,7.75018715147267,7.74996642525341,6.93543751204518,7.75180103552416,15.5003743029453,15.4999328505068,16.3473775072661,11.8099093567741
411.8,7.75,7.75,7.75018699224857,7.74996640798469,6.935435799651,7.75180165952995,15.5003739844971,15.4999328159694,16.3473979980229,11.8099024180484
411.9,7.75,7.75,7.75018683319367,7.74996639078741,6.93543408883347,7.75180228342956,15.5003736663873,15.4999327815748,16.3474184700135,11.8098954807057
412,7.75,7.75,7.75018667429419,7.7499663736557,6.93543237946414,7.75180290723105,15.5003733485884,15.4999327473114,16.3474389247662,11.8098885446398
412.1,7.75,7.75,7.75018651553361,7.74996635658254,6.93543067138926,7.75180353094439,15.5003730310672,15.4999327131651,16.3474593641113,11.8098816097197
412.2,7.75,7.75,7.75018635691183,7.74996633956785,6.93542896460785,7.75180415456932,15.5003727138237,15.4999326791357,16.3474797880603,11.8098746759484
412.3,7.75,7.75,7.75018619842872,7.74996632261156,6.93542725911892,7.75180477810553,15.5003723968574,15.4999326452231,16.3475001966248,11.8098677433287
412.4,7.75,7.75,7.75018604011399,7.74996630572612,6.9354255551995,7.75180540153344,15.500372080228,15.4999326114522,16.3475205865073,11.8098608121137
412.5,7.75,7.75,7.75018588195393,7.74996628890569,6.93542385272173,7.75180602486125,15.5003717639079,15.4999325778114,16.3475409592295,11.8098538821954
412.6,7.75,7.75,7.75018572393209,7.74996627214333,6.93542215153254,7.7518066480992,15.5003714478642,15.4999325442867,16.3475613166133,11.8098469534406
412.7,7.75,7.75,7.75018556604836,7.74996625543896,6.93542045163097,7.75180727124697,15.5003711320967,15.4999325108779,16.3475816586702,11.8098400258522
412.8,7.75,7.75,7.75018540830264,7.7499662387925,6.93541875301605,7.75180789430429,15.5003708166053,15.499932477585,16.3476019854116,11.8098330994332
412.9,7.75,7.75,7.75018525072449,7.7499662222163,6.93541705596352,7.7518085172512,15.500370501449,15.4999324444326,16.3476222935551,11.8098261744403
413,7.75,7.75,7.75018509330024,7.74996620570458,6.93541536034612,7.75180914009609,15.5003701866005,15.4999324114092,16.3476425846153,11.8098192507637
413.1,7.75,7.75,7.75018493601354,7.74996618925044,6.93541366601148,7.75180976284938,15.5003698720271,15.4999323785009,16.3476628604059,11.8098123282682
413.2,7.75,7.75,7.75018477886429,7.74996617285381,6.93541197295864,7.75181038551078,15.5003695577286,15.4999323457076,16.3476831209385,11.8098054069566
413.3,7.75,7.75,7.75018462185237,7.74996615651461,6.93541028118662,7.75181100808001,15.5003692437047,15.4999323130292,16.3477033662245,11.8097984868318
413.4,7.75,7.75,7.75018446500719,7.74996614024508,6.93540859096993,7.75181163053674,15.5003689300144,15.4999322804902,16.3477235929959,11.8097915681542
413.5,7.75,7.75,7.75018430831518,7.74996612403949,6.93540690218189,7.75181225288955,15.5003686166304,15.499932248079,16.3477438027608,11.8097846508125
413.6,7.75,7.75,7.75018415176005,7.74996610789101,6.93540521467082,7.75181287514904,15.5003683035201,15.499932215782,16.3477639973246,11.809777734669
413.7,7.75,7.75,7.75018399534169,7.74996609179956,6.93540352843574,7.75181349731495,15.5003679906834,15.4999321835991,16.3477841766989,11.8097708197268
413.8,7.75,7.75,7.75018383905999,7.74996607576505,6.93540184347569,7.75181411938699,15.50036767812,15.4999321515301,16.3478043408949,11.8097639059887
413.9,7.75,7.75,7.75018368294424,7.74996605979964,6.93540016006395,7.75181474134447,15.5003673658885,15.4999321195993,16.3478244866596,11.8097569937188
414,7.75,7.75,7.75018352698089,7.74996604389763,6.93539847807441,7.75181536319613,15.5003670539618,15.4999320877953,16.3478446154939,11.8097500828037
414.1,7.75,7.75,7.75018337115376,7.74996602805226,6.93539679735606,7.7518159849528,15.5003667423075,15.4999320561045,16.3478647291954,11.8097431731042
414.2,7.75,7.75,7.75018321546273,7.74996601226344,6.93539511790794,7.7518166066142,15.5003664309255,15.4999320245269,16.3478848277755,11.809736264623
414.3,7.75,7.75,7.75018305990771,7.74996599653109,6.9353934397291,7.75181722818005,15.5003661198154,15.4999319930622,16.3479049112454,11.8097293573629
414.4,7.75,7.75,7.75018290451781,7.74996598086726,6.93539176309157,7.7518178496293,15.5003658090356,15.4999319617345,16.3479249763665,11.8097224515917
414.5,7.75,7.75,7.75018274927958,7.74996596526631,6.93539008786982,7.75181847097087,15.5003654985592,15.4999319305326,16.3479450246333,11.8097155471943
414.6,7.75,7.75,7.7501825941769,7.74996594972151,6.93538841391353,7.75181909221578,15.5003651883538,15.499931899443,16.347965057835,11.8097086440294
414.7,7.75,7.75,7.75018243920967,7.7499659342328,6.93538674122173,7.75181971336375,15.5003648784193,15.4999318684656,16.3479850759831,11.8097017420997
414.8,7.75,7.75,7.75018228437777,7.74996591880008,6.93538506979348,7.75182033441451,15.5003645687555,15.4999318376002,16.3480050790888,11.8096948414079
414.9,7.75,7.75,7.75018212971019,7.74996590343531,6.93538339989959,7.75182095534667,15.5003642594204,15.4999318068706,16.3480250639279,11.8096879422255
415,7.75,7.75,7.75018197519355,7.74996588813289,6.93538173141509,7.7518215761693,15.5003639503871,15.4999317762658,16.3480450319882,11.8096810444357
415.1,7.75,7.75,7.75018182081179,7.74996587288615,6.93538006419033,7.75182219689361,15.5003636416236,15.4999317457723,16.348064985051,11.809674147895
415.2,7.75,7.75,7.75018166656482,7.74996585769503,6.93537839822437,7.75182281751935,15.5003633331296,15.4999317153901,16.3480849231275,11.8096672526062
415.3,7.75,7.75,7.75018151245252,7.74996584255944,6.93537673351625,7.75182343804624,15.500363024905,15.4999316851189,16.348104846229,11.8096603585721
415.4,7.75,7.75,7.75018135850375,7.74996582749122,6.93537507033558,7.75182405845252,15.5003627170075,15.4999316549824,16.3481247511457,11.8096534660674
415.5,7.75,7.75,7.75018120470517,7.74996581248483,6.93537340855793,7.75182467874745,15.5003624094103,15.4999316249697,16.3481446393588,11.8096465749739
415.6,7.75,7.75,7.75018105104082,7.74996579753366,6.93537174803435,7.75182529894245,15.5003621020816,15.4999315950673,16.3481645126415,11.8096396851461
415.7,7.75,7.75,7.7501808975106,7.74996578263763,6.93537008876389,7.75182591903723,15.5003617950212,15.4999315652753,16.348184371005,11.8096327965866
415.8,7.75,7.75,7.75018074411439,7.74996576779667,6.93536843074561,7.75182653903155,15.5003614882288,15.4999315355933,16.3482042144606,11.8096259092983
415.9,7.75,7.75,7.75018059088091,7.74996575302252,6.93536677424789,7.75182715890329,15.5003611817618,15.499931506045,16.3482240398128,11.8096190235594
416,7.75,7.75,7.75018043779689,7.74996573830967,6.93536511914687,7.75182777866188,15.5003608755938,15.4999314766193,16.348243848536,11.80961213925
416.1,7.75,7.75,7.75018028484645,7.74996572365158,6.93536346529427,7.75182839831892,15.5003605696929,15.4999314473032,16.3482636423958,11.8096052562225
416.2,7.75,7.75,7.75018013202948,7.74996570904817,6.93536181268913,7.75182901787415,15.500360264059,15.4999314180963,16.3482834214031,11.8095983744797
416.3,7.75,7.75,7.75017997934587,7.74996569449937,6.93536016133054,7.7518296373273,15.5003599586917,15.4999313889987,16.3483031855691,11.8095914940244
416.4,7.75,7.75,7.7501798268242,7.74996568001681,6.93535851148565,7.75183025665593,15.5003596536484,15.4999313600336,16.3483229317128,11.8095846151382
416.5,7.75,7.75,7.75017967445125,7.74996566559504,6.93535686303118,7.75183087586963,15.5003593489025,15.4999313311901,16.3483426613018,11.8095777376995
416.6,7.75,7.75,7.75017952221123,7.74996565122757,6.93535521581951,7.75183149498018,15.5003590444225,15.4999313024551,16.3483623760939,11.8095708615589
416.7,7.75,7.75,7.75017937010403,7.74996563691431,6.93535356984969,7.75183211398733,15.5003587402081,15.4999312738286,16.3483820760999,11.8095639867191
416.8,7.75,7.75,7.75017921812955,7.7499656226552,6.93535192512079,7.75183273289082,15.5003584362591,15.4999312453104,16.348401761331,11.8095571131828
416.9,7.75,7.75,7.7501790663162,7.74996560846178,6.93535028189879,7.75183335166787,15.5003581326324,15.4999312169236,16.3484214286203,11.8095502412352
417,7.75,7.75,7.75017891465086,7.74996559432864,6.93534864006094,7.75183397032822,15.5003578293017,15.4999311886573,16.348441079429,11.809543370753
417.1,7.75,7.75,7.75017876311779,7.74996558024933,6.93534699946029,7.75183458888386,15.5003575262356,15.4999311604987,16.3484607155068,11.8095365015848
417.2,7.75,7.75,7.7501786117169,7.74996556622379,6.93534536009592,7.75183520733452,15.5003572234338,15.4999311324476,16.3484803368647,11.8095296337333
417.3,7.75,7.75,7.75017846044807,7.74996555225193,6.93534372196688,7.75183582567995,15.5003569208961,15.4999311045039,16.3484999435136,11.8095227672012
417.4,7.75,7.75,7.7501783093396,7.7499655383452,6.93534208533795,7.75183644389704,15.5003566186792,15.4999310766904,16.348519532301,11.809515902277
417.5,7.75,7.75,7.75017815837841,7.74996552449825,6.93534045008696,7.75183706199569,15.5003563167568,15.4999310489965,16.3485391046814,11.8095090388358
417.6,7.75,7.75,7.75017800754884,7.74996551070467,6.9353388160676,7.75183767998807,15.5003560150977,15.4999310214093,16.3485586623966,11.8095021767245
417.7,7.75,7.75,7.75017785685081,7.74996549696441,6.93533718327895,7.75183829787393,15.5003557137016,15.4999309939288,16.3485782054577,11.8094953159456
417.8,7.75,7.75,7.75017770628419,7.74996548327737,6.93533555172009,7.75183891565301,15.5003554125684,15.4999309665547,16.3485977338756,11.8094884565017
417.9,7.75,7.75,7.75017755587714,7.74996546965492,6.93533392165459,7.75183953330187,15.5003551117543,15.4999309393098,16.3486172445116,11.8094815986848
418,7.75,7.75,7.75017740561666,7.74996545609173,6.93533229296084,7.75184015083056,15.5003548112333,15.4999309121835,16.3486367388138,11.8094747423684
418.1,7.75,7.75,7.75017725548716,7.74996544258148,6.93533066549318,7.75184076825144,15.5003545109743,15.499930885163,16.3486562185164,11.8094678873973
418.2,7.75,7.75,7.75017710548855,7.74996542912407,6.93532903925069,7.75184138556427,15.5003542109771,15.4999308582481,16.3486756836303,11.8094610337743
418.3,7.75,7.75,7.75017695562071,7.74996541571945,6.93532741423247,7.75184200276878,15.5003539112414,15.4999308314389,16.3486951341663,11.8094541815017
418.4,7.75,7.75,7.75017680591167,7.74996540237886,6.9353257907009,7.75184261984123,15.5003536118233,15.4999308047577,16.3487145669997,11.809447330875
418.5,7.75,7.75,7.75017665634847,7.74996538909704,6.93532416853491,7.75184323679181,15.5003533126969,15.4999307781941,16.3487339835724,11.8094404817659
418.6,7.75,7.75,7.75017650691561,7.7499653758677,6.93532254758951,7.75184385363306,15.5003530138312,15.4999307517354,16.3487533856105,11.8094336340176
418.7,7.75,7.75,7.750176357613,7.74996536269076,6.93532092786378,7.75184447036473,15.500352715226,15.4999307253815,16.3487727731249,11.8094267876326
418.8,7.75,7.75,7.75017620844053,7.74996534956615,6.93531930935681,7.75184508698658,15.5003524168811,15.4999306991323,16.3487921461265,11.8094199426135
418.9,7.75,7.75,7.75017605942608,7.74996533650504,6.93531769232982,7.75184570347452,15.5003521188522,15.4999306730101,16.3488115015045,11.8094130992587
419,7.75,7.75,7.75017591055675,7.74996532350219,6.93531607666228,7.75184631983892,15.5003518211135,15.4999306470044,16.3488308406942,11.8094062574386
419.1,7.75,7.75,7.75017576181714,7.74996531055137,6.93531446220985,7.75184693609248,15.5003515236343,15.4999306211027,16.3488501654141,11.8093994169945
419.2,7.75,7.75,7.75017561320713,7.74996529765252,6.93531284897161,7.75184755223497,15.5003512264143,15.499930595305,16.3488694756752,11.8093925779289
419.3,7.75,7.75,7.75017546472662,7.74996528480555,6.93531123694667,7.75184816826614,15.5003509294532,15.4999305696111,16.348888771488,11.8093857402443
419.4,7.75,7.75,7.75017531640336,7.74996527202154,6.93530962639506,7.75184878416159,15.5003506328067,15.4999305440431,16.3489080497559,11.8093789042423
419.5,7.75,7.75,7.75017516822452,7.74996525929529,6.9353080171968,7.75184939993183,15.500350336449,15.4999305185906,16.3489273119076,11.8093720697919
419.6,7.75,7.75,7.75017502017475,7.74996524662063,6.93530640920819,7.75185001558976,15.5003500403495,15.4999304932413,16.348946559654,11.8093652367325
419.7,7.75,7.75,7.75017487225396,7.74996523399749,6.93530480242834,7.75185063113513,15.5003497445079,15.499930467995,16.3489657930059,11.8093584050665
419.8,7.75,7.75,7.75017472446203,7.7499652214258,6.93530319685634,7.7518512465677,15.5003494489241,15.4999304428516,16.3489850119741,11.8093515747965
419.9,7.75,7.75,7.75017457682658,7.74996520891652,6.93530159275106,7.75185186186276,15.5003491536532,15.499930417833,16.3490042134753,11.8093447462273
420,7.75,7.75,7.75017442933485,7.74996519646452,6.93529998999306,7.75185247703097,15.5003488586697,15.499930392929,16.3490233989322,11.8093379192262
420.1,7.75,7.75,7.75017428197155,7.74996518406366,6.93529838843929,7.75185309208539,15.5003485639431,15.4999303681273,16.349042570048,11.8093310936309
420.2,7.75,7.75,7.75017413473661,7.74996517171389,6.93529678808885,7.7518537070258,15.5003482694732,15.4999303434278,16.3490617268333,11.8093242694439
420.3,7.75,7.75,7.75017398762989,7.74996515941512,6.93529518894085,7.75185432185195,15.5003479752598,15.4999303188302,16.3490808692989,11.8093174466676
420.4,7.75,7.75,7.75017384067889,7.74996514717823,6.93529359125301,7.75185493653882,15.5003476813578,15.4999302943565,16.3490999943754,11.80931062561
420.5,7.75,7.75,7.75017369387089,7.74996513499813,6.93529199490639,7.75185555109721,15.5003473877418,15.4999302699963,16.3491191034789,11.809303806137
420.6,7.75,7.75,7.75017354719072,7.74996512286874,6.93529039975862,7.75185616554037,15.5003470943814,15.4999302457375,16.3491381983052,11.8092969880844
420.7,7.75,7.75,7.75017340063826,7.74996511079,6.93528880580878,7.75185677986807,15.5003468012765,15.49993022158,16.3491572788648,11.8092901714546
420.8,7.75,7.75,7.7501732542134,7.74996509876182,6.935287213056,7.75185739408006,15.5003465084268,15.4999301975236,16.3491763451684,11.8092833562502
420.9,7.75,7.75,7.75017310794349,7.749965086795,6.93528562175682,7.75185800815103,15.500346215887,15.49993017359,16.3491953941602,11.8092765427822
421,7.75,7.75,7.7501729618159,7.74996507488447,6.93528403179288,7.75185862209191,15.5003459236318,15.4999301497689,16.3492144272501,11.8092697309149
421.1,7.75,7.75,7.75017281581549,7.74996506302423,6.9352824430224,7.75185923591613,15.500345631631,15.4999301260485,16.3492334461262,11.8092629204825
421.2,7.75,7.75,7.75017266994218,7.74996505121419,6.9352808554445,7.75185984962346,15.5003453398844,15.4999301024284,16.3492524507992,11.8092561114875
421.3,7.75,7.75,7.75017252419584,7.74996503945429,6.93527926905828,7.75186046321366,15.5003450483917,15.4999300789086,16.3492714412795,11.8092493039321
421.4,7.75,7.75,7.7501723786037,7.74996502775522,6.93527768411918,7.7518610766611,15.5003447572074,15.4999300555104,16.3492904145251,11.8092424981306
421.5,7.75,7.75,7.75017223315317,7.74996501611196,6.93527610050931,7.75186168997687,15.5003444663063,15.4999300322239,16.3493093719394,11.8092356939459
421.6,7.75,7.75,7.75017208782921,7.74996500451855,6.93527451808758,7.75186230317456,15.5003441756584,15.4999300090371,16.3493283152031,11.8092288912104
421.7,7.75,7.75,7.75017194263171,7.74996499297492,6.93527293685309,7.75186291625396,15.5003438852634,15.4999299859498,16.3493472443268,11.8092220899264
421.8,7.75,7.75,7.75017179756058,7.74996498148099,6.93527135680495,7.75186352921481,15.5003435951212,15.499929962962,16.3493661593209,11.8092152900964
421.9,7.75,7.75,7.75017165264287,7.74996497004737,6.93526977819744,7.7518641420312,15.5003433052857,15.4999299400947,16.3493850571568,11.8092084920375
422,7.75,7.75,7.75017150786609,7.74996495866908,6.93526820091324,7.75186475471435,15.5003430157322,15.4999299173382,16.3494039392318,11.8092016956111
422.1,7.75,7.75,7.75017136321526,7.74996494734021,6.93526662481184,7.75186536727803,15.5003427264305,15.4999298946804,16.3494228072192,11.8091949006481
422.2,7.75,7.75,7.75017121869028,7.74996493606069,6.93526504989238,7.75186597972201,15.5003424373806,15.4999298721214,16.3494416611293,11.8091881071508
422.3,7.75,7.75,7.75017107429104,7.74996492483045,6.93526347615396,7.75186659204606,15.5003421485821,15.4999298496609,16.3494605009725,11.8091813151214
422.4,7.75,7.75,7.75017093004447,7.74996491366,6.93526190384974,7.75186720422395,15.5003418600889,15.49992982732,16.3494793237338,11.8091745248801
422.5,7.75,7.75,7.75017078593814,7.7499649025444,6.9352603328629,7.75186781626706,15.5003415718763,15.4999298050888,16.3494981308042,11.809167736287
422.6,7.75,7.75,7.75017064195715,7.7499648914778,6.93525876305358,7.75186842818932,15.5003412839143,15.4999297829556,16.3495169238494,11.8091609491712
422.7,7.75,7.75,7.75017049810138,7.74996488046012,6.93525719442092,7.75186903999051,15.5003409962028,15.4999297609202,16.3495357028799,11.809154163535
422.8,7.75,7.75,7.75017035437073,7.7499648694913,6.93525562696402,7.75186965167038,15.5003407087415,15.4999297389826,16.349554467906,11.8091473793806
422.9,7.75,7.75,7.75017021079202,7.74996485858175,6.9352540609349,7.75187026320243,15.500340421584,15.4999297171635,16.3495732159259,11.8091405970311
423,7.75,7.75,7.75017006735286,7.74996484772658,6.93525249621728,7.75187087459818,15.5003401347057,15.4999296954532,16.3495919483246,11.8091338163453
423.1,7.75,7.75,7.75016992403841,7.74996483691998,6.93525093267192,7.7518714858717,15.5003398480768,15.49992967384,16.3496106667603,11.8091270371505
423.2,7.75,7.75,7.75016978084858,7.74996482616188,6.93524937029796,7.75187209702279,15.5003395616972,15.4999296523238,16.3496293712435,11.809120259449
423.3,7.75,7.75,7.75016963778326,7.74996481545222,6.93524780909451,7.75187270805121,15.5003392755665,15.4999296309044,16.3496480617844,11.8091134832431
423.4,7.75,7.75,7.75016949486913,7.74996480480131,6.93524624931247,7.75187331893016,15.5003389897383,15.4999296096026,16.3496667353946,11.8091067088587
423.5,7.75,7.75,7.75016935209385,7.74996479420432,6.93524469083607,7.75187392967129,15.5003387041877,15.4999295884086,16.3496853934528,11.8090999361531
423.6,7.75,7.75,7.75016920944269,7.74996478365548,6.9352431335267,7.75187454028886,15.5003384188854,15.499929567311,16.34970403761,11.8090931649522
423.7,7.75,7.75,7.75016906691553,7.74996477315473,6.93524157738349,7.75187515078264,15.5003381338311,15.4999295463095,16.3497226678765,11.8090863952581
423.8,7.75,7.75,7.75016892451227,7.74996476270198,6.93524002240557,7.75187576115241,15.5003378490245,15.499929525404,16.3497412842625,11.8090796270731
423.9,7.75,7.75,7.75016878225946,7.74996475230749,6.93523846884271,7.75187637137109,15.5003375645189,15.499929504615,16.3497598837929,11.8090728607261
424,7.75,7.75,7.75016864014483,7.74996474196644,6.93523691657967,7.75187698145045,15.5003372802897,15.4999294839329,16.3497784678402,11.809066096073
424.1,7.75,7.75,7.75016849815369,7.74996473167313,6.93523536547845,7.75187759140492,15.5003369963074,15.4999294633463,16.3497970380482,11.8090593329379
424.2,7.75,7.75,7.75016835628596,7.74996472142748,6.93523381553819,7.75187820123427,15.5003367125719,15.499929442855,16.3498155944269,11.809052571323
424.3,7.75,7.75,7.75016821454152,7.74996471122943,6.93523226675802,7.75187881093829,15.500336429083,15.4999294224589,16.3498341369868,11.8090458112306
424.4,7.75,7.75,7.75016807294678,7.74996470108912,6.9352307193866,7.75187942048961,15.5003361458936,15.4999294021782,16.3498526627657,11.8090390529923
424.5,7.75,7.75,7.75016793148955,7.7499646910018,6.9352291733092,7.75188002990014,15.5003358629791,15.4999293820036,16.3498711731301,11.8090322964628
424.6,7.75,7.75,7.75016779015521,7.7499646809618,6.93522762838844,7.75188063918446,15.5003355803104,15.4999293619236,16.3498896697163,11.8090255414646
424.7,7.75,7.75,7.75016764894366,7.74996467096905,6.93522608462346,7.75188124834235,15.5003352978873,15.4999293419381,16.3499081525347,11.8090187879998
424.8,7.75,7.75,7.75016750785481,7.74996466102348,6.9352245420134,7.75188185737359,15.5003350157096,15.499929322047,16.3499266215954,11.8090120360706
424.9,7.75,7.75,7.75016736691492,7.74996465113515,6.93522300080581,7.75188246625055,15.5003347338298,15.4999293022703,16.3499450739493,11.8090052860116
425,7.75,7.75,7.75016722611187,7.74996464129935,6.93522146088647,7.75188307498526,15.5003344522237,15.4999292825987,16.3499635109571,11.8089985376761
425.1,7.75,7.75,7.7501670854311,7.74996463151045,6.93521992211861,7.75188368359247,15.5003341708622,15.4999292630209,16.3499819342477,11.8089917908848
425.2,7.75,7.75,7.75016694487252,7.7499646217684,6.93521838450139,7.75188429207195,15.500333889745,15.4999292435368,16.3500003438313,11.8089850456401
425.3,7.75,7.75,7.75016680443603,7.74996461207312,6.93521684803394,7.75188490042349,15.5003336088721,15.4999292241462,16.3500187397182,11.808978301944
425.4,7.75,7.75,7.75016666414779,7.74996460243458,6.93521531296271,7.75188550861918,15.5003333282956,15.4999292048692,16.3500371189722,11.8089715601339
425.5,7.75,7.75,7.7501665239957,7.74996459284811,6.93521377917399,7.75188611667118,15.5003330479914,15.4999291856962,16.3500554829479,11.8089648200617
425.6,7.75,7.75,7.7501663839653,7.74996458330814,6.93521224653163,7.75188672459439,15.5003327679306,15.4999291666163,16.3500738332672,11.8089580815467
425.7,7.75,7.75,7.75016624405649,7.7499645738146,6.93521071503478,7.75188733238859,15.500332488113,15.4999291476292,16.3500921699402,11.8089513445911
425.8,7.75,7.75,7.75016610426916,7.74996456436742,6.93520918468258,7.75188794005359,15.5003322085383,15.4999291287348,16.3501104929769,11.808944609197
425.9,7.75,7.75,7.75016596462936,7.74996455497649,6.93520765572038,7.75188854756117,15.5003319292587,15.499929109953,16.3501287994544,11.8089378757045
426,7.75,7.75,7.75016582512504,7.74996454563718,6.93520612803499,7.75188915492365,15.5003316502501,15.4999290912744,16.3501470907211,11.8089311439641
426.1,7.75,7.75,7.75016568574181,7.74996453634396,6.93520460149085,7.75188976215607,15.5003313714836,15.4999290726879,16.3501653683918,11.8089244137937
426.2,7.75,7.75,7.75016554647958,7.74996452709676,6.93520307608712,7.75189036925823,15.5003310929592,15.4999290541935,16.3501836324764,11.8089176851955
426.3,7.75,7.75,7.75016540733824,7.74996451789552,6.93520155182294,7.7518909762299,15.5003308146765,15.499929035791,16.3502018829851,11.8089109581715
426.4,7.75,7.75,7.75016526834369,7.74996450875004,6.93520002894258,7.75189158304264,15.5003305366874,15.4999290175001,16.3502201170078,11.8089042330643
426.5,7.75,7.75,7.75016512948396,7.74996449965573,6.93519850733335,7.75189218970887,15.5003302589679,15.4999289993115,16.3502383358869,11.8088975097235
426.6,7.75,7.75,7.75016499074473,7.7499644906071,6.9351969868603,7.75189279624379,15.5003299814895,15.4999289812142,16.3502565412301,11.8088907879652
426.7,7.75,7.75,7.7501648521259,7.74996448160409,6.93519546752258,7.7518934026472,15.5003297042518,15.4999289632082,16.3502747330472,11.8088840677917
426.8,7.75,7.75,7.75016471362737,7.74996447264664,6.93519394931935,7.75189400891888,15.5003294272547,15.4999289452933,16.3502929113484,11.8088773492048
426.9,7.75,7.75,7.75016457527491,7.74996446374446,6.93519243249377,7.75189461503011,15.5003291505498,15.4999289274889,16.3503110732364,11.8088706325501
427,7.75,7.75,7.75016443705661,7.74996445489299,6.93519091693368,7.75189522099346,15.5003288741132,15.499928909786,16.3503292200476,11.8088639176755
427.1,7.75,7.75,7.75016429895822,7.74996444608681,6.93518940250471,7.75189582682425,15.5003285979164,15.4999288921736,16.3503473533827,11.808857204396
427.2,7.75,7.75,7.75016416097963,7.74996443732586,6.93518788920603,7.7518964325223,15.5003283219593,15.4999288746517,16.3503654732516,11.8088504927135
427.3,7.75,7.75,7.75016402312076,7.74996442861006,6.93518637703679,7.75189703808739,15.5003280462415,15.4999288572201,16.3503835796641,11.8088437826302
427.4,7.75,7.75,7.75016388540723,7.74996441994905,6.93518486623909,7.75189764349054,15.5003277708145,15.4999288398981,16.3504016697359,11.8088370744939
427.5,7.75,7.75,7.75016374782721,7.7499644113383,6.93518335670124,7.75189824874443,15.5003274956544,15.4999288226766,16.3504197447975,11.8088303681516
427.6,7.75,7.75,7.7501636103665,7.74996440277244,6.9351818482895,7.75189885386456,15.500327220733,15.4999288055449,16.3504378064425,11.8088236634166
427.7,7.75,7.75,7.75016347302502,7.74996439425141,6.93518034100301,7.75189945885072,15.50032694605,15.4999287885028,16.3504558546806,11.8088169602908
427.8,7.75,7.75,7.75016333580265,7.74996438577514,6.93517883484096,7.7519000637027,15.5003266716053,15.4999287715503,16.3504738895217,11.8088102587764
427.9,7.75,7.75,7.75016319872493,7.74996437735317,6.93517733004435,7.75190066839127,15.5003263974499,15.4999287547063,16.3504919080942,11.8088035592238
428,7.75,7.75,7.75016306178005,7.74996436898103,6.935175826502,7.75190127292924,15.5003261235601,15.4999287379621,16.3505099117228,11.8087968614788
428.1,7.75,7.75,7.7501629249539,7.74996436065338,6.93517432408074,7.75190187733224,15.5003258499078,15.4999287213068,16.3505279019939,11.8087901653531
428.2,7.75,7.75,7.75016278824639,7.74996435237016,6.93517282277976,7.75190248160006,15.5003255764928,15.4999287047403,16.3505458789172,11.8087834708488
428.3,7.75,7.75,7.75016265165741,7.74996434413131,6.93517132259821,7.75190308573251,15.5003253033148,15.4999286882626,16.3505638425027,11.8087767779679
428.4,7.75,7.75,7.75016251521236,7.74996433594628,6.93516982377605,7.75190368970009,15.5003250304247,15.4999286718926,16.3505817898913,11.8087700870634
428.5,7.75,7.75,7.7501623788995,7.74996432781064,6.93516832620257,7.75190429351573,15.500324757799,15.4999286556213,16.3505997224018,11.8087633979799
428.6,7.75,7.75,7.75016224270479,7.7499643197191,6.93516682974522,7.75190489719521,15.5003244854096,15.4999286394382,16.3506176416137,11.8087567105276
428.7,7.75,7.75,7.75016210662813,7.74996431167161,6.93516533440317,7.75190550073833,15.5003242132563,15.4999286233432,16.3506355475367,11.8087500247086
428.8,7.75,7.75,7.75016197066943,7.74996430366808,6.93516384017558,7.75190610414489,15.5003239413389,15.4999286073362,16.3506534401806,11.8087433405249
428.9,7.75,7.75,7.75016183485394,7.7499642957179,6.93516234730136,7.75190670738515,15.5003236697079,15.4999285914358,16.350671316699,11.8087366583321
429,7.75,7.75,7.75016169917,7.74996428781668,6.93516085567028,7.75190731047215,15.50032339834,15.4999285756334,16.3506891784049,11.8087299779734
429.1,7.75,7.75,7.75016156360363,7.74996427995916,6.93515936515037,7.75190791342181,15.5003231272073,15.4999285599183,16.3507070268707,11.8087232992578
429.2,7.75,7.75,7.75016142815473,7.7499642721453,6.93515787574082,7.75190851623394,15.5003228563095,15.4999285442906,16.3507248621062,11.8087166221872
429.3,7.75,7.75,7.7501612928232,7.74996426437502,6.93515638744079,7.75190911890835,15.5003225856464,15.49992852875,16.3507426841211,11.8087099467636
429.4,7.75,7.75,7.75016115763419,7.74996425665762,6.93515490048812,7.75190972141504,15.5003223152684,15.4999285133152,16.3507604900815,11.8087032733452
429.5,7.75,7.75,7.75016102257607,7.74996424898873,6.93515341477308,7.75191032376716,15.5003220451521,15.4999284979775,16.3507782812946,11.8086966017738
429.6,7.75,7.75,7.75016088763495,7.74996424136317,6.9351519301643,7.75191092598079,15.5003217752699,15.4999284827263,16.350796059326,11.8086899318572
429.7,7.75,7.75,7.75016075281072,7.74996423378088,6.93515044666094,7.75191152805572,15.5003215056214,15.4999284675618,16.3508138241852,11.8086832635972
429.8,7.75,7.75,7.75016061810328,7.74996422624178,6.9351489642622,7.75191212999178,15.5003212362066,15.4999284524836,16.3508315758821,11.8086765969959
429.9,7.75,7.75,7.75016048353766,7.74996421875509,6.93514748320483,7.75191273175871,15.5003209670753,15.4999284375102,16.3508493115951,11.8086699324136
430,7.75,7.75,7.7501603491023,7.74996421131648,6.93514600337962,7.75191333336981,15.5003206982046,15.499928422633,16.3508670326258,11.8086632696913
430.1,7.75,7.75,7.75016021478335,7.74996420392082,6.93514452465576,7.75191393484126,15.5003204295667,15.4999284078416,16.3508847405327,11.8086566086353
430.2,7.75,7.75,7.75016008058072,7.74996419656804,6.93514304703243,7.75191453617288,15.5003201611614,15.4999283931361,16.3509024353254,11.8086499492473
430.3,7.75,7.75,7.75015994649431,7.74996418925807,6.93514157050883,7.75191513736448,15.5003198929886,15.4999283785161,16.3509201170137,11.8086432915293
430.4,7.75,7.75,7.75015981254902,7.74996418200005,6.93514009532066,7.75191573838557,15.500319625098,15.4999283640001,16.3509377827884,11.8086366358444
430.5,7.75,7.75,7.75015967873335,7.74996417478968,6.9351386213592,7.75191633924956,15.5003193574667,15.4999283495794,16.3509554339453,11.8086299820321
430.6,7.75,7.75,7.75015954503351,7.74996416762187,6.9351371484942,7.75191693997277,15.500319090067,15.4999283352437,16.3509730720362,11.8086233298973
430.7,7.75,7.75,7.75015941144942,7.74996416049656,6.93513567672487,7.75191754055502,15.5003188228988,15.4999283209931,16.3509906970706,11.8086166794419
430.8,7.75,7.75,7.75015927798099,7.74996415341369,6.93513420605039,7.75191814099612,15.500318555962,15.4999283068274,16.3510083090581,11.8086100306677
430.9,7.75,7.75,7.75015914465298,7.74996414638229,6.93513273670544,7.75191874126536,15.500318289306,15.4999282927646,16.3510259052021,11.8086033839403
431,7.75,7.75,7.75015901145394,7.74996413939813,6.93513126858176,7.75191934137623,15.5003180229079,15.4999282787963,16.3510434867925,11.808596739098
431.1,7.75,7.75,7.75015887837018,7.74996413245615,6.93512980154971,7.75191994134522,15.5003177567404,15.4999282649123,16.3510610553742,11.8085900959444
431.2,7.75,7.75,7.75015874540159,7.74996412555629,6.93512833560846,7.75192054117213,15.5003174908032,15.4999282511126,16.3510786109569,11.8085834544813
431.3,7.75,7.75,7.75015861254809,7.74996411869848,6.93512687075723,7.75192114085679,15.5003172250962,15.499928237397,16.3510961535501,11.8085768147106
431.4,7.75,7.75,7.75015847983432,7.74996411189169,6.93512540722964,7.75192174036823,15.5003169596686,15.4999282237834,16.3511136803693,11.8085701770001
431.5,7.75,7.75,7.7501583472489,7.74996410513172,6.93512394491793,7.75192233972008,15.5003166944978,15.4999282102634,16.3511311926988,11.808563541187
431.6,7.75,7.75,7.75015821477818,7.74996409841355,6.93512248369301,7.75192293892894,15.5003164295564,15.4999281968271,16.3511486920769,11.8085569070737
431.7,7.75,7.75,7.75015808242207,7.74996409173713,6.93512102355408,7.75192353799462,15.5003161648441,15.4999281834743,16.351166178513,11.808550274662
431.8,7.75,7.75,7.75015795018047,7.74996408510238,6.93511956450034,7.75192413691695,15.5003159003609,15.4999281702048,16.3511836520166,11.8085436439535
431.9,7.75,7.75,7.75015781807793,7.7499640785182,6.9351181067644,7.75192473566473,15.5003156361559,15.4999281570364,16.3512011098155,11.8085370153185
432,7.75,7.75,7.75015768610309,7.74996407198041,6.93511665023895,7.7519253342517,15.5003153722062,15.4999281439608,16.3512185531883,11.8085303885932
432.1,7.75,7.75,7.7501575542424,7.74996406548405,6.9351151947955,7.75192593269459,15.5003151084848,15.4999281309681,16.3512359836666,11.8085237635785
432.2,7.75,7.75,7.75015742249575,7.74996405902907,6.93511374043324,7.75192653099323,15.5003148449915,15.4999281180581,16.3512534012597,11.8085171402762
432.3,7.75,7.75,7.75015729086306,7.74996405261538,6.93511228715137,7.75192712914743,15.5003145817261,15.4999281052308,16.351270805977,11.808510518688
432.4,7.75,7.75,7.75015715936873,7.74996404625182,6.93511083518148,7.75192772712577,15.5003143187375,15.4999280925036,16.3512881950585,11.8085038991864
432.5,7.75,7.75,7.75015702800148,7.74996403993422,6.93510938441675,7.7519283249421,15.500314056003,15.4999280798684,16.3513055697774,11.8084972816064
432.6,7.75,7.75,7.75015689674781,7.74996403365769,6.93510793472922,7.75192892261327,15.5003137934956,15.4999280673154,16.3513229316582,11.8084906657478
432.7,7.75,7.75,7.75015676560763,7.74996402742216,6.93510648611811,7.75192952013912,15.5003135312153,15.4999280548443,16.3513402807103,11.8084840516123
432.8,7.75,7.75,7.75015663458084,7.74996402122756,6.93510503858262,7.75193011751947,15.5003132691617,15.4999280424551,16.3513576169431,11.8084774392016
432.9,7.75,7.75,7.75015650369173,7.74996401508262,6.93510359235332,7.75193071472266,15.5003130073835,15.4999280301652,16.3513749376088,11.8084708288904
433,7.75,7.75,7.75015637292908,7.74996400898325,6.93510214732385,7.75193131176265,15.5003127458582,15.4999280179665,16.3513922439747,11.8084642205127
433.1,7.75,7.75,7.75015624227945,7.74996400292457,6.93510070336684,7.75193190865643,15.5003124845589,15.4999280058491,16.3514095375589,11.8084576138669
433.2,7.75,7.75,7.75015611174274,7.74996399690651,6.93509926048149,7.75193250540383,15.5003122234855,15.499927993813,16.3514268183706,11.8084510089548
433.3,7.75,7.75,7.75015598131888,7.74996399092903,6.93509781866702,7.75193310200467,15.5003119626378,15.4999279818581,16.3514440864193,11.808444405778
433.4,7.75,7.75,7.75015585103201,7.74996398500076,6.93509637815297,7.75193369842707,15.500311702064,15.4999279700015,16.351461338969,11.8084378047134
433.5,7.75,7.75,7.75015572087098,7.74996397911765,6.93509493883346,7.75193429468511,15.500311441742,15.4999279582353,16.3514785772816,11.8084312055941
433.6,7.75,7.75,7.75015559082242,7.74996397327486,6.93509350058167,7.75193489079589,15.5003111816448,15.4999279465497,16.3514958028685,11.8084246082171
433.7,7.75,7.75,7.75015546088623,7.74996396747233,6.93509206339683,7.75193548675924,15.5003109217725,15.4999279349447,16.3515130157389,11.8084180125841
433.8,7.75,7.75,7.75015533106231,7.74996396171001,6.93509062727813,7.751936082575,15.5003106621246,15.49992792342,16.3515302159022,11.8084114186969
433.9,7.75,7.75,7.75015520137473,7.74996395599646,6.93508919245413,7.75193667821106,15.5003104027495,15.4999279119929,16.3515474006344,11.8084048269345
434,7.75,7.75,7.75015507181236,7.74996395032765,6.93508775881939,7.7519372736816,15.5003101436247,15.4999279006553,16.3515645711919,11.8083982371288
434.1,7.75,7.75,7.75015494236191,7.74996394469881,6.93508632624768,7.75193786900385,15.5003098847238,15.4999278893976,16.3515817290794,11.8083916490758
434.2,7.75,7.75,7.75015481302327,7.74996393910986,6.93508489473819,7.75193846417764,15.5003096260465,15.4999278782197,16.3515988743061,11.808385062777
434.3,7.75,7.75,7.75015468379636,7.74996393356076,6.93508346429017,7.75193905920281,15.5003093675927,15.4999278671215,16.3516160068813,11.8083784782342
434.4,7.75,7.75,7.75015455470511,7.74996392805998,6.93508203513113,7.75193965404705,15.5003091094102,15.49992785612,16.351633124093,11.8083718958286
434.5,7.75,7.75,7.75015442573845,7.74996392260355,6.93508060715611,7.75194024872461,15.5003088514769,15.4999278452071,16.3516502271921,11.8083653153912
434.6,7.75,7.75,7.75015429688316,7.74996391718672,6.93507918023943,7.75194084325288,15.5003085937663,15.4999278343734,16.3516673176765,11.8083587367165
434.7,7.75,7.75,7.75015416813914,7.74996391180943,6.9350777543803,7.75194143763167,15.5003083362783,15.4999278236189,16.3516843955556,11.8083521598062
434.8,7.75,7.75,7.75015403950629,7.74996390647162,6.93507632957796,7.75194203186082,15.5003080790126,15.4999278129432,16.3517014608386,11.808345584662
434.9,7.75,7.75,7.75015391100843,7.7499639011817,6.93507490605892,7.75194262590782,15.5003078220169,15.4999278023634,16.3517185108252,11.8083390116672
435,7.75,7.75,7.75015378263456,7.74996389593572,6.93507348371869,7.75194321978701,15.5003075652691,15.4999277918714,16.351735546761,11.8083324406518
435.1,7.75,7.75,7.75015365437151,7.74996389072898,6.93507206243213,7.7519438135159,15.500307308743,15.499927781458,16.3517525701374,11.8083258714091
435.2,7.75,7.75,7.75015352621917,7.74996388556143,6.93507064219848,7.75194440709432,15.5003070524383,15.4999277711229,16.3517695809635,11.8083193039407
435.3,7.75,7.75,7.75015339817746,7.74996388043299,6.93506922301695,7.7519450005221,15.5003067963549,15.499927760866,16.3517865792486,11.8083127382484
435.4,7.75,7.75,7.75015327027008,7.74996387535202,6.93506780511308,7.75194559376652,15.5003065405402,15.499927750704,16.3518035623043,11.8083061747176
435.5,7.75,7.75,7.75015314248607,7.74996387031458,6.93506638838284,7.75194618684202,15.5003062849721,15.4999277406292,16.3518205313704,11.8082996131772
435.6,7.75,7.75,7.75015301481233,7.74996386531603,6.93506497270163,7.75194677976623,15.5003060296247,15.4999277306321,16.3518374879322,11.8082930534194
435.7,7.75,7.75,7.75015288724876,7.74996386035631,6.93506355806869,7.75194737253898,15.5003057744975,15.4999277207126,16.3518544319985,11.8082864954458
435.8,7.75,7.75,7.75015275979528,7.74996385543535,6.93506214448324,7.75194796516011,15.5003055195906,15.4999277108707,16.3518713635786,11.808279939258
435.9,7.75,7.75,7.75015263247547,7.74996385056142,6.93506073216983,7.75194855759667,15.5003052649509,15.4999277011228,16.3518882799959,11.8082733852437
436,7.75,7.75,7.75015250527842,7.74996384573063,6.93505932102489,7.75194914986323,15.5003050105568,15.4999276914613,16.3519051824848,11.8082668332306
436.1,7.75,7.75,7.7501523781911,7.74996384093838,6.93505791092437,7.75194974197752,15.5003047563822,15.4999276818768,16.3519220725238,11.8082602830098
436.2,7.75,7.75,7.75015225121341,7.74996383618459,6.9350565018675,7.75195033393937,15.5003045024268,15.4999276723692,16.3519389501221,11.8082537345829
436.3,7.75,7.75,7.75015212434526,7.74996383146923,6.93505509385353,7.75195092574863,15.5003042486905,15.4999276629385,16.3519558152887,11.8082471879515
436.4,7.75,7.75,7.75015199761012,7.74996382680045,6.935053687106,7.75195151737214,15.5003039952202,15.4999276536009,16.3519726653586,11.8082406435053
436.5,7.75,7.75,7.75015187099714,7.74996382217444,6.93505228152179,7.75195210882458,15.5003037419943,15.4999276443489,16.3519895015611,11.808234101071
436.6,7.75,7.75,7.75015174449334,7.7499638175866,6.93505087697742,7.75195270012377,15.5003034889867,15.4999276351732,16.352006325368,11.8082275604387
436.7,7.75,7.75,7.75015161809864,7.74996381303688,6.93504947347211,7.75195329126957,15.5003032361973,15.4999276260738,16.3520231367885,11.8082210216098
436.8,7.75,7.75,7.75015149181294,7.74996380852523,6.93504807100512,7.75195388226182,15.5003029836259,15.4999276170505,16.3520399358315,11.808214484586
436.9,7.75,7.75,7.75015136565959,7.74996380405974,6.93504666979901,7.75195447306716,15.5003027313192,15.4999276081195,16.3520567198439,11.8082079497588
437,7.75,7.75,7.75015123962781,7.74996379963662,6.9350452697511,7.75195506370035,15.5003024792556,15.4999275992732,16.3520734900492,11.8082014169542
437.1,7.75,7.75,7.75015111370466,7.74996379525134,6.93504387073846,7.75195565417936,15.5003022274093,15.4999275905027,16.3520902479132,11.8081948859609
437.2,7.75,7.75,7.75015098789008,7.74996379090382,6.93504247276033,7.75195624450403,15.5003019757802,15.4999275818076,16.3521069934447,11.8081883567806
437.3,7.75,7.75,7.75015086218396,7.74996378659402,6.93504107581595,7.75195683467419,15.5003017243679,15.499927573188,16.3521237266528,11.8081818294147
437.4,7.75,7.75,7.75015073660954,7.74996378232997,6.93503968012691,7.7519574246563,15.5003014732191,15.4999275646599,16.3521404448958,11.8081753042568
437.5,7.75,7.75,7.75015061115609,7.74996377810789,6.935038285591,7.75195801446521,15.5003012223122,15.4999275562158,16.3521571493919,11.8081687811319
437.6,7.75,7.75,7.75015048581074,7.7499637739233,6.9350368920858,7.751958604119,15.5003009716215,15.4999275478466,16.3521738416006,11.8081622598277
437.7,7.75,7.75,7.75015036057341,7.74996376977613,6.93503549961058,7.75195919361751,15.5003007211468,15.4999275395523,16.3521905215306,11.8081557403457
437.8,7.75,7.75,7.75015023544402,7.74996376566633,6.93503410816456,7.75195978296059,15.500300470888,15.4999275313327,16.3522071891909,11.8081492226874
437.9,7.75,7.75,7.75015011044568,7.74996376160187,6.93503271796837,7.75196037211448,15.5003002208914,15.4999275232037,16.3522238419513,11.8081427072483
438,7.75,7.75,7.7501499855677,7.74996375757899,6.93503132892026,7.75196096109415,15.5002999711354,15.499927515158,16.3522404810248,11.8081361938525
438.1,7.75,7.75,7.75014986079731,7.74996375359325,6.93502994089834,7.75196154991776,15.5002997215946,15.4999275071865,16.3522571078644,11.8081296822866
438.2,7.75,7.75,7.7501497361344,7.7499637496446,6.93502855390186,7.75196213858518,15.5002994722688,15.4999274992892,16.3522737224788,11.808123172552
438.3,7.75,7.75,7.75014961157889,7.74996374573297,6.93502716793009,7.75196272709623,15.5002992231578,15.4999274914659,16.3522903248771,11.8081166646502
438.4,7.75,7.75,7.75014948715379,7.74996374186626,6.93502578320266,7.75196331541699,15.5002989743076,15.4999274837325,16.3523069124403,11.8081101589787
438.5,7.75,7.75,7.75014936284846,7.74996373804075,6.93502439961826,7.7519639035625,15.5002987256969,15.4999274760815,16.3523234863763,11.8081036553606
438.6,7.75,7.75,7.75014923865018,7.74996373425204,6.93502301705557,7.75196449155105,15.5002984773004,15.4999274685041,16.3523400481317,11.8080971535815
438.7,7.75,7.75,7.75014911455885,7.74996373050007,6.93502163551382,7.75196507938248,15.5002982291177,15.4999274610001,16.3523565977151,11.8080906536426
438.8,7.75,7.75,7.7501489905744,7.74996372678479,6.93502025499228,7.75196566705666,15.5002979811488,15.4999274535696,16.3523731351356,11.8080841555456
438.9,7.75,7.75,7.75014886671971,7.74996372311401,6.93501887570963,7.75196625453943,15.5002977334394,15.499927446228,16.3523896577857,11.8080776596898
439,7.75,7.75,7.75014874298421,7.74996371948406,6.935017497565,7.75196684184595,15.5002974859684,15.4999274389681,16.3524061668679,11.8080711658974
439.1,7.75,7.75,7.75014861935523,7.74996371589056,6.9350161204376,7.75196742899461,15.5002972387105,15.4999274317811,16.3524226638224,11.8080646739528
439.2,7.75,7.75,7.75014849583267,7.74996371233347,6.93501474432667,7.75196801598526,15.5002969916653,15.4999274246669,16.3524391486581,11.8080581838574
439.3,7.75,7.75,7.75014837241647,7.74996370881273,6.93501336923147,7.75196860281775,15.5002967448329,15.4999274176255,16.3524556213837,11.8080516956126
439.4,7.75,7.75,7.75014824912938,7.74996370533607,6.93501199536974,7.75196918945776,15.5002964982588,15.4999274106721,16.3524720794032,11.8080452096198
439.5,7.75,7.75,7.7501481259609,7.74996370189987,6.93501062264106,7.75196977592052,15.5002962519218,15.4999274037997,16.3524885239138,11.8080387257003
439.6,7.75,7.75,7.75014800289841,7.74996369849978,6.93500925092513,7.75197036222454,15.5002960057968,15.4999273969996,16.3525049563496,11.8080322436373
439.7,7.75,7.75,7.75014787994182,7.74996369513577,6.93500788022123,7.75197094836966,15.5002957598836,15.4999273902715,16.3525213767192,11.8080257634323
439.8,7.75,7.75,7.75014775709106,7.74996369180776,6.93500651052862,7.75197153435575,15.5002955141821,15.4999273836155,16.3525377850315,11.8080192850867
439.9,7.75,7.75,7.75014763436878,7.74996368852344,6.93500514206407,7.75197212014828,15.5002952687376,15.4999273770469,16.3525541787016,11.8080128090036
440,7.75,7.75,7.75014751176452,7.74996368527919,6.9350037747276,7.75197270576258,15.500295023529,15.4999273705584,16.3525705589216,11.8080063350035
440.1,7.75,7.75,7.75014738926573,7.74996368207073,6.93500240839947,7.75197329121726,15.5002947785315,15.4999273641415,16.3525869271193,11.8079998628685
440.2,7.75,7.75,7.75014726687233,7.749963678898,6.93500104307892,7.75197387651218,15.5002945337447,15.499927357796,16.3526032833032,11.8079933926002
440.3,7.75,7.75,7.75014714458422,7.74996367576095,6.93499967876524,7.7519744616472,15.5002942891684,15.4999273515219,16.3526196274822,11.8079869241998
440.4,7.75,7.75,7.75014702242397,7.74996367266718,6.93499831567425,7.7519750465876,15.5002940448479,15.4999273453344,16.3526359570828,11.8079804580724
440.5,7.75,7.75,7.75014690038115,7.74996366961311,6.93499695370641,7.75197563134881,15.5002938007623,15.4999273392262,16.3526522732917,11.8079739940375
440.6,7.75,7.75,7.75014677844329,7.74996366659449,6.93499559274248,7.75197621594954,15.5002935568866,15.499927333189,16.3526685775305,11.8079675318763
440.7,7.75,7.75,7.75014665661029,7.74996366361128,6.93499423278174,7.75197680038965,15.5002933132206,15.4999273272226,16.3526848698078,11.8079610715901
440.8,7.75,7.75,7.75014653488207,7.74996366066341,6.93499287382346,7.75197738466899,15.5002930697641,15.4999273213268,16.3527011501323,11.8079546131805
440.9,7.75,7.75,7.75014641328107,7.74996365775842,6.93499151608252,7.75197796875269,15.5002928265621,15.4999273155168,16.3527174159417,11.807948157054
441,7.75,7.75,7.75014629179693,7.74996365489276,6.93499015945982,7.75197855265624,15.5002925835939,15.4999273097855,16.3527336684176,11.8079417030295
441.1,7.75,7.75,7.75014617041722,7.74996365206223,6.93498880383665,7.75197913639846,15.5002923408344,15.4999273041245,16.3527499089754,11.807935250887
441.2,7.75,7.75,7.75014604914186,7.74996364926676,6.93498744921228,7.75197971997922,15.5002920982837,15.4999272985335,16.3527661376237,11.807928800628
441.3,7.75,7.75,7.75014592797077,7.74996364650632,6.93498609558598,7.75198030339836,15.5002918559415,15.4999272930126,16.3527823543711,11.8079223522537
441.4,7.75,7.75,7.75014580692627,7.74996364378835,6.93498474317171,7.75198088662083,15.5002916138525,15.4999272875767,16.3527985566663,11.8079159061728
441.5,7.75,7.75,7.75014568599805,7.74996364110935,6.93498339187079,7.75198146966222,15.5002913719961,15.4999272822187,16.3528147456861,11.8079094622031
441.6,7.75,7.75,7.75014556517375,7.74996363846515,6.93498204156502,7.75198205254145,15.5002911303475,15.4999272769303,16.3528309228394,11.8079030201237
441.7,7.75,7.75,7.75014544445329,7.74996363585569,6.9349806922537,7.75198263525837,15.5002908889066,15.4999272717114,16.3528470881349,11.807896579936
441.8,7.75,7.75,7.75014532383658,7.74996363328092,6.93497934393609,7.75198321781284,15.5002906476732,15.4999272665618,16.3528632415811,11.8078901416413
441.9,7.75,7.75,7.75014520334584,7.74996363074823,6.93497799682522,7.75198380016964,15.5002904066917,15.4999272614965,16.352879380638,11.8078837056499
442,7.75,7.75,7.7501450829708,7.74996362825415,6.93497665082282,7.75198438234443,15.5002901659416,15.4999272565083,16.3528955064769,11.8078772717788
442.1,7.75,7.75,7.75014496269917,7.74996362579454,6.93497530581125,7.75198496435623,15.5002899253983,15.4999272515891,16.3529116205009,11.8078708398061
442.2,7.75,7.75,7.75014484253087,7.74996362336934,6.93497396178977,7.7519855462049,15.5002896850617,15.4999272467387,16.3529277227185,11.8078644097332
442.3,7.75,7.75,7.7501447224658,7.74996362097852,6.93497261875766,7.75198612789031,15.5002894449316,15.499927241957,16.3529438131383,11.8078579815615
442.4,7.75,7.75,7.75014460252609,7.74996361862937,6.93497127692702,7.75198670937705,15.5002892050522,15.4999272372587,16.3529598892311,11.8078515557028
442.5,7.75,7.75,7.75014448270151,7.74996361631848,6.93496993620003,7.75198729068087,15.500288965403,15.499927232637,16.3529759521632,11.8078451319734
442.6,7.75,7.75,7.75014436297983,7.74996361404173,6.93496859645952,7.75198787182089,15.5002887259597,15.4999272280835,16.3529920033317,11.8078387101505
442.7,7.75,7.75,7.75014424336096,7.74996361179908,6.9349672577048,7.75198845279696,15.5002884867219,15.4999272235982,16.3530080427449,11.8078322902353
442.8,7.75,7.75,7.75014412384483,7.74996360959047,6.93496591993513,7.75198903360896,15.5002882476897,15.4999272191809,16.3530240704115,11.8078258722292
442.9,7.75,7.75,7.75014400445343,7.74996360742316,6.93496458336169,7.75198961422132,15.5002880089069,15.4999272148463,16.3530400838132,11.8078194565459
443,7.75,7.75,7.75014388517659,7.74996360529373,6.93496324788707,7.75199019464985,15.5002877703532,15.4999272105875,16.3530560841113,11.8078130430007
443.1,7.75,7.75,7.75014376600215,7.74996360319813,6.93496191339464,7.75199077491378,15.5002875320043,15.4999272063963,16.3530720726967,11.8078066313698
443.2,7.75,7.75,7.75014364693001,7.74996360113631,6.9349605798837,7.75199135501298,15.50028729386,15.4999272022726,16.3530880495778,11.8078002216545
443.3,7.75,7.75,7.7501435279601,7.74996359910821,6.93495924735351,7.7519919349473,15.5002870559202,15.4999271982164,16.3531040147631,11.8077938138562
443.4,7.75,7.75,7.75014340911431,7.74996359712102,6.93495791601433,7.75199251468101,15.5002868182286,15.499927194242,16.3531199657454,11.8077874083901
443.5,7.75,7.75,7.75014329038252,7.74996359517135,6.93495658576919,7.75199309423002,15.500286580765,15.4999271903427,16.3531359036808,11.8077810050709
443.6,7.75,7.75,7.75014317175261,7.7499635932552,6.93495525650196,7.75199367361363,15.5002863435052,15.4999271865104,16.3531518299542,11.8077746036737
443.7,7.75,7.75,7.75014305322451,7.74996359137251,6.93495392821193,7.75199425283172,15.500286106449,15.499927182745,16.353167744574,11.8077682041999
443.8,7.75,7.75,7.75014293479813,7.74996358952322,6.93495260089838,7.75199483188416,15.5002858695963,15.4999271790464,16.3531836475487,11.8077618066508
443.9,7.75,7.75,7.75014281649526,7.74996358771445,6.93495127477065,7.75199541073502,15.5002856329905,15.4999271754289,16.3531995363818,11.8077554114433
444,7.75,7.75,7.75014269830582,7.74996358594286,6.9349499497322,7.75199598940032,15.5002853966116,15.4999271718857,16.3532154122246,11.8077490183911
444.1,7.75,7.75,7.75014258021777,7.74996358420446,6.93494862566739,7.75199656789944,15.5002851604355,15.4999271684089,16.3532312764558,11.8077426272687
444.2,7.75,7.75,7.75014246223102,7.74996358249921,6.93494730257553,7.75199714623226,15.500284924462,15.4999271649984,16.3532471290839,11.8077362380773
444.3,7.75,7.75,7.75014234434549,7.74996358082705,6.9349459804559,7.75199772439866,15.500284688691,15.4999271616541,16.3532629701172,11.8077298508181
444.4,7.75,7.75,7.75014222658286,7.74996357919502,6.93494465951692,7.75199830236255,15.5002844531657,15.49992715839,16.3532787970701,11.8077234659098
444.5,7.75,7.75,7.75014210893311,7.74996357759983,6.93494333966247,7.75199888014001,15.5002842178662,15.4999271551997,16.3532946110889,11.8077170831652
444.6,7.75,7.75,7.75014199138425,7.7499635760375,6.93494202077743,7.75199945775053,15.5002839827685,15.499927152075,16.3533104135464,11.8077107023579
444.7,7.75,7.75,7.75014187393619,7.74996357450802,6.9349407028611,7.75200003519399,15.5002837478724,15.499927149016,16.3533262044509,11.8077043234891
444.8,7.75,7.75,7.75014175658884,7.7499635730113,6.93493938591277,7.75200061247026,15.5002835131777,15.4999271460226,16.3533419838109,11.8076979465601
444.9,7.75,7.75,7.75014163936379,7.74996357155435,6.93493807013995,7.7520011895431,15.5002832787276,15.4999271431087,16.3533577491513,11.8076915719908
445,7.75,7.75,7.75014152225107,7.74996357013387,6.93493675544695,7.75200176642867,15.5002830445021,15.4999271402677,16.3533735016135,11.8076851995937
445.1,7.75,7.75,7.75014140523873,7.74996356874597,6.93493544171913,7.75200234314654,15.5002828104775,15.4999271374919,16.3533892425644,11.8076788291413
445.2,7.75,7.75,7.75014128832669,7.74996356739058,6.93493412895581,7.7520029196966,15.5002825766534,15.4999271347812,16.3534049720123,11.8076724606348
445.3,7.75,7.75,7.75014117151488,7.74996356606765,6.93493281715628,7.75200349607872,15.5002823430298,15.4999271321353,16.3534206899655,11.8076660940753
445.4,7.75,7.75,7.75014105482476,7.74996356478411,6.93493150652714,7.7520040722565,15.5002821096495,15.4999271295682,16.3534363939598,11.8076597298846
445.5,7.75,7.75,7.75014093824641,7.7499635635367,6.93493019697312,7.75200464824617,15.5002818764928,15.4999271270734,16.3534520851315,11.8076533678742
445.6,7.75,7.75,7.75014082176796,7.74996356232155,6.9349288883801,7.75200522406741,15.5002816435359,15.4999271246431,16.3534677648416,11.8076470078157
445.7,7.75,7.75,7.75014070538931,7.74996356113861,6.93492758074737,7.75200579972009,15.5002814107786,15.4999271222772,16.3534834330984,11.8076406497104
445.8,7.75,7.75,7.75014058911039,7.74996355998782,6.93492627407424,7.7520063752041,15.5002811782208,15.4999271199756,16.3534990899102,11.8076342935594
445.9,7.75,7.75,7.75014047295257,7.74996355887604,6.93492496856642,7.75200695048287,15.5002809459051,15.4999271177521,16.3535147328234,11.8076279397859
446,7.75,7.75,7.75014035690596,7.74996355780005,6.93492366412905,7.75200752557271,15.5002807138119,15.4999271156001,16.3535303629694,11.8076215882008
446.1,7.75,7.75,7.75014024095875,7.74996355675601,6.93492236064848,7.75200810049338,15.5002804819175,15.499927113512,16.3535459817033,11.8076152385747
446.2,7.75,7.75,7.75014012511086,7.74996355574388,6.93492105812405,7.75200867524477,15.5002802502217,15.4999271114878,16.3535615890333,11.807608890909
446.3,7.75,7.75,7.75014000936221,7.74996355476359,6.93491975655504,7.75200924982675,15.5002800187244,15.4999271095272,16.3535771849677,11.8076025452047
446.4,7.75,7.75,7.75013989373405,7.74996355382195,6.93491845614628,7.75200982420262,15.5002797874681,15.4999271076439,16.3535927670635,11.8075962018865
446.5,7.75,7.75,7.75013977821657,7.74996355291574,6.93491715680332,7.75201039838874,15.5002795564331,15.4999271058315,16.3536083364473,11.8075898607646
446.6,7.75,7.75,7.75013966279799,7.74996355204119,6.93491585841301,7.75201097240499,15.500279325596,15.4999271040824,16.3536238944682,11.8075835216089
446.7,7.75,7.75,7.75013954747824,7.74996355119823,6.93491456097468,7.75201154625122,15.5002790949565,15.4999271023965,16.3536394411344,11.8075771844204
446.8,7.75,7.75,7.75013943225724,7.74996355038682,6.93491326448762,7.75201211992734,15.5002788645145,15.4999271007736,16.3536549764542,11.8075708492004
446.9,7.75,7.75,7.75013931715614,7.74996354961367,6.93491196915578,7.75201269339647,15.5002786343123,15.4999270992273,16.3536704979951,11.8075645163751
447,7.75,7.75,7.75013920216517,7.74996354887564,6.93491067488509,7.75201326667507,15.5002784043303,15.4999270977513,16.3536860068788,11.8075581857538
447.1,7.75,7.75,7.75013908727262,7.74996354816894,6.93490938156294,7.75201383978307,15.5002781745452,15.4999270963379,16.3537015044486,11.8075518571055
447.2,7.75,7.75,7.75013897247841,7.74996354749354,6.93490808918862,7.75201441272036,15.5002779449568,15.4999270949871,16.3537169907128,11.8075455304315
447.3,7.75,7.75,7.75013885778246,7.74996354684939,6.93490679776145,7.75201498548682,15.5002777155649,15.4999270936988,16.3537324656795,11.8075392057329
447.4,7.75,7.75,7.75013874320582,7.74996354624314,6.93490550748448,7.75201555804545,15.5002774864116,15.4999270924863,16.3537479269266,11.8075328834372
447.5,7.75,7.75,7.75013862873877,7.74996354567166,6.93490421826407,7.75201613041276,15.5002772574775,15.4999270913433,16.3537633755711,11.8075265633532
447.6,7.75,7.75,7.75013851436965,7.74996354513122,6.93490292998807,7.75201670260877,15.5002770287393,15.4999270902624,16.3537788129506,11.807520245249
447.7,7.75,7.75,7.75013840009838,7.74996354462178,6.93490164265579,7.75201727463338,15.5002768001968,15.4999270892436,16.3537942390731,11.807513929126
447.8,7.75,7.75,7.7501382859249,7.74996354414328,6.93490035626656,7.75201784648646,15.5002765718498,15.4999270882866,16.3538096539468,11.807507614985
447.9,7.75,7.75,7.75013817187014,7.74996354370232,6.93489907102254,7.75201841813087,15.5002763437403,15.4999270874046,16.3538250551601,11.8075013032553
448,7.75,7.75,7.75013805792441,7.7499635432958,6.93489778683049,7.75201898958318,15.5002761158488,15.4999270865916,16.3538404438251,11.8074949937447
448.1,7.75,7.75,7.75013794407615,7.74996354292002,6.93489650357876,7.75201956086352,15.5002758881523,15.49992708584,16.3538558212735,11.8074886862207
448.2,7.75,7.75,7.75013783032525,7.74996354257494,6.93489522126666,7.75202013197176,15.5002756606505,15.4999270851499,16.3538711875135,11.8074823806844
448.3,7.75,7.75,7.75013771667165,7.7499635422605,6.93489393989352,7.75202070290779,15.5002754333433,15.499927084521,16.3538865425532,11.807476077137
448.4,7.75,7.75,7.75013760313619,7.74996354198325,6.93489265966062,7.75202127363432,15.5002752062724,15.4999270839665,16.3539018839913,11.8074697760088
448.5,7.75,7.75,7.75013748970924,7.74996354174009,6.93489138047514,7.752021844168,15.5002749794185,15.4999270834802,16.3539172129351,11.8074634771072
448.6,7.75,7.75,7.75013737637925,7.74996354152738,6.9348901022259,7.75202241452902,15.5002747527585,15.4999270830548,16.3539325307106,11.8074571801988
448.7,7.75,7.75,7.75013726314616,7.74996354134508,6.93488882491222,7.75202298471727,15.5002745262923,15.4999270826902,16.353947837326,11.8074508852847
448.8,7.75,7.75,7.75013715000989,7.74996354119313,6.93488754853342,7.75202355473264,15.5002743000198,15.4999270823863,16.3539631327893,11.8074445923659
448.9,7.75,7.75,7.75013703699117,7.749963541078,6.93488627328994,7.7520241245377,15.5002740739823,15.499927082156,16.3539784147095,11.8074383018743
449,7.75,7.75,7.75013692408042,7.74996354099664,6.93488499908933,7.75202469414915,15.5002738481608,15.4999270819933,16.3539936841892,11.8074320136166
449.1,7.75,7.75,7.75013681126617,7.74996354094543,6.9348837258209,7.75202526358729,15.5002736225323,15.4999270818909,16.3540089425488,11.8074257273586
449.2,7.75,7.75,7.75013669854833,7.74996354092434,6.934882453484,7.75202583285199,15.5002733970967,15.4999270818487,16.3540241897962,11.8074194431013
449.3,7.75,7.75,7.75013658592683,7.7499635409333,6.93488118207792,7.75202640194315,15.5002731718537,15.4999270818666,16.3540394259394,11.8074131608458
449.4,7.75,7.75,7.75013647342231,7.74996354097872,6.93487991180224,7.75202697082318,15.5002729468446,15.4999270819574,16.3540546485979,11.8074068810253
449.5,7.75,7.75,7.75013636102523,7.74996354105759,6.93487864256492,7.75202753950889,15.5002727220505,15.4999270821152,16.3540698588694,11.8074006034458
449.6,7.75,7.75,7.75013624872416,7.74996354116633,6.93487737425575,7.75202810802062,15.5002724974483,15.4999270823327,16.3540850580686,11.8073943278723
449.7,7.75,7.75,7.75013613651903,7.74996354130488,6.93487610687406,7.75202867635826,15.5002722730381,15.4999270826098,16.3541002462034,11.807388054306
449.8,7.75,7.75,7.75013602440977,7.7499635414732,6.93487484041919,7.7520292445217,15.5002720488195,15.4999270829464,16.3541154232818,11.8073817827478
449.9,7.75,7.75,7.75013591241691,7.74996354167762,6.9348735750898,7.75202981247323,15.5002718248338,15.4999270833552,16.3541305869334,11.8073755136322
450,7.75,7.75,7.75013580053096,7.74996354191517,6.9348723107943,7.75203038022971,15.5002716010619,15.4999270838303,16.3541457382512,11.8073692467647
450.1,7.75,7.75,7.75013568874055,7.74996354218229,6.93487104742292,7.75203094781157,15.5002713774811,15.4999270843646,16.3541608785443,11.8073629819094
450.2,7.75,7.75,7.75013557704561,7.74996354247894,6.93486978497502,7.75203151521869,15.5002711540912,15.4999270849579,16.3541760078207,11.8073567190676
450.3,7.75,7.75,7.75013546544606,7.74996354280507,6.93486852344991,7.75203208245099,15.5002709308921,15.4999270856101,16.3541911260881,11.80735045824
450.4,7.75,7.75,7.75013535396234,7.74996354316696,6.93486726304544,7.75203264947059,15.5002707079247,15.4999270863339,16.3542062309864,11.8073441998627
450.5,7.75,7.75,7.75013524258499,7.74996354356164,6.93486600367037,7.75203321629443,15.50027048517,15.4999270871233,16.354221323604,11.8073379437403
450.6,7.75,7.75,7.75013513130273,7.74996354398561,6.93486474521544,7.75203378294301,15.5002702626055,15.4999270879712,16.3542364052442,11.8073316896364
450.7,7.75,7.75,7.75013502011546,7.74996354443882,6.93486348767998,7.75203434941623,15.5002700402309,15.4999270888776,16.3542514759149,11.8073254375519
450.8,7.75,7.75,7.75013490902311,7.74996354492123,6.93486223106334,7.75203491571398,15.5002698180462,15.4999270898425,16.3542665356241,11.8073191874879
450.9,7.75,7.75,7.75013479804602,7.74996354543904,6.93486097556247,7.75203548179828,15.500269596092,15.4999270908781,16.3542815820215,11.8073129398816
451,7.75,7.75,7.75013468717478,7.74996354598933,6.93485972108657,7.75203604768611,15.5002693743496,15.4999270919787,16.354296616191,11.8073066945369
451.1,7.75,7.75,7.75013457639815,7.74996354656862,6.93485846752683,7.75203661339806,15.5002691527963,15.4999270931372,16.3543116394302,11.8073004512167
451.2,7.75,7.75,7.75013446571605,7.74996354717686,6.93485721488259,7.75203717893403,15.5002689314321,15.4999270943537,16.354326651747,11.807294209922
451.3,7.75,7.75,7.7501343551284,7.74996354781402,6.9348559631532,7.75203774429391,15.5002687102568,15.499927095628,16.3543416531492,11.8072879706538
451.4,7.75,7.75,7.75013424465544,7.74996354848623,6.93485471253477,7.75203830943959,15.5002684893109,15.4999270969725,16.354356641297,11.8072817338505
451.5,7.75,7.75,7.75013413428781,7.74996354919061,6.93485346293687,7.75203887438811,15.5002682685756,15.4999270983812,16.3543716172691,11.8072754993156
451.6,7.75,7.75,7.75013402401433,7.7499635499237,6.93485221425118,7.75203943916014,15.5002680480287,15.4999270998474,16.354386582358,11.8072692668111
451.7,7.75,7.75,7.7501339138349,7.74996355068547,6.93485096647703,7.75204000375558,15.5002678276698,15.4999271013709,16.3544015365713,11.807263036338
451.8,7.75,7.75,7.75013380374947,7.74996355147585,6.93484971961378,7.75204056817431,15.5002676074989,15.4999271029517,16.3544164799169,11.8072568078973
451.9,7.75,7.75,7.75013369377816,7.74996355230096,6.9348484738567,7.7520411323781,15.5002673875563,15.4999271046019,16.3544314100648,11.8072505819287
452,7.75,7.75,7.75013358391166,7.74996355315792,6.93484722911574,7.75204169638406,15.5002671678233,15.4999271063158,16.3544463280894,11.8072443582349
452.1,7.75,7.75,7.75013347413884,7.74996355404331,6.93484598528306,7.75204226021293,15.5002669482777,15.4999271080866,16.3544612352774,11.8072381365774
452.2,7.75,7.75,7.75013336445962,7.74996355495709,6.93484474235799,7.75204282386459,15.5002667289192,15.4999271099142,16.3544761316365,11.8072319169572
452.3,7.75,7.75,7.75013325487392,7.74996355589921,6.93484350033988,7.75204338733896,15.5002665097478,15.4999271117984,16.3544910171744,11.8072256993751
452.4,7.75,7.75,7.75013314540178,7.74996355687571,6.93484225942317,7.75204395059766,15.5002662908036,15.4999271137514,16.3545058895713,11.8072194842721
452.5,7.75,7.75,7.75013303603395,7.74996355788375,6.93484101951819,7.75204451365786,15.5002660720679,15.4999271157675,16.3545207498967,11.8072132714504
452.6,7.75,7.75,7.75013292675932,7.74996355891994,6.93483978051757,7.75204507654036,15.5002658535186,15.4999271178399,16.354535599432,11.8072070606707
452.7,7.75,7.75,7.75013281757784,7.74996355998424,6.93483854242065,7.75204563924508,15.5002656351557,15.4999271199685,16.3545504381849,11.807200851934
452.8,7.75,7.75,7.75013270848942,7.74996356107661,6.93483730522679,7.75204620177192,15.5002654169788,15.4999271221532,16.3545652661629,11.8071946452412
452.9,7.75,7.75,7.750132599514,7.74996356220301,6.93483606912957,7.75204676408236,15.500265199028,15.499927124406,16.3545800810562,11.8071884410343
453,7.75,7.75,7.75013249064236,7.74996356336064,6.93483483403973,7.75204732619366,15.5002649812847,15.4999271267213,16.3545948839299,11.807182239115
453.1,7.75,7.75,7.75013238186348,7.74996356454615,6.93483359985034,7.75204788812668,15.500264763727,15.4999271290923,16.3546096760595,11.8071760392433
453.2,7.75,7.75,7.75013227317728,7.74996356575949,6.93483236656076,7.75204844988133,15.5002645463546,15.499927131519,16.3546244574529,11.8071698414202
453.3,7.75,7.75,7.75013216458369,7.74996356700062,6.93483113417034,7.75204901145751,15.5002643291674,15.4999271340012,16.3546392281176,11.8071636456466
453.4,7.75,7.75,7.75013205610253,7.74996356827545,6.93482990287183,7.7520495728166,15.5002641122051,15.4999271365509,16.3546539857537,11.8071574523657
453.5,7.75,7.75,7.75013194772465,7.7499635695812,6.93482867257637,7.7520501339759,15.5002638954493,15.4999271391624,16.3546687314215,11.8071512613786
453.6,7.75,7.75,7.75013183943907,7.74996357091455,6.93482744317748,7.75205069495635,15.5002636788781,15.4999271418291,16.3546834663914,11.8071450724446
453.7,7.75,7.75,7.75013173124572,7.74996357227546,6.93482621467452,7.75205125575786,15.5002634624914,15.4999271445509,16.3546981906709,11.8071388855647
453.8,7.75,7.75,7.75013162314451,7.74996357366388,6.93482498706684,7.75205181638032,15.500263246289,15.4999271473278,16.3547129042678,11.8071327007398
453.9,7.75,7.75,7.75013151515519,7.74996357508567,6.93482376054639,7.75205237678501,15.5002630303104,15.4999271501713,16.3547276048917,11.8071265184142
454,7.75,7.75,7.75013140726863,7.74996357653807,6.93482253502465,7.75205293698928,15.5002628145373,15.4999271530761,16.3547422935986,11.8071203383885
454.1,7.75,7.75,7.75013129947392,7.7499635780178,6.93482131039562,7.75205349701413,15.5002625989478,15.4999271560356,16.3547569716533,11.8071141604214
454.2,7.75,7.75,7.75013119177098,7.74996357952481,6.93482008665867,7.75205405685947,15.500262383542,15.4999271590496,16.3547716390634,11.8071079845138
454.3,7.75,7.75,7.75013108415973,7.74996358105907,6.93481886381315,7.75205461652522,15.5002621683195,15.4999271621181,16.3547862958366,11.8071018106665
454.4,7.75,7.75,7.75013097665982,7.74996358262636,6.93481764205017,7.75205517597251,15.5002619533196,15.4999271652527,16.3548009396923,11.807095639325
454.5,7.75,7.75,7.75013086926217,7.74996358422396,6.9348164212816,7.75205573521875,15.5002617385243,15.4999271684479,16.3548155716819,11.8070894702895
454.6,7.75,7.75,7.75013076195591,7.74996358584862,6.9348152014019,7.75205629428503,15.5002615239118,15.4999271716972,16.3548301930649,11.8070833033178
454.7,7.75,7.75,7.75013065474097,7.74996358750029,6.93481398241045,7.75205685317124,15.5002613094819,15.4999271750006,16.3548448038489,11.8070771384108
454.8,7.75,7.75,7.75013054761727,7.74996358917894,6.93481276430658,7.75205741187731,15.5002610952345,15.4999271783579,16.3548594040413,11.8070709755696
454.9,7.75,7.75,7.75013044060436,7.74996359089029,6.9348115472806,7.75205797036425,15.5002608812087,15.4999271817806,16.3548739913715,11.8070648152405
455,7.75,7.75,7.7501303336932,7.74996359263164,6.93481033124476,7.75205852864953,15.5002606673864,15.4999271852633,16.3548885668864,11.8070586572232
455.1,7.75,7.75,7.75013022687298,7.74996359439979,6.93480911609397,7.75205908675431,15.500260453746,15.4999271887996,16.35490313184,11.807052501275
455.2,7.75,7.75,7.75013012014363,7.74996359619468,6.93480790182759,7.75205964467848,15.5002602402873,15.4999271923894,16.3549176862398,11.8070463473968
455.3,7.75,7.75,7.75013001350508,7.74996359801626,6.93480668844499,7.75206020242196,15.5002600270102,15.4999271960325,16.3549322300934,11.8070401955893
455.4,7.75,7.75,7.75012990697677,7.74996359987024,6.93480547613564,7.75206075994566,15.5002598139535,15.4999271997405,16.3549467611397,11.8070340463005
455.5,7.75,7.75,7.75012980054971,7.74996360175391,6.93480426481217,7.75206131726711,15.5002596010994,15.4999272035078,16.3549612804211,11.807027899329
455.6,7.75,7.75,7.75012969421314,7.74996360366411,6.93480305436995,7.7520618744075,15.5002593884263,15.4999272073282,16.3549757891864,11.8070217544318
455.7,7.75,7.75,7.750129587967,7.74996360560079,6.93480184480834,7.75206243136676,15.500259175934,15.4999272112016,16.354990287443,11.8070156116097
455.8,7.75,7.75,7.7501294818112,7.7499636075639,6.93480063612671,7.7520629881448,15.5002589636224,15.4999272151278,16.3550047751983,11.8070094708635
455.9,7.75,7.75,7.7501293757651,7.74996360955907,6.93479942851372,7.75206354470242,15.5002587515302,15.4999272191181,16.3550192502011,11.8070033326419
456,7.75,7.75,7.75012926981975,7.74996361158365,6.93479822188237,7.75206410105719,15.5002585396395,15.4999272231673,16.3550337134893,11.8069971967435
456.1,7.75,7.75,7.75012916396446,7.74996361363448,6.93479701612849,7.75206465723039,15.5002583279289,15.499927227269,16.3550481663062,11.8069910629243
456.2,7.75,7.75,7.75012905819914,7.74996361571152,6.93479581125143,7.75206521322193,15.5002581163983,15.499927231423,16.3550626086592,11.8069849311851
456.3,7.75,7.75,7.75012895252372,7.74996361781474,6.93479460725057,7.75206576903172,15.5002579050474,15.4999272356295,16.3550770405559,11.8069788015269
456.4,7.75,7.75,7.75012884695745,7.74996361994969,6.93479340431376,7.75206632462046,15.5002576939149,15.4999272398994,16.3550914597544,11.8069726743994
456.5,7.75,7.75,7.75012874149145,7.74996362211375,6.93479220235439,7.75206688000577,15.5002574829829,15.4999272442275,16.3551058672883,11.8069665496005
456.6,7.75,7.75,7.75012863611505,7.74996362430381,6.9347910012687,7.752067435209,15.5002572722301,15.4999272486076,16.3551202643956,11.8069604268857
456.7,7.75,7.75,7.75012853082818,7.74996362651982,6.93478980105609,7.75206799023005,15.5002570616564,15.4999272530396,16.3551346510836,11.806954306256
456.8,7.75,7.75,7.75012842563077,7.74996362876173,6.93478860171591,7.75206854506884,15.5002568512615,15.4999272575235,16.3551490273599,11.806948187712
456.9,7.75,7.75,7.75012832054198,7.74996363103506,6.93478740343521,7.75206909968596,15.500256641084,15.4999272620701,16.3551633909922,11.8069420717047
457,7.75,7.75,7.75012821555296,7.74996363333721,6.93478620612774,7.75206965409908,15.5002564311059,15.4999272666744,16.3551777430097,11.8069359580314
457.1,7.75,7.75,7.7501281106531,7.74996363566509,6.93478500969022,7.75207020832961,15.5002562213062,15.4999272713302,16.355192084645,11.8069298464471
457.2,7.75,7.75,7.75012800584233,7.74996363801866,6.93478381412202,7.75207076237746,15.5002560116847,15.4999272760373,16.3552064159055,11.8069237369526
457.3,7.75,7.75,7.75012790112058,7.74996364039787,6.93478261942252,7.75207131624254,15.5002558022412,15.4999272807957,16.3552207367986,11.8069176295486
457.4,7.75,7.75,7.75012779650691,7.74996364280819,6.93478142577795,7.75207186988535,15.5002555930138,15.4999272856164,16.3552350451017,11.8069115246871
457.5,7.75,7.75,7.75012769199252,7.74996364524703,6.93478023310245,7.7520724233236,15.500255383985,15.4999272904941,16.3552493418394,11.806905422165
457.6,7.75,7.75,7.75012758756685,7.74996364771135,6.93477904129315,7.75207297657875,15.5002551751337,15.4999272954227,16.3552636282391,11.8068993217365
457.7,7.75,7.75,7.75012748322984,7.74996365020109,6.93477785034945,7.75207352965074,15.5002549664597,15.4999273004022,16.3552779043084,11.8068932234026
457.8,7.75,7.75,7.7501273789814,7.74996365271622,6.93477666027072,7.75207408253947,15.5002547579628,15.4999273054324,16.3552921700544,11.806887127164
457.9,7.75,7.75,7.75012727484052,7.74996365526214,6.9347754712424,7.75207463520531,15.500254549681,15.4999273105243,16.3553064232639,11.8068810334734
458,7.75,7.75,7.75012717079842,7.7499636578363,6.93477428317899,7.75207518766605,15.5002543415968,15.4999273156726,16.3553206649574,11.8068749421275
458.1,7.75,7.75,7.75012706684461,7.74996366043567,6.93477309597809,7.75207573994321,15.5002541336892,15.4999273208713,16.355334896357,11.8068688528798
458.2,7.75,7.75,7.75012696297901,7.74996366306021,6.93477190963906,7.75207629203672,15.500253925958,15.4999273261204,16.3553491174701,11.8068627657313
458.3,7.75,7.75,7.75012685920156,7.74996366570988,6.9347707241613,7.75207684394647,15.5002537184031,15.4999273314198,16.3553633283038,11.8068566806827
458.4,7.75,7.75,7.75012675553114,7.74996366839003,6.93476953972944,7.75207739563276,15.5002535110623,15.4999273367801,16.3553775266546,11.8068505981878
458.5,7.75,7.75,7.75012665195901,7.74996367109813,6.93476835625837,7.75207794711341,15.500253303918,15.4999273421963,16.3553917135383,11.8068445180425
458.6,7.75,7.75,7.75012654847473,7.74996367383118,6.93476717364609,7.75207849841,15.5002530969495,15.4999273476624,16.3554058901719,11.8068384400001
458.7,7.75,7.75,7.75012644507824,7.74996367658916,6.93476599189201,7.75207904952245,15.5002528901565,15.4999273531783,16.3554200565627,11.8068323640614
458.8,7.75,7.75,7.75012634176945,7.749963679372,6.93476481099551,7.75207960045068,15.5002526835389,15.499927358744,16.3554342127181,11.806826290227
458.9,7.75,7.75,7.75012623856716,7.74996368218501,6.93476363114044,7.75208015115486,15.5002524771343,15.49992736437,16.3554483564435,11.8068202189518
459,7.75,7.75,7.75012613546269,7.74996368502569,6.93476245224203,7.75208070165289,15.5002522709254,15.4999273700514,16.3554624887506,11.8068141500313
459.1,7.75,7.75,7.75012603244564,7.74996368789107,6.93476127419875,7.75208125196638,15.5002520648913,15.4999273757821,16.3554766108514,11.8068080832181
459.2,7.75,7.75,7.75012592951593,7.74996369078112,6.93476009700998,7.75208180209526,15.5002518590319,15.4999273815622,16.3554907227529,11.8068020185129
459.3,7.75,7.75,7.75012582667351,7.74996369369579,6.93475892067512,7.75208235203946,15.500251653347,15.4999273873916,16.3555048244624,11.8067959559166
459.4,7.75,7.75,7.75012572393705,7.74996369664031,6.93475774537723,7.75208290175904,15.5002514478741,15.4999273932806,16.3555189137949,11.8067898958848
459.5,7.75,7.75,7.75012562129793,7.74996369961222,6.93475657103192,7.75208345127193,15.5002512425959,15.4999273992244,16.3555329917577,11.8067838382125
459.6,7.75,7.75,7.7501255187458,7.74996370260858,6.93475539753807,7.75208400059984,15.5002510374916,15.4999274052172,16.3555470595575,11.8067777826519
459.7,7.75,7.75,7.75012541628059,7.74996370562935,6.93475422489508,7.75208454974268,15.5002508325612,15.4999274112587,16.3555611172014,11.8067717292037
459.8,7.75,7.75,7.75012531390223,7.74996370867449,6.93475305310235,7.75208509870037,15.5002506278045,15.499927417349,16.3555751646967,11.8067656778687
459.9,7.75,7.75,7.75012521162932,7.74996371174919,6.93475188234215,7.7520856474329,15.5002504232586,15.4999274234984,16.3555891998675,11.8067596291034
460,7.75,7.75,7.75012510945326,7.74996371485098,6.93475071253045,7.75208619595824,15.5002502189065,15.499927429702,16.355603223717,11.8067535827024
460.1,7.75,7.75,7.75012500736377,7.74996371797699,6.93474954356658,7.75208674429813,15.5002500147275,15.499927435954,16.3556172374466,11.8067475384173
460.2,7.75,7.75,7.75012490536076,7.74996372112715,6.93474837544993,7.7520872924525,15.5002498107215,15.4999274422543,16.3556312410635,11.8067414962489
460.3,7.75,7.75,7.75012480344418,7.74996372430143,6.9347472081799,7.75208784042128,15.5002496068884,15.4999274486029,16.355645234575,11.8067354561979
460.4,7.75,7.75,7.75012470163253,7.74996372750496,6.93474604193799,7.75208838816435,15.5002494032651,15.4999274550099,16.3556592158143,11.8067294187218
460.5,7.75,7.75,7.75012459991726,7.74996373073531,6.93474487664052,7.75208893569972,15.5002491998345,15.4999274614706,16.3556731857804,11.8067233836147
460.6,7.75,7.75,7.75012449828812,7.74996373398962,6.93474371218725,7.75208948304921,15.5002489965762,15.4999274679792,16.3556871456696,11.8067173506276
460.7,7.75,7.75,7.75012439674505,7.74996373726785,6.93474254857759,7.75209003021274,15.5002487934901,15.4999274745357,16.3557010954891,11.8067113197614
460.8,7.75,7.75,7.75012429528797,7.74996374056994,6.93474138581093,7.75209057719023,15.5002485905759,15.4999274811399,16.355715035246,11.8067052910168
460.9,7.75,7.75,7.75012419393531,7.74996374390098,6.934740224068,7.75209112394148,15.5002483878706,15.499927487802,16.3557289627829,11.806699264852
461,7.75,7.75,7.75012409267856,7.74996374725858,6.93473906326547,7.75209167048455,15.5002481853571,15.4999274945172,16.3557428790944,11.8066932410607
461.1,7.75,7.75,7.75012399150751,7.74996375063988,6.93473790330355,7.75209221684129,15.500247983015,15.4999275012798,16.3557567853718,11.8066872193937
461.2,7.75,7.75,7.75012389042211,7.74996375404485,6.93473674418162,7.75209276301165,15.5002477808442,15.4999275080897,16.3557706816222,11.8066811998516
461.3,7.75,7.75,7.75012378942228,7.74996375747344,6.93473558589909,7.75209330899553,15.5002475788446,15.4999275149469,16.3557845678528,11.8066751824351
461.4,7.75,7.75,7.75012368852635,7.74996376093068,6.93473442863593,7.75209385475265,15.5002473770527,15.4999275218614,16.3557984419152,11.8066691676033
461.5,7.75,7.75,7.75012358772586,7.7499637644142,6.93473327230915,7.7520944003011,15.5002471754517,15.4999275288284,16.3558123047998,11.8066631551496
461.6,7.75,7.75,7.75012348701065,7.74996376792118,6.93473211681938,7.75209494566281,15.5002469740213,15.4999275358424,16.355826157693,11.8066571448241
461.7,7.75,7.75,7.75012338638067,7.74996377145159,6.93473096216603,7.75209549083769,15.5002467727613,15.4999275429032,16.3558400006017,11.8066511366274
461.8,7.75,7.75,7.75012328583583,7.74996377500537,6.93472980834849,7.75209603582569,15.5002465716717,15.4999275500107,16.355853833533,11.8066451305604
461.9,7.75,7.75,7.75012318539439,7.74996377858751,6.93472865554597,7.75209658058641,15.5002463707888,15.499927557175,16.3558676543478,11.8066391270828
462,7.75,7.75,7.75012308504791,7.74996378219566,6.93472750367584,7.752097125138,15.5002461700958,15.4999275643913,16.3558814640322,11.8066331259878
462.1,7.75,7.75,7.7501229847863,7.74996378582702,6.93472635263915,7.75209766950242,15.5002459695726,15.499927571654,16.3558952637675,11.8066271270248
462.2,7.75,7.75,7.75012288460949,7.74996378948156,6.9347252024353,7.7520982136796,15.500245769219,15.4999275789631,16.3559090535606,11.8066211301946
462.3,7.75,7.75,7.75012278451742,7.74996379315924,6.9347240530637,7.75209875766948,15.5002455690348,15.4999275863185,16.3559228334187,11.8066151354978
462.4,7.75,7.75,7.75012268452822,7.74996379686498,6.93472290470279,7.75209930143158,15.5002453690564,15.49992759373,16.3559366012116,11.8066091433953
462.5,7.75,7.75,7.75012258463352,7.74996380059646,6.93472175727029,7.75209984498408,15.500245169267,15.4999276011929,16.3559503579214,11.8066031536795
462.6,7.75,7.75,7.75012248482328,7.74996380435092,6.93472061066768,7.75210038834901,15.5002449696466,15.4999276087018,16.3559641047241,11.8065971660997
462.7,7.75,7.75,7.75012238509742,7.74996380812831,6.93471946489436,7.7521009315263,15.5002447701948,15.4999276162566,16.3559778416269,11.8065911806564
462.8,7.75,7.75,7.75012228545588,7.7499638119286,6.93471831994975,7.75210147451587,15.5002445709118,15.4999276238572,16.3559915686367,11.8065851973503
462.9,7.75,7.75,7.75012218591671,7.74996381575666,6.93471717601151,7.75210201727717,15.5002443718334,15.4999276315133,16.3560052836325,11.8065792166431
463,7.75,7.75,7.75012208647157,7.74996381961019,6.93471603299773,7.75210255982842,15.5002441729431,15.4999276392204,16.356018987592,11.8065732383268
463.1,7.75,7.75,7.75012198711047,7.74996382348646,6.9347148908103,7.75210310219171,15.5002439742209,15.4999276469729,16.3560326816865,11.8065672621501
463.2,7.75,7.75,7.75012188783334,7.74996382738542,6.93471374944863,7.75210364436694,15.5002437756667,15.4999276547708,16.3560463659229,11.8065612881138
463.3,7.75,7.75,7.75012178864011,7.74996383130705,6.93471260891213,7.75210418635407,15.5002435772802,15.4999276626141,16.3560600403083,11.8065553162183
463.4,7.75,7.75,7.75012168954876,7.74996383525615,6.93471146937771,7.75210472811243,15.5002433790975,15.4999276705123,16.3560737027304,11.8065493469262
463.5,7.75,7.75,7.75012159055097,7.74996383923046,6.93471033076383,7.75210526966031,15.5002431811019,15.4999276784609,16.3560873541631,11.8065433800291
463.6,7.75,7.75,7.75012149163681,7.74996384322727,6.93470919297277,7.75210581101983,15.5002429832736,15.4999276864545,16.3561009957725,11.8065374152753
463.7,7.75,7.75,7.7501213928062,7.74996384724653,6.93470805600395,7.75210635219091,15.5002427856124,15.4999276944931,16.3561146275656,11.8065314526654
463.8,7.75,7.75,7.75012129405908,7.74996385128822,6.93470691985679,7.75210689317349,15.5002425881182,15.4999277025764,16.3561282495493,11.8065254922
463.9,7.75,7.75,7.75012119541334,7.74996385535711,6.93470578470744,7.75210743392683,15.5002423908267,15.4999277107142,16.3561418596205,11.8065195343424
464,7.75,7.75,7.7501210968607,7.74996385945093,6.93470465047471,7.75210797446926,15.5002421937214,15.4999277189019,16.3561554587486,11.8065135788837
464.1,7.75,7.75,7.75012099839128,7.74996386356701,6.9347035170613,7.75210851482294,15.5002419967826,15.499927727134,16.356169048095,11.806507625572
464.2,7.75,7.75,7.750120900005,7.74996386770533,6.93470238446663,7.7521090549878,15.50024180001,15.4999277354107,16.3561826276667,11.8065016744077
464.3,7.75,7.75,7.7501208017018,7.74996387186583,6.93470125269012,7.75210959496378,15.5002416034036,15.4999277437317,16.3561961974704,11.8064957253914
464.4,7.75,7.75,7.75012070349947,7.74996387605323,6.93470012190719,7.75211013471005,15.5002414069989,15.4999277521065,16.356209755412,11.8064897789872
464.5,7.75,7.75,7.7501206053898,7.74996388026531,6.93469899203695,7.752110674245,15.5002412107796,15.4999277605306,16.3562233024569,11.8064838349858
464.6,7.75,7.75,7.75012050736292,7.74996388449942,6.93469786298256,7.75211121359082,15.5002410147258,15.4999277689988,16.3562368397614,11.8064778931348
464.7,7.75,7.75,7.75012040941879,7.74996388875553,6.93469673474343,7.75211175274744,15.5002408188376,15.4999277775111,16.3562503673325,11.8064719534348
464.8,7.75,7.75,7.75012031155733,7.74996389303359,6.93469560731898,7.7521122917148,15.5002406231147,15.4999277860672,16.3562638851769,11.8064660158862
464.9,7.75,7.75,7.75012021379624,7.74996389733827,6.93469448088388,7.75211283045202,15.5002404275925,15.4999277946765,16.3562773912094,11.8064600809538
465,7.75,7.75,7.75012011612735,7.74996390166737,6.9346933553576,7.75211336897749,15.5002402322547,15.4999278033347,16.3562908863912,11.8064541484281
465.1,7.75,7.75,7.75012001854085,7.74996390601827,6.9346922306437,7.75211390731346,15.5002400370817,15.4999278120365,16.3563043718737,11.8064482180561
465.2,7.75,7.75,7.75011992103669,7.74996391039093,6.93469110674158,7.75211444545987,15.5002398420734,15.4999278207819,16.356317847664,11.8064422898385
465.3,7.75,7.75,7.75011982361479,7.7499639147853,6.93468998365068,7.75211498341665,15.5002396472296,15.4999278295706,16.3563313137688,11.8064363637757
465.4,7.75,7.75,7.75011972629277,7.74996391920603,6.93468886154493,7.75211552114284,15.5002394525855,15.4999278384121,16.3563447681114,11.8064304403332
465.5,7.75,7.75,7.7501196290625,7.74996392365091,6.93468774034413,7.75211605865688,15.500239258125,15.4999278473018,16.3563582116492,11.8064245193011
465.6,7.75,7.75,7.75011953191422,7.74996392811736,6.93468661995226,7.75211659598106,15.5002390638284,15.4999278562347,16.3563716455288,11.806418600426
465.7,7.75,7.75,7.75011943484786,7.74996393260534,6.93468550036873,7.75211713311531,15.5002388696957,15.4999278652107,16.356385069757,11.8064126837086
465.8,7.75,7.75,7.75011933786336,7.74996393711481,6.93468438159297,7.75211767005959,15.5002386757267,15.4999278742296,16.3563984843407,11.8064067691493
465.9,7.75,7.75,7.75011924097826,7.74996394165034,6.93468326379816,7.75211820677284,15.5002384819565,15.4999278833007,16.3564118872118,11.8064008572142
466,7.75,7.75,7.75011914418445,7.74996394620978,6.93468214690447,7.75211874327355,15.5002382883689,15.4999278924196,16.3564252793238,11.8063949476931
466.1,7.75,7.75,7.75011904747223,7.74996395079055,6.93468103081626,7.75211927958404,15.5002380949445,15.4999279015811,16.3564386618183,11.8063890403324
466.2,7.75,7.75,7.75011895084153,7.74996395539263,6.93467991553297,7.75211981570426,15.5002379016831,15.4999279107853,16.3564520347021,11.8063831351325
466.3,7.75,7.75,7.75011885429229,7.74996396001597,6.93467880105402,7.75212035163414,15.5002377085846,15.4999279200319,16.3564653979821,11.8063772320939
466.4,7.75,7.75,7.75011875784195,7.7499639646651,6.93467768755185,7.75212088733258,15.5002375156839,15.4999279293302,16.3564787495991,11.8063713316834
466.5,7.75,7.75,7.75011866148246,7.74996396933788,6.93467657494698,7.75212142281809,15.5002373229649,15.4999279386758,16.3564920905022,11.8063654336905
466.6,7.75,7.75,7.75011856520415,7.74996397403177,6.93467546314417,7.75212195811303,15.5002371304083,15.4999279480635,16.3565054218285,11.806359537861
466.7,7.75,7.75,7.75011846900697,7.74996397874673,6.93467435214286,7.75212249321736,15.5002369380139,15.4999279574935,16.3565187435846,11.8063536441955
466.8,7.75,7.75,7.75011837289084,7.74996398348273,6.93467324194247,7.75212302813101,15.5002367457817,15.4999279669655,16.3565320557774,11.8063477526944
466.9,7.75,7.75,7.75011827687314,7.74996398824424,6.93467213271473,7.7521235628128,15.5002365537463,15.4999279764885,16.3565453563564,11.8063418638252
467,7.75,7.75,7.75011818094583,7.74996399302915,6.93467102438047,7.75212409728129,15.5002363618917,15.4999279860583,16.3565586462667,11.806335977377
467.1,7.75,7.75,7.75011808509931,7.74996399783495,6.93466991684488,7.75212463155887,15.5002361701986,15.4999279956699,16.3565719266405,11.8063300930953
467.2,7.75,7.75,7.75011798933351,7.7499640026616,6.93466881010738,7.7521251656455,15.500235978667,15.4999280053232,16.3565851974846,11.8063242109807
467.3,7.75,7.75,7.75011789364838,7.74996400750905,6.9346677041674,7.75212569954113,15.5002357872968,15.4999280150181,16.3565984588057,11.8063183310335
467.4,7.75,7.75,7.75011779806118,7.74996401238175,6.93466659919596,7.75212623320448,15.5002355961224,15.4999280247635,16.3566117085618,11.8063124537219
467.5,7.75,7.75,7.75011770256393,7.74996401727759,6.9346654951142,7.75212676665416,15.5002354051279,15.4999280345552,16.3566249476943,11.8063065788346
467.6,7.75,7.75,7.75011760714707,7.7499640221941,6.93466439182772,7.7521272999126,15.5002352142941,15.4999280443882,16.3566381773305,11.8063007061169
467.7,7.75,7.75,7.75011751181054,7.74996402713123,6.93466328933595,7.75212783297977,15.5002350236211,15.4999280542625,16.3566513974772,11.8062948355691
467.8,7.75,7.75,7.75011741655428,7.74996403208896,6.93466218763833,7.75212836585561,15.5002348331086,15.4999280641779,16.3566646081408,11.8062889671918
467.9,7.75,7.75,7.75011732139547,7.74996403707165,6.93466108690512,7.75212889849878,15.5002346427909,15.4999280741433,16.3566778072884,11.8062831014536
468,7.75,7.75,7.75011722632617,7.74996404207724,6.93465998705784,7.7521294309279,15.5002344526523,15.4999280841545,16.356690995857,11.806277238143
468.1,7.75,7.75,7.75011713133687,7.74996404710327,6.93465888800246,7.75212996316548,15.5002342626737,15.4999280942065,16.3567041749694,11.8062713770049
468.2,7.75,7.75,7.7501170364275,7.7499640521497,6.93465778973843,7.75213049521146,15.500234072855,15.4999281042994,16.3567173446321,11.8062655180396
468.3,7.75,7.75,7.75011694159801,7.7499640572165,6.93465669226518,7.75213102706579,15.500233883196,15.499928114433,16.3567305048518,11.8062596612477
468.4,7.75,7.75,7.75011684686548,7.74996406230801,6.93465559575227,7.75213155868706,15.500233693731,15.499928124616,16.3567436536039,11.8062538070983
468.5,7.75,7.75,7.75011675222203,7.74996406742216,6.93465450012152,7.75213209009394,15.5002335044441,15.4999281348443,16.3567567918216,11.8062479553798
468.6,7.75,7.75,7.75011665765819,7.74996407255653,6.93465340527932,7.75213262130896,15.5002333153164,15.4999281451131,16.3567699206228,11.8062421058366
468.7,7.75,7.75,7.75011656317388,7.74996407771109,6.93465231122512,7.75213315233207,15.5002331263478,15.4999281554222,16.3567830400142,11.806236258469
468.8,7.75,7.75,7.75011646876906,7.7499640828858,6.93465121795835,7.7521336831632,15.5002329375381,15.4999281657716,16.3567961500023,11.8062304132776
468.9,7.75,7.75,7.75011637446073,7.74996408808494,6.93465012564784,7.75213421376092,15.5002327489215,15.4999281761699,16.3568092485711,11.8062245707321
469,7.75,7.75,7.75011628024104,7.74996409330649,6.93464903421577,7.75213474414389,15.5002325604821,15.499928186613,16.3568223366497,11.8062187306206
469.1,7.75,7.75,7.75011618610056,7.74996409854804,6.93464794356892,7.75213527433469,15.5002323722011,15.4999281970961,16.3568354153516,11.806212892687
469.2,7.75,7.75,7.75011609203923,7.74996410380956,6.93464685370672,7.75213580433328,15.5002321840785,15.4999282076191,16.3568484846831,11.8062070569319
469.3,7.75,7.75,7.75011599805699,7.749964109091,6.93464576462863,7.75213633413959,15.500231996114,15.499928218182,16.356861544651,11.8062012233557
469.4,7.75,7.75,7.75011590417078,7.74996411439662,6.93464467650275,7.75213686371211,15.5002318083416,15.4999282287932,16.3568745932476,11.8061953924287
469.5,7.75,7.75,7.75011581037276,7.74996411972439,6.93464358925159,7.75213739306955,15.5002316207455,15.4999282394488,16.3568876313982,11.8061895639386
469.6,7.75,7.75,7.75011571665357,7.74996412507196,6.93464250278232,7.75213792223453,15.5002314333071,15.4999282501439,16.3569006602113,11.8061837376293
469.7,7.75,7.75,7.75011562301314,7.74996413043927,6.93464141709439,7.75213845120698,15.5002312460263,15.4999282608785,16.3569136796936,11.806177913501
469.8,7.75,7.75,7.75011552945142,7.7499641358263,6.93464033218725,7.75213897998687,15.5002310589028,15.4999282716526,16.3569266898516,11.8061720915542
469.9,7.75,7.75,7.75011543598524,7.74996414123723,6.93463924822829,7.75213950853261,15.5002308719705,15.4999282824745,16.3569396886861,11.8061662722599
470,7.75,7.75,7.75011534260683,7.74996414667009,6.93463816514036,7.75214003686295,15.5002306852137,15.4999282933402,16.3569526771185,11.8061604554055
470.1,7.75,7.75,7.75011524930687,7.74996415212252,6.93463708283102,7.75214056500052,15.5002304986137,15.499928304245,16.3569656562527,11.8061546407343
470.2,7.75,7.75,7.75011515608528,7.74996415759448,6.9346360012997,7.75214109294529,15.5002303121706,15.499928315189,16.3569786260953,11.8061488282468
470.3,7.75,7.75,7.75011506294199,7.74996416308594,6.93463492054588,7.75214162069719,15.500230125884,15.4999283261719,16.3569915866528,11.8061430179435
470.4,7.75,7.75,7.7501149698938,7.74996416860104,6.93463384073623,7.7521421482146,15.5002299397876,15.4999283372021,16.3570045359343,11.8061372102956
470.5,7.75,7.75,7.75011487693294,7.74996417413783,6.93463276179393,7.75214267551628,15.5002297538659,15.4999283482757,16.3570174748574,11.8061314050905
470.6,7.75,7.75,7.75011478405014,7.74996417969398,6.93463168362692,7.75214320262492,15.5002295681003,15.499928359388,16.3570304045214,11.8061256020712
470.7,7.75,7.75,7.75011469124533,7.74996418526945,6.93463060623466,7.75214372954046,15.5002293824907,15.4999283705389,16.3570433249329,11.806119801238
470.8,7.75,7.75,7.75011459851845,7.7499641908642,6.93462952961659,7.75214425626286,15.5002291970369,15.4999283817284,16.3570562360981,11.8061140025915
470.9,7.75,7.75,7.75011450588618,7.74996419648234,6.93462845393873,7.75214478275042,15.5002290117724,15.4999283929647,16.3570691360348,11.8061082066035
471,7.75,7.75,7.75011441334083,7.74996420212193,6.93462737912453,7.75214530902195,15.5002288266817,15.4999284042439,16.3570820256566,11.806102413061
471.1,7.75,7.75,7.75011432087314,7.74996420778066,6.93462630508236,7.75214583510015,15.5002286417463,15.4999284155613,16.3570949060581,11.8060966217067
471.2,7.75,7.75,7.75011422848307,7.7499642134585,6.93462523181166,7.75214636098499,15.5002284569661,15.499928426917,16.3571077772459,11.8060908325411
471.3,7.75,7.75,7.75011413617053,7.74996421915542,6.9346241593119,7.75214688667641,15.5002282723411,15.4999284383108,16.3571206392264,11.8060850455645
471.4,7.75,7.75,7.75011404395216,7.74996422487546,6.93462308774836,7.75214741213265,15.5002280879043,15.4999284497509,16.3571334900253,11.8060792612493
471.5,7.75,7.75,7.75011395182027,7.74996423061672,6.93462201704484,7.75214793737256,15.5002279036405,15.4999284612334,16.3571463305527,11.8060734793824
471.6,7.75,7.75,7.75011385976566,7.74996423637691,6.93462094711009,7.75214846241887,15.5002277195313,15.4999284727538,16.3571591618986,11.806067699706
471.7,7.75,7.75,7.75011376778829,7.749964242156,6.93461987794356,7.75214898727154,15.5002275355766,15.499928484312,16.3571719840693,11.8060619222206
471.8,7.75,7.75,7.75011367588808,7.74996424795395,6.93461880954471,7.75214951193054,15.5002273517762,15.4999284959079,16.3571847970713,11.8060561469266
471.9,7.75,7.75,7.75011358408157,7.74996425377478,6.93461774207813,7.75215003635403,15.5002271681631,15.4999285075496,16.3571975989387,11.8060503742969
472,7.75,7.75,7.75011349236111,7.74996425961659,6.93461667546795,7.75215056056089,15.5002269847222,15.4999285192332,16.3572103905777,11.806044604118
472.1,7.75,7.75,7.75011340071756,7.74996426547712,6.93461560962329,7.75215108457389,15.5002268014351,15.4999285309542,16.3572231730736,11.8060388361319
472.2,7.75,7.75,7.75011330915087,7.74996427135634,6.93461454454361,7.75215160839299,15.5002266183017,15.4999285427127,16.3572359464328,11.8060330703392
472.3,7.75,7.75,7.75011321766096,7.74996427725422,6.93461348022837,7.75215213201815,15.5002264353219,15.4999285545084,16.3572487106618,11.8060273067401
472.4,7.75,7.75,7.75011312626428,7.74996428317472,6.93461241684147,7.75215265540749,15.5002262525286,15.4999285663494,16.3572614638029,11.8060215458081
472.5,7.75,7.75,7.75011303495324,7.74996428911597,6.93461135430735,7.75215317857992,15.5002260699065,15.4999285782319,16.3572742067583,11.8060157873293
472.6,7.75,7.75,7.75011294371874,7.74996429507573,6.93461029253553,7.75215370155823,15.5002258874375,15.4999285901515,16.3572869406091,11.8060100310456
472.7,7.75,7.75,7.75011285256071,7.74996430105398,6.93460923152546,7.75215422434238,15.5002257051214,15.499928602108,16.3572996653614,11.8060042769575
472.8,7.75,7.75,7.75011276147909,7.74996430705068,6.93460817127662,7.75215474693234,15.5002255229582,15.4999286141014,16.3573123810218,11.8059985250652
472.9,7.75,7.75,7.75011267049024,7.74996431306975,6.93460711195219,7.75215526928617,15.5002253409805,15.4999286261395,16.3573250856408,11.8059927758427
473,7.75,7.75,7.75011257958662,7.74996431910934,6.93460605347697,7.7521557914228,15.5002251591732,15.4999286382187,16.3573377801168,11.8059870290758
473.1,7.75,7.75,7.75011248875915,7.74996432516724,6.93460499576082,7.75215631336507,15.5002249775183,15.4999286503345,16.3573504655262,11.8059812845062
473.2,7.75,7.75,7.75011239800778,7.74996433124341,6.93460393880321,7.75215683511294,15.5002247960156,15.4999286624868,16.3573631418753,11.8059755421342
473.3,7.75,7.75,7.75011230733245,7.74996433733784,6.93460288260362,7.75215735666636,15.5002246146649,15.4999286746757,16.3573758091706,11.8059698019603
473.4,7.75,7.75,7.75011221674944,7.74996434345438,6.93460182732456,7.75215787798337,15.5002244334989,15.4999286869088,16.3573884654706,11.8059640644587
473.5,7.75,7.75,7.75011212625122,7.74996434959121,6.93460077289112,7.7521583990829,15.5002242525024,15.4999286991824,16.3574011116702,11.805958329415
473.6,7.75,7.75,7.7501120358288,7.74996435574615,6.93459971921356,7.75215891998782,15.5002240716576,15.4999287114923,16.3574137488411,11.8059525965708
473.7,7.75,7.75,7.75011194548209,7.74996436191916,6.93459866629135,7.7521594406981,15.5002238909642,15.4999287238383,16.3574263769898,11.8059468659263
473.8,7.75,7.75,7.75011185521106,7.74996436811022,6.93459761412395,7.7521599612137,15.5002237104221,15.4999287362204,16.3574389961224,11.8059411374818
473.9,7.75,7.75,7.75011176503189,7.74996437432315,6.93459656287322,7.75216048149258,15.5002235300638,15.4999287486463,16.3574516043058,11.8059354117121
474,7.75,7.75,7.75011167493711,7.74996438055614,6.93459551246454,7.75216100155373,15.5002233498742,15.4999287611123,16.357464202431,11.8059296884027
474.1,7.75,7.75,7.75011158491774,7.74996438680704,6.93459446280856,7.75216152142004,15.5002231698355,15.4999287736141,16.3574767915654,11.8059239672947
474.2,7.75,7.75,7.75011149497372,7.74996439307581,6.93459341390475,7.75216204109147,15.5002229899474,15.4999287861516,16.3574893717152,11.8059182483885
474.3,7.75,7.75,7.750111405105,7.74996439936242,6.93459236575259,7.75216256056797,15.50022281021,15.4999287987248,16.3575019428867,11.8059125316843
474.4,7.75,7.75,7.7501113153277,7.74996440567066,6.93459131851322,7.75216307980749,15.5002226306554,15.4999288113413,16.3575145031548,11.8059068176572
474.5,7.75,7.75,7.75011122563437,7.74996441199873,6.93459027211237,7.75216359882901,15.5002224512687,15.4999288239975,16.3575270534068,11.8059011060927
474.6,7.75,7.75,7.75011113601608,7.74996441834451,6.93458922646105,7.75216411765546,15.5002222720322,15.499928836689,16.3575395947056,11.8058953967315
474.7,7.75,7.75,7.75011104647278,7.74996442470796,6.93458818155874,7.75216463628681,15.5002220929456,15.4999288494159,16.3575521270573,11.8058896895739
474.8,7.75,7.75,7.7501109570044,7.74996443108905,6.9345871374049,7.75216515472301,15.5002219140088,15.4999288621781,16.3575646504683,11.8058839846203
474.9,7.75,7.75,7.750110867627,7.74996443749153,6.93458609416003,7.75216567292195,15.500221735254,15.4999288749831,16.3575771630216,11.8058782823463
475,7.75,7.75,7.75011077833315,7.74996444391362,6.93458505175015,7.75216619090264,15.5002215566663,15.4999288878272,16.3575896656005,11.8058725825368
475.1,7.75,7.75,7.75011068911399,7.74996445035322,6.93458401008665,7.75216670868804,15.500221378228,15.4999289007064,16.3576021592636,11.8058668849325
475.2,7.75,7.75,7.75011059996944,7.74996445681029,6.93458296916901,7.75216722627811,15.5002211999389,15.4999289136206,16.3576146440172,11.8058611895338
475.3,7.75,7.75,7.75011051089944,7.74996446328479,6.93458192899669,7.75216774367282,15.5002210217989,15.4999289265696,16.3576271198673,11.8058554963409
475.4,7.75,7.75,7.75011042191998,7.74996446978045,6.93458088972952,7.75216826083,15.50022084384,15.4999289395609,16.357639584905,11.8058498058297
475.5,7.75,7.75,7.75011033302366,7.74996447629549,6.93457985129383,7.75216877776868,15.5002206660473,15.499928952591,16.3576520400102,11.8058441177852
475.6,7.75,7.75,7.75011024420166,7.74996448282785,6.93457881360139,7.75216929451186,15.5002204884033,15.4999289656557,16.3576644862367,11.8058384319476
475.7,7.75,7.75,7.75011015545391,7.74996448937747,6.93457777665166,7.7521698110595,15.5002203109078,15.4999289787549,16.3576769235909,11.8058327483174
475.8,7.75,7.75,7.75011006678035,7.74996449594434,6.93457674044414,7.75217032741157,15.5002201335607,15.4999289918887,16.3576893520789,11.8058270668948
475.9,7.75,7.75,7.75010997819688,7.74996450253212,6.93457570513796,7.75217084352584,15.5002199563938,15.4999290050642,16.3577017697996,11.8058213881562
476,7.75,7.75,7.75010988969614,7.74996450913907,6.93457467065976,7.75217135942139,15.5002197793923,15.4999290182781,16.3577141776292,11.805815711886
476.1,7.75,7.75,7.75010980126936,7.74996451576313,6.93457363692169,7.75217187512123,15.5002196025387,15.4999290315263,16.3577265766173,11.8058100378247
476.2,7.75,7.75,7.75010971291646,7.74996452240427,6.93457260392322,7.75217239062532,15.5002194258329,15.4999290448085,16.35773896677,11.8058043659724
476.3,7.75,7.75,7.7501096246374,7.74996452906245,6.93457157166383,7.75217290593362,15.5002192492748,15.4999290581249,16.3577513480936,11.8057986963294
476.4,7.75,7.75,7.75010953644798,7.7499645357413,6.934570540302,7.75217342100389,15.500219072896,15.4999290714826,16.3577637186948,11.8057930293724
476.5,7.75,7.75,7.75010944834089,7.74996454243911,6.93456950976468,7.7521739358552,15.5002188966818,15.4999290848782,16.3577760794462,11.8057873648858
476.6,7.75,7.75,7.75010936030739,7.74996454915383,6.93456847996437,7.75217445051059,15.5002187206148,15.4999290983077,16.3577884313931,11.8057817026097
476.7,7.75,7.75,7.75010927234742,7.74996455588544,6.93456745090056,7.75217496497004,15.5002185446948,15.4999291117709,16.3578007745414,11.8057760425443
476.8,7.75,7.75,7.75010918446092,7.7499645626339,6.93456642257274,7.7521754792335,15.5002183689218,15.4999291252678,16.3578131088974,11.8057703846899
476.9,7.75,7.75,7.75010909666362,7.7499645694028,6.9345653951387,7.75217599325869,15.5002181933272,15.4999291388056,16.3578254325758,11.8057647295234
477,7.75,7.75,7.75010900894826,7.74996457619043,6.93456436852571,7.75217650706469,15.5002180178965,15.4999291523809,16.3578377464455,11.8057590768292
477.1,7.75,7.75,7.75010892130612,7.74996458299478,6.93456334264665,7.75217702067459,15.5002178426122,15.4999291659896,16.3578500515473,11.805753426347
477.2,7.75,7.75,7.75010883373715,7.74996458981582,6.934562317501,7.75217753408834,15.5002176674743,15.4999291796316,16.3578623478873,11.8057477780772
477.3,7.75,7.75,7.75010874624129,7.74996459665353,6.93456129308824,7.75217804730592,15.5002174924826,15.4999291933071,16.3578746354716,11.8057421320199
477.4,7.75,7.75,7.7501086588342,7.74996460351143,6.93456026956552,7.75217856028498,15.5002173176684,15.4999292070229,16.3578869124228,11.8057364886524
477.5,7.75,7.75,7.75010857150864,7.74996461038786,6.93455924686041,7.75217907304465,15.5002171430173,15.4999292207757,16.3578991796062,11.805730847759
477.6,7.75,7.75,7.75010848425595,7.74996461728081,6.93455822488615,7.75217958560802,15.5002169685119,15.4999292345616,16.3579114380583,11.8057252090792
477.7,7.75,7.75,7.75010839707607,7.74996462419027,6.93455720364222,7.75218009797506,15.5002167941521,15.4999292483805,16.3579236877851,11.8057195726131
477.8,7.75,7.75,7.75010830996894,7.74996463111619,6.93455618312811,7.75218061014573,15.5002166199379,15.4999292622324,16.3579359287928,11.8057139383612
477.9,7.75,7.75,7.75010822295014,7.74996463806209,6.93455516350031,7.75218112207767,15.5002164459003,15.4999292761242,16.3579481592116,11.805708306801
478,7.75,7.75,7.75010813601248,7.74996464502629,6.93455414468669,7.75218163379001,15.500216272025,15.4999292900526,16.3579603799034,11.8057026777164
478.1,7.75,7.75,7.75010804914733,7.74996465200683,6.93455312660085,7.75218214530587,15.5002160982947,15.4999293040137,16.3579725919001,11.8056970508468
478.2,7.75,7.75,7.75010796235464,7.74996465900368,6.93455210924229,7.75218265662521,15.5002159247093,15.4999293180074,16.357984795208,11.8056914261926
478.3,7.75,7.75,7.75010787563434,7.74996466601681,6.93455109261049,7.752183167748,15.5002157512687,15.4999293320336,16.357996989833,11.8056858037539
478.4,7.75,7.75,7.75010778900194,7.74996467304967,6.93455007686129,7.75218367863184,15.5002155780039,15.4999293460993,16.3580091739133,11.8056801840086
478.5,7.75,7.75,7.75010770245028,7.74996468010064,6.93454906192285,7.75218418929589,15.5002154049006,15.4999293602013,16.358021348307,11.8056745667406
478.6,7.75,7.75,7.75010761597078,7.74996468716775,6.93454804770915,7.75218469976327,15.5002152319416,15.4999293743355,16.358033514042,11.8056689516891
478.7,7.75,7.75,7.75010752956338,7.74996469425099,6.93454703421968,7.75218521003396,15.5002150591268,15.499929388502,16.3580456711242,11.8056633388542
478.8,7.75,7.75,7.75010744322802,7.74996470135032,6.93454602145393,7.75218572010793,15.500214886456,15.4999294027006,16.3580578195597,11.8056577282363
478.9,7.75,7.75,7.75010735698013,7.74996470846915,6.93454500956708,7.75218622994274,15.5002147139603,15.4999294169383,16.3580699574945,11.8056521203135
479,7.75,7.75,7.75010727081258,7.74996471560587,6.93454399848761,7.75218673955755,15.5002145416252,15.4999294312117,16.3580820857829,11.8056465148694
479.1,7.75,7.75,7.75010718471684,7.74996472275856,6.93454298812984,7.75218724897554,15.5002143694337,15.4999294455171,16.3580942054487,11.8056409116431
479.2,7.75,7.75,7.75010709869285,7.74996472992718,6.93454197849326,7.75218775819666,15.5002141973857,15.4999294598544,16.3581063164977,11.8056353106349
479.3,7.75,7.75,7.75010701274054,7.74996473711171,6.93454096957737,7.7521882672209,15.5002140254811,15.4999294742234,16.3581184189359,11.8056297118449
479.4,7.75,7.75,7.75010692687528,7.74996474431551,6.93453996153671,7.75218877600576,15.5002138537506,15.499929488631,16.3581305109171,11.8056241157517
479.5,7.75,7.75,7.75010684108998,7.749964751537,6.93453895430004,7.75218928457045,15.50021368218,15.499929503074,16.3581425932922,11.8056185221386
479.6,7.75,7.75,7.75010675537612,7.74996475877426,6.93453794778205,7.75218979293815,15.5002135107522,15.4999295175485,16.3581546670803,11.8056129307446
479.7,7.75,7.75,7.75010666973366,7.74996476602728,6.93453694198224,7.75219030110882,15.5002133394673,15.4999295320546,16.3581667322876,11.80560734157
479.8,7.75,7.75,7.75010658416254,7.74996477329601,6.93453593690012,7.75219080908244,15.5002131683251,15.499929546592,16.35817878892,11.8056017546148
479.9,7.75,7.75,7.75010649867804,7.74996478058379,6.93453493268954,7.75219131681649,15.5002129973561,15.4999295611676,16.3581908351387,11.8055961703579
480,7.75,7.75,7.7501064132731,7.74996478788905,6.93453392927961,7.7521918243302,15.5002128265462,15.4999295757781,16.3582028717913,11.8055905885825
480.1,7.75,7.75,7.75010632793927,7.74996479520991,6.93453292658535,7.75219233164675,15.5002126558785,15.4999295904198,16.3582148998927,11.8055850090274
480.2,7.75,7.75,7.75010624267648,7.74996480254632,6.93453192460627,7.75219283876611,15.500212485353,15.4999296050926,16.3582269194489,11.8055794316929
480.3,7.75,7.75,7.75010615748468,7.74996480989828,6.93453092334186,7.75219334568827,15.5002123149694,15.4999296197966,16.3582389304658,11.805573856579
480.4,7.75,7.75,7.75010607237908,7.74996481726906,6.93452992294537,7.75219385237067,15.5002121447582,15.4999296345381,16.3582509311124,11.8055682841649
480.5,7.75,7.75,7.75010598735265,7.74996482465712,6.93452892334617,7.75219435883255,15.5002119747053,15.4999296493142,16.3582629222325,11.8055627142336
480.6,7.75,7.75,7.75010590239698,7.74996483206058,6.93452792445965,7.75219486509713,15.500211804794,15.4999296641212,16.358274904837,11.8055571465237
480.7,7.75,7.75,7.75010581751201,7.74996483947942,6.93452692628532,7.75219537116437,15.500211635024,15.4999296789588,16.3582868789317,11.8055515810356
480.8,7.75,7.75,7.75010573269768,7.74996484691362,6.93452592882268,7.75219587703425,15.5002114653954,15.4999296938272,16.3582988445227,11.8055460177692
480.9,7.75,7.75,7.75010564796913,7.74996485436643,6.93452493222433,7.75219638266419,15.5002112959383,15.4999297087329,16.3583107997865,11.8055404572039
481,7.75,7.75,7.75010556331936,7.7499648618363,6.93452393641994,7.75219688807345,15.5002111266387,15.4999297236726,16.3583227455633,11.8055348991227
481.1,7.75,7.75,7.75010547874001,7.7499648693214,6.93452294132525,7.75219739328526,15.50021095748,15.4999297386428,16.3583346828599,11.8055293432641
481.2,7.75,7.75,7.75010539423101,7.74996487682171,6.93452194693978,7.75219789829958,15.500210788462,15.4999297536434,16.3583466116821,11.8055237896282
481.3,7.75,7.75,7.75010530979231,7.74996488433718,6.93452095326303,7.75219840311641,15.5002106195846,15.4999297686744,16.3583585320358,11.8055182382153
481.4,7.75,7.75,7.75010522543896,7.74996489187104,6.93451996044695,7.75219890769312,15.5002104508779,15.4999297837421,16.3583704421052,11.8055126895046
481.5,7.75,7.75,7.75010514116402,7.74996489942177,6.93451896842152,7.75219941204899,15.500210282328,15.4999297988435,16.358382342727,11.8055071432792
481.6,7.75,7.75,7.75010505695914,7.74996490698755,6.93451797710283,7.75219991620726,15.5002101139183,15.4999298139751,16.3583942349038,11.8055015992775
481.7,7.75,7.75,7.75010497282428,7.74996491456834,6.9345169864904,7.75220042016791,15.5002099456486,15.4999298291367,16.3584061186414,11.8054960574995
481.8,7.75,7.75,7.75010488875937,7.74996492216413,6.93451599658373,7.75220092393093,15.5002097775187,15.4999298443283,16.3584179939456,11.8054905179454
481.9,7.75,7.75,7.7501048047794,7.74996492977809,6.93451500753414,7.75220142745366,15.5002096095588,15.4999298595562,16.3584298590081,11.8054849810948
482,7.75,7.75,7.75010472087745,7.74996493740871,6.9345140192719,7.7522019307554,15.5002094417549,15.4999298748174,16.3584417146623,11.8054794467307
482.1,7.75,7.75,7.75010463704522,7.74996494505421,6.93451303171345,7.75220243385941,15.5002092740904,15.4999298901084,16.3584535619065,11.8054739145911
482.2,7.75,7.75,7.75010455328267,7.74996495271454,6.93451204485831,7.75220293676567,15.5002091065653,15.4999299054291,16.3584654007465,11.8054683846762
482.3,7.75,7.75,7.75010446958973,7.74996496038969,6.93451105870598,7.75220343947415,15.5002089391795,15.4999299207794,16.3584772311882,11.8054628569862
482.4,7.75,7.75,7.75010438598131,7.74996496808279,6.93451007340717,7.7522039419422,15.5002087719626,15.4999299361656,16.3584890514306,11.8054573320009
482.5,7.75,7.75,7.75010430245053,7.74996497579236,6.93450908889242,7.75220444418911,15.5002086049011,15.4999299515847,16.3585008623037,11.805451809503
482.6,7.75,7.75,7.75010421898914,7.74996498351662,6.93450810507853,7.75220494623816,15.5002084379783,15.4999299670332,16.3585126648017,11.8054462892306
482.7,7.75,7.75,7.75010413559708,7.74996499125555,6.93450712196501,7.75220544808932,15.5002082711942,15.4999299825111,16.3585244589303,11.8054407711838
482.8,7.75,7.75,7.75010405227429,7.74996499900911,6.93450613955137,7.75220594974259,15.5002081045486,15.4999299980182,16.3585362446953,11.8054352553628
482.9,7.75,7.75,7.75010396903561,7.74996500678042,6.93450515798769,7.75220645115526,15.5002079380712,15.4999300135608,16.3585480203034,11.8054297422475
483,7.75,7.75,7.7501038858742,7.74996501456799,6.93450417720481,7.75220695234666,15.5002077717484,15.499930029136,16.3585597865811,11.8054242316206
483.1,7.75,7.75,7.75010380278183,7.74996502237008,6.93450319711986,7.75220745334008,15.5002076055637,15.4999300447402,16.3585715445183,11.8054187232201
483.2,7.75,7.75,7.75010371975845,7.74996503018665,6.93450221773236,7.75220795413549,15.5002074395169,15.4999300603733,16.3585832941208,11.805413217046
483.3,7.75,7.75,7.75010363680401,7.74996503801769,6.93450123904184,7.75220845473288,15.500207273608,15.4999300760354,16.3585950353944,11.8054077130985
483.4,7.75,7.75,7.75010355393327,7.74996504586625,6.93450026119772,7.75220895508953,15.5002071078665,15.4999300917325,16.3586067665532,11.8054022118578
483.5,7.75,7.75,7.75010347113941,7.74996505373089,6.93449928413114,7.75220945522478,15.5002069422788,15.4999301074618,16.3586184884201,11.8053967131064
483.6,7.75,7.75,7.75010338841426,7.74996506160987,6.9344983077596,7.75220995516192,15.5002067768285,15.4999301232197,16.3586302019812,11.805391216582
483.7,7.75,7.75,7.75010330575777,7.74996506950316,6.9344973320826,7.75221045490095,15.5002066115155,15.4999301390063,16.3586419072421,11.805385722285
483.8,7.75,7.75,7.75010322316988,7.74996507741074,6.93449635709967,7.75221095444183,15.5002064463398,15.4999301548215,16.3586536042086,11.8053802302153
483.9,7.75,7.75,7.75010314066529,7.74996508533564,6.93449538295963,7.75221145374184,15.5002062813306,15.4999301706713,16.3586652911021,11.8053747408533
484,7.75,7.75,7.75010305823719,7.74996509327642,6.93449440959389,7.75221195282032,15.5002061164744,15.4999301865528,16.3586769687422,11.8053692539814
484.1,7.75,7.75,7.75010297587748,7.74996510123136,6.93449343692029,7.75221245170058,15.500205951755,15.4999302024627,16.3586886381109,11.8053637693374
484.2,7.75,7.75,7.75010289358609,7.74996510920045,6.93449246493835,7.75221295038262,15.5002057871722,15.4999302184009,16.3587002992137,11.8053582869214
484.3,7.75,7.75,7.75010281136296,7.74996511718365,6.93449149364758,7.7522134488664,15.5002056227259,15.4999302343673,16.3587119520565,11.8053528067335
484.4,7.75,7.75,7.75010272922272,7.74996512518395,6.93449052319618,7.75221394710918,15.5002054584454,15.4999302503679,16.3587235948679,11.805347329254
484.5,7.75,7.75,7.75010264715861,7.74996513319994,6.93448955351587,7.75221444513031,15.5002052943172,15.4999302663999,16.3587352284643,11.8053418542655
484.6,7.75,7.75,7.75010256516255,7.74996514122993,6.93448858452482,7.75221494295311,15.5002051303251,15.4999302824599,16.3587468538235,11.8053363815056
484.7,7.75,7.75,7.75010248323447,7.74996514927389,6.93448761622254,7.75221544057758,15.5002049664689,15.4999302985478,16.358758470951,11.8053309109743
484.8,7.75,7.75,7.75010240137433,7.74996515733179,6.93448664860857,7.7522159380037,15.5002048027487,15.4999303146636,16.3587700798526,11.8053254426717
484.9,7.75,7.75,7.75010231959667,7.7499651654066,6.93448568183048,7.75221643518869,15.5002046391933,15.4999303308132,16.3587816787644,11.8053199770785
485,7.75,7.75,7.75010223789478,7.74996517349689,6.93448471582027,7.7522169321519,15.5002044757896,15.4999303469938,16.3587932684992,11.8053145139768
485.1,7.75,7.75,7.75010215626059,7.74996518160101,6.93448375049644,7.7522174289167,15.5002043125212,15.499930363202,16.3588048500309,11.8053090531044
485.2,7.75,7.75,7.75010207469406,7.74996518971894,6.93448278585853,7.75221792548306,15.5002041493881,15.4999303794379,16.3588164233649,11.8053035944612
485.3,7.75,7.75,7.75010199319514,7.74996519785063,6.93448182190606,7.75221842185098,15.5002039863903,15.4999303957013,16.3588279885071,11.8052981380473
485.4,7.75,7.75,7.75010191177829,7.74996520599901,6.934480858786,7.75221891797764,15.5002038235566,15.499930411998,16.3588395437008,11.8052926843435
485.5,7.75,7.75,7.75010183043684,7.7499652141627,6.93447989643062,7.75221941388242,15.5002036608737,15.4999304283254,16.3588510897554,11.8052872331319
485.6,7.75,7.75,7.75010174916277,7.74996522234006,6.93447893475878,7.75221990958869,15.5002034983255,15.4999304446801,16.3588626276407,11.8052817841501
485.7,7.75,7.75,7.75010166795603,7.74996523053103,6.93447797377,7.75222040509643,15.5002033359121,15.4999304610621,16.3588741573624,11.8052763373981
485.8,7.75,7.75,7.75010158681656,7.74996523873562,6.93447701346381,7.75222090040563,15.5002031736331,15.4999304774712,16.358885678926,11.805270892876
485.9,7.75,7.75,7.75010150575877,7.74996524695669,6.93447605398657,7.75222139547347,15.5002030115175,15.4999304939134,16.3588971905822,11.8052654510646
486,7.75,7.75,7.75010142477601,7.74996525519288,6.93447509527083,7.75222189031932,15.500202849552,15.4999305103858,16.3589086931371,11.805260011746
486.1,7.75,7.75,7.7501013438603,7.74996526344255,6.93447413723579,7.75222238496658,15.5002026877206,15.4999305268851,16.3589201875565,11.8052545746576
486.2,7.75,7.75,7.75010126301159,7.7499652717057,6.93447317988098,7.75222287941521,15.5002025260232,15.4999305434114,16.3589316738459,11.8052491397996
486.3,7.75,7.75,7.75010118222983,7.74996527998227,6.93447222320593,7.75222337366521,15.5002023644597,15.4999305599645,16.3589431520109,11.8052437071719
486.4,7.75,7.75,7.75010110152935,7.74996528827513,6.93447126735638,7.75222386767375,15.5002022030587,15.4999305765503,16.3589546203095,11.8052382772556
486.5,7.75,7.75,7.75010102090353,7.74996529658293,6.93447031226517,7.75222436146021,15.5002020418071,15.4999305931659,16.3589660795443,11.8052328498325
486.6,7.75,7.75,7.75010094034444,7.74996530490404,6.93446935785184,7.75222485504798,15.5002018806889,15.4999306098081,16.3589775306772,11.8052274246402
486.7,7.75,7.75,7.75010085985202,7.74996531323846,6.9344684041159,7.75222534843705,15.500201719704,15.4999306264769,16.3589889737137,11.8052220016786
486.8,7.75,7.75,7.75010077942622,7.74996532158614,6.9344674510569,7.75222584162741,15.5002015588524,15.4999306431723,16.3590004086594,11.8052165809479
486.9,7.75,7.75,7.75010069908131,7.7499653299499,6.93446649881998,7.7522263345762,15.5002013981626,15.4999306598998,16.3590118337794,11.8052111629289
487,7.75,7.75,7.75010061881069,7.74996533832841,6.93446554733825,7.75222682730283,15.5002012376214,15.4999306766568,16.359023249873,11.8052057474038
487.1,7.75,7.75,7.75010053860648,7.74996534672009,6.93446459653158,7.75222731983069,15.500201077213,15.4999306934402,16.3590346578981,11.8052003341098
487.2,7.75,7.75,7.75010045846861,7.74996535512489,6.9344636463995,7.75222781215977,15.5002009169372,15.4999307102498,16.3590460578602,11.8051949230469
487.3,7.75,7.75,7.75010037839704,7.74996536354279,6.93446269694154,7.75222830429006,15.5002007567941,15.4999307270856,16.3590574497649,11.8051895142152
487.4,7.75,7.75,7.75010029840597,7.74996537197658,6.93446174830226,7.75222879617869,15.5002005968119,15.4999307439532,16.3590688318843,11.8051841080957
487.5,7.75,7.75,7.75010021848883,7.74996538042493,6.93446080041504,7.75222928784508,15.5002004369777,15.4999307608499,16.3590802050147,11.8051787044705
487.6,7.75,7.75,7.75010013863777,7.74996538888628,6.93445985320007,7.75222977931262,15.5002002772755,15.4999307777726,16.3590915701099,11.8051733030767
487.7,7.75,7.75,7.75010005885274,7.7499653973606,6.9344589066569,7.75223027058131,15.5002001177055,15.4999307947212,16.3591029271752,11.8051679039143
487.8,7.75,7.75,7.75009997913368,7.74996540584785,6.93445796078505,7.75223076165114,15.5001999582674,15.4999308116957,16.3591142762164,11.8051625069835
487.9,7.75,7.75,7.75009989949472,7.74996541435079,6.93445701572849,7.75223125247922,15.5001997989894,15.4999308287016,16.3591256155127,11.8051571127654
488,7.75,7.75,7.75009981992933,7.74996542286811,6.93445607142086,7.75223174308497,15.5001996398587,15.4999308457362,16.3591369458571,11.8051517210417
488.1,7.75,7.75,7.75009974042971,7.74996543139827,6.9344551277827,7.75223223349182,15.5001994808594,15.4999308627965,16.3591482681992,11.8051463315498
488.2,7.75,7.75,7.75009966099579,7.74996543994123,6.93445418481355,7.75223272369975,15.5001993219916,15.4999308798825,16.3591595825448,11.8051409442897
488.3,7.75,7.75,7.75009958162752,7.74996544849697,6.93445324251295,7.75223321370875,15.500199163255,15.4999308969939,16.3591708888991,11.8051355592614
488.4,7.75,7.75,7.75009950233896,7.74996545706819,6.93445230102424,7.75223370347592,15.5001990046779,15.4999309141364,16.3591821855488,11.805130176946
488.5,7.75,7.75,7.75009942312362,7.74996546565362,6.93445136028138,7.7522341930207,15.5001988462472,15.4999309313072,16.3591934732834,11.8051247971254
488.6,7.75,7.75,7.75009934397372,7.74996547425172,6.93445042020521,7.7522346823665,15.5001986879474,15.4999309485034,16.3592047530488,11.8051194195368
488.7,7.75,7.75,7.75009926488921,7.74996548286246,6.93444948079527,7.75223517151332,15.5001985297784,15.4999309657249,16.3592160248505,11.8051140441802
488.8,7.75,7.75,7.75009918587002,7.74996549148582,6.93444854205111,7.75223566046115,15.50019837174,15.4999309829716,16.359227288694,11.8051086710557
488.9,7.75,7.75,7.75009910693016,7.74996550012447,6.93444760411549,7.75223614916708,15.5001982138603,15.4999310002489,16.3592385428727,11.8051033006443
489,7.75,7.75,7.75009902806317,7.74996550877714,6.93444666692262,7.75223663765055,15.5001980561263,15.4999310175543,16.3592497881731,11.8050979327279
489.1,7.75,7.75,7.75009894926129,7.74996551744233,6.93444573039368,7.75223712593499,15.5001978985226,15.4999310348847,16.359261025537,11.8050925670438
489.2,7.75,7.75,7.75009887052448,7.74996552612,6.93444479452822,7.75223761402039,15.500197741049,15.49993105224,16.3592722549701,11.8050872035917
489.3,7.75,7.75,7.75009879185269,7.74996553481013,6.93444385932578,7.75223810190674,15.5001975837054,15.4999310696203,16.3592834764777,11.8050818423719
489.4,7.75,7.75,7.75009871325983,7.74996554351535,6.93444292492852,7.75223858955112,15.5001974265197,15.4999310870307,16.3592946883604,11.8050764838655
489.5,7.75,7.75,7.75009863473949,7.74996555223442,6.93444199127094,7.75223907697298,15.500197269479,15.4999311044688,16.3593058914012,11.8050711278542
489.6,7.75,7.75,7.75009855628394,7.74996556096585,6.93444105827455,7.75223956419576,15.5001971125679,15.4999311219317,16.3593170865384,11.8050657740753
489.7,7.75,7.75,7.75009847789315,7.74996556970959,6.93444012593889,7.75224005121944,15.5001969557863,15.4999311394192,16.3593282737772,11.8050604225286
489.8,7.75,7.75,7.75009839956705,7.74996557846564,6.9344391942635,7.75224053804403,15.5001967991341,15.4999311569313,16.3593394531232,11.8050550732143
489.9,7.75,7.75,7.75009832131952,7.7499655872366,6.93443826338997,7.75224102462659,15.500196642639,15.4999311744732,16.3593506228839,11.8050497266134
490,7.75,7.75,7.75009824314413,7.74996559602122,6.93443733325306,7.75224151098657,15.5001964862883,15.4999311920424,16.3593617838391,11.8050443825079
490.1,7.75,7.75,7.75009816503324,7.74996560481804,6.9344364037746,7.75224199714741,15.5001963300665,15.4999312096361,16.3593729369231,11.8050390406347
490.2,7.75,7.75,7.75009808698678,7.74996561362703,6.93443547495413,7.75224248310912,15.5001961739736,15.4999312272541,16.3593840821413,11.8050337009939
490.3,7.75,7.75,7.7500980090047,7.74996562244815,6.93443454679121,7.75224296887168,15.5001960180094,15.4999312448963,16.3593952194992,11.8050283635855
490.4,7.75,7.75,7.7500979311008,7.749965631284,6.93443361942683,7.75224345439216,15.5001958622016,15.499931262568,16.3594063473111,11.8050230288906
490.5,7.75,7.75,7.75009785326871,7.74996564013334,6.93443269279602,7.75224393969001,15.5001957065374,15.4999312802667,16.3594174663538,11.8050176966911
490.6,7.75,7.75,7.75009777550079,7.74996564899472,6.93443176682093,7.75224442478869,15.5001955510016,15.4999312979894,16.3594285775576,11.805012366724
490.7,7.75,7.75,7.75009769779699,7.74996565786811,6.93443084150113,7.75224490968819,15.500195395594,15.4999313157362,16.359439680928,11.8050070389893
490.8,7.75,7.75,7.75009762015727,7.74996566675348,6.93442991683615,7.7522453943885,15.5001952403145,15.499931333507,16.3594507764703,11.805001713487
490.9,7.75,7.75,7.75009754259534,7.74996567565339,6.93442899296641,7.75224587884668,15.5001950851907,15.4999313513068,16.3594618625059,11.8049963906982
491,7.75,7.75,7.75009746510486,7.74996568456661,6.9344280698272,7.75224636308218,15.5001949302097,15.4999313691332,16.3594729398083,11.8049910704048
491.1,7.75,7.75,7.75009738767825,7.74996569349172,6.93442714734102,7.75224684711848,15.5001947753565,15.4999313869834,16.3594840093041,11.8049857523437
491.2,7.75,7.75,7.75009731031545,7.74996570242868,6.93442622550741,7.75224733095555,15.5001946206309,15.4999314048574,16.3594950709987,11.804980436515
491.3,7.75,7.75,7.75009723301641,7.74996571137748,6.93442530432592,7.7522478145934,15.5001944660328,15.499931422755,16.3595061248973,11.8049751229187
491.4,7.75,7.75,7.75009715579479,7.74996572034062,6.93442438393638,7.75224829798907,15.5001943115896,15.4999314406812,16.3595171693283,11.8049698120359
491.5,7.75,7.75,7.75009707864428,7.7499657293169,6.93442346427436,7.75224878116204,15.5001941572886,15.4999314586338,16.3595282050619,11.8049645036483
491.6,7.75,7.75,7.75009700155732,7.74996573830492,6.93442254526266,7.75224926413576,15.5001940031146,15.4999314766098,16.359539233021,11.8049591974931
491.7,7.75,7.75,7.75009692453386,7.74996574730464,6.93442162690084,7.75224974691022,15.5001938490677,15.4999314946093,16.3595502532109,11.8049538935701
491.8,7.75,7.75,7.75009684757385,7.74996575631603,6.93442070918845,7.75225022948544,15.5001936951477,15.4999315126321,16.3595612656368,11.8049485918795
491.9,7.75,7.75,7.75009677069089,7.74996576534159,6.93441979226473,7.75225071181843,15.5001935413818,15.4999315306832,16.3595722686341,11.8049432929021
492,7.75,7.75,7.75009669387869,7.74996577438011,6.93441887606554,7.75225119392869,15.5001933877574,15.4999315487602,16.3595832629696,11.80493799642
492.1,7.75,7.75,7.75009661712973,7.74996578343022,6.93441796051398,7.75225167583967,15.5001932342595,15.4999315668604,16.3595942495625,11.80493270217
492.2,7.75,7.75,7.75009654044397,7.74996579249188,6.93441704560962,7.75225215755137,15.5001930808879,15.4999315849838,16.3596052284181,11.8049274101522
492.3,7.75,7.75,7.75009646382135,7.74996580156506,6.934416131352,7.75225263906379,15.5001929276427,15.4999316031301,16.3596161995417,11.8049221203665
492.4,7.75,7.75,7.7500963872754,7.74996581065222,6.93441521787981,7.75225312033397,15.5001927745508,15.4999316213044,16.3596271612752,11.804916833294
492.5,7.75,7.75,7.75009631079987,7.74996581975218,6.93441430512915,7.75225360138138,15.5001926215997,15.4999316395044,16.3596381143826,11.8049115487165
492.6,7.75,7.75,7.75009623438727,7.74996582886356,6.93441339302345,7.75225408222948,15.5001924687745,15.4999316577271,16.3596490597792,11.804906266371
492.7,7.75,7.75,7.75009615803756,7.74996583798635,6.93441248156228,7.75225456287829,15.5001923160751,15.4999316759727,16.3596599974701,11.8049009862575
492.8,7.75,7.75,7.75009608175069,7.74996584712052,6.93441157074519,7.75225504332779,15.5001921635014,15.499931694241,16.3596709274607,11.804895708376
492.9,7.75,7.75,7.75009600554012,7.74996585626847,6.93441066071028,7.75225552353502,15.5001920110802,15.4999317125369,16.3596818480998,11.8048904332074
493,7.75,7.75,7.75009592939962,7.74996586542906,6.93440975139392,7.75225600351946,15.5001918587992,15.4999317308581,16.3596927601482,11.8048851605335
493.1,7.75,7.75,7.75009585332176,7.74996587460093,6.93440884271988,7.75225648330458,15.5001917066435,15.4999317492019,16.3597036645173,11.8048798900915
493.2,7.75,7.75,7.75009577730648,7.74996588378404,6.93440793468769,7.75225696289039,15.500191554613,15.4999317675681,16.3597145612124,11.8048746218812
493.3,7.75,7.75,7.75009570135373,7.74996589297839,6.93440702729693,7.75225744227686,15.5001914027075,15.4999317859568,16.3597254502387,11.8048693559026
493.4,7.75,7.75,7.75009562547691,7.74996590218634,6.93440612068514,7.75225792142105,15.5001912509538,15.4999318043727,16.3597363299519,11.8048640926366
493.5,7.75,7.75,7.75009554966982,7.74996591140676,6.93440521478893,7.75225840034243,15.5001910993396,15.4999318228135,16.3597472011096,11.8048588318652
493.6,7.75,7.75,7.75009547392507,7.74996592063831,6.93440430953238,7.75225887906448,15.5001909478501,15.4999318412766,16.3597580646194,11.8048535733252
493.7,7.75,7.75,7.75009539824259,7.74996592988096,6.93440340491506,7.75225935758719,15.5001907964852,15.4999318597619,16.3597689204868,11.8048483170168
493.8,7.75,7.75,7.75009532262234,7.74996593913469,6.93440250093651,7.75225983591057,15.5001906452447,15.4999318782694,16.3597797687168,11.8048430629397
493.9,7.75,7.75,7.75009524707766,7.74996594840184,6.93440159773372,7.75226031399164,15.5001904941553,15.4999318968037,16.3597906076717,11.804837811575
494,7.75,7.75,7.75009517160237,7.7499659576813,6.93440069524356,7.7522607918499,15.5001903432047,15.4999319153626,16.3598014381062,11.8048325627044
494.1,7.75,7.75,7.7500950961891,7.74996596697174,6.93439979339043,7.75226126950881,15.5001901923782,15.4999319339435,16.3598122609243,11.804827316065
494.2,7.75,7.75,7.75009502083782,7.74996597627314,6.93439889217389,7.75226174696838,15.5001900416756,15.4999319525463,16.3598230761311,11.8048220716568
494.3,7.75,7.75,7.75009494554846,7.74996598558546,6.9343979915935,7.7522622242286,15.5001898910969,15.4999319711709,16.3598338837319,11.8048168294797
494.4,7.75,7.75,7.75009487033429,7.74996599491104,6.93439709178567,7.75226270124652,15.5001897406686,15.4999319898221,16.3598446820956,11.8048115900144
494.5,7.75,7.75,7.75009479518919,7.74996600424875,6.93439619268754,7.7522631780416,15.5001895903784,15.4999320084975,16.3598554719738,11.8048063530429
494.6,7.75,7.75,7.75009472010581,7.7499660135973,6.93439529422382,7.75226365463734,15.5001894402116,15.4999320271946,16.3598662542667,11.8048011183023
494.7,7.75,7.75,7.75009464508411,7.74996602295666,6.93439439639406,7.75226413103374,15.5001892901682,15.4999320459133,16.3598770289795,11.8047958857924
494.8,7.75,7.75,7.75009457012404,7.7499660323268,6.93439349919784,7.75226460723078,15.5001891402481,15.4999320646536,16.3598877961174,11.8047906555133
494.9,7.75,7.75,7.7500944952388,7.74996604171002,6.93439260277099,7.75226508318551,15.5001889904776,15.49993208342,16.359898554056,11.8047854279456
495,7.75,7.75,7.75009442042228,7.74996605110521,6.93439170705093,7.75226555891741,15.5001888408446,15.4999321022104,16.3599093035438,11.8047802028712
495.1,7.75,7.75,7.75009434566719,7.74996606051109,6.93439081196266,7.75226603444996,15.5001886913344,15.4999321210222,16.3599200454774,11.8047749800272
495.2,7.75,7.75,7.75009427097348,7.74996606992763,6.93438991750575,7.75226650978316,15.500188541947,15.4999321398553,16.359930779862,11.8047697594136
495.3,7.75,7.75,7.7500941963411,7.74996607935482,6.93438902367976,7.75226698491702,15.5001883926822,15.4999321587096,16.3599415067026,11.8047645410303
495.4,7.75,7.75,7.75009412178318,7.7499660887949,6.93438813061999,7.75226745980857,15.5001882435664,15.4999321775898,16.3599522243816,11.8047593253579
495.5,7.75,7.75,7.75009404729366,7.74996609824679,6.93438723826409,7.75226793447729,15.5001880945873,15.4999321964936,16.3599629336443,11.8047541121783
495.6,7.75,7.75,7.75009397286527,7.74996610770923,6.93438634653739,7.75226840894666,15.5001879457305,15.4999322154185,16.3599736353838,11.8047489012287
495.7,7.75,7.75,7.75009389849796,7.74996611718219,6.93438545543944,7.75226888321669,15.5001877969959,15.4999322343644,16.359984329605,11.804743692509
495.8,7.75,7.75,7.75009382419168,7.74996612666565,6.93438456496983,7.75226935728739,15.5001876483834,15.4999322533313,16.3599950163132,11.8047384860191
495.9,7.75,7.75,7.75009374995951,7.74996613616183,6.93438367526329,7.75226983111578,15.500187499919,15.4999322723237,16.3600056938972,11.8047332822395
496,7.75,7.75,7.7500936757954,7.74996614566966,6.93438278625772,7.75227030472135,15.5001873515908,15.4999322913393,16.3600163630993,11.8047280809522
496.1,7.75,7.75,7.75009360169213,7.7499661551879,6.93438189787876,7.75227077812758,15.5001872033843,15.4999323103758,16.3600270248089,11.8047228818944
496.2,7.75,7.75,7.75009352764964,7.74996616471651,6.93438101012598,7.75227125133449,15.5001870552993,15.499932329433,16.360037679031,11.804717685066
496.3,7.75,7.75,7.75009345366788,7.74996617425547,6.93438012299895,7.75227172434206,15.5001869073358,15.4999323485109,16.3600483257708,11.8047124904669
496.4,7.75,7.75,7.75009337975988,7.74996618380699,6.93437923663185,7.75227219710733,15.5001867595198,15.499932367614,16.3600589634237,11.8047072985775
496.5,7.75,7.75,7.7500933059196,7.74996619337,6.93437835096285,7.75227266964981,15.5001866118392,15.49993238674,16.360069592729,11.8047021091797
496.6,7.75,7.75,7.75009323213987,7.74996620294327,6.93437746591788,7.75227314199296,15.5001864642797,15.4999324058865,16.3600802145724,11.8046969220109
496.7,7.75,7.75,7.75009315842063,7.74996621252678,6.93437658149652,7.75227361413679,15.5001863168413,15.4999324250536,16.3600908289589,11.8046917370709
496.8,7.75,7.75,7.75009308476183,7.7499662221205,6.93437569769833,7.75227408608131,15.5001861695237,15.499932444241,16.3601014358936,11.8046865543597
496.9,7.75,7.75,7.75009301117642,7.7499662317266,6.93437481465695,7.75227455778355,15.5001860223528,15.4999324634532,16.3601120337785,11.8046813743575
497,7.75,7.75,7.75009293765842,7.74996624134403,6.9343739323108,7.75227502926301,15.5001858753168,15.4999324826881,16.36012262335,11.8046761968462
497.1,7.75,7.75,7.75009286420067,7.74996625097159,6.93437305058613,7.75227550054316,15.5001857284013,15.4999325019432,16.3601332054899,11.8046710215634
497.2,7.75,7.75,7.75009279080311,7.74996626060924,6.9343721694825,7.75227597162401,15.5001855816062,15.4999325212185,16.3601437802035,11.8046658485088
497.3,7.75,7.75,7.7500927174657,7.74996627025696,6.93437128899949,7.75227644250556,15.5001854349314,15.4999325405139,16.3601543474957,11.8046606776823
497.4,7.75,7.75,7.75009264420133,7.74996627991689,6.93437040927018,7.75227691314486,15.5001852884027,15.4999325598338,16.3601649057751,11.8046555095641
497.5,7.75,7.75,7.75009257100404,7.74996628958801,6.93436953023325,7.75227738356139,15.5001851420081,15.499932579176,16.3601754557749,11.8046503439362
497.6,7.75,7.75,7.7500924978667,7.7499662992691,6.93436865181523,7.75227785377865,15.5001849957334,15.4999325985382,16.3601859983736,11.804645180536
497.7,7.75,7.75,7.75009242478927,7.74996630896015,6.93436777401572,7.75227832379662,15.5001848495785,15.4999326179203,16.3601965335761,11.8046400193634
497.8,7.75,7.75,7.7500923517717,7.74996631866113,6.93436689683428,7.75227879361532,15.5001847035434,15.4999326373223,16.3602070613876,11.8046348604184
497.9,7.75,7.75,7.75009227882681,7.74996632837416,6.93436602040344,7.7522792631918,15.5001845576536,15.4999326567483,16.3602175802231,11.8046297041808
498,7.75,7.75,7.75009220594868,7.74996633809821,6.93436514466215,7.75227973254554,15.5001844118974,15.4999326761964,16.3602280908128,11.8046245504327
498.1,7.75,7.75,7.75009213313021,7.7499663478321,6.93436426953723,7.75228020170002,15.5001842662604,15.4999326956642,16.3602385940315,11.8046193989116
498.2,7.75,7.75,7.75009206037137,7.74996635757581,6.93436339502828,7.75228067065526,15.5001841207427,15.4999327151516,16.3602490898843,11.8046142496176
498.3,7.75,7.75,7.75009198767208,7.74996636732931,6.93436252113486,7.75228113941124,15.5001839753442,15.4999327346586,16.3602595783762,11.8046091025503
498.4,7.75,7.75,7.75009191504514,7.74996637709468,6.93436164798897,7.75228160792503,15.5001838300903,15.4999327541894,16.3602700579287,11.8046039581896
498.5,7.75,7.75,7.75009184248462,7.74996638687093,6.93436077552979,7.75228207621613,15.5001836849692,15.4999327737419,16.360280529269,11.8045988163177
498.6,7.75,7.75,7.75009176998348,7.74996639665689,6.93435990368447,7.75228254430799,15.500183539967,15.4999327933138,16.3602909932684,11.8045936766721
498.7,7.75,7.75,7.75009169754168,7.74996640645252,6.93435903245258,7.75228301220063,15.5001833950834,15.499932812905,16.3603014499319,11.8045885392527
498.8,7.75,7.75,7.75009162515915,7.74996641625782,6.93435816183371,7.75228347989406,15.5001832503183,15.4999328325156,16.3603118992645,11.8045834040594
498.9,7.75,7.75,7.7500915528486,7.74996642607482,6.9343572919593,7.75228394734534,15.5001831056972,15.4999328521496,16.3603223396941,11.8045782715717
499,7.75,7.75,7.75009148060417,7.74996643590254,6.93435642276879,7.75228441457395,15.5001829612083,15.4999328718051,16.360332771945,11.804573141572
499.1,7.75,7.75,7.75009140841883,7.74996644573983,6.93435555418961,7.75228488160337,15.5001828168377,15.4999328914797,16.360343196885,11.8045680137978
499.2,7.75,7.75,7.75009133629253,7.74996645558666,6.93435468622136,7.7522853484336,15.5001826725851,15.4999329111733,16.3603536145189,11.8045628882491
499.3,7.75,7.75,7.75009126422523,7.74996646544302,6.93435381886361,7.75228581506465,15.5001825284505,15.499932930886,16.3603640248518,11.8045577649257
499.4,7.75,7.75,7.75009119222955,7.74996647531092,6.93435295224727,7.7522862814536,15.5001823844591,15.4999329506218,16.360374426318,11.804552644307
499.5,7.75,7.75,7.75009112029968,7.74996648518939,6.93435208631204,7.75228674761992,15.5001822405994,15.4999329703788,16.3603848196388,11.8045475261753
499.6,7.75,7.75,7.7500910484286,7.74996649507729,6.93435122098563,7.75228721358709,15.5001820968572,15.4999329901546,16.3603952056785,11.8045424102684
499.7,7.75,7.75,7.75009097661629,7.7499665049746,6.93435035626765,7.75228767935511,15.5001819532326,15.4999330099492,16.3604055844418,11.8045372965861
499.8,7.75,7.75,7.75009090486268,7.7499665148813,6.93434949215766,7.75228814492398,15.5001818097254,15.4999330297626,16.3604159559339,11.8045321851283
499.9,7.75,7.75,7.75009083318037,7.74996652479938,6.93434862878606,7.75228861025081,15.5001816663607,15.4999330495988,16.3604263185954,11.8045270763742
500,7.75,7.75,7.75009076156353,7.74996653472788,6.93434776609277,7.75228907535505,15.5001815231271,15.4999330694558,16.3604366731447,11.8045219701062
500.1,7.75,7.75,7.7500906900052,7.74996654466568,6.93434690400581,7.75228954026018,15.5001813800104,15.4999330893314,16.3604470204424,11.8045168660621
500.2,7.75,7.75,7.75009061850536,7.74996655461275,6.93434604252479,7.75229000496621,15.5001812370107,15.4999331092255,16.3604573604935,11.8045117642418
500.3,7.75,7.75,7.75009054706394,7.74996656456908,6.93434518164927,7.75229046947314,15.5001810941279,15.4999331291382,16.360467693303,11.8045066646451
500.4,7.75,7.75,7.75009047569346,7.74996657453663,6.93434432150912,7.75229093373807,15.5001809513869,15.4999331490733,16.3604780173177,11.8045015677511
500.5,7.75,7.75,7.75009040438814,7.74996658451444,6.9343434620445,7.75229139778047,15.5001808087763,15.4999331690289,16.3604883332533,11.8044964733421
500.6,7.75,7.75,7.75009033314107,7.74996659450143,6.93434260318374,7.7522918616238,15.5001806662821,15.4999331890029,16.3604986419668,11.8044913811562
500.7,7.75,7.75,7.75009026195218,7.74996660449756,6.93434174492643,7.75229232526808,15.5001805239044,15.4999332089951,16.3605089434632,11.8044862911931
500.8,7.75,7.75,7.75009019082144,7.74996661450281,6.93434088727215,7.75229278871331,15.5001803816429,15.4999332290056,16.3605192377473,11.8044812034528
500.9,7.75,7.75,7.7500901197613,7.74996662451911,6.93434003035023,7.75229325191659,15.5001802395226,15.4999332490382,16.3605295232726,11.804476118414
501,7.75,7.75,7.750090048766,7.74996663454554,6.93433917410107,7.75229371489741,15.500180097532,15.4999332690911,16.3605398007515,11.8044710358593
501.1,7.75,7.75,7.75008997782866,7.74996664458101,6.93433831845331,7.75229417767921,15.5001799556573,15.499933289162,16.3605500710378,11.8044659555266
501.2,7.75,7.75,7.75008990694924,7.74996665462549,6.93433746340653,7.752294640262,15.5001798138985,15.499933309251,16.3605603341363,11.8044608774159
501.3,7.75,7.75,7.75008983612767,7.74996666467896,6.93433660896031,7.7522951026458,15.5001796722553,15.4999333293579,16.3605705900518,11.804455801527
501.4,7.75,7.75,7.75008976537637,7.74996667474332,6.93433575524346,7.75229556478771,15.5001795307527,15.4999333494866,16.3605808372442,11.8044507283385
501.5,7.75,7.75,7.7500896946896,7.74996668481767,6.93433490219662,7.75229602670722,15.5001793893792,15.4999333696353,16.3605910764228,11.8044456576329
501.6,7.75,7.75,7.75008962406051,7.74996669490092,6.93433404974872,7.75229648842776,15.500179248121,15.4999333898018,16.3606013084381,11.8044405891485
501.7,7.75,7.75,7.75008955348905,7.74996670499305,6.93433319789935,7.75229694994936,15.5001791069781,15.4999334099861,16.3606115332948,11.804435522885
501.8,7.75,7.75,7.75008948297518,7.74996671509404,6.93433234664808,7.752297411272,15.5001789659504,15.4999334301881,16.3606217509978,11.8044304588424
501.9,7.75,7.75,7.75008941253122,7.74996672520576,6.9343314961232,7.75229787235285,15.5001788250624,15.4999334504115,16.360631960013,11.8044253974989
502,7.75,7.75,7.75008934215149,7.74996673532733,6.9343306462656,7.75229833321134,15.500178684303,15.4999334706547,16.3606421610471,11.8044203386372
502.1,7.75,7.75,7.75008927182916,7.74996674545767,6.93432979700448,7.75229879387093,15.5001785436583,15.4999334909153,16.3606523549469,11.8044152819957
502.2,7.75,7.75,7.75008920156418,7.74996675559676,6.93432894833945,7.75229925433163,15.5001784031284,15.4999335111935,16.3606625417172,11.8044102275741
502.3,7.75,7.75,7.75008913135651,7.74996676574458,6.93432810027009,7.75229971459344,15.500178262713,15.4999335314892,16.3606727213629,11.8044051753723
502.4,7.75,7.75,7.75008906121843,7.74996677590298,6.93432725292413,7.75230017461353,15.5001781224369,15.499933551806,16.360682892356,11.8044001258684
502.5,7.75,7.75,7.75008899114425,7.74996678607107,6.93432640624274,7.75230063441133,15.5001779822885,15.4999335721421,16.3606930554005,11.8043950788452
502.6,7.75,7.75,7.7500889211272,7.74996679624781,6.9343255601554,7.75230109401029,15.5001778422544,15.4999335924956,16.3607032113397,11.8043900340411
502.7,7.75,7.75,7.75008885116723,7.74996680643318,6.9343247146617,7.75230155341042,15.5001777023345,15.4999336128664,16.3607133601783,11.8043849914558
502.8,7.75,7.75,7.75008878126428,7.74996681662715,6.93432386976124,7.75230201261174,15.5001775625286,15.4999336332543,16.3607235019212,11.8043799510893
502.9,7.75,7.75,7.75008871143059,7.74996682683154,6.93432302558124,7.75230247157139,15.5001774228612,15.4999336536631,16.3607336350467,11.8043749134194
503,7.75,7.75,7.7500886416605,7.74996683704548,6.93432218206309,7.75230293030885,15.500177283321,15.499933674091,16.3607437602559,11.8043698782289
503.1,7.75,7.75,7.75008857194726,7.74996684726794,6.93432133913657,7.75230338884752,15.5001771438945,15.4999336945359,16.3607538783885,11.8043648452564
503.2,7.75,7.75,7.75008850229082,7.7499668574989,6.93432049680127,7.75230384718743,15.5001770045816,15.4999337149978,16.3607639894494,11.8043598145018
503.3,7.75,7.75,7.75008843269114,7.74996686773833,6.93431965505678,7.7523043053286,15.5001768653823,15.4999337354767,16.3607740934434,11.8043547859647
503.4,7.75,7.75,7.75008836316037,7.74996687798803,6.93431881402982,7.75230476322818,15.5001767263207,15.4999337559761,16.360784188855,11.8043497601228
503.5,7.75,7.75,7.7500882936929,7.74996688824714,6.934317973662,7.75230522090564,15.5001765873858,15.4999337764943,16.3607942763823,11.8043447367592
503.6,7.75,7.75,7.75008822428201,7.74996689851465,6.93431713388339,7.7523056783844,15.500176448564,15.4999337970293,16.3608043568618,11.8043397156125
503.7,7.75,7.75,7.75008815492764,7.74996690879052,6.9343162946936,7.75230613566446,15.5001763098553,15.499933817581,16.3608144302983,11.8043346966824
503.8,7.75,7.75,7.75008808562976,7.74996691907475,6.93431545609222,7.75230659274584,15.5001761712595,15.4999338381495,16.3608244966966,11.8043296799687
503.9,7.75,7.75,7.75008801640046,7.74996692936909,6.93431461820543,7.75230704958574,15.5001760328009,15.4999338587382,16.3608345545472,11.804324665949
504,7.75,7.75,7.75008794723416,7.7499669396727,6.9343137809751,7.75230750620359,15.5001758944683,15.4999338793454,16.3608446045455,11.8043196544061
504.1,7.75,7.75,7.75008787812415,7.74996694998458,6.93431294433158,7.75230796262281,15.5001757562483,15.4999338999692,16.3608546475246,11.8043146450789
504.2,7.75,7.75,7.7500878090704,7.74996696030471,6.93431210827447,7.75230841884341,15.5001756181408,15.4999339206094,16.3608646834893,11.8043096379672
504.3,7.75,7.75,7.75008774007287,7.74996697063306,6.93431127280337,7.7523088748654,15.5001754801457,15.4999339412661,16.3608747124442,11.8043046330708
504.4,7.75,7.75,7.75008767114358,7.74996698097137,6.93431043804396,7.752309330646,15.5001753422872,15.4999339619427,16.3608847328862,11.8042996308668
504.5,7.75,7.75,7.75008760227699,7.74996699131881,6.93430960393833,7.75230978620464,15.500175204554,15.4999339826376,16.3608947455077,11.8042946311384
504.6,7.75,7.75,7.75008753346643,7.7499670016744,6.93430877041711,7.75231024156472,15.5001750669329,15.4999340033488,16.3609047511385,11.8042896336244
504.7,7.75,7.75,7.75008746471185,7.74996701203811,6.93430793747992,7.75231069672627,15.5001749294237,15.4999340240762,16.3609147497832,11.8042846383248
504.8,7.75,7.75,7.75008739601322,7.74996702240992,6.93430710512636,7.75231115168929,15.5001747920264,15.4999340448198,16.3609247414466,11.8042796452391
504.9,7.75,7.75,7.75008732738251,7.74996703279155,6.93430627348158,7.75231160641101,15.500174654765,15.4999340655831,16.3609347246315,11.8042746548444
505,7.75,7.75,7.75008725881418,7.74996704318216,6.93430544248791,7.75231206091086,15.5001745176284,15.4999340863643,16.3609447000276,11.8042696669239
505.1,7.75,7.75,7.75008719030162,7.7499670535808,6.93430461207628,7.75231251521224,15.5001743806032,15.4999341071616,16.3609546684613,11.8042646812167
505.2,7.75,7.75,7.75008712184478,7.74996706398744,6.9343037822463,7.75231296931515,15.5001742436896,15.4999341279749,16.3609646299373,11.8042596977224
505.3,7.75,7.75,7.7500870534436,7.74996707440205,6.93430295299757,7.75231342321963,15.5001741068872,15.4999341488041,16.3609745844602,11.804254716441
505.4,7.75,7.75,7.75008698511003,7.74996708482633,6.93430212445474,7.7523138768829,15.5001739702201,15.4999341696527,16.360984530539,11.8042497378489
505.5,7.75,7.75,7.75008691683854,7.74996709525946,6.93430129656037,7.7523143303244,15.5001738336771,15.4999341905189,16.3609944688605,11.8042447617296
505.6,7.75,7.75,7.75008684862255,7.7499671057005,6.93430046924568,7.75231478356752,15.5001736972451,15.499934211401,16.3610044002478,11.8042397878223
505.7,7.75,7.75,7.750086780462,7.7499671161494,6.93429964251026,7.75231523661226,15.500173560924,15.4999342322988,16.3610143247055,11.8042348161267
505.8,7.75,7.75,7.75008671235686,7.74996712660617,6.93429881635372,7.75231568945864,15.5001734247137,15.4999342532123,16.3610242422383,11.8042298466426
505.9,7.75,7.75,7.750086644319,7.74996713707245,6.9342979909002,7.75231614206393,15.500173288638,15.4999342741449,16.3610341513612,11.8042248798463
506,7.75,7.75,7.75008657634292,7.74996714754746,6.93429716609252,7.75231659444754,15.5001731526858,15.4999342950949,16.3610440527582,11.8042199155213
506.1,7.75,7.75,7.75008650842206,7.74996715803024,6.93429634186215,7.75231704663285,15.5001730168441,15.4999343160605,16.361053947249,11.8042149534069
506.2,7.75,7.75,7.75008644055639,7.74996716852077,6.9342955182087,7.75231749861987,15.5001728811128,15.4999343370415,16.3610638348383,11.804209993503
506.3,7.75,7.75,7.75008637274586,7.74996717901904,6.93429469513178,7.75231795040863,15.5001727454917,15.4999343580381,16.3610737155307,11.8042050358092
506.4,7.75,7.75,7.75008630500228,7.74996718952668,6.93429387275502,7.75231840195641,15.5001726100046,15.4999343790534,16.3610835878472,11.8042000808016
506.5,7.75,7.75,7.75008623732019,7.74996720004291,6.93429305102146,7.75231885328261,15.5001724746404,15.4999344000858,16.3610934524691,11.8041951282638
506.6,7.75,7.75,7.75008616969306,7.74996721056679,6.93429222986287,7.7523193044106,15.5001723393861,15.4999344211336,16.3611033102127,11.8041901779353
506.7,7.75,7.75,7.75008610212085,7.74996722109831,6.93429140927886,7.7523197553404,15.5001722042417,15.4999344421966,16.3611131610827,11.8041852298158
506.8,7.75,7.75,7.75008603460351,7.74996723163745,6.93429058926902,7.75232020607203,15.500172069207,15.4999344632749,16.3611230050838,11.8041802839051
506.9,7.75,7.75,7.7500859671528,7.74996724218581,6.93428976995651,7.75232065656278,15.5001719343056,15.4999344843716,16.3611328407428,11.804175340679
507,7.75,7.75,7.75008589976328,7.74996725274262,6.93428895128458,7.75232110683207,15.5001717995266,15.4999345054852,16.3611426687383,11.8041703999211
507.1,7.75,7.75,7.75008583242846,7.74996726330697,6.93428813318528,7.75232155690324,15.5001716648569,15.4999345266139,16.3611524898833,11.804165461371
507.2,7.75,7.75,7.7500857651483,7.74996727387884,6.93428731565822,7.75232200677632,15.5001715302966,15.4999345477577,16.3611623041825,11.8041605250287
507.3,7.75,7.75,7.75008569792274,7.7499672844582,6.93428649870302,7.75232245645132,15.5001713958455,15.4999345689164,16.3611721116405,11.8041555908937
507.4,7.75,7.75,7.7500856307635,7.74996729504665,6.93428568244229,7.75232290588557,15.500171261527,15.4999345900933,16.3611819107902,11.8041506594415
507.5,7.75,7.75,7.75008556366515,7.74996730564341,6.93428486681955,7.75232335509846,15.5001711273303,15.4999346112868,16.3611917023073,11.804145730456
507.6,7.75,7.75,7.75008549662124,7.7499673162476,6.93428405176711,7.75232380411334,15.5001709932425,15.4999346324952,16.3612014870017,11.804140803677
507.7,7.75,7.75,7.75008542963172,7.74996732685918,6.93428323728459,7.75232425293022,15.5001708592634,15.4999346537184,16.3612112648779,11.8041358791041
507.8,7.75,7.75,7.75008536269655,7.74996733747814,6.9342824233716,7.75232470154912,15.5001707253931,15.4999346749563,16.3612210359405,11.8041309567372
507.9,7.75,7.75,7.75008529582736,7.74996734810604,6.93428161015027,7.7523251499274,15.5001705916547,15.4999346962121,16.3612307987283,11.8041260370514
508,7.75,7.75,7.75008522901879,7.74996735874213,6.93428079756434,7.75232559808443,15.5001704580376,15.4999347174843,16.3612405539145,11.8041211198306
508.1,7.75,7.75,7.75008516226439,7.74996736938552,6.93427998554639,7.75232604604354,15.5001703245288,15.499934738771,16.3612503023054,11.8041162048148
508.2,7.75,7.75,7.75008509556412,7.74996738003619,6.93427917409605,7.75232649380477,15.5001701911282,15.4999347600724,16.3612600439057,11.8041112920038
508.3,7.75,7.75,7.75008502891794,7.74996739069413,6.93427836321292,7.75232694136811,15.5001700578359,15.4999347813883,16.36126977872,11.8041063813972
508.4,7.75,7.75,7.75008496233743,7.74996740136086,6.93427755301864,7.75232738869096,15.5001699246749,15.4999348027217,16.3612795052929,11.8041014734699
508.5,7.75,7.75,7.75008489581724,7.74996741203565,6.93427674345718,7.75232783579268,15.5001697916345,15.4999348240713,16.3612892242948,11.8040965680059
508.6,7.75,7.75,7.75008482935096,7.74996742271763,6.9342759344614,7.7523282826966,15.5001696587019,15.4999348454353,16.3612989365289,11.8040916647455
508.7,7.75,7.75,7.75008476293855,7.74996743340677,6.93427512603092,7.75232872940272,15.5001695258771,15.4999348668135,16.3613086419997,11.8040867636883
508.8,7.75,7.75,7.75008469657997,7.74996744410306,6.93427431816536,7.75232917591108,15.5001693931599,15.4999348882061,16.3613183407119,11.804081864834
508.9,7.75,7.75,7.75008463028674,7.74996745480801,6.93427351098585,7.75232962217907,15.5001692605735,15.499934909616,16.361328031216,11.8040769686572
509,7.75,7.75,7.75008456405355,7.74996746552088,6.9342727044366,7.75233006822606,15.5001691281071,15.4999349310418,16.3613377141797,11.804072074942
509.1,7.75,7.75,7.75008449787401,7.74996747624082,6.93427189845074,7.75233051407534,15.500168995748,15.4999349524816,16.3613473904028,11.8040671834288
509.2,7.75,7.75,7.75008443174808,7.74996748696782,6.93427109302788,7.75233095972695,15.5001688634962,15.4999349739356,16.3613570598901,11.8040622941173
509.3,7.75,7.75,7.75008436567572,7.74996749770185,6.93427028816763,7.7523314051809,15.5001687313514,15.4999349954037,16.3613667226459,11.8040574070073
509.4,7.75,7.75,7.7500842996684,7.74996750844439,6.93426948399067,7.75233185039462,15.5001685993368,15.4999350168888,16.3613763772267,11.8040525225728
509.5,7.75,7.75,7.75008423372083,7.74996751919474,6.93426868044141,7.75233229538746,15.5001684674417,15.4999350383895,16.3613860242975,11.8040476405981
509.6,7.75,7.75,7.75008416782665,7.74996752995204,6.93426787745325,7.75233274018271,15.5001683356533,15.4999350599041,16.361395664655,11.8040427608239
509.7,7.75,7.75,7.75008410198583,7.74996754071628,6.93426707502581,7.7523331847804,15.5001682039717,15.4999350814326,16.3614052983037,11.8040378832498
509.8,7.75,7.75,7.75008403619832,7.74996755148743,6.93426627315872,7.75233362918055,15.5001680723966,15.4999351029749,16.3614149252482,11.8040330078756
509.9,7.75,7.75,7.75008397047555,7.74996756226697,6.93426547197213,7.7523340733406,15.5001679409511,15.4999351245339,16.3614245440506,11.804028135175
510,7.75,7.75,7.75008390481222,7.74996757305418,6.93426467141069,7.75233451727989,15.5001678096244,15.4999351461084,16.3614341553733,11.8040232649325
510.1,7.75,7.75,7.75008383920204,7.74996758384823,6.93426387140808,7.75233496102172,15.5001676784041,15.4999351676965,16.3614437600097,11.8040183968888
510.2,7.75,7.75,7.75008377364496,7.74996759464911,6.93426307196393,7.7523354045661,15.5001675472899,15.4999351892982,16.3614533579644,11.8040135310437
510.3,7.75,7.75,7.75008370814093,7.74996760545679,6.93426227307784,7.75233584791305,15.5001674162819,15.4999352109136,16.3614629492419,11.8040086673968
510.4,7.75,7.75,7.75008364270133,7.74996761627271,6.93426147486951,7.75233629102006,15.5001672854027,15.4999352325454,16.3614725324101,11.8040038064215
510.5,7.75,7.75,7.7500835773209,7.74996762709619,6.9342606772838,7.75233673390644,15.5001671546418,15.4999352541924,16.3614821081287,11.8039989479025
510.6,7.75,7.75,7.75008351199335,7.74996763792639,6.93425988025465,7.75233717659547,15.5001670239867,15.4999352758528,16.361491677188,11.8039940915807
510.7,7.75,7.75,7.75008344671865,7.7499676487633,6.9342590837817,7.75233761908718,15.5001668934373,15.4999352975266,16.3615012395925,11.8039892374558
510.8,7.75,7.75,7.75008338149675,7.74996765960691,6.93425828786455,7.75233806138157,15.5001667629935,15.4999353192138,16.3615107953466,11.8039843855275
510.9,7.75,7.75,7.75008331633896,7.74996767045863,6.93425749262242,7.75233850343617,15.5001666326779,15.4999353409173,16.3615203430242,11.8039795362688
511,7.75,7.75,7.75008325124007,7.74996768131776,6.93425669800038,7.75233894527028,15.5001665024801,15.4999353626355,16.3615298832821,11.8039746894646
511.1,7.75,7.75,7.7500831861938,7.74996769218352,6.93425590393266,7.75233938690717,15.5001663723876,15.499935384367,16.3615394169076,11.8039698448559
511.2,7.75,7.75,7.75008312120012,7.74996770305588,6.93425511041887,7.75233982834684,15.5001662424002,15.4999354061118,16.361548943905,11.8039650024424
511.3,7.75,7.75,7.750083056259,7.74996771393482,6.93425431745865,7.75234026958934,15.500166112518,15.4999354278696,16.3615584642789,11.8039601622239
511.4,7.75,7.75,7.75008299138168,7.74996772482173,6.9342535251707,7.75234071059218,15.5001659827634,15.4999354496435,16.3615679766087,11.8039553246729
511.5,7.75,7.75,7.75008292656297,7.74996773571594,6.93425273350035,7.75234115137468,15.5001658531259,15.4999354714319,16.3615774815488,11.8039504895745
511.6,7.75,7.75,7.75008286179663,7.74996774661666,6.93425194238206,7.75234159196008,15.5001657235933,15.4999354932333,16.3615869798831,11.8039456566699
511.7,7.75,7.75,7.75008279708264,7.74996775752387,6.93425115181547,7.75234203234839,15.5001655941653,15.4999355150477,16.361596471616,11.8039408259588
511.8,7.75,7.75,7.75008273242095,7.74996776843755,6.9342503618002,7.75234247253965,15.5001654648419,15.4999355368751,16.361605956752,11.8039359974409
511.9,7.75,7.75,7.75008266782275,7.74996777935907,6.93424957245449,7.75234291249142,15.5001653356455,15.4999355587181,16.3616154338764,11.8039311715885
512,7.75,7.75,7.75008260328288,7.74996779028777,6.93424878372388,7.75234335222298,15.5001652065658,15.4999355805755,16.3616249036407,11.8039263481868
512.1,7.75,7.75,7.75008253879515,7.74996780122286,6.9342479955431,7.75234379175757,15.5001650775903,15.4999356024457,16.3616343668258,11.8039215269771
512.2,7.75,7.75,7.75008247435949,7.74996781216434,6.93424720791178,7.75234423109521,15.500164948719,15.4999356243287,16.3616438234361,11.8039167079592
512.3,7.75,7.75,7.75008240997589,7.74996782311218,6.93424642082956,7.75234467023592,15.5001648199518,15.4999356462244,16.361653273476,11.8039118911328
512.4,7.75,7.75,7.75008234565549,7.74996783406772,6.93424563441419,7.7523451091373,15.500164691311,15.4999356681354,16.3616627155365,11.8039070769697
512.5,7.75,7.75,7.75008228139313,7.74996784503033,6.93424484861143,7.75234554781862,15.5001645627863,15.4999356900607,16.3616721502665,11.8039022652553
512.6,7.75,7.75,7.75008221718265,7.74996785599922,6.93424406335628,7.7523459863031,15.5001644343653,15.4999357119984,16.3616815784438,11.8038974557313
512.7,7.75,7.75,7.75008215302401,7.74996786697438,6.93424327864837,7.75234642459076,15.500164306048,15.4999357339488,16.3616910000727,11.8038926483972
512.8,7.75,7.75,7.75008208891717,7.7499678779558,6.93424249448734,7.75234686268162,15.5001641778343,15.4999357559116,16.3617004151577,11.8038878432529
512.9,7.75,7.75,7.75008202487323,7.7499678889448,6.93424171099047,7.75234730053332,15.5001640497465,15.4999357778896,16.3617098222952,11.8038830407697
513,7.75,7.75,7.75008196088705,7.74996789994073,6.93424092810373,7.75234773816511,15.5001639217741,15.4999357998815,16.3617192221318,11.8038782407333
513.1,7.75,7.75,7.75008189695251,7.74996791094284,6.93424014576239,7.75234817560019,15.500163793905,15.4999358218857,16.361728615442,11.8038734428853
513.2,7.75,7.75,7.75008183306956,7.74996792195111,6.93423936396608,7.75234861283859,15.5001636661391,15.4999358439022,16.3617380022302,11.8038686472255
513.3,7.75,7.75,7.75008176923815,7.74996793296554,6.93423858271444,7.75234904988034,15.5001635384763,15.4999358659311,16.3617473825006,11.8038638537537
513.4,7.75,7.75,7.75008170546935,7.74996794398741,6.93423780212428,7.75234948668307,15.5001634109387,15.4999358879748,16.3617567548557,11.8038590629408
513.5,7.75,7.75,7.75008164175803,7.74996795501609,6.93423702214178,7.75234992326605,15.5001632835161,15.4999359100322,16.3617661199391,11.8038542745727
513.6,7.75,7.75,7.7500815780981,7.74996796605085,6.93423624270248,7.75235035965247,15.5001631561962,15.4999359321017,16.3617754785222,11.8038494883911
513.7,7.75,7.75,7.75008151448952,7.74996797709167,6.93423546380601,7.75235079584234,15.500163028979,15.4999359541833,16.3617848306096,11.803844704396
513.8,7.75,7.75,7.75008145093224,7.74996798813853,6.93423468545201,7.75235123183569,15.5001629018645,15.4999359762771,16.3617941762054,11.8038399225869
513.9,7.75,7.75,7.75008138743726,7.74996799919271,6.93423390775682,7.75235166759021,15.5001627748745,15.4999359983854,16.3618035139176,11.8038351434346
514,7.75,7.75,7.75008132399949,7.74996801025358,6.93423313066684,7.75235210312513,15.500162647999,15.4999360205072,16.3618128443873,11.8038303667249
514.1,7.75,7.75,7.75008126061286,7.74996802132042,6.93423235411786,7.75235253846362,15.5001625212257,15.4999360426408,16.361822168383,11.8038255922
514.2,7.75,7.75,7.75008119727734,7.74996803239322,6.93423157810953,7.75235297360571,15.5001623945547,15.4999360647864,16.3618314859088,11.8038208198596
514.3,7.75,7.75,7.75008113399287,7.74996804347195,6.93423080264148,7.75235340855143,15.5001622679857,15.4999360869439,16.3618407969693,11.8038160497034
514.4,7.75,7.75,7.7500810707704,7.74996805455787,6.93423002782957,7.75235384325848,15.5001621415408,15.4999361091157,16.3618501001777,11.8038112822017
514.5,7.75,7.75,7.75008100760488,7.74996806565037,6.93422925362044,7.7523542777461,15.5001620152098,15.4999361313007,16.3618593961728,11.8038065171404
514.6,7.75,7.75,7.75008094449025,7.74996807674873,6.93422847995013,7.75235471203744,15.5001618889805,15.4999361534975,16.3618686857197,11.8038017542622
514.7,7.75,7.75,7.75008088142647,7.74996808785294,6.93422770681828,7.75235514613252,15.5001617628529,15.4999361757059,16.3618779688228,11.8037969935665
514.8,7.75,7.75,7.75008081841351,7.74996809896299,6.93422693422453,7.75235558003136,15.500161636827,15.499936197926,16.3618872454864,11.8037922350531
514.9,7.75,7.75,7.75008075546226,7.74996811008009,6.93422616228428,7.75235601369172,15.5001615109245,15.4999362201602,16.3618965143296,11.8037874791919
515,7.75,7.75,7.75008069256767,7.74996812120366,6.93422539094438,7.75235644713281,15.5001613851353,15.4999362424073,16.3619057759882,11.8037827257691
515.1,7.75,7.75,7.75008062972374,7.74996813233298,6.93422462014112,7.75235688037776,15.5001612594475,15.499936264666,16.3619150312247,11.8037779745272
515.2,7.75,7.75,7.75008056693042,7.74996814346806,6.93422384987416,7.75235731342661,15.5001611338608,15.4999362869361,16.3619242800431,11.8037732254661
515.3,7.75,7.75,7.75008050418768,7.74996815460886,6.93422308014312,7.75235774627936,15.5001610083754,15.4999363092177,16.3619335224479,11.8037684785853
515.4,7.75,7.75,7.75008044150634,7.74996816575659,6.93422231106295,7.75235817889382,15.5001608830127,15.4999363315132,16.3619427570636,11.8037637343544
515.5,7.75,7.75,7.7500803788814,7.74996817691067,6.93422154258071,7.75235861128917,15.5001607577628,15.4999363538213,16.3619519845236,11.8037589925596
515.6,7.75,7.75,7.75008031630688,7.74996818807041,6.93422077463295,7.75235904348854,15.5001606326138,15.4999363761408,16.3619612055871,11.8037542529439
515.7,7.75,7.75,7.75008025378272,7.7499681992358,6.93422000721932,7.75235947549195,15.5001605075654,15.4999363984716,16.3619704202584,11.803749515507
515.8,7.75,7.75,7.7500801913089,7.7499682104068,6.93421924033947,7.75235990729942,15.5001603826178,15.4999364208136,16.3619796285417,11.8037447802485
515.9,7.75,7.75,7.75008012889619,7.74996822158462,6.93421847410785,7.75236033886877,15.5001602577924,15.4999364431692,16.3619888290671,11.8037400476374
516,7.75,7.75,7.75008006653961,7.74996823276867,6.93421770847175,7.75236077021919,15.5001601330792,15.4999364655373,16.3619980224656,11.8037353174602
516.1,7.75,7.75,7.75008000423321,7.74996824395827,6.93421694336799,7.75236120137378,15.5001600084664,15.4999364879165,16.3620072094931,11.8037305894602
516.2,7.75,7.75,7.75007994197693,7.74996825515342,6.93421617879621,7.75236163233257,15.5001598839539,15.4999365103068,16.3620163901541,11.8037258636369
516.3,7.75,7.75,7.75007987977075,7.74996826635409,6.93421541475604,7.75236206309557,15.5001597595415,15.4999365327082,16.3620255644527,11.8037211399901
516.4,7.75,7.75,7.75007981762539,7.74996827756144,6.93421465136151,7.75236249362064,15.5001596352508,15.4999365551229,16.3620347310244,11.8037164189883
516.5,7.75,7.75,7.75007975553589,7.74996828877491,6.93421388856009,7.75236292392695,15.5001595110718,15.4999365775498,16.3620438904977,11.8037117004182
516.6,7.75,7.75,7.75007969349633,7.74996829999384,6.93421312628888,7.75236335403759,15.5001593869927,15.4999365999877,16.3620530436257,11.8037069840232
516.7,7.75,7.75,7.75007963150666,7.74996831121821,6.93421236454749,7.75236378395257,15.5001592630133,15.4999366224364,16.3620621904125,11.803702269803
516.8,7.75,7.75,7.75007956956684,7.74996832244799,6.93421160333559,7.75236421367194,15.5001591391337,15.499936644896,16.3620713308625,11.8036975577571
516.9,7.75,7.75,7.75007950768755,7.74996833368435,6.93421084276672,7.75236464315356,15.5001590153751,15.4999366673687,16.3620804636166,11.8036928483539
517,7.75,7.75,7.75007944586386,7.7499683449267,6.93421008278858,7.7523650724166,15.5001588917277,15.4999366898534,16.3620895893007,11.8036881413801
517.1,7.75,7.75,7.75007938408987,7.74996835617442,6.9342093233385,7.75236550148412,15.5001587681797,15.4999367123488,16.3620987086648,11.8036834365793
517.2,7.75,7.75,7.75007932236553,7.74996836742747,6.93420856441612,7.75236593035615,15.5001586447311,15.4999367348549,16.3621078217132,11.8036787339513
517.3,7.75,7.75,7.7500792606908,7.74996837868584,6.9342078060211,7.75236635903272,15.5001585213816,15.4999367573717,16.36211692845,11.8036740334956
517.4,7.75,7.75,7.75007919907632,7.74996838995066,6.93420704826652,7.75236678747174,15.5001583981526,15.4999367799013,16.3621260275218,11.80366933568
517.5,7.75,7.75,7.75007913751717,7.74996840122137,6.9342062911003,7.75236721569236,15.5001582750343,15.4999368024427,16.3621351195519,11.8036646402916
517.6,7.75,7.75,7.75007907600748,7.74996841249733,6.93420553446001,7.75236764371762,15.500158152015,15.4999368249947,16.3621442052873,11.8036599470742
517.7,7.75,7.75,7.7500790145472,7.74996842377853,6.9342047783453,7.75236807154755,15.5001580290944,15.4999368475571,16.3621532847322,11.8036552560274
517.8,7.75,7.75,7.75007895313631,7.74996843506496,6.93420402275583,7.75236849918219,15.5001579062726,15.4999368701299,16.3621623578909,11.8036505671509
517.9,7.75,7.75,7.75007889178537,7.74996844635771,6.93420326780423,7.75236892657947,15.5001577835707,15.4999368927154,16.3621714234151,11.8036458809119
518,7.75,7.75,7.7500788304895,7.74996845765624,6.93420251343861,7.75236935375854,15.500157660979,15.4999369153125,16.3621804819258,11.8036411970978
518.1,7.75,7.75,7.75007876924285,7.74996846895993,6.93420175959682,7.75236978074241,15.5001575384857,15.4999369379199,16.3621895341671,11.8036365154526
518.2,7.75,7.75,7.75007870804538,7.74996848026875,6.93420100627849,7.75237020753112,15.5001574160908,15.4999369605375,16.362198580143,11.8036318359759
518.3,7.75,7.75,7.75007864689706,7.74996849158271,6.93420025348329,7.7523706341247,15.5001572937941,15.4999369831654,16.3622076198578,11.8036271586675
518.4,7.75,7.75,7.75007858580841,7.74996850290286,6.93419950132339,7.75237106048113,15.5001571716168,15.4999370058057,16.3622166519686,11.803622483994
518.5,7.75,7.75,7.75007852477457,7.74996851422869,6.93419874974713,7.75237148661952,15.5001570495491,15.4999370284574,16.362225677094,11.803617811743
518.6,7.75,7.75,7.75007846378971,7.74996852555957,6.93419799869258,7.75237191256289,15.5001569275794,15.4999370511191,16.362234695975,11.8036131416587
518.7,7.75,7.75,7.7500784028538,7.7499685368955,6.9341972481594,7.75237233831126,15.5001568057076,15.499937073791,16.3622437086157,11.8036084737409
518.8,7.75,7.75,7.75007834196681,7.74996854823646,6.93419649814724,7.75237276386467,15.5001566839336,15.4999370964729,16.3622527150202,11.8036038079892
518.9,7.75,7.75,7.75007828113919,7.7499685595835,6.93419574876783,7.75237318918113,15.5001565622784,15.499937119167,16.3622617138513,11.8035991448699
519,7.75,7.75,7.75007822036613,7.7499685709361,6.93419499996971,7.75237361427975,15.5001564407323,15.4999371418722,16.3622707057248,11.8035944841706
519.1,7.75,7.75,7.75007815964182,7.74996858229367,6.93419425169122,7.75237403918351,15.5001563192836,15.4999371645873,16.3622796913788,11.803589825636
519.2,7.75,7.75,7.75007809896622,7.74996859365618,6.93419350393199,7.75237446389245,15.5001561979324,15.4999371873124,16.3622886708175,11.8035851692656
519.3,7.75,7.75,7.7500780383393,7.74996860502362,6.93419275669169,7.75237488840659,15.5001560766786,15.4999372100472,16.362297644045,11.8035805150592
519.4,7.75,7.75,7.75007797777149,7.74996861639703,6.93419201008161,7.75237531268399,15.500155955543,15.4999372327941,16.3623066097292,11.8035758634825
519.5,7.75,7.75,7.75007791725796,7.7499686277759,6.93419126405048,7.75237573674374,15.5001558345159,15.4999372555518,16.3623155684837,11.8035712143235
519.6,7.75,7.75,7.75007785679296,7.74996863915963,6.93419051853689,7.75237616060881,15.5001557135859,15.4999372783193,16.3623245210435,11.8035665673269
519.7,7.75,7.75,7.75007779637643,7.74996865054821,6.93418977354049,7.75237658427923,15.5001555927529,15.4999373010964,16.3623334674128,11.8035619224925
519.8,7.75,7.75,7.75007773600836,7.74996866194162,6.93418902906093,7.75237700775503,15.5001554720167,15.4999373238832,16.3623424075957,11.8035572798197
519.9,7.75,7.75,7.7500776756991,7.74996867334089,6.93418828520906,7.7523774309943,15.5001553513982,15.4999373466818,16.3623513402655,11.8035526397741
520,7.75,7.75,7.75007761544388,7.7499686847455,6.93418754193381,7.75237785401611,15.5001552308878,15.499937369491,16.3623602660331,11.8035480021437
520.1,7.75,7.75,7.75007755523695,7.74996869615489,6.93418679917403,7.75237827684341,15.5001551104739,15.4999373923098,16.3623691856309,11.8035433666735
520.2,7.75,7.75,7.75007749507827,7.74996870756903,6.93418605692936,7.75237869947624,15.5001549901565,15.4999374151381,16.3623780990628,11.8035387333632
520.3,7.75,7.75,7.7500774349678,7.74996871898791,6.93418531519946,7.75237912191462,15.5001548699356,15.4999374379758,16.3623870063331,11.8035341022125
520.4,7.75,7.75,7.75007737491588,7.74996873041252,6.93418457409473,7.75237954411669,15.5001547498318,15.499937460825,16.3623959061201,11.8035294736861
520.5,7.75,7.75,7.75007731491773,7.74996874184238,6.93418383356432,7.7523799661015,15.5001546298355,15.4999374836848,16.3624047990327,11.8035248475725
520.6,7.75,7.75,7.75007725496764,7.74996875327691,6.9341830935473,7.75238038789198,15.5001545099353,15.4999375065538,16.3624136857999,11.8035202236169
520.7,7.75,7.75,7.75007719506558,7.7499687647161,6.93418235404333,7.75238080948817,15.5001543901312,15.4999375294322,16.3624225664259,11.803515601819
520.8,7.75,7.75,7.7500771352115,7.74996877615994,6.93418161505206,7.75238123089008,15.500154270423,15.4999375523199,16.3624314409148,11.8035109821784
520.9,7.75,7.75,7.75007707541569,7.7499687876094,6.93418087668346,7.7523816520559,15.5001541508314,15.4999375752188,16.3624403079504,11.8035063651594
521,7.75,7.75,7.75007701567339,7.749968799064,6.93418013888687,7.75238207300466,15.5001540313468,15.499937598128,16.3624491681388,11.8035017505507
521.1,7.75,7.75,7.75007695597893,7.74996881052318,6.93417940160162,7.75238249375928,15.5001539119579,15.4999376210464,16.3624580222065,11.8034971380977
521.2,7.75,7.75,7.75007689633226,7.74996882198693,6.93417866482736,7.75238291431977,15.5001537926645,15.4999376439739,16.3624668701574,11.8034925278002
521.3,7.75,7.75,7.75007683673335,7.74996883345522,6.93417792856375,7.75238333468618,15.5001536734667,15.4999376669104,16.3624757119957,11.8034879196577
521.4,7.75,7.75,7.75007677719243,7.74996884492903,6.93417719292031,7.75238375481671,15.5001535543849,15.4999376898581,16.3624845464104,11.8034833141341
521.5,7.75,7.75,7.75007671770477,7.74996885640787,6.93417645784659,7.75238417473039,15.5001534354095,15.4999377128157,16.3624933740053,11.8034787110181
521.6,7.75,7.75,7.75007665826472,7.7499688678912,6.93417572328216,7.7523845944501,15.5001533165294,15.4999377357824,16.3625021955037,11.8034741100557
521.7,7.75,7.75,7.75007659887224,7.749968879379,6.93417498922667,7.75238501397588,15.5001531977445,15.499937758758,16.3625110109099,11.8034695112464
521.8,7.75,7.75,7.75007653952728,7.74996889087126,6.93417425567979,7.75238543330776,15.5001530790546,15.4999377817425,16.3625198202277,11.8034649145898
521.9,7.75,7.75,7.75007648024004,7.74996890236892,6.93417352275059,7.75238585240398,15.5001529604801,15.4999378047378,16.3625286221515,11.8034603205494
522,7.75,7.75,7.75007642100581,7.74996891387151,6.93417279038883,7.75238627128356,15.5001528420116,15.499937827743,16.3625374172827,11.8034557289141
522.1,7.75,7.75,7.75007636181896,7.74996892537849,6.93417205853432,7.75238668996936,15.5001527236379,15.499937850757,16.3625462063418,11.8034511394299
522.2,7.75,7.75,7.75007630267946,7.74996893688986,6.93417132718672,7.75238710846141,15.5001526053589,15.4999378737797,16.3625549893328,11.8034465520966
522.3,7.75,7.75,7.75007624358725,7.74996894840559,6.93417059634569,7.75238752675974,15.5001524871745,15.4999378968112,16.3625637662597,11.8034419669137
522.4,7.75,7.75,7.75007618455249,7.74996895992661,6.93416986611986,7.75238794482265,15.500152369105,15.4999379198532,16.3625725358221,11.8034373843442
522.5,7.75,7.75,7.75007612557049,7.74996897145246,6.93416913645921,7.75238836266912,15.500152251141,15.4999379429049,16.3625812986189,11.8034328041771
522.6,7.75,7.75,7.75007606663564,7.74996898298261,6.93416840730378,7.75238878032199,15.5001521332713,15.4999379659652,16.3625900553678,11.8034282261589
522.7,7.75,7.75,7.75007600774791,7.74996899451705,6.93416767865322,7.75238919778131,15.5001520154958,15.4999379890341,16.3625988060728,11.8034236502892
522.8,7.75,7.75,7.75007594890726,7.74996900605577,6.9341669505072,7.75238961504709,15.5001518978145,15.4999380121115,16.3626075507379,11.8034190765676
522.9,7.75,7.75,7.75007589012377,7.74996901759966,6.93416622297393,7.75239003207769,15.5001517802475,15.4999380351993,16.3626162880678,11.8034145054564
523,7.75,7.75,7.7500758313928,7.74996902914829,6.93416549600358,7.75239044889206,15.5001516627856,15.4999380582966,16.3626250186589,11.8034099367451
523.1,7.75,7.75,7.75007577270875,7.74996904070112,6.93416476953642,7.75239086551302,15.5001515454175,15.4999380814022,16.3626337432263,11.8034053701803
523.2,7.75,7.75,7.7500757140716,7.74996905225816,6.93416404357211,7.75239128194062,15.5001514281432,15.4999381045163,16.3626424617738,11.8034008057617
523.3,7.75,7.75,7.75007565548131,7.74996906381938,6.93416331811034,7.75239169817487,15.5001513109626,15.4999381276388,16.3626511743054,11.8033962434888
523.4,7.75,7.75,7.75007559694792,7.74996907538567,6.93416259325885,7.75239211417417,15.5001511938958,15.4999381507713,16.362659879531,11.8033916838234
523.5,7.75,7.75,7.75007553846678,7.74996908695658,6.93416186896803,7.75239252995746,15.5001510769336,15.4999381739132,16.3626685780447,11.8033871265553
523.6,7.75,7.75,7.75007548003235,7.74996909853162,6.93416114517839,7.75239294554753,15.5001509600647,15.4999381970632,16.3626772705586,11.8033825714314
523.7,7.75,7.75,7.75007542164459,7.74996911011077,6.9341604218896,7.75239336094443,15.5001508432892,15.4999382202215,16.3626859570766,11.8033780184511
523.8,7.75,7.75,7.75007536330347,7.74996912169402,6.93415969910132,7.75239377614818,15.5001507266069,15.499938243388,16.3626946376026,11.8033734676143
523.9,7.75,7.75,7.75007530501898,7.74996913328222,6.9341589769209,7.75239419111722,15.500150610038,15.4999382665644,16.3627033108517,11.803368919382
524,7.75,7.75,7.7500752467865,7.74996914487495,6.9341582552989,7.75239460587045,15.500150493573,15.4999382897499,16.3627119774156,11.8033643735444
524.1,7.75,7.75,7.7500751886005,7.74996915647172,6.93415753417608,7.75239502043067,15.500150377201,15.4999383129434,16.3627206380034,11.8033598298484
524.2,7.75,7.75,7.75007513046096,7.74996916807251,6.9341568135521,7.75239543479791,15.5001502609219,15.499938336145,16.3627292926192,11.8033552882938
524.3,7.75,7.75,7.75007507236782,7.74996917967731,6.93415609342664,7.7523958489722,15.5001501447356,15.4999383593546,16.362737941267,11.8033507488802
524.4,7.75,7.75,7.75007501433105,7.74996919128695,6.93415537390661,7.75239626291201,15.5001500286621,15.4999383825739,16.3627465826667,11.8033462120682
524.5,7.75,7.75,7.75007495634604,7.74996920290102,6.93415465494277,7.75239667663624,15.5001499126921,15.499938405802,16.3627552174077,11.8033416776481
524.6,7.75,7.75,7.7500748984073,7.74996921451905,6.93415393647611,7.75239709016766,15.5001497968146,15.4999384290381,16.3627638461965,11.8033371453673
524.7,7.75,7.75,7.75007484051479,7.749969226141,6.9341532185063,7.75239750350629,15.5001496810296,15.499938452282,16.362772469037,11.8033326152255
524.8,7.75,7.75,7.75007478266848,7.74996923776688,6.93415250103302,7.75239791665217,15.500149565337,15.4999384755338,16.3627810859332,11.8033280872221
524.9,7.75,7.75,7.75007472487825,7.7499692493975,6.93415178416275,7.75239832956381,15.5001494497565,15.499938498795,16.3627896956101,11.8033235618174
525,7.75,7.75,7.75007466713955,7.74996926103245,6.93415106784645,7.75239874226009,15.5001493342791,15.4999385220649,16.3627982986548,11.8033190388019
525.1,7.75,7.75,7.7500746094469,7.74996927267126,6.93415035202534,7.75239915476376,15.5001492188938,15.4999385453425,16.3628068957709,11.8033145179232
525.2,7.75,7.75,7.75007455180025,7.74996928431392,6.93414963669911,7.75239956707485,15.5001491036005,15.4999385686278,16.3628154869624,11.803309999181
525.3,7.75,7.75,7.75007449419958,7.74996929596041,6.93414892186742,7.75239997919338,15.5001489883992,15.4999385919208,16.3628240722331,11.8033054825748
525.4,7.75,7.75,7.75007443665474,7.74996930761153,6.93414820763633,7.75240039107791,15.5001488733095,15.4999386152231,16.3628326503132,11.8033009685644
525.5,7.75,7.75,7.75007437916117,7.7499693192669,6.934147493957,7.75240080274732,15.5001487583223,15.4999386385338,16.3628412217875,11.8032964569404
525.6,7.75,7.75,7.75007432171344,7.74996933092604,6.93414678077088,7.75240121422432,15.5001486434269,15.4999386618521,16.3628497873567,11.8032919474507
525.7,7.75,7.75,7.75007426431149,7.74996934258893,6.93414606807767,7.75240162550894,15.500148528623,15.4999386851779,16.3628583470248,11.803287440095
525.8,7.75,7.75,7.75007420695531,7.74996935425557,6.93414535587703,7.7524020366012,15.5001484139106,15.4999387085111,16.3628669007957,11.8032829348728
525.9,7.75,7.75,7.75007414965468,7.74996936592675,6.93414464427459,7.75240244745972,15.5001482993094,15.4999387318535,16.3628754474045,11.8032784322434
526,7.75,7.75,7.75007409240509,7.74996937760206,6.9341439332217,7.75240285810334,15.5001481848102,15.4999387552041,16.3628839874337,11.8032739319975
526.1,7.75,7.75,7.75007403520112,7.74996938928106,6.93414322266007,7.75240326855475,15.5001480704022,15.4999387785621,16.3628925215813,11.8032694338835
526.2,7.75,7.75,7.75007397804272,7.74996940096374,6.93414251258937,7.75240367881398,15.5001479560854,15.4999388019275,16.3629010498512,11.803264937901
526.3,7.75,7.75,7.75007392092986,7.74996941265008,6.93414180300928,7.75240408888107,15.5001478418597,15.4999388253002,16.3629095722472,11.8032604440496
526.4,7.75,7.75,7.7500738638723,7.74996942434084,6.934141094025,7.75240449871466,15.5001477277446,15.4999388486817,16.3629180875097,11.8032559527878
526.5,7.75,7.75,7.75007380686554,7.74996943603565,6.93414038558809,7.75240490833358,15.5001476137311,15.4999388720713,16.3629265962186,11.8032514639068
526.6,7.75,7.75,7.75007374990417,7.74996944773406,6.93413967764048,7.7524053177605,15.5001474998083,15.4999388954681,16.3629350990693,11.8032469771551
526.7,7.75,7.75,7.75007369298816,7.74996945943607,6.93413897018183,7.75240572699544,15.5001473859763,15.4999389188721,16.3629435960655,11.8032424925324
526.8,7.75,7.75,7.75007363611748,7.74996947114164,6.93413826321184,7.75240613603846,15.500147272235,15.4999389422833,16.3629520872112,11.8032380100382
526.9,7.75,7.75,7.75007357930184,7.74996948285154,6.93413755683529,7.75240654484823,15.5001471586037,15.4999389657031,16.3629605712516,11.8032335301307
527,7.75,7.75,7.75007352253674,7.7499694945654,6.93413685100392,7.75240695344356,15.5001470450735,15.4999389891308,16.3629690487645,11.803229052601
527.1,7.75,7.75,7.75007346581683,7.74996950628277,6.93413614565991,7.7524073618471,15.5001469316337,15.4999390125655,16.3629775204424,11.8032245771982
527.2,7.75,7.75,7.75007340914207,7.74996951800365,6.93413544080291,7.75240777005887,15.5001468182841,15.4999390360073,16.362985986289,11.8032201039217
527.3,7.75,7.75,7.75007335251242,7.74996952972802,6.93413473643262,7.75240817807893,15.5001467050248,15.499939059456,16.3629944463083,11.8032156327712
527.4,7.75,7.75,7.75007329593755,7.74996954145661,6.9341340326534,7.75240858586599,15.5001465918751,15.4999390829132,16.3630028992505,11.8032111642043
527.5,7.75,7.75,7.75007323941299,7.74996955318906,6.9341333294172,7.75240899343885,15.500146478826,15.4999391063781,16.363011345691,11.8032066980123
527.6,7.75,7.75,7.7500731829334,7.74996956492494,6.9341326266664,7.75240940082012,15.5001463658668,15.4999391298499,16.3630197863197,11.8032022339447
527.7,7.75,7.75,7.75007312649875,7.74996957666425,6.93413192440069,7.75240980800985,15.5001462529975,15.4999391533285,16.3630282211402,11.8031977720008
527.8,7.75,7.75,7.75007307010899,7.74996958840696,6.93413122261973,7.75241021500807,15.500146140218,15.4999391768139,16.3630366501565,11.8031933121804
527.9,7.75,7.75,7.75007301377375,7.7499696001538,6.93413052142751,7.75241062177355,15.5001460275475,15.4999392003076,16.3630450721237,11.8031888549403
528,7.75,7.75,7.75007295748859,7.7499696119044,6.93412982077613,7.75241102832508,15.5001459149772,15.4999392238088,16.363053487615,11.8031844000724
528.1,7.75,7.75,7.75007290124818,7.74996962365835,6.93412912060823,7.75241143468523,15.5001458024964,15.4999392473167,16.3630618973175,11.8031799473262
528.2,7.75,7.75,7.7500728450525,7.74996963541564,6.93412842092348,7.75241184085404,15.500145690105,15.4999392708313,16.3630703012349,11.8031754967012
528.3,7.75,7.75,7.7500727889015,7.74996964717626,6.93412772172156,7.75241224683156,15.500145577803,15.4999392943525,16.363078699371,11.803171048197
528.4,7.75,7.75,7.75007273280476,7.7499696589409,6.93412702310602,7.7524126525766,15.5001454656095,15.4999393178818,16.3630870904859,11.80316660227
528.5,7.75,7.75,7.75007267675787,7.74996967070921,6.93412632502919,7.75241305810793,15.5001453535157,15.4999393414184,16.3630954751506,11.8031621587122
528.6,7.75,7.75,7.75007262075551,7.74996968248079,6.9341256274339,7.7524134634481,15.500145241511,15.4999393649616,16.3631038540494,11.8031577172735
528.7,7.75,7.75,7.75007256479767,7.74996969425564,6.93412493031984,7.75241386859715,15.5001451295953,15.4999393885113,16.363112227186,11.8031532779535
528.8,7.75,7.75,7.75007250888431,7.74996970603372,6.93412423368669,7.75241427355511,15.5001450177686,15.4999394120674,16.3631205945642,11.8031488407516
528.9,7.75,7.75,7.75007245302495,7.74996971781573,6.93412353763759,7.75241467828087,15.5001449060499,15.4999394356315,16.3631289549491,11.8031444061238
529,7.75,7.75,7.75007239721519,7.74996972960131,6.93412284212505,7.75241508279315,15.5001447944304,15.4999394592026,16.3631373089092,11.8031399738623
529.1,7.75,7.75,7.75007234144977,7.74996974139009,6.93412214709213,7.7524154871145,15.5001446828995,15.4999394827802,16.3631456571263,11.8031355437172
529.2,7.75,7.75,7.75007228572865,7.74996975318205,6.93412145253854,7.75241589124494,15.5001445714573,15.4999395063641,16.3631539996039,11.803131115688
529.3,7.75,7.75,7.7500722300518,7.74996976497716,6.93412075846394,7.75241629518452,15.5001444601036,15.4999395299543,16.363162336346,11.8031266897745
529.4,7.75,7.75,7.75007217442869,7.7499697767761,6.93412006497107,7.75241669889215,15.5001443488574,15.4999395535522,16.3631706661224,11.8031222664317
529.5,7.75,7.75,7.75007211885496,7.74996978857853,6.93411937201262,7.75241710238655,15.5001442377099,15.4999395771571,16.3631789894995,11.8031178454524
529.6,7.75,7.75,7.75007206332535,7.74996980038408,6.9341186795319,7.75241750569024,15.5001441266507,15.4999396007682,16.3631873071563,11.8031134265867
529.7,7.75,7.75,7.75007200783983,7.74996981219271,6.93411798752858,7.75241790880324,15.5001440156797,15.4999396243854,16.3631956190963,11.8031090098345
529.8,7.75,7.75,7.75007195239838,7.74996982400443,6.93411729600237,7.7524183117256,15.5001439047968,15.4999396480089,16.3632039253235,11.8031045951951
529.9,7.75,7.75,7.75007189701041,7.74996983581988,6.93411660505556,7.75241871441628,15.5001437940208,15.4999396716398,16.3632122246125,11.8031001831233
530,7.75,7.75,7.75007184167159,7.74996984763872,6.93411591464106,7.75241911689398,15.5001436833432,15.4999396952774,16.3632205175276,11.8030957734118
530.1,7.75,7.75,7.75007178637668,7.7499698594606,6.93411522470238,7.75241951918119,15.5001435727534,15.4999397189212,16.3632288047448,11.8030913658115
530.2,7.75,7.75,7.75007173112566,7.74996987128549,6.93411453523921,7.75241992127793,15.5001434622513,15.499939742571,16.3632370862681,11.8030869603218
530.3,7.75,7.75,7.75007167591849,7.74996988311339,6.93411384625124,7.75242032318426,15.500143351837,15.4999397662268,16.363245362101,11.8030825569424
530.4,7.75,7.75,7.75007162076456,7.74996989494491,6.93411315784039,7.75242072485918,15.5001432415291,15.4999397898898,16.3632536310232,11.8030781561272
530.5,7.75,7.75,7.75007156565953,7.74996990677975,6.93411246995972,7.75242112632136,15.5001431313191,15.4999398135595,16.3632618935967,11.8030737576694
530.6,7.75,7.75,7.75007151059822,7.74996991861754,6.93411178255298,7.75242152759328,15.5001430211964,15.4999398372351,16.3632701504948,11.8030693613201
530.7,7.75,7.75,7.75007145558059,7.74996993045827,6.93411109561987,7.75242192867496,15.5001429111612,15.4999398609165,16.3632784017215,11.8030649670786
530.8,7.75,7.75,7.7500714006066,7.74996994230192,6.93411040916007,7.75242232956643,15.5001428012132,15.4999398846038,16.3632866472803,11.8030605749447
530.9,7.75,7.75,7.7500713456856,7.7499699541491,6.93410972327509,7.75242273022679,15.5001426913712,15.4999399082982,16.3632948859557,11.8030561853719
531,7.75,7.75,7.75007129081327,7.74996996599951,6.93410903791819,7.75242313067466,15.5001425816265,15.499939931999,16.3633031183075,11.8030517981533
531.1,7.75,7.75,7.75007123598446,7.74996997785279,6.93410835303335,7.75242353093248,15.5001424719689,15.4999399557056,16.3633113450064,11.8030474130405
531.2,7.75,7.75,7.75007118119911,7.74996998970893,6.93410766862025,7.7524239310003,15.5001423623982,15.4999399794179,16.3633195660561,11.8030430300329
531.3,7.75,7.75,7.7500711264572,7.74997000156792,6.93410698467858,7.75242433087814,15.5001422529144,15.4999400031358,16.3633277814605,11.8030386491301
531.4,7.75,7.75,7.75007107176804,7.74997001343034,6.93410630130945,7.75242473052513,15.5001421435361,15.4999400268607,16.3633359900086,11.8030342707851
531.5,7.75,7.75,7.75007101712732,7.7499700252959,6.9341056184663,7.75242512995989,15.5001420342546,15.4999400505918,16.3633441922581,11.8030298947913
531.6,7.75,7.75,7.7500709625299,7.74997003716426,6.93410493609334,7.75242552920484,15.5001419250598,15.4999400743285,16.363352388877,11.8030255209004
531.7,7.75,7.75,7.75007090797575,7.7499700490354,6.93410425419025,7.75242592826,15.5001418159515,15.4999400980708,16.3633605798691,11.8030211491121
531.8,7.75,7.75,7.75007085346483,7.7499700609093,6.93410357275672,7.75242632712542,15.5001417069297,15.4999401218186,16.363368765238,11.8030167794258
531.9,7.75,7.75,7.75007079900641,7.74997007278655,6.93410289189346,7.75242672576027,15.5001415980128,15.4999401455731,16.3633769437778,11.8030124122939
532,7.75,7.75,7.7500707445962,7.74997008466686,6.93410221155409,7.75242712418314,15.5001414891924,15.4999401693337,16.3633851160438,11.8030080475103
532.1,7.75,7.75,7.75007069022909,7.74997009654988,6.93410153168304,7.75242752241643,15.5001413804582,15.4999401930998,16.3633932827015,11.8030036848268
532.2,7.75,7.75,7.75007063590505,7.74997010843561,6.93410085228,7.75242792046016,15.5001412718101,15.4999402168712,16.3634014437545,11.8029993242431
532.3,7.75,7.75,7.75007058162403,7.74997012032402,6.93410017334466,7.75242831831439,15.5001411632481,15.499940240648,16.3634095992067,11.8029949657587
532.4,7.75,7.75,7.75007052739526,7.74997013221569,6.93409949497732,7.75242871593832,15.5001410547905,15.4999402644314,16.3634177478566,11.8029906098253
532.5,7.75,7.75,7.75007047321449,7.74997014411033,6.9340988171318,7.75242911335053,15.500140946429,15.4999402882207,16.3634258902575,11.802986256237
532.6,7.75,7.75,7.75007041907661,7.7499701560076,6.93409813975275,7.75242951057339,15.5001408381532,15.4999403120152,16.3634340270722,11.8029819047461
532.7,7.75,7.75,7.75007036498158,7.74997016790751,6.93409746283984,7.75242990760693,15.5001407299632,15.499940335815,16.3634421583043,11.8029775553522
532.8,7.75,7.75,7.75007031092939,7.74997017981003,6.93409678639278,7.7524303044512,15.5001406218588,15.4999403596201,16.3634502839577,11.8029732080549
532.9,7.75,7.75,7.7500702569292,7.74997019171571,6.93409611051148,7.75243070106545,15.5001405138584,15.4999403834314,16.3634584028356,11.8029688633052
533,7.75,7.75,7.75007020297677,7.74997020362427,6.93409543514993,7.75243109746825,15.5001404059535,15.4999404072485,16.3634665154892,11.8029645208974
533.1,7.75,7.75,7.75007014906704,7.7499702155354,6.93409476025298,7.75243149368193,15.5001402981341,15.4999404310708,16.3634746225786,11.8029601805844
533.2,7.75,7.75,7.75007009519996,7.74997022744907,6.93409408582035,7.75243188970652,15.5001401903999,15.4999404548981,16.3634827241075,11.8029558423655
533.3,7.75,7.75,7.75007004137552,7.74997023936529,6.93409341185171,7.75243228554207,15.500140082751,15.4999404787306,16.3634908200796,11.8029515062403
533.4,7.75,7.75,7.75006998760283,7.74997025128458,6.93409273844659,7.75243268114789,15.5001399752057,15.4999405025692,16.363498909303,11.8029471726593
533.5,7.75,7.75,7.75006993387768,7.74997026320667,6.93409206555916,7.75243307654252,15.5001398677554,15.4999405264133,16.3635069923266,11.8029428414172
533.6,7.75,7.75,7.75006988019502,7.74997027513124,6.9340913931345,7.75243347174827,15.50013976039,15.4999405502625,16.3635150698079,11.802938512267
533.7,7.75,7.75,7.75006982655482,7.7499702870583,6.93409072117231,7.75243386676517,15.5001396531096,15.4999405741166,16.3635231417507,11.8029341852081
533.8,7.75,7.75,7.75006977295705,7.74997029898782,6.93409004967228,7.75243426159326,15.5001395459141,15.4999405979756,16.3635312081585,11.8029298602401
533.9,7.75,7.75,7.75006971941079,7.74997031092031,6.93408937873354,7.75243465619191,15.5001394388216,15.4999406218406,16.3635392678442,11.8029255378129
534,7.75,7.75,7.75006966591185,7.74997032285552,6.93408870831043,7.75243505057964,15.5001393318237,15.499940645711,16.3635473213546,11.8029212177214
534.1,7.75,7.75,7.7500696124552,7.74997033479315,6.93408803834826,7.75243544477872,15.5001392249104,15.4999406695863,16.3635553693445,11.8029168997189
534.2,7.75,7.75,7.75006955904081,7.74997034673318,6.93408736884673,7.75243583878919,15.5001391180816,15.4999406934664,16.3635634118177,11.8029125838049
534.3,7.75,7.75,7.75006950566864,7.74997035867561,6.93408669980553,7.75243623261109,15.5001390113373,15.4999407173512,16.3635714487777,11.802908269979
534.4,7.75,7.75,7.75006945234775,7.74997037062092,6.9340860313234,7.75243662620383,15.5001389046955,15.4999407412418,16.3635794790422,11.8029039586905
534.5,7.75,7.75,7.75006939907396,7.74997038256886,6.93408536335486,7.75243701958593,15.5001387981479,15.4999407651377,16.3635875031556,11.8028996497345
534.6,7.75,7.75,7.75006934584226,7.74997039451915,6.93408469584543,7.75243741277961,15.5001386916845,15.4999407890383,16.3635955217703,11.8028953428646
534.7,7.75,7.75,7.75006929265262,7.74997040647176,6.93408402879483,7.75243780578493,15.5001385853052,15.4999408129435,16.36360353489,11.8028910380804
534.8,7.75,7.75,7.750069239505,7.74997041842669,6.93408336220273,7.75243819860192,15.50013847901,15.4999408368534,16.3636115425182,11.8028867353814
534.9,7.75,7.75,7.75006918640842,7.74997043038443,6.93408269616748,7.75243859119004,15.5001383728168,15.4999408607689,16.3636195434773,11.8028824352163
535,7.75,7.75,7.75006913335872,7.74997044234471,6.9340820306438,7.75243898356778,15.5001382667174,15.4999408846894,16.3636275383094,11.8028781373805
535.1,7.75,7.75,7.75006908035091,7.74997045430726,6.93408136557742,7.75243937575735,15.5001381607018,15.4999409086145,16.3636355276646,11.802873841628
535.2,7.75,7.75,7.75006902738496,7.74997046627208,6.93408070096804,7.75243976775879,15.5001380547699,15.4999409325442,16.3636435115463,11.8028695479583
535.3,7.75,7.75,7.75006897446084,7.74997047823913,6.93408003681536,7.75244015957215,15.5001379489217,15.4999409564783,16.3636514899583,11.8028652563709
535.4,7.75,7.75,7.75006892158752,7.7499704902089,6.93407937321732,7.75244055115694,15.500137843175,15.4999409804178,16.3636594617273,11.802860967314
535.5,7.75,7.75,7.75006886876085,7.74997050218113,6.93407871012883,7.75244094253162,15.5001377375217,15.4999410043623,16.3636674273934,11.8028566805831
535.6,7.75,7.75,7.75006881597588,7.74997051415557,6.93407804749583,7.75244133371837,15.5001376319518,15.4999410283111,16.3636753876042,11.8028523959326
535.7,7.75,7.75,7.75006876323258,7.74997052613219,6.93407738531802,7.75244172471723,15.5001375264652,15.4999410522644,16.3636833423631,11.802848113362
535.8,7.75,7.75,7.75006871053091,7.74997053811098,6.93407672359511,7.75244211552825,15.5001374210618,15.499941076222,16.3636912916737,11.8028438328709
535.9,7.75,7.75,7.7500686578798,7.7499705500924,6.93407606242465,7.75244250611101,15.5001373157596,15.4999411001848,16.3636992343674,11.8028395549067
536,7.75,7.75,7.75006860527512,7.7499705620762,6.93407540176172,7.75244289648392,15.5001372105502,15.4999411241524,16.3637071709824,11.8028352792653
536.1,7.75,7.75,7.75006855271194,7.74997057406213,6.93407474155248,7.75244328666915,15.5001371054239,15.4999411481243,16.3637151021634,11.8028310057014
536.2,7.75,7.75,7.75006850019024,7.74997058605018,6.93407408179664,7.75244367666675,15.5001370003805,15.4999411721004,16.363723027914,11.8028267342145
536.3,7.75,7.75,7.75006844770998,7.74997059804033,6.93407342249388,7.75244406647674,15.50013689542,15.4999411960807,16.3637309482377,11.8028224648041
536.4,7.75,7.75,7.75006839528003,7.74997061003301,6.93407276374141,7.75244445605877,15.5001367905601,15.499941220066,16.3637388619706,11.8028181979171
536.5,7.75,7.75,7.75006834289631,7.74997062202801,6.93407210549446,7.75244484543123,15.5001366857926,15.499941244056,16.3637467696486,11.8028139333497
536.6,7.75,7.75,7.75006829055389,7.74997063402505,6.93407144769941,7.75244523461625,15.5001365811078,15.4999412680501,16.3637546719139,11.8028096708568
536.7,7.75,7.75,7.75006823825275,7.74997064602415,6.93407079035596,7.75244562361388,15.5001364765055,15.4999412920483,16.3637625687702,11.8028054104381
536.8,7.75,7.75,7.75006818599285,7.74997065802527,6.93407013346381,7.75244601242416,15.5001363719857,15.4999413160505,16.363770460221,11.8028011520929
536.9,7.75,7.75,7.75006813378304,7.74997067002885,6.93406947711977,7.75244640100678,15.5001362675661,15.4999413400577,16.3637783451069,11.8027968962675
537,7.75,7.75,7.75006808161922,7.74997068203465,6.93406882127926,7.7524467893801,15.5001361632384,15.4999413640693,16.3637862239616,11.8027926427585
537.1,7.75,7.75,7.75006802949652,7.74997069404245,6.93406816588886,7.75244717756624,15.500136058993,15.4999413880849,16.363794097425,11.802788391321
537.2,7.75,7.75,7.75006797741491,7.74997070605221,6.93406751094828,7.75244756556523,15.5001359548298,15.4999414121044,16.3638019655006,11.8027841419548
537.3,7.75,7.75,7.75006792537435,7.74997071806394,6.93406685645722,7.75244795337712,15.5001358507487,15.4999414361279,16.3638098281919,11.8027798946592
537.4,7.75,7.75,7.75006787338364,7.74997073007803,6.93406620251211,7.75244834096164,15.5001357467673,15.4999414601561,16.3638176843441,11.8027756498797
537.5,7.75,7.75,7.75006782143871,7.74997074209427,6.93406554906853,7.75244872833716,15.5001356428774,15.4999414841885,16.3638255344889,11.8027714074133
537.6,7.75,7.75,7.7500677695347,7.74997075411243,6.93406489607329,7.75244911552574,15.5001355390694,15.4999415082249,16.3638333792635,11.8027671670156
537.7,7.75,7.75,7.75006771767159,7.7499707661325,6.9340642435261,7.75244950252743,15.5001354353432,15.499941532265,16.3638412186714,11.802762928686
537.8,7.75,7.75,7.75006766584934,7.74997077815445,6.93406359142666,7.75244988934226,15.5001353316987,15.4999415563089,16.3638490527162,11.8027586924242
537.9,7.75,7.75,7.75006761407669,7.74997079017869,6.934062939871,7.75245027593003,15.5001352281534,15.4999415803574,16.3638568802475,11.802754458675
538,7.75,7.75,7.75006756234963,7.74997080220501,6.9340622888149,7.75245066230908,15.5001351246993,15.49994160441,16.363864701795,11.8027502272354
538.1,7.75,7.75,7.75006751066329,7.74997081423317,6.93406163820537,7.75245104850145,15.5001350213266,15.4999416284663,16.3638725179934,11.8027459978616
538.2,7.75,7.75,7.75006745901765,7.74997082626316,6.93406098804213,7.75245143450717,15.5001349180353,15.4999416525263,16.3638803288463,11.802741770553
538.3,7.75,7.75,7.75006740741269,7.74997083829498,6.93406033832486,7.75245182032629,15.5001348148254,15.49994167659,16.363888134357,11.8027375453091
538.4,7.75,7.75,7.7500673558571,7.749970850329,6.93405968914923,7.75245220591865,15.5001347117142,15.499941700658,16.3638959333799,11.8027333225741
538.5,7.75,7.75,7.75006730434687,7.74997086236501,6.9340590404712,7.75245259130257,15.5001346086937,15.49994172473,16.3639037264424,11.8027291021456
538.6,7.75,7.75,7.75006725287718,7.74997087440281,6.93405839223798,7.75245297650006,15.5001345057544,15.4999417488056,16.3639115141768,11.8027248837797
538.7,7.75,7.75,7.75006720144801,7.74997088644237,6.93405774444927,7.75245336151117,15.500134402896,15.4999417728847,16.3639192965866,11.8027206674761
538.8,7.75,7.75,7.75006715005931,7.74997089848369,6.9340570971048,7.75245374633592,15.5001343001186,15.4999417969674,16.3639270736753,11.8027164532342
538.9,7.75,7.75,7.75006709871976,7.74997091052712,6.93405645029982,7.75245413093423,15.5001341974395,15.4999418210542,16.3639348443016,11.8027122414977
539,7.75,7.75,7.75006704742536,7.74997092257247,6.93405580399047,7.75245451532438,15.5001340948507,15.4999418451449,16.3639426089909,11.8027080320641
539.1,7.75,7.75,7.75006699617131,7.74997093461954,6.93405515812419,7.75245489952836,15.5001339923426,15.4999418692391,16.3639503683729,11.8027038246903
539.2,7.75,7.75,7.75006694495758,7.7499709466683,6.93405451270067,7.7524552835462,15.5001338899152,15.4999418933366,16.3639581224513,11.8026996193757
539.3,7.75,7.75,7.75006689378413,7.74997095871876,6.93405386771962,7.75245566737795,15.5001337875683,15.4999419174375,16.3639658712294,11.8026954161198
539.4,7.75,7.75,7.75006684265961,7.74997097077124,6.93405322327596,7.75245605098358,15.5001336853192,15.4999419415425,16.3639736135704,11.8026912153655
539.5,7.75,7.75,7.75006679158003,7.74997098282558,6.93405257932597,7.75245643438132,15.5001335831601,15.4999419656512,16.3639813499978,11.8026870169109
539.6,7.75,7.75,7.75006674054061,7.74997099488156,6.93405193581729,7.75245681759315,15.5001334810812,15.4999419897631,16.3639890811387,11.802682820513
539.7,7.75,7.75,7.75006668954132,7.74997100693917,6.93405129274964,7.7524572006191,15.5001333790826,15.4999420138783,16.3639968069967,11.8026786261713
539.8,7.75,7.75,7.75006663858212,7.7499710189984,6.93405065012272,7.75245758345922,15.5001332771642,15.4999420379968,16.3640045275752,11.8026744338853
539.9,7.75,7.75,7.75006658767163,7.74997103105958,6.93405000803106,7.75245796607352,15.5001331753433,15.4999420621192,16.3640122417419,11.8026702440973
540,7.75,7.75,7.75006653680585,7.74997104312254,6.93404936643113,7.75245834848023,15.5001330736117,15.4999420862451,16.364019950018,11.8026660566055
540.1,7.75,7.75,7.75006648598006,7.74997105518708,6.93404872527078,7.75245873070127,15.5001329719601,15.4999421103742,16.3640276530285,11.8026618711674
540.2,7.75,7.75,7.7500664351942,7.74997106725318,6.93404808454972,7.75245911273671,15.5001328703884,15.4999421345064,16.3640353507768,11.8026576877824
540.3,7.75,7.75,7.75006638444826,7.74997107932083,6.93404744426765,7.75245949458657,15.5001327688965,15.4999421586417,16.3640430432662,11.8026535064501
540.4,7.75,7.75,7.75006633375079,7.74997109139036,6.93404680451874,7.75245987621092,15.5001326675016,15.4999421827807,16.364050729369,11.8026493276121
540.5,7.75,7.75,7.75006628309783,7.74997110346159,6.93404616525962,7.75246025762798,15.5001325661957,15.4999422069232,16.3640584096043,11.8026451510669
540.6,7.75,7.75,7.75006623248466,7.74997111553433,6.93404552643836,7.75246063885964,15.5001324649693,15.4999422310687,16.3640660845945,11.8026409765723
540.7,7.75,7.75,7.75006618191125,7.74997112760857,6.93404488805465,7.75246101990594,15.5001323638225,15.4999422552171,16.3640737543432,11.8026368041278
540.8,7.75,7.75,7.75006613137756,7.7499711396843,6.9340442501082,7.75246140076692,15.5001322627551,15.4999422793686,16.3640814188536,11.8026326337329
540.9,7.75,7.75,7.75006608089212,7.74997115176182,6.93404361269282,7.75246178140272,15.5001321617842,15.4999423035236,16.3640890770023,11.8026284658286
541,7.75,7.75,7.75006603045098,7.74997116384097,6.93404297576531,7.75246216183152,15.500132060902,15.4999423276819,16.3640967293065,11.8026243002137
541.1,7.75,7.75,7.75006598004945,7.74997117592157,6.93404233927392,7.75246254207517,15.5001319600989,15.4999423518431,16.3641043763863,11.8026201366463
541.2,7.75,7.75,7.75006592968748,7.7499711880036,6.93404170321836,7.75246292213373,15.500131859375,15.4999423760072,16.3641120182449,11.802615975126
541.3,7.75,7.75,7.75006587936506,7.74997120008705,6.93404106759836,7.75246330200723,15.5001317587301,15.4999424001741,16.3641196548859,11.8026118156522
541.4,7.75,7.75,7.75006582909065,7.74997121217222,6.93404043250733,7.75246368165587,15.5001316581813,15.4999424243444,16.36412728519,11.8026076586652
541.5,7.75,7.75,7.75006577886035,7.74997122425894,6.93403979790224,7.7524640610978,15.5001315577207,15.4999424485179,16.3641349096726,11.8026035039641
541.6,7.75,7.75,7.75006572866946,7.74997123634705,6.93403916373157,7.75246444035485,15.5001314573389,15.4999424726941,16.3641425289511,11.8025993513076
541.7,7.75,7.75,7.75006567851796,7.74997124843652,6.93403852999501,7.75246481942707,15.5001313570359,15.499942496873,16.3641501430289,11.8025952006949
541.8,7.75,7.75,7.75006562840581,7.74997126052735,6.9340378966923,7.7524651983145,15.5001312568116,15.4999425210547,16.3641577519095,11.8025910521258
541.9,7.75,7.75,7.75006557834146,7.74997127261982,6.93403726391647,7.75246557697738,15.5001311566829,15.4999425452396,16.364165354478,11.8025869060396
542,7.75,7.75,7.750065528321,7.74997128471378,6.93403663162469,7.75246595543384,15.500131056642,15.4999425694276,16.3641729512478,11.802582762236
542.1,7.75,7.75,7.75006547833978,7.74997129680905,6.93403599976561,7.7524663337057,15.5001309566796,15.4999425936181,16.3641805428338,11.8025786204738
542.2,7.75,7.75,7.75006542839776,7.74997130890563,6.93403536833895,7.75246671179298,15.5001308567955,15.4999426178113,16.3641881292395,11.8025744807524
542.3,7.75,7.75,7.75006537849491,7.7499713210035,6.93403473734442,7.75246708969574,15.5001307569898,15.499942642007,16.3641957104683,11.8025703430713
542.4,7.75,7.75,7.75006532863964,7.74997133310293,6.9340341068747,7.75246746737428,15.5001306572793,15.4999426662059,16.3642032854097,11.8025662078695
542.5,7.75,7.75,7.75006527882805,7.74997134520378,6.93403347688713,7.7524678448467,15.5001305576561,15.4999426904076,16.364210854575,11.8025620749468
542.6,7.75,7.75,7.75006522905551,7.74997135730588,6.93403284733055,7.75246822213477,15.500130458111,15.4999427146118,16.3642184185769,11.8025579440623
542.7,7.75,7.75,7.750065179322,7.74997136940922,6.9340322182047,7.75246859923854,15.500130358644,15.4999427388184,16.3642259774187,11.8025538152155
542.8,7.75,7.75,7.75006512962747,7.74997138151379,6.93403158950928,7.75246897615805,15.5001302592549,15.4999427630276,16.3642335311038,11.802549688406
542.9,7.75,7.75,7.75006507998029,7.74997139361985,6.93403096133662,7.75246935285366,15.5001301599606,15.4999427872397,16.3642410785262,11.8025455640719
543,7.75,7.75,7.7500650303766,7.74997140572725,6.93403033364421,7.75246972934345,15.5001300607532,15.4999428114545,16.364248620195,11.8025414420134
543.1,7.75,7.75,7.75006498081178,7.74997141783584,6.9340297063811,7.75247010564916,15.5001299616236,15.4999428356717,16.3642561567205,11.80253732199
543.2,7.75,7.75,7.7500649312858,7.74997142994561,6.93402907954702,7.75247048177084,15.5001298625716,15.4999428598912,16.3642636881062,11.8025332040012
543.3,7.75,7.75,7.75006488179863,7.74997144205655,6.93402845314169,7.75247085770853,15.5001297635973,15.4999428841131,16.3642712143553,11.8025290880466
543.4,7.75,7.75,7.75006483235858,7.74997145416889,6.93402782725706,7.75247123342264,15.5001296647172,15.4999429083378,16.3642787343661,11.8025249745635
543.5,7.75,7.75,7.75006478296182,7.74997146628252,6.93402720185079,7.75247160893123,15.5001295659236,15.499942932565,16.3642862486458,11.8025208633526
543.6,7.75,7.75,7.75006473360374,7.74997147839726,6.93402657687215,7.75247198425601,15.5001294672075,15.4999429567945,16.3642937578024,11.8025167541736
543.7,7.75,7.75,7.75006468428433,7.74997149051313,6.93402595232085,7.75247235939703,15.5001293685687,15.4999429810263,16.3643012618392,11.802512647026
543.8,7.75,7.75,7.75006463500354,7.7499715026301,6.93402532819661,7.75247273435432,15.5001292700071,15.4999430052602,16.3643087607595,11.8025085419094
543.9,7.75,7.75,7.75006458576966,7.74997151474841,6.93402470459103,7.75247310908838,15.5001291715393,15.4999430294968,16.3643162534659,11.8025044392607
544,7.75,7.75,7.75006453657886,7.74997152686792,6.93402408146194,7.75247348361721,15.5001290731577,15.4999430537358,16.3643237404636,11.8025003388805
544.1,7.75,7.75,7.75006448742657,7.7499715389885,6.9340234587588,7.7524738579625,15.5001289748531,15.499943077977,16.3643312223581,11.8024962405291
544.2,7.75,7.75,7.75006443831276,7.74997155111013,6.93402283648132,7.7524742321243,15.5001288766255,15.4999431022203,16.3643386991528,11.802492144206
544.3,7.75,7.75,7.7500643892374,7.74997156323281,6.93402221462923,7.75247460610264,15.5001287784748,15.4999431264656,16.364346170851,11.8024880499106
544.4,7.75,7.75,7.75006434020872,7.74997157535674,6.93402159329376,7.75247497985807,15.5001286804174,15.4999431507135,16.3643536363595,11.8024839580793
544.5,7.75,7.75,7.75006429122293,7.74997158748182,6.93402097243292,7.75247535340859,15.5001285824459,15.4999431749636,16.3643610961817,11.802479868513
544.6,7.75,7.75,7.75006424227547,7.74997159960789,6.93402035199634,7.75247572677584,15.5001284845509,15.4999431992158,16.3643685509206,11.8024757809723
544.7,7.75,7.75,7.75006419336631,7.74997161173497,6.93401973198377,7.75247609995986,15.5001283867326,15.4999432234699,16.3643760005796,11.8024716954568
544.8,7.75,7.75,7.75006414449541,7.74997162386303,6.93401911239492,7.75247647296071,15.5001282889908,15.4999432477261,16.364383445162,11.8024676119658
544.9,7.75,7.75,7.75006409567099,7.74997163599227,6.93401849332066,7.75247684573897,15.500128191342,15.4999432719845,16.3643908835789,11.802463530935
545,7.75,7.75,7.75006404688925,7.74997164812258,6.93401787471917,7.75247721831262,15.5001280937785,15.4999432962452,16.3643983163315,11.8024594521656
545.1,7.75,7.75,7.75006399814566,7.74997166025384,6.93401725654029,7.75247759070328,15.5001279962913,15.4999433205077,16.3644057440208,11.8024553754187
545.2,7.75,7.75,7.7500639494402,7.74997167238603,6.93401663878374,7.75247796291098,15.5001278988804,15.4999433447721,16.36441316665,11.8024513006938
545.3,7.75,7.75,7.75006390077282,7.74997168451915,6.93401602144925,7.75247833493578,15.5001278015456,15.4999433690383,16.3644205842223,11.8024472279903
545.4,7.75,7.75,7.7500638521517,7.74997169665337,6.93401540462735,7.75247870673833,15.5001277043034,15.4999433933067,16.3644279956532,11.802443157743
545.5,7.75,7.75,7.75006380357307,7.7499717087886,6.93401478827635,7.75247907833657,15.5001276071461,15.4999434175772,16.364435401442,11.8024390897536
545.6,7.75,7.75,7.75006375503241,7.74997172092471,6.9340141723463,7.7524794497521,15.5001275100648,15.4999434418494,16.3644428021872,11.8024350237834
545.7,7.75,7.75,7.75006370652969,7.7499717330617,6.93401355683694,7.75247982098495,15.5001274130594,15.4999434661234,16.3644501978919,11.8024309598321
545.8,7.75,7.75,7.75006365806489,7.74997174519956,6.93401294174799,7.75248019203517,15.5001273161298,15.4999434903991,16.3644575885596,11.8024268978989
545.9,7.75,7.75,7.75006360964612,7.74997175733845,6.9340123271696,7.75248056286347,15.5001272192922,15.4999435146769,16.3644649731098,11.8024228384181
546,7.75,7.75,7.75006356126965,7.74997176947828,6.93401171306029,7.75248093348777,15.5001271225393,15.4999435389566,16.3644723520398,11.8024187811915
546.1,7.75,7.75,7.75006351293097,7.74997178161893,6.93401109937028,7.75248130392963,15.5001270258619,15.4999435632379,16.3644797259459,11.8024147259811
546.2,7.75,7.75,7.75006346463006,7.7499717937604,6.9340104860993,7.75248167418909,15.5001269292601,15.4999435875208,16.3644870948313,11.8024106727862
546.3,7.75,7.75,7.75006341636689,7.74997180590268,6.93400987324708,7.7524820442662,15.5001268327338,15.4999436118054,16.3644944586991,11.8024066216062
546.4,7.75,7.75,7.75006336814955,7.74997181804592,6.93400926090344,7.75248241412173,15.5001267362991,15.4999436360918,16.3645018164733,11.8024025728748
546.5,7.75,7.75,7.75006331997429,7.74997183019003,6.93400864902702,7.75248278377357,15.5001266399486,15.4999436603801,16.3645091686494,11.802398526394
546.6,7.75,7.75,7.75006327183666,7.74997184233491,6.93400803756827,7.75248315324324,15.5001265436733,15.4999436846698,16.364516515821,11.802394481926
546.7,7.75,7.75,7.75006322373662,7.74997185448055,6.93400742652691,7.75248352253079,15.5001264474732,15.4999437089611,16.3645238579914,11.8023904394704
546.8,7.75,7.75,7.75006317567415,7.74997186662693,6.93400681590267,7.75248389163626,15.5001263513483,15.4999437332539,16.3645311951639,11.8023863990265
546.9,7.75,7.75,7.75006312765728,7.74997187877421,6.93400620578502,7.7524842605205,15.5001262553146,15.4999437575484,16.3645385262665,11.8023823610272
547,7.75,7.75,7.75006307968232,7.7499718909223,6.93400559613277,7.75248462920135,15.5001261593646,15.4999437818446,16.3645458517927,11.8023783252749
547.1,7.75,7.75,7.7500630317448,7.74997190307109,6.93400498689654,7.75248499770032,15.5001260634896,15.4999438061422,16.364553172334,11.8023742915323
547.2,7.75,7.75,7.7500629838447,7.74997191522058,6.93400437807608,7.75248536601744,15.5001259676894,15.4999438304412,16.3645604878936,11.8023702597987
547.3,7.75,7.75,7.75006293598198,7.74997192737077,6.93400376967111,7.75248573415277,15.500125871964,15.4999438547415,16.3645677984747,11.8023662300737
547.4,7.75,7.75,7.75006288816467,7.74997193952177,6.93400316177074,7.75248610206719,15.5001257763293,15.4999438790435,16.3645751030096,11.8023622027892
547.5,7.75,7.75,7.75006284038906,7.74997195167352,6.93400255433395,7.75248646977855,15.5001256807781,15.499943903347,16.3645824019897,11.8023581777482
547.6,7.75,7.75,7.75006279265073,7.74997196382592,6.93400194731157,7.75248683730829,15.5001255853015,15.4999439276518,16.3645896960044,11.8023541547135
547.7,7.75,7.75,7.75006274494964,7.74997197597896,6.93400134070331,7.75248720465648,15.5001254898993,15.4999439519579,16.3645969850567,11.8023501336847
547.8,7.75,7.75,7.75006269728576,7.74997198813263,6.93400073450892,7.75248757182315,15.5001253945715,15.4999439762653,16.36460426915,11.8023461146611
547.9,7.75,7.75,7.75006264966708,7.74997200028706,6.93400012881717,7.75248793876926,15.5001252993342,15.4999440005741,16.3646115472206,11.8023420980742
548,7.75,7.75,7.7500626020899,7.74997201244216,6.93399952358718,7.75248830551261,15.5001252041798,15.4999440248843,16.364618819758,11.8023380837271
548.1,7.75,7.75,7.75006255454983,7.74997202459786,6.93399891876997,7.75248867207463,15.5001251090997,15.4999440491957,16.3646260873493,11.802334071383
548.2,7.75,7.75,7.75006250704682,7.74997203675415,6.93399831436528,7.75248903845538,15.5001250140936,15.4999440735083,16.3646333499976,11.8023300610416
548.3,7.75,7.75,7.75006245958086,7.74997204891101,6.93399771037283,7.75248940465489,15.5001249191617,15.499944097822,16.3646406077062,11.8023260527021
548.4,7.75,7.75,7.75006241215988,7.74997206106855,6.93399710688105,7.75248977063418,15.5001248243198,15.4999441221371,16.3646478594154,11.8023220467953
548.5,7.75,7.75,7.75006236478022,7.74997207322671,6.93399650384923,7.75249013641103,15.5001247295604,15.4999441464534,16.364655105613,11.8023180431247
548.6,7.75,7.75,7.75006231743749,7.74997208538541,6.93399590122858,7.75249050200684,15.500124634875,15.4999441707708,16.3646623468837,11.8023140414539
548.7,7.75,7.75,7.75006227013165,7.74997209754463,6.93399529901884,7.75249086742165,15.5001245402633,15.4999441950893,16.3646695832307,11.8023100417823
548.8,7.75,7.75,7.75006222286269,7.74997210970437,6.93399469721973,7.7524912326555,15.5001244457254,15.4999442194087,16.3646768146571,11.8023060441095
548.9,7.75,7.75,7.7500621756385,7.74997212186474,6.93399409591933,7.75249159766948,15.500124351277,15.4999442437295,16.3646840401075,11.8023020488654
549,7.75,7.75,7.75006212845543,7.74997213402565,6.93399349507709,7.75249196248134,15.5001242569109,15.4999442680513,16.3646912600678,11.8022980558538
549.1,7.75,7.75,7.75006208130913,7.74997214618704,6.93399289464443,7.75249232711244,15.5001241626183,15.4999442923741,16.3646984751203,11.8022940648386
549.2,7.75,7.75,7.75006203419955,7.74997215834891,6.93399229462106,7.75249269156282,15.5001240683991,15.4999443166978,16.3647056852682,11.8022900758195
549.3,7.75,7.75,7.75006198712667,7.74997217051124,6.93399169500672,7.75249305583253,15.5001239742533,15.4999443410225,16.3647128905146,11.8022860887959
549.4,7.75,7.75,7.75006194009836,7.74997218267412,6.93399109588914,7.75249341988271,15.5001238801967,15.4999443653482,16.3647200898083,11.8022821041969
549.5,7.75,7.75,7.75006189311098,7.74997219483749,6.93399049722794,7.75249378373109,15.500123786222,15.499944389675,16.3647272836333,11.8022781218267
549.6,7.75,7.75,7.75006184616019,7.74997220700128,6.93398989897471,7.752494147399,15.5001236923204,15.4999444140026,16.3647344725695,11.8022741414498
549.7,7.75,7.75,7.75006179924596,7.7499722191655,6.93398930112918,7.75249451088647,15.5001235984919,15.499944438331,16.3647416566201,11.8022701630655
549.8,7.75,7.75,7.75006175236826,7.74997223133012,6.93398870369108,7.75249487419356,15.5001235047365,15.4999444626602,16.3647488357884,11.8022661866734
549.9,7.75,7.75,7.75006170553492,7.74997224349522,6.93398810674781,7.75249523728146,15.5001234110698,15.4999444869904,16.364756009027,11.802262212702
550,7.75,7.75,7.75006165874232,7.74997225566075,6.93398751025913,7.75249560016788,15.5001233174846,15.4999445113215,16.3647631768182,11.8022582409556
550.1,7.75,7.75,7.75006161198614,7.74997226782665,6.93398691417682,7.75249596287411,15.5001232239723,15.4999445356533,16.3647703397396,11.8022542711992
550.2,7.75,7.75,7.75006156526635,7.74997227999292,6.93398631850063,7.7524963254002,15.5001231305327,15.4999445599858,16.3647774977944,11.8022503034322
550.3,7.75,7.75,7.75006151858292,7.74997229215954,6.93398572323028,7.75249668774618,15.5001230371658,15.4999445843191,16.3647846509858,11.802246337654
550.4,7.75,7.75,7.75006147194365,7.74997230432657,6.93398512845282,7.75249704987333,15.5001229438873,15.4999446086531,16.3647917982706,11.8022423742925
550.5,7.75,7.75,7.75006142534493,7.74997231649398,6.93398453412818,7.75249741179933,15.5001228506899,15.499944632988,16.3647989401291,11.8022384131523
550.6,7.75,7.75,7.75006137878247,7.74997232866169,6.93398394020834,7.75249777354542,15.5001227575649,15.4999446573234,16.3648060771367,11.8022344539987
550.7,7.75,7.75,7.75006133225622,7.74997234082972,6.93398334669302,7.75249813511164,15.5001226645124,15.4999446816594,16.3648132092966,11.8022304968313
550.8,7.75,7.75,7.75006128576617,7.74997235299805,6.93398275358196,7.75249849649806,15.5001225715323,15.4999447059961,16.3648203366121,11.8022265416493
550.9,7.75,7.75,7.75006123932007,7.74997236516673,6.93398216096187,7.75249885766599,15.5001224786401,15.4999447303335,16.3648274580438,11.8022225888799
551,7.75,7.75,7.75006119291434,7.74997237733571,6.93398156879284,7.75249921863309,15.5001223858287,15.4999447546714,16.3648345740703,11.8022186383282
551.1,7.75,7.75,7.75006114654468,7.74997238950496,6.93398097702701,7.75249957942056,15.5001222930894,15.4999447790099,16.3648416852647,11.8022146897598
551.2,7.75,7.75,7.75006110021109,7.74997240167446,6.93398038566414,7.75249994002847,15.5001222004222,15.4999448033489,16.3648487916303,11.8022107431741
551.3,7.75,7.75,7.75006105391352,7.74997241384421,6.93397979470395,7.75250030045686,15.500122107827,15.4999448276884,16.3648558931702,11.8022067985706
551.4,7.75,7.75,7.75006100765969,7.74997242601424,6.93397920423283,7.75250066066711,15.5001220153194,15.4999448520285,16.3648629888492,11.8022028563756
551.5,7.75,7.75,7.75006096144605,7.74997243818452,6.93397861421099,7.75250102067684,15.5001219228921,15.499944876369,16.3648700791439,11.8021989163945
551.6,7.75,7.75,7.75006091526833,7.74997245035501,6.9339780245908,7.75250138050725,15.5001218305367,15.49994490071,16.3648771646254,11.8021949783934
551.7,7.75,7.75,7.75006086912649,7.7499724625257,6.93397743537199,7.75250174015837,15.500121738253,15.4999449250514,16.3648842452967,11.8021910423717
551.8,7.75,7.75,7.75006082302051,7.74997247469658,6.93397684655429,7.75250209963027,15.500121646041,15.4999449493932,16.364891321161,11.8021871083288
551.9,7.75,7.75,7.75006077695808,7.74997248686769,6.93397625822374,7.75250245888438,15.5001215539162,15.4999449737354,16.3648983911873,11.8021831766904
552,7.75,7.75,7.75006073093564,7.74997249903898,6.93397567034074,7.7525028179383,15.5001214618713,15.499944998078,16.3649054558501,11.8021792472621
552.1,7.75,7.75,7.75006068494895,7.74997251121043,6.93397508285782,7.75250317681318,15.5001213698979,15.4999450224209,16.3649125157183,11.8021753198104
552.2,7.75,7.75,7.75006063899798,7.74997252338203,6.93397449577471,7.75250353550908,15.500121277996,15.4999450467641,16.364919570795,11.8021713943348
552.3,7.75,7.75,7.75006059308271,7.74997253555377,6.93397390909116,7.75250389402603,15.5001211861654,15.4999450711075,16.3649266210834,11.8021674708347
552.4,7.75,7.75,7.75006054721078,7.74997254772567,6.93397332289286,7.75250425232556,15.5001210944216,15.4999450954513,16.3649336655563,11.8021635497349
552.5,7.75,7.75,7.75006050137866,7.74997255989769,6.93397273714036,7.75250461042522,15.5001210027573,15.4999451197954,16.3649407046865,11.8021596308416
552.6,7.75,7.75,7.75006045558213,7.74997257206982,6.93397215178638,7.75250496834613,15.5001209111643,15.4999451441396,16.3649477390408,11.8021557139215
552.7,7.75,7.75,7.75006040982116,7.74997258424205,6.93397156683066,7.75250532608834,15.5001208196423,15.4999451684841,16.3649547686222,11.8021517989741
552.8,7.75,7.75,7.75006036409571,7.74997259641437,6.93397098227294,7.75250568365191,15.5001207281914,15.4999451928287,16.3649617934337,11.8021478859987
552.9,7.75,7.75,7.75006031841341,7.74997260858678,6.93397039819858,7.75250604099841,15.5001206368268,15.4999452171736,16.3649688124524,11.8021439754197
553,7.75,7.75,7.75006027277073,7.74997262075926,6.93396981456829,7.75250639814536,15.5001205455415,15.4999452415185,16.3649758261491,11.8021400670433
553.1,7.75,7.75,7.75006022716348,7.74997263293179,6.93396923133497,7.75250675511386,15.500120454327,15.4999452658636,16.3649828350883,11.8021361606367
553.2,7.75,7.75,7.75006018159162,7.74997264510437,6.93396864849835,7.75250711190396,15.5001203631832,15.4999452902087,16.3649898392731,11.8021322561995
553.3,7.75,7.75,7.75006013605512,7.74997265727699,6.93396806605818,7.7525074685157,15.5001202721102,15.499945314554,16.3649968387066,11.802128353731
553.4,7.75,7.75,7.75006009056157,7.74997266944963,6.9339674840995,7.75250782491072,15.5001201811231,15.4999453388993,16.3650038323696,11.8021244536547
553.5,7.75,7.75,7.75006004510747,7.74997268162229,6.93396690258316,7.75250818110654,15.5001200902149,15.4999453632446,16.3650108207312,11.8021205557772
553.6,7.75,7.75,7.75005999968862,7.74997269379496,6.93396632146224,7.75250853712419,15.5001199993772,15.4999453875899,16.3650178043539,11.8021166598662
553.7,7.75,7.75,7.750059954305,7.74997270596761,6.93396574073649,7.75250889296373,15.50011990861,15.4999454119352,16.3650247832405,11.8021127659211
553.8,7.75,7.75,7.75005990895658,7.74997271814026,6.93396516040564,7.75250924862522,15.5001198179132,15.4999454362805,16.3650317573942,11.8021088739414
553.9,7.75,7.75,7.75005986365091,7.74997273031287,6.93396458055441,7.75250960407034,15.5001197273018,15.4999454606257,16.3650387257997,11.8021049843497
554,7.75,7.75,7.75005981838451,7.74997274248544,6.93396400114379,7.75250995931658,15.500119636769,15.4999454849709,16.3650456889245,11.8021010969531
554.1,7.75,7.75,7.75005977315319,7.74997275465796,6.93396342212706,7.75251031438496,15.5001195463064,15.4999455093159,16.3650526473286,11.8020972115195
554.2,7.75,7.75,7.75005972795695,7.74997276683042,6.93396284350396,7.75251066927552,15.5001194559139,15.4999455336608,16.365059601015,11.8020933280485
554.3,7.75,7.75,7.75005968279574,7.74997277900282,6.93396226527422,7.75251102398831,15.5001193655915,15.4999455580056,16.3650665499867,11.8020894465394
554.4,7.75,7.75,7.75005963767709,7.74997279117513,6.93396168752224,7.7525113784851,15.5001192753542,15.4999455823503,16.3650734932327,11.8020855674143
554.5,7.75,7.75,7.75005959259751,7.74997280334734,6.93396111020917,7.75251173278334,15.500119185195,15.4999456066947,16.3650804312182,11.8020816904804
554.6,7.75,7.75,7.75005954755287,7.74997281551945,6.93396053328844,7.75251208690402,15.5001190951057,15.4999456310389,16.3650873645013,11.8020778155061
554.7,7.75,7.75,7.75005950254314,7.74997282769145,6.93395995675982,7.75251244084717,15.5001190050863,15.4999456553829,16.365094293085,11.802073942491
554.8,7.75,7.75,7.75005945756828,7.74997283986334,6.93395938062303,7.75251279461286,15.5001189151366,15.4999456797267,16.3651012169724,11.8020700714345
554.9,7.75,7.75,7.75005941263578,7.74997285203508,6.93395880496214,7.7525131481629,15.5001188252716,15.4999457040702,16.365108135156,11.8020662027577
555,7.75,7.75,7.75005936774218,7.74997286420666,6.93395822973845,7.75251350151472,15.5001187354844,15.4999457284133,16.3651150480996,11.8020623362683
555.1,7.75,7.75,7.75005932288335,7.74997287637809,6.93395765490558,7.75251385468927,15.5001186457667,15.4999457527562,16.365121956359,11.8020584717352
555.2,7.75,7.75,7.75005927805927,7.74997288854937,6.93395708046329,7.7525142076866,15.5001185561185,15.4999457770987,16.3651288599371,11.8020546091579
555.3,7.75,7.75,7.75005923326991,7.74997290072048,6.93395650641132,7.75251456050676,15.5001184665398,15.499945801441,16.3651357588371,11.8020507485356
555.4,7.75,7.75,7.7500591885227,7.74997291289137,6.9339559328334,7.75251491311163,15.5001183770454,15.4999458257827,16.3651426520553,11.8020468902889
555.5,7.75,7.75,7.75005914381422,7.74997292506206,6.93395535969098,7.75251526551862,15.5001182876284,15.4999458501241,16.3651495400539,11.8020430342259
555.6,7.75,7.75,7.75005909914035,7.74997293723255,6.93395478693786,7.75251561774864,15.5001181982807,15.4999458744651,16.3651564233863,11.8020391801157
555.7,7.75,7.75,7.75005905450106,7.74997294940284,6.93395421457381,7.75251596980173,15.5001181090021,15.4999458988057,16.3651633020555,11.8020353279578
555.8,7.75,7.75,7.75005900989633,7.74997296157291,6.93395364259856,7.75251632167794,15.5001180197927,15.4999459231458,16.3651701760647,11.8020314777515
555.9,7.75,7.75,7.75005896533357,7.74997297374271,6.93395307109551,7.75251667333924,15.5001179306671,15.4999459474854,16.3651770444142,11.8020276299168
556,7.75,7.75,7.75005892080935,7.74997298591225,6.93395250002627,7.75251702480299,15.5001178416187,15.4999459718245,16.3651839075641,11.8020237842618
556.1,7.75,7.75,7.75005887631959,7.74997299808154,6.93395192934483,7.75251737609007,15.5001177526392,15.4999459961631,16.3651907660659,11.8020199405562
556.2,7.75,7.75,7.75005883186425,7.74997301025057,6.93395135905094,7.75251772720051,15.5001176637285,15.4999460205011,16.3651976199226,11.8020160987994
556.3,7.75,7.75,7.75005878744331,7.74997302241935,6.93395078914434,7.75251807813438,15.5001175748866,15.4999460448387,16.3652044691372,11.8020122589909
556.4,7.75,7.75,7.75005874306414,7.74997303458779,6.93395021970812,7.7525184288537,15.5001174861283,15.4999460691756,16.3652113127139,11.8020084215497
556.5,7.75,7.75,7.75005869872334,7.74997304675591,6.93394965070402,7.7525187793758,15.5001173974467,15.4999460935118,16.3652181511112,11.8020045862843
556.6,7.75,7.75,7.75005865441683,7.74997305892374,6.93394908208621,7.75251912972152,15.5001173088337,15.4999461178475,16.3652249848784,11.802000752965
556.7,7.75,7.75,7.7500586101446,7.74997307109127,6.93394851385445,7.75251947989092,15.5001172202892,15.4999461421825,16.3652318140184,11.8019969215911
556.8,7.75,7.75,7.7500585659066,7.74997308325848,6.93394794600848,7.75251982988404,15.5001171318132,15.499946166517,16.3652386385342,11.8019930921619
556.9,7.75,7.75,7.75005852171018,7.74997309542531,6.93394737863106,7.75252017966298,15.5001170434204,15.4999461908506,16.365245457434,11.8019892650958
557,7.75,7.75,7.75005847755196,7.74997310759176,6.93394681168409,7.75252052924503,15.5001169551039,15.4999462151835,16.3652522711743,11.8019854402019
557.1,7.75,7.75,7.75005843342787,7.74997311975788,6.93394624512191,7.75252087865101,15.5001168668557,15.4999462395158,16.3652590803023,11.8019816172504
557.2,7.75,7.75,7.75005838933789,7.74997313192364,6.93394567894428,7.75252122788097,15.5001167786758,15.4999462638473,16.3652658848211,11.8019777962409
557.3,7.75,7.75,7.75005834528199,7.74997314408904,6.93394511315095,7.75252157693495,15.500116690564,15.4999462881781,16.3652726847335,11.8019739771727
557.4,7.75,7.75,7.75005830126748,7.749973156254,6.93394454782434,7.7525219257751,15.500116602535,15.499946312508,16.3652794790516,11.8019701604634
557.5,7.75,7.75,7.75005825729099,7.74997316841853,6.93394398292652,7.75252227441871,15.500116514582,15.4999463368371,16.3652862682301,11.8019663459223
557.6,7.75,7.75,7.75005821334848,7.74997318058268,6.933943418412,7.75252262288655,15.500116426697,15.4999463611654,16.3652930528142,11.8019625333202
557.7,7.75,7.75,7.75005816943992,7.74997319274642,6.93394285428053,7.75252297117867,15.5001163388798,15.4999463854928,16.3652998328068,11.8019587226566
557.8,7.75,7.75,7.75005812556529,7.74997320490977,6.93394229053188,7.75252331929511,15.5001162511306,15.4999464098195,16.3653066082109,11.8019549139309
557.9,7.75,7.75,7.75005808173186,7.7499732170726,6.93394172724813,7.7525236671981,15.5001161634637,15.4999464341452,16.3653133780421,11.8019511075599
558,7.75,7.75,7.75005803793627,7.74997322923496,6.93394116439151,7.75252401490488,15.5001160758725,15.4999464584699,16.3653201427537,11.8019473033532
558.1,7.75,7.75,7.75005799417451,7.74997324139689,6.93394060191671,7.75252436243619,15.500115988349,15.4999464827938,16.3653269028885,11.8019435010821
558.2,7.75,7.75,7.75005795044654,7.74997325355837,6.93394003982348,7.75252470979209,15.5001159008931,15.4999465071167,16.3653336584496,11.801939700746
558.3,7.75,7.75,7.75005790675234,7.74997326571939,6.93393947811157,7.75252505697261,15.5001158135047,15.4999465314388,16.3653404094398,11.8019359023443
558.4,7.75,7.75,7.75005786309915,7.74997327787986,6.93393891686278,7.75252540394004,15.5001157261983,15.4999465557597,16.3653471548788,11.8019321062931
558.5,7.75,7.75,7.75005781948363,7.7499732900398,6.93393835603946,7.75252575071161,15.5001156389673,15.4999465800796,16.3653538952177,11.8019283124022
558.6,7.75,7.75,7.75005777590178,7.74997330219926,6.93393779559647,7.75252609730801,15.5001155518036,15.4999466043985,16.3653606309977,11.8019245204435
558.7,7.75,7.75,7.75005773235357,7.74997331435822,6.93393723553358,7.7525264437293,15.5001154647071,15.4999466287164,16.3653673622214,11.8019207304164
558.8,7.75,7.75,7.75005768883898,7.74997332651669,6.93393667585053,7.75252678997552,15.500115377678,15.4999466530334,16.365374088892,11.8019169423201
558.9,7.75,7.75,7.7500576453652,7.74997333867454,6.9339361166288,7.75252713600902,15.5001152907304,15.4999466773491,16.3653808100327,11.8019131565701
559,7.75,7.75,7.75005760192893,7.74997335083181,6.9339355578309,7.75252748184699,15.5001152038579,15.4999467016636,16.3653875260931,11.8019093729766
559.1,7.75,7.75,7.75005755852616,7.74997336298855,6.93393499941185,7.7525278275101,15.5001151170523,15.4999467259771,16.365394237612,11.8019055913117
559.2,7.75,7.75,7.75005751515689,7.74997337514476,6.93393444137143,7.7525281729984,15.5001150303138,15.4999467502895,16.3654009445924,11.8019018115749
559.3,7.75,7.75,7.75005747182108,7.74997338730042,6.93393388370939,7.75252851831193,15.5001149436422,15.4999467746008,16.3654076470371,11.8018980337655
559.4,7.75,7.75,7.7500574285259,7.74997339945541,6.93393332650688,7.75252886341313,15.5001148570518,15.4999467989108,16.3654143439732,11.801894258298
559.5,7.75,7.75,7.75005738526805,7.74997341160977,6.93393276972655,7.75252920831913,15.5001147705361,15.4999468232195,16.3654210358486,11.8018904849832
559.6,7.75,7.75,7.75005734204355,7.74997342376356,6.93393221332362,7.75252955305058,15.5001146840871,15.4999468475271,16.3654277232001,11.8018867135935
559.7,7.75,7.75,7.75005729885239,7.74997343591676,6.93393165729784,7.75252989760752,15.5001145977048,15.4999468718335,16.3654344060304,11.8018829441284
559.8,7.75,7.75,7.75005725569454,7.74997344806938,6.93393110164898,7.75253024199,15.5001145113891,15.4999468961388,16.3654410843426,11.8018791765872
559.9,7.75,7.75,7.75005721257714,7.74997346022126,6.93393054645788,7.75253058616051,15.5001144251543,15.4999469204425,16.3654477571675,11.8018754113837
560,7.75,7.75,7.75005716949689,7.74997347237247,6.93392999168732,7.75253093013618,15.5001143389938,15.4999469447449,16.3654544249511,11.801871648329
560.1,7.75,7.75,7.75005712644984,7.74997348452306,6.93392943729269,7.75253127393759,15.5001142528997,15.4999469690461,16.3654610882282,11.8018678871958
560.2,7.75,7.75,7.75005708343598,7.74997349667302,6.93392888327377,7.75253161756481,15.500114166872,15.499946993346,16.3654677470016,11.8018641279837
560.3,7.75,7.75,7.75005704045528,7.74997350882235,6.9339283296303,7.75253196101787,15.5001140809106,15.4999470176447,16.3654744012742,11.8018603706921
560.4,7.75,7.75,7.75005699751484,7.7499735209709,6.93392777644281,7.75253230425934,15.5001139950297,15.4999470419418,16.3654810500806,11.8018566157339
560.5,7.75,7.75,7.75005695461137,7.74997353311871,6.93392722367424,7.7525326473063,15.5001139092227,15.4999470662374,16.3654876938653,11.8018528629204
560.6,7.75,7.75,7.75005691174097,7.74997354526587,6.93392667128016,7.75253299017931,15.5001138234819,15.4999470905317,16.3654943331607,11.8018491120251
560.7,7.75,7.75,7.7500568689036,7.74997355741235,6.93392611926032,7.75253333287843,15.5001137378072,15.4999471148247,16.3655009679698,11.8018453630473
560.8,7.75,7.75,7.75005682609922,7.74997356955815,6.93392556761448,7.75253367540372,15.5001136521984,15.4999471391163,16.3655075982955,11.8018416159865
560.9,7.75,7.75,7.75005678333493,7.74997358170312,6.93392501642287,7.75253401771777,15.5001135666699,15.4999471634062,16.365514223176,11.8018378712548
561,7.75,7.75,7.75005674060745,7.74997359384731,6.93392446564856,7.75253435983766,15.5001134812149,15.4999471876946,16.3655208430541,11.801834128664
561.1,7.75,7.75,7.75005669791287,7.74997360599079,6.93392391524728,7.75253470178392,15.5001133958257,15.4999472119816,16.3655274584602,11.8018303879877
561.2,7.75,7.75,7.75005665525118,7.74997361813356,6.9339233652188,7.75253504355659,15.5001133105024,15.4999472362671,16.3655340693972,11.8018266492255
561.3,7.75,7.75,7.75005661262234,7.7499736302756,6.93392281556287,7.75253538515573,15.5001132252447,15.4999472605512,16.3655406758681,11.8018229123767
561.4,7.75,7.75,7.75005657003339,7.74997364241676,6.93392226635942,7.75253572654401,15.5001131400668,15.4999472848335,16.3655472769148,11.8018191778527
561.5,7.75,7.75,7.75005652748108,7.74997365455709,6.93392171757165,7.75253606773848,15.5001130549622,15.4999473091142,16.3655538729783,11.8018154454657
561.6,7.75,7.75,7.75005648496153,7.74997366669666,6.93392116915547,7.75253640875963,15.5001129699231,15.4999473333933,16.365560464587,11.8018117149898
561.7,7.75,7.75,7.75005644247471,7.74997367883548,6.93392062111065,7.75253674960749,15.5001128849494,15.499947357671,16.3655670517439,11.8018079864243
561.8,7.75,7.75,7.75005640002059,7.74997369097354,6.93392007343695,7.75253709028213,15.5001128000412,15.4999473819471,16.3655736344518,11.8018042597687
561.9,7.75,7.75,7.75005635760618,7.74997370311065,6.93391952621397,7.75253743074629,15.5001127152124,15.4999474062213,16.3655802117564,11.8018005354337
562,7.75,7.75,7.75005631522825,7.74997371524689,6.93391897940507,7.75253777101699,15.5001126304565,15.4999474304938,16.3655867840968,11.8017968132317
562.1,7.75,7.75,7.75005627288292,7.74997372738233,6.93391843296633,7.75253811111467,15.5001125457658,15.4999474547647,16.3655933519998,11.8017930929372
562.2,7.75,7.75,7.75005623057017,7.74997373951697,6.93391788689751,7.75253845103937,15.5001124611403,15.4999474790339,16.3655999154679,11.8017893745496
562.3,7.75,7.75,7.75005618828998,7.7499737516508,6.93391734119837,7.75253879079117,15.50011237658,15.4999475033016,16.3656064745042,11.8017856580684
562.4,7.75,7.75,7.75005614604932,7.74997376378364,6.93391679594822,7.75253913033286,15.5001122920986,15.4999475275673,16.3656130281579,11.8017819439034
562.5,7.75,7.75,7.75005610384496,7.74997377591555,6.93391625111054,7.75253946968142,15.5001122076899,15.4999475518311,16.3656195768667,11.8017782318676
562.6,7.75,7.75,7.75005606167306,7.74997378804663,6.93391570664159,7.75253980885729,15.5001121233461,15.4999475760933,16.3656261211549,11.8017745217356
562.7,7.75,7.75,7.75005601953359,7.74997380017687,6.93391516254114,7.75254014786049,15.5001120390672,15.4999476003537,16.3656326610255,11.8017708135071
562.8,7.75,7.75,7.75005597742653,7.74997381230625,6.93391461880895,7.75254048669109,15.5001119548531,15.4999476246125,16.3656391964812,11.8017671071814
562.9,7.75,7.75,7.75005593535881,7.74997382443459,6.933914075524,7.75254082531196,15.5001118707176,15.4999476488692,16.365645726575,11.8017634031676
563,7.75,7.75,7.75005589332724,7.74997383656195,6.93391353264994,7.75254116374006,15.5001117866545,15.4999476731239,16.3656522517428,11.8017597012789
563.1,7.75,7.75,7.75005585132798,7.74997384868844,6.93391299014319,7.75254150199577,15.500111702656,15.4999476973769,16.3656587725072,11.8017560012907
563.2,7.75,7.75,7.75005580936099,7.74997386081404,6.93391244800351,7.75254184007912,15.500111618722,15.4999477216281,16.3656652888708,11.8017523032023
563.3,7.75,7.75,7.75005576742627,7.74997387293875,6.93391190623067,7.75254217799019,15.5001115348525,15.4999477458775,16.3656718008365,11.8017486070131
563.4,7.75,7.75,7.75005572553071,7.74997388506237,6.93391136490335,7.7525425156919,15.5001114510614,15.4999477701247,16.3656783074609,11.8017449131316
563.5,7.75,7.75,7.75005568367114,7.74997389718496,6.93391082398533,7.75254285320119,15.5001113673423,15.4999477943699,16.3656848091784,11.8017412213712
563.6,7.75,7.75,7.75005564184372,7.74997390930663,6.9339102834332,7.7525431905384,15.5001112836874,15.4999478186133,16.3656913065091,11.8017375315077
563.7,7.75,7.75,7.75005560004843,7.74997392142738,6.93390974324673,7.75254352770357,15.5001112000969,15.4999478428548,16.3656977994561,11.8017338435404
563.8,7.75,7.75,7.75005555828526,7.74997393354719,6.93390920342568,7.75254386469675,15.5001111165705,15.4999478670944,16.3657042880221,11.8017301574689
563.9,7.75,7.75,7.75005551656108,7.74997394566586,6.93390866404843,7.75254420148098,15.5001110331222,15.4999478913317,16.3657107712673,11.8017264737006
564,7.75,7.75,7.75005547487271,7.74997395778346,6.9339081250789,7.75254453807312,15.5001109497454,15.4999479155669,16.3657172496244,11.8017227920495
564.1,7.75,7.75,7.75005543321635,7.74997396990009,6.93390758647386,7.75254487449349,15.5001108664327,15.4999479398002,16.3657237236116,11.8017191122917
564.2,7.75,7.75,7.75005539159199,7.74997398201576,6.93390704823306,7.75254521074214,15.500110783184,15.4999479640315,16.3657301932319,11.8017154344266
564.3,7.75,7.75,7.75005534999958,7.74997399413046,6.93390651035627,7.75254554681912,15.5001106999992,15.4999479882609,16.365736658488,11.8017117584537
564.4,7.75,7.75,7.75005530844599,7.74997400624395,6.93390597292158,7.75254588268752,15.500110616892,15.4999480124879,16.3657431184438,11.8017080847797
564.5,7.75,7.75,7.75005526692805,7.74997401835634,6.93390543589303,7.75254621836418,15.5001105338561,15.4999480367127,16.3657495735301,11.8017044132189
564.6,7.75,7.75,7.75005522544197,7.74997403046772,6.93390489922757,7.75254655386939,15.5001104508839,15.4999480609354,16.3657560242635,11.8017007435478
564.7,7.75,7.75,7.75005518398774,7.7499740425781,6.93390436292494,7.75254688920319,15.5001103679755,15.4999480851562,16.3657624706466,11.8016970757659
564.8,7.75,7.75,7.75005514256533,7.74997405468746,6.93390382698493,7.75254722436563,15.5001102851307,15.4999481093749,16.3657689126823,11.8016934098725
564.9,7.75,7.75,7.75005510118155,7.74997406679557,6.9339032914853,7.75254755931986,15.5001102023631,15.4999481335911,16.365775349438,11.8016897462737
565,7.75,7.75,7.75005505983326,7.74997407890252,6.93390275639026,7.75254789408272,15.5001101196665,15.499948157805,16.3657817813429,11.8016860847841
565.1,7.75,7.75,7.75005501851669,7.74997409100843,6.9339022216569,7.75254822867443,15.5001100370334,15.4999481820169,16.3657882089116,11.8016824251807
565.2,7.75,7.75,7.75005497723182,7.7499741031133,6.93390168728498,7.75254856309505,15.5001099544636,15.4999482062266,16.3657946321467,11.8016787674628
565.3,7.75,7.75,7.75005493597862,7.7499741152171,6.93390115327426,7.75254889734462,15.5001098719572,15.4999482304342,16.3658010510511,11.80167511163
565.4,7.75,7.75,7.75005489476387,7.74997412731961,6.93390061970225,7.75254923138638,15.5001097895277,15.4999482546392,16.3658074646957,11.8016714580874
565.5,7.75,7.75,7.75005485358446,7.74997413942092,6.93390008653326,7.7525495652371,15.5001097071689,15.4999482788418,16.3658138735082,11.8016678066499
565.6,7.75,7.75,7.75005481243663,7.74997415152115,6.93389955372455,7.75254989891699,15.5001096248733,15.4999483030423,16.365820278001,11.801664157095
565.7,7.75,7.75,7.75005477132034,7.74997416362028,6.9338990212759,7.75255023242611,15.5001095426407,15.4999483272406,16.365826678177,11.8016605094221
565.8,7.75,7.75,7.75005473023558,7.74997417571832,6.93389848918707,7.7525505657645,15.5001094604712,15.4999483514366,16.3658330740387,11.8016568636306
565.9,7.75,7.75,7.75005468918911,7.74997418781502,6.93389795753524,7.75255089889544,15.5001093783782,15.49994837563,16.365839464661,11.8016532201251
566,7.75,7.75,7.75005464817781,7.74997419991047,6.93389742628489,7.75255123183571,15.5001092963556,15.4999483998209,16.3658458504695,11.8016495787207
566.1,7.75,7.75,7.75005460719793,7.74997421200479,6.93389689539343,7.75255156460547,15.5001092143959,15.4999484240096,16.365852231975,11.8016459391952
566.2,7.75,7.75,7.75005456624947,7.74997422409799,6.93389636486064,7.75255189720476,15.5001091324989,15.499948448196,16.3658586091801,11.8016423015482
566.3,7.75,7.75,7.75005452533239,7.74997423619005,6.93389583468629,7.75255222963364,15.5001090506648,15.4999484723801,16.3658649820877,11.8016386657789
566.4,7.75,7.75,7.75005448445342,7.74997424828072,6.93389530494726,7.75255256185546,15.5001089689068,15.4999484965614,16.3658713497757,11.8016350322913
566.5,7.75,7.75,7.75005444360946,7.7499742603701,6.93389477560816,7.75255289388696,15.5001088872189,15.4999485207402,16.3658777126686,11.8016314009007
566.6,7.75,7.75,7.75005440279678,7.74997427245832,6.93389424662657,7.75255322574826,15.5001088055936,15.4999485449166,16.3658840712748,11.8016277713855
566.7,7.75,7.75,7.75005436201537,7.74997428454537,6.93389371800227,7.75255355743941,15.5001087240307,15.4999485690907,16.3658904255972,11.8016241437452
566.8,7.75,7.75,7.75005432126521,7.74997429663125,6.93389318973503,7.75255388896047,15.5001086425304,15.4999485932625,16.3658967756384,11.801620517979
566.9,7.75,7.75,7.75005428055298,7.74997430871568,6.93389266190143,7.75255422027485,15.500108561106,15.4999486174314,16.3659031204801,11.8016168944901
567,7.75,7.75,7.7500542398756,7.74997432079878,6.93389213446623,7.75255455139927,15.5001084797512,15.4999486415976,16.365909460545,11.8016132730942
567.1,7.75,7.75,7.75005419922936,7.74997433288068,6.93389160738716,7.7525548823538,15.5001083984587,15.4999486657614,16.3659157963398,11.8016096535701
567.2,7.75,7.75,7.75005415861425,7.74997434496138,6.93389108066401,7.7525552131385,15.5001083172285,15.4999486899228,16.365922127867,11.8016060359172
567.3,7.75,7.75,7.75005411803023,7.74997435704086,6.93389055429654,7.75255554375342,15.5001082360605,15.4999487140817,16.3659284551296,11.8016024201349
567.4,7.75,7.75,7.75005407748398,7.74997436911885,6.93389002836105,7.75255587416205,15.500108154968,15.4999487382377,16.3659347772125,11.8015988066255
567.5,7.75,7.75,7.75005403697242,7.74997438119547,6.93388950282242,7.75255620438106,15.5001080739448,15.4999487623909,16.3659410945369,11.8015951952051
567.6,7.75,7.75,7.75005399649187,7.74997439327085,6.93388897763857,7.75255653443051,15.5001079929837,15.4999487865417,16.3659474076075,11.8015915856529
567.7,7.75,7.75,7.75005395604229,7.74997440534499,6.93388845280925,7.75255686431045,15.5001079120846,15.49994881069,16.365953716427,11.8015879779682
567.8,7.75,7.75,7.75005391562368,7.74997441741787,6.93388792833425,7.75255719402093,15.5001078312474,15.4999488348357,16.365960020998,11.8015843721506
567.9,7.75,7.75,7.75005387524266,7.74997442948922,6.93388740428957,7.7525575235255,15.5001077504853,15.4999488589784,16.3659663204093,11.8015807686014
568,7.75,7.75,7.75005383489616,7.74997444155915,6.93388688064022,7.75255785284081,15.5001076697923,15.4999488831183,16.3659726150803,11.8015771671372
568.1,7.75,7.75,7.75005379458054,7.7499744536278,6.93388635734428,7.75255818198688,15.5001075891611,15.4999489072556,16.3659789055138,11.8015735675376
568.2,7.75,7.75,7.75005375429575,7.74997446569517,6.93388583440152,7.75255851096374,15.5001075085915,15.4999489313903,16.3659851917123,11.801569969802
568.3,7.75,7.75,7.75005371404178,7.74997447776125,6.93388531181172,7.75255883977147,15.5001074280836,15.4999489555225,16.3659914736788,11.8015663739297
568.4,7.75,7.75,7.75005367382523,7.74997448982575,6.93388478965058,7.75255916837367,15.5001073476505,15.4999489796515,16.3659977505052,11.8015627803215
568.5,7.75,7.75,7.75005363364306,7.74997450188879,6.93388426788325,7.75255949678698,15.5001072672861,15.4999490037776,16.3660040226094,11.8015591887942
568.6,7.75,7.75,7.75005359349161,7.74997451395052,6.93388374646798,7.75255982503136,15.5001071869832,15.499949027901,16.3660102904923,11.801555599128
568.7,7.75,7.75,7.75005355337086,7.74997452601092,6.93388322540453,7.75256015310685,15.5001071067417,15.4999490520218,16.3660165541566,11.801552011322
568.8,7.75,7.75,7.75005351328079,7.74997453807,6.93388270469268,7.75256048101353,15.5001070265616,15.49994907614,16.3660228136049,11.8015484253759
568.9,7.75,7.75,7.75005347322797,7.74997455012745,6.93388218440784,7.75256080871507,15.5001069464559,15.4999491002549,16.3660290679328,11.8015448416893
569,7.75,7.75,7.75005343320937,7.74997456218341,6.93388166451531,7.75256113622807,15.5001068664187,15.4999491243668,16.3660353175567,11.8015412600797
569.1,7.75,7.75,7.75005339322135,7.749974574238,6.93388114497348,7.75256146357245,15.5001067864427,15.499949148476,16.3660415629753,11.8015376803274
569.2,7.75,7.75,7.7500533532639,7.74997458629124,6.93388062578212,7.75256179074828,15.5001067065278,15.4999491725825,16.3660478041914,11.8015341024319
569.3,7.75,7.75,7.75005331333698,7.74997459834312,6.93388010694101,7.7525621177556,15.500106626674,15.4999491966862,16.3660540412077,11.8015305263925
569.4,7.75,7.75,7.75005327344715,7.74997461039333,6.93387958852527,7.75256244455817,15.5001065468943,15.4999492207867,16.3660602731232,11.8015269526083
569.5,7.75,7.75,7.75005323359137,7.74997462244199,6.93387907050034,7.75256277117257,15.5001064671827,15.499949244884,16.3660665003526,11.801523380897
569.6,7.75,7.75,7.75005319376605,7.74997463448927,6.93387855282475,7.75256309761866,15.5001063875321,15.4999492689785,16.3660727233929,11.8015198110394
569.7,7.75,7.75,7.75005315397115,7.74997464653515,6.93387803549829,7.75256342389652,15.5001063079423,15.4999492930703,16.3660789422467,11.8015162430349
569.8,7.75,7.75,7.75005311420664,7.74997465857963,6.93387751852074,7.75256375000619,15.5001062284133,15.4999493171593,16.3660851569167,11.8015126768829
569.9,7.75,7.75,7.75005307447905,7.7499746706224,6.93387700196693,7.75256407591151,15.5001061489581,15.4999493412448,16.3660913665054,11.8015091129817
570,7.75,7.75,7.75005303478537,7.74997468266358,6.93387648580242,7.752564401629,15.5001060695707,15.4999493653272,16.366097571426,11.8015055511493
570.1,7.75,7.75,7.750052995122,7.74997469470334,6.93387596998592,7.75256472717852,15.500105990244,15.4999493894067,16.3661037721734,11.801501991167
570.2,7.75,7.75,7.75005295548891,7.74997470674166,6.9338754545172,7.75256505256011,15.5001059109778,15.4999494134833,16.3661099687504,11.8014984330342
570.3,7.75,7.75,7.75005291588608,7.74997471877855,6.93387493939606,7.75256537777384,15.5001058317722,15.4999494375571,16.3661161611595,11.8014948767502
570.4,7.75,7.75,7.75005287632,7.74997473081368,6.93387442469703,7.75256570278361,15.50010575264,15.4999494616274,16.3661223485068,11.8014913227126
570.5,7.75,7.75,7.75005283678768,7.74997474284719,6.93387391038581,7.75256602760591,15.5001056735754,15.4999494856944,16.3661285312038,11.8014877707398
570.6,7.75,7.75,7.75005279728552,7.74997475487923,6.93387339642126,7.75256635226055,15.500105594571,15.4999495097585,16.3661347097435,11.8014842206134
570.7,7.75,7.75,7.75005275781351,7.74997476690981,6.93387288280317,7.7525666767476,15.500105515627,15.4999495338196,16.3661408841287,11.8014806723328
570.8,7.75,7.75,7.75005271837163,7.74997477893892,6.9338723695313,7.75256700106709,15.5001054367433,15.4999495578778,16.3661470543621,11.8014771258975
570.9,7.75,7.75,7.75005267896633,7.74997479096622,6.93387185667995,7.75256732518302,15.5001053579327,15.4999495819324,16.3661532195529,11.8014735817041
571,7.75,7.75,7.75005263959462,7.74997480299186,6.93387134421491,7.75256764911183,15.5001052791892,15.4999496059837,16.3661593801111,11.8014700395714
571.1,7.75,7.75,7.75005260025295,7.749974815016,6.93387083209521,7.75256797287332,15.5001052005059,15.499949630032,16.366165536528,11.8014664992814
571.2,7.75,7.75,7.7500525609413,7.74997482703865,6.93387032032064,7.75256829646752,15.5001051218826,15.4999496540773,16.3661716888062,11.8014629608337
571.3,7.75,7.75,7.75005252165963,7.74997483905978,6.93386980889097,7.7525686198945,15.5001050433193,15.4999496781196,16.3661778369484,11.8014594242275
571.4,7.75,7.75,7.75005248241437,7.74997485107907,6.93386929788019,7.7525689431183,15.5001049648287,15.4999497021581,16.3661839800674,11.8014558898589
571.5,7.75,7.75,7.75005244320257,7.74997486309665,6.93386878725426,7.75256926615534,15.5001048864051,15.4999497261933,16.3661901185714,11.8014523575469
571.6,7.75,7.75,7.75005240402066,7.7499748751127,6.93386827697234,7.75256958902538,15.5001048080413,15.4999497502254,16.3661962529499,11.801448827074
571.7,7.75,7.75,7.75005236486863,7.74997488712722,6.93386776703422,7.75256991172846,15.5001047297373,15.4999497742544,16.3662023832055,11.8014452984396
571.8,7.75,7.75,7.75005232574645,7.74997489914019,6.93386725743969,7.75257023426463,15.5001046514929,15.4999497982804,16.3662085093409,11.8014417716432
571.9,7.75,7.75,7.75005228666052,7.74997491115127,6.93386674826245,7.75257055659802,15.500104573321,15.4999498223025,16.3662146304722,11.8014382470799
572,7.75,7.75,7.75005224760788,7.74997492316061,6.93386623946856,7.75257087874502,15.5001044952158,15.4999498463212,16.3662207470061,11.801434724569
572.1,7.75,7.75,7.75005220858501,7.74997493516839,6.93386573101738,7.75257120072532,15.50010441717,15.4999498703368,16.3662268594303,11.8014312038937
572.2,7.75,7.75,7.75005216959188,7.74997494717459,6.93386522290869,7.752571522539,15.5001043391838,15.4999498943492,16.3662329677474,11.8014276850533
572.3,7.75,7.75,7.75005213062847,7.74997495917921,6.93386471514226,7.75257184418609,15.5001042612569,15.4999499183584,16.3662390719599,11.8014241680471
572.4,7.75,7.75,7.75005209170114,7.74997497118191,6.93386420779152,7.75257216563078,15.5001041834023,15.4999499423638,16.3662451711874,11.8014206532695
572.5,7.75,7.75,7.75005205280696,7.74997498318282,6.93386370082267,7.75257248688945,15.5001041056139,15.4999499663656,16.3662512658352,11.8014171405404
572.6,7.75,7.75,7.7500520139424,7.74997499518213,6.93386319419522,7.75257280798174,15.5001040278848,15.4999499903643,16.3662573563888,11.8014136296432
572.7,7.75,7.75,7.75005197510745,7.74997500717984,6.93386268790893,7.75257312890773,15.5001039502149,15.4999500143597,16.366263442851,11.8014101205771
572.8,7.75,7.75,7.75005193630209,7.74997501917593,6.93386218196361,7.75257344966746,15.5001038726042,15.4999500383519,16.3662695252243,11.8014066133417
572.9,7.75,7.75,7.75005189753264,7.74997503117006,6.93386167643238,7.75257377022518,15.5001037950653,15.4999500623401,16.3662756026316,11.8014031083304
573,7.75,7.75,7.7500518587962,7.74997504316236,6.93386117128158,7.75257409059723,15.5001037175924,15.4999500863247,16.3662816754766,11.8013996053635
573.1,7.75,7.75,7.75005182008924,7.74997505515303,6.93386066647087,7.75257441080324,15.5001036401785,15.4999501103061,16.3662877442431,11.8013961042248
573.2,7.75,7.75,7.75005178141176,7.74997506714205,6.93386016200003,7.75257473084327,15.5001035628235,15.4999501342841,16.3662938089337,11.8013926049136
573.3,7.75,7.75,7.75005174276373,7.74997507912943,6.93385965786883,7.75257505071735,15.5001034855275,15.4999501582589,16.366299869551,11.8013891074294
573.4,7.75,7.75,7.75005170415146,7.7499750911148,6.93385915415015,7.75257537038983,15.5001034083029,15.4999501822296,16.3663059252213,11.8013856121649
573.5,7.75,7.75,7.75005166557203,7.74997510309831,6.93385865081044,7.752575689877,15.5001033311441,15.4999502061966,16.3663119763466,11.8013821189406
573.6,7.75,7.75,7.75005162702197,7.74997511508015,6.93385814780952,7.75257600919845,15.5001032540439,15.4999502301603,16.366318023409,11.8013786275409
573.7,7.75,7.75,7.75005158850124,7.74997512706032,6.93385764514716,7.75257632835424,15.5001031770025,15.4999502541206,16.366324066411,11.801375137965
573.8,7.75,7.75,7.75005155000983,7.74997513903881,6.93385714282316,7.75257664734442,15.5001031000197,15.4999502780776,16.3663301053553,11.8013716502124
573.9,7.75,7.75,7.75005151155402,7.74997515101524,6.93385664091008,7.75257696613337,15.500103023108,15.4999503020305,16.3663361393713,11.8013681646751
574,7.75,7.75,7.75005147313091,7.74997516298978,6.93385613937454,7.75257728473738,15.5001029462618,15.4999503259796,16.3663421688598,11.801364681174
574.1,7.75,7.75,7.75005143473703,7.74997517496262,6.93385563817648,7.752577603176,15.5001028694741,15.4999503499252,16.3663481943007,11.8013611994937
574.2,7.75,7.75,7.75005139637235,7.74997518693375,6.9338551373157,7.75257792144928,15.5001027927447,15.4999503738675,16.3663542156968,11.8013577196336
574.3,7.75,7.75,7.75005135803685,7.74997519890317,6.93385463679197,7.75257823955727,15.5001027160737,15.4999503978063,16.3663602330506,11.8013542415931
574.4,7.75,7.75,7.75005131973679,7.74997521087049,6.9338541366776,7.75257855746444,15.5001026394736,15.499950421741,16.3663662454949,11.8013507657634
574.5,7.75,7.75,7.75005128146929,7.74997522283589,6.93385363693932,7.75257887518702,15.5001025629386,15.4999504456718,16.3663722534289,11.8013472919657
574.6,7.75,7.75,7.75005124323088,7.74997523479954,6.93385313753723,7.75257919274453,15.5001024864618,15.4999504695991,16.3663782573308,11.8013438199853
574.7,7.75,7.75,7.75005120502154,7.74997524676146,6.93385263847113,7.75257951013703,15.5001024100431,15.4999504935229,16.3663842572032,11.8013403498213
574.8,7.75,7.75,7.75005116684126,7.74997525872163,6.93385213974079,7.75257982736457,15.5001023336825,15.4999505174433,16.3663902530487,11.8013368814733
574.9,7.75,7.75,7.75005112869625,7.74997527067967,6.93385164141825,7.75258014439168,15.5001022573925,15.4999505413593,16.3663962440035,11.8013334153316
575,7.75,7.75,7.75005109058365,7.74997528263574,6.93385114347036,7.75258046123457,15.5001021811673,15.4999505652715,16.366402230465,11.8013299512179
575.1,7.75,7.75,7.75005105250001,7.74997529459004,6.93385064585738,7.75258077791271,15.500102105,15.4999505891801,16.3664082129099,11.8013264889176
575.2,7.75,7.75,7.75005101444531,7.74997530654257,6.9338501485791,7.75258109442617,15.5001020288906,15.4999506130851,16.3664141913406,11.8013230284302
575.3,7.75,7.75,7.75005097641954,7.74997531849332,6.9338496516353,7.75258141077499,15.5001019528391,15.4999506369866,16.3664201657597,11.8013195697551
575.4,7.75,7.75,7.75005093842888,7.7499753304419,6.93384915509775,7.75258172692377,15.5001018768578,15.4999506608838,16.3664261353066,11.8013161132818
575.5,7.75,7.75,7.75005090047049,7.74997534238847,6.9338486589334,7.7525820428887,15.500101800941,15.4999506847769,16.3664321003775,11.8013126588324
575.6,7.75,7.75,7.75005086254092,7.74997535433324,6.93384816310269,7.75258235868921,15.5001017250818,15.4999507086665,16.3664380614469,11.8013092061927
575.7,7.75,7.75,7.75005082464017,7.74997536627621,6.9338476676054,7.75258267432536,15.5001016492803,15.4999507325524,16.3664440185175,11.8013057553622
575.8,7.75,7.75,7.75005078676821,7.74997537821737,6.93384717244132,7.75258298979719,15.5001015735364,15.4999507564347,16.3664499715917,11.8013023063403
575.9,7.75,7.75,7.75005074893121,7.74997539015632,6.93384667768192,7.75258330506939,15.5001014978624,15.4999507803126,16.3664559198124,11.8012988595158
576,7.75,7.75,7.75005071112632,7.74997540209322,6.93384618329432,7.75258362015809,15.5001014222526,15.4999508041864,16.3664618635739,11.8012954147109
576.1,7.75,7.75,7.75005067335014,7.7499754140283,6.93384568923907,7.7525839350827,15.5001013467003,15.4999508280566,16.3664678033493,11.8012919717122
576.2,7.75,7.75,7.75005063560264,7.74997542596153,6.93384519551597,7.75258424984328,15.5001012712053,15.4999508519231,16.366473739141,11.801288530519
576.3,7.75,7.75,7.7500505978838,7.74997543789293,6.9338447021248,7.75258456443987,15.5001011957676,15.4999508757859,16.3664796709515,11.8012850911306
576.4,7.75,7.75,7.75005056019976,7.74997544982207,6.93384420913677,7.75258487883722,15.5001011203995,15.4999508996441,16.3664855979269,11.8012816539352
576.5,7.75,7.75,7.75005052254769,7.74997546174914,6.93384371651912,7.75258519305144,15.5001010450954,15.4999509234983,16.3664915204602,11.8012782187553
576.6,7.75,7.75,7.75005048492419,7.74997547367435,6.93384322423255,7.75258550710189,15.5001009698484,15.4999509473487,16.3664974390225,11.8012747853779
576.7,7.75,7.75,7.75005044732925,7.74997548559769,6.93384273227686,7.75258582098863,15.5001008946585,15.4999509711954,16.3665033536162,11.8012713538023
576.8,7.75,7.75,7.75005040976284,7.74997549751915,6.93384224065184,7.75258613471172,15.5001008195257,15.4999509950383,16.3665092642439,11.8012679240278
576.9,7.75,7.75,7.75005037223107,7.74997550943833,6.93384174942843,7.75258644823596,15.5001007444621,15.4999510188767,16.3665151700549,11.8012644964418
577,7.75,7.75,7.75005033473113,7.7499755213554,6.93384125857397,7.75258676157743,15.5001006694623,15.4999510427108,16.3665210714406,11.8012610708672
577.1,7.75,7.75,7.75005029725964,7.74997553327057,6.93384076804933,7.75258707475547,15.5001005945193,15.4999510665411,16.3665269688704,11.8012576470913
577.2,7.75,7.75,7.75005025981657,7.74997554518384,6.93384027785432,7.75258738777012,15.5001005196331,15.4999510903677,16.3665328623467,11.8012542251136
577.3,7.75,7.75,7.7500502224019,7.74997555709521,6.93383978798871,7.75258770062144,15.5001004448038,15.4999511141904,16.3665387518721,11.8012508049334
577.4,7.75,7.75,7.75005018502172,7.74997556900425,6.93383929852317,7.75258801327432,15.5001003700434,15.4999511380085,16.3665446365991,11.801247386937
577.5,7.75,7.75,7.75005014767323,7.74997558091115,6.93383880942518,7.7525883257448,15.5001002953465,15.4999511618223,16.3665505169176,11.801243970948
577.6,7.75,7.75,7.75005011035305,7.74997559281612,6.93383832065575,7.75258863805216,15.5001002207061,15.4999511856322,16.3665563932952,11.8012405567541
577.7,7.75,7.75,7.75005007306117,7.74997560471916,6.93383783221469,7.75258895019647,15.5001001461223,15.4999512094383,16.3665622657344,11.8012371443545
577.8,7.75,7.75,7.75005003579756,7.74997561662027,6.93383734410177,7.75258926217777,15.5001000715951,15.4999512332405,16.3665681342377,11.8012337337487
577.9,7.75,7.75,7.75004999856828,7.74997562851901,6.93383685638741,7.75258957396103,15.5000999971366,15.499951257038,16.3665739979607,11.8012303253224
578,7.75,7.75,7.75004996137055,7.74997564041558,6.93383636903919,7.75258988556225,15.5000999227411,15.4999512808312,16.3665798572921,11.8012269188993
578.1,7.75,7.75,7.75004992420101,7.74997565231019,6.93383588201828,7.75259019700069,15.500099848402,15.4999513046204,16.3665857126975,11.8012235142675
578.2,7.75,7.75,7.75004988705963,7.74997566420283,6.93383539532448,7.7525905082764,15.5000997741193,15.4999513284057,16.3665915641794,11.8012201114264
578.3,7.75,7.75,7.75004984994641,7.74997567609352,6.93383490895758,7.75259081938943,15.5000996998928,15.499951352187,16.3665974117404,11.8012167103754
578.4,7.75,7.75,7.75004981286736,7.7499756879818,6.93383442298771,7.75259113030481,15.5000996257347,15.4999513759636,16.3666032545392,11.8012133114993
578.5,7.75,7.75,7.75004977581971,7.74997569986787,6.93383393738259,7.75259144103852,15.5000995516394,15.4999513997357,16.3666090929631,11.8012099146223
578.6,7.75,7.75,7.75004973880013,7.74997571175195,6.93383345210353,7.75259175160978,15.5000994776003,15.4999514235039,16.366614927476,11.8012065195329
578.7,7.75,7.75,7.75004970180858,7.74997572363405,6.93383296715034,7.75259206201864,15.5000994036172,15.4999514472681,16.3666207580802,11.8012031262305
578.8,7.75,7.75,7.75004966484506,7.74997573551414,6.9338324825228,7.75259237226515,15.5000993296901,15.4999514710283,16.3666265847784,11.8011997347146
578.9,7.75,7.75,7.75004962791556,7.74997574739181,6.93383199829077,7.7525926823144,15.5000992558311,15.4999514947836,16.3666324067325,11.801196345369
579,7.75,7.75,7.75004959101732,7.74997575926722,6.93383151442211,7.75259299218236,15.5000991820346,15.4999515185344,16.3666382243283,11.8011929580184
579.1,7.75,7.75,7.75004955414702,7.74997577114062,6.93383103087827,7.7525933018882,15.500099108294,15.4999515422812,16.3666440380278,11.8011895724517
579.2,7.75,7.75,7.75004951730464,7.749975783012,6.93383054765905,7.75259361143195,15.5000990346093,15.499951566024,16.3666498478337,11.8011861886682
579.3,7.75,7.75,7.75004948049015,7.74997579488135,6.93383006476424,7.75259392081369,15.5000989609803,15.4999515897627,16.3666556537482,11.8011828066675
579.4,7.75,7.75,7.75004944370953,7.74997580674824,6.93382958226343,7.75259422999857,15.5000988874191,15.4999516134965,16.3666614549367,11.8011794268327
579.5,7.75,7.75,7.75004940696003,7.74997581861284,6.93382910012461,7.75259453900252,15.5000988139201,15.4999516372257,16.3666672517834,11.8011760489887
579.6,7.75,7.75,7.75004937023834,7.7499758304754,6.93382861830937,7.75259484784467,15.5000987404767,15.4999516609508,16.3666730447487,11.8011726729249
579.7,7.75,7.75,7.75004933354444,7.74997584233591,6.93382813681752,7.75259515652508,15.5000986670889,15.4999516846718,16.3666788338349,11.8011692986406
579.8,7.75,7.75,7.75004929687831,7.74997585419436,6.93382765564884,7.75259546504379,15.5000985937566,15.4999517083887,16.3666846190447,11.8011659261354
579.9,7.75,7.75,7.75004926024591,7.74997586605031,6.93382717487267,7.75259577336606,15.5000985204918,15.4999517321006,16.3666903995464,11.8011625557916
580,7.75,7.75,7.75004922364448,7.74997587790394,6.9338266944571,7.75259608150776,15.500098447289,15.4999517558079,16.3666961757227,11.8011591874344
580.1,7.75,7.75,7.75004918707073,7.7499758897555,6.93382621436388,7.75259638948798,15.5000983741415,15.499951779511,16.3667019480322,11.8011558208537
580.2,7.75,7.75,7.75004915052466,7.74997590160498,6.93382573459282,7.75259669730679,15.5000983010493,15.49995180321,16.3667077164775,11.8011524560488
580.3,7.75,7.75,7.75004911400623,7.74997591345238,6.93382525514371,7.75259700496424,15.5000982280125,15.4999518269048,16.3667134810611,11.8011490930193
580.4,7.75,7.75,7.75004907752136,7.74997592529724,6.9338247760856,7.75259731242564,15.5000981550427,15.4999518505945,16.3667192409543,11.8011457321466
580.5,7.75,7.75,7.75004904106734,7.74997593713975,6.93382429738672,7.75259761970684,15.5000980821347,15.4999518742795,16.3667249965386,11.8011423732565
580.6,7.75,7.75,7.75004900464088,7.74997594898015,6.93382381900898,7.7525979268269,15.5000980092818,15.4999518979603,16.3667307482708,11.8011390161391
580.7,7.75,7.75,7.75004896824196,7.74997596081846,6.93382334095215,7.75259823378587,15.5000979364839,15.4999519216369,16.3667364961534,11.8011356607938
580.8,7.75,7.75,7.75004893187056,7.74997597265464,6.93382286321606,7.7525985405838,15.5000978637411,15.4999519453093,16.3667422401888,11.8011323072202
580.9,7.75,7.75,7.75004889553258,7.74997598448826,6.93382238586948,7.75259884718609,15.5000977910652,15.4999519689765,16.3667479795518,11.8011289557989
581,7.75,7.75,7.7500488592253,7.74997599631949,6.93382190888077,7.75259915360854,15.5000977184506,15.499951992639,16.366753714622,11.8011256063559
581.1,7.75,7.75,7.75004882294546,7.74997600814859,6.93382143221196,7.75259945987019,15.5000976458909,15.4999520162972,16.3667594458549,11.801122258682
581.2,7.75,7.75,7.75004878669304,7.74997601997556,6.93382095586286,7.75259976597108,15.5000975733861,15.4999520399511,16.3667651732527,11.8011189127766
581.3,7.75,7.75,7.75004875046801,7.74997603180039,6.93382047983327,7.75260007191126,15.500097500936,15.4999520636008,16.3667708968179,11.801115568639
581.4,7.75,7.75,7.75004871427626,7.74997604362261,6.93382000419171,7.75260037765619,15.5000974285525,15.4999520872452,16.3667766157283,11.8011122266493
581.5,7.75,7.75,7.75004867811507,7.74997605544242,6.93381952890666,7.75260068322167,15.5000973562301,15.4999521108848,16.3667823303624,11.8011088866337
581.6,7.75,7.75,7.75004864198119,7.74997606726006,6.93381905394029,7.75260098862666,15.5000972839624,15.4999521345201,16.3667880411735,11.8011055483835
581.7,7.75,7.75,7.75004860587461,7.74997607907555,6.93381857929242,7.75260129387122,15.5000972117492,15.4999521581511,16.3667937481641,11.801102211898
581.8,7.75,7.75,7.7500485697953,7.74997609088886,6.93381810496283,7.75260159895541,15.5000971395906,15.4999521817777,16.3667994513366,11.8010988771766
581.9,7.75,7.75,7.75004853374912,7.74997610269954,6.93381763101981,7.75260190384475,15.5000970674982,15.4999522053991,16.366805149872,11.8010955445986
582,7.75,7.75,7.75004849773335,7.74997611450777,6.93381715743193,7.752602208555,15.5000969954667,15.4999522290155,16.3668108441472,11.8010922139906
582.1,7.75,7.75,7.75004846174479,7.74997612631381,6.93381668416154,7.7526025131051,15.5000969234896,15.4999522526276,16.3668165346139,11.8010888851442
582.2,7.75,7.75,7.75004842578339,7.74997613811767,6.93381621120842,7.75260281749509,15.5000968515668,15.4999522762353,16.3668222212746,11.8010855580589
582.3,7.75,7.75,7.75004838984915,7.74997614991932,6.93381573857238,7.75260312172505,15.5000967796983,15.4999522998386,16.3668279041317,11.8010822327339
582.4,7.75,7.75,7.75004835394788,7.7499761617183,6.93381526632144,7.75260342576056,15.5000967078958,15.4999523234366,16.3668335823692,11.8010789095478
582.5,7.75,7.75,7.7500483180769,7.74997617351481,6.9338147944243,7.75260372961734,15.5000966361538,15.4999523470296,16.3668392563626,11.8010755883275
582.6,7.75,7.75,7.75004828223299,7.74997618530911,6.93381432284342,7.75260403331431,15.500096564466,15.4999523706182,16.3668449265619,11.8010722688651
582.7,7.75,7.75,7.75004824641614,7.74997619710118,6.93381385157862,7.7526043368515,15.5000964928323,15.4999523942024,16.3668505929696,11.80106895116
582.8,7.75,7.75,7.75004821062631,7.74997620889103,6.9338133806297,7.75260464022899,15.5000964212526,15.4999524177821,16.3668562555881,11.8010656352116
582.9,7.75,7.75,7.75004817486931,7.74997622067817,6.93381291006441,7.75260494341243,15.5000963497386,15.4999524413563,16.3668619136045,11.8010623213975
583,7.75,7.75,7.75004813914246,7.74997623246281,6.93381243985157,7.75260524641751,15.5000962782849,15.4999524649256,16.3668675673929,11.801059009545
583.1,7.75,7.75,7.75004810344256,7.74997624424521,6.9338119699538,7.75260554926311,15.5000962068851,15.4999524884904,16.3668732174016,11.8010556994467
583.2,7.75,7.75,7.75004806776959,7.74997625602536,6.93381150037091,7.75260585194926,15.5000961355392,15.4999525120507,16.366878863633,11.801052391102
583.3,7.75,7.75,7.75004803212354,7.74997626780326,6.93381103110269,7.75260615447603,15.5000960642471,15.4999525356065,16.3668845060895,11.8010490845103
583.4,7.75,7.75,7.75004799651016,7.74997627957842,6.93381056221665,7.75260645680917,15.5000959930203,15.4999525591568,16.3668901439613,11.8010457800484
583.5,7.75,7.75,7.7500479609268,7.74997629135104,6.93381009368172,7.75260675896432,15.5000959218536,15.4999525827021,16.366895777621,11.8010424775439
583.6,7.75,7.75,7.75004792537027,7.7499763031214,6.93380962546067,7.7526070609603,15.5000958507405,15.4999526062428,16.3669014075154,11.8010391767899
583.7,7.75,7.75,7.75004788984055,7.74997631488949,6.93380915755329,7.75260736279718,15.5000957796811,15.499952629779,16.3669070336468,11.8010358777857
583.8,7.75,7.75,7.75004785433762,7.7499763266553,6.9338086899594,7.75260766447501,15.5000957086752,15.4999526533106,16.3669126560175,11.8010325805308
583.9,7.75,7.75,7.75004781886722,7.74997633841833,6.93380822274623,7.7526079659596,15.5000956377344,15.4999526768367,16.3669182738209,11.8010292854011
584,7.75,7.75,7.7500477834267,7.7499763501788,6.93380775588284,7.75260826726658,15.5000955668534,15.4999527003576,16.3669238874282,11.8010259922247
584.1,7.75,7.75,7.7500477480129,7.74997636193697,6.93380728933213,7.75260856841473,15.5000954960258,15.4999527238739,16.3669294972843,11.8010227007951
584.2,7.75,7.75,7.75004771262578,7.74997637369285,6.93380682309392,7.7526088694041,15.5000954252516,15.4999527473857,16.3669351033917,11.8010194111116
584.3,7.75,7.75,7.75004767726534,7.74997638544642,6.93380635716799,7.75260917023475,15.5000953545307,15.4999527708928,16.3669407057527,11.8010161231735
584.4,7.75,7.75,7.75004764193728,7.74997639719719,6.93380589162135,7.75260947087257,15.5000952838746,15.4999527943944,16.3669463035635,11.8010128373562
584.5,7.75,7.75,7.75004760663897,7.74997640894536,6.93380542642316,7.75260977133314,15.5000952132779,15.4999528178907,16.3669518971941,11.8010095534881
584.6,7.75,7.75,7.75004757136725,7.74997642069122,6.93380496153647,7.75261007163521,15.5000951427345,15.4999528413824,16.3669574870877,11.8010062713629
584.7,7.75,7.75,7.75004753612211,7.74997643243475,6.93380449696108,7.75261037177884,15.5000950722442,15.4999528648695,16.3669630732468,11.8010029909802
584.8,7.75,7.75,7.75004750090351,7.74997644417595,6.93380403269679,7.75261067176409,15.500095001807,15.4999528883519,16.3669686556735,11.8009997123392
584.9,7.75,7.75,7.75004746571716,7.7499764559143,6.93380356881035,7.75261097155689,15.5000949314343,15.4999529118286,16.3669742335674,11.8009964358143
585,7.75,7.75,7.75004743056042,7.74997646765005,6.93380310527104,7.75261127117283,15.5000948611208,15.4999529353001,16.3669798072968,11.8009931612345
585.1,7.75,7.75,7.75004739543016,7.74997647938344,6.93380264204204,7.7526115706306,15.5000947908603,15.4999529587669,16.3669853773034,11.8009898883939
585.2,7.75,7.75,7.75004736032634,7.74997649111448,6.93380217912317,7.75261186993025,15.5000947206527,15.499952982229,16.3669909435894,11.800986617292
585.3,7.75,7.75,7.75004732524897,7.74997650284317,6.93380171651423,7.75261216907186,15.5000946504979,15.4999530056863,16.3669965061573,11.8009833479281
585.4,7.75,7.75,7.75004729020368,7.74997651456898,6.93380125428169,7.75261246802143,15.5000945804074,15.499953029138,16.3670020642094,11.8009800806759
585.5,7.75,7.75,7.75004725518789,7.74997652629215,6.93380079239497,7.75261276679449,15.5000945103758,15.4999530525843,16.3670076181128,11.8009768153645
585.6,7.75,7.75,7.75004722019844,7.74997653801294,6.93380033081739,7.75261306540972,15.5000944403969,15.4999530760259,16.3670131683074,11.8009735517886
585.7,7.75,7.75,7.75004718523533,7.74997654973136,6.93379986954876,7.75261336386718,15.5000943704707,15.4999530994627,16.3670187147955,11.8009702899476
585.8,7.75,7.75,7.75004715029854,7.7499765614474,6.93379940858888,7.75261366216691,15.5000943005971,15.4999531228948,16.3670242575796,11.8009670298409
585.9,7.75,7.75,7.7500471153937,7.74997657316054,6.93379894800398,7.75261396027501,15.5000942307874,15.4999531463211,16.3670297958649,11.8009637718414
586,7.75,7.75,7.75004708051822,7.749976584871,6.93379848776358,7.75261425820698,15.5000941610364,15.499953169742,16.3670353300171,11.8009605157784
586.1,7.75,7.75,7.75004704566897,7.74997659657906,6.93379802783116,7.75261455598144,15.5000940913379,15.4999531931581,16.3670408604745,11.8009572614473
586.2,7.75,7.75,7.75004701084593,7.74997660828472,6.93379756820651,7.75261485359846,15.5000940216919,15.4999532165694,16.3670463872395,11.8009540088474
586.3,7.75,7.75,7.7500469760491,7.74997661998797,6.93379710888944,7.75261515105809,15.5000939520982,15.4999532399759,16.3670519103144,11.800950757978
586.4,7.75,7.75,7.75004694128407,7.7499766316883,6.93379664994593,7.75261544832649,15.5000938825681,15.4999532633766,16.3670574289074,11.8009475092112
586.5,7.75,7.75,7.75004690654827,7.74997664338591,6.93379619134563,7.75261574541914,15.5000938130965,15.4999532867718,16.367062943383,11.8009442623768
586.6,7.75,7.75,7.75004687183859,7.74997665508111,6.93379573305213,7.75261604235461,15.5000937436772,15.4999533101622,16.3670684541778,11.8009410172705
586.7,7.75,7.75,7.75004683715501,7.74997666677388,6.93379527506523,7.75261633913297,15.50009367431,15.4999533335478,16.3670739612941,11.8009377738916
586.8,7.75,7.75,7.75004680249751,7.74997667846422,6.93379481738476,7.75261663575427,15.500093604995,15.4999533569284,16.3670794647341,11.8009345322396
586.9,7.75,7.75,7.75004676787168,7.74997669015159,6.93379436007643,7.75261693218475,15.5000935357434,15.4999533803032,16.3670849637093,11.8009312926856
587,7.75,7.75,7.75004673327494,7.74997670183624,6.93379390310999,7.75261722843984,15.5000934665499,15.4999534036725,16.3670904585825,11.8009280550599
587.1,7.75,7.75,7.7500466987042,7.74997671351843,6.9337934464492,7.75261752453809,15.5000933974084,15.4999534270369,16.3670959497888,11.8009248191585
587.2,7.75,7.75,7.75004666415945,7.74997672519818,6.93379299009386,7.75261782047956,15.5000933283189,15.4999534503964,16.3671014373305,11.8009215849808
587.3,7.75,7.75,7.75004662964066,7.74997673687547,6.93379253404378,7.7526181162643,15.5000932592813,15.4999534737509,16.3671069212098,11.8009183525262
587.4,7.75,7.75,7.7500465951534,7.74997674854977,6.93379207836443,7.75261841185862,15.5000931903068,15.4999534970995,16.367112400641,11.8009151221651
587.5,7.75,7.75,7.75004656069511,7.7499767602213,6.93379162302569,7.75261870727793,15.5000931213902,15.4999535204426,16.3671178759859,11.8009118937281
587.6,7.75,7.75,7.7500465262627,7.74997677189037,6.93379116799144,7.75261900254074,15.5000930525254,15.4999535437807,16.3671233476775,11.8009086670116
587.7,7.75,7.75,7.75004649185616,7.74997678355696,6.93379071326147,7.7526192976471,15.5000929837123,15.4999535671139,16.3671288157184,11.8009054420152
587.8,7.75,7.75,7.75004645747546,7.74997679522107,6.93379025883561,7.75261959259706,15.5000929149509,15.4999535904421,16.3671342801107,11.8009022187381
587.9,7.75,7.75,7.75004642312616,7.74997680688216,6.93378980477908,7.752619887357,15.5000928462523,15.4999536137643,16.3671397400718,11.8008989975499
588,7.75,7.75,7.75004638880569,7.74997681854047,6.93378935106187,7.75262018194231,15.5000927776114,15.4999536370809,16.3671451959618,11.8008957782816
588.1,7.75,7.75,7.75004635451099,7.74997683019628,6.93378889764799,7.75262047637144,15.500092709022,15.4999536603926,16.3671506482125,11.8008925607302
588.2,7.75,7.75,7.75004632024204,7.74997684184959,6.93378844453725,7.75262077064446,15.5000926404841,15.4999536836992,16.367156096826,11.8008893448951
588.3,7.75,7.75,7.75004628599883,7.7499768535004,6.93378799172946,7.75262106476141,15.5000925719977,15.4999537070008,16.3671615418048,11.8008861307755
588.4,7.75,7.75,7.75004625178687,7.74997686514815,6.93378753928962,7.75262135868875,15.5000925035737,15.4999537302963,16.3671669823691,11.8008829187403
588.5,7.75,7.75,7.75004621760361,7.74997687679309,6.9337870871878,7.75262165244182,15.5000924352072,15.4999537535862,16.3671724188776,11.8008797086209
588.6,7.75,7.75,7.75004618344601,7.74997688843552,6.93378663538817,7.75262194603906,15.500092366892,15.499953776871,16.3671778517605,11.8008765002145
588.7,7.75,7.75,7.75004614931405,7.74997690007542,6.93378618389053,7.75262223948051,15.5000922986281,15.4999538001508,16.36718328102,11.8008732935207
588.8,7.75,7.75,7.7500461152077,7.74997691171279,6.9337857326947,7.75262253276623,15.5000922304154,15.4999538234256,16.3671887066585,11.8008700885387
588.9,7.75,7.75,7.75004608113247,7.74997692334708,6.93378528186541,7.75262282586275,15.5000921622649,15.4999538466942,16.367194127899,11.8008668856366
589,7.75,7.75,7.75004604708581,7.74997693497854,6.93378483137288,7.75262311878537,15.5000920941716,15.4999538699571,16.3671995450991,11.800863684646
589.1,7.75,7.75,7.7500460130647,7.74997694660745,6.93378438118139,7.75262341155248,15.5000920261294,15.4999538932149,16.3672049586872,11.8008604853648
589.2,7.75,7.75,7.75004597906911,7.74997695823382,6.93378393129075,7.75262370416414,15.5000919581382,15.4999539164676,16.3672103686656,11.8008572877924
589.3,7.75,7.75,7.75004594509903,7.74997696985763,6.93378348170078,7.75262399662041,15.5000918901981,15.4999539397153,16.3672157750365,11.800854091928
589.4,7.75,7.75,7.75004591115992,7.74997698147834,6.93378303247597,7.75262428888788,15.5000918223198,15.4999539629567,16.3672211770261,11.800850898139
589.5,7.75,7.75,7.75004587724925,7.74997699309619,6.93378258358664,7.75262458098182,15.5000917544985,15.4999539861924,16.3672265749904,11.8008477062573
589.6,7.75,7.75,7.75004584336402,7.74997700471146,6.93378213499721,7.75262487292059,15.500091686728,15.4999540094229,16.3672319693564,11.8008445160812
589.7,7.75,7.75,7.7500458095042,7.74997701632417,6.9337816867075,7.75262516470424,15.5000916190084,15.4999540326483,16.3672373601262,11.8008413276102
589.8,7.75,7.75,7.75004577566977,7.7499770279343,6.93378123871732,7.75262545633283,15.5000915513395,15.4999540558686,16.3672427473022,11.8008381408436
589.9,7.75,7.75,7.75004574186618,7.7499770395413,6.93378079109092,7.75262574777302,15.5000914837324,15.4999540790826,16.3672481301133,11.8008349561476
590,7.75,7.75,7.75004570809091,7.74997705114541,6.93378034379873,7.75262603904006,15.5000914161818,15.4999541022908,16.3672535089143,11.8008317733549
590.1,7.75,7.75,7.75004567434095,7.74997706274693,6.93377989680532,7.75262633015226,15.5000913486819,15.4999541254939,16.3672588841305,11.8008285922641
590.2,7.75,7.75,7.75004564061629,7.74997707434585,6.93377945011048,7.75262662110968,15.5000912812326,15.4999541486917,16.3672642557641,11.8008254128745
590.3,7.75,7.75,7.75004560691692,7.74997708594218,6.93377900371404,7.75262691191237,15.5000912138338,15.4999541718844,16.3672696238173,11.8008222351855
590.4,7.75,7.75,7.75004557324824,7.74997709753535,6.93377855768002,7.75262720252707,15.5000911464965,15.4999541950707,16.3672749875222,11.8008190595628
590.5,7.75,7.75,7.75004553960775,7.7499771091256,6.93377811197894,7.75262749296899,15.5000910792155,15.4999542182512,16.367280347232,11.800815885839
590.6,7.75,7.75,7.75004550599248,7.74997712071324,6.9337776665755,7.7526277832564,15.500091011985,15.4999542414265,16.3672857033705,11.8008127138134
590.7,7.75,7.75,7.75004547240238,7.74997713229827,6.93377722146952,7.75262807338937,15.5000909448048,15.4999542645965,16.3672910559398,11.8008095434853
590.8,7.75,7.75,7.75004543883746,7.74997714388067,6.93377677666081,7.75262836336793,15.5000908776749,15.4999542877613,16.3672964049423,11.8008063748541
590.9,7.75,7.75,7.75004540530309,7.74997715545989,6.93377633221314,7.75262865315892,15.5000908106062,15.4999543109198,16.3673017496128,11.8008032082846
591,7.75,7.75,7.7500453717968,7.74997716703616,6.93377588809716,7.75262894277749,15.5000907435936,15.4999543340723,16.3673070903032,11.8008000436099
591.1,7.75,7.75,7.7500453383156,7.7499771786098,6.9337754442777,7.7526292322419,15.5000906766312,15.4999543572196,16.3673124274358,11.8007968806295
591.2,7.75,7.75,7.75004530485948,7.74997719018081,6.93377500075457,7.75262952155219,15.500090609719,15.4999543803616,16.3673177610126,11.800793719343
591.3,7.75,7.75,7.75004527142841,7.74997720174917,6.93377455752759,7.75262981070841,15.5000905428568,15.4999544034983,16.367323091036,11.8007905597495
591.4,7.75,7.75,7.75004523802776,7.74997721331431,6.93377411466029,7.75263009967746,15.5000904760555,15.4999544266286,16.3673284167437,11.8007874022132
591.5,7.75,7.75,7.75004520465506,7.74997722487649,6.93377367212343,7.75263038847447,15.5000904093101,15.499954449753,16.3673337384863,11.8007842465675
591.6,7.75,7.75,7.75004517130735,7.74997723643602,6.93377322988197,7.75263067711765,15.5000903426147,15.499954472872,16.3673390566844,11.8007810926125
591.7,7.75,7.75,7.7500451379846,7.74997724799288,6.93377278793572,7.75263096560704,15.5000902759692,15.4999544959858,16.3673443713401,11.8007779403475
591.8,7.75,7.75,7.75004510468679,7.74997725954708,6.9337723462845,7.7526312539427,15.5000902093736,15.4999545190942,16.3673496824558,11.8007747897719
591.9,7.75,7.75,7.75004507141927,7.74997727109804,6.9337719049916,7.75263154209159,15.5000901428385,15.4999545421961,16.3673549892719,11.8007716412488
592,7.75,7.75,7.75004503817958,7.74997728264601,6.9337714640279,7.75263183006882,15.5000900763592,15.499954565292,16.3673602921379,11.8007684946122
592.1,7.75,7.75,7.75004500496475,7.7499772941913,6.93377102335848,7.75263211789255,15.5000900099295,15.4999545883826,16.3673655914727,11.8007653496625
592.2,7.75,7.75,7.75004497177478,7.74997730573391,6.93377058298316,7.75263240556283,15.5000899435496,15.4999546114678,16.3673708872785,11.800762206399
592.3,7.75,7.75,7.75004493860964,7.74997731727383,6.93377014290176,7.75263269307971,15.5000898772193,15.4999546345477,16.3673761795575,11.8007590648213
592.4,7.75,7.75,7.75004490547466,7.74997732881049,6.93376970317733,7.75263298041022,15.5000898109493,15.499954657621,16.3673814675531,11.8007559252915
592.5,7.75,7.75,7.75004487236738,7.74997734034413,6.93376926378085,7.75263326756945,15.5000897447348,15.4999546806883,16.3673867516134,11.800752787644
592.6,7.75,7.75,7.75004483928486,7.74997735187507,6.93376882467755,7.75263355457551,15.5000896785697,15.4999547037501,16.3673920321558,11.8007496516796
592.7,7.75,7.75,7.75004480622708,7.74997736340331,6.93376838586723,7.75263384142845,15.5000896124542,15.4999547268066,16.3673973091825,11.8007465173978
592.8,7.75,7.75,7.75004477319402,7.74997737492884,6.93376794734973,7.75263412812833,15.500089546388,15.4999547498577,16.3674025826956,11.8007433847979
592.9,7.75,7.75,7.75004474019099,7.74997738645108,6.93376750918785,7.75263441464225,15.500089480382,15.4999547729022,16.3674078519414,11.8007402542414
593,7.75,7.75,7.75004470721554,7.74997739797028,6.93376707135268,7.75263470098526,15.5000894144311,15.4999547959406,16.3674131172667,11.800737125563
593.1,7.75,7.75,7.75004467426473,7.74997740948676,6.93376663380959,7.75263498717543,15.5000893485295,15.4999548189735,16.3674183790873,11.800733998564
593.2,7.75,7.75,7.75004464133856,7.74997742100052,6.93376619655838,7.75263527321282,15.5000892826771,15.499954842001,16.3674236374053,11.8007308732438
593.3,7.75,7.75,7.750044608437,7.74997743251155,6.93376575959887,7.75263555909748,15.500089216874,15.4999548650231,16.367428892223,11.8007277496018
593.4,7.75,7.75,7.75004457556534,7.74997744401925,6.93376532299365,7.75263584479659,15.5000891511307,15.4999548880385,16.3674341427894,11.8007246279987
593.5,7.75,7.75,7.75004454272113,7.7499774555239,6.93376488671391,7.75263613032516,15.5000890854423,15.4999549110478,16.3674393894501,11.8007215082694
593.6,7.75,7.75,7.75004450990146,7.7499774670258,6.93376445072515,7.75263641570122,15.5000890198029,15.4999549340516,16.3674446326192,11.8007183902158
593.7,7.75,7.75,7.75004447710631,7.74997747852496,6.93376401502717,7.75263670092484,15.5000889542126,15.4999549570499,16.3674498722989,11.8007152738373
593.8,7.75,7.75,7.75004444433567,7.74997749002138,6.93376357961979,7.75263698599606,15.5000888886713,15.4999549800428,16.3674551084914,11.8007121591332
593.9,7.75,7.75,7.75004441159478,7.74997750151444,6.93376314456537,7.75263727088214,15.5000888231896,15.4999550030289,16.3674603404485,11.8007090464634
594,7.75,7.75,7.75004437888123,7.74997751300442,6.9337627098352,7.75263755559805,15.5000887577625,15.4999550260088,16.3674655685146,11.8007059356633
594.1,7.75,7.75,7.75004434619212,7.74997752449164,6.9337622753949,7.75263784016179,15.5000886923842,15.4999550489833,16.3674707931022,11.8007028265352
594.2,7.75,7.75,7.75004431352741,7.7499775359761,6.9337618412443,7.75263812457341,15.5000886270548,15.4999550719522,16.3674760142135,11.8006997190783
594.3,7.75,7.75,7.75004428088711,7.74997754745778,6.93376140738321,7.75263840883298,15.5000885617742,15.4999550949156,16.3674812318506,11.8006966132922
594.4,7.75,7.75,7.75004424827643,7.7499775589361,6.93376097387373,7.75263869290781,15.5000884965529,15.4999551178722,16.3674864452684,11.8006935095358
594.5,7.75,7.75,7.75004421569296,7.74997757041131,6.93376054068729,7.75263897681284,15.5000884313859,15.4999551408226,16.3674916548096,11.8006904076449
594.6,7.75,7.75,7.75004418313382,7.74997758188373,6.93376010778964,7.75263926056604,15.5000883662676,15.4999551637675,16.3674968608855,11.8006873074222
594.7,7.75,7.75,7.75004415059899,7.74997759335337,6.93375967518058,7.75263954416746,15.500088301198,15.4999551867067,16.367502063498,11.800684208867
594.8,7.75,7.75,7.75004411808845,7.74997760482022,6.93375924285995,7.75263982761716,15.5000882361769,15.4999552096404,16.3675072626495,11.8006811119788
594.9,7.75,7.75,7.7500440856074,7.74997761628367,6.93375881088961,7.75264011088252,15.5000881712148,15.4999552325673,16.3675124575974,11.8006780171158
595,7.75,7.75,7.75004405315344,7.749977627744,6.93375837924109,7.75264039397846,15.5000881063069,15.499955255488,16.3675176486833,11.8006749241142
595.1,7.75,7.75,7.7500440207237,7.74997763920152,6.93375794788027,7.7526406769229,15.5000880414474,15.499955278403,16.3675228363168,11.800671832777
595.2,7.75,7.75,7.75004398831816,7.74997765065624,6.93375751680696,7.7526409597159,15.5000879766363,15.4999553013125,16.3675280205001,11.8006687431035
595.3,7.75,7.75,7.7500439559368,7.74997766210815,6.93375708602099,7.7526412423575,15.5000879118736,15.4999553242163,16.3675332012352,11.8006656550933
595.4,7.75,7.75,7.75004392358481,7.74997767355663,6.93375665558399,7.75264152481518,15.5000878471696,15.4999553471133,16.3675383777825,11.8006625691038
595.5,7.75,7.75,7.75004389125979,7.74997768500197,6.9337562254676,7.75264180710381,15.5000877825196,15.4999553700039,16.3675435504823,11.8006594849714
595.6,7.75,7.75,7.75004385895888,7.74997769644448,6.93375579563782,7.75264208924128,15.5000877179178,15.499955392889,16.3675487197426,11.8006564024997
595.7,7.75,7.75,7.75004382668206,7.74997770788417,6.93375536609447,7.75264237122763,15.5000876533641,15.4999554157683,16.3675538855656,11.800653321688
595.8,7.75,7.75,7.75004379442932,7.74997771932103,6.93375493683738,7.75264265306293,15.5000875888586,15.4999554386421,16.3675590479534,11.8006502425358
595.9,7.75,7.75,7.75004376220582,7.74997773075444,6.93375450792796,7.7526429347147,15.5000875244116,15.4999554615089,16.3675642061691,11.8006471653997
596,7.75,7.75,7.75004373000916,7.74997774218468,6.93375407933794,7.75264321619781,15.5000874600183,15.4999554843694,16.3675693605518,11.8006440901166
596.1,7.75,7.75,7.75004369783652,7.74997775361209,6.93375365103345,7.75264349753007,15.500087395673,15.4999555072242,16.3675745115078,11.8006410164904
596.2,7.75,7.75,7.75004366568785,7.74997776503664,6.93375322301432,7.75264377871157,15.5000873313757,15.4999555300733,16.3675796590394,11.8006379445205
596.3,7.75,7.75,7.75004363356316,7.74997777645834,6.93375279528036,7.75264405974234,15.5000872671263,15.4999555529167,16.3675848031487,11.8006348742064
596.4,7.75,7.75,7.75004360146757,7.74997778787658,6.93375236789276,7.75264434059,15.5000872029351,15.4999555757532,16.3675899431014,11.8006318059038
596.5,7.75,7.75,7.75004356939872,7.74997779929162,6.93375194082336,7.75264462126936,15.5000871387974,15.4999555985832,16.3675950792355,11.80062873945
596.6,7.75,7.75,7.75004353735377,7.74997781070381,6.93375151403842,7.75264490179823,15.5000870747075,15.4999556214076,16.3676002119558,11.8006256746494
596.7,7.75,7.75,7.7500435053327,7.74997782211312,6.93375108753777,7.75264518217665,15.5000870106654,15.4999556442262,16.3676053412646,11.8006226115013
596.8,7.75,7.75,7.75004347333549,7.74997783351957,6.93375066132122,7.75264546240468,15.500086946671,15.4999556670391,16.3676104671638,11.8006195500052
596.9,7.75,7.75,7.75004344136725,7.74997784492253,6.93375023544972,7.75264574245,15.5000868827345,15.4999556898451,16.3676155889221,11.8006164905162
597,7.75,7.75,7.75004340942564,7.74997785632227,6.93374980989523,7.7526460223274,15.5000868188513,15.4999557126445,16.367620706876,11.8006134328717
597.1,7.75,7.75,7.75004337750782,7.74997786771913,6.93374938462413,7.75264630205463,15.5000867550156,15.4999557354383,16.3676258214289,11.8006103768767
597.2,7.75,7.75,7.75004334561377,7.74997787911311,6.93374895963624,7.75264658163176,15.5000866912275,15.4999557582262,16.367630932583,11.8006073225305
597.3,7.75,7.75,7.75004331374349,7.7499778905042,6.93374853493139,7.75264686105884,15.500086627487,15.4999557810084,16.3676360403403,11.8006042698325
597.4,7.75,7.75,7.75004328190205,7.74997790189178,6.9337481105703,7.75264714030361,15.5000865638041,15.4999558037836,16.3676411439723,11.800601219137
597.5,7.75,7.75,7.75004325008711,7.74997791327612,6.93374768652502,7.75264741938083,15.5000865001742,15.4999558265522,16.3676462438141,11.8005981702819
597.6,7.75,7.75,7.75004321829586,7.74997792465755,6.93374726276207,7.75264769830822,15.5000864365917,15.4999558493151,16.3676513402676,11.8005951230725
597.7,7.75,7.75,7.75004318652828,7.74997793603609,6.93374683928127,7.75264797708584,15.5000863730566,15.4999558720722,16.3676564333351,11.8005920775082
597.8,7.75,7.75,7.75004315478435,7.74997794741172,6.93374641608244,7.75264825571375,15.5000863095687,15.4999558948234,16.3676615230185,11.8005890335884
597.9,7.75,7.75,7.75004312306915,7.74997795878382,6.93374599322608,7.75264853415975,15.5000862461383,15.4999559175676,16.3676666085919,11.8005859916665
598,7.75,7.75,7.75004309138033,7.74997797015265,6.93374557068434,7.75264881243857,15.5000861827607,15.4999559403053,16.3676716903894,11.8005829515808
598.1,7.75,7.75,7.75004305971509,7.74997798151857,6.93374514842388,7.75264909056791,15.5000861194302,15.4999559630371,16.3676767688114,11.8005799131371
598.2,7.75,7.75,7.75004302807342,7.74997799288157,6.9337447264445,7.7526493685478,15.5000860561468,15.4999559857631,16.3676818438599,11.8005768763348
598.3,7.75,7.75,7.7500429964553,7.74997800424164,6.93374430474603,7.75264964637831,15.5000859929106,15.4999560084833,16.367686915537,11.8005738411732
598.4,7.75,7.75,7.75004296486577,7.74997801559816,6.93374388338875,7.75264992402733,15.5000859297315,15.4999560311963,16.3676919831195,11.8005708080049
598.5,7.75,7.75,7.75004293330251,7.74997802695139,6.93374346234491,7.75265020150955,15.500085866605,15.4999560539028,16.3676970469403,11.8005677766687
598.6,7.75,7.75,7.75004290176274,7.74997803830169,6.93374304158128,7.75265047884261,15.5000858035255,15.4999560766034,16.367702107398,11.8005647469707
598.7,7.75,7.75,7.75004287024642,7.74997804964905,6.93374262109769,7.75265075602656,15.5000857404928,15.4999560992981,16.367707164495,11.8005617189103
598.8,7.75,7.75,7.75004283875355,7.74997806099347,6.93374220089395,7.75265103306146,15.5000856775071,15.4999561219869,16.3677122182332,11.8005586924869
598.9,7.75,7.75,7.75004280728915,7.74997807233431,6.93374178103012,7.75265130991528,15.5000856145783,15.4999561446686,16.3677172678922,11.8005556680523
599,7.75,7.75,7.7500427758509,7.74997808367185,6.93374136147855,7.75265158660267,15.5000855517018,15.4999561673437,16.3677223138034,11.8005526454456
599.1,7.75,7.75,7.75004274443603,7.74997809500643,6.93374094220614,7.75265186314123,15.5000854888721,15.4999561900129,16.3677273563642,11.8005496244734
599.2,7.75,7.75,7.75004271304452,7.74997810633805,6.93374052321272,7.75265213953102,15.500085426089,15.4999562126761,16.3677323955768,11.800546605135
599.3,7.75,7.75,7.75004268167635,7.74997811766672,6.93374010449811,7.7526524157721,15.5000853633527,15.4999562353334,16.3677374314432,11.8005435874299
599.4,7.75,7.75,7.75004265033652,7.74997812899178,6.93373968612211,7.7526526918325,15.500085300673,15.4999562579836,16.3677424632456,11.8005405717091
599.5,7.75,7.75,7.75004261902274,7.74997814031352,6.93373926805722,7.75265296772685,15.5000852380455,15.499956280627,16.3677474913142,11.8005375578119
599.6,7.75,7.75,7.75004258773147,7.74997815163239,6.93373885026146,7.7526532434775,15.5000851754629,15.4999563032648,16.3677525161527,11.8005345454929
599.7,7.75,7.75,7.750042556465,7.74997816294809,6.93373843276204,7.75265351906989,15.50008511293,15.4999563258962,16.3677575374347,11.8005315349119
599.8,7.75,7.75,7.75004252522278,7.74997817426067,6.93373801555245,7.75265379450743,15.5000850504456,15.4999563485213,16.3677625552381,11.8005285260313
599.9,7.75,7.75,7.75004249400479,7.74997818557015,6.9337375986325,7.75265406979021,15.5000849880096,15.4999563711403,16.3677675695654,11.8005255188504
600,7.75,7.75,7.750042462811,7.74997819687651,6.93373718200197,7.75265434491828,15.500084925622,15.499956393753,16.367772580419,11.8005225133684
